scenario_id,K,train_samples_per_user,top1_mean,top1_std,top3_mean,top3_std,top5_mean,top5_std,n_features_mean,n_features_std,n_observations,baseline_top1_mean,baseline_top1_std,baseline_top3_mean,baseline_top5_mean
1.1,1,1,0.2975106253794778,0.06393017473879674,0.5434122647237402,0.06360598921102305,0.676381299332119,0.05034201603425071,167.33333333333334,10.557534677259573,27,0.8233151183970856,0.050901641036471136,0.9520340012143291,0.9842137219186399
1.1,2,1,0.36733454766241647,0.07969865246247407,0.6363084395871281,0.08627243943933942,0.7534911961141469,0.06902660399013053,193.88888888888889,11.751704731763986,27,0.8233151183970856,0.050901641036471136,0.9520340012143291,0.9842137219186399
1.1,3,1,0.39222829386763813,0.06182973566221122,0.6605950212507589,0.0660159766166037,0.7795992714025501,0.04710486867217674,206.33333333333334,11.428708790383308,27,0.8233151183970856,0.050901641036471136,0.9520340012143291,0.9842137219186399
1.1,4,1,0.4395871281117183,0.08579185887701626,0.697632058287796,0.08761540178817442,0.8227079538554948,0.07471540516453604,243.33333333333334,48.45934060950161,27,0.8233151183970856,0.050901641036471136,0.9520340012143291,0.9842137219186399
1.1,5,1,0.5330904675166971,0.07364713946146362,0.8026715239829995,0.06074283673226315,0.8919247115968427,0.041982593744079186,314.3333333333333,43.07417573656652,27,0.8233151183970856,0.050901641036471136,0.9520340012143291,0.9842137219186399
1.1,6,1,0.5379477838494232,0.07014888246419823,0.8051001821493625,0.05328273014708979,0.8961748633879781,0.0377679171043428,322.3333333333333,36.63541791973781,27,0.8233151183970856,0.050901641036471136,0.9520340012143291,0.9842137219186399
1.1,7,1,0.5664845173041895,0.05684919022132581,0.8251366120218578,0.044780027502054696,0.9107468123861566,0.024625167744223325,330.6666666666667,31.57774289200934,27,0.8233151183970856,0.050901641036471136,0.9520340012143291,0.9842137219186399
1.1,8,1,0.5925925925925926,0.05316044764873406,0.8457802064359441,0.04222808149549954,0.9168184578020644,0.030134150383367957,356.0,6.793662204867571,27,0.8233151183970856,0.050901641036471136,0.9520340012143291,0.9842137219186399
1.1,9,1,0.6120218579234973,0.053989343325618264,0.8439587128111719,0.03947287992860135,0.922890103217972,0.029401099898272904,361.55555555555554,9.303983155837212,27,0.8233151183970856,0.050901641036471136,0.9520340012143291,0.9842137219186399
1.1,10,1,0.6102003642987249,0.05150723374571981,0.8469945355191256,0.04636765778272441,0.9277474195506983,0.022851188565832993,366.44444444444446,7.806965988699961,27,0.8233151183970856,0.050901641036471136,0.9520340012143291,0.9842137219186399
1.1,11,1,0.6138433515482695,0.04861663787011693,0.8476017000607164,0.04565209025364787,0.9253187613843351,0.03128110122764032,368.77777777777777,8.063847780411102,27,0.8233151183970856,0.050901641036471136,0.9520340012143291,0.9842137219186399
1.1,12,1,0.6187006678809958,0.0488836348200672,0.8506375227686703,0.04297394844600947,0.9156041287188827,0.03331966358580388,371.6666666666667,6.318471090626037,27,0.8233151183970856,0.050901641036471136,0.9520340012143291,0.9842137219186399
1.1,13,1,0.6278081360048573,0.0482927076922494,0.8554948391013965,0.041431858127560284,0.9241044323011536,0.03888661646736141,376.6666666666667,5.5608521759777405,27,0.8233151183970856,0.050901641036471136,0.9520340012143291,0.9842137219186399
1.1,14,1,0.6423800850030359,0.04637591339710173,0.8585306618093503,0.04170813497018703,0.9380692167577414,0.03094890312601933,379.55555555555554,5.9052345314809465,27,0.8233151183970856,0.050901641036471136,0.9520340012143291,0.9842137219186399
1.1,15,1,0.6332726168791742,0.05285712513473574,0.8664238008500303,0.03876829991583384,0.9332119004250152,0.026089604000746308,381.8888888888889,7.018291120807844,27,0.8233151183970856,0.050901641036471136,0.9520340012143291,0.9842137219186399
1.1,16,1,0.6557377049180327,0.05418045664297815,0.8676381299332119,0.034002048336082044,0.9338190649666059,0.028928551458400932,384.44444444444446,8.1539671011833,27,0.8233151183970856,0.050901641036471136,0.9520340012143291,0.9842137219186399
1.1,17,1,0.6654523375834851,0.04148726068156452,0.8731026108075288,0.03710320709890481,0.9380692167577414,0.02664136507354488,390.55555555555554,5.6455110372573785,27,0.8233151183970856,0.050901641036471136,0.9520340012143291,0.9842137219186399
1.1,18,1,0.6745598057073466,0.04471158263590876,0.8724954462659381,0.0332045694125792,0.9344262295081968,0.024484852255923815,393.0,7.285391072339431,27,0.8233151183970856,0.050901641036471136,0.9520340012143291,0.9842137219186399
1.1,19,1,0.6873102610807529,0.04190044487882776,0.8761384335154827,0.03351441658726804,0.9344262295081968,0.024484852255923815,395.0,7.141428428542838,27,0.8233151183970856,0.050901641036471136,0.9520340012143291,0.9842137219186399
1.1,20,1,0.6824529447480266,0.04617737129357012,0.8907103825136612,0.03580093207207666,0.9514268366727383,0.03133001619298046,399.0,8.081317485886347,27,0.8233151183970856,0.050901641036471136,0.9520340012143291,0.9842137219186399
1.1,21,1,0.6885245901639344,0.04703166758883107,0.8986035215543412,0.024918794803605697,0.9556769884638737,0.02023920725732282,402.77777777777777,8.106660762480976,27,0.8233151183970856,0.050901641036471136,0.9520340012143291,0.9842137219186399
1.1,22,1,0.7067395264116576,0.05028875612177442,0.9022465088038858,0.030998342299907965,0.9453551912568307,0.022274302311041206,405.8888888888889,7.386751827704962,27,0.8233151183970856,0.050901641036471136,0.9520340012143291,0.9842137219186399
1.1,23,1,0.7176684881602915,0.03589704212976556,0.9131754705525197,0.029750585952857653,0.9666059502125075,0.022496623313709017,409.6666666666667,7.716116998754067,27,0.8233151183970856,0.050901641036471136,0.9520340012143291,0.9842137219186399
1.1,24,1,0.7158469945355191,0.03884721765636666,0.9028536733454766,0.025690362932539648,0.955069823922283,0.023446543553754907,411.22222222222223,6.7728719810575795,27,0.8233151183970856,0.050901641036471136,0.9520340012143291,0.9842137219186399
1.1,25,1,0.729204614450516,0.044634456705229204,0.9119611414693382,0.03437158581324439,0.9574984820886461,0.025824129105205502,412.55555555555554,6.710114829542102,27,0.8233151183970856,0.050901641036471136,0.9520340012143291,0.9842137219186399
1.1,26,1,0.7364905889496053,0.04287584446147145,0.9210686095931998,0.02804153792047474,0.959927140255009,0.019991798151482287,418.6666666666667,6.673714223613525,27,0.8233151183970856,0.050901641036471136,0.9520340012143291,0.9842137219186399
1.1,27,1,0.7528840315725561,0.045450386364650056,0.9216757741347905,0.03193513226266929,0.9611414693381906,0.023249785863583797,422.55555555555554,8.754486029517988,27,0.8233151183970856,0.050901641036471136,0.9520340012143291,0.9842137219186399
1.1,28,1,0.7601700060716454,0.0448142107341334,0.9277474195506983,0.03158557697755037,0.9690346083788706,0.02504139724019584,426.0,10.425560305916791,27,0.8233151183970856,0.050901641036471136,0.9520340012143291,0.9842137219186399
1.1,29,1,0.74802671523983,0.03496786081443258,0.9259259259259259,0.03647887974494425,0.9690346083788706,0.02242845157117121,429.3333333333333,11.796348848429599,27,0.8233151183970856,0.050901641036471136,0.9520340012143291,0.9842137219186399
1.1,30,1,0.7619914996964178,0.029942982348672334,0.9222829386763813,0.02595720594515209,0.9641772920461444,0.0198380128050299,432.8888888888889,11.392755232816674,27,0.8233151183970856,0.050901641036471136,0.9520340012143291,0.9842137219186399
1.1,35,1,0.7704918032786885,0.04167140388867157,0.9350333940497875,0.03133001619298051,0.9763205828779599,0.017213615157161227,458.1111111111111,10.767948641627077,27,0.8233151183970856,0.050901641036471136,0.9520340012143291,0.9842137219186399
1.1,40,1,0.7935640558591378,0.043196083433931325,0.9447480267152398,0.03021027888459892,0.9757134183363692,0.01894973007377531,482.77777777777777,5.451417129329654,27,0.8233151183970856,0.050901641036471136,0.9520340012143291,0.9842137219186399
1.1,45,1,0.8008500303582271,0.04282223846702172,0.941712204007286,0.02778093592578107,0.9763205828779599,0.015306550194227065,494.0,3.562626515972126,27,0.8233151183970856,0.050901641036471136,0.9520340012143291,0.9842137219186399
1.1,50,1,0.8075288403157255,0.041069919852326296,0.9459623557984214,0.027210081575903242,0.9787492410443229,0.019190626143629735,501.22222222222223,4.602117684228322,27,0.8233151183970856,0.050901641036471136,0.9520340012143291,0.9842137219186399
1.1,55,1,0.808743169398907,0.039375775525841115,0.9447480267152398,0.022342944391511937,0.9757134183363692,0.017825456270419548,506.44444444444446,4.163331998932268,27,0.8233151183970856,0.050901641036471136,0.9520340012143291,0.9842137219186399
1.1,60,1,0.8136004857316332,0.04095791077143559,0.9447480267152398,0.02187543084768944,0.9763205828779599,0.018929517022610684,509.22222222222223,4.290717470337174,27,0.8233151183970856,0.050901641036471136,0.9520340012143291,0.9842137219186399
1.1,61,1,0.8160291438979963,0.03412567212239562,0.9489981785063752,0.024625167744223297,0.9793564055859137,0.01736859616941732,542.2222222222222,2.913276417915004,27,0.8233151183970856,0.050901641036471136,0.9520340012143291,0.9842137219186399
1.2,1,1,0.32786885245901637,0.07782736002123312,0.5743776563448695,0.0718154102912683,0.7103825136612022,0.05605576486984334,159.88888888888889,11.36233092734779,27,0.8312082574377656,0.03932713341273743,0.9368548876745598,0.9708561020036429
1.2,2,1,0.37219186399514265,0.06346137517956521,0.6235579842137219,0.062255493075500976,0.7486338797814207,0.05398934332561827,191.0,6.759608545789303,27,0.8312082574377656,0.03932713341273743,0.9368548876745598,0.9708561020036429
1.2,3,1,0.39404978749241043,0.05558942547182833,0.6569520340012143,0.03829137802040488,0.7753491196114147,0.03574742594133552,212.66666666666666,20.60059745212783,27,0.8312082574377656,0.03932713341273743,0.9368548876745598,0.9708561020036429
1.2,4,1,0.48087431693989074,0.08272037331673752,0.7401335761991499,0.08465989575558065,0.8445658773527626,0.0649991166929785,260.55555555555554,44.8873233204186,27,0.8312082574377656,0.03932713341273743,0.9368548876745598,0.9708561020036429
1.2,5,1,0.5336976320582878,0.08737913510605914,0.7850637522768671,0.0800963456256523,0.8773527625986642,0.06780113257498122,310.22222222222223,44.452509951921066,27,0.8312082574377656,0.03932713341273743,0.9368548876745598,0.9708561020036429
1.2,6,1,0.5634486945962356,0.06335269802311581,0.8093503339404978,0.05086402249535112,0.8986035215543412,0.03311220603641066,337.77777777777777,20.649703542914533,27,0.8312082574377656,0.03932713341273743,0.9368548876745598,0.9708561020036429
1.2,7,1,0.5713418336369156,0.06708592272851387,0.8172434729811778,0.05544461620333953,0.9004250151791136,0.03747281098037737,347.22222222222223,15.06737007661394,27,0.8312082574377656,0.03932713341273743,0.9368548876745598,0.9708561020036429
1.2,8,1,0.5877352762598664,0.05781738862113719,0.8202792956891317,0.05011336072948706,0.9022465088038858,0.038171216496018595,358.22222222222223,8.07814398586769,27,0.8312082574377656,0.03932713341273743,0.9368548876745598,0.9708561020036429
1.2,9,1,0.6095931997571342,0.053612213806844534,0.8342440801457195,0.04368956755302958,0.9101396478445658,0.04249918259895838,363.3333333333333,7.316998123442537,27,0.8312082574377656,0.03932713341273743,0.9368548876745598,0.9708561020036429
1.2,10,1,0.6053430479659988,0.049164757082371065,0.8312082574377656,0.0379902615931042,0.9131754705525197,0.031109293173889142,368.77777777777777,9.544766319955901,27,0.8312082574377656,0.03932713341273743,0.9368548876745598,0.9708561020036429
1.2,11,1,0.6150576806314512,0.057218366479657744,0.8318154219793564,0.046721331960039005,0.9095324833029751,0.03321609677602754,373.0,5.942027625961725,27,0.8312082574377656,0.03932713341273743,0.9368548876745598,0.9708561020036429
1.2,12,1,0.631451123254402,0.06855914982699929,0.8445658773527626,0.04819748701263807,0.9143897996357012,0.03160980834051402,378.8888888888889,7.180814895546496,27,0.8312082574377656,0.03932713341273743,0.9368548876745598,0.9708561020036429
1.2,13,1,0.6332726168791742,0.06512268367642549,0.8561020036429873,0.04508674360420866,0.9198542805100182,0.03998359630296462,381.55555555555554,8.793937305515282,27,0.8312082574377656,0.03932713341273743,0.9368548876745598,0.9708561020036429
1.2,14,1,0.6399514268366727,0.05919153664579934,0.8548876745598057,0.04494216629311332,0.9192471159684275,0.03935632589485652,383.0,8.444388213937845,27,0.8312082574377656,0.03932713341273743,0.9368548876745598,0.9708561020036429
1.2,15,1,0.6508803885853067,0.06475127530916089,0.856709168184578,0.04694204458084792,0.9198542805100182,0.042000827227563806,384.6666666666667,7.878890980139487,27,0.8312082574377656,0.03932713341273743,0.9368548876745598,0.9708561020036429
1.2,16,1,0.6545233758348513,0.05378331705187084,0.8585306618093503,0.05206903993995375,0.9234972677595629,0.03580093207207664,388.0,8.375789285425382,27,0.8312082574377656,0.03932713341273743,0.9368548876745598,0.9708561020036429
1.2,17,1,0.663023679417122,0.059165660562968986,0.8524590163934426,0.05042559652744568,0.9259259259259259,0.03129333713705704,390.3333333333333,6.944837595708719,27,0.8312082574377656,0.03932713341273743,0.9368548876745598,0.9708561020036429
1.2,18,1,0.6587735276259866,0.06462699819588102,0.8561020036429873,0.0446258789292866,0.9301760777170613,0.03359428084216703,391.8888888888889,7.79710662969743,27,0.8312082574377656,0.03932713341273743,0.9368548876745598,0.9708561020036429
1.2,19,1,0.6739526411657559,0.06915404635364379,0.8706739526411658,0.05289332616982303,0.9380692167577414,0.03646838373559304,398.1111111111111,6.524116994973528,27,0.8312082574377656,0.03932713341273743,0.9368548876745598,0.9708561020036429
1.2,20,1,0.6970248937462052,0.06190399077583402,0.8852459016393444,0.04523932185284262,0.9429265330904675,0.03290344048461005,402.0,5.434929763894062,27,0.8312082574377656,0.03932713341273743,0.9368548876745598,0.9708561020036429
1.2,21,1,0.7067395264116576,0.06003281466334251,0.8816029143897995,0.04485690314234248,0.9404978749241044,0.03088699287573247,404.44444444444446,5.373248074656038,27,0.8312082574377656,0.03932713341273743,0.9368548876745598,0.9708561020036429
1.2,22,1,0.7085610200364298,0.06609711295418935,0.888281724347298,0.04361941163855435,0.9435336976320583,0.03442723031432242,406.8888888888889,5.872578606300595,27,0.8312082574377656,0.03932713341273743,0.9368548876745598,0.9708561020036429
1.2,23,1,0.7170613236187007,0.0519586382892582,0.8888888888888888,0.03675072382411838,0.9459623557984214,0.031439796613355143,409.8888888888889,4.7663349355609395,27,0.8312082574377656,0.03932713341273743,0.9368548876745598,0.9708561020036429
1.2,24,1,0.7213114754098361,0.057691446323822816,0.9016393442622951,0.036937751616334974,0.9568913175470551,0.030210278884598932,411.55555555555554,5.52151967190008,27,0.8312082574377656,0.03932713341273743,0.9368548876745598,0.9708561020036429
1.2,25,1,0.7437765634486946,0.0506603996736843,0.9058894960534305,0.03136665235774016,0.9502125075895568,0.024687274192783538,418.0,6.373020054525531,27,0.8312082574377656,0.03932713341273743,0.9368548876745598,0.9708561020036429
1.2,26,1,0.7346690953248329,0.055506723578070606,0.8992106860959319,0.03929791924497207,0.9502125075895568,0.02708316161253316,420.3333333333333,7.076505004373495,27,0.8312082574377656,0.03932713341273743,0.9368548876745598,0.9708561020036429
1.2,27,1,0.7516697024893746,0.055257875245302956,0.9028536733454766,0.04039320667120605,0.9514268366727383,0.02468727419278356,423.55555555555554,8.975750807821164,27,0.8312082574377656,0.03932713341273743,0.9368548876745598,0.9708561020036429
1.2,28,1,0.7492410443230115,0.05583679620138348,0.9143897996357012,0.03618384063330366,0.9544626593806922,0.021962758264166653,430.1111111111111,7.034712466560357,27,0.8312082574377656,0.03932713341273743,0.9368548876745598,0.9708561020036429
1.2,29,1,0.74802671523983,0.049000965098824505,0.914996964177292,0.03311220603641066,0.9611414693381906,0.02090906731903026,435.55555555555554,6.116392434291341,27,0.8312082574377656,0.03932713341273743,0.9368548876745598,0.9708561020036429
1.2,30,1,0.75591985428051,0.051306163750821074,0.9101396478445659,0.03258778461961046,0.959927140255009,0.024625167744223287,439.0,6.133138235470042,27,0.8312082574377656,0.03932713341273743,0.9368548876745598,0.9708561020036429
1.2,35,1,0.7662416514875531,0.044453975829149846,0.9198542805100182,0.033514416587267976,0.9605343047966,0.024594055706854565,459.3333333333333,8.77934639235308,27,0.8312082574377656,0.03932713341273743,0.9368548876745598,0.9708561020036429
1.2,40,1,0.7874924104432302,0.04372460329847804,0.9259259259259259,0.03352583741451628,0.9629629629629629,0.021127634937857208,478.0,6.300183147521034,27,0.8312082574377656,0.03932713341273743,0.9368548876745598,0.9708561020036429
1.2,45,1,0.8069216757741349,0.03560793372769631,0.928354584092289,0.03345725397259565,0.9635701275045536,0.02545082051823557,493.55555555555554,5.479565769807038,27,0.8312082574377656,0.03932713341273743,0.9368548876745598,0.9708561020036429
1.2,50,1,0.8044930176077716,0.04090179120531364,0.9253187613843351,0.031935132262669315,0.9617486338797815,0.02405899625263414,500.44444444444446,3.7859388972001695,27,0.8312082574377656,0.03932713341273743,0.9368548876745598,0.9708561020036429
1.2,55,1,0.8002428658166364,0.03694811429057903,0.9277474195506983,0.0273783929638489,0.9696417729204614,0.023931361419843707,504.77777777777777,5.14656968156262,27,0.8312082574377656,0.03932713341273743,0.9368548876745598,0.9708561020036429
1.2,60,1,0.803885853066181,0.04104194624037216,0.9301760777170613,0.03297317586587753,0.9659987856709168,0.0226999101856051,508.0,4.506405697192863,27,0.8312082574377656,0.03932713341273743,0.9368548876745598,0.9708561020036429
1.2,61,1,0.8069216757741349,0.042732745707830706,0.9356405585913783,0.03212636230867647,0.9708561020036429,0.022884670178757786,541.1111111111111,2.939562151243914,27,0.8312082574377656,0.03932713341273743,0.9368548876745598,0.9708561020036429
2.1,1,1,0.27383120825743773,0.049193691310477974,0.5309653916211293,0.05398874127329265,0.6693989071038252,0.05152174611410285,167.33333333333334,10.457460999976885,54,0.8242258652094718,0.042177676849741955,0.9602307225258044,0.9829993928354583
2.1,2,1,0.3688524590163934,0.060485377834518086,0.6320582877959927,0.07075613956856378,0.7568306010928962,0.05904302248320779,193.88888888888889,11.640311651580122,54,0.8242258652094718,0.042177676849741955,0.9602307225258044,0.9829993928354583
2.1,3,1,0.3822100789313904,0.05523362185812862,0.6578627808136005,0.04734660565802256,0.7844565877352763,0.04083268312528933,206.33333333333334,11.320377352201053,54,0.8242258652094718,0.042177676849741955,0.9602307225258044,0.9829993928354583
2.1,4,1,0.43897996357012753,0.07259549289064678,0.710989678202793,0.06387343099914233,0.8205828779599271,0.05380057198307538,243.33333333333334,47.99999999999999,54,0.8242258652094718,0.042177676849741955,0.9602307225258044,0.9829993928354583
2.1,5,1,0.5242865816636308,0.08805080744482725,0.7950819672131147,0.0820445042334025,0.8870673952641165,0.05843153394377599,314.3333333333333,42.66588049590171,54,0.8242258652094718,0.042177676849741955,0.9602307225258044,0.9829993928354583
2.1,6,1,0.5355191256830601,0.0772210835143143,0.8029751062537948,0.06914866695322426,0.8943533697632058,0.04794474984560687,322.3333333333333,36.288154936276996,54,0.8242258652094718,0.042177676849741955,0.9602307225258044,0.9829993928354583
2.1,7,1,0.5491803278688524,0.08253745349342079,0.8160291438979963,0.06469145557663548,0.9058894960534305,0.0527313901387732,330.6666666666667,31.278421038177555,54,0.8242258652094718,0.042177676849741955,0.9602307225258044,0.9829993928354583
2.1,8,1,0.583485124468731,0.06088382380068994,0.8457802064359441,0.0446425474358186,0.9225865209471767,0.025559146775512746,356.0,6.729265849104534,54,0.8242258652094718,0.042177676849741955,0.9602307225258044,0.9829993928354583
2.1,9,1,0.6077717061323619,0.05412336700048776,0.8636915604128719,0.03962474439122346,0.9319975713418337,0.028018087612873475,361.55555555555554,9.215791751665344,54,0.8242258652094718,0.042177676849741955,0.9602307225258044,0.9829993928354583
2.1,10,1,0.6089860352155434,0.052463598567220264,0.8591378263509412,0.03867857800685355,0.9316939890710382,0.025822310952698217,366.44444444444446,7.732964640961756,54,0.8242258652094718,0.042177676849741955,0.9602307225258044,0.9829993928354583
2.1,11,1,0.6114146933819065,0.05001149686846417,0.8570127504553734,0.040709465644129327,0.9313904068002429,0.02813848100032179,368.77777777777777,7.987411479219333,54,0.8242258652094718,0.042177676849741955,0.9602307225258044,0.9829993928354583
2.1,12,1,0.6114146933819065,0.04061131614648118,0.851244687310261,0.042588657342121757,0.9304796599878566,0.02700958497890819,371.6666666666667,6.258579017696846,54,0.8242258652094718,0.042177676849741955,0.9602307225258044,0.9829993928354583
2.1,13,1,0.6153612629022466,0.05062452809330777,0.8646023072252581,0.03548804888034361,0.9374620522161506,0.02184932985687373,376.6666666666667,5.508141487063388,54,0.8242258652094718,0.042177676849741955,0.9602307225258044,0.9829993928354583
2.1,14,1,0.631451123254402,0.0483737069463422,0.8688524590163935,0.03861054175715716,0.9389799635701275,0.02653255698784669,379.55555555555554,5.849259481164051,54,0.8242258652094718,0.042177676849741955,0.9602307225258044,0.9829993928354583
2.1,15,1,0.6384335154826958,0.04695627577202788,0.8658166363084396,0.038091467108528926,0.9374620522161506,0.024058395791006756,381.8888888888889,6.9517655329532815,54,0.8242258652094718,0.042177676849741955,0.9602307225258044,0.9829993928354583
2.1,16,1,0.6317547055251973,0.042809670124936215,0.8694596235579842,0.0382096109965878,0.9408014571948998,0.025756771986730584,384.44444444444446,8.076676569141252,54,0.8242258652094718,0.042177676849741955,0.9602307225258044,0.9829993928354583
2.1,17,1,0.6554341226472374,0.05070237210867679,0.8709775349119611,0.03561087496889999,0.9377656344869459,0.0241227101397146,390.55555555555554,5.591997876570799,54,0.8242258652094718,0.042177676849741955,0.9602307225258044,0.9829993928354583
2.1,18,1,0.6612021857923497,0.05497374961469569,0.8819064966605951,0.033608576075651854,0.945658773527626,0.02314531920451245,393.0,7.2163336742499125,54,0.8242258652094718,0.042177676849741955,0.9602307225258044,0.9829993928354583
2.1,19,1,0.6633272616879174,0.05485490764896097,0.887370977534912,0.037416193910465606,0.9444444444444444,0.023055891925525148,395.0,7.073735636073531,54,0.8242258652094718,0.042177676849741955,0.9602307225258044,0.9829993928354583
2.1,20,1,0.6775956284153005,0.05669919058592938,0.8922282938676381,0.03583168711634814,0.9489981785063752,0.026580291761649034,399.0,8.004715591331975,54,0.8242258652094718,0.042177676849741955,0.9602307225258044,0.9829993928354583
2.1,21,1,0.6876138433515483,0.057092810755279895,0.8961748633879781,0.033852165058050616,0.9584092289010322,0.024192676252248302,402.77777777777777,8.029818641873765,54,0.8242258652094718,0.042177676849741955,0.9602307225258044,0.9829993928354583
2.1,22,1,0.6985428051001821,0.059612811535614985,0.9016393442622951,0.03602900037998402,0.9574984820886461,0.024773728401365425,405.8888888888889,7.316733642477936,54,0.8242258652094718,0.042177676849741955,0.9602307225258044,0.9829993928354583
2.1,23,1,0.7052216150576806,0.053713233334605,0.9074074074074074,0.036885405011501005,0.9593199757134182,0.022906753848029097,409.6666666666667,7.6429767983176955,54,0.8242258652094718,0.042177676849741955,0.9602307225258044,0.9829993928354583
2.1,24,1,0.7091681845780207,0.0505716371270947,0.9119611414693382,0.03635074060171008,0.9632665452337583,0.026054003230055345,411.22222222222223,6.7086726934749175,54,0.8242258652094718,0.042177676849741955,0.9602307225258044,0.9829993928354583
2.1,25,1,0.7122040072859745,0.04857516807447171,0.9146933819064967,0.03522912002817215,0.9626593806921676,0.023919436231199066,412.55555555555554,6.646510409901632,54,0.8242258652094718,0.042177676849741955,0.9602307225258044,0.9829993928354583
2.1,26,1,0.7237401335761992,0.05408171227369079,0.9241044323011536,0.024728202368894822,0.9675166970248937,0.023507615784800814,418.6666666666667,6.610454841200204,54,0.8242258652094718,0.042177676849741955,0.9602307225258044,0.9829993928354583
2.1,27,1,0.7276867030965392,0.05246449347632092,0.9280510018214936,0.025952892371769596,0.9684274438372799,0.02225808229060448,422.55555555555554,8.67150324646535,54,0.8242258652094718,0.042177676849741955,0.9602307225258044,0.9829993928354583
2.1,28,1,0.7422586520947176,0.05079488800947477,0.9326047358834244,0.029128858201336143,0.9714632665452337,0.022105685868855206,426.0,10.326737598775438,54,0.8242258652094718,0.042177676849741955,0.9602307225258044,0.9829993928354583
2.1,29,1,0.7352762598664238,0.04998896070650794,0.9241044323011536,0.034489696890490036,0.9699453551912568,0.024821062558172447,429.3333333333333,11.684532591712564,54,0.8242258652094718,0.042177676849741955,0.9602307225258044,0.9829993928354583
2.1,30,1,0.7364905889496053,0.047752428433316785,0.9271402550091075,0.03527041015069642,0.9729811778992107,0.019927563093891404,432.8888888888889,11.284764594340704,54,0.8242258652094718,0.042177676849741955,0.9602307225258044,0.9829993928354583
2.1,35,1,0.769277474195507,0.04317986024324058,0.9335154826958105,0.022386384134755192,0.9729811778992107,0.02043013483630186,458.1111111111111,10.66588047417127,54,0.8242258652094718,0.042177676849741955,0.9602307225258044,0.9829993928354583
2.1,40,1,0.7859744990892531,0.053232073320515376,0.9453551912568307,0.026643805094163944,0.9766241651487553,0.019001309079622154,482.77777777777777,5.399743762846766,54,0.8242258652094718,0.042177676849741955,0.9602307225258044,0.9829993928354583
2.1,45,1,0.7847601700060716,0.04308515909841483,0.9441408621736491,0.025179758884331476,0.974802671523983,0.019814149435335663,494.0,3.528856782115008,54,0.8242258652094718,0.042177676849741955,0.9602307225258044,0.9829993928354583
2.1,50,1,0.7965998785670917,0.03801744073726069,0.948087431693989,0.02312908541734636,0.9802671523983,0.016663299972031986,501.22222222222223,4.558494731140607,54,0.8242258652094718,0.042177676849741955,0.9602307225258044,0.9829993928354583
2.1,55,1,0.8054037644201578,0.04201260597698849,0.9538554948391013,0.027035646789010184,0.9823922282938676,0.014886457153440778,506.44444444444446,4.123868245734396,54,0.8242258652094718,0.042177676849741955,0.9602307225258044,0.9829993928354583
2.1,60,1,0.8029751062537948,0.04021749028382441,0.9502125075895568,0.024034966086577444,0.9787492410443229,0.01819086287673303,509.22222222222223,4.250046244661477,54,0.8242258652094718,0.042177676849741955,0.9602307225258044,0.9829993928354583
2.1,61,1,0.8139040680024286,0.05292069955341207,0.9532483302975107,0.025557309772112537,0.9793564055859137,0.01720396121049501,542.2222222222222,2.885661800204157,54,0.8242258652094718,0.042177676849741955,0.9602307225258044,0.9829993928354583
2.2,1,1,0.29477838494231934,0.05380755295069597,0.5525197328476017,0.05894672569625956,0.6909532483302975,0.05379969929843101,159.88888888888889,11.254628677422751,54,0.8227079538554948,0.05507273077321797,0.9420157862780814,0.9708561020036429
2.2,2,1,0.3594414086217365,0.047003246550525235,0.6156648451730419,0.06437716324510498,0.74802671523983,0.05822547102664656,191.0,6.695534980809607,54,0.8227079538554948,0.05507273077321797,0.9420157862780814,0.9708561020036429
2.2,3,1,0.39647844565877355,0.048721862868169145,0.647237401335762,0.04622974300216342,0.7671523982999392,0.04695227608924621,212.66666666666666,20.40532671854498,54,0.8227079538554948,0.05507273077321797,0.9420157862780814,0.9708561020036429
2.2,4,1,0.4751062537947784,0.08683304086992069,0.738615664845173,0.07645669007625003,0.8363691560412873,0.06170876347912227,260.55555555555554,44.461841458850415,54,0.8227079538554948,0.05507273077321797,0.9420157862780814,0.9708561020036429
2.2,5,1,0.5276259866423801,0.07529773362271952,0.7932604735883424,0.07250813015745661,0.8752276867030965,0.05646768814949503,310.22222222222223,44.03114963710097,54,0.8227079538554948,0.05507273077321797,0.9420157862780814,0.9708561020036429
2.2,6,1,0.5570734669095325,0.06751613967900533,0.8175470552519732,0.05915424463705275,0.8992106860959319,0.03650540336485602,337.77777777777777,20.453967338250393,54,0.8227079538554948,0.05507273077321797,0.9420157862780814,0.9708561020036429
2.2,7,1,0.583485124468731,0.056745543216631736,0.8230115361262902,0.04156770649918268,0.9025500910746813,0.029259124552466022,347.22222222222223,14.924548179585866,54,0.8227079538554948,0.05507273077321797,0.9420157862780814,0.9708561020036429
2.2,8,1,0.587431693989071,0.06485454627959863,0.8284760170006071,0.04500392119144895,0.9049787492410444,0.03060802704247024,358.22222222222223,8.001572172561122,54,0.8227079538554948,0.05507273077321797,0.9420157862780814,0.9708561020036429
2.2,9,1,0.6059502125075895,0.0605869786049095,0.840922890103218,0.05382063982441312,0.9098360655737705,0.03066932284240935,363.3333333333333,7.247641125689971,54,0.8227079538554948,0.05507273077321797,0.9420157862780814,0.9708561020036429
2.2,10,1,0.6053430479659988,0.06140902503753188,0.8339404978749241,0.04626324539517345,0.9080145719489983,0.0325410933322965,368.77777777777777,9.454292559400816,54,0.8227079538554948,0.05507273077321797,0.9420157862780814,0.9708561020036429
2.2,11,1,0.6114146933819065,0.06646697799466326,0.8384942319368549,0.04541827235039981,0.9140862173649059,0.036160377209505566,373.0,5.885703818063075,54,0.8227079538554948,0.05507273077321797,0.9420157862780814,0.9708561020036429
2.2,12,1,0.6180935033394049,0.06908549296842974,0.8485124468731026,0.05366076191211516,0.9174256223436551,0.03807667334768542,378.8888888888889,7.112748763210561,54,0.8227079538554948,0.05507273077321797,0.9420157862780814,0.9708561020036429
2.2,13,1,0.6305403764420158,0.06570609622280987,0.8524590163934427,0.0559791716518361,0.9186399514268366,0.03989751274459971,381.55555555555554,8.710580568278901,54,0.8227079538554948,0.05507273077321797,0.9420157862780814,0.9708561020036429
2.2,14,1,0.632361870066788,0.0655429754361129,0.8530661809350334,0.053474072537386876,0.9189435336976322,0.03608759368651014,383.0,8.36434481301098,54,0.8227079538554948,0.05507273077321797,0.9420157862780814,0.9708561020036429
2.2,15,1,0.6411657559198544,0.06996339596188568,0.8624772313296903,0.05426977190045314,0.9225865209471767,0.03719469010969784,384.6666666666667,7.8042078635412135,54,0.8227079538554948,0.05507273077321797,0.9420157862780814,0.9708561020036429
2.2,16,1,0.644808743169399,0.07826465899543873,0.863084395871281,0.06217265448785506,0.9183363691560413,0.03774601248250238,388.0,8.296396125984163,54,0.8227079538554948,0.05507273077321797,0.9420157862780814,0.9708561020036429
2.2,17,1,0.6530054644808743,0.07601326635652216,0.8639951426836673,0.04991000400460989,0.9256223436551306,0.037098631894123844,390.3333333333333,6.879008265511908,54,0.8227079538554948,0.05507273077321797,0.9420157862780814,0.9708561020036429
2.2,18,1,0.6536126290224651,0.07013564969665481,0.8670309653916212,0.049403213536540126,0.9234972677595629,0.03713784353802323,391.8888888888889,7.723198737708252,54,0.8227079538554948,0.05507273077321797,0.9420157862780814,0.9708561020036429
2.2,19,1,0.6760777170613237,0.07310142238736227,0.8828172434729811,0.040458423762643164,0.9341226472374012,0.032396491242307014,398.1111111111111,6.462275627772916,54,0.8227079538554948,0.05507273077321797,0.9420157862780814,0.9708561020036429
2.2,20,1,0.6885245901639344,0.06510815203034359,0.8879781420765027,0.04351886230508734,0.9450516089860351,0.029214159899801646,402.0,5.38341267928362,54,0.8227079538554948,0.05507273077321797,0.9420157862780814,0.9708561020036429
2.2,21,1,0.6879174256223437,0.06248225604128706,0.8888888888888888,0.039218619193450585,0.9432301153612629,0.029310428262312897,404.44444444444446,5.322315663802466,54,0.8227079538554948,0.05507273077321797,0.9420157862780814,0.9708561020036429
2.2,22,1,0.6991499696417729,0.06338421534837828,0.8910139647844566,0.04309823369686424,0.9411050394656952,0.031447836689047,406.8888888888889,5.816913097805516,54,0.8227079538554948,0.05507273077321797,0.9420157862780814,0.9708561020036429
2.2,23,1,0.7024893746205222,0.0586688919782007,0.8943533697632058,0.04208741421111647,0.9462659380692168,0.02433972202361502,409.8888888888889,4.721155385718696,54,0.8227079538554948,0.05507273077321797,0.9420157862780814,0.9708561020036429
2.2,24,1,0.718882817243473,0.06145488119205205,0.900728597449909,0.03705811183900537,0.9505160898603521,0.025573838052354858,411.55555555555554,5.469181811343874,54,0.8227079538554948,0.05507273077321797,0.9420157862780814,0.9708561020036429
2.2,25,1,0.7270795385549483,0.05715856128610037,0.9083181542197936,0.03160866576913989,0.955980570734669,0.021320770314530578,418.0,6.3126109181363,54,0.8227079538554948,0.05507273077321797,0.9420157862780814,0.9708561020036429
2.2,26,1,0.7170613236187007,0.06151902238418499,0.9074074074074074,0.03863120828497857,0.9562841530054645,0.027394481689433366,420.3333333333333,7.009427613699867,54,0.8227079538554948,0.05507273077321797,0.9420157862780814,0.9708561020036429
2.2,27,1,0.7258652094717668,0.06514059418295244,0.9058894960534305,0.03702642469183515,0.9508196721311476,0.027762209306918483,423.55555555555554,8.890670680957236,54,0.8227079538554948,0.05507273077321797,0.9420157862780814,0.9708561020036429
2.2,28,1,0.7428658166363085,0.06327746041272483,0.9113539769277474,0.03539266497186724,0.9571948998178507,0.022834903835954098,430.1111111111111,6.968031222626447,54,0.8227079538554948,0.05507273077321797,0.9420157862780814,0.9708561020036429
2.2,29,1,0.7377049180327868,0.06392927085101903,0.9162112932604736,0.03626280556145552,0.9544626593806922,0.02418297084155877,435.55555555555554,6.058415842092984,54,0.8227079538554948,0.05507273077321797,0.9420157862780814,0.9708561020036429
2.2,30,1,0.7504553734061931,0.061805314742275,0.9177292046144504,0.03377579781990212,0.9593199757134182,0.022684312918181355,439.0,6.075002911716059,54,0.8227079538554948,0.05507273077321797,0.9420157862780814,0.9708561020036429
2.2,35,1,0.761384335154827,0.06547058589524044,0.9222829386763813,0.03342787973166252,0.9584092289010322,0.023120964249463524,459.3333333333333,8.69612796073255,54,0.8227079538554948,0.05507273077321797,0.9420157862780814,0.9708561020036429
2.2,40,1,0.7698846387370978,0.0657253863485199,0.9271402550091075,0.034249271484350884,0.9629629629629629,0.0221056858688552,478.0,6.240464423936331,54,0.8227079538554948,0.05507273077321797,0.9420157862780814,0.9708561020036429
2.2,45,1,0.7887067395264117,0.06366433282403,0.9295689131754705,0.03031672823187218,0.9663023679417122,0.0189518264198905,493.55555555555554,5.427625585544329,54,0.8227079538554948,0.05507273077321797,0.9420157862780814,0.9708561020036429
2.2,50,1,0.7823315118397085,0.06162044272806039,0.926836672738312,0.024401370935468437,0.9669095324833029,0.016078238107556167,500.44444444444446,3.7500524105352193,54,0.8227079538554948,0.05507273077321797,0.9420157862780814,0.9708561020036429
2.2,55,1,0.7880995749848209,0.058447602013361674,0.9286581663630843,0.02779094428725609,0.9656952034001214,0.019178389563833248,504.77777777777777,5.0977859295627574,54,0.8227079538554948,0.05507273077321797,0.9420157862780814,0.9708561020036429
2.2,60,1,0.7832422586520947,0.06547058589524044,0.9356405585913783,0.022709136175199877,0.9684274438372799,0.018528422436676472,508.0,4.463689987206422,54,0.8227079538554948,0.05507273077321797,0.9420157862780814,0.9708561020036429
2.2,61,1,0.8075288403157255,0.051367509536557755,0.941712204007286,0.02354553292815862,0.9699453551912568,0.019305270878578598,541.1111111111111,2.9116983740394127,54,0.8227079538554948,0.05507273077321797,0.9420157862780814,0.9708561020036429
3.1,1,2,0.4990892531876138,0.0525369304888484,0.7893139040680025,0.0349803558090168,0.8908621736490588,0.020749940706741677,166.55555555555554,11.733947954171047,54,0.9676684881602915,0.01832266148257091,0.9951426836672739,0.9993928354584093
3.1,2,2,0.6094414086217365,0.09463183400772349,0.8583788706739526,0.05163030146489298,0.9251669702489375,0.03232140564170831,189.88888888888889,6.212181176410848,54,0.9676684881602915,0.01832266148257091,0.9951426836672739,0.9993928354584093
3.1,3,2,0.6621129326047359,0.05948508485540234,0.8812993321190042,0.03227016034547714,0.9395871281117183,0.01925900731372476,202.11111111111111,4.241158023894872,54,0.9676684881602915,0.01832266148257091,0.9951426836672739,0.9993928354584093
3.1,4,2,0.7301153612629022,0.07597743347947161,0.9253187613843351,0.0377360603334974,0.9632665452337583,0.023224296418915092,241.77777777777777,41.369329021000546,54,0.9676684881602915,0.01832266148257091,0.9951426836672739,0.9993928354584093
3.1,5,2,0.7745901639344263,0.09022366775384885,0.9468731026108075,0.034911836620217414,0.9764723740133576,0.020702369819398464,276.1111111111111,49.175337685449456,54,0.9676684881602915,0.01832266148257091,0.9951426836672739,0.9993928354584093
3.1,6,2,0.8345476624165149,0.06317275473296835,0.9663023679417122,0.02510880354582227,0.9907407407407407,0.011487146167588308,325.55555555555554,27.835545801418967,54,0.9676684881602915,0.01832266148257091,0.9951426836672739,0.9993928354584093
3.1,7,2,0.850789313904068,0.06105650926210813,0.9725258044930176,0.019769670511587782,0.992562234365513,0.008004000782978252,343.44444444444446,8.325153217847069,54,0.9676684881602915,0.01832266148257091,0.9951426836672739,0.9993928354584093
3.1,8,2,0.8662720097146327,0.04260105775247959,0.9755616272009715,0.014373792301963262,0.9928658166363085,0.00843247362107847,348.0,6.977051331545343,54,0.9676684881602915,0.01832266148257091,0.9951426836672739,0.9993928354584093
3.1,9,2,0.8718882817243473,0.03789126400047646,0.9781420765027322,0.016002134605317492,0.9942319368548878,0.00740528493836705,350.44444444444446,7.264975857760048,54,0.9676684881602915,0.01832266148257091,0.9951426836672739,0.9993928354584093
3.1,10,2,0.8727990285367334,0.03750267647721863,0.9802671523983,0.015149069257147365,0.99408014571949,0.006251906488527077,353.77777777777777,8.522260898236476,54,0.9676684881602915,0.01832266148257091,0.9951426836672739,0.9993928354584093
3.1,11,2,0.8764420157862781,0.03867129413409067,0.9799635701275045,0.014122533268613853,0.994535519125683,0.006940552326729665,359.1111111111111,9.021288588596525,54,0.9676684881602915,0.01832266148257091,0.9951426836672739,0.9993928354584093
3.1,12,2,0.8750758955676988,0.034773380590777586,0.9787492410443229,0.012789672552899128,0.9939283545840922,0.007990791640934499,362.77777777777777,9.667425691302476,54,0.9676684881602915,0.01832266148257091,0.9951426836672739,0.9993928354584093
3.1,13,2,0.8825136612021858,0.03362673192849945,0.9775349119611414,0.01486752164801943,0.9936247723132969,0.007580730567956208,370.44444444444446,6.456433581412806,54,0.9676684881602915,0.01832266148257091,0.9951426836672739,0.9993928354584093
3.1,14,2,0.8844869459623558,0.03271987114114778,0.9793564055859137,0.01533389597026348,0.9943837279902853,0.007771864992333393,375.44444444444446,6.2605885149448355,54,0.9676684881602915,0.01832266148257091,0.9951426836672739,0.9993928354584093
3.1,15,2,0.8802367941712205,0.03618406520957195,0.9804189435336975,0.013266278493923332,0.9937765634486946,0.00728543748235745,376.77777777777777,5.665741692913431,54,0.9676684881602915,0.01832266148257091,0.9951426836672739,0.9993928354584093
3.1,16,2,0.8881299332119005,0.03067582832306222,0.9799635701275045,0.013290145880824559,0.9943837279902853,0.006333975599148302,380.6666666666667,5.013190149166309,54,0.9676684881602915,0.01832266148257091,0.9951426836672739,0.9993928354584093
3.1,17,2,0.8961748633879781,0.030998225790847836,0.9823922282938676,0.012064274199036423,0.994535519125683,0.006565105251095325,383.3333333333333,5.36234249010004,54,0.9676684881602915,0.01832266148257091,0.9951426836672739,0.9993928354584093
3.1,18,2,0.898755312689739,0.03474501510313259,0.9840619307832422,0.010491690508724814,0.9948391013964785,0.006810810936656828,389.6666666666667,5.05815239592258,54,0.9676684881602915,0.01832266148257091,0.9951426836672739,0.9993928354584093
3.1,19,2,0.9001214329083181,0.033629524266634105,0.9854280510018215,0.009641685197035626,0.9959016393442623,0.00611523628820523,390.0,5.146898681510623,54,0.9676684881602915,0.01832266148257091,0.9951426836672739,0.9993928354584093
3.1,20,2,0.9054341226472374,0.034838129265594604,0.9843655130540376,0.01010415636506893,0.9946873102610808,0.006595429224244215,391.6666666666667,4.255961412791448,54,0.9676684881602915,0.01832266148257091,0.9951426836672739,0.9993928354584093
3.1,21,2,0.903157255616272,0.03255696035275024,0.9860352155434122,0.010273501907311572,0.9959016393442623,0.0056855479259671615,393.22222222222223,4.003143418952715,54,0.9676684881602915,0.01832266148257091,0.9951426836672739,0.9993928354584093
3.1,22,2,0.9128718882817244,0.03009757390476865,0.98618700667881,0.009122491646944102,0.9955980570734668,0.006311698945383495,395.6666666666667,3.083737012500267,54,0.9676684881602915,0.01832266148257091,0.9951426836672739,0.9993928354584093
3.1,23,2,0.9134790528233152,0.028468586772049356,0.9855798421372192,0.01031113599714035,0.9955980570734668,0.0063116989453835,398.0,3.7163585341994776,54,0.9676684881602915,0.01832266148257091,0.9951426836672739,0.9993928354584093
3.1,24,2,0.9195506982392229,0.026789664827465354,0.9872495446265938,0.008222456763533125,0.9962052216150576,0.005677284043799993,399.55555555555554,4.232251136869678,54,0.9676684881602915,0.01832266148257091,0.9951426836672739,0.9993928354584093
3.1,25,2,0.9225865209471767,0.028334686222623567,0.9875531268973892,0.008683466295224967,0.9969641772920461,0.005109256995535933,401.22222222222223,4.8239444701999235,54,0.9676684881602915,0.01832266148257091,0.9951426836672739,0.9993928354584093
3.1,26,2,0.9231936854887673,0.029801285982413838,0.9875531268973892,0.00807844462852116,0.9968123861566485,0.0048861391522293076,402.77777777777777,5.119944968257697,54,0.9676684881602915,0.01832266148257091,0.9951426836672739,0.9993928354584093
3.1,27,2,0.9251669702489375,0.02739662394188934,0.9877049180327868,0.008684817912681239,0.9965088038858531,0.004933949871792979,404.8888888888889,3.277520154748071,54,0.9676684881602915,0.01832266148257091,0.9951426836672739,0.9993928354584093
3.1,28,2,0.9318457802064359,0.026203594243156672,0.9890710382513661,0.00914690571148856,0.9965088038858531,0.00518451455378635,409.77777777777777,5.705563873930163,54,0.9676684881602915,0.01832266148257091,0.9951426836672739,0.9993928354584093
3.1,29,2,0.9376138433515483,0.025645795192956154,0.9902853673345476,0.007973145410399717,0.9969641772920461,0.004586267262635286,413.55555555555554,6.368159790669272,54,0.9676684881602915,0.01832266148257091,0.9951426836672739,0.9993928354584093
3.1,30,2,0.9414086217364905,0.02727424700553345,0.9918032786885246,0.00811902551710901,0.9975713418336369,0.0040997923974951675,416.6666666666667,6.524265302380723,54,0.9676684881602915,0.01832266148257091,0.9951426836672739,0.9993928354584093
3.1,35,2,0.9464177292046144,0.02204666850304337,0.9924104432301154,0.008095861345745303,0.9978749241044323,0.004268116009413622,430.44444444444446,7.357877736132539,54,0.9676684881602915,0.01832266148257091,0.9951426836672739,0.9993928354584093
3.1,40,2,0.9590163934426229,0.01988746972555336,0.9931693989071038,0.008684817912681221,0.99802671523983,0.00448534409333389,452.77777777777777,7.259779784244361,54,0.9676684881602915,0.01832266148257091,0.9951426836672739,0.9993928354584093
3.1,45,2,0.961445051608986,0.02139989921860327,0.9943837279902853,0.007438496206690184,0.9989374620522162,0.002779094428725603,473.0,4.944980302152804,54,0.9676684881602915,0.01832266148257091,0.9951426836672739,0.9993928354584093
3.1,50,2,0.9622040072859745,0.02084700906187954,0.99408014571949,0.007016242158414455,0.9989374620522162,0.0027790944287256177,483.55555555555554,3.401812317577964,54,0.9676684881602915,0.01832266148257091,0.9951426836672739,0.9993928354584093
3.1,55,2,0.9628111718275653,0.019417425415787216,0.9933211900425015,0.007309564176553353,0.99802671523983,0.0038791303140642682,492.55555555555554,3.334590957725692,54,0.9676684881602915,0.01832266148257091,0.9951426836672739,0.9993928354584093
3.1,60,2,0.9617486338797815,0.021063777407788798,0.9939283545840922,0.006790098843274194,0.9983302975106254,0.0036931200124337474,499.1111111111111,2.5377650742980764,54,0.9676684881602915,0.01832266148257091,0.9951426836672739,0.9993928354584093
3.1,65,2,0.9606860959319975,0.018999455805653192,0.9951426836672739,0.007884321858481175,0.9989374620522161,0.0027790944287256142,502.3333333333333,2.7745473878719675,54,0.9676684881602915,0.01832266148257091,0.9951426836672739,0.9993928354584093
3.1,70,2,0.9649362477231329,0.018322661482570897,0.9942319368548878,0.007574534628573711,0.9978749241044323,0.004825709679614556,505.0,3.9810873644989955,54,0.9676684881602915,0.01832266148257091,0.9951426836672739,0.9993928354584093
3.1,75,2,0.9620522161505768,0.020096483532793485,0.9948391013964785,0.007173409597743426,0.99802671523983,0.0038791303140642457,508.55555555555554,2.611055354237631,54,0.9676684881602915,0.01832266148257091,0.9951426836672739,0.9993928354584093
3.1,80,2,0.9631147540983606,0.01792632295868008,0.9955980570734668,0.006887926614034476,0.9984820886460232,0.003924255488026447,509.6666666666667,2.93321898004661,54,0.9676684881602915,0.01832266148257091,0.9951426836672739,0.9993928354584093
3.1,85,2,0.9646326654523376,0.01793156036232954,0.9951426836672739,0.00755591632603295,0.9984820886460232,0.0035867047988716915,510.6666666666667,3.364632924552276,54,0.9676684881602915,0.01832266148257091,0.9951426836672739,0.9993928354584093
3.1,90,2,0.9663023679417122,0.020307970132237344,0.9959016393442623,0.006319133222336655,0.9986338797814207,0.00347027616336483,512.7777777777778,4.031323892599541,54,0.9676684881602915,0.01832266148257091,0.9951426836672739,0.9993928354584093
3.1,95,2,0.9626593806921676,0.018817573302834404,0.9960534304796599,0.0065148522029723965,0.9990892531876138,0.0026001691335021068,515.2222222222222,3.7399761207323037,54,0.9676684881602915,0.01832266148257091,0.9951426836672739,0.9993928354584093
3.1,100,2,0.965391621129326,0.018408940384530788,0.9951426836672739,0.006067061311504941,0.9986338797814207,0.0030834212863249093,519.2222222222222,5.3787375479812045,54,0.9676684881602915,0.01832266148257091,0.9951426836672739,0.9993928354584093
3.1,105,2,0.9669095324833029,0.019628454643605856,0.9954462659380693,0.006097937140992387,0.9984820886460232,0.0032138950656785195,521.7777777777778,4.870654005393102,54,0.9676684881602915,0.01832266148257091,0.9951426836672739,0.9993928354584093
3.1,110,2,0.9661505768063144,0.02045597215619228,0.9951426836672739,0.006272524434278156,0.9986338797814207,0.0030834212863249185,523.8888888888889,3.790089692106746,54,0.9676684881602915,0.01832266148257091,0.9951426836672739,0.9993928354584093
3.1,115,2,0.9658469945355191,0.021168834305925335,0.9955980570734668,0.005896344964046988,0.9992410443230115,0.0023982165560304802,525.8888888888889,3.6993965171626035,54,0.9676684881602915,0.01832266148257091,0.9951426836672739,0.9993928354584093
3.1,120,2,0.9649362477231329,0.017902735681413304,0.9949908925318761,0.006833178192060845,0.9990892531876138,0.002600169133502103,532.5555555555555,4.689074683095573,54,0.9676684881602915,0.01832266148257091,0.9951426836672739,0.9993928354584093
3.1,122,2,0.9638737097753491,0.01805095101533409,0.9949908925318761,0.006833178192060837,0.9989374620522162,0.002779094428725614,552.2222222222222,4.753019563241232,54,0.9676684881602915,0.01832266148257091,0.9951426836672739,0.9993928354584093
3.2,1,4,0.6663630843958713,0.041535677296129114,0.9116575591985429,0.02344246127923041,0.9650880388585307,0.016950283143745276,168.77777777777777,7.438637868140467,27,0.9966605950212508,0.005213516871273395,1.0,1.0
3.2,2,4,0.7446873102610808,0.06274245774007224,0.9392835458409229,0.02523935603014756,0.9814814814814815,0.012366875843847786,188.77777777777777,4.893742734218661,27,0.9966605950212508,0.005213516871273395,1.0,1.0
3.2,3,4,0.7859744990892532,0.03978923794615621,0.955069823922283,0.018797602404872753,0.986642380085003,0.010454533659515148,194.44444444444446,2.9264487974510263,27,0.9966605950212508,0.005213516871273395,1.0,1.0
3.2,4,4,0.881906496660595,0.06828639202629404,0.9833029751062539,0.015331540496898237,0.9975713418336369,0.005481967257808508,249.33333333333334,44.71189826157961,27,0.9966605950212508,0.005213516871273395,1.0,1.0
3.2,5,4,0.9432301153612629,0.042949443457992294,0.9942319368548878,0.007476150523723762,0.9996964177292047,0.001577459751884228,310.8888888888889,20.058248511107173,27,0.9966605950212508,0.005213516871273395,1.0,1.0
3.2,6,4,0.9568913175470551,0.03767149901960337,0.9951426836672739,0.007281594592171612,0.9996964177292047,0.001577459751884228,331.0,9.667550799532341,27,0.9966605950212508,0.005213516871273395,1.0,1.0
3.2,7,4,0.9672131147540983,0.01623504815836536,0.9972677595628414,0.003937577552584117,0.9996964177292047,0.001577459751884228,339.44444444444446,2.926448797451031,27,0.9966605950212508,0.005213516871273395,1.0,1.0
3.2,8,4,0.9708561020036429,0.012926880466315087,0.9981785063752276,0.003472616990722647,0.9996964177292047,0.001577459751884228,342.44444444444446,3.693375913852483,27,0.9966605950212508,0.005213516871273395,1.0,1.0
3.2,9,4,0.9720704310868244,0.010725655585333688,0.9975713418336369,0.0038141116964596385,0.9990892531876138,0.00262505170172276,344.3333333333333,5.28422907556787,27,0.9966605950212508,0.005213516871273395,1.0,1.0
3.2,10,4,0.9702489374620521,0.01162489293179192,0.9972677595628414,0.004546722919878934,0.9993928354584093,0.0021875430847689632,345.44444444444446,5.286654702996781,27,0.9966605950212508,0.005213516871273395,1.0,1.0
3.2,11,4,0.9702489374620521,0.012273656857605258,0.9978749241044323,0.0036604597106944404,1.0,0.0,346.8888888888889,6.3447939490900795,27,0.9966605950212508,0.005213516871273395,1.0,1.0
3.2,12,4,0.9720704310868244,0.011649565530325652,0.9978749241044323,0.003660459710694441,1.0,0.0,350.6666666666667,8.974322344247584,27,0.9966605950212508,0.005213516871273395,1.0,1.0
3.2,13,4,0.9735883424408015,0.013703172183861334,0.9981785063752276,0.003472616990722647,1.0,0.0,353.44444444444446,8.754486029517988,27,0.9966605950212508,0.005213516871273395,1.0,1.0
3.2,14,4,0.9799635701275045,0.014791415140742233,0.9984820886460232,0.0032446507431440202,1.0,0.0,365.44444444444446,8.714856163398109,27,0.9966605950212508,0.005213516871273395,1.0,1.0
3.2,15,4,0.9829993928354583,0.01590149730275578,0.9981785063752276,0.003472616990722647,0.9996964177292047,0.001577459751884228,374.3333333333333,5.540063870778719,27,0.9966605950212508,0.005213516871273395,1.0,1.0
3.2,16,4,0.9817850637522768,0.014437784359475075,0.9978749241044323,0.003660459710694441,0.9996964177292047,0.001577459751884223,378.22222222222223,5.34453950907864,27,0.9966605950212508,0.005213516871273395,1.0,1.0
3.2,17,4,0.9820886460230722,0.01326307931538538,0.9978749241044323,0.0036604597106944404,0.9993928354584092,0.0021875430847689533,380.6666666666667,3.932116282809867,27,0.9966605950212508,0.005213516871273395,1.0,1.0
3.2,18,4,0.9829993928354583,0.01264240936585521,0.9978749241044323,0.0036604597106944404,0.9993928354584092,0.0021875430847689533,384.0,4.557327151876501,27,0.9966605950212508,0.005213516871273395,1.0,1.0
3.2,19,4,0.9833029751062539,0.011917593385929199,0.9981785063752276,0.003472616990722647,1.0,0.0,385.1111111111111,4.414428557263059,27,0.9966605950212508,0.005213516871273395,1.0,1.0
3.2,20,4,0.982695810564663,0.010981379132083339,0.9978749241044323,0.0036604597106944404,1.0,0.0,386.0,3.594868137091678,27,0.9966605950212508,0.005213516871273395,1.0,1.0
3.2,21,4,0.9851244687310261,0.012665099918421081,0.9978749241044323,0.0036604597106944404,0.9996964177292047,0.001577459751884223,387.0,3.1500915737605,27,0.9966605950212508,0.005213516871273395,1.0,1.0
3.2,22,4,0.9875531268973893,0.010752391785315783,0.9981785063752276,0.003472616990722647,1.0,0.0,390.0,3.6584990617212685,27,0.9966605950212508,0.005213516871273395,1.0,1.0
3.2,23,4,0.9884638737097753,0.009976731466396488,0.9978749241044323,0.0036604597106944387,1.0,0.0,392.55555555555554,5.706496522745153,27,0.9966605950212508,0.005213516871273395,1.0,1.0
3.2,24,4,0.9890710382513661,0.009093445839757873,0.9978749241044323,0.0036604597106944387,1.0,0.0,394.55555555555554,7.175456744150805,27,0.9966605950212508,0.005213516871273395,1.0,1.0
3.2,25,4,0.9914996964177292,0.0066207067514819995,0.9981785063752276,0.003472616990722648,0.9993928354584092,0.0021875430847689533,397.55555555555554,7.287150616157489,27,0.9966605950212508,0.005213516871273395,1.0,1.0
3.2,26,4,0.9914996964177292,0.0077031340941031146,0.9981785063752276,0.003472616990722648,0.9993928354584092,0.0021875430847689533,399.44444444444446,5.1986191460464335,27,0.9966605950212508,0.005213516871273395,1.0,1.0
3.2,27,4,0.9902853673345476,0.009919006402514951,0.9978749241044323,0.0036604597106944404,0.9996964177292047,0.001577459751884223,400.8888888888889,5.002563445438811,27,0.9966605950212508,0.005213516871273395,1.0,1.0
3.2,28,4,0.9899817850637523,0.009187680956029582,0.9978749241044323,0.0036604597106944404,0.9996964177292047,0.001577459751884223,402.8888888888889,4.440489693485267,27,0.9966605950212508,0.005213516871273395,1.0,1.0
3.2,29,4,0.9911961141469339,0.007850811445362782,0.9981785063752276,0.003472616990722647,1.0,0.0,404.55555555555554,3.2972404934724784,27,0.9966605950212508,0.005213516871273395,1.0,1.0
3.2,30,4,0.9924104432301154,0.008173335468349372,0.9990892531876138,0.002625051701722746,1.0,0.0,408.22222222222223,5.19121545967013,27,0.9966605950212508,0.005213516871273395,1.0,1.0
3.2,35,4,0.9963570127504554,0.006156291936055827,0.9987856709168185,0.0029673278106413783,1.0,0.0,420.0,9.063875890249498,27,0.9966605950212508,0.005213516871273395,1.0,1.0
3.2,40,4,0.9957498482088646,0.007320919421388889,0.9990892531876138,0.0026250517017227543,1.0,0.0,432.77777777777777,8.413968849174081,27,0.9966605950212508,0.005213516871273395,1.0,1.0
3.2,45,4,0.9954462659380693,0.0057211675446894586,1.0,0.0,1.0,0.0,452.0,2.961288700756962,27,0.9966605950212508,0.005213516871273395,1.0,1.0
3.2,50,4,0.9972677595628416,0.0050833907618528015,1.0,0.0,1.0,0.0,469.6666666666667,3.8430756913220865,27,0.9966605950212508,0.005213516871273395,1.0,1.0
3.2,55,4,0.9963570127504554,0.005250103403445499,1.0,0.0,1.0,0.0,479.77777777777777,3.8663571936278633,27,0.9966605950212508,0.005213516871273395,1.0,1.0
3.2,60,4,0.9966605950212508,0.005687612020399287,0.9996964177292047,0.0015774597518842127,1.0,0.0,489.22222222222223,6.0340911834555815,27,0.9966605950212508,0.005213516871273395,1.0,1.0
3.2,65,4,0.9957498482088646,0.006959000563797312,1.0,0.0,1.0,0.0,494.44444444444446,4.733947233573313,27,0.9966605950212508,0.005213516871273395,1.0,1.0
3.2,70,4,0.9960534304796599,0.006577196706758359,1.0,0.0,1.0,0.0,499.1111111111111,2.2245714078711707,27,0.9966605950212508,0.005213516871273395,1.0,1.0
3.2,75,4,0.9966605950212508,0.005687612020399287,0.9996964177292047,0.001577459751884217,1.0,0.0,501.8888888888889,2.006400016357913,27,0.9966605950212508,0.005213516871273395,1.0,1.0
3.2,80,4,0.9966605950212508,0.006125120637353063,0.9996964177292047,0.001577459751884217,1.0,0.0,504.0,2.0939473213563486,27,0.9966605950212508,0.005213516871273395,1.0,1.0
3.2,85,4,0.9966605950212508,0.006125120637353063,1.0,0.0,1.0,0.0,504.44444444444446,2.358835001457813,27,0.9966605950212508,0.005213516871273395,1.0,1.0
3.2,90,4,0.9960534304796599,0.006577196706758345,1.0,0.0,1.0,0.0,506.1111111111111,2.6066974881776983,27,0.9966605950212508,0.005213516871273395,1.0,1.0
3.2,95,4,0.9960534304796599,0.00617181854819588,1.0,0.0,1.0,0.0,507.6666666666667,3.464101615137759,27,0.9966605950212508,0.005213516871273395,1.0,1.0
3.2,100,4,0.9960534304796599,0.005737871719053736,1.0,0.0,1.0,0.0,509.77777777777777,2.8329562343320873,27,0.9966605950212508,0.005213516871273395,1.0,1.0
3.2,105,4,0.9972677595628414,0.004546722919878923,1.0,0.0,1.0,0.0,511.3333333333333,2.7595986330234146,27,0.9966605950212508,0.005213516871273395,1.0,1.0
3.2,110,4,0.9960534304796599,0.006577196706758347,1.0,0.0,1.0,0.0,512.3333333333334,2.541955637208943,27,0.9966605950212508,0.005213516871273395,1.0,1.0
3.2,115,4,0.9960534304796599,0.005737871719053734,1.0,0.0,1.0,0.0,513.8888888888889,2.4703368398993906,27,0.9966605950212508,0.005213516871273395,1.0,1.0
3.2,120,4,0.9957498482088646,0.006171818548195895,1.0,0.0,1.0,0.0,515.5555555555555,3.5337203464874603,27,0.9966605950212508,0.005213516871273395,1.0,1.0
3.2,125,4,0.9963570127504554,0.005721167544689446,0.9996964177292047,0.0015774597518842175,1.0,0.0,518.0,3.1865100272627696,27,0.9966605950212508,0.005213516871273395,1.0,1.0
3.2,130,4,0.9957498482088646,0.006171818548195897,0.9993928354584092,0.002187543084768942,1.0,0.0,520.0,2.4494897427831965,27,0.9966605950212508,0.005213516871273395,1.0,1.0
3.2,135,4,0.9954462659380693,0.006156291936055824,0.9993928354584092,0.002187543084768942,1.0,0.0,520.6666666666666,2.7174648819470266,27,0.9966605950212508,0.005213516871273395,1.0,1.0
3.2,140,4,0.9957498482088646,0.006959000563797297,1.0,0.0,1.0,0.0,522.7777777777778,2.342472942678209,27,0.9966605950212508,0.005213516871273395,1.0,1.0
3.2,145,4,0.9966605950212508,0.006125120637353076,1.0,0.0,1.0,0.0,524.3333333333334,1.9806758753205504,27,0.9966605950212508,0.005213516871273395,1.0,1.0
3.2,150,4,0.9957498482088646,0.006171818548195905,1.0,0.0,1.0,0.0,526.5555555555555,2.546994206349785,27,0.9966605950212508,0.005213516871273395,1.0,1.0
3.2,155,4,0.9960534304796599,0.006171818548195881,1.0,0.0,1.0,0.0,527.8888888888889,1.8257418583505478,27,0.9966605950212508,0.005213516871273395,1.0,1.0
3.2,160,4,0.9960534304796599,0.005268301390085684,1.0,0.0,1.0,0.0,528.6666666666666,2.253202848596436,27,0.9966605950212508,0.005213516871273395,1.0,1.0
3.2,165,4,0.9960534304796599,0.005737871719053751,1.0,0.0,1.0,0.0,529.5555555555555,2.454718115312034,27,0.9966605950212508,0.005213516871273395,1.0,1.0
3.2,170,4,0.994535519125683,0.007189000158254372,0.9996964177292047,0.001577459751884217,1.0,0.0,530.7777777777778,1.846687956926233,27,0.9966605950212508,0.005213516871273395,1.0,1.0
3.2,175,4,0.9957498482088646,0.006171818548195913,1.0,0.0,1.0,0.0,531.7777777777778,2.189719569915693,27,0.9966605950212508,0.005213516871273395,1.0,1.0
3.2,180,4,0.9960534304796599,0.00573787171905374,1.0,0.0,1.0,0.0,532.6666666666666,1.8605210188381314,27,0.9966605950212508,0.005213516871273395,1.0,1.0
3.2,185,4,0.9969641772920461,0.005158150521003226,0.9996964177292047,0.001577459751884217,1.0,0.0,533.1111111111111,1.9480430680228387,27,0.9966605950212508,0.005213516871273395,1.0,1.0
3.2,190,4,0.9963570127504554,0.006156291936055832,1.0,0.0,1.0,0.0,534.0,1.980675875320574,27,0.9966605950212508,0.005213516871273395,1.0,1.0
3.2,195,4,0.9966605950212508,0.004691757222993767,1.0,0.0,1.0,0.0,534.7777777777778,1.7171831436157523,27,0.9966605950212508,0.005213516871273395,1.0,1.0
3.2,200,4,0.9972677595628414,0.005083390761852821,1.0,0.0,1.0,0.0,535.3333333333334,1.6641005886756928,27,0.9966605950212508,0.005213516871273395,1.0,1.0
3.2,205,4,0.9966605950212508,0.005687612020399285,1.0,0.0,1.0,0.0,535.6666666666666,1.6641005886757003,27,0.9966605950212508,0.005213516871273395,1.0,1.0
3.2,210,4,0.9966605950212508,0.005687612020399282,1.0,0.0,1.0,0.0,536.2222222222222,1.5021352323976176,27,0.9966605950212508,0.005213516871273395,1.0,1.0
3.2,215,4,0.9966605950212508,0.0056876120203992854,1.0,0.0,1.0,0.0,536.4444444444445,1.3681355458414455,27,0.9966605950212508,0.005213516871273395,1.0,1.0
3.2,220,4,0.9963570127504554,0.006156291936055834,0.9996964177292047,0.001577459751884217,1.0,0.0,536.6666666666666,1.2709778186044898,27,0.9966605950212508,0.005213516871273395,1.0,1.0
3.2,225,4,0.9954462659380693,0.005721167544689446,1.0,0.0,1.0,0.0,539.1111111111111,2.8599802760661204,27,0.9966605950212508,0.005213516871273395,1.0,1.0
3.2,230,4,0.9969641772920461,0.005158150521003232,1.0,0.0,1.0,0.0,544.2222222222222,1.6486202467362454,27,0.9966605950212508,0.005213516871273395,1.0,1.0
3.2,235,4,0.9954462659380693,0.006156291936055827,1.0,0.0,1.0,0.0,547.3333333333334,1.5191090506254987,27,0.9966605950212508,0.005213516871273395,1.0,1.0
3.2,240,4,0.9948391013964785,0.0060780639559321805,1.0,0.0,1.0,0.0,547.6666666666666,1.358732440973508,27,0.9966605950212508,0.005213516871273395,1.0,1.0
3.2,244,4,0.9972677595628416,0.004546722919878934,1.0,0.0,1.0,0.0,564.5555555555555,1.4500221041639536,27,0.9966605950212508,0.005213516871273395,1.0,1.0
4.1,1,2,0.4129477838494232,0.0411398521971213,0.6857164541590771,0.04693514158241358,0.804341226472374,0.03341463905992747,166.55555555555554,11.678987708448066,108,0.955069823922283,0.019586449735869906,0.9875531268973892,0.994535519125683
4.1,2,2,0.5245142683667274,0.07914154623787865,0.7745142683667274,0.07704294876151402,0.8673345476624165,0.05495841441235937,189.88888888888889,6.183084149113259,108,0.955069823922283,0.019586449735869906,0.9875531268973892,0.994535519125683
4.1,3,2,0.5841681845780207,0.05993663232416792,0.8248330297510625,0.039740494207567416,0.8986794171220401,0.026482480810116428,202.11111111111111,4.2212930059099705,108,0.955069823922283,0.019586449735869906,0.9875531268973892,0.994535519125683
4.1,4,2,0.6678809957498482,0.08863971684058829,0.8795537340619307,0.058374726241771174,0.9365513054037644,0.03769343172026267,241.77777777777777,41.17556060671498,108,0.955069823922283,0.019586449735869906,0.9875531268973892,0.994535519125683
4.1,5,2,0.7128870673952641,0.09707847683819162,0.9035367334547663,0.05649596523615068,0.9501366120218578,0.03619357274204972,276.1111111111111,48.945006968689924,108,0.955069823922283,0.019586449735869906,0.9875531268973892,0.994535519125683
4.1,6,2,0.7877959927140255,0.06905619405827107,0.9467213114754097,0.03239190614709403,0.9766241651487553,0.01827060251106765,325.55555555555554,27.705167820959694,108,0.955069823922283,0.019586449735869906,0.9875531268973892,0.994535519125683
4.1,7,2,0.8141317547055252,0.06354914794102112,0.9558287795992714,0.029024890866967076,0.9822404371584699,0.013974248920761618,343.44444444444446,8.28615931159134,108,0.955069823922283,0.019586449735869906,0.9875531268973892,0.994535519125683
4.1,8,2,0.8268822100789314,0.05413615767366538,0.9633424408014571,0.019872148891821675,0.9858075288403157,0.010842170657690053,348.0,6.944371754552036,108,0.955069823922283,0.019586449735869906,0.9875531268973892,0.994535519125683
4.1,9,2,0.8327261687917425,0.05336891203379605,0.9633424408014571,0.021393764987129322,0.9853521554341227,0.011096579473628113,350.44444444444446,7.230947680724212,108,0.955069823922283,0.019586449735869906,0.9875531268973892,0.994535519125683
4.1,10,2,0.8310564663023678,0.051668741627233686,0.9636460230722526,0.021563754936556,0.9850485731633272,0.01068008812781669,353.77777777777777,8.482343765919863,108,0.955069823922283,0.019586449735869906,0.9875531268973892,0.994535519125683
4.1,11,2,0.8347753491196115,0.05005556463487266,0.9648603521554341,0.020016736998595318,0.9853521554341227,0.01051550760854591,359.1111111111111,8.979034077199053,108,0.955069823922283,0.019586449735869906,0.9875531268973892,0.994535519125683
4.1,12,2,0.8355343047966,0.048450656050900126,0.9668336369156042,0.01689831793513742,0.9858075288403157,0.010185218271907617,362.77777777777777,9.622144759975875,108,0.955069823922283,0.019586449735869906,0.9875531268973892,0.994535519125683
4.1,13,2,0.8454007285974499,0.039595907825810545,0.9679720704310868,0.016182845118580896,0.9858075288403157,0.010368515996571001,370.44444444444446,6.426192508458109,108,0.955069823922283,0.019586449735869906,0.9875531268973892,0.994535519125683
4.1,14,2,0.8504098360655737,0.04349043854711118,0.9666059502125075,0.018403767308108228,0.9855798421372192,0.011029574497672792,375.44444444444446,6.231264754135957,108,0.955069823922283,0.019586449735869906,0.9875531268973892,0.994535519125683
4.1,15,2,0.8484365513054037,0.04414062928314011,0.9667577413479053,0.018408189544279252,0.9864146933819065,0.011159275463736993,376.77777777777777,5.639204115206265,108,0.955069823922283,0.019586449735869906,0.9875531268973892,0.994535519125683
4.1,16,2,0.8517000607164541,0.04362611656504532,0.967896174863388,0.017329090501285387,0.9870218579234973,0.010579449010433886,380.6666666666667,4.9897090357737515,108,0.955069823922283,0.019586449735869906,0.9875531268973892,0.994535519125683
4.1,17,2,0.8579993928354583,0.040758208188218896,0.9694899817850637,0.01713627758882144,0.9864905889496053,0.011167868637029713,383.3333333333333,5.337225993754743,108,0.955069823922283,0.019586449735869906,0.9875531268973892,0.994535519125683
4.1,18,2,0.8696114146933819,0.04113709632389081,0.9688069216757741,0.01678924417108491,0.9884638737097753,0.010633442222744986,389.6666666666667,5.034460685368723,108,0.955069823922283,0.019586449735869906,0.9875531268973892,0.994535519125683
4.1,19,2,0.8723436551305404,0.04196322264463419,0.9707043108682453,0.01537366315408778,0.988615664845173,0.009563753449336751,390.0,5.122791295202814,108,0.955069823922283,0.019586449735869906,0.9875531268973892,0.994535519125683
4.1,20,2,0.8765938069216758,0.040417933668562334,0.9732088646023072,0.01476543499405751,0.9890710382513661,0.009442618694992489,391.6666666666667,4.2360270577092285,108,0.955069823922283,0.019586449735869906,0.9875531268973892,0.994535519125683
4.1,21,2,0.8763661202185793,0.03896717112224165,0.9721463266545234,0.01499052248244281,0.9877049180327868,0.009409311294221503,393.22222222222223,3.9843932296021793,108,0.955069823922283,0.019586449735869906,0.9875531268973892,0.994535519125683
4.1,22,2,0.8832726168791742,0.033070444759400214,0.9724499089253187,0.01517860992531138,0.988084395871281,0.009599856379131681,395.6666666666667,3.069293200015838,108,0.955069823922283,0.019586449735869906,0.9875531268973892,0.994535519125683
4.1,23,2,0.8844869459623558,0.0321591710823708,0.9727534911961142,0.015761876884873887,0.9883879781420765,0.009582883708243449,398.0,3.698951606963017,108,0.955069823922283,0.019586449735869906,0.9875531268973892,0.994535519125683
4.1,24,2,0.8907103825136612,0.03133766653061706,0.9724499089253187,0.015343189680259562,0.9889192471159683,0.00952964927850052,399.55555555555554,4.212427837554525,108,0.955069823922283,0.019586449735869906,0.9875531268973892,0.994535519125683
4.1,25,2,0.8960989678202793,0.03165323534622329,0.9741955069823922,0.015959273445170896,0.9888433515482695,0.009204094772139636,401.22222222222223,4.801349758303123,108,0.955069823922283,0.019586449735869906,0.9875531268973892,0.994535519125683
4.1,26,2,0.895795385549484,0.03228610445459332,0.975789313904068,0.01538103584337777,0.988615664845173,0.00936471715082486,402.77777777777777,5.095963829544364,108,0.955069823922283,0.019586449735869906,0.9875531268973892,0.994535519125683
4.1,27,2,0.8997419550698239,0.03164882679201868,0.9740437158469946,0.015548147258477167,0.9878567091681846,0.00986420834000162,404.8888888888889,3.262168687895602,108,0.955069823922283,0.019586449735869906,0.9875531268973892,0.994535519125683
4.1,28,2,0.9068761384335154,0.030328766013366485,0.976244687310261,0.01540369890791757,0.9892228293867639,0.009682172089947719,409.77777777777777,5.678839774443434,108,0.955069823922283,0.019586449735869906,0.9875531268973892,0.994535519125683
4.1,29,2,0.916514875531269,0.03021862710335999,0.9799635701275045,0.012744374171470419,0.9899817850637523,0.009398182595715574,413.55555555555554,6.338332180365785,108,0.955069823922283,0.019586449735869906,0.9875531268973892,0.994535519125683
4.1,30,2,0.9212204007285975,0.031052513499009674,0.9815573770491803,0.01181324375489298,0.9911202185792349,0.008832760997652088,416.6666666666667,6.4937065147006185,108,0.955069823922283,0.019586449735869906,0.9875531268973892,0.994535519125683
4.1,35,2,0.9292653309046751,0.027348777765513373,0.9812537947783849,0.011431053383833009,0.9910443230115361,0.00819955803809141,430.44444444444446,7.3234144191008275,108,0.955069823922283,0.019586449735869906,0.9875531268973892,0.994535519125683
4.1,40,2,0.9442167577413478,0.025955612171745,0.985655737704918,0.010460071998535176,0.9933211900425015,0.006643768672236326,452.77777777777777,7.225775944923167,108,0.955069823922283,0.019586449735869906,0.9875531268973892,0.994535519125683
4.1,45,2,0.9484669095324832,0.022075352154385323,0.9878567091681846,0.009408075422239481,0.9946114146933819,0.007012872049354298,473.0,4.921818674577563,108,0.955069823922283,0.019586449735869906,0.9875531268973892,0.994535519125683
4.1,50,2,0.9523375834851244,0.022304479521270855,0.9888433515482695,0.009135619464470496,0.9943837279902853,0.0069667082386442765,483.55555555555554,3.385878682827932,108,0.955069823922283,0.019586449735869906,0.9875531268973892,0.994535519125683
4.1,55,2,0.9520340012143291,0.022210442321839025,0.9877049180327868,0.009409311294221479,0.9940042501517911,0.007228426569790511,492.55555555555554,3.3189721788510833,108,0.955069823922283,0.019586449735869906,0.9875531268973892,0.994535519125683
4.1,60,2,0.9511991499696418,0.021244318509330243,0.9874772313296903,0.00940653035392302,0.9937765634486946,0.006896250914785676,499.1111111111111,2.5258785214843638,108,0.955069823922283,0.019586449735869906,0.9875531268973892,0.994535519125683
4.1,65,2,0.9500607164541591,0.023467477886696998,0.9867941712204007,0.010137442390166385,0.9932452944748027,0.006892456089623895,502.3333333333333,2.761551778312168,108,0.955069823922283,0.019586449735869906,0.9875531268973892,0.994535519125683
4.1,70,2,0.9536278081360048,0.020300533331202898,0.988615664845173,0.00902323885533208,0.9941560412871888,0.006912671084291265,505.0,3.9624404827630118,108,0.955069823922283,0.019586449735869906,0.9875531268973892,0.994535519125683
4.1,75,2,0.9524134790528233,0.020646978978814876,0.9883879781420766,0.009582883708243492,0.9943078324225866,0.006578250573086007,508.55555555555554,2.5988255195370114,108,0.955069823922283,0.019586449735869906,0.9875531268973892,0.994535519125683
4.1,80,2,0.9517304189435337,0.020336730022439815,0.987629022465088,0.009801236172585817,0.9941560412871888,0.007180005170217133,509.6666666666667,2.919480173931881,108,0.955069823922283,0.019586449735869906,0.9875531268973892,0.994535519125683
4.1,85,2,0.9509714632665451,0.020449058574074815,0.9877808136004858,0.009138164737059997,0.99408014571949,0.0069833790168201265,510.6666666666667,3.3488734331156813,108,0.955069823922283,0.019586449735869906,0.9875531268973892,0.994535519125683
4.1,90,2,0.9516545233758349,0.02215737101234646,0.98816029143898,0.008558973373216075,0.9938524590163935,0.0066415805587915116,512.7777777777778,4.012441709672626,108,0.955069823922283,0.019586449735869906,0.9875531268973892,0.994535519125683
4.1,95,2,0.9520340012143291,0.022210442321839018,0.98816029143898,0.00919556324417728,0.9943078324225865,0.006482095573762482,515.2222222222222,3.722458571873478,108,0.955069823922283,0.019586449735869906,0.9875531268973892,0.994535519125683
4.1,100,2,0.9514268366727383,0.01962559302041284,0.988615664845173,0.00866831884310883,0.9943837279902853,0.007232045105441545,519.2222222222222,5.353544259373551,108,0.955069823922283,0.019586449735869906,0.9875531268973892,0.994535519125683
4.1,105,2,0.9519581056466302,0.020371435461876093,0.9878567091681846,0.009205673817043486,0.9937765634486946,0.007076009597895797,521.7777777777778,4.8478405122692045,108,0.955069823922283,0.019586449735869906,0.9875531268973892,0.994535519125683
4.1,110,2,0.953551912568306,0.021232958093369177,0.9877049180327868,0.009737259722639802,0.9943078324225866,0.006766462573024288,523.8888888888889,3.7723374179698586,108,0.955069823922283,0.019586449735869906,0.9875531268973892,0.994535519125683
4.1,115,2,0.9518063145112324,0.02284875180353321,0.9878567091681846,0.01048144941905053,0.9947632058287795,0.0071279931293318785,525.8888888888889,3.6820690377495153,108,0.955069823922283,0.019586449735869906,0.9875531268973892,0.994535519125683
4.1,120,2,0.9546144505160898,0.021275084306133195,0.9884638737097753,0.008826505616993247,0.9948391013964785,0.006096137946692215,532.5555555555555,4.667111683276315,108,0.955069823922283,0.019586449735869906,0.9875531268973892,0.994535519125683
4.1,122,2,0.9536278081360048,0.02210693388059833,0.988615664845173,0.009563753449336765,0.9944596235579842,0.0068924560896238786,552.2222222222222,4.730757054140063,108,0.955069823922283,0.019586449735869906,0.9875531268973892,0.994535519125683
4.2,1,4,0.5393139040680024,0.04051321859028801,0.8140558591378264,0.03770774455422062,0.9115057680631451,0.025987693601433052,168.77777777777777,7.368127861003811,54,0.9869459623557985,0.01164848041500521,0.9984820886460232,0.9998482088646022
4.2,2,4,0.6256830601092895,0.05915027601844188,0.864146933819065,0.04055144408023491,0.936247723132969,0.028557505010764067,188.77777777777777,4.847355500261137,54,0.9869459623557985,0.01164848041500521,0.9984820886460232,0.9998482088646022
4.2,3,4,0.6924711596842745,0.03548804888034359,0.8969338190649666,0.025105531035408357,0.9526411657559198,0.020370296529822543,194.44444444444446,2.8987093202441727,54,0.9869459623557985,0.01164848041500521,0.9984820886460232,0.9998482088646022
4.2,4,4,0.8304493017607771,0.08399629076187662,0.9571948998178507,0.038003853594889676,0.979204614450516,0.0251111407921524,249.33333333333334,44.288079234305826,54,0.9869459623557985,0.01164848041500521,0.9984820886460232,0.9998482088646022
4.2,5,4,0.9119611414693382,0.05364763603758749,0.9877049180327868,0.010886995413537609,0.9971159684274439,0.00454771571918329,310.8888888888889,19.868118641803502,54,0.9869459623557985,0.01164848041500521,0.9984820886460232,0.9998482088646022
4.2,6,4,0.9339708561020037,0.04602235096132695,0.9911961141469339,0.010781909262772607,0.9972677595628414,0.00450362504749801,331.0,9.575913178780754,54,0.9869459623557985,0.01164848041500521,0.9984820886460232,0.9998482088646022
4.2,7,4,0.9518822100789314,0.020331653577926205,0.9955980570734668,0.005677284043799949,0.9987856709168185,0.002939200845891371,339.44444444444446,2.8987093202442034,54,0.9869459623557985,0.01164848041500521,0.9984820886460232,0.9998482088646022
4.2,8,4,0.9532483302975107,0.020738058215145298,0.9957498482088646,0.005902313932976203,0.9983302975106254,0.003332237327259612,342.44444444444446,3.658366821238963,54,0.9869459623557985,0.01164848041500521,0.9984820886460232,0.9998482088646022
4.2,9,4,0.9565877352762598,0.02092063689274119,0.9951426836672739,0.005854391781944838,0.99802671523983,0.003537276095025108,344.3333333333333,5.234140465739756,54,0.9869459623557985,0.01164848041500521,0.9984820886460232,0.9998482088646022
4.2,10,4,0.9585610200364298,0.019332611595972608,0.9954462659380693,0.005886383232039667,0.9986338797814207,0.003083421286324933,345.44444444444446,5.236543100920578,54,0.9869459623557985,0.01164848041500521,0.9984820886460232,0.9998482088646022
4.2,11,4,0.9553734061930783,0.020182739934154908,0.9952944748026715,0.005872408417471656,0.9984820886460232,0.003213895065678524,346.8888888888889,6.284652364762261,54,0.9869459623557985,0.01164848041500521,0.9984820886460232,0.9998482088646022
4.2,12,4,0.9568913175470551,0.02052642822845176,0.9936247723132969,0.005886383232039691,0.9986338797814207,0.0034702761633648256,350.6666666666667,8.889255757628325,54,0.9869459623557985,0.01164848041500521,0.9984820886460232,0.9998482088646022
4.2,13,4,0.961900425015179,0.017813346325890198,0.9937765634486946,0.006743264035033002,0.9981785063752276,0.003790365283978109,353.44444444444446,8.671503246465349,54,0.9869459623557985,0.01164848041500521,0.9984820886460232,0.9998482088646022
4.2,14,4,0.9640255009107468,0.018322661482570966,0.9946873102610808,0.006199115018282998,0.9977231329690346,0.004033406296392528,365.44444444444446,8.632249027364777,54,0.9869459623557985,0.01164848041500521,0.9984820886460232,0.9998482088646022
4.2,15,4,0.9655434122647237,0.019132432687796925,0.9954462659380693,0.005886383232039679,0.9978749241044323,0.0036257626270482647,374.3333333333333,5.4875502318584655,54,0.9869459623557985,0.01164848041500521,0.9984820886460232,0.9998482088646022
4.2,16,4,0.9676684881602915,0.019068522539423677,0.9952944748026715,0.005423515555382737,0.9978749241044323,0.0036257626270482335,378.22222222222223,5.293879223471636,54,0.9869459623557985,0.01164848041500521,0.9984820886460232,0.9998482088646022
4.2,17,4,0.9666059502125075,0.019295540398686962,0.9949908925318761,0.0051390354772082245,0.9974195506982392,0.004159480556643794,380.6666666666667,3.894844197237511,54,0.9869459623557985,0.01164848041500521,0.9984820886460232,0.9998482088646022
4.2,18,4,0.9658469945355191,0.019743529572683417,0.9955980570734668,0.0052116115043115965,0.99802671523983,0.003879130314064274,384.0,4.514128763179683,54,0.9869459623557985,0.01164848041500521,0.9984820886460232,0.9998482088646022
4.2,19,4,0.967820279295689,0.020690460007950547,0.9955980570734668,0.005211611504311597,0.9984820886460232,0.0035867047988717023,385.1111111111111,4.372584688184536,54,0.9869459623557985,0.01164848041500521,0.9984820886460232,0.9998482088646022
4.2,20,4,0.96645415907711,0.02077707516921223,0.9957498482088646,0.004707511089537961,0.9987856709168185,0.003342787973166264,386.0,3.5607927885541097,54,0.9869459623557985,0.01164848041500521,0.9984820886460232,0.9998482088646022
4.2,21,4,0.9690346083788706,0.019673849462707695,0.9962052216150576,0.00442209283130778,0.9990892531876138,0.002600169133502117,387.0,3.1202322119681765,54,0.9869459623557985,0.01164848041500521,0.9984820886460232,0.9998482088646022
4.2,22,4,0.9694899817850637,0.01985025213162755,0.9960534304796599,0.005455882157936684,0.99802671523983,0.004485344093333929,390.0,3.6238205628449816,54,0.9869459623557985,0.01164848041500521,0.9984820886460232,0.9998482088646022
4.2,23,4,0.9707043108682454,0.01874570372788506,0.9966605950212508,0.005164098534433098,0.9987856709168185,0.0029392008458913443,392.55555555555554,5.652405287538327,54,0.9869459623557985,0.01164848041500521,0.9984820886460232,0.9998482088646022
4.2,24,4,0.973284760170006,0.01809770848584695,0.9957498482088646,0.005455882157936702,0.9984820886460232,0.0035867047988716923,394.55555555555554,7.10744140112603,54,0.9869459623557985,0.01164848041500521,0.9984820886460232,0.9998482088646022
4.2,25,4,0.9738919247115968,0.017228505195534767,0.9960534304796599,0.005455882157936707,0.9989374620522162,0.0032029198655024313,397.55555555555554,7.218076539551075,54,0.9869459623557985,0.01164848041500521,0.9984820886460232,0.9998482088646022
4.2,26,4,0.9740437158469946,0.01574256935853439,0.9959016393442623,0.005458033107027919,0.9987856709168185,0.003342787973166261,399.44444444444446,5.149342023058889,54,0.9869459623557985,0.01164848041500521,0.9984820886460232,0.9998482088646022
4.2,27,4,0.9741955069823922,0.015634083758594066,0.9954462659380693,0.005438643940572408,0.9983302975106254,0.003693120012433767,400.8888888888889,4.9551447122659,54,0.9869459623557985,0.01164848041500521,0.9984820886460232,0.9998482088646022
4.2,28,4,0.9746508803885853,0.015128134944618307,0.9960534304796599,0.00545588215793671,0.9984820886460232,0.003586704798871694,402.8888888888889,4.398398793843679,54,0.9869459623557985,0.01164848041500521,0.9984820886460232,0.9998482088646022
4.2,29,4,0.9764723740133576,0.015441450047191474,0.9959016393442623,0.0049718674313883274,0.9984820886460232,0.0032138950656785325,404.55555555555554,3.265986323710902,54,0.9869459623557985,0.01164848041500521,0.9984820886460232,0.9998482088646022
4.2,30,4,0.9755616272009715,0.014373792301963244,0.9962052216150576,0.004422092831307783,0.99802671523983,0.0035372760950250644,408.22222222222223,5.142008515388434,54,0.9869459623557985,0.01164848041500521,0.9984820886460232,0.9998482088646022
4.2,35,4,0.9793564055859137,0.013948587329545582,0.9974195506982392,0.004453830746913774,0.9992410443230115,0.0023982165560304854,420.0,8.977960435695058,54,0.9869459623557985,0.01164848041500521,0.9984820886460232,0.9998482088646022
4.2,40,4,0.9808743169398907,0.013321902547082022,0.9974195506982392,0.004159480556643841,0.9998482088646022,0.0011154324876061813,432.77777777777777,8.334213789965748,54,0.9869459623557985,0.01164848041500521,0.9984820886460232,0.9998482088646022
4.2,45,4,0.9825440194292653,0.013037809416899221,0.9981785063752276,0.0037903652839781244,0.9996964177292047,0.0015625071892867756,452.0,2.933218980046608,54,0.9869459623557985,0.01164848041500521,0.9984820886460232,0.9998482088646022
4.2,50,4,0.9854280510018215,0.013000845667510565,0.9984820886460232,0.0035867047988716928,0.9996964177292047,0.0015625071892868064,469.6666666666667,3.806647611447077,54,0.9869459623557985,0.01164848041500521,0.9984820886460232,0.9998482088646022
4.2,55,4,0.9857316332726169,0.013339512472214553,0.9981785063752276,0.004111228381766564,0.9996964177292047,0.0015625071892868038,479.77777777777777,3.829708431025357,54,0.9869459623557985,0.01164848041500521,0.9984820886460232,0.9998482088646022
4.2,60,4,0.9854280510018215,0.012299377192485543,0.9981785063752276,0.0034397004469764597,0.9996964177292047,0.0015625071892867723,489.22222222222223,5.976894715506665,54,0.9869459623557985,0.01164848041500521,0.9984820886460232,0.9998482088646022
4.2,65,4,0.9855798421372192,0.013315733571272142,0.9987856709168185,0.00293920084589137,1.0,0.0,494.44444444444446,4.689074683095575,54,0.9869459623557985,0.01164848041500521,0.9984820886460232,0.9998482088646022
4.2,70,4,0.9849726775956285,0.011673644584352542,0.9990892531876138,0.003048968570496181,0.9998482088646022,0.0011154324876061668,499.1111111111111,2.203484947066742,54,0.9869459623557985,0.01164848041500521,0.9984820886460232,0.9998482088646022
4.2,75,4,0.9851244687310261,0.012134122623009835,0.9989374620522162,0.002779094428725598,1.0,0.0,501.8888888888889,1.9873815775012063,54,0.9869459623557985,0.01164848041500521,0.9984820886460232,0.9998482088646022
4.2,80,4,0.9860352155434122,0.01208760185381852,0.9983302975106254,0.0036931200124337804,0.9990892531876138,0.0030489685704961694,504.0,2.0740990314960484,54,0.9869459623557985,0.01164848041500521,0.9984820886460232,0.9998482088646022
4.2,85,4,0.9851244687310261,0.011923349872755035,0.9984820886460232,0.003586704798871698,0.9996964177292047,0.0015625071892867758,504.44444444444446,2.3364758712332754,54,0.9869459623557985,0.01164848041500521,0.9984820886460232,0.9998482088646022
4.2,90,4,0.9845173041894354,0.011664591737248911,0.9981785063752276,0.004950574539405745,0.9998482088646022,0.0011154324876061622,506.1111111111111,2.58198889747162,54,0.9869459623557985,0.01164848041500521,0.9984820886460232,0.9998482088646022
4.2,95,4,0.9854280510018214,0.011221469650293971,0.9983302975106254,0.004325482061961608,0.9998482088646022,0.001115432487606164,507.6666666666667,3.4312657876737602,54,0.9869459623557985,0.01164848041500521,0.9984820886460232,0.9998482088646022
4.2,100,4,0.9852762598664238,0.01118899671787966,0.9983302975106254,0.00369312001243374,0.9998482088646022,0.001115432487606164,509.77777777777777,2.806102962558209,54,0.9869459623557985,0.01164848041500521,0.9984820886460232,0.9998482088646022
4.2,105,4,0.9863387978142076,0.011031583359187792,0.9986338797814207,0.003083421286324916,1.0,0.0,511.3333333333333,2.733440709656535,54,0.9869459623557985,0.01164848041500521,0.9984820886460232,0.9998482088646022
4.2,110,4,0.9867941712204007,0.01073062110844381,0.9984820886460232,0.003213895065678526,0.9998482088646022,0.001115432487606167,512.3333333333334,2.517860727186794,54,0.9869459623557985,0.01164848041500521,0.9984820886460232,0.9998482088646022
4.2,115,4,0.98618700667881,0.011462596584048355,0.9986338797814207,0.003083421286324924,0.9998482088646022,0.001115432487606167,513.8888888888889,2.4469207963577597,54,0.9869459623557985,0.01164848041500521,0.9984820886460232,0.9998482088646022
4.2,120,4,0.9855798421372192,0.012429432495154213,0.9983302975106254,0.003693120012433752,0.9998482088646022,0.001115432487606167,515.5555555555555,3.500224610941941,54,0.9869459623557985,0.01164848041500521,0.9984820886460232,0.9998482088646022
4.2,125,4,0.9851244687310261,0.012844619129333275,0.9986338797814207,0.003818133899049958,0.9996964177292047,0.0015625071892868057,518.0,3.1563054590681925,54,0.9869459623557985,0.01164848041500521,0.9984820886460232,0.9998482088646022
4.2,130,4,0.9846690953248329,0.01126427394168954,0.9983302975106254,0.004021749028382456,0.9995446265938069,0.0018951826419890219,520.0,2.4262713065175148,54,0.9869459623557985,0.01164848041500521,0.9984820886460232,0.9998482088646022
4.2,135,4,0.9845173041894354,0.011879956230508935,0.9986338797814207,0.003083421286324915,0.9993928354584092,0.00216680761125173,520.6666666666666,2.6917063396418364,54,0.9869459623557985,0.01164848041500521,0.9984820886460232,0.9998482088646022
4.2,140,4,0.9852762598664238,0.010726244835379055,0.9984820886460232,0.0035867047988716785,0.9998482088646022,0.0011154324876061859,522.7777777777778,2.3202689065584936,54,0.9869459623557985,0.01164848041500521,0.9984820886460232,0.9998482088646022
4.2,145,4,0.9843655130540376,0.010713105290019597,0.9987856709168185,0.002939200845891377,0.9998482088646022,0.0011154324876061622,524.3333333333334,1.9619012726876952,54,0.9869459623557985,0.01164848041500521,0.9984820886460232,0.9998482088646022
4.2,150,4,0.9863387978142076,0.010319101340929344,0.9984820886460232,0.0035867047988717045,0.9998482088646022,0.001115432487606164,526.5555555555555,2.5228515363004926,54,0.9869459623557985,0.01164848041500521,0.9984820886460232,0.9998482088646022
4.2,155,4,0.9854280510018214,0.010641650812124353,0.9986338797814207,0.0034702761633648074,0.9998482088646022,0.001115432487606164,527.8888888888889,1.8084358577435204,54,0.9869459623557985,0.01164848041500521,0.9984820886460232,0.9998482088646022
4.2,160,4,0.9855798421372192,0.011138529270012203,0.9986338797814207,0.0034702761633648074,0.9998482088646022,0.001115432487606164,528.6666666666666,2.2318449936032105,54,0.9869459623557985,0.01164848041500521,0.9984820886460232,0.9998482088646022
4.2,165,4,0.9852762598664238,0.01247467856922171,0.9987856709168185,0.00334278797316627,1.0,0.0,529.5555555555555,2.4314501198944227,54,0.9869459623557985,0.01164848041500521,0.9984820886460232,0.9998482088646022
4.2,170,4,0.9855798421372192,0.01232702163259802,0.9986338797814207,0.003470276163364824,0.9998482088646022,0.001115432487606188,530.7777777777778,1.8291834106195377,54,0.9869459623557985,0.01164848041500521,0.9984820886460232,0.9998482088646022
4.2,175,4,0.9860352155434122,0.011982269766424934,0.9987856709168185,0.0033427879731662705,1.0,0.0,531.7777777777778,2.16896346574197,54,0.9869459623557985,0.01164848041500521,0.9984820886460232,0.9998482088646022
4.2,180,4,0.9864905889496053,0.012553466796050933,0.9986338797814207,0.0034702761633648212,0.9995446265938069,0.0018951826419890015,532.6666666666666,1.8428853505018332,54,0.9869459623557985,0.01164848041500521,0.9984820886460232,0.9998482088646022
4.2,185,4,0.9864905889496053,0.011825490258427272,0.9986338797814207,0.0034702761633648204,0.9998482088646022,0.001115432487606164,533.1111111111111,1.929577788079974,54,0.9869459623557985,0.01164848041500521,0.9984820886460232,0.9998482088646022
4.2,190,4,0.9848208864602307,0.011636382284254435,0.9986338797814207,0.0034702761633648074,0.9996964177292047,0.0015625071892867728,534.0,1.9619012726876661,54,0.9869459623557985,0.01164848041500521,0.9984820886460232,0.9998482088646022
4.2,195,4,0.9854280510018215,0.011445175435727612,0.9989374620522162,0.003202919865502436,0.9998482088646022,0.0011154324876061883,534.7777777777778,1.7009061587889986,54,0.9869459623557985,0.01164848041500521,0.9984820886460232,0.9998482088646022
4.2,200,4,0.9858834244080145,0.010848113162851697,0.9992410443230115,0.0028786754715797998,1.0,0.0,535.3333333333334,1.6483267673842537,54,0.9869459623557985,0.01164848041500521,0.9984820886460232,0.9998482088646022
4.2,205,4,0.9860352155434122,0.010517390412152949,0.9990892531876138,0.0030489685704961906,1.0,0.0,535.6666666666666,1.6483267673842892,54,0.9869459623557985,0.01164848041500521,0.9984820886460232,0.9998482088646022
4.2,210,4,0.986642380085003,0.0108340380562588,0.9989374620522162,0.0032029198655024235,1.0,0.0,536.2222222222222,1.487896662402218,54,0.9869459623557985,0.01164848041500521,0.9984820886460232,0.9998482088646022
4.2,215,4,0.9870977534911961,0.010752475756559379,0.9984820886460232,0.003586704798871683,0.9998482088646022,0.001115432487606167,536.4444444444445,1.3551671437211523,54,0.9869459623557985,0.01164848041500521,0.9984820886460232,0.9998482088646022
4.2,220,4,0.986642380085003,0.010834038056258802,0.9986338797814207,0.003470276163364824,0.9998482088646022,0.0011154324876061637,536.6666666666666,1.2589303635933597,54,0.9869459623557985,0.01164848041500521,0.9984820886460232,0.9998482088646022
4.2,225,4,0.9867941712204007,0.011853249663427445,0.9990892531876138,0.0026001691335021085,0.9998482088646022,0.0011154324876061622,539.1111111111111,2.8328708464567383,54,0.9869459623557985,0.01164848041500521,0.9984820886460232,0.9998482088646022
4.2,230,4,0.9858834244080145,0.012065247085147366,0.9990892531876138,0.002600169133502101,1.0,0.0,544.2222222222222,1.6329931618554394,54,0.9869459623557985,0.01164848041500521,0.9984820886460232,0.9998482088646022
4.2,235,4,0.9852762598664238,0.012061355069857302,0.9989374620522161,0.0027790944287256073,0.9998482088646022,0.0011154324876061637,547.3333333333334,1.5047095877265497,54,0.9869459623557985,0.01164848041500521,0.9984820886460232,0.9998482088646022
4.2,240,4,0.9854280510018214,0.011772766464079319,0.9992410443230115,0.002398216556030495,0.9998482088646022,0.0011154324876061637,547.6666666666666,1.3458531698209277,54,0.9869459623557985,0.01164848041500521,0.9984820886460232,0.9998482088646022
4.2,244,4,0.9858834244080145,0.01317037642807812,0.9986338797814207,0.003083421286324912,0.9998482088646022,0.0011154324876061666,564.5555555555555,1.4362775086176653,54,0.9869459623557985,0.01164848041500521,0.9984820886460232,0.9998482088646022
5.1,1,1,0.25258044930176077,0.05815769754295843,0.4957498482088646,0.07461184208494334,0.6259866423800851,0.07297221274604704,167.33333333333334,10.457460999976892,54,0.8020643594414086,0.037794491680720944,0.940194292653309,0.9641772920461444
5.1,2,1,0.331511839708561,0.08247087243356908,0.5856102003642987,0.07409911796012053,0.7091681845780207,0.06581961224782504,193.88888888888889,11.640311651580129,54,0.8020643594414086,0.037794491680720944,0.940194292653309,0.9641772920461444
5.1,3,1,0.3530661809350334,0.06524142215752042,0.6138433515482696,0.059888618174528646,0.7222222222222222,0.06045742710389693,206.33333333333334,11.320377352201051,54,0.8020643594414086,0.037794491680720944,0.940194292653309,0.9641772920461444
5.1,4,1,0.3949605343047966,0.09042470058073691,0.6527018822100789,0.08860097253883023,0.7689738919247117,0.06395056531081625,243.33333333333334,47.99999999999999,54,0.8020643594414086,0.037794491680720944,0.940194292653309,0.9641772920461444
5.1,5,1,0.482695810564663,0.0860809151729207,0.7465088038858531,0.08314727185905096,0.840922890103218,0.07349535450838339,314.3333333333333,42.66588049590172,54,0.8020643594414086,0.037794491680720944,0.940194292653309,0.9641772920461444
5.1,6,1,0.4972677595628415,0.07735230040336974,0.7644201578627808,0.06667010335850937,0.8639951426836673,0.051312639473324054,322.3333333333333,36.28815493627698,54,0.8020643594414086,0.037794491680720944,0.940194292653309,0.9641772920461444
5.1,7,1,0.5166970248937462,0.06677987162411858,0.7844565877352763,0.05379969929843101,0.8727990285367334,0.047973140086801154,330.6666666666667,31.27842103817759,54,0.8020643594414086,0.037794491680720944,0.940194292653309,0.9641772920461444
5.1,8,1,0.5500910746812386,0.05808337870583759,0.8114754098360656,0.04774161192429221,0.893746205221615,0.03655167457986363,356.0,6.729265849104537,54,0.8020643594414086,0.037794491680720944,0.940194292653309,0.9641772920461444
5.1,9,1,0.5622343655130541,0.06269829214659856,0.8090467516697025,0.039282016877682416,0.8919247115968427,0.04430048626941512,361.55555555555554,9.215791751665346,54,0.8020643594414086,0.037794491680720944,0.940194292653309,0.9641772920461444
5.1,10,1,0.5570734669095325,0.06428447485371162,0.814207650273224,0.03834698549055354,0.9010321797207043,0.033545653013931864,366.44444444444446,7.732964640961753,54,0.8020643594414086,0.037794491680720944,0.940194292653309,0.9641772920461444
5.1,11,1,0.5622343655130541,0.061637964659820556,0.8090467516697025,0.04262502164987858,0.8979963570127504,0.03273529294762022,368.77777777777777,7.987411479219343,54,0.8020643594414086,0.037794491680720944,0.940194292653309,0.9641772920461444
5.1,12,1,0.5719489981785064,0.06089616094849653,0.8066180935033394,0.043939738384368064,0.8955676988463873,0.03825382088461196,371.6666666666667,6.2585790176968255,54,0.8020643594414086,0.037794491680720944,0.940194292653309,0.9641772920461444
5.1,13,1,0.585003035822708,0.05721767216358689,0.821190042501518,0.03267356204752891,0.8934426229508197,0.033209463593372644,376.6666666666667,5.508141487063415,54,0.8020643594414086,0.037794491680720944,0.940194292653309,0.9641772920461444
5.1,14,1,0.5962355798421372,0.053505671414300696,0.8245294474802671,0.045665695312467836,0.8986035215543412,0.03673617663336628,379.55555555555554,5.849259481164026,54,0.8020643594414086,0.037794491680720944,0.940194292653309,0.9641772920461444
5.1,15,1,0.5959319975713419,0.049760207235574117,0.8263509411050395,0.047075110895379524,0.8970856102003643,0.03465402177584001,381.8888888888889,6.9517655329533,54,0.8020643594414086,0.037794491680720944,0.940194292653309,0.9641772920461444
5.1,16,1,0.6044323011536127,0.045377938695143824,0.8357619914996964,0.038674936241948815,0.9058894960534305,0.03342787973166255,384.44444444444446,8.076676569141268,54,0.8020643594414086,0.037794491680720944,0.940194292653309,0.9641772920461444
5.1,17,1,0.6256830601092895,0.06390943859651638,0.8491196114146935,0.04300662803583768,0.911050394656952,0.037083442061948586,390.55555555555554,5.591997876570799,54,0.8020643594414086,0.037794491680720944,0.940194292653309,0.9641772920461444
5.1,18,1,0.6247723132969035,0.04950574539405714,0.843351548269581,0.04633119088146165,0.9095324833029751,0.03426023651472126,393.0,7.216333674249909,54,0.8020643594414086,0.037794491680720944,0.940194292653309,0.9641772920461444
5.1,19,1,0.6338797814207651,0.05075327672370846,0.8472981177899211,0.0436438300845519,0.9143897996357012,0.029646489471204285,395.0,7.073735636073547,54,0.8020643594414086,0.037794491680720944,0.940194292653309,0.9641772920461444
5.1,20,1,0.6508803885853067,0.06155564448627814,0.8597449908925319,0.04086486561994089,0.9210686095931998,0.031051192261124374,399.0,8.004715591331976,54,0.8020643594414086,0.037794491680720944,0.940194292653309,0.9641772920461444
5.1,21,1,0.6657559198542805,0.05673644122432517,0.8715846994535519,0.03844603081822479,0.9286581663630843,0.025507660672171858,402.77777777777777,8.029818641873781,54,0.8020643594414086,0.037794491680720944,0.940194292653309,0.9641772920461444
5.1,22,1,0.6687917425622344,0.05341872952580623,0.8743169398907105,0.041886134175536466,0.930783242258652,0.030984591206598654,405.8888888888889,7.3167336424779466,54,0.8020643594414086,0.037794491680720944,0.940194292653309,0.9641772920461444
5.1,23,1,0.6845780206435944,0.04870740605675306,0.8925318761384334,0.0328898270541324,0.936247723132969,0.02695912737279971,409.6666666666667,7.6429767983177035,54,0.8020643594414086,0.037794491680720944,0.940194292653309,0.9641772920461444
5.1,24,1,0.6915604128718883,0.04840863521616779,0.8855494839101397,0.03176424668831252,0.9386763812993322,0.027796012082506056,411.22222222222223,6.708672693474931,54,0.8020643594414086,0.037794491680720944,0.940194292653309,0.9641772920461444
5.1,25,1,0.6988463873709776,0.04618096886197679,0.8913175470552519,0.029064313787430233,0.940194292653309,0.025507660672171868,412.55555555555554,6.646510409901644,54,0.8020643594414086,0.037794491680720944,0.940194292653309,0.9641772920461444
5.1,26,1,0.710989678202793,0.047158814219495596,0.8919247115968427,0.034960217046782774,0.9453551912568307,0.026643805094163944,418.6666666666667,6.610454841200204,54,0.8020643594414086,0.037794491680720944,0.940194292653309,0.9641772920461444
5.1,27,1,0.7167577413479053,0.047918302431709386,0.8970856102003643,0.030614162145166164,0.9408014571948998,0.02454716658743073,422.55555555555554,8.671503246465347,54,0.8020643594414086,0.037794491680720944,0.940194292653309,0.9641772920461444
5.1,28,1,0.7285974499089254,0.04687521567860316,0.8992106860959319,0.029942741117157893,0.9392835458409229,0.025798663309938213,426.0,10.326737598775422,54,0.8020643594414086,0.037794491680720944,0.940194292653309,0.9641772920461444
5.1,29,1,0.7258652094717668,0.045419306075716016,0.9001214329083181,0.03404164406182158,0.9465695203400122,0.025513182010092613,429.3333333333333,11.684532591712529,54,0.8020643594414086,0.037794491680720944,0.940194292653309,0.9641772920461444
5.1,30,1,0.7264723740133576,0.04341084272253638,0.9037644201578628,0.028669083828136193,0.9432301153612629,0.02807333200620495,432.8888888888889,11.284764594340707,54,0.8020643594414086,0.037794491680720944,0.940194292653309,0.9641772920461444
5.1,35,1,0.7474195506982392,0.04194885812536643,0.9128718882817244,0.030181693368582303,0.9538554948391015,0.026274720172881263,458.1111111111111,10.66588047417126,54,0.8020643594414086,0.037794491680720944,0.940194292653309,0.9641772920461444
5.1,40,1,0.7665452337583486,0.03671700092696339,0.9207650273224043,0.02398999519340941,0.9578020643594414,0.019266319472684902,482.77777777777777,5.399743762846756,54,0.8020643594414086,0.037794491680720944,0.940194292653309,0.9641772920461444
5.1,45,1,0.7653309046751671,0.04410611274626391,0.9277474195506983,0.025776815461296804,0.9541590771098968,0.023047744966993227,494.0,3.528856782115029,54,0.8020643594414086,0.037794491680720944,0.940194292653309,0.9641772920461444
5.1,50,1,0.7668488160291439,0.04511124844612433,0.9247115968427444,0.031768680661768495,0.9635701275045536,0.023110808776469777,501.22222222222223,4.558494731140592,54,0.8020643594414086,0.037794491680720944,0.940194292653309,0.9641772920461444
5.1,55,1,0.7783849423193686,0.04197571112595628,0.9253187613843351,0.028064968633657743,0.959927140255009,0.019544556608917157,506.44444444444446,4.123868245734389,54,0.8020643594414086,0.037794491680720944,0.940194292653309,0.9641772920461444
5.1,60,1,0.7786885245901639,0.04136843759695409,0.928354584092289,0.02707729350964978,0.9578020643594414,0.021504951513118736,509.22222222222223,4.250046244661484,54,0.8020643594414086,0.037794491680720944,0.940194292653309,0.9641772920461444
5.1,61,1,0.7899210686095932,0.0397843815733646,0.9344262295081968,0.024460945152820886,0.9638737097753491,0.021687568613337187,542.2222222222222,2.88566180020417,54,0.8020643594414086,0.037794491680720944,0.940194292653309,0.9641772920461444
5.2,1,1,0.27808136004857315,0.06656861815291566,0.5285367334547663,0.06866626653192644,0.6508803885853065,0.05790527298009533,159.88888888888889,11.254628677422762,54,0.7929568913175471,0.041189867149690626,0.928354584092289,0.9635701275045536
5.2,2,1,0.3439587128111718,0.06706400824175072,0.5846994535519126,0.06369087622014848,0.7064359441408621,0.055912873934108695,191.0,6.695534980809627,54,0.7929568913175471,0.041189867149690626,0.928354584092289,0.9635701275045536
5.2,3,1,0.37735276259866424,0.06228130317448281,0.6229508196721312,0.07502287786232448,0.7428658166363085,0.07004722987085243,212.66666666666666,20.40532671854498,54,0.7929568913175471,0.041189867149690626,0.928354584092289,0.9635701275045536
5.2,4,1,0.44049787492410447,0.07475517661761472,0.6955069823922282,0.08595919968629147,0.8044930176077718,0.081118516984661,260.55555555555554,44.461841458850415,54,0.7929568913175471,0.041189867149690626,0.928354584092289,0.9635701275045536
5.2,5,1,0.49848208864602306,0.06766826035178432,0.7380085003035822,0.06892832642357749,0.840922890103218,0.05842831979960328,310.22222222222223,44.03114963710099,54,0.7929568913175471,0.041189867149690626,0.928354584092289,0.9635701275045536
5.2,6,1,0.5209471766848816,0.05512726499207353,0.7826350941105039,0.04746842006205572,0.8664238008500303,0.04300990302623748,337.77777777777777,20.45396733825037,54,0.7929568913175471,0.041189867149690626,0.928354584092289,0.9635701275045536
5.2,7,1,0.5382513661202185,0.059641158095246276,0.78354584092289,0.05726688462007276,0.8694596235579842,0.04679903162432761,347.22222222222223,14.924548179585859,54,0.7929568913175471,0.041189867149690626,0.928354584092289,0.9635701275045536
5.2,8,1,0.5488767455980571,0.05522597100664135,0.7896174863387978,0.044782205042356145,0.8752276867030965,0.042057283616004394,358.22222222222223,8.001572172561119,54,0.7929568913175471,0.041189867149690626,0.928354584092289,0.9635701275045536
5.2,9,1,0.5601092896174863,0.056587291541425284,0.7993321190042502,0.04614130191006761,0.8828172434729811,0.03866400888912652,363.3333333333333,7.247641125689974,54,0.7929568913175471,0.041189867149690626,0.928354584092289,0.9635701275045536
5.2,10,1,0.5725561627200971,0.059394247981086515,0.808743169398907,0.04625817083469273,0.8867638129933212,0.04167599704425338,368.77777777777777,9.454292559400836,54,0.7929568913175471,0.041189867149690626,0.928354584092289,0.9635701275045536
5.2,11,1,0.5765027322404371,0.058177876474741895,0.8063145112325439,0.04526916946719321,0.8849423193685488,0.03801373563460549,373.0,5.885703818063058,54,0.7929568913175471,0.041189867149690626,0.928354584092289,0.9635701275045536
5.2,12,1,0.5868245294474803,0.05601354839777216,0.8187613843351549,0.04229772740615602,0.8982999392835459,0.03494006667696714,378.8888888888889,7.112748763210567,54,0.7929568913175471,0.041189867149690626,0.928354584092289,0.9635701275045536
5.2,13,1,0.5986642380085003,0.05808984498792895,0.8306010928961748,0.04424109652636964,0.9016393442622951,0.03184543811007423,381.55555555555554,8.710580568278885,54,0.7929568913175471,0.041189867149690626,0.928354584092289,0.9635701275045536
5.2,14,1,0.6083788706739526,0.05702616110589103,0.835458409228901,0.043775949336373285,0.9049787492410444,0.03330546122281492,383.0,8.364344813010975,54,0.7929568913175471,0.041189867149690626,0.928354584092289,0.9635701275045536
5.2,15,1,0.6159684274438372,0.05928743580332616,0.8381906496660595,0.04355337198969352,0.9043715846994536,0.03585264591736019,384.6666666666667,7.804207863541223,54,0.7929568913175471,0.041189867149690626,0.928354584092289,0.9635701275045536
5.2,16,1,0.6117182756527018,0.05288875118076716,0.8391013964784456,0.03901216606995464,0.9077109896782027,0.031733191526882656,388.0,8.296396125984185,54,0.7929568913175471,0.041189867149690626,0.928354584092289,0.9635701275045536
5.2,17,1,0.6302367941712205,0.06131108394643109,0.8381906496660595,0.04237314029937316,0.9092289010321798,0.032896963829100685,390.3333333333333,6.879008265511918,54,0.7929568913175471,0.041189867149690626,0.928354584092289,0.9635701275045536
5.2,18,1,0.6250758955676988,0.06257011066982006,0.8400121432908318,0.03989398225161342,0.9089253187613843,0.02824506653722772,391.8888888888889,7.723198737708248,54,0.7929568913175471,0.041189867149690626,0.928354584092289,0.9635701275045536
5.2,19,1,0.6484517304189436,0.0608128366299498,0.8515482695810564,0.04575300342329725,0.9168184578020644,0.03628869092813356,398.1111111111111,6.462275627772931,54,0.7929568913175471,0.041189867149690626,0.928354584092289,0.9635701275045536
5.2,20,1,0.6666666666666666,0.06580534426902096,0.8649058894960534,0.04434815253658711,0.9231936854887676,0.029329644017171343,402.0,5.383412679283618,54,0.7929568913175471,0.041189867149690626,0.928354584092289,0.9635701275045536
5.2,21,1,0.6706132361870067,0.059939554207934495,0.8670309653916212,0.04086486561994092,0.9256223436551306,0.030163020428022803,404.44444444444446,5.322315663802479,54,0.7929568913175471,0.041189867149690626,0.928354584092289,0.9635701275045536
5.2,22,1,0.6654523375834851,0.057367638176416165,0.8646023072252581,0.035772674654016415,0.9210686095931998,0.0316976626579029,406.8888888888889,5.816913097805517,54,0.7929568913175471,0.041189867149690626,0.928354584092289,0.9635701275045536
5.2,23,1,0.6848816029143898,0.05354075940509678,0.8724954462659381,0.03147171508025434,0.926836672738312,0.029654406813973577,409.8888888888889,4.721155385718693,54,0.7929568913175471,0.041189867149690626,0.928354584092289,0.9635701275045536
5.2,24,1,0.6870066788099576,0.055912873934108716,0.8812993321190042,0.03502059859082827,0.9316939890710382,0.03083421286324913,411.55555555555554,5.469181811343865,54,0.7929568913175471,0.041189867149690626,0.928354584092289,0.9635701275045536
5.2,25,1,0.7103825136612022,0.05579771518850286,0.8879781420765027,0.042932327911586854,0.9441408621736491,0.025579345105798217,418.0,6.312610918136289,54,0.7929568913175471,0.041189867149690626,0.928354584092289,0.9635701275045536
5.2,26,1,0.7009714632665451,0.05974183693456418,0.888281724347298,0.03914192663569268,0.9398907103825137,0.022964071999097536,420.3333333333333,7.009427613699856,54,0.7929568913175471,0.041189867149690626,0.928354584092289,0.9635701275045536
5.2,27,1,0.7100789313904068,0.05559962464534853,0.8888888888888888,0.038302883134971925,0.9435336976320583,0.02175457576228957,423.55555555555554,8.890670680957237,54,0.7929568913175471,0.041189867149690626,0.928354584092289,0.9635701275045536
5.2,28,1,0.7204007285974499,0.060541240582822814,0.8910139647844566,0.039410888968186834,0.9414086217364905,0.022428290543830786,430.1111111111111,6.968031222626458,54,0.7929568913175471,0.041189867149690626,0.928354584092289,0.9635701275045536
5.2,29,1,0.7179720704310868,0.05952453591149279,0.8970856102003643,0.03580547136282661,0.9426229508196721,0.02678615947385824,435.55555555555554,6.058415842092996,54,0.7929568913175471,0.041189867149690626,0.928354584092289,0.9635701275045536
5.2,30,1,0.7176684881602915,0.05631032317613915,0.8979963570127504,0.03469058308909564,0.940194292653309,0.02590218893327579,439.0,6.075002911716034,54,0.7929568913175471,0.041189867149690626,0.928354584092289,0.9635701275045536
5.2,35,1,0.7398299939283546,0.06109398499130229,0.907103825136612,0.039774939451106744,0.9459623557984214,0.023537555447689755,459.3333333333333,8.696127960732536,54,0.7929568913175471,0.041189867149690626,0.928354584092289,0.9635701275045536
5.2,40,1,0.7525804493017608,0.04540276364636669,0.9143897996357012,0.03195141323862507,0.9496053430479661,0.022258082290604487,478.0,6.240464423936336,54,0.7929568913175471,0.041189867149690626,0.928354584092289,0.9635701275045536
5.2,45,1,0.7659380692167578,0.050091230898287015,0.9153005464480874,0.035425813489924705,0.9538554948391013,0.02161601017556777,493.55555555555554,5.427625585544323,54,0.7929568913175471,0.041189867149690626,0.928354584092289,0.9635701275045536
5.2,50,1,0.7647237401335762,0.04505396958783274,0.9201578627808137,0.02548556335875003,0.9568913175470551,0.01918573244824387,500.44444444444446,3.7500524105352073,54,0.7929568913175471,0.041189867149690626,0.928354584092289,0.9635701275045536
5.2,55,1,0.7641165755919853,0.045419306075716,0.9128718882817244,0.028981811185734122,0.9523375834851244,0.01808992396681768,504.77777777777777,5.097785929562756,54,0.7929568913175471,0.041189867149690626,0.928354584092289,0.9635701275045536
5.2,60,1,0.7653309046751671,0.04612908983171255,0.9219793564055858,0.025263527211670835,0.9562841530054645,0.019107262866044514,508.0,4.463689987206402,54,0.7929568913175471,0.041189867149690626,0.928354584092289,0.9635701275045536
5.2,61,1,0.7786885245901639,0.05102728413530299,0.9274438372799028,0.027134453380447586,0.9620522161505768,0.01679800044568189,541.1111111111111,2.91169837403942,54,0.7929568913175471,0.041189867149690626,0.928354584092289,0.9635701275045536
