scenario_id,sub_experiment_name,model_name,random_seed,train_samples,test_samples,hyperparameters,model_path,train_accuracy,train_f1_weighted,train_f1_macro,train_precision_weighted,train_precision_macro,train_recall_weighted,train_recall_macro,train_top_1_accuracy,train_top_2_accuracy,train_top_3_accuracy,train_top_4_accuracy,train_top_5_accuracy,train_recognition_rate,test_accuracy,test_f1_weighted,test_f1_macro,test_precision_weighted,test_precision_macro,test_recall_weighted,test_recall_macro,test_top_1_accuracy,test_top_2_accuracy,test_top_3_accuracy,test_top_4_accuracy,test_top_5_accuracy,test_recognition_rate
1,Scenario1_F_Video1_Session1 vs Session2,RandomForest,42,61,61,"{'n_estimators': 100, 'max_depth': 10, 'min_samples_split': 2, 'min_samples_leaf': 1, 'max_features': 'sqrt', 'bootstrap': True}",scenario_results_scenarios_2025-11-30_104836_early_stop/randomforest_Scenario1_F_Video1_Session1 vs Session2_2025-11-30_104836_seed42_early_stop.pkl,1.0,1.0,1.0,1.0,1.0,1.0,1.0,1.0,1.0,1.0,1.0,1.0,1.0,0.22950819672131148,0.173224043715847,0.173224043715847,0.15491803278688526,0.15491803278688526,0.22950819672131148,0.22950819672131148,0.21311475409836064,0.3770491803278688,0.4098360655737705,0.5081967213114754,0.5901639344262295,0.19672131147540983
1,Scenario1_F_Video1_Session2 vs Session1,RandomForest,42,61,61,"{'n_estimators': 100, 'max_depth': 10, 'min_samples_split': 2, 'min_samples_leaf': 1, 'max_features': 'sqrt', 'bootstrap': True}",scenario_results_scenarios_2025-11-30_104836_early_stop/randomforest_Scenario1_F_Video1_Session2 vs Session1_2025-11-30_104836_seed42_early_stop.pkl,1.0,1.0,1.0,1.0,1.0,1.0,1.0,1.0,1.0,1.0,1.0,1.0,1.0,0.18032786885245902,0.14043715846994534,0.14043715846994534,0.12431693989071038,0.12431693989071038,0.18032786885245902,0.18032786885245902,0.18032786885245902,0.29508196721311475,0.4098360655737705,0.5409836065573771,0.6229508196721312,0.16393442622950818
1,Scenario1_F_Video2_Session1 vs Session2,RandomForest,42,61,61,"{'n_estimators': 100, 'max_depth': 10, 'min_samples_split': 2, 'min_samples_leaf': 1, 'max_features': 'sqrt', 'bootstrap': True}",scenario_results_scenarios_2025-11-30_104836_early_stop/randomforest_Scenario1_F_Video2_Session1 vs Session2_2025-11-30_104836_seed42_early_stop.pkl,1.0,1.0,1.0,1.0,1.0,1.0,1.0,1.0,1.0,1.0,1.0,1.0,1.0,0.2459016393442623,0.18415300546448085,0.18415300546448085,0.16311475409836065,0.16311475409836065,0.2459016393442623,0.2459016393442623,0.2459016393442623,0.45901639344262296,0.5409836065573771,0.5737704918032787,0.6229508196721312,0.2459016393442623
1,Scenario1_F_Video2_Session2 vs Session1,RandomForest,42,61,61,"{'n_estimators': 100, 'max_depth': 10, 'min_samples_split': 2, 'min_samples_leaf': 1, 'max_features': 'sqrt', 'bootstrap': True}",scenario_results_scenarios_2025-11-30_104836_early_stop/randomforest_Scenario1_F_Video2_Session2 vs Session1_2025-11-30_104836_seed42_early_stop.pkl,1.0,1.0,1.0,1.0,1.0,1.0,1.0,1.0,1.0,1.0,1.0,1.0,1.0,0.2459016393442623,0.19781420765027322,0.19781420765027322,0.1762295081967213,0.1762295081967213,0.2459016393442623,0.2459016393442623,0.22950819672131148,0.4098360655737705,0.5409836065573771,0.6065573770491803,0.6557377049180327,0.21311475409836064
1,Scenario1_F_Video3_Session1 vs Session2,RandomForest,42,61,61,"{'n_estimators': 100, 'max_depth': 10, 'min_samples_split': 2, 'min_samples_leaf': 1, 'max_features': 'sqrt', 'bootstrap': True}",scenario_results_scenarios_2025-11-30_104836_early_stop/randomforest_Scenario1_F_Video3_Session1 vs Session2_2025-11-30_104836_seed42_early_stop.pkl,1.0,1.0,1.0,1.0,1.0,1.0,1.0,1.0,1.0,1.0,1.0,1.0,1.0,0.2786885245901639,0.18907103825136612,0.18907103825136612,0.15710382513661203,0.15710382513661203,0.2786885245901639,0.2786885245901639,0.2786885245901639,0.4262295081967213,0.5081967213114754,0.6557377049180327,0.6885245901639344,0.26229508196721313
1,Scenario1_F_Video3_Session2 vs Session1,RandomForest,42,61,61,"{'n_estimators': 100, 'max_depth': 10, 'min_samples_split': 2, 'min_samples_leaf': 1, 'max_features': 'sqrt', 'bootstrap': True}",scenario_results_scenarios_2025-11-30_104836_early_stop/randomforest_Scenario1_F_Video3_Session2 vs Session1_2025-11-30_104836_seed42_early_stop.pkl,1.0,1.0,1.0,1.0,1.0,1.0,1.0,1.0,1.0,1.0,1.0,1.0,1.0,0.3770491803278688,0.319672131147541,0.319672131147541,0.29234972677595633,0.29234972677595633,0.3770491803278688,0.3770491803278688,0.36065573770491804,0.45901639344262296,0.5409836065573771,0.6229508196721312,0.6721311475409836,0.3442622950819672
1,Scenario1_I_Video1_Session1 vs Session2,RandomForest,42,61,61,"{'n_estimators': 100, 'max_depth': 10, 'min_samples_split': 2, 'min_samples_leaf': 1, 'max_features': 'sqrt', 'bootstrap': True}",scenario_results_scenarios_2025-11-30_104836_early_stop/randomforest_Scenario1_I_Video1_Session1 vs Session2_2025-11-30_104836_seed42_early_stop.pkl,1.0,1.0,1.0,1.0,1.0,1.0,1.0,1.0,1.0,1.0,1.0,1.0,1.0,0.11475409836065574,0.08196721311475409,0.08196721311475409,0.06557377049180328,0.06557377049180328,0.11475409836065574,0.11475409836065574,0.11475409836065574,0.29508196721311475,0.3770491803278688,0.4262295081967213,0.4918032786885246,0.11475409836065574
1,Scenario1_I_Video1_Session2 vs Session1,RandomForest,42,61,61,"{'n_estimators': 100, 'max_depth': 10, 'min_samples_split': 2, 'min_samples_leaf': 1, 'max_features': 'sqrt', 'bootstrap': True}",scenario_results_scenarios_2025-11-30_104836_early_stop/randomforest_Scenario1_I_Video1_Session2 vs Session1_2025-11-30_104836_seed42_early_stop.pkl,1.0,1.0,1.0,1.0,1.0,1.0,1.0,1.0,1.0,1.0,1.0,1.0,1.0,0.19672131147540983,0.1469945355191257,0.1469945355191257,0.1284153005464481,0.1284153005464481,0.19672131147540983,0.19672131147540983,0.18032786885245902,0.3114754098360656,0.39344262295081966,0.45901639344262296,0.4918032786885246,0.18032786885245902
1,Scenario1_I_Video2_Session1 vs Session2,RandomForest,42,61,61,"{'n_estimators': 100, 'max_depth': 10, 'min_samples_split': 2, 'min_samples_leaf': 1, 'max_features': 'sqrt', 'bootstrap': True}",scenario_results_scenarios_2025-11-30_104836_early_stop/randomforest_Scenario1_I_Video2_Session1 vs Session2_2025-11-30_104836_seed42_early_stop.pkl,1.0,1.0,1.0,1.0,1.0,1.0,1.0,1.0,1.0,1.0,1.0,1.0,1.0,0.19672131147540983,0.14316939890710384,0.14316939890710384,0.12158469945355191,0.12158469945355191,0.19672131147540983,0.19672131147540983,0.19672131147540983,0.3442622950819672,0.5245901639344263,0.6065573770491803,0.6557377049180327,0.19672131147540983
1,Scenario1_I_Video2_Session2 vs Session1,RandomForest,42,61,61,"{'n_estimators': 100, 'max_depth': 10, 'min_samples_split': 2, 'min_samples_leaf': 1, 'max_features': 'sqrt', 'bootstrap': True}",scenario_results_scenarios_2025-11-30_104836_early_stop/randomforest_Scenario1_I_Video2_Session2 vs Session1_2025-11-30_104836_seed42_early_stop.pkl,1.0,1.0,1.0,1.0,1.0,1.0,1.0,1.0,1.0,1.0,1.0,1.0,1.0,0.22950819672131148,0.1759562841530055,0.1759562841530055,0.157103825136612,0.157103825136612,0.22950819672131148,0.22950819672131148,0.21311475409836064,0.39344262295081966,0.5081967213114754,0.639344262295082,0.7213114754098361,0.21311475409836064
1,Scenario1_I_Video3_Session1 vs Session2,RandomForest,42,61,61,"{'n_estimators': 100, 'max_depth': 10, 'min_samples_split': 2, 'min_samples_leaf': 1, 'max_features': 'sqrt', 'bootstrap': True}",scenario_results_scenarios_2025-11-30_104836_early_stop/randomforest_Scenario1_I_Video3_Session1 vs Session2_2025-11-30_104836_seed42_early_stop.pkl,1.0,1.0,1.0,1.0,1.0,1.0,1.0,1.0,1.0,1.0,1.0,1.0,1.0,0.32786885245901637,0.27049180327868855,0.27049180327868855,0.24590163934426232,0.24590163934426232,0.32786885245901637,0.32786885245901637,0.36065573770491804,0.4426229508196721,0.5409836065573771,0.5901639344262295,0.6557377049180327,0.32786885245901637
1,Scenario1_I_Video3_Session2 vs Session1,RandomForest,42,61,61,"{'n_estimators': 100, 'max_depth': 10, 'min_samples_split': 2, 'min_samples_leaf': 1, 'max_features': 'sqrt', 'bootstrap': True}",scenario_results_scenarios_2025-11-30_104836_early_stop/randomforest_Scenario1_I_Video3_Session2 vs Session1_2025-11-30_104836_seed42_early_stop.pkl,1.0,1.0,1.0,1.0,1.0,1.0,1.0,1.0,1.0,1.0,1.0,1.0,1.0,0.26229508196721313,0.21038251366120217,0.21038251366120217,0.1885245901639344,0.1885245901639344,0.26229508196721313,0.26229508196721313,0.22950819672131148,0.4098360655737705,0.4918032786885246,0.5901639344262295,0.639344262295082,0.22950819672131148
1,Scenario1_T_Video1_Session1 vs Session2,RandomForest,42,61,61,"{'n_estimators': 100, 'max_depth': 10, 'min_samples_split': 2, 'min_samples_leaf': 1, 'max_features': 'sqrt', 'bootstrap': True}",scenario_results_scenarios_2025-11-30_104836_early_stop/randomforest_Scenario1_T_Video1_Session1 vs Session2_2025-11-30_104836_seed42_early_stop.pkl,1.0,1.0,1.0,1.0,1.0,1.0,1.0,1.0,1.0,1.0,1.0,1.0,1.0,0.2459016393442623,0.19617486338797815,0.19617486338797815,0.17759562841530052,0.17759562841530052,0.2459016393442623,0.2459016393442623,0.26229508196721313,0.47540983606557374,0.5409836065573771,0.6721311475409836,0.7049180327868853,0.2459016393442623
1,Scenario1_T_Video1_Session2 vs Session1,RandomForest,42,61,61,"{'n_estimators': 100, 'max_depth': 10, 'min_samples_split': 2, 'min_samples_leaf': 1, 'max_features': 'sqrt', 'bootstrap': True}",scenario_results_scenarios_2025-11-30_104836_early_stop/randomforest_Scenario1_T_Video1_Session2 vs Session1_2025-11-30_104836_seed42_early_stop.pkl,1.0,1.0,1.0,1.0,1.0,1.0,1.0,1.0,1.0,1.0,1.0,1.0,1.0,0.29508196721311475,0.21693989071038247,0.21693989071038247,0.18715846994535518,0.18715846994535518,0.29508196721311475,0.29508196721311475,0.26229508196721313,0.4262295081967213,0.5409836065573771,0.6065573770491803,0.6557377049180327,0.2459016393442623
1,Scenario1_T_Video2_Session1 vs Session2,RandomForest,42,61,61,"{'n_estimators': 100, 'max_depth': 10, 'min_samples_split': 2, 'min_samples_leaf': 1, 'max_features': 'sqrt', 'bootstrap': True}",scenario_results_scenarios_2025-11-30_104836_early_stop/randomforest_Scenario1_T_Video2_Session1 vs Session2_2025-11-30_104836_seed42_early_stop.pkl,1.0,1.0,1.0,1.0,1.0,1.0,1.0,1.0,1.0,1.0,1.0,1.0,1.0,0.16393442622950818,0.13934426229508196,0.13934426229508196,0.1284153005464481,0.1284153005464481,0.16393442622950818,0.16393442622950818,0.16393442622950818,0.2786885245901639,0.32786885245901637,0.4262295081967213,0.4918032786885246,0.16393442622950818
1,Scenario1_T_Video2_Session2 vs Session1,RandomForest,42,61,61,"{'n_estimators': 100, 'max_depth': 10, 'min_samples_split': 2, 'min_samples_leaf': 1, 'max_features': 'sqrt', 'bootstrap': True}",scenario_results_scenarios_2025-11-30_104836_early_stop/randomforest_Scenario1_T_Video2_Session2 vs Session1_2025-11-30_104836_seed42_early_stop.pkl,1.0,1.0,1.0,1.0,1.0,1.0,1.0,1.0,1.0,1.0,1.0,1.0,1.0,0.21311475409836064,0.14754098360655735,0.14754098360655735,0.12295081967213113,0.12295081967213113,0.21311475409836064,0.21311475409836064,0.22950819672131148,0.3442622950819672,0.4918032786885246,0.6065573770491803,0.6721311475409836,0.18032786885245902
1,Scenario1_T_Video3_Session1 vs Session2,RandomForest,42,61,61,"{'n_estimators': 100, 'max_depth': 10, 'min_samples_split': 2, 'min_samples_leaf': 1, 'max_features': 'sqrt', 'bootstrap': True}",scenario_results_scenarios_2025-11-30_104836_early_stop/randomforest_Scenario1_T_Video3_Session1 vs Session2_2025-11-30_104836_seed42_early_stop.pkl,1.0,1.0,1.0,1.0,1.0,1.0,1.0,1.0,1.0,1.0,1.0,1.0,1.0,0.2786885245901639,0.19617486338797813,0.19617486338797813,0.16666666666666666,0.16666666666666666,0.2786885245901639,0.2786885245901639,0.2786885245901639,0.39344262295081966,0.45901639344262296,0.5245901639344263,0.6229508196721312,0.26229508196721313
1,Scenario1_T_Video3_Session2 vs Session1,RandomForest,42,61,61,"{'n_estimators': 100, 'max_depth': 10, 'min_samples_split': 2, 'min_samples_leaf': 1, 'max_features': 'sqrt', 'bootstrap': True}",scenario_results_scenarios_2025-11-30_104836_early_stop/randomforest_Scenario1_T_Video3_Session2 vs Session1_2025-11-30_104836_seed42_early_stop.pkl,1.0,1.0,1.0,1.0,1.0,1.0,1.0,1.0,1.0,1.0,1.0,1.0,1.0,0.16393442622950818,0.1174863387978142,0.1174863387978142,0.10163934426229507,0.10163934426229507,0.16393442622950818,0.16393442622950818,0.16393442622950818,0.3442622950819672,0.45901639344262296,0.5409836065573771,0.6065573770491803,0.14754098360655737
1,Scenario1_F_Video1_Session1 vs Session2,XGBoost,42,61,61,"{'n_estimators': 1000, 'max_depth': 4, 'learning_rate': 0.05, 'subsample': 0.8, 'colsample_bytree': 0.8, 'reg_lambda': 1, 'device': 'cpu'}",scenario_results_scenarios_2025-11-30_104836_early_stop/xgboost_Scenario1_F_Video1_Session1 vs Session2_2025-11-30_104836_seed42_early_stop.pkl,0.01639344262295082,0.0005288207297726071,0.0005288207297726071,0.0002687449610319807,0.0002687449610319807,0.01639344262295082,0.01639344262295082,0.01639344262295082,0.03278688524590164,0.04918032786885246,0.06557377049180328,0.08196721311475409,0.01639344262295082,0.01639344262295082,0.0005288207297726071,0.0005288207297726071,0.0002687449610319807,0.0002687449610319807,0.01639344262295082,0.01639344262295082,0.01639344262295082,0.03278688524590164,0.04918032786885246,0.06557377049180328,0.08196721311475409,0.01639344262295082
1,Scenario1_F_Video1_Session2 vs Session1,XGBoost,42,61,61,"{'n_estimators': 1000, 'max_depth': 4, 'learning_rate': 0.05, 'subsample': 0.8, 'colsample_bytree': 0.8, 'reg_lambda': 1, 'device': 'cpu'}",scenario_results_scenarios_2025-11-30_104836_early_stop/xgboost_Scenario1_F_Video1_Session2 vs Session1_2025-11-30_104836_seed42_early_stop.pkl,0.01639344262295082,0.0005288207297726071,0.0005288207297726071,0.0002687449610319807,0.0002687449610319807,0.01639344262295082,0.01639344262295082,0.01639344262295082,0.03278688524590164,0.04918032786885246,0.06557377049180328,0.08196721311475409,0.01639344262295082,0.01639344262295082,0.0005288207297726071,0.0005288207297726071,0.0002687449610319807,0.0002687449610319807,0.01639344262295082,0.01639344262295082,0.01639344262295082,0.03278688524590164,0.04918032786885246,0.06557377049180328,0.08196721311475409,0.01639344262295082
1,Scenario1_F_Video2_Session1 vs Session2,XGBoost,42,61,61,"{'n_estimators': 1000, 'max_depth': 4, 'learning_rate': 0.05, 'subsample': 0.8, 'colsample_bytree': 0.8, 'reg_lambda': 1, 'device': 'cpu'}",scenario_results_scenarios_2025-11-30_104836_early_stop/xgboost_Scenario1_F_Video2_Session1 vs Session2_2025-11-30_104836_seed42_early_stop.pkl,0.01639344262295082,0.0005288207297726071,0.0005288207297726071,0.0002687449610319807,0.0002687449610319807,0.01639344262295082,0.01639344262295082,0.01639344262295082,0.03278688524590164,0.04918032786885246,0.06557377049180328,0.08196721311475409,0.01639344262295082,0.01639344262295082,0.0005288207297726071,0.0005288207297726071,0.0002687449610319807,0.0002687449610319807,0.01639344262295082,0.01639344262295082,0.01639344262295082,0.03278688524590164,0.04918032786885246,0.06557377049180328,0.08196721311475409,0.01639344262295082
1,Scenario1_F_Video2_Session2 vs Session1,XGBoost,42,61,61,"{'n_estimators': 1000, 'max_depth': 4, 'learning_rate': 0.05, 'subsample': 0.8, 'colsample_bytree': 0.8, 'reg_lambda': 1, 'device': 'cpu'}",scenario_results_scenarios_2025-11-30_104836_early_stop/xgboost_Scenario1_F_Video2_Session2 vs Session1_2025-11-30_104836_seed42_early_stop.pkl,0.01639344262295082,0.0005288207297726071,0.0005288207297726071,0.0002687449610319807,0.0002687449610319807,0.01639344262295082,0.01639344262295082,0.01639344262295082,0.03278688524590164,0.04918032786885246,0.06557377049180328,0.08196721311475409,0.01639344262295082,0.01639344262295082,0.0005288207297726071,0.0005288207297726071,0.0002687449610319807,0.0002687449610319807,0.01639344262295082,0.01639344262295082,0.01639344262295082,0.03278688524590164,0.04918032786885246,0.06557377049180328,0.08196721311475409,0.01639344262295082
1,Scenario1_F_Video3_Session1 vs Session2,XGBoost,42,61,61,"{'n_estimators': 1000, 'max_depth': 4, 'learning_rate': 0.05, 'subsample': 0.8, 'colsample_bytree': 0.8, 'reg_lambda': 1, 'device': 'cpu'}",scenario_results_scenarios_2025-11-30_104836_early_stop/xgboost_Scenario1_F_Video3_Session1 vs Session2_2025-11-30_104836_seed42_early_stop.pkl,0.01639344262295082,0.0005288207297726071,0.0005288207297726071,0.0002687449610319807,0.0002687449610319807,0.01639344262295082,0.01639344262295082,0.01639344262295082,0.03278688524590164,0.04918032786885246,0.06557377049180328,0.08196721311475409,0.01639344262295082,0.01639344262295082,0.0005288207297726071,0.0005288207297726071,0.0002687449610319807,0.0002687449610319807,0.01639344262295082,0.01639344262295082,0.01639344262295082,0.03278688524590164,0.04918032786885246,0.06557377049180328,0.08196721311475409,0.01639344262295082
1,Scenario1_F_Video3_Session2 vs Session1,XGBoost,42,61,61,"{'n_estimators': 1000, 'max_depth': 4, 'learning_rate': 0.05, 'subsample': 0.8, 'colsample_bytree': 0.8, 'reg_lambda': 1, 'device': 'cpu'}",scenario_results_scenarios_2025-11-30_104836_early_stop/xgboost_Scenario1_F_Video3_Session2 vs Session1_2025-11-30_104836_seed42_early_stop.pkl,0.01639344262295082,0.0005288207297726071,0.0005288207297726071,0.0002687449610319807,0.0002687449610319807,0.01639344262295082,0.01639344262295082,0.01639344262295082,0.03278688524590164,0.04918032786885246,0.06557377049180328,0.08196721311475409,0.01639344262295082,0.01639344262295082,0.0005288207297726071,0.0005288207297726071,0.0002687449610319807,0.0002687449610319807,0.01639344262295082,0.01639344262295082,0.01639344262295082,0.03278688524590164,0.04918032786885246,0.06557377049180328,0.08196721311475409,0.01639344262295082
1,Scenario1_I_Video1_Session1 vs Session2,XGBoost,42,61,61,"{'n_estimators': 1000, 'max_depth': 4, 'learning_rate': 0.05, 'subsample': 0.8, 'colsample_bytree': 0.8, 'reg_lambda': 1, 'device': 'cpu'}",scenario_results_scenarios_2025-11-30_104836_early_stop/xgboost_Scenario1_I_Video1_Session1 vs Session2_2025-11-30_104836_seed42_early_stop.pkl,0.01639344262295082,0.0005288207297726071,0.0005288207297726071,0.0002687449610319807,0.0002687449610319807,0.01639344262295082,0.01639344262295082,0.01639344262295082,0.03278688524590164,0.04918032786885246,0.06557377049180328,0.08196721311475409,0.01639344262295082,0.01639344262295082,0.0005288207297726071,0.0005288207297726071,0.0002687449610319807,0.0002687449610319807,0.01639344262295082,0.01639344262295082,0.01639344262295082,0.03278688524590164,0.04918032786885246,0.06557377049180328,0.08196721311475409,0.01639344262295082
1,Scenario1_I_Video1_Session2 vs Session1,XGBoost,42,61,61,"{'n_estimators': 1000, 'max_depth': 4, 'learning_rate': 0.05, 'subsample': 0.8, 'colsample_bytree': 0.8, 'reg_lambda': 1, 'device': 'cpu'}",scenario_results_scenarios_2025-11-30_104836_early_stop/xgboost_Scenario1_I_Video1_Session2 vs Session1_2025-11-30_104836_seed42_early_stop.pkl,0.01639344262295082,0.0005288207297726071,0.0005288207297726071,0.0002687449610319807,0.0002687449610319807,0.01639344262295082,0.01639344262295082,0.01639344262295082,0.03278688524590164,0.04918032786885246,0.06557377049180328,0.08196721311475409,0.01639344262295082,0.01639344262295082,0.0005288207297726071,0.0005288207297726071,0.0002687449610319807,0.0002687449610319807,0.01639344262295082,0.01639344262295082,0.01639344262295082,0.03278688524590164,0.04918032786885246,0.06557377049180328,0.08196721311475409,0.01639344262295082
1,Scenario1_I_Video2_Session1 vs Session2,XGBoost,42,61,61,"{'n_estimators': 1000, 'max_depth': 4, 'learning_rate': 0.05, 'subsample': 0.8, 'colsample_bytree': 0.8, 'reg_lambda': 1, 'device': 'cpu'}",scenario_results_scenarios_2025-11-30_104836_early_stop/xgboost_Scenario1_I_Video2_Session1 vs Session2_2025-11-30_104836_seed42_early_stop.pkl,0.01639344262295082,0.0005288207297726071,0.0005288207297726071,0.0002687449610319807,0.0002687449610319807,0.01639344262295082,0.01639344262295082,0.01639344262295082,0.03278688524590164,0.04918032786885246,0.06557377049180328,0.08196721311475409,0.01639344262295082,0.01639344262295082,0.0005288207297726071,0.0005288207297726071,0.0002687449610319807,0.0002687449610319807,0.01639344262295082,0.01639344262295082,0.01639344262295082,0.03278688524590164,0.04918032786885246,0.06557377049180328,0.08196721311475409,0.01639344262295082
1,Scenario1_I_Video2_Session2 vs Session1,XGBoost,42,61,61,"{'n_estimators': 1000, 'max_depth': 4, 'learning_rate': 0.05, 'subsample': 0.8, 'colsample_bytree': 0.8, 'reg_lambda': 1, 'device': 'cpu'}",scenario_results_scenarios_2025-11-30_104836_early_stop/xgboost_Scenario1_I_Video2_Session2 vs Session1_2025-11-30_104836_seed42_early_stop.pkl,0.01639344262295082,0.0005288207297726071,0.0005288207297726071,0.0002687449610319807,0.0002687449610319807,0.01639344262295082,0.01639344262295082,0.01639344262295082,0.03278688524590164,0.04918032786885246,0.06557377049180328,0.08196721311475409,0.01639344262295082,0.01639344262295082,0.0005288207297726071,0.0005288207297726071,0.0002687449610319807,0.0002687449610319807,0.01639344262295082,0.01639344262295082,0.01639344262295082,0.03278688524590164,0.04918032786885246,0.06557377049180328,0.08196721311475409,0.01639344262295082
1,Scenario1_I_Video3_Session1 vs Session2,XGBoost,42,61,61,"{'n_estimators': 1000, 'max_depth': 4, 'learning_rate': 0.05, 'subsample': 0.8, 'colsample_bytree': 0.8, 'reg_lambda': 1, 'device': 'cpu'}",scenario_results_scenarios_2025-11-30_104836_early_stop/xgboost_Scenario1_I_Video3_Session1 vs Session2_2025-11-30_104836_seed42_early_stop.pkl,0.01639344262295082,0.0005288207297726071,0.0005288207297726071,0.0002687449610319807,0.0002687449610319807,0.01639344262295082,0.01639344262295082,0.01639344262295082,0.03278688524590164,0.04918032786885246,0.06557377049180328,0.08196721311475409,0.01639344262295082,0.01639344262295082,0.0005288207297726071,0.0005288207297726071,0.0002687449610319807,0.0002687449610319807,0.01639344262295082,0.01639344262295082,0.01639344262295082,0.03278688524590164,0.04918032786885246,0.06557377049180328,0.08196721311475409,0.01639344262295082
1,Scenario1_I_Video3_Session2 vs Session1,XGBoost,42,61,61,"{'n_estimators': 1000, 'max_depth': 4, 'learning_rate': 0.05, 'subsample': 0.8, 'colsample_bytree': 0.8, 'reg_lambda': 1, 'device': 'cpu'}",scenario_results_scenarios_2025-11-30_104836_early_stop/xgboost_Scenario1_I_Video3_Session2 vs Session1_2025-11-30_104836_seed42_early_stop.pkl,0.01639344262295082,0.0005288207297726071,0.0005288207297726071,0.0002687449610319807,0.0002687449610319807,0.01639344262295082,0.01639344262295082,0.01639344262295082,0.03278688524590164,0.04918032786885246,0.06557377049180328,0.08196721311475409,0.01639344262295082,0.01639344262295082,0.0005288207297726071,0.0005288207297726071,0.0002687449610319807,0.0002687449610319807,0.01639344262295082,0.01639344262295082,0.01639344262295082,0.03278688524590164,0.04918032786885246,0.06557377049180328,0.08196721311475409,0.01639344262295082
1,Scenario1_T_Video1_Session1 vs Session2,XGBoost,42,61,61,"{'n_estimators': 1000, 'max_depth': 4, 'learning_rate': 0.05, 'subsample': 0.8, 'colsample_bytree': 0.8, 'reg_lambda': 1, 'device': 'cpu'}",scenario_results_scenarios_2025-11-30_104836_early_stop/xgboost_Scenario1_T_Video1_Session1 vs Session2_2025-11-30_104836_seed42_early_stop.pkl,0.01639344262295082,0.0005288207297726071,0.0005288207297726071,0.0002687449610319807,0.0002687449610319807,0.01639344262295082,0.01639344262295082,0.01639344262295082,0.03278688524590164,0.04918032786885246,0.06557377049180328,0.08196721311475409,0.01639344262295082,0.01639344262295082,0.0005288207297726071,0.0005288207297726071,0.0002687449610319807,0.0002687449610319807,0.01639344262295082,0.01639344262295082,0.01639344262295082,0.03278688524590164,0.04918032786885246,0.06557377049180328,0.08196721311475409,0.01639344262295082
1,Scenario1_T_Video1_Session2 vs Session1,XGBoost,42,61,61,"{'n_estimators': 1000, 'max_depth': 4, 'learning_rate': 0.05, 'subsample': 0.8, 'colsample_bytree': 0.8, 'reg_lambda': 1, 'device': 'cpu'}",scenario_results_scenarios_2025-11-30_104836_early_stop/xgboost_Scenario1_T_Video1_Session2 vs Session1_2025-11-30_104836_seed42_early_stop.pkl,0.01639344262295082,0.0005288207297726071,0.0005288207297726071,0.0002687449610319807,0.0002687449610319807,0.01639344262295082,0.01639344262295082,0.01639344262295082,0.03278688524590164,0.04918032786885246,0.06557377049180328,0.08196721311475409,0.01639344262295082,0.01639344262295082,0.0005288207297726071,0.0005288207297726071,0.0002687449610319807,0.0002687449610319807,0.01639344262295082,0.01639344262295082,0.01639344262295082,0.03278688524590164,0.04918032786885246,0.06557377049180328,0.08196721311475409,0.01639344262295082
1,Scenario1_T_Video2_Session1 vs Session2,XGBoost,42,61,61,"{'n_estimators': 1000, 'max_depth': 4, 'learning_rate': 0.05, 'subsample': 0.8, 'colsample_bytree': 0.8, 'reg_lambda': 1, 'device': 'cpu'}",scenario_results_scenarios_2025-11-30_104836_early_stop/xgboost_Scenario1_T_Video2_Session1 vs Session2_2025-11-30_104836_seed42_early_stop.pkl,0.01639344262295082,0.0005288207297726071,0.0005288207297726071,0.0002687449610319807,0.0002687449610319807,0.01639344262295082,0.01639344262295082,0.01639344262295082,0.03278688524590164,0.04918032786885246,0.06557377049180328,0.08196721311475409,0.01639344262295082,0.01639344262295082,0.0005288207297726071,0.0005288207297726071,0.0002687449610319807,0.0002687449610319807,0.01639344262295082,0.01639344262295082,0.01639344262295082,0.03278688524590164,0.04918032786885246,0.06557377049180328,0.08196721311475409,0.01639344262295082
1,Scenario1_T_Video2_Session2 vs Session1,XGBoost,42,61,61,"{'n_estimators': 1000, 'max_depth': 4, 'learning_rate': 0.05, 'subsample': 0.8, 'colsample_bytree': 0.8, 'reg_lambda': 1, 'device': 'cpu'}",scenario_results_scenarios_2025-11-30_104836_early_stop/xgboost_Scenario1_T_Video2_Session2 vs Session1_2025-11-30_104836_seed42_early_stop.pkl,0.01639344262295082,0.0005288207297726071,0.0005288207297726071,0.0002687449610319807,0.0002687449610319807,0.01639344262295082,0.01639344262295082,0.01639344262295082,0.03278688524590164,0.04918032786885246,0.06557377049180328,0.08196721311475409,0.01639344262295082,0.01639344262295082,0.0005288207297726071,0.0005288207297726071,0.0002687449610319807,0.0002687449610319807,0.01639344262295082,0.01639344262295082,0.01639344262295082,0.03278688524590164,0.04918032786885246,0.06557377049180328,0.08196721311475409,0.01639344262295082
1,Scenario1_T_Video3_Session1 vs Session2,XGBoost,42,61,61,"{'n_estimators': 1000, 'max_depth': 4, 'learning_rate': 0.05, 'subsample': 0.8, 'colsample_bytree': 0.8, 'reg_lambda': 1, 'device': 'cpu'}",scenario_results_scenarios_2025-11-30_104836_early_stop/xgboost_Scenario1_T_Video3_Session1 vs Session2_2025-11-30_104836_seed42_early_stop.pkl,0.01639344262295082,0.0005288207297726071,0.0005288207297726071,0.0002687449610319807,0.0002687449610319807,0.01639344262295082,0.01639344262295082,0.01639344262295082,0.03278688524590164,0.04918032786885246,0.06557377049180328,0.08196721311475409,0.01639344262295082,0.01639344262295082,0.0005288207297726071,0.0005288207297726071,0.0002687449610319807,0.0002687449610319807,0.01639344262295082,0.01639344262295082,0.01639344262295082,0.03278688524590164,0.04918032786885246,0.06557377049180328,0.08196721311475409,0.01639344262295082
1,Scenario1_T_Video3_Session2 vs Session1,XGBoost,42,61,61,"{'n_estimators': 1000, 'max_depth': 4, 'learning_rate': 0.05, 'subsample': 0.8, 'colsample_bytree': 0.8, 'reg_lambda': 1, 'device': 'cpu'}",scenario_results_scenarios_2025-11-30_104836_early_stop/xgboost_Scenario1_T_Video3_Session2 vs Session1_2025-11-30_104836_seed42_early_stop.pkl,0.01639344262295082,0.0005288207297726071,0.0005288207297726071,0.0002687449610319807,0.0002687449610319807,0.01639344262295082,0.01639344262295082,0.01639344262295082,0.03278688524590164,0.04918032786885246,0.06557377049180328,0.08196721311475409,0.01639344262295082,0.01639344262295082,0.0005288207297726071,0.0005288207297726071,0.0002687449610319807,0.0002687449610319807,0.01639344262295082,0.01639344262295082,0.01639344262295082,0.03278688524590164,0.04918032786885246,0.06557377049180328,0.08196721311475409,0.01639344262295082
1,Scenario1_F_Video1_Session1 vs Session2,CatBoost,42,61,61,"{'iterations': 1000, 'depth': 4, 'learning_rate': 0.05, 'l2_leaf_reg': 1, 'border_count': 32}",scenario_results_scenarios_2025-11-30_104836_early_stop/catboost_Scenario1_F_Video1_Session1 vs Session2_2025-11-30_104836_seed42_early_stop.pkl,1.0,1.0,1.0,1.0,1.0,1.0,1.0,1.0,1.0,1.0,1.0,1.0,1.0,0.29508196721311475,0.2415300546448087,0.2415300546448087,0.21994535519125682,0.21994535519125682,0.29508196721311475,0.29508196721311475,0.29508196721311475,0.47540983606557374,0.5573770491803278,0.639344262295082,0.7049180327868853,0.29508196721311475
1,Scenario1_F_Video1_Session2 vs Session1,CatBoost,42,61,61,"{'iterations': 1000, 'depth': 4, 'learning_rate': 0.05, 'l2_leaf_reg': 1, 'border_count': 32}",scenario_results_scenarios_2025-11-30_104836_early_stop/catboost_Scenario1_F_Video1_Session2 vs Session1_2025-11-30_104836_seed42_early_stop.pkl,1.0,1.0,1.0,1.0,1.0,1.0,1.0,1.0,1.0,1.0,1.0,1.0,1.0,0.22950819672131148,0.1715846994535519,0.1715846994535519,0.15027322404371585,0.15027322404371585,0.22950819672131148,0.22950819672131148,0.22950819672131148,0.3770491803278688,0.47540983606557374,0.5901639344262295,0.639344262295082,0.22950819672131148
1,Scenario1_F_Video2_Session1 vs Session2,CatBoost,42,61,61,"{'iterations': 1000, 'depth': 4, 'learning_rate': 0.05, 'l2_leaf_reg': 1, 'border_count': 32}",scenario_results_scenarios_2025-11-30_104836_early_stop/catboost_Scenario1_F_Video2_Session1 vs Session2_2025-11-30_104836_seed42_early_stop.pkl,1.0,1.0,1.0,1.0,1.0,1.0,1.0,1.0,1.0,1.0,1.0,1.0,1.0,0.26229508196721313,0.19320843091334894,0.19320843091334894,0.16666666666666666,0.16666666666666666,0.26229508196721313,0.26229508196721313,0.26229508196721313,0.4262295081967213,0.5409836065573771,0.7049180327868853,0.7540983606557377,0.26229508196721313
1,Scenario1_F_Video2_Session2 vs Session1,CatBoost,42,61,61,"{'iterations': 1000, 'depth': 4, 'learning_rate': 0.05, 'l2_leaf_reg': 1, 'border_count': 32}",scenario_results_scenarios_2025-11-30_104836_early_stop/catboost_Scenario1_F_Video2_Session2 vs Session1_2025-11-30_104836_seed42_early_stop.pkl,1.0,1.0,1.0,1.0,1.0,1.0,1.0,1.0,1.0,1.0,1.0,1.0,1.0,0.29508196721311475,0.22786885245901636,0.22786885245901636,0.20081967213114754,0.20081967213114754,0.29508196721311475,0.29508196721311475,0.29508196721311475,0.45901639344262296,0.6721311475409836,0.7213114754098361,0.7540983606557377,0.29508196721311475
1,Scenario1_F_Video3_Session1 vs Session2,CatBoost,42,61,61,"{'iterations': 1000, 'depth': 4, 'learning_rate': 0.05, 'l2_leaf_reg': 1, 'border_count': 32}",scenario_results_scenarios_2025-11-30_104836_early_stop/catboost_Scenario1_F_Video3_Session1 vs Session2_2025-11-30_104836_seed42_early_stop.pkl,1.0,1.0,1.0,1.0,1.0,1.0,1.0,1.0,1.0,1.0,1.0,1.0,1.0,0.36065573770491804,0.2972677595628415,0.2972677595628415,0.27377049180327867,0.27377049180327867,0.36065573770491804,0.36065573770491804,0.36065573770491804,0.4918032786885246,0.6557377049180327,0.6721311475409836,0.7704918032786885,0.36065573770491804
1,Scenario1_F_Video3_Session2 vs Session1,CatBoost,42,61,61,"{'iterations': 1000, 'depth': 4, 'learning_rate': 0.05, 'l2_leaf_reg': 1, 'border_count': 32}",scenario_results_scenarios_2025-11-30_104836_early_stop/catboost_Scenario1_F_Video3_Session2 vs Session1_2025-11-30_104836_seed42_early_stop.pkl,1.0,1.0,1.0,1.0,1.0,1.0,1.0,1.0,1.0,1.0,1.0,1.0,1.0,0.32786885245901637,0.25409836065573765,0.25409836065573765,0.22404371584699453,0.22404371584699453,0.32786885245901637,0.32786885245901637,0.32786885245901637,0.47540983606557374,0.6229508196721312,0.6885245901639344,0.7213114754098361,0.32786885245901637
1,Scenario1_I_Video1_Session1 vs Session2,CatBoost,42,61,61,"{'iterations': 1000, 'depth': 4, 'learning_rate': 0.05, 'l2_leaf_reg': 1, 'border_count': 32}",scenario_results_scenarios_2025-11-30_104836_early_stop/catboost_Scenario1_I_Video1_Session1 vs Session2_2025-11-30_104836_seed42_early_stop.pkl,1.0,1.0,1.0,1.0,1.0,1.0,1.0,1.0,1.0,1.0,1.0,1.0,1.0,0.2786885245901639,0.214207650273224,0.214207650273224,0.18715846994535518,0.18715846994535518,0.2786885245901639,0.2786885245901639,0.2786885245901639,0.39344262295081966,0.47540983606557374,0.5737704918032787,0.6065573770491803,0.2786885245901639
1,Scenario1_I_Video1_Session2 vs Session1,CatBoost,42,61,61,"{'iterations': 1000, 'depth': 4, 'learning_rate': 0.05, 'l2_leaf_reg': 1, 'border_count': 32}",scenario_results_scenarios_2025-11-30_104836_early_stop/catboost_Scenario1_I_Video1_Session2 vs Session1_2025-11-30_104836_seed42_early_stop.pkl,1.0,1.0,1.0,1.0,1.0,1.0,1.0,1.0,1.0,1.0,1.0,1.0,1.0,0.22950819672131148,0.17431693989071037,0.17431693989071037,0.1530054644808743,0.1530054644808743,0.22950819672131148,0.22950819672131148,0.22950819672131148,0.32786885245901637,0.4918032786885246,0.5901639344262295,0.6229508196721312,0.22950819672131148
1,Scenario1_I_Video2_Session1 vs Session2,CatBoost,42,61,61,"{'iterations': 1000, 'depth': 4, 'learning_rate': 0.05, 'l2_leaf_reg': 1, 'border_count': 32}",scenario_results_scenarios_2025-11-30_104836_early_stop/catboost_Scenario1_I_Video2_Session1 vs Session2_2025-11-30_104836_seed42_early_stop.pkl,1.0,1.0,1.0,1.0,1.0,1.0,1.0,1.0,1.0,1.0,1.0,1.0,1.0,0.3442622950819672,0.24699453551912562,0.24699453551912562,0.20956284153005464,0.20956284153005464,0.3442622950819672,0.3442622950819672,0.3442622950819672,0.4262295081967213,0.639344262295082,0.6885245901639344,0.7377049180327869,0.3442622950819672
1,Scenario1_I_Video2_Session2 vs Session1,CatBoost,42,61,61,"{'iterations': 1000, 'depth': 4, 'learning_rate': 0.05, 'l2_leaf_reg': 1, 'border_count': 32}",scenario_results_scenarios_2025-11-30_104836_early_stop/catboost_Scenario1_I_Video2_Session2 vs Session1_2025-11-30_104836_seed42_early_stop.pkl,1.0,1.0,1.0,1.0,1.0,1.0,1.0,1.0,1.0,1.0,1.0,1.0,1.0,0.4426229508196721,0.3590163934426229,0.3590163934426229,0.32650273224043713,0.32650273224043713,0.4426229508196721,0.4426229508196721,0.4426229508196721,0.5573770491803278,0.6721311475409836,0.7049180327868853,0.7704918032786885,0.4426229508196721
1,Scenario1_I_Video3_Session1 vs Session2,CatBoost,42,61,61,"{'iterations': 1000, 'depth': 4, 'learning_rate': 0.05, 'l2_leaf_reg': 1, 'border_count': 32}",scenario_results_scenarios_2025-11-30_104836_early_stop/catboost_Scenario1_I_Video3_Session1 vs Session2_2025-11-30_104836_seed42_early_stop.pkl,1.0,1.0,1.0,1.0,1.0,1.0,1.0,1.0,1.0,1.0,1.0,1.0,1.0,0.3770491803278688,0.2633879781420765,0.2633879781420765,0.21448087431693988,0.21448087431693988,0.3770491803278688,0.3770491803278688,0.3770491803278688,0.5081967213114754,0.6557377049180327,0.7377049180327869,0.7704918032786885,0.3770491803278688
1,Scenario1_I_Video3_Session2 vs Session1,CatBoost,42,61,61,"{'iterations': 1000, 'depth': 4, 'learning_rate': 0.05, 'l2_leaf_reg': 1, 'border_count': 32}",scenario_results_scenarios_2025-11-30_104836_early_stop/catboost_Scenario1_I_Video3_Session2 vs Session1_2025-11-30_104836_seed42_early_stop.pkl,1.0,1.0,1.0,1.0,1.0,1.0,1.0,1.0,1.0,1.0,1.0,1.0,1.0,0.45901639344262296,0.36994535519125676,0.36994535519125676,0.3319672131147541,0.3319672131147541,0.45901639344262296,0.45901639344262296,0.45901639344262296,0.5245901639344263,0.6229508196721312,0.6557377049180327,0.7213114754098361,0.45901639344262296
1,Scenario1_T_Video1_Session1 vs Session2,CatBoost,42,61,61,"{'iterations': 1000, 'depth': 4, 'learning_rate': 0.05, 'l2_leaf_reg': 1, 'border_count': 32}",scenario_results_scenarios_2025-11-30_104836_early_stop/catboost_Scenario1_T_Video1_Session1 vs Session2_2025-11-30_104836_seed42_early_stop.pkl,1.0,1.0,1.0,1.0,1.0,1.0,1.0,1.0,1.0,1.0,1.0,1.0,1.0,0.3770491803278688,0.2961748633879781,0.2961748633879781,0.2609289617486339,0.2609289617486339,0.3770491803278688,0.3770491803278688,0.3770491803278688,0.5409836065573771,0.6229508196721312,0.6885245901639344,0.7704918032786885,0.3770491803278688
1,Scenario1_T_Video1_Session2 vs Session1,CatBoost,42,61,61,"{'iterations': 1000, 'depth': 4, 'learning_rate': 0.05, 'l2_leaf_reg': 1, 'border_count': 32}",scenario_results_scenarios_2025-11-30_104836_early_stop/catboost_Scenario1_T_Video1_Session2 vs Session1_2025-11-30_104836_seed42_early_stop.pkl,1.0,1.0,1.0,1.0,1.0,1.0,1.0,1.0,1.0,1.0,1.0,1.0,1.0,0.32786885245901637,0.24863387978142076,0.24863387978142076,0.21584699453551914,0.21584699453551914,0.32786885245901637,0.32786885245901637,0.32786885245901637,0.47540983606557374,0.6065573770491803,0.7049180327868853,0.7540983606557377,0.32786885245901637
1,Scenario1_T_Video2_Session1 vs Session2,CatBoost,42,61,61,"{'iterations': 1000, 'depth': 4, 'learning_rate': 0.05, 'l2_leaf_reg': 1, 'border_count': 32}",scenario_results_scenarios_2025-11-30_104836_early_stop/catboost_Scenario1_T_Video2_Session1 vs Session2_2025-11-30_104836_seed42_early_stop.pkl,1.0,1.0,1.0,1.0,1.0,1.0,1.0,1.0,1.0,1.0,1.0,1.0,1.0,0.26229508196721313,0.18087431693989067,0.18087431693989067,0.14890710382513658,0.14890710382513658,0.26229508196721313,0.26229508196721313,0.26229508196721313,0.4426229508196721,0.5409836065573771,0.6065573770491803,0.6885245901639344,0.26229508196721313
1,Scenario1_T_Video2_Session2 vs Session1,CatBoost,42,61,61,"{'iterations': 1000, 'depth': 4, 'learning_rate': 0.05, 'l2_leaf_reg': 1, 'border_count': 32}",scenario_results_scenarios_2025-11-30_104836_early_stop/catboost_Scenario1_T_Video2_Session2 vs Session1_2025-11-30_104836_seed42_early_stop.pkl,1.0,1.0,1.0,1.0,1.0,1.0,1.0,1.0,1.0,1.0,1.0,1.0,1.0,0.29508196721311475,0.22131147540983603,0.22131147540983603,0.18907103825136612,0.18907103825136612,0.29508196721311475,0.29508196721311475,0.29508196721311475,0.45901639344262296,0.5901639344262295,0.7049180327868853,0.7213114754098361,0.29508196721311475
1,Scenario1_T_Video3_Session1 vs Session2,CatBoost,42,61,61,"{'iterations': 1000, 'depth': 4, 'learning_rate': 0.05, 'l2_leaf_reg': 1, 'border_count': 32}",scenario_results_scenarios_2025-11-30_104836_early_stop/catboost_Scenario1_T_Video3_Session1 vs Session2_2025-11-30_104836_seed42_early_stop.pkl,1.0,1.0,1.0,1.0,1.0,1.0,1.0,1.0,1.0,1.0,1.0,1.0,1.0,0.22950819672131148,0.1825136612021858,0.1825136612021858,0.16666666666666669,0.16666666666666669,0.22950819672131148,0.22950819672131148,0.22950819672131148,0.4262295081967213,0.5409836065573771,0.6065573770491803,0.6721311475409836,0.22950819672131148
1,Scenario1_T_Video3_Session2 vs Session1,CatBoost,42,61,61,"{'iterations': 1000, 'depth': 4, 'learning_rate': 0.05, 'l2_leaf_reg': 1, 'border_count': 32}",scenario_results_scenarios_2025-11-30_104836_early_stop/catboost_Scenario1_T_Video3_Session2 vs Session1_2025-11-30_104836_seed42_early_stop.pkl,1.0,1.0,1.0,1.0,1.0,1.0,1.0,1.0,1.0,1.0,1.0,1.0,1.0,0.32786885245901637,0.2622950819672131,0.2622950819672131,0.23224043715846993,0.23224043715846993,0.32786885245901637,0.32786885245901637,0.32786885245901637,0.3770491803278688,0.5245901639344263,0.6229508196721312,0.639344262295082,0.32786885245901637
1,Scenario1_F_Video1_Session1 vs Session2,SVM,42,61,61,"{'decision_function_shape': 'ovo', 'C': 0.1, 'kernel': 'rbf', 'gamma': 'scale'}",scenario_results_scenarios_2025-11-30_104836_early_stop/svm_Scenario1_F_Video1_Session1 vs Session2_2025-11-30_104836_seed42_early_stop.pkl,1.0,1.0,1.0,1.0,1.0,1.0,1.0,0.0,0.0,0.0,0.0,0.0,0.0,0.11475409836065574,0.07650273224043715,0.07650273224043715,0.0633879781420765,0.0633879781420765,0.11475409836065574,0.11475409836065574,0.01639344262295082,0.03278688524590164,0.03278688524590164,0.03278688524590164,0.03278688524590164,0.01639344262295082
1,Scenario1_F_Video1_Session2 vs Session1,SVM,42,61,61,"{'decision_function_shape': 'ovo', 'C': 0.1, 'kernel': 'rbf', 'gamma': 'scale'}",scenario_results_scenarios_2025-11-30_104836_early_stop/svm_Scenario1_F_Video1_Session2 vs Session1_2025-11-30_104836_seed42_early_stop.pkl,1.0,1.0,1.0,1.0,1.0,1.0,1.0,0.0,0.0,0.0,0.0,0.0,0.0,0.18032786885245902,0.14863387978142076,0.14863387978142076,0.13797814207650272,0.13797814207650272,0.18032786885245902,0.18032786885245902,0.01639344262295082,0.03278688524590164,0.04918032786885246,0.06557377049180328,0.06557377049180328,0.01639344262295082
1,Scenario1_F_Video2_Session1 vs Session2,SVM,42,61,61,"{'decision_function_shape': 'ovo', 'C': 0.1, 'kernel': 'rbf', 'gamma': 'scale'}",scenario_results_scenarios_2025-11-30_104836_early_stop/svm_Scenario1_F_Video2_Session1 vs Session2_2025-11-30_104836_seed42_early_stop.pkl,1.0,1.0,1.0,1.0,1.0,1.0,1.0,0.0,0.0,0.0,0.0,0.0,0.0,0.11475409836065574,0.07049180327868852,0.07049180327868852,0.05792349726775956,0.05792349726775956,0.11475409836065574,0.11475409836065574,0.0,0.0,0.0,0.0,0.0,0.0
1,Scenario1_F_Video2_Session2 vs Session1,SVM,42,61,61,"{'decision_function_shape': 'ovo', 'C': 0.1, 'kernel': 'rbf', 'gamma': 'scale'}",scenario_results_scenarios_2025-11-30_104836_early_stop/svm_Scenario1_F_Video2_Session2 vs Session1_2025-11-30_104836_seed42_early_stop.pkl,1.0,1.0,1.0,1.0,1.0,1.0,1.0,0.0,0.0,0.0,0.0,0.0,0.0,0.13114754098360656,0.11202185792349727,0.11202185792349727,0.10382513661202185,0.10382513661202185,0.13114754098360656,0.13114754098360656,0.0,0.01639344262295082,0.01639344262295082,0.01639344262295082,0.01639344262295082,0.0
1,Scenario1_F_Video3_Session1 vs Session2,SVM,42,61,61,"{'decision_function_shape': 'ovo', 'C': 0.1, 'kernel': 'rbf', 'gamma': 'scale'}",scenario_results_scenarios_2025-11-30_104836_early_stop/svm_Scenario1_F_Video3_Session1 vs Session2_2025-11-30_104836_seed42_early_stop.pkl,1.0,1.0,1.0,1.0,1.0,1.0,1.0,0.0,0.0,0.0,0.0,0.0,0.0,0.18032786885245902,0.1284153005464481,0.1284153005464481,0.11311475409836066,0.11311475409836066,0.18032786885245902,0.18032786885245902,0.0,0.0,0.0,0.01639344262295082,0.01639344262295082,0.0
1,Scenario1_F_Video3_Session2 vs Session1,SVM,42,61,61,"{'decision_function_shape': 'ovo', 'C': 0.1, 'kernel': 'rbf', 'gamma': 'scale'}",scenario_results_scenarios_2025-11-30_104836_early_stop/svm_Scenario1_F_Video3_Session2 vs Session1_2025-11-30_104836_seed42_early_stop.pkl,1.0,1.0,1.0,1.0,1.0,1.0,1.0,0.0,0.0,0.0,0.0,0.0,0.0,0.16393442622950818,0.11420765027322406,0.11420765027322406,0.09562841530054644,0.09562841530054644,0.16393442622950818,0.16393442622950818,0.0,0.0,0.0,0.0,0.0,0.0
1,Scenario1_I_Video1_Session1 vs Session2,SVM,42,61,61,"{'decision_function_shape': 'ovo', 'C': 0.1, 'kernel': 'rbf', 'gamma': 'scale'}",scenario_results_scenarios_2025-11-30_104836_early_stop/svm_Scenario1_I_Video1_Session1 vs Session2_2025-11-30_104836_seed42_early_stop.pkl,1.0,1.0,1.0,1.0,1.0,1.0,1.0,0.0,0.0,0.0,0.0,0.0,0.0,0.26229508196721313,0.19867291178766588,0.19867291178766588,0.17814207650273228,0.17814207650273228,0.26229508196721313,0.26229508196721313,0.01639344262295082,0.03278688524590164,0.03278688524590164,0.04918032786885246,0.04918032786885246,0.01639344262295082
1,Scenario1_I_Video1_Session2 vs Session1,SVM,42,61,61,"{'decision_function_shape': 'ovo', 'C': 0.1, 'kernel': 'rbf', 'gamma': 'scale'}",scenario_results_scenarios_2025-11-30_104836_early_stop/svm_Scenario1_I_Video1_Session2 vs Session1_2025-11-30_104836_seed42_early_stop.pkl,1.0,1.0,1.0,1.0,1.0,1.0,1.0,0.0,0.0,0.0,0.0,0.0,0.0,0.21311475409836064,0.16666666666666666,0.16666666666666666,0.14754098360655737,0.14754098360655737,0.21311475409836064,0.21311475409836064,0.0,0.01639344262295082,0.01639344262295082,0.01639344262295082,0.01639344262295082,0.0
1,Scenario1_I_Video2_Session1 vs Session2,SVM,42,61,61,"{'decision_function_shape': 'ovo', 'C': 0.1, 'kernel': 'rbf', 'gamma': 'scale'}",scenario_results_scenarios_2025-11-30_104836_early_stop/svm_Scenario1_I_Video2_Session1 vs Session2_2025-11-30_104836_seed42_early_stop.pkl,1.0,1.0,1.0,1.0,1.0,1.0,1.0,0.0,0.0,0.0,0.0,0.0,0.0,0.16393442622950818,0.1098360655737705,0.1098360655737705,0.09153005464480873,0.09153005464480873,0.16393442622950818,0.16393442622950818,0.0,0.0,0.0,0.0,0.0,0.0
1,Scenario1_I_Video2_Session2 vs Session1,SVM,42,61,61,"{'decision_function_shape': 'ovo', 'C': 0.1, 'kernel': 'rbf', 'gamma': 'scale'}",scenario_results_scenarios_2025-11-30_104836_early_stop/svm_Scenario1_I_Video2_Session2 vs Session1_2025-11-30_104836_seed42_early_stop.pkl,1.0,1.0,1.0,1.0,1.0,1.0,1.0,0.0,0.0,0.0,0.0,0.0,0.0,0.14754098360655737,0.08415300546448087,0.08415300546448087,0.0633879781420765,0.0633879781420765,0.14754098360655737,0.14754098360655737,0.0,0.0,0.0,0.0,0.0,0.0
1,Scenario1_I_Video3_Session1 vs Session2,SVM,42,61,61,"{'decision_function_shape': 'ovo', 'C': 0.1, 'kernel': 'rbf', 'gamma': 'scale'}",scenario_results_scenarios_2025-11-30_104836_early_stop/svm_Scenario1_I_Video3_Session1 vs Session2_2025-11-30_104836_seed42_early_stop.pkl,1.0,1.0,1.0,1.0,1.0,1.0,1.0,0.0,0.0,0.0,0.0,0.0,0.0,0.2459016393442623,0.18306010928961747,0.18306010928961747,0.1557377049180328,0.1557377049180328,0.2459016393442623,0.2459016393442623,0.01639344262295082,0.01639344262295082,0.01639344262295082,0.01639344262295082,0.01639344262295082,0.01639344262295082
1,Scenario1_I_Video3_Session2 vs Session1,SVM,42,61,61,"{'decision_function_shape': 'ovo', 'C': 0.1, 'kernel': 'rbf', 'gamma': 'scale'}",scenario_results_scenarios_2025-11-30_104836_early_stop/svm_Scenario1_I_Video3_Session2 vs Session1_2025-11-30_104836_seed42_early_stop.pkl,1.0,1.0,1.0,1.0,1.0,1.0,1.0,0.0,0.0,0.0,0.0,0.0,0.0,0.16393442622950818,0.1150663544106167,0.1150663544106167,0.09699453551912568,0.09699453551912568,0.16393442622950818,0.16393442622950818,0.0,0.01639344262295082,0.01639344262295082,0.01639344262295082,0.01639344262295082,0.0
1,Scenario1_T_Video1_Session1 vs Session2,SVM,42,61,61,"{'decision_function_shape': 'ovo', 'C': 0.1, 'kernel': 'rbf', 'gamma': 'scale'}",scenario_results_scenarios_2025-11-30_104836_early_stop/svm_Scenario1_T_Video1_Session1 vs Session2_2025-11-30_104836_seed42_early_stop.pkl,1.0,1.0,1.0,1.0,1.0,1.0,1.0,0.0,0.0,0.0,0.0,0.0,0.0,0.14754098360655737,0.11038251366120219,0.11038251366120219,0.09699453551912568,0.09699453551912568,0.14754098360655737,0.14754098360655737,0.0,0.0,0.0,0.0,0.0,0.0
1,Scenario1_T_Video1_Session2 vs Session1,SVM,42,61,61,"{'decision_function_shape': 'ovo', 'C': 0.1, 'kernel': 'rbf', 'gamma': 'scale'}",scenario_results_scenarios_2025-11-30_104836_early_stop/svm_Scenario1_T_Video1_Session2 vs Session1_2025-11-30_104836_seed42_early_stop.pkl,1.0,1.0,1.0,1.0,1.0,1.0,1.0,0.0,0.0,0.0,0.0,0.0,0.0,0.18032786885245902,0.13606557377049178,0.13606557377049178,0.12021857923497267,0.12021857923497267,0.18032786885245902,0.18032786885245902,0.0,0.0,0.01639344262295082,0.01639344262295082,0.01639344262295082,0.0
1,Scenario1_T_Video2_Session1 vs Session2,SVM,42,61,61,"{'decision_function_shape': 'ovo', 'C': 0.1, 'kernel': 'rbf', 'gamma': 'scale'}",scenario_results_scenarios_2025-11-30_104836_early_stop/svm_Scenario1_T_Video2_Session1 vs Session2_2025-11-30_104836_seed42_early_stop.pkl,1.0,1.0,1.0,1.0,1.0,1.0,1.0,0.0,0.0,0.0,0.0,0.0,0.0,0.19672131147540983,0.13661202185792348,0.13661202185792348,0.11530054644808742,0.11530054644808742,0.19672131147540983,0.19672131147540983,0.01639344262295082,0.01639344262295082,0.03278688524590164,0.03278688524590164,0.03278688524590164,0.01639344262295082
1,Scenario1_T_Video2_Session2 vs Session1,SVM,42,61,61,"{'decision_function_shape': 'ovo', 'C': 0.1, 'kernel': 'rbf', 'gamma': 'scale'}",scenario_results_scenarios_2025-11-30_104836_early_stop/svm_Scenario1_T_Video2_Session2 vs Session1_2025-11-30_104836_seed42_early_stop.pkl,1.0,1.0,1.0,1.0,1.0,1.0,1.0,0.0,0.0,0.0,0.0,0.0,0.0,0.21311475409836064,0.1431693989071038,0.1431693989071038,0.11612021857923495,0.11612021857923495,0.21311475409836064,0.21311475409836064,0.01639344262295082,0.01639344262295082,0.01639344262295082,0.01639344262295082,0.01639344262295082,0.01639344262295082
1,Scenario1_T_Video3_Session1 vs Session2,SVM,42,61,61,"{'decision_function_shape': 'ovo', 'C': 0.1, 'kernel': 'rbf', 'gamma': 'scale'}",scenario_results_scenarios_2025-11-30_104836_early_stop/svm_Scenario1_T_Video3_Session1 vs Session2_2025-11-30_104836_seed42_early_stop.pkl,1.0,1.0,1.0,1.0,1.0,1.0,1.0,0.0,0.0,0.0,0.0,0.0,0.0,0.16393442622950818,0.10601092896174863,0.10601092896174863,0.08469945355191257,0.08469945355191257,0.16393442622950818,0.16393442622950818,0.01639344262295082,0.03278688524590164,0.03278688524590164,0.04918032786885246,0.04918032786885246,0.01639344262295082
1,Scenario1_T_Video3_Session2 vs Session1,SVM,42,61,61,"{'decision_function_shape': 'ovo', 'C': 0.1, 'kernel': 'rbf', 'gamma': 'scale'}",scenario_results_scenarios_2025-11-30_104836_early_stop/svm_Scenario1_T_Video3_Session2 vs Session1_2025-11-30_104836_seed42_early_stop.pkl,1.0,1.0,1.0,1.0,1.0,1.0,1.0,0.0,0.0,0.0,0.0,0.0,0.0,0.18032786885245902,0.11779859484777518,0.11779859484777518,0.09699453551912568,0.09699453551912568,0.18032786885245902,0.18032786885245902,0.01639344262295082,0.01639344262295082,0.03278688524590164,0.03278688524590164,0.03278688524590164,0.01639344262295082
1,Scenario1_F_Video1_Session1 vs Session2,MLP,42,61,61,"{'hidden_layer_sizes': [50], 'activation': 'relu', 'solver': 'adam', 'alpha': 0.0001, 'learning_rate': 'constant', 'batch_size': 36, 'learning_rate_init': 0.001, 'max_iter': 2000, 'early_stopping': True}",scenario_results_scenarios_2025-11-30_104836_early_stop/mlp_Scenario1_F_Video1_Session1 vs Session2_2025-11-30_104836_seed42_early_stop.pkl,0.01639344262295082,0.0005288207297726071,0.0005288207297726071,0.0002687449610319807,0.0002687449610319807,0.01639344262295082,0.01639344262295082,0.01639344262295082,0.03278688524590164,0.06557377049180328,0.06557377049180328,0.08196721311475409,0.01639344262295082,0.01639344262295082,0.0005288207297726071,0.0005288207297726071,0.0002687449610319807,0.0002687449610319807,0.01639344262295082,0.01639344262295082,0.01639344262295082,0.03278688524590164,0.04918032786885246,0.06557377049180328,0.08196721311475409,0.01639344262295082
1,Scenario1_F_Video1_Session2 vs Session1,MLP,42,61,61,"{'hidden_layer_sizes': [50], 'activation': 'relu', 'solver': 'adam', 'alpha': 0.0001, 'learning_rate': 'constant', 'batch_size': 36, 'learning_rate_init': 0.001, 'max_iter': 2000, 'early_stopping': True}",scenario_results_scenarios_2025-11-30_104836_early_stop/mlp_Scenario1_F_Video1_Session2 vs Session1_2025-11-30_104836_seed42_early_stop.pkl,0.01639344262295082,0.0005288207297726071,0.0005288207297726071,0.0002687449610319807,0.0002687449610319807,0.01639344262295082,0.01639344262295082,0.01639344262295082,0.03278688524590164,0.04918032786885246,0.06557377049180328,0.08196721311475409,0.01639344262295082,0.01639344262295082,0.0005288207297726071,0.0005288207297726071,0.0002687449610319807,0.0002687449610319807,0.01639344262295082,0.01639344262295082,0.01639344262295082,0.03278688524590164,0.04918032786885246,0.06557377049180328,0.08196721311475409,0.01639344262295082
1,Scenario1_F_Video2_Session1 vs Session2,MLP,42,61,61,"{'hidden_layer_sizes': [50], 'activation': 'relu', 'solver': 'adam', 'alpha': 0.0001, 'learning_rate': 'constant', 'batch_size': 36, 'learning_rate_init': 0.001, 'max_iter': 2000, 'early_stopping': True}",scenario_results_scenarios_2025-11-30_104836_early_stop/mlp_Scenario1_F_Video2_Session1 vs Session2_2025-11-30_104836_seed42_early_stop.pkl,0.01639344262295082,0.0005288207297726071,0.0005288207297726071,0.0002687449610319807,0.0002687449610319807,0.01639344262295082,0.01639344262295082,0.01639344262295082,0.03278688524590164,0.04918032786885246,0.06557377049180328,0.08196721311475409,0.01639344262295082,0.01639344262295082,0.0005288207297726071,0.0005288207297726071,0.0002687449610319807,0.0002687449610319807,0.01639344262295082,0.01639344262295082,0.01639344262295082,0.03278688524590164,0.04918032786885246,0.06557377049180328,0.08196721311475409,0.01639344262295082
1,Scenario1_F_Video2_Session2 vs Session1,MLP,42,61,61,"{'hidden_layer_sizes': [50], 'activation': 'relu', 'solver': 'adam', 'alpha': 0.0001, 'learning_rate': 'constant', 'batch_size': 36, 'learning_rate_init': 0.001, 'max_iter': 2000, 'early_stopping': True}",scenario_results_scenarios_2025-11-30_104836_early_stop/mlp_Scenario1_F_Video2_Session2 vs Session1_2025-11-30_104836_seed42_early_stop.pkl,0.01639344262295082,0.0005288207297726071,0.0005288207297726071,0.0002687449610319807,0.0002687449610319807,0.01639344262295082,0.01639344262295082,0.01639344262295082,0.03278688524590164,0.04918032786885246,0.06557377049180328,0.08196721311475409,0.01639344262295082,0.01639344262295082,0.0005288207297726071,0.0005288207297726071,0.0002687449610319807,0.0002687449610319807,0.01639344262295082,0.01639344262295082,0.01639344262295082,0.03278688524590164,0.04918032786885246,0.06557377049180328,0.08196721311475409,0.01639344262295082
1,Scenario1_F_Video3_Session1 vs Session2,MLP,42,61,61,"{'hidden_layer_sizes': [50], 'activation': 'relu', 'solver': 'adam', 'alpha': 0.0001, 'learning_rate': 'constant', 'batch_size': 36, 'learning_rate_init': 0.001, 'max_iter': 2000, 'early_stopping': True}",scenario_results_scenarios_2025-11-30_104836_early_stop/mlp_Scenario1_F_Video3_Session1 vs Session2_2025-11-30_104836_seed42_early_stop.pkl,0.01639344262295082,0.0005288207297726071,0.0005288207297726071,0.0002687449610319807,0.0002687449610319807,0.01639344262295082,0.01639344262295082,0.01639344262295082,0.03278688524590164,0.04918032786885246,0.06557377049180328,0.08196721311475409,0.01639344262295082,0.01639344262295082,0.0005288207297726071,0.0005288207297726071,0.0002687449610319807,0.0002687449610319807,0.01639344262295082,0.01639344262295082,0.01639344262295082,0.03278688524590164,0.06557377049180328,0.06557377049180328,0.08196721311475409,0.01639344262295082
1,Scenario1_F_Video3_Session2 vs Session1,MLP,42,61,61,"{'hidden_layer_sizes': [50], 'activation': 'relu', 'solver': 'adam', 'alpha': 0.0001, 'learning_rate': 'constant', 'batch_size': 36, 'learning_rate_init': 0.001, 'max_iter': 2000, 'early_stopping': True}",scenario_results_scenarios_2025-11-30_104836_early_stop/mlp_Scenario1_F_Video3_Session2 vs Session1_2025-11-30_104836_seed42_early_stop.pkl,0.01639344262295082,0.0005288207297726071,0.0005288207297726071,0.0002687449610319807,0.0002687449610319807,0.01639344262295082,0.01639344262295082,0.01639344262295082,0.03278688524590164,0.06557377049180328,0.06557377049180328,0.08196721311475409,0.01639344262295082,0.01639344262295082,0.0005288207297726071,0.0005288207297726071,0.0002687449610319807,0.0002687449610319807,0.01639344262295082,0.01639344262295082,0.01639344262295082,0.03278688524590164,0.04918032786885246,0.06557377049180328,0.08196721311475409,0.01639344262295082
1,Scenario1_I_Video1_Session1 vs Session2,MLP,42,61,61,"{'hidden_layer_sizes': [50], 'activation': 'relu', 'solver': 'adam', 'alpha': 0.0001, 'learning_rate': 'constant', 'batch_size': 36, 'learning_rate_init': 0.001, 'max_iter': 2000, 'early_stopping': True}",scenario_results_scenarios_2025-11-30_104836_early_stop/mlp_Scenario1_I_Video1_Session1 vs Session2_2025-11-30_104836_seed42_early_stop.pkl,0.01639344262295082,0.0005288207297726071,0.0005288207297726071,0.0002687449610319807,0.0002687449610319807,0.01639344262295082,0.01639344262295082,0.01639344262295082,0.03278688524590164,0.06557377049180328,0.06557377049180328,0.08196721311475409,0.01639344262295082,0.01639344262295082,0.0005288207297726071,0.0005288207297726071,0.0002687449610319807,0.0002687449610319807,0.01639344262295082,0.01639344262295082,0.01639344262295082,0.03278688524590164,0.06557377049180328,0.06557377049180328,0.08196721311475409,0.01639344262295082
1,Scenario1_I_Video1_Session2 vs Session1,MLP,42,61,61,"{'hidden_layer_sizes': [50], 'activation': 'relu', 'solver': 'adam', 'alpha': 0.0001, 'learning_rate': 'constant', 'batch_size': 36, 'learning_rate_init': 0.001, 'max_iter': 2000, 'early_stopping': True}",scenario_results_scenarios_2025-11-30_104836_early_stop/mlp_Scenario1_I_Video1_Session2 vs Session1_2025-11-30_104836_seed42_early_stop.pkl,0.01639344262295082,0.0005288207297726071,0.0005288207297726071,0.0002687449610319807,0.0002687449610319807,0.01639344262295082,0.01639344262295082,0.01639344262295082,0.03278688524590164,0.04918032786885246,0.06557377049180328,0.08196721311475409,0.01639344262295082,0.01639344262295082,0.0005288207297726071,0.0005288207297726071,0.0002687449610319807,0.0002687449610319807,0.01639344262295082,0.01639344262295082,0.01639344262295082,0.03278688524590164,0.06557377049180328,0.06557377049180328,0.08196721311475409,0.01639344262295082
1,Scenario1_I_Video2_Session1 vs Session2,MLP,42,61,61,"{'hidden_layer_sizes': [50], 'activation': 'relu', 'solver': 'adam', 'alpha': 0.0001, 'learning_rate': 'constant', 'batch_size': 36, 'learning_rate_init': 0.001, 'max_iter': 2000, 'early_stopping': True}",scenario_results_scenarios_2025-11-30_104836_early_stop/mlp_Scenario1_I_Video2_Session1 vs Session2_2025-11-30_104836_seed42_early_stop.pkl,0.01639344262295082,0.0005288207297726071,0.0005288207297726071,0.0002687449610319807,0.0002687449610319807,0.01639344262295082,0.01639344262295082,0.01639344262295082,0.03278688524590164,0.04918032786885246,0.06557377049180328,0.08196721311475409,0.01639344262295082,0.01639344262295082,0.0005288207297726071,0.0005288207297726071,0.0002687449610319807,0.0002687449610319807,0.01639344262295082,0.01639344262295082,0.01639344262295082,0.03278688524590164,0.04918032786885246,0.06557377049180328,0.08196721311475409,0.01639344262295082
1,Scenario1_I_Video2_Session2 vs Session1,MLP,42,61,61,"{'hidden_layer_sizes': [50], 'activation': 'relu', 'solver': 'adam', 'alpha': 0.0001, 'learning_rate': 'constant', 'batch_size': 36, 'learning_rate_init': 0.001, 'max_iter': 2000, 'early_stopping': True}",scenario_results_scenarios_2025-11-30_104836_early_stop/mlp_Scenario1_I_Video2_Session2 vs Session1_2025-11-30_104836_seed42_early_stop.pkl,0.01639344262295082,0.0005288207297726071,0.0005288207297726071,0.0002687449610319807,0.0002687449610319807,0.01639344262295082,0.01639344262295082,0.01639344262295082,0.03278688524590164,0.04918032786885246,0.06557377049180328,0.08196721311475409,0.01639344262295082,0.01639344262295082,0.0005288207297726071,0.0005288207297726071,0.0002687449610319807,0.0002687449610319807,0.01639344262295082,0.01639344262295082,0.01639344262295082,0.03278688524590164,0.04918032786885246,0.06557377049180328,0.08196721311475409,0.01639344262295082
1,Scenario1_I_Video3_Session1 vs Session2,MLP,42,61,61,"{'hidden_layer_sizes': [50], 'activation': 'relu', 'solver': 'adam', 'alpha': 0.0001, 'learning_rate': 'constant', 'batch_size': 36, 'learning_rate_init': 0.001, 'max_iter': 2000, 'early_stopping': True}",scenario_results_scenarios_2025-11-30_104836_early_stop/mlp_Scenario1_I_Video3_Session1 vs Session2_2025-11-30_104836_seed42_early_stop.pkl,0.01639344262295082,0.0005288207297726071,0.0005288207297726071,0.0002687449610319807,0.0002687449610319807,0.01639344262295082,0.01639344262295082,0.01639344262295082,0.03278688524590164,0.04918032786885246,0.06557377049180328,0.08196721311475409,0.01639344262295082,0.01639344262295082,0.0005288207297726071,0.0005288207297726071,0.0002687449610319807,0.0002687449610319807,0.01639344262295082,0.01639344262295082,0.01639344262295082,0.03278688524590164,0.04918032786885246,0.06557377049180328,0.08196721311475409,0.01639344262295082
1,Scenario1_I_Video3_Session2 vs Session1,MLP,42,61,61,"{'hidden_layer_sizes': [50], 'activation': 'relu', 'solver': 'adam', 'alpha': 0.0001, 'learning_rate': 'constant', 'batch_size': 36, 'learning_rate_init': 0.001, 'max_iter': 2000, 'early_stopping': True}",scenario_results_scenarios_2025-11-30_104836_early_stop/mlp_Scenario1_I_Video3_Session2 vs Session1_2025-11-30_104836_seed42_early_stop.pkl,0.01639344262295082,0.0005288207297726071,0.0005288207297726071,0.0002687449610319807,0.0002687449610319807,0.01639344262295082,0.01639344262295082,0.01639344262295082,0.03278688524590164,0.03278688524590164,0.06557377049180328,0.08196721311475409,0.01639344262295082,0.01639344262295082,0.0005288207297726071,0.0005288207297726071,0.0002687449610319807,0.0002687449610319807,0.01639344262295082,0.01639344262295082,0.01639344262295082,0.03278688524590164,0.06557377049180328,0.06557377049180328,0.08196721311475409,0.01639344262295082
1,Scenario1_T_Video1_Session1 vs Session2,MLP,42,61,61,"{'hidden_layer_sizes': [50], 'activation': 'relu', 'solver': 'adam', 'alpha': 0.0001, 'learning_rate': 'constant', 'batch_size': 36, 'learning_rate_init': 0.001, 'max_iter': 2000, 'early_stopping': True}",scenario_results_scenarios_2025-11-30_104836_early_stop/mlp_Scenario1_T_Video1_Session1 vs Session2_2025-11-30_104836_seed42_early_stop.pkl,0.01639344262295082,0.0005288207297726071,0.0005288207297726071,0.0002687449610319807,0.0002687449610319807,0.01639344262295082,0.01639344262295082,0.01639344262295082,0.03278688524590164,0.04918032786885246,0.06557377049180328,0.08196721311475409,0.01639344262295082,0.01639344262295082,0.0005288207297726071,0.0005288207297726071,0.0002687449610319807,0.0002687449610319807,0.01639344262295082,0.01639344262295082,0.01639344262295082,0.03278688524590164,0.04918032786885246,0.06557377049180328,0.08196721311475409,0.01639344262295082
1,Scenario1_T_Video1_Session2 vs Session1,MLP,42,61,61,"{'hidden_layer_sizes': [50], 'activation': 'relu', 'solver': 'adam', 'alpha': 0.0001, 'learning_rate': 'constant', 'batch_size': 36, 'learning_rate_init': 0.001, 'max_iter': 2000, 'early_stopping': True}",scenario_results_scenarios_2025-11-30_104836_early_stop/mlp_Scenario1_T_Video1_Session2 vs Session1_2025-11-30_104836_seed42_early_stop.pkl,0.01639344262295082,0.0005288207297726071,0.0005288207297726071,0.0002687449610319807,0.0002687449610319807,0.01639344262295082,0.01639344262295082,0.01639344262295082,0.03278688524590164,0.04918032786885246,0.06557377049180328,0.08196721311475409,0.01639344262295082,0.01639344262295082,0.0005288207297726071,0.0005288207297726071,0.0002687449610319807,0.0002687449610319807,0.01639344262295082,0.01639344262295082,0.01639344262295082,0.03278688524590164,0.04918032786885246,0.06557377049180328,0.08196721311475409,0.01639344262295082
1,Scenario1_T_Video2_Session1 vs Session2,MLP,42,61,61,"{'hidden_layer_sizes': [50], 'activation': 'relu', 'solver': 'adam', 'alpha': 0.0001, 'learning_rate': 'constant', 'batch_size': 36, 'learning_rate_init': 0.001, 'max_iter': 2000, 'early_stopping': True}",scenario_results_scenarios_2025-11-30_104836_early_stop/mlp_Scenario1_T_Video2_Session1 vs Session2_2025-11-30_104836_seed42_early_stop.pkl,0.01639344262295082,0.0005288207297726071,0.0005288207297726071,0.0002687449610319807,0.0002687449610319807,0.01639344262295082,0.01639344262295082,0.01639344262295082,0.03278688524590164,0.04918032786885246,0.06557377049180328,0.08196721311475409,0.01639344262295082,0.01639344262295082,0.0005288207297726071,0.0005288207297726071,0.0002687449610319807,0.0002687449610319807,0.01639344262295082,0.01639344262295082,0.01639344262295082,0.03278688524590164,0.04918032786885246,0.06557377049180328,0.08196721311475409,0.01639344262295082
1,Scenario1_T_Video2_Session2 vs Session1,MLP,42,61,61,"{'hidden_layer_sizes': [50], 'activation': 'relu', 'solver': 'adam', 'alpha': 0.0001, 'learning_rate': 'constant', 'batch_size': 36, 'learning_rate_init': 0.001, 'max_iter': 2000, 'early_stopping': True}",scenario_results_scenarios_2025-11-30_104836_early_stop/mlp_Scenario1_T_Video2_Session2 vs Session1_2025-11-30_104836_seed42_early_stop.pkl,0.01639344262295082,0.0005288207297726071,0.0005288207297726071,0.0002687449610319807,0.0002687449610319807,0.01639344262295082,0.01639344262295082,0.01639344262295082,0.03278688524590164,0.04918032786885246,0.06557377049180328,0.08196721311475409,0.01639344262295082,0.01639344262295082,0.0005288207297726071,0.0005288207297726071,0.0002687449610319807,0.0002687449610319807,0.01639344262295082,0.01639344262295082,0.01639344262295082,0.03278688524590164,0.04918032786885246,0.06557377049180328,0.08196721311475409,0.01639344262295082
1,Scenario1_T_Video3_Session1 vs Session2,MLP,42,61,61,"{'hidden_layer_sizes': [50], 'activation': 'relu', 'solver': 'adam', 'alpha': 0.0001, 'learning_rate': 'constant', 'batch_size': 36, 'learning_rate_init': 0.001, 'max_iter': 2000, 'early_stopping': True}",scenario_results_scenarios_2025-11-30_104836_early_stop/mlp_Scenario1_T_Video3_Session1 vs Session2_2025-11-30_104836_seed42_early_stop.pkl,0.01639344262295082,0.0005288207297726071,0.0005288207297726071,0.0002687449610319807,0.0002687449610319807,0.01639344262295082,0.01639344262295082,0.01639344262295082,0.03278688524590164,0.04918032786885246,0.06557377049180328,0.08196721311475409,0.01639344262295082,0.01639344262295082,0.0005288207297726071,0.0005288207297726071,0.0002687449610319807,0.0002687449610319807,0.01639344262295082,0.01639344262295082,0.01639344262295082,0.03278688524590164,0.04918032786885246,0.06557377049180328,0.08196721311475409,0.01639344262295082
1,Scenario1_T_Video3_Session2 vs Session1,MLP,42,61,61,"{'hidden_layer_sizes': [50], 'activation': 'relu', 'solver': 'adam', 'alpha': 0.0001, 'learning_rate': 'constant', 'batch_size': 36, 'learning_rate_init': 0.001, 'max_iter': 2000, 'early_stopping': True}",scenario_results_scenarios_2025-11-30_104836_early_stop/mlp_Scenario1_T_Video3_Session2 vs Session1_2025-11-30_104836_seed42_early_stop.pkl,0.01639344262295082,0.0005288207297726071,0.0005288207297726071,0.0002687449610319807,0.0002687449610319807,0.01639344262295082,0.01639344262295082,0.01639344262295082,0.03278688524590164,0.06557377049180328,0.06557377049180328,0.08196721311475409,0.01639344262295082,0.01639344262295082,0.0005288207297726071,0.0005288207297726071,0.0002687449610319807,0.0002687449610319807,0.01639344262295082,0.01639344262295082,0.01639344262295082,0.03278688524590164,0.04918032786885246,0.06557377049180328,0.08196721311475409,0.01639344262295082
1,Scenario1_F_Video1_Session1 vs Session2,NaiveBayes,42,61,61,"{'priors': None, 'var_smoothing': 1e-09}",scenario_results_scenarios_2025-11-30_104836_early_stop/naivebayes_Scenario1_F_Video1_Session1 vs Session2_2025-11-30_104836_seed42_early_stop.pkl,1.0,1.0,1.0,1.0,1.0,1.0,1.0,1.0,1.0,1.0,1.0,1.0,1.0,0.11475409836065574,0.07650273224043715,0.07650273224043715,0.0633879781420765,0.0633879781420765,0.11475409836065574,0.11475409836065574,0.11475409836065574,0.13114754098360656,0.14754098360655737,0.16393442622950818,0.16393442622950818,0.11475409836065574
1,Scenario1_F_Video1_Session2 vs Session1,NaiveBayes,42,61,61,"{'priors': None, 'var_smoothing': 1e-09}",scenario_results_scenarios_2025-11-30_104836_early_stop/naivebayes_Scenario1_F_Video1_Session2 vs Session1_2025-11-30_104836_seed42_early_stop.pkl,1.0,1.0,1.0,1.0,1.0,1.0,1.0,1.0,1.0,1.0,1.0,1.0,1.0,0.18032786885245902,0.14863387978142076,0.14863387978142076,0.13797814207650272,0.13797814207650272,0.18032786885245902,0.18032786885245902,0.18032786885245902,0.18032786885245902,0.18032786885245902,0.19672131147540983,0.21311475409836064,0.18032786885245902
1,Scenario1_F_Video2_Session1 vs Session2,NaiveBayes,42,61,61,"{'priors': None, 'var_smoothing': 1e-09}",scenario_results_scenarios_2025-11-30_104836_early_stop/naivebayes_Scenario1_F_Video2_Session1 vs Session2_2025-11-30_104836_seed42_early_stop.pkl,1.0,1.0,1.0,1.0,1.0,1.0,1.0,1.0,1.0,1.0,1.0,1.0,1.0,0.11475409836065574,0.07049180327868852,0.07049180327868852,0.05792349726775956,0.05792349726775956,0.11475409836065574,0.11475409836065574,0.11475409836065574,0.13114754098360656,0.14754098360655737,0.16393442622950818,0.18032786885245902,0.11475409836065574
1,Scenario1_F_Video2_Session2 vs Session1,NaiveBayes,42,61,61,"{'priors': None, 'var_smoothing': 1e-09}",scenario_results_scenarios_2025-11-30_104836_early_stop/naivebayes_Scenario1_F_Video2_Session2 vs Session1_2025-11-30_104836_seed42_early_stop.pkl,1.0,1.0,1.0,1.0,1.0,1.0,1.0,1.0,1.0,1.0,1.0,1.0,1.0,0.13114754098360656,0.11202185792349727,0.11202185792349727,0.10382513661202185,0.10382513661202185,0.13114754098360656,0.13114754098360656,0.13114754098360656,0.14754098360655737,0.16393442622950818,0.18032786885245902,0.19672131147540983,0.13114754098360656
1,Scenario1_F_Video3_Session1 vs Session2,NaiveBayes,42,61,61,"{'priors': None, 'var_smoothing': 1e-09}",scenario_results_scenarios_2025-11-30_104836_early_stop/naivebayes_Scenario1_F_Video3_Session1 vs Session2_2025-11-30_104836_seed42_early_stop.pkl,1.0,1.0,1.0,1.0,1.0,1.0,1.0,1.0,1.0,1.0,1.0,1.0,1.0,0.18032786885245902,0.1284153005464481,0.1284153005464481,0.11311475409836066,0.11311475409836066,0.18032786885245902,0.18032786885245902,0.18032786885245902,0.19672131147540983,0.19672131147540983,0.21311475409836064,0.22950819672131148,0.18032786885245902
1,Scenario1_F_Video3_Session2 vs Session1,NaiveBayes,42,61,61,"{'priors': None, 'var_smoothing': 1e-09}",scenario_results_scenarios_2025-11-30_104836_early_stop/naivebayes_Scenario1_F_Video3_Session2 vs Session1_2025-11-30_104836_seed42_early_stop.pkl,1.0,1.0,1.0,1.0,1.0,1.0,1.0,1.0,1.0,1.0,1.0,1.0,1.0,0.16393442622950818,0.11420765027322406,0.11420765027322406,0.09562841530054644,0.09562841530054644,0.16393442622950818,0.16393442622950818,0.16393442622950818,0.18032786885245902,0.18032786885245902,0.18032786885245902,0.19672131147540983,0.16393442622950818
1,Scenario1_I_Video1_Session1 vs Session2,NaiveBayes,42,61,61,"{'priors': None, 'var_smoothing': 1e-09}",scenario_results_scenarios_2025-11-30_104836_early_stop/naivebayes_Scenario1_I_Video1_Session1 vs Session2_2025-11-30_104836_seed42_early_stop.pkl,1.0,1.0,1.0,1.0,1.0,1.0,1.0,1.0,1.0,1.0,1.0,1.0,1.0,0.26229508196721313,0.19867291178766588,0.19867291178766588,0.17814207650273228,0.17814207650273228,0.26229508196721313,0.26229508196721313,0.26229508196721313,0.2786885245901639,0.29508196721311475,0.3114754098360656,0.3114754098360656,0.26229508196721313
1,Scenario1_I_Video1_Session2 vs Session1,NaiveBayes,42,61,61,"{'priors': None, 'var_smoothing': 1e-09}",scenario_results_scenarios_2025-11-30_104836_early_stop/naivebayes_Scenario1_I_Video1_Session2 vs Session1_2025-11-30_104836_seed42_early_stop.pkl,1.0,1.0,1.0,1.0,1.0,1.0,1.0,1.0,1.0,1.0,1.0,1.0,1.0,0.21311475409836064,0.16666666666666666,0.16666666666666666,0.14754098360655737,0.14754098360655737,0.21311475409836064,0.21311475409836064,0.21311475409836064,0.22950819672131148,0.2459016393442623,0.26229508196721313,0.2786885245901639,0.21311475409836064
1,Scenario1_I_Video2_Session1 vs Session2,NaiveBayes,42,61,61,"{'priors': None, 'var_smoothing': 1e-09}",scenario_results_scenarios_2025-11-30_104836_early_stop/naivebayes_Scenario1_I_Video2_Session1 vs Session2_2025-11-30_104836_seed42_early_stop.pkl,1.0,1.0,1.0,1.0,1.0,1.0,1.0,1.0,1.0,1.0,1.0,1.0,1.0,0.16393442622950818,0.1098360655737705,0.1098360655737705,0.09153005464480873,0.09153005464480873,0.16393442622950818,0.16393442622950818,0.16393442622950818,0.16393442622950818,0.18032786885245902,0.19672131147540983,0.21311475409836064,0.16393442622950818
1,Scenario1_I_Video2_Session2 vs Session1,NaiveBayes,42,61,61,"{'priors': None, 'var_smoothing': 1e-09}",scenario_results_scenarios_2025-11-30_104836_early_stop/naivebayes_Scenario1_I_Video2_Session2 vs Session1_2025-11-30_104836_seed42_early_stop.pkl,1.0,1.0,1.0,1.0,1.0,1.0,1.0,1.0,1.0,1.0,1.0,1.0,1.0,0.14754098360655737,0.08415300546448087,0.08415300546448087,0.0633879781420765,0.0633879781420765,0.14754098360655737,0.14754098360655737,0.14754098360655737,0.16393442622950818,0.18032786885245902,0.19672131147540983,0.21311475409836064,0.14754098360655737
1,Scenario1_I_Video3_Session1 vs Session2,NaiveBayes,42,61,61,"{'priors': None, 'var_smoothing': 1e-09}",scenario_results_scenarios_2025-11-30_104836_early_stop/naivebayes_Scenario1_I_Video3_Session1 vs Session2_2025-11-30_104836_seed42_early_stop.pkl,1.0,1.0,1.0,1.0,1.0,1.0,1.0,1.0,1.0,1.0,1.0,1.0,1.0,0.2459016393442623,0.18306010928961747,0.18306010928961747,0.1557377049180328,0.1557377049180328,0.2459016393442623,0.2459016393442623,0.2459016393442623,0.26229508196721313,0.2786885245901639,0.29508196721311475,0.3114754098360656,0.2459016393442623
1,Scenario1_I_Video3_Session2 vs Session1,NaiveBayes,42,61,61,"{'priors': None, 'var_smoothing': 1e-09}",scenario_results_scenarios_2025-11-30_104836_early_stop/naivebayes_Scenario1_I_Video3_Session2 vs Session1_2025-11-30_104836_seed42_early_stop.pkl,1.0,1.0,1.0,1.0,1.0,1.0,1.0,1.0,1.0,1.0,1.0,1.0,1.0,0.16393442622950818,0.1150663544106167,0.1150663544106167,0.09699453551912568,0.09699453551912568,0.16393442622950818,0.16393442622950818,0.16393442622950818,0.18032786885245902,0.18032786885245902,0.19672131147540983,0.21311475409836064,0.16393442622950818
1,Scenario1_T_Video1_Session1 vs Session2,NaiveBayes,42,61,61,"{'priors': None, 'var_smoothing': 1e-09}",scenario_results_scenarios_2025-11-30_104836_early_stop/naivebayes_Scenario1_T_Video1_Session1 vs Session2_2025-11-30_104836_seed42_early_stop.pkl,1.0,1.0,1.0,1.0,1.0,1.0,1.0,1.0,1.0,1.0,1.0,1.0,1.0,0.14754098360655737,0.11038251366120219,0.11038251366120219,0.09699453551912568,0.09699453551912568,0.14754098360655737,0.14754098360655737,0.14754098360655737,0.16393442622950818,0.16393442622950818,0.18032786885245902,0.19672131147540983,0.14754098360655737
1,Scenario1_T_Video1_Session2 vs Session1,NaiveBayes,42,61,61,"{'priors': None, 'var_smoothing': 1e-09}",scenario_results_scenarios_2025-11-30_104836_early_stop/naivebayes_Scenario1_T_Video1_Session2 vs Session1_2025-11-30_104836_seed42_early_stop.pkl,1.0,1.0,1.0,1.0,1.0,1.0,1.0,1.0,1.0,1.0,1.0,1.0,1.0,0.18032786885245902,0.13606557377049178,0.13606557377049178,0.12021857923497267,0.12021857923497267,0.18032786885245902,0.18032786885245902,0.18032786885245902,0.19672131147540983,0.19672131147540983,0.21311475409836064,0.22950819672131148,0.18032786885245902
1,Scenario1_T_Video2_Session1 vs Session2,NaiveBayes,42,61,61,"{'priors': None, 'var_smoothing': 1e-09}",scenario_results_scenarios_2025-11-30_104836_early_stop/naivebayes_Scenario1_T_Video2_Session1 vs Session2_2025-11-30_104836_seed42_early_stop.pkl,1.0,1.0,1.0,1.0,1.0,1.0,1.0,1.0,1.0,1.0,1.0,1.0,1.0,0.19672131147540983,0.13661202185792348,0.13661202185792348,0.11530054644808742,0.11530054644808742,0.19672131147540983,0.19672131147540983,0.19672131147540983,0.21311475409836064,0.22950819672131148,0.22950819672131148,0.2459016393442623,0.19672131147540983
1,Scenario1_T_Video2_Session2 vs Session1,NaiveBayes,42,61,61,"{'priors': None, 'var_smoothing': 1e-09}",scenario_results_scenarios_2025-11-30_104836_early_stop/naivebayes_Scenario1_T_Video2_Session2 vs Session1_2025-11-30_104836_seed42_early_stop.pkl,1.0,1.0,1.0,1.0,1.0,1.0,1.0,1.0,1.0,1.0,1.0,1.0,1.0,0.21311475409836064,0.1431693989071038,0.1431693989071038,0.11612021857923495,0.11612021857923495,0.21311475409836064,0.21311475409836064,0.21311475409836064,0.22950819672131148,0.2459016393442623,0.2459016393442623,0.26229508196721313,0.21311475409836064
1,Scenario1_T_Video3_Session1 vs Session2,NaiveBayes,42,61,61,"{'priors': None, 'var_smoothing': 1e-09}",scenario_results_scenarios_2025-11-30_104836_early_stop/naivebayes_Scenario1_T_Video3_Session1 vs Session2_2025-11-30_104836_seed42_early_stop.pkl,1.0,1.0,1.0,1.0,1.0,1.0,1.0,1.0,1.0,1.0,1.0,1.0,1.0,0.16393442622950818,0.10601092896174863,0.10601092896174863,0.08469945355191257,0.08469945355191257,0.16393442622950818,0.16393442622950818,0.16393442622950818,0.18032786885245902,0.19672131147540983,0.19672131147540983,0.21311475409836064,0.16393442622950818
1,Scenario1_T_Video3_Session2 vs Session1,NaiveBayes,42,61,61,"{'priors': None, 'var_smoothing': 1e-09}",scenario_results_scenarios_2025-11-30_104836_early_stop/naivebayes_Scenario1_T_Video3_Session2 vs Session1_2025-11-30_104836_seed42_early_stop.pkl,1.0,1.0,1.0,1.0,1.0,1.0,1.0,1.0,1.0,1.0,1.0,1.0,1.0,0.18032786885245902,0.11779859484777518,0.11779859484777518,0.09699453551912568,0.09699453551912568,0.18032786885245902,0.18032786885245902,0.18032786885245902,0.19672131147540983,0.21311475409836064,0.21311475409836064,0.21311475409836064,0.18032786885245902
1,Scenario1_F_Video1_Session1 vs Session2,LightGBM,42,61,61,"{'n_estimators': 100, 'max_depth': 6, 'learning_rate': 0.05, 'num_leaves': 31, 'min_child_samples': 20}",scenario_results_scenarios_2025-11-30_104836_early_stop/lightgbm_Scenario1_F_Video1_Session1 vs Session2_2025-11-30_104836_seed42_early_stop.pkl,1.0,1.0,1.0,1.0,1.0,1.0,1.0,1.0,1.0,1.0,1.0,1.0,1.0,0.06557377049180328,0.05027322404371584,0.05027322404371584,0.045081967213114756,0.045081967213114756,0.06557377049180328,0.06557377049180328,0.06557377049180328,0.22950819672131148,0.2786885245901639,0.39344262295081966,0.4262295081967213,0.06557377049180328
1,Scenario1_F_Video1_Session2 vs Session1,LightGBM,42,61,61,"{'n_estimators': 100, 'max_depth': 6, 'learning_rate': 0.05, 'num_leaves': 31, 'min_child_samples': 20}",scenario_results_scenarios_2025-11-30_104836_early_stop/lightgbm_Scenario1_F_Video1_Session2 vs Session1_2025-11-30_104836_seed42_early_stop.pkl,1.0,1.0,1.0,1.0,1.0,1.0,1.0,1.0,1.0,1.0,1.0,1.0,1.0,0.13114754098360656,0.08743169398907105,0.08743169398907105,0.06830601092896174,0.06830601092896174,0.13114754098360656,0.13114754098360656,0.13114754098360656,0.2459016393442623,0.26229508196721313,0.32786885245901637,0.32786885245901637,0.13114754098360656
1,Scenario1_F_Video2_Session1 vs Session2,LightGBM,42,61,61,"{'n_estimators': 100, 'max_depth': 6, 'learning_rate': 0.05, 'num_leaves': 31, 'min_child_samples': 20}",scenario_results_scenarios_2025-11-30_104836_early_stop/lightgbm_Scenario1_F_Video2_Session1 vs Session2_2025-11-30_104836_seed42_early_stop.pkl,1.0,1.0,1.0,1.0,1.0,1.0,1.0,1.0,1.0,1.0,1.0,1.0,1.0,0.14754098360655737,0.1087431693989071,0.1087431693989071,0.09562841530054644,0.09562841530054644,0.14754098360655737,0.14754098360655737,0.14754098360655737,0.21311475409836064,0.3114754098360656,0.3770491803278688,0.4262295081967213,0.14754098360655737
1,Scenario1_F_Video2_Session2 vs Session1,LightGBM,42,61,61,"{'n_estimators': 100, 'max_depth': 6, 'learning_rate': 0.05, 'num_leaves': 31, 'min_child_samples': 20}",scenario_results_scenarios_2025-11-30_104836_early_stop/lightgbm_Scenario1_F_Video2_Session2 vs Session1_2025-11-30_104836_seed42_early_stop.pkl,1.0,1.0,1.0,1.0,1.0,1.0,1.0,1.0,1.0,1.0,1.0,1.0,1.0,0.18032786885245902,0.13114754098360656,0.13114754098360656,0.1092896174863388,0.1092896174863388,0.18032786885245902,0.18032786885245902,0.18032786885245902,0.3770491803278688,0.4098360655737705,0.4918032786885246,0.5737704918032787,0.18032786885245902
1,Scenario1_F_Video3_Session1 vs Session2,LightGBM,42,61,61,"{'n_estimators': 100, 'max_depth': 6, 'learning_rate': 0.05, 'num_leaves': 31, 'min_child_samples': 20}",scenario_results_scenarios_2025-11-30_104836_early_stop/lightgbm_Scenario1_F_Video3_Session1 vs Session2_2025-11-30_104836_seed42_early_stop.pkl,1.0,1.0,1.0,1.0,1.0,1.0,1.0,1.0,1.0,1.0,1.0,1.0,1.0,0.26229508196721313,0.18688524590163935,0.18688524590163935,0.16038251366120215,0.16038251366120215,0.26229508196721313,0.26229508196721313,0.26229508196721313,0.3442622950819672,0.4262295081967213,0.4426229508196721,0.4918032786885246,0.26229508196721313
1,Scenario1_F_Video3_Session2 vs Session1,LightGBM,42,61,61,"{'n_estimators': 100, 'max_depth': 6, 'learning_rate': 0.05, 'num_leaves': 31, 'min_child_samples': 20}",scenario_results_scenarios_2025-11-30_104836_early_stop/lightgbm_Scenario1_F_Video3_Session2 vs Session1_2025-11-30_104836_seed42_early_stop.pkl,1.0,1.0,1.0,1.0,1.0,1.0,1.0,1.0,1.0,1.0,1.0,1.0,1.0,0.14754098360655737,0.126775956284153,0.126775956284153,0.12213114754098361,0.12213114754098361,0.14754098360655737,0.14754098360655737,0.14754098360655737,0.3114754098360656,0.4262295081967213,0.45901639344262296,0.5245901639344263,0.14754098360655737
1,Scenario1_I_Video1_Session1 vs Session2,LightGBM,42,61,61,"{'n_estimators': 100, 'max_depth': 6, 'learning_rate': 0.05, 'num_leaves': 31, 'min_child_samples': 20}",scenario_results_scenarios_2025-11-30_104836_early_stop/lightgbm_Scenario1_I_Video1_Session1 vs Session2_2025-11-30_104836_seed42_early_stop.pkl,1.0,1.0,1.0,1.0,1.0,1.0,1.0,1.0,1.0,1.0,1.0,1.0,1.0,0.08196721311475409,0.058469945355191254,0.058469945355191254,0.05054644808743169,0.05054644808743169,0.08196721311475409,0.08196721311475409,0.08196721311475409,0.16393442622950818,0.22950819672131148,0.32786885245901637,0.36065573770491804,0.08196721311475409
1,Scenario1_I_Video1_Session2 vs Session1,LightGBM,42,61,61,"{'n_estimators': 100, 'max_depth': 6, 'learning_rate': 0.05, 'num_leaves': 31, 'min_child_samples': 20}",scenario_results_scenarios_2025-11-30_104836_early_stop/lightgbm_Scenario1_I_Video1_Session2 vs Session1_2025-11-30_104836_seed42_early_stop.pkl,1.0,1.0,1.0,1.0,1.0,1.0,1.0,1.0,1.0,1.0,1.0,1.0,1.0,0.13114754098360656,0.10304449648711944,0.10304449648711944,0.09562841530054644,0.09562841530054644,0.13114754098360656,0.13114754098360656,0.13114754098360656,0.3114754098360656,0.3770491803278688,0.4426229508196721,0.45901639344262296,0.13114754098360656
1,Scenario1_I_Video2_Session1 vs Session2,LightGBM,42,61,61,"{'n_estimators': 100, 'max_depth': 6, 'learning_rate': 0.05, 'num_leaves': 31, 'min_child_samples': 20}",scenario_results_scenarios_2025-11-30_104836_early_stop/lightgbm_Scenario1_I_Video2_Session1 vs Session2_2025-11-30_104836_seed42_early_stop.pkl,1.0,1.0,1.0,1.0,1.0,1.0,1.0,1.0,1.0,1.0,1.0,1.0,1.0,0.16393442622950818,0.14043715846994534,0.14043715846994534,0.1325136612021858,0.1325136612021858,0.16393442622950818,0.16393442622950818,0.16393442622950818,0.32786885245901637,0.4098360655737705,0.4918032786885246,0.5409836065573771,0.16393442622950818
1,Scenario1_I_Video2_Session2 vs Session1,LightGBM,42,61,61,"{'n_estimators': 100, 'max_depth': 6, 'learning_rate': 0.05, 'num_leaves': 31, 'min_child_samples': 20}",scenario_results_scenarios_2025-11-30_104836_early_stop/lightgbm_Scenario1_I_Video2_Session2 vs Session1_2025-11-30_104836_seed42_early_stop.pkl,1.0,1.0,1.0,1.0,1.0,1.0,1.0,1.0,1.0,1.0,1.0,1.0,1.0,0.09836065573770492,0.058469945355191254,0.058469945355191254,0.04234972677595628,0.04234972677595628,0.09836065573770492,0.09836065573770492,0.09836065573770492,0.16393442622950818,0.26229508196721313,0.36065573770491804,0.39344262295081966,0.09836065573770492
1,Scenario1_I_Video3_Session1 vs Session2,LightGBM,42,61,61,"{'n_estimators': 100, 'max_depth': 6, 'learning_rate': 0.05, 'num_leaves': 31, 'min_child_samples': 20}",scenario_results_scenarios_2025-11-30_104836_early_stop/lightgbm_Scenario1_I_Video3_Session1 vs Session2_2025-11-30_104836_seed42_early_stop.pkl,1.0,1.0,1.0,1.0,1.0,1.0,1.0,1.0,1.0,1.0,1.0,1.0,1.0,0.21311475409836064,0.15846994535519124,0.15846994535519124,0.13989071038251366,0.13989071038251366,0.21311475409836064,0.21311475409836064,0.21311475409836064,0.3114754098360656,0.47540983606557374,0.4918032786885246,0.6065573770491803,0.21311475409836064
1,Scenario1_I_Video3_Session2 vs Session1,LightGBM,42,61,61,"{'n_estimators': 100, 'max_depth': 6, 'learning_rate': 0.05, 'num_leaves': 31, 'min_child_samples': 20}",scenario_results_scenarios_2025-11-30_104836_early_stop/lightgbm_Scenario1_I_Video3_Session2 vs Session1_2025-11-30_104836_seed42_early_stop.pkl,1.0,1.0,1.0,1.0,1.0,1.0,1.0,1.0,1.0,1.0,1.0,1.0,1.0,0.14754098360655737,0.11202185792349727,0.11202185792349727,0.09890710382513661,0.09890710382513661,0.14754098360655737,0.14754098360655737,0.14754098360655737,0.21311475409836064,0.29508196721311475,0.39344262295081966,0.4918032786885246,0.14754098360655737
1,Scenario1_T_Video1_Session1 vs Session2,LightGBM,42,61,61,"{'n_estimators': 100, 'max_depth': 6, 'learning_rate': 0.05, 'num_leaves': 31, 'min_child_samples': 20}",scenario_results_scenarios_2025-11-30_104836_early_stop/lightgbm_Scenario1_T_Video1_Session1 vs Session2_2025-11-30_104836_seed42_early_stop.pkl,1.0,1.0,1.0,1.0,1.0,1.0,1.0,1.0,1.0,1.0,1.0,1.0,1.0,0.14754098360655737,0.09016393442622951,0.09016393442622951,0.06830601092896174,0.06830601092896174,0.14754098360655737,0.14754098360655737,0.14754098360655737,0.32786885245901637,0.39344262295081966,0.4426229508196721,0.5245901639344263,0.14754098360655737
1,Scenario1_T_Video1_Session2 vs Session1,LightGBM,42,61,61,"{'n_estimators': 100, 'max_depth': 6, 'learning_rate': 0.05, 'num_leaves': 31, 'min_child_samples': 20}",scenario_results_scenarios_2025-11-30_104836_early_stop/lightgbm_Scenario1_T_Video1_Session2 vs Session1_2025-11-30_104836_seed42_early_stop.pkl,1.0,1.0,1.0,1.0,1.0,1.0,1.0,1.0,1.0,1.0,1.0,1.0,1.0,0.2786885245901639,0.22131147540983603,0.22131147540983603,0.19672131147540983,0.19672131147540983,0.2786885245901639,0.2786885245901639,0.2786885245901639,0.39344262295081966,0.45901639344262296,0.47540983606557374,0.5081967213114754,0.2786885245901639
1,Scenario1_T_Video2_Session1 vs Session2,LightGBM,42,61,61,"{'n_estimators': 100, 'max_depth': 6, 'learning_rate': 0.05, 'num_leaves': 31, 'min_child_samples': 20}",scenario_results_scenarios_2025-11-30_104836_early_stop/lightgbm_Scenario1_T_Video2_Session1 vs Session2_2025-11-30_104836_seed42_early_stop.pkl,1.0,1.0,1.0,1.0,1.0,1.0,1.0,1.0,1.0,1.0,1.0,1.0,1.0,0.11475409836065574,0.08306010928961748,0.08306010928961748,0.07240437158469946,0.07240437158469946,0.11475409836065574,0.11475409836065574,0.11475409836065574,0.16393442622950818,0.26229508196721313,0.32786885245901637,0.36065573770491804,0.11475409836065574
1,Scenario1_T_Video2_Session2 vs Session1,LightGBM,42,61,61,"{'n_estimators': 100, 'max_depth': 6, 'learning_rate': 0.05, 'num_leaves': 31, 'min_child_samples': 20}",scenario_results_scenarios_2025-11-30_104836_early_stop/lightgbm_Scenario1_T_Video2_Session2 vs Session1_2025-11-30_104836_seed42_early_stop.pkl,1.0,1.0,1.0,1.0,1.0,1.0,1.0,1.0,1.0,1.0,1.0,1.0,1.0,0.21311475409836064,0.13770491803278687,0.13770491803278687,0.11065573770491802,0.11065573770491802,0.21311475409836064,0.21311475409836064,0.21311475409836064,0.2786885245901639,0.32786885245901637,0.3770491803278688,0.4098360655737705,0.21311475409836064
1,Scenario1_T_Video3_Session1 vs Session2,LightGBM,42,61,61,"{'n_estimators': 100, 'max_depth': 6, 'learning_rate': 0.05, 'num_leaves': 31, 'min_child_samples': 20}",scenario_results_scenarios_2025-11-30_104836_early_stop/lightgbm_Scenario1_T_Video3_Session1 vs Session2_2025-11-30_104836_seed42_early_stop.pkl,1.0,1.0,1.0,1.0,1.0,1.0,1.0,1.0,1.0,1.0,1.0,1.0,1.0,0.14754098360655737,0.10218579234972676,0.10218579234972676,0.0866120218579235,0.0866120218579235,0.14754098360655737,0.14754098360655737,0.14754098360655737,0.2459016393442623,0.2786885245901639,0.3770491803278688,0.4262295081967213,0.14754098360655737
1,Scenario1_T_Video3_Session2 vs Session1,LightGBM,42,61,61,"{'n_estimators': 100, 'max_depth': 6, 'learning_rate': 0.05, 'num_leaves': 31, 'min_child_samples': 20}",scenario_results_scenarios_2025-11-30_104836_early_stop/lightgbm_Scenario1_T_Video3_Session2 vs Session1_2025-11-30_104836_seed42_early_stop.pkl,1.0,1.0,1.0,1.0,1.0,1.0,1.0,1.0,1.0,1.0,1.0,1.0,1.0,0.13114754098360656,0.10109289617486339,0.10109289617486339,0.08743169398907104,0.08743169398907104,0.13114754098360656,0.13114754098360656,0.13114754098360656,0.21311475409836064,0.29508196721311475,0.36065573770491804,0.4262295081967213,0.13114754098360656
1,Scenario1_F_Video1_Session1 vs Session2,ExtraTrees,42,61,61,"{'n_estimators': 100, 'max_depth': 10, 'min_samples_split': 2, 'min_samples_leaf': 1, 'max_features': 'sqrt', 'bootstrap': False, 'criterion': 'gini'}",scenario_results_scenarios_2025-11-30_104836_early_stop/extratrees_Scenario1_F_Video1_Session1 vs Session2_2025-11-30_104836_seed42_early_stop.pkl,1.0,1.0,1.0,1.0,1.0,1.0,1.0,1.0,1.0,1.0,1.0,1.0,1.0,0.26229508196721313,0.20163934426229507,0.20163934426229507,0.1808743169398907,0.1808743169398907,0.26229508196721313,0.26229508196721313,0.29508196721311475,0.4098360655737705,0.5409836065573771,0.6721311475409836,0.6885245901639344,0.26229508196721313
1,Scenario1_F_Video1_Session2 vs Session1,ExtraTrees,42,61,61,"{'n_estimators': 100, 'max_depth': 10, 'min_samples_split': 2, 'min_samples_leaf': 1, 'max_features': 'sqrt', 'bootstrap': False, 'criterion': 'gini'}",scenario_results_scenarios_2025-11-30_104836_early_stop/extratrees_Scenario1_F_Video1_Session2 vs Session1_2025-11-30_104836_seed42_early_stop.pkl,1.0,1.0,1.0,1.0,1.0,1.0,1.0,1.0,1.0,1.0,1.0,1.0,1.0,0.3114754098360656,0.25409836065573765,0.25409836065573765,0.22950819672131148,0.22950819672131148,0.3114754098360656,0.3114754098360656,0.2786885245901639,0.4262295081967213,0.5081967213114754,0.5901639344262295,0.6557377049180327,0.2786885245901639
1,Scenario1_F_Video2_Session1 vs Session2,ExtraTrees,42,61,61,"{'n_estimators': 100, 'max_depth': 10, 'min_samples_split': 2, 'min_samples_leaf': 1, 'max_features': 'sqrt', 'bootstrap': False, 'criterion': 'gini'}",scenario_results_scenarios_2025-11-30_104836_early_stop/extratrees_Scenario1_F_Video2_Session1 vs Session2_2025-11-30_104836_seed42_early_stop.pkl,1.0,1.0,1.0,1.0,1.0,1.0,1.0,1.0,1.0,1.0,1.0,1.0,1.0,0.2459016393442623,0.180327868852459,0.180327868852459,0.15027322404371585,0.15027322404371585,0.2459016393442623,0.2459016393442623,0.26229508196721313,0.4918032786885246,0.5901639344262295,0.639344262295082,0.639344262295082,0.2459016393442623
1,Scenario1_F_Video2_Session2 vs Session1,ExtraTrees,42,61,61,"{'n_estimators': 100, 'max_depth': 10, 'min_samples_split': 2, 'min_samples_leaf': 1, 'max_features': 'sqrt', 'bootstrap': False, 'criterion': 'gini'}",scenario_results_scenarios_2025-11-30_104836_early_stop/extratrees_Scenario1_F_Video2_Session2 vs Session1_2025-11-30_104836_seed42_early_stop.pkl,1.0,1.0,1.0,1.0,1.0,1.0,1.0,1.0,1.0,1.0,1.0,1.0,1.0,0.39344262295081966,0.3333333333333333,0.3333333333333333,0.3060109289617486,0.3060109289617486,0.39344262295081966,0.39344262295081966,0.39344262295081966,0.5245901639344263,0.639344262295082,0.7377049180327869,0.7540983606557377,0.3770491803278688
1,Scenario1_F_Video3_Session1 vs Session2,ExtraTrees,42,61,61,"{'n_estimators': 100, 'max_depth': 10, 'min_samples_split': 2, 'min_samples_leaf': 1, 'max_features': 'sqrt', 'bootstrap': False, 'criterion': 'gini'}",scenario_results_scenarios_2025-11-30_104836_early_stop/extratrees_Scenario1_F_Video3_Session1 vs Session2_2025-11-30_104836_seed42_early_stop.pkl,1.0,1.0,1.0,1.0,1.0,1.0,1.0,1.0,1.0,1.0,1.0,1.0,1.0,0.26229508196721313,0.20491803278688525,0.20491803278688525,0.1808743169398907,0.1808743169398907,0.26229508196721313,0.26229508196721313,0.2459016393442623,0.4918032786885246,0.639344262295082,0.7049180327868853,0.7540983606557377,0.2459016393442623
1,Scenario1_F_Video3_Session2 vs Session1,ExtraTrees,42,61,61,"{'n_estimators': 100, 'max_depth': 10, 'min_samples_split': 2, 'min_samples_leaf': 1, 'max_features': 'sqrt', 'bootstrap': False, 'criterion': 'gini'}",scenario_results_scenarios_2025-11-30_104836_early_stop/extratrees_Scenario1_F_Video3_Session2 vs Session1_2025-11-30_104836_seed42_early_stop.pkl,1.0,1.0,1.0,1.0,1.0,1.0,1.0,1.0,1.0,1.0,1.0,1.0,1.0,0.32786885245901637,0.26885245901639343,0.26885245901639343,0.24453551912568308,0.24453551912568308,0.32786885245901637,0.32786885245901637,0.32786885245901637,0.47540983606557374,0.6229508196721312,0.6721311475409836,0.6721311475409836,0.32786885245901637
1,Scenario1_I_Video1_Session1 vs Session2,ExtraTrees,42,61,61,"{'n_estimators': 100, 'max_depth': 10, 'min_samples_split': 2, 'min_samples_leaf': 1, 'max_features': 'sqrt', 'bootstrap': False, 'criterion': 'gini'}",scenario_results_scenarios_2025-11-30_104836_early_stop/extratrees_Scenario1_I_Video1_Session1 vs Session2_2025-11-30_104836_seed42_early_stop.pkl,1.0,1.0,1.0,1.0,1.0,1.0,1.0,1.0,1.0,1.0,1.0,1.0,1.0,0.2459016393442623,0.18032786885245902,0.18032786885245902,0.15355191256830603,0.15355191256830603,0.2459016393442623,0.2459016393442623,0.22950819672131148,0.39344262295081966,0.5245901639344263,0.6065573770491803,0.6885245901639344,0.21311475409836064
1,Scenario1_I_Video1_Session2 vs Session1,ExtraTrees,42,61,61,"{'n_estimators': 100, 'max_depth': 10, 'min_samples_split': 2, 'min_samples_leaf': 1, 'max_features': 'sqrt', 'bootstrap': False, 'criterion': 'gini'}",scenario_results_scenarios_2025-11-30_104836_early_stop/extratrees_Scenario1_I_Video1_Session2 vs Session1_2025-11-30_104836_seed42_early_stop.pkl,1.0,1.0,1.0,1.0,1.0,1.0,1.0,1.0,1.0,1.0,1.0,1.0,1.0,0.21311475409836064,0.15846994535519124,0.15846994535519124,0.14043715846994534,0.14043715846994534,0.21311475409836064,0.21311475409836064,0.2459016393442623,0.3770491803278688,0.5081967213114754,0.5901639344262295,0.6065573770491803,0.21311475409836064
1,Scenario1_I_Video2_Session1 vs Session2,ExtraTrees,42,61,61,"{'n_estimators': 100, 'max_depth': 10, 'min_samples_split': 2, 'min_samples_leaf': 1, 'max_features': 'sqrt', 'bootstrap': False, 'criterion': 'gini'}",scenario_results_scenarios_2025-11-30_104836_early_stop/extratrees_Scenario1_I_Video2_Session1 vs Session2_2025-11-30_104836_seed42_early_stop.pkl,1.0,1.0,1.0,1.0,1.0,1.0,1.0,1.0,1.0,1.0,1.0,1.0,1.0,0.29508196721311475,0.21311475409836064,0.21311475409836064,0.18032786885245902,0.18032786885245902,0.29508196721311475,0.29508196721311475,0.3442622950819672,0.47540983606557374,0.5901639344262295,0.6557377049180327,0.7213114754098361,0.29508196721311475
1,Scenario1_I_Video2_Session2 vs Session1,ExtraTrees,42,61,61,"{'n_estimators': 100, 'max_depth': 10, 'min_samples_split': 2, 'min_samples_leaf': 1, 'max_features': 'sqrt', 'bootstrap': False, 'criterion': 'gini'}",scenario_results_scenarios_2025-11-30_104836_early_stop/extratrees_Scenario1_I_Video2_Session2 vs Session1_2025-11-30_104836_seed42_early_stop.pkl,1.0,1.0,1.0,1.0,1.0,1.0,1.0,1.0,1.0,1.0,1.0,1.0,1.0,0.32786885245901637,0.2568306010928962,0.2568306010928962,0.22677595628415298,0.22677595628415298,0.32786885245901637,0.32786885245901637,0.32786885245901637,0.47540983606557374,0.5737704918032787,0.6229508196721312,0.7377049180327869,0.32786885245901637
1,Scenario1_I_Video3_Session1 vs Session2,ExtraTrees,42,61,61,"{'n_estimators': 100, 'max_depth': 10, 'min_samples_split': 2, 'min_samples_leaf': 1, 'max_features': 'sqrt', 'bootstrap': False, 'criterion': 'gini'}",scenario_results_scenarios_2025-11-30_104836_early_stop/extratrees_Scenario1_I_Video3_Session1 vs Session2_2025-11-30_104836_seed42_early_stop.pkl,1.0,1.0,1.0,1.0,1.0,1.0,1.0,1.0,1.0,1.0,1.0,1.0,1.0,0.4098360655737705,0.32076502732240436,0.32076502732240436,0.2827868852459016,0.2827868852459016,0.4098360655737705,0.4098360655737705,0.4262295081967213,0.5409836065573771,0.6065573770491803,0.639344262295082,0.6557377049180327,0.4098360655737705
1,Scenario1_I_Video3_Session2 vs Session1,ExtraTrees,42,61,61,"{'n_estimators': 100, 'max_depth': 10, 'min_samples_split': 2, 'min_samples_leaf': 1, 'max_features': 'sqrt', 'bootstrap': False, 'criterion': 'gini'}",scenario_results_scenarios_2025-11-30_104836_early_stop/extratrees_Scenario1_I_Video3_Session2 vs Session1_2025-11-30_104836_seed42_early_stop.pkl,1.0,1.0,1.0,1.0,1.0,1.0,1.0,1.0,1.0,1.0,1.0,1.0,1.0,0.3770491803278688,0.28797814207650274,0.28797814207650274,0.25,0.25,0.3770491803278688,0.3770491803278688,0.3770491803278688,0.4918032786885246,0.6229508196721312,0.639344262295082,0.6721311475409836,0.36065573770491804
1,Scenario1_T_Video1_Session1 vs Session2,ExtraTrees,42,61,61,"{'n_estimators': 100, 'max_depth': 10, 'min_samples_split': 2, 'min_samples_leaf': 1, 'max_features': 'sqrt', 'bootstrap': False, 'criterion': 'gini'}",scenario_results_scenarios_2025-11-30_104836_early_stop/extratrees_Scenario1_T_Video1_Session1 vs Session2_2025-11-30_104836_seed42_early_stop.pkl,1.0,1.0,1.0,1.0,1.0,1.0,1.0,1.0,1.0,1.0,1.0,1.0,1.0,0.3114754098360656,0.25792349726775954,0.25792349726775954,0.23633879781420766,0.23633879781420766,0.3114754098360656,0.3114754098360656,0.3114754098360656,0.5081967213114754,0.6065573770491803,0.639344262295082,0.6721311475409836,0.29508196721311475
1,Scenario1_T_Video1_Session2 vs Session1,ExtraTrees,42,61,61,"{'n_estimators': 100, 'max_depth': 10, 'min_samples_split': 2, 'min_samples_leaf': 1, 'max_features': 'sqrt', 'bootstrap': False, 'criterion': 'gini'}",scenario_results_scenarios_2025-11-30_104836_early_stop/extratrees_Scenario1_T_Video1_Session2 vs Session1_2025-11-30_104836_seed42_early_stop.pkl,1.0,1.0,1.0,1.0,1.0,1.0,1.0,1.0,1.0,1.0,1.0,1.0,1.0,0.3114754098360656,0.23060109289617486,0.23060109289617486,0.19808743169398904,0.19808743169398904,0.3114754098360656,0.3114754098360656,0.26229508196721313,0.4098360655737705,0.5573770491803278,0.6065573770491803,0.6557377049180327,0.26229508196721313
1,Scenario1_T_Video2_Session1 vs Session2,ExtraTrees,42,61,61,"{'n_estimators': 100, 'max_depth': 10, 'min_samples_split': 2, 'min_samples_leaf': 1, 'max_features': 'sqrt', 'bootstrap': False, 'criterion': 'gini'}",scenario_results_scenarios_2025-11-30_104836_early_stop/extratrees_Scenario1_T_Video2_Session1 vs Session2_2025-11-30_104836_seed42_early_stop.pkl,1.0,1.0,1.0,1.0,1.0,1.0,1.0,1.0,1.0,1.0,1.0,1.0,1.0,0.26229508196721313,0.20327868852459013,0.20327868852459013,0.1789617486338798,0.1789617486338798,0.26229508196721313,0.26229508196721313,0.26229508196721313,0.3770491803278688,0.4262295081967213,0.5901639344262295,0.6721311475409836,0.22950819672131148
1,Scenario1_T_Video2_Session2 vs Session1,ExtraTrees,42,61,61,"{'n_estimators': 100, 'max_depth': 10, 'min_samples_split': 2, 'min_samples_leaf': 1, 'max_features': 'sqrt', 'bootstrap': False, 'criterion': 'gini'}",scenario_results_scenarios_2025-11-30_104836_early_stop/extratrees_Scenario1_T_Video2_Session2 vs Session1_2025-11-30_104836_seed42_early_stop.pkl,1.0,1.0,1.0,1.0,1.0,1.0,1.0,1.0,1.0,1.0,1.0,1.0,1.0,0.26229508196721313,0.20491803278688522,0.20491803278688522,0.18032786885245902,0.18032786885245902,0.26229508196721313,0.26229508196721313,0.2459016393442623,0.45901639344262296,0.5245901639344263,0.6065573770491803,0.6557377049180327,0.22950819672131148
1,Scenario1_T_Video3_Session1 vs Session2,ExtraTrees,42,61,61,"{'n_estimators': 100, 'max_depth': 10, 'min_samples_split': 2, 'min_samples_leaf': 1, 'max_features': 'sqrt', 'bootstrap': False, 'criterion': 'gini'}",scenario_results_scenarios_2025-11-30_104836_early_stop/extratrees_Scenario1_T_Video3_Session1 vs Session2_2025-11-30_104836_seed42_early_stop.pkl,1.0,1.0,1.0,1.0,1.0,1.0,1.0,1.0,1.0,1.0,1.0,1.0,1.0,0.3442622950819672,0.25901639344262295,0.25901639344262295,0.22950819672131148,0.22950819672131148,0.3442622950819672,0.3442622950819672,0.3442622950819672,0.47540983606557374,0.5409836065573771,0.6065573770491803,0.639344262295082,0.3114754098360656
1,Scenario1_T_Video3_Session2 vs Session1,ExtraTrees,42,61,61,"{'n_estimators': 100, 'max_depth': 10, 'min_samples_split': 2, 'min_samples_leaf': 1, 'max_features': 'sqrt', 'bootstrap': False, 'criterion': 'gini'}",scenario_results_scenarios_2025-11-30_104836_early_stop/extratrees_Scenario1_T_Video3_Session2 vs Session1_2025-11-30_104836_seed42_early_stop.pkl,1.0,1.0,1.0,1.0,1.0,1.0,1.0,1.0,1.0,1.0,1.0,1.0,1.0,0.3114754098360656,0.25792349726775954,0.25792349726775954,0.23633879781420766,0.23633879781420766,0.3114754098360656,0.3114754098360656,0.32786885245901637,0.39344262295081966,0.5737704918032787,0.6557377049180327,0.6721311475409836,0.3114754098360656
1,Scenario1_F_Video1_Session1 vs Session2,GradientBoosting,42,61,61,"{'n_estimators': 100, 'max_depth': 3, 'learning_rate': 0.05, 'min_samples_split': 2, 'min_samples_leaf': 1, 'subsample': 0.8, 'max_features': 'sqrt'}",scenario_results_scenarios_2025-11-30_104836_early_stop/gradientboosting_Scenario1_F_Video1_Session1 vs Session2_2025-11-30_104836_seed42_early_stop.pkl,1.0,1.0,1.0,1.0,1.0,1.0,1.0,1.0,1.0,1.0,1.0,1.0,1.0,0.06557377049180328,0.051912568306010924,0.051912568306010924,0.046448087431693985,0.046448087431693985,0.06557377049180328,0.06557377049180328,0.06557377049180328,0.18032786885245902,0.2786885245901639,0.2786885245901639,0.2786885245901639,0.06557377049180328
1,Scenario1_F_Video1_Session2 vs Session1,GradientBoosting,42,61,61,"{'n_estimators': 100, 'max_depth': 3, 'learning_rate': 0.05, 'min_samples_split': 2, 'min_samples_leaf': 1, 'subsample': 0.8, 'max_features': 'sqrt'}",scenario_results_scenarios_2025-11-30_104836_early_stop/gradientboosting_Scenario1_F_Video1_Session2 vs Session1_2025-11-30_104836_seed42_early_stop.pkl,1.0,1.0,1.0,1.0,1.0,1.0,1.0,1.0,1.0,1.0,1.0,1.0,1.0,0.09836065573770492,0.0610200364298725,0.0610200364298725,0.04849726775956284,0.04849726775956284,0.09836065573770492,0.09836065573770492,0.09836065573770492,0.14754098360655737,0.16393442622950818,0.21311475409836064,0.21311475409836064,0.09836065573770492
1,Scenario1_F_Video2_Session1 vs Session2,GradientBoosting,42,61,61,"{'n_estimators': 100, 'max_depth': 3, 'learning_rate': 0.05, 'min_samples_split': 2, 'min_samples_leaf': 1, 'subsample': 0.8, 'max_features': 'sqrt'}",scenario_results_scenarios_2025-11-30_104836_early_stop/gradientboosting_Scenario1_F_Video2_Session1 vs Session2_2025-11-30_104836_seed42_early_stop.pkl,1.0,1.0,1.0,1.0,1.0,1.0,1.0,1.0,1.0,1.0,1.0,1.0,1.0,0.04918032786885246,0.033879781420765025,0.033879781420765025,0.028688524590163935,0.028688524590163935,0.04918032786885246,0.04918032786885246,0.04918032786885246,0.19672131147540983,0.19672131147540983,0.21311475409836064,0.22950819672131148,0.04918032786885246
1,Scenario1_F_Video2_Session2 vs Session1,GradientBoosting,42,61,61,"{'n_estimators': 100, 'max_depth': 3, 'learning_rate': 0.05, 'min_samples_split': 2, 'min_samples_leaf': 1, 'subsample': 0.8, 'max_features': 'sqrt'}",scenario_results_scenarios_2025-11-30_104836_early_stop/gradientboosting_Scenario1_F_Video2_Session2 vs Session1_2025-11-30_104836_seed42_early_stop.pkl,1.0,1.0,1.0,1.0,1.0,1.0,1.0,1.0,1.0,1.0,1.0,1.0,1.0,0.16393442622950818,0.13224043715846995,0.13224043715846995,0.12158469945355191,0.12158469945355191,0.16393442622950818,0.16393442622950818,0.16393442622950818,0.18032786885245902,0.22950819672131148,0.32786885245901637,0.3442622950819672,0.16393442622950818
1,Scenario1_F_Video3_Session1 vs Session2,GradientBoosting,42,61,61,"{'n_estimators': 100, 'max_depth': 3, 'learning_rate': 0.05, 'min_samples_split': 2, 'min_samples_leaf': 1, 'subsample': 0.8, 'max_features': 'sqrt'}",scenario_results_scenarios_2025-11-30_104836_early_stop/gradientboosting_Scenario1_F_Video3_Session1 vs Session2_2025-11-30_104836_seed42_early_stop.pkl,1.0,1.0,1.0,1.0,1.0,1.0,1.0,1.0,1.0,1.0,1.0,1.0,1.0,0.13114754098360656,0.0726917890852317,0.0726917890852317,0.05901639344262295,0.05901639344262295,0.13114754098360656,0.13114754098360656,0.13114754098360656,0.19672131147540983,0.2786885245901639,0.29508196721311475,0.29508196721311475,0.13114754098360656
1,Scenario1_F_Video3_Session2 vs Session1,GradientBoosting,42,61,61,"{'n_estimators': 100, 'max_depth': 3, 'learning_rate': 0.05, 'min_samples_split': 2, 'min_samples_leaf': 1, 'subsample': 0.8, 'max_features': 'sqrt'}",scenario_results_scenarios_2025-11-30_104836_early_stop/gradientboosting_Scenario1_F_Video3_Session2 vs Session1_2025-11-30_104836_seed42_early_stop.pkl,1.0,1.0,1.0,1.0,1.0,1.0,1.0,1.0,1.0,1.0,1.0,1.0,1.0,0.13114754098360656,0.10304449648711944,0.10304449648711944,0.09289617486338797,0.09289617486338797,0.13114754098360656,0.13114754098360656,0.13114754098360656,0.22950819672131148,0.3114754098360656,0.39344262295081966,0.4098360655737705,0.13114754098360656
1,Scenario1_I_Video1_Session1 vs Session2,GradientBoosting,42,61,61,"{'n_estimators': 100, 'max_depth': 3, 'learning_rate': 0.05, 'min_samples_split': 2, 'min_samples_leaf': 1, 'subsample': 0.8, 'max_features': 'sqrt'}",scenario_results_scenarios_2025-11-30_104836_early_stop/gradientboosting_Scenario1_I_Video1_Session1 vs Session2_2025-11-30_104836_seed42_early_stop.pkl,1.0,1.0,1.0,1.0,1.0,1.0,1.0,1.0,1.0,1.0,1.0,1.0,1.0,0.04918032786885246,0.03551912568306011,0.03551912568306011,0.030054644808743168,0.030054644808743168,0.04918032786885246,0.04918032786885246,0.04918032786885246,0.08196721311475409,0.11475409836065574,0.14754098360655737,0.14754098360655737,0.04918032786885246
1,Scenario1_I_Video1_Session2 vs Session1,GradientBoosting,42,61,61,"{'n_estimators': 100, 'max_depth': 3, 'learning_rate': 0.05, 'min_samples_split': 2, 'min_samples_leaf': 1, 'subsample': 0.8, 'max_features': 'sqrt'}",scenario_results_scenarios_2025-11-30_104836_early_stop/gradientboosting_Scenario1_I_Video1_Session2 vs Session1_2025-11-30_104836_seed42_early_stop.pkl,1.0,1.0,1.0,1.0,1.0,1.0,1.0,1.0,1.0,1.0,1.0,1.0,1.0,0.06557377049180328,0.04207650273224044,0.04207650273224044,0.03415300546448087,0.03415300546448087,0.06557377049180328,0.06557377049180328,0.06557377049180328,0.09836065573770492,0.11475409836065574,0.16393442622950818,0.21311475409836064,0.06557377049180328
1,Scenario1_I_Video2_Session1 vs Session2,GradientBoosting,42,61,61,"{'n_estimators': 100, 'max_depth': 3, 'learning_rate': 0.05, 'min_samples_split': 2, 'min_samples_leaf': 1, 'subsample': 0.8, 'max_features': 'sqrt'}",scenario_results_scenarios_2025-11-30_104836_early_stop/gradientboosting_Scenario1_I_Video2_Session1 vs Session2_2025-11-30_104836_seed42_early_stop.pkl,1.0,1.0,1.0,1.0,1.0,1.0,1.0,1.0,1.0,1.0,1.0,1.0,1.0,0.09836065573770492,0.07377049180327869,0.07377049180327869,0.06284153005464481,0.06284153005464481,0.09836065573770492,0.09836065573770492,0.09836065573770492,0.21311475409836064,0.2459016393442623,0.26229508196721313,0.3114754098360656,0.09836065573770492
1,Scenario1_I_Video2_Session2 vs Session1,GradientBoosting,42,61,61,"{'n_estimators': 100, 'max_depth': 3, 'learning_rate': 0.05, 'min_samples_split': 2, 'min_samples_leaf': 1, 'subsample': 0.8, 'max_features': 'sqrt'}",scenario_results_scenarios_2025-11-30_104836_early_stop/gradientboosting_Scenario1_I_Video2_Session2 vs Session1_2025-11-30_104836_seed42_early_stop.pkl,1.0,1.0,1.0,1.0,1.0,1.0,1.0,1.0,1.0,1.0,1.0,1.0,1.0,0.09836065573770492,0.0617237953303527,0.0617237953303527,0.0531615925058548,0.0531615925058548,0.09836065573770492,0.09836065573770492,0.09836065573770492,0.13114754098360656,0.18032786885245902,0.22950819672131148,0.2786885245901639,0.09836065573770492
1,Scenario1_I_Video3_Session1 vs Session2,GradientBoosting,42,61,61,"{'n_estimators': 100, 'max_depth': 3, 'learning_rate': 0.05, 'min_samples_split': 2, 'min_samples_leaf': 1, 'subsample': 0.8, 'max_features': 'sqrt'}",scenario_results_scenarios_2025-11-30_104836_early_stop/gradientboosting_Scenario1_I_Video3_Session1 vs Session2_2025-11-30_104836_seed42_early_stop.pkl,1.0,1.0,1.0,1.0,1.0,1.0,1.0,1.0,1.0,1.0,1.0,1.0,1.0,0.16393442622950818,0.12568306010928962,0.12568306010928962,0.11202185792349727,0.11202185792349727,0.16393442622950818,0.16393442622950818,0.16393442622950818,0.19672131147540983,0.2786885245901639,0.32786885245901637,0.3770491803278688,0.16393442622950818
1,Scenario1_I_Video3_Session2 vs Session1,GradientBoosting,42,61,61,"{'n_estimators': 100, 'max_depth': 3, 'learning_rate': 0.05, 'min_samples_split': 2, 'min_samples_leaf': 1, 'subsample': 0.8, 'max_features': 'sqrt'}",scenario_results_scenarios_2025-11-30_104836_early_stop/gradientboosting_Scenario1_I_Video3_Session2 vs Session1_2025-11-30_104836_seed42_early_stop.pkl,1.0,1.0,1.0,1.0,1.0,1.0,1.0,1.0,1.0,1.0,1.0,1.0,1.0,0.13114754098360656,0.11584699453551912,0.11584699453551912,0.11065573770491803,0.11065573770491803,0.13114754098360656,0.13114754098360656,0.13114754098360656,0.22950819672131148,0.26229508196721313,0.29508196721311475,0.29508196721311475,0.13114754098360656
1,Scenario1_T_Video1_Session1 vs Session2,GradientBoosting,42,61,61,"{'n_estimators': 100, 'max_depth': 3, 'learning_rate': 0.05, 'min_samples_split': 2, 'min_samples_leaf': 1, 'subsample': 0.8, 'max_features': 'sqrt'}",scenario_results_scenarios_2025-11-30_104836_early_stop/gradientboosting_Scenario1_T_Video1_Session1 vs Session2_2025-11-30_104836_seed42_early_stop.pkl,1.0,1.0,1.0,1.0,1.0,1.0,1.0,1.0,1.0,1.0,1.0,1.0,1.0,0.09836065573770492,0.0702576112412178,0.0702576112412178,0.060109289617486336,0.060109289617486336,0.09836065573770492,0.09836065573770492,0.09836065573770492,0.18032786885245902,0.22950819672131148,0.2459016393442623,0.29508196721311475,0.09836065573770492
1,Scenario1_T_Video1_Session2 vs Session1,GradientBoosting,42,61,61,"{'n_estimators': 100, 'max_depth': 3, 'learning_rate': 0.05, 'min_samples_split': 2, 'min_samples_leaf': 1, 'subsample': 0.8, 'max_features': 'sqrt'}",scenario_results_scenarios_2025-11-30_104836_early_stop/gradientboosting_Scenario1_T_Video1_Session2 vs Session1_2025-11-30_104836_seed42_early_stop.pkl,1.0,1.0,1.0,1.0,1.0,1.0,1.0,1.0,1.0,1.0,1.0,1.0,1.0,0.21311475409836064,0.151183970856102,0.151183970856102,0.13101092896174862,0.13101092896174862,0.21311475409836064,0.21311475409836064,0.21311475409836064,0.26229508196721313,0.2786885245901639,0.32786885245901637,0.3442622950819672,0.21311475409836064
1,Scenario1_T_Video2_Session1 vs Session2,GradientBoosting,42,61,61,"{'n_estimators': 100, 'max_depth': 3, 'learning_rate': 0.05, 'min_samples_split': 2, 'min_samples_leaf': 1, 'subsample': 0.8, 'max_features': 'sqrt'}",scenario_results_scenarios_2025-11-30_104836_early_stop/gradientboosting_Scenario1_T_Video2_Session1 vs Session2_2025-11-30_104836_seed42_early_stop.pkl,1.0,1.0,1.0,1.0,1.0,1.0,1.0,1.0,1.0,1.0,1.0,1.0,1.0,0.06557377049180328,0.03661202185792349,0.03661202185792349,0.025956284153005462,0.025956284153005462,0.06557377049180328,0.06557377049180328,0.06557377049180328,0.11475409836065574,0.16393442622950818,0.22950819672131148,0.2459016393442623,0.06557377049180328
1,Scenario1_T_Video2_Session2 vs Session1,GradientBoosting,42,61,61,"{'n_estimators': 100, 'max_depth': 3, 'learning_rate': 0.05, 'min_samples_split': 2, 'min_samples_leaf': 1, 'subsample': 0.8, 'max_features': 'sqrt'}",scenario_results_scenarios_2025-11-30_104836_early_stop/gradientboosting_Scenario1_T_Video2_Session2 vs Session1_2025-11-30_104836_seed42_early_stop.pkl,1.0,1.0,1.0,1.0,1.0,1.0,1.0,1.0,1.0,1.0,1.0,1.0,1.0,0.11475409836065574,0.08469945355191257,0.08469945355191257,0.07103825136612021,0.07103825136612021,0.11475409836065574,0.11475409836065574,0.11475409836065574,0.2459016393442623,0.2459016393442623,0.26229508196721313,0.26229508196721313,0.11475409836065574
1,Scenario1_T_Video3_Session1 vs Session2,GradientBoosting,42,61,61,"{'n_estimators': 100, 'max_depth': 3, 'learning_rate': 0.05, 'min_samples_split': 2, 'min_samples_leaf': 1, 'subsample': 0.8, 'max_features': 'sqrt'}",scenario_results_scenarios_2025-11-30_104836_early_stop/gradientboosting_Scenario1_T_Video3_Session1 vs Session2_2025-11-30_104836_seed42_early_stop.pkl,1.0,1.0,1.0,1.0,1.0,1.0,1.0,1.0,1.0,1.0,1.0,1.0,1.0,0.04918032786885246,0.0273224043715847,0.0273224043715847,0.019672131147540982,0.019672131147540982,0.04918032786885246,0.04918032786885246,0.04918032786885246,0.11475409836065574,0.16393442622950818,0.21311475409836064,0.21311475409836064,0.04918032786885246
1,Scenario1_T_Video3_Session2 vs Session1,GradientBoosting,42,61,61,"{'n_estimators': 100, 'max_depth': 3, 'learning_rate': 0.05, 'min_samples_split': 2, 'min_samples_leaf': 1, 'subsample': 0.8, 'max_features': 'sqrt'}",scenario_results_scenarios_2025-11-30_104836_early_stop/gradientboosting_Scenario1_T_Video3_Session2 vs Session1_2025-11-30_104836_seed42_early_stop.pkl,1.0,1.0,1.0,1.0,1.0,1.0,1.0,1.0,1.0,1.0,1.0,1.0,1.0,0.09836065573770492,0.06120218579234972,0.06120218579234972,0.04781420765027322,0.04781420765027322,0.09836065573770492,0.09836065573770492,0.09836065573770492,0.19672131147540983,0.2459016393442623,0.26229508196721313,0.2786885245901639,0.09836065573770492
1,Scenario1_F_Video1_Session1 vs Session2,KNN,42,61,61,"{'n_neighbors': 3, 'weights': 'uniform', 'metric': 'euclidean', 'algorithm': 'auto'}",scenario_results_scenarios_2025-11-30_104836_early_stop/knn_Scenario1_F_Video1_Session1 vs Session2_2025-11-30_104836_seed42_early_stop.pkl,0.19672131147540983,0.10746812386156648,0.10746812386156648,0.08760733801717407,0.08760733801717407,0.19672131147540983,0.19672131147540983,0.18032786885245902,0.4426229508196721,0.6229508196721312,0.8032786885245902,1.0,0.0,0.06557377049180328,0.012998840867693325,0.012998840867693325,0.0072280178837555885,0.0072280178837555885,0.06557377049180328,0.06557377049180328,0.09836065573770492,0.19672131147540983,0.2459016393442623,0.36065573770491804,0.4262295081967213,0.0
1,Scenario1_F_Video1_Session2 vs Session1,KNN,42,61,61,"{'n_neighbors': 3, 'weights': 'uniform', 'metric': 'euclidean', 'algorithm': 'auto'}",scenario_results_scenarios_2025-11-30_104836_early_stop/knn_Scenario1_F_Video1_Session2 vs Session1_2025-11-30_104836_seed42_early_stop.pkl,0.22950819672131148,0.1293260473588342,0.1293260473588342,0.09931693989071039,0.09931693989071039,0.22950819672131148,0.22950819672131148,0.22950819672131148,0.3770491803278688,0.5737704918032787,0.7704918032786885,1.0,0.0,0.06557377049180328,0.03506375227686703,0.03506375227686703,0.02898126463700234,0.02898126463700234,0.06557377049180328,0.06557377049180328,0.09836065573770492,0.21311475409836064,0.3442622950819672,0.4262295081967213,0.4918032786885246,0.0
1,Scenario1_F_Video2_Session1 vs Session2,KNN,42,61,61,"{'n_neighbors': 3, 'weights': 'uniform', 'metric': 'euclidean', 'algorithm': 'auto'}",scenario_results_scenarios_2025-11-30_104836_early_stop/knn_Scenario1_F_Video2_Session1 vs Session2_2025-11-30_104836_seed42_early_stop.pkl,0.18032786885245902,0.09918032786885245,0.09918032786885245,0.0814278617557306,0.0814278617557306,0.18032786885245902,0.18032786885245902,0.21311475409836064,0.3770491803278688,0.6229508196721312,0.819672131147541,1.0,0.0,0.03278688524590164,0.01092896174863388,0.01092896174863388,0.006954793840039741,0.006954793840039741,0.03278688524590164,0.03278688524590164,0.04918032786885246,0.14754098360655737,0.26229508196721313,0.3770491803278688,0.4098360655737705,0.0
1,Scenario1_F_Video2_Session2 vs Session1,KNN,42,61,61,"{'n_neighbors': 3, 'weights': 'uniform', 'metric': 'euclidean', 'algorithm': 'auto'}",scenario_results_scenarios_2025-11-30_104836_early_stop/knn_Scenario1_F_Video2_Session2 vs Session1_2025-11-30_104836_seed42_early_stop.pkl,0.21311475409836064,0.12759562841530053,0.12759562841530053,0.10762425188654696,0.10762425188654696,0.21311475409836064,0.21311475409836064,0.16393442622950818,0.4098360655737705,0.6557377049180327,0.7868852459016393,1.0,0.0,0.09836065573770492,0.05664845173041894,0.05664845173041894,0.048621460506706404,0.048621460506706404,0.09836065573770492,0.09836065573770492,0.13114754098360656,0.19672131147540983,0.29508196721311475,0.39344262295081966,0.4918032786885246,0.0
1,Scenario1_F_Video3_Session1 vs Session2,KNN,42,61,61,"{'n_neighbors': 3, 'weights': 'uniform', 'metric': 'euclidean', 'algorithm': 'auto'}",scenario_results_scenarios_2025-11-30_104836_early_stop/knn_Scenario1_F_Video3_Session1 vs Session2_2025-11-30_104836_seed42_early_stop.pkl,0.29508196721311475,0.19160811865729896,0.19160811865729896,0.16217798594847774,0.16217798594847774,0.29508196721311475,0.29508196721311475,0.21311475409836064,0.39344262295081966,0.5573770491803278,0.7049180327868853,1.0,0.0,0.11475409836065574,0.05199063231850118,0.05199063231850118,0.03925318761384335,0.03925318761384335,0.11475409836065574,0.11475409836065574,0.09836065573770492,0.16393442622950818,0.26229508196721313,0.32786885245901637,0.4426229508196721,0.0
1,Scenario1_F_Video3_Session2 vs Session1,KNN,42,61,61,"{'n_neighbors': 3, 'weights': 'uniform', 'metric': 'euclidean', 'algorithm': 'auto'}",scenario_results_scenarios_2025-11-30_104836_early_stop/knn_Scenario1_F_Video3_Session2 vs Session1_2025-11-30_104836_seed42_early_stop.pkl,0.22950819672131148,0.16038251366120218,0.16038251366120218,0.14414519906323184,0.14414519906323184,0.22950819672131148,0.22950819672131148,0.19672131147540983,0.36065573770491804,0.5409836065573771,0.7704918032786885,1.0,0.0,0.08196721311475409,0.04116575591985428,0.04116575591985428,0.03278688524590164,0.03278688524590164,0.08196721311475409,0.08196721311475409,0.09836065573770492,0.13114754098360656,0.19672131147540983,0.26229508196721313,0.3442622950819672,0.0
1,Scenario1_I_Video1_Session1 vs Session2,KNN,42,61,61,"{'n_neighbors': 3, 'weights': 'uniform', 'metric': 'euclidean', 'algorithm': 'auto'}",scenario_results_scenarios_2025-11-30_104836_early_stop/knn_Scenario1_I_Video1_Session1 vs Session2_2025-11-30_104836_seed42_early_stop.pkl,0.19672131147540983,0.09949258391881342,0.09949258391881342,0.07583918813427011,0.07583918813427011,0.19672131147540983,0.19672131147540983,0.18032786885245902,0.39344262295081966,0.5901639344262295,0.8032786885245902,1.0,0.0,0.11475409836065574,0.043520686963309914,0.043520686963309914,0.03224753388687815,0.03224753388687815,0.11475409836065574,0.11475409836065574,0.09836065573770492,0.18032786885245902,0.2786885245901639,0.32786885245901637,0.4426229508196721,0.0
1,Scenario1_I_Video1_Session2 vs Session1,KNN,42,61,61,"{'n_neighbors': 3, 'weights': 'uniform', 'metric': 'euclidean', 'algorithm': 'auto'}",scenario_results_scenarios_2025-11-30_104836_early_stop/knn_Scenario1_I_Video1_Session2 vs Session1_2025-11-30_104836_seed42_early_stop.pkl,0.21311475409836064,0.11020036429872494,0.11020036429872494,0.08374316939890711,0.08374316939890711,0.21311475409836064,0.21311475409836064,0.22950819672131148,0.4098360655737705,0.5409836065573771,0.7868852459016393,1.0,0.0,0.09836065573770492,0.056049960967993744,0.056049960967993744,0.046994535519125684,0.046994535519125684,0.09836065573770492,0.09836065573770492,0.09836065573770492,0.19672131147540983,0.26229508196721313,0.32786885245901637,0.4262295081967213,0.0
1,Scenario1_I_Video2_Session1 vs Session2,KNN,42,61,61,"{'n_neighbors': 3, 'weights': 'uniform', 'metric': 'euclidean', 'algorithm': 'auto'}",scenario_results_scenarios_2025-11-30_104836_early_stop/knn_Scenario1_I_Video2_Session1 vs Session2_2025-11-30_104836_seed42_early_stop.pkl,0.16393442622950818,0.08522106308991555,0.08522106308991555,0.06727816809784022,0.06727816809784022,0.16393442622950818,0.16393442622950818,0.26229508196721313,0.45901639344262296,0.639344262295082,0.8360655737704918,1.0,0.0,0.13114754098360656,0.05499527794609762,0.05499527794609762,0.040983606557377046,0.040983606557377046,0.13114754098360656,0.13114754098360656,0.09836065573770492,0.22950819672131148,0.29508196721311475,0.36065573770491804,0.4918032786885246,0.0
1,Scenario1_I_Video2_Session2 vs Session1,KNN,42,61,61,"{'n_neighbors': 3, 'weights': 'uniform', 'metric': 'euclidean', 'algorithm': 'auto'}",scenario_results_scenarios_2025-11-30_104836_early_stop/knn_Scenario1_I_Video2_Session2 vs Session1_2025-11-30_104836_seed42_early_stop.pkl,0.21311475409836064,0.11934686442883163,0.11934686442883163,0.09660421545667447,0.09660421545667447,0.21311475409836064,0.21311475409836064,0.2786885245901639,0.47540983606557374,0.6229508196721312,0.7868852459016393,1.0,0.0,0.11475409836065574,0.048633879781420766,0.048633879781420766,0.03615664845173042,0.03615664845173042,0.11475409836065574,0.11475409836065574,0.06557377049180328,0.09836065573770492,0.22950819672131148,0.3114754098360656,0.4262295081967213,0.0
1,Scenario1_I_Video3_Session1 vs Session2,KNN,42,61,61,"{'n_neighbors': 3, 'weights': 'uniform', 'metric': 'euclidean', 'algorithm': 'auto'}",scenario_results_scenarios_2025-11-30_104836_early_stop/knn_Scenario1_I_Video3_Session1 vs Session2_2025-11-30_104836_seed42_early_stop.pkl,0.21311475409836064,0.11256830601092897,0.11256830601092897,0.08670309653916211,0.08670309653916211,0.21311475409836064,0.21311475409836064,0.13114754098360656,0.3442622950819672,0.6065573770491803,0.7868852459016393,1.0,0.0,0.09836065573770492,0.03140775435857403,0.03140775435857403,0.019125683060109287,0.019125683060109287,0.09836065573770492,0.09836065573770492,0.06557377049180328,0.13114754098360656,0.26229508196721313,0.39344262295081966,0.4918032786885246,0.0
1,Scenario1_I_Video3_Session2 vs Session1,KNN,42,61,61,"{'n_neighbors': 3, 'weights': 'uniform', 'metric': 'euclidean', 'algorithm': 'auto'}",scenario_results_scenarios_2025-11-30_104836_early_stop/knn_Scenario1_I_Video3_Session2 vs Session1_2025-11-30_104836_seed42_early_stop.pkl,0.19672131147540983,0.09679937548790007,0.09679937548790007,0.07135050741608118,0.07135050741608118,0.19672131147540983,0.19672131147540983,0.18032786885245902,0.3442622950819672,0.5409836065573771,0.8032786885245902,1.0,0.0,0.11475409836065574,0.048399687743950044,0.048399687743950044,0.035831381733021084,0.035831381733021084,0.11475409836065574,0.11475409836065574,0.08196721311475409,0.14754098360655737,0.2786885245901639,0.3442622950819672,0.45901639344262296,0.0
1,Scenario1_T_Video1_Session1 vs Session2,KNN,42,61,61,"{'n_neighbors': 3, 'weights': 'uniform', 'metric': 'euclidean', 'algorithm': 'auto'}",scenario_results_scenarios_2025-11-30_104836_early_stop/knn_Scenario1_T_Video1_Session1 vs Session2_2025-11-30_104836_seed42_early_stop.pkl,0.19672131147540983,0.09852979443143378,0.09852979443143378,0.07597580015612802,0.07597580015612802,0.19672131147540983,0.19672131147540983,0.16393442622950818,0.39344262295081966,0.5737704918032787,0.8032786885245902,1.0,0.0,0.13114754098360656,0.06918873476250524,0.06918873476250524,0.05659640905542545,0.05659640905542545,0.13114754098360656,0.13114754098360656,0.06557377049180328,0.14754098360655737,0.21311475409836064,0.2459016393442623,0.3770491803278688,0.0
1,Scenario1_T_Video1_Session2 vs Session1,KNN,42,61,61,"{'n_neighbors': 3, 'weights': 'uniform', 'metric': 'euclidean', 'algorithm': 'auto'}",scenario_results_scenarios_2025-11-30_104836_early_stop/knn_Scenario1_T_Video1_Session2 vs Session1_2025-11-30_104836_seed42_early_stop.pkl,0.18032786885245902,0.10413739266198282,0.10413739266198282,0.08583138173302107,0.08583138173302107,0.18032786885245902,0.18032786885245902,0.2459016393442623,0.4262295081967213,0.639344262295082,0.819672131147541,1.0,0.0,0.09836065573770492,0.04156908665105387,0.04156908665105387,0.031485818371064275,0.031485818371064275,0.09836065573770492,0.09836065573770492,0.13114754098360656,0.26229508196721313,0.36065573770491804,0.4262295081967213,0.5245901639344263,0.0
1,Scenario1_T_Video2_Session1 vs Session2,KNN,42,61,61,"{'n_neighbors': 3, 'weights': 'uniform', 'metric': 'euclidean', 'algorithm': 'auto'}",scenario_results_scenarios_2025-11-30_104836_early_stop/knn_Scenario1_T_Video2_Session1 vs Session2_2025-11-30_104836_seed42_early_stop.pkl,0.16393442622950818,0.07226125422846735,0.07226125422846735,0.05244659711872827,0.05244659711872827,0.16393442622950818,0.16393442622950818,0.19672131147540983,0.4262295081967213,0.639344262295082,0.8360655737704918,1.0,0.0,0.04918032786885246,0.025761124121779857,0.025761124121779857,0.021857923497267763,0.021857923497267763,0.04918032786885246,0.04918032786885246,0.09836065573770492,0.16393442622950818,0.22950819672131148,0.3442622950819672,0.39344262295081966,0.0
1,Scenario1_T_Video2_Session2 vs Session1,KNN,42,61,61,"{'n_neighbors': 3, 'weights': 'uniform', 'metric': 'euclidean', 'algorithm': 'auto'}",scenario_results_scenarios_2025-11-30_104836_early_stop/knn_Scenario1_T_Video2_Session2 vs Session1_2025-11-30_104836_seed42_early_stop.pkl,0.22950819672131148,0.11929482175383814,0.11929482175383814,0.08772443403590945,0.08772443403590945,0.22950819672131148,0.22950819672131148,0.26229508196721313,0.4426229508196721,0.6229508196721312,0.7704918032786885,1.0,0.0,0.13114754098360656,0.056844794549712585,0.056844794549712585,0.042258652094717665,0.042258652094717665,0.13114754098360656,0.13114754098360656,0.06557377049180328,0.14754098360655737,0.26229508196721313,0.3114754098360656,0.4426229508196721,0.0
1,Scenario1_T_Video3_Session1 vs Session2,KNN,42,61,61,"{'n_neighbors': 3, 'weights': 'uniform', 'metric': 'euclidean', 'algorithm': 'auto'}",scenario_results_scenarios_2025-11-30_104836_early_stop/knn_Scenario1_T_Video3_Session1 vs Session2_2025-11-30_104836_seed42_early_stop.pkl,0.21311475409836064,0.10191256830601093,0.10191256830601093,0.07629456154046317,0.07629456154046317,0.21311475409836064,0.21311475409836064,0.21311475409836064,0.4098360655737705,0.6229508196721312,0.7868852459016393,1.0,0.0,0.04918032786885246,0.0156128024980484,0.0156128024980484,0.009289617486338797,0.009289617486338797,0.04918032786885246,0.04918032786885246,0.04918032786885246,0.13114754098360656,0.21311475409836064,0.32786885245901637,0.3770491803278688,0.0
1,Scenario1_T_Video3_Session2 vs Session1,KNN,42,61,61,"{'n_neighbors': 3, 'weights': 'uniform', 'metric': 'euclidean', 'algorithm': 'auto'}",scenario_results_scenarios_2025-11-30_104836_early_stop/knn_Scenario1_T_Video3_Session2 vs Session1_2025-11-30_104836_seed42_early_stop.pkl,0.22950819672131148,0.12552693208430912,0.12552693208430912,0.10031225604996095,0.10031225604996095,0.22950819672131148,0.22950819672131148,0.18032786885245902,0.3442622950819672,0.5409836065573771,0.7704918032786885,1.0,0.0,0.11475409836065574,0.052014652014652,0.052014652014652,0.038797814207650265,0.038797814207650265,0.11475409836065574,0.11475409836065574,0.04918032786885246,0.13114754098360656,0.2786885245901639,0.32786885245901637,0.4426229508196721,0.0
1,Scenario1_F_Video1_Session1 vs Session2,LogisticRegression,42,61,61,"{'C': 0.001, 'penalty': 'l2', 'solver': 'liblinear', 'max_iter': 3000}",scenario_results_scenarios_2025-11-30_104836_early_stop/logisticregression_Scenario1_F_Video1_Session1 vs Session2_2025-11-30_104836_seed42_early_stop.pkl,0.01639344262295082,0.0005288207297726071,0.0005288207297726071,0.0002687449610319807,0.0002687449610319807,0.01639344262295082,0.01639344262295082,0.01639344262295082,0.03278688524590164,0.04918032786885246,0.06557377049180328,0.08196721311475409,0.0,0.01639344262295082,0.0005288207297726071,0.0005288207297726071,0.0002687449610319807,0.0002687449610319807,0.01639344262295082,0.01639344262295082,0.01639344262295082,0.03278688524590164,0.04918032786885246,0.06557377049180328,0.08196721311475409,0.0
1,Scenario1_F_Video1_Session2 vs Session1,LogisticRegression,42,61,61,"{'C': 0.001, 'penalty': 'l2', 'solver': 'liblinear', 'max_iter': 3000}",scenario_results_scenarios_2025-11-30_104836_early_stop/logisticregression_Scenario1_F_Video1_Session2 vs Session1_2025-11-30_104836_seed42_early_stop.pkl,0.01639344262295082,0.0005288207297726071,0.0005288207297726071,0.0002687449610319807,0.0002687449610319807,0.01639344262295082,0.01639344262295082,0.01639344262295082,0.03278688524590164,0.04918032786885246,0.06557377049180328,0.08196721311475409,0.0,0.01639344262295082,0.0005288207297726071,0.0005288207297726071,0.0002687449610319807,0.0002687449610319807,0.01639344262295082,0.01639344262295082,0.01639344262295082,0.03278688524590164,0.04918032786885246,0.06557377049180328,0.08196721311475409,0.0
1,Scenario1_F_Video2_Session1 vs Session2,LogisticRegression,42,61,61,"{'C': 0.001, 'penalty': 'l2', 'solver': 'liblinear', 'max_iter': 3000}",scenario_results_scenarios_2025-11-30_104836_early_stop/logisticregression_Scenario1_F_Video2_Session1 vs Session2_2025-11-30_104836_seed42_early_stop.pkl,0.01639344262295082,0.0005288207297726071,0.0005288207297726071,0.0002687449610319807,0.0002687449610319807,0.01639344262295082,0.01639344262295082,0.01639344262295082,0.03278688524590164,0.04918032786885246,0.06557377049180328,0.08196721311475409,0.0,0.01639344262295082,0.0005288207297726071,0.0005288207297726071,0.0002687449610319807,0.0002687449610319807,0.01639344262295082,0.01639344262295082,0.01639344262295082,0.03278688524590164,0.04918032786885246,0.06557377049180328,0.08196721311475409,0.0
1,Scenario1_F_Video2_Session2 vs Session1,LogisticRegression,42,61,61,"{'C': 0.001, 'penalty': 'l2', 'solver': 'liblinear', 'max_iter': 3000}",scenario_results_scenarios_2025-11-30_104836_early_stop/logisticregression_Scenario1_F_Video2_Session2 vs Session1_2025-11-30_104836_seed42_early_stop.pkl,0.01639344262295082,0.0005288207297726071,0.0005288207297726071,0.0002687449610319807,0.0002687449610319807,0.01639344262295082,0.01639344262295082,0.01639344262295082,0.03278688524590164,0.04918032786885246,0.06557377049180328,0.08196721311475409,0.0,0.01639344262295082,0.0005288207297726071,0.0005288207297726071,0.0002687449610319807,0.0002687449610319807,0.01639344262295082,0.01639344262295082,0.01639344262295082,0.03278688524590164,0.04918032786885246,0.06557377049180328,0.08196721311475409,0.0
1,Scenario1_F_Video3_Session1 vs Session2,LogisticRegression,42,61,61,"{'C': 0.001, 'penalty': 'l2', 'solver': 'liblinear', 'max_iter': 3000}",scenario_results_scenarios_2025-11-30_104836_early_stop/logisticregression_Scenario1_F_Video3_Session1 vs Session2_2025-11-30_104836_seed42_early_stop.pkl,0.01639344262295082,0.0005288207297726071,0.0005288207297726071,0.0002687449610319807,0.0002687449610319807,0.01639344262295082,0.01639344262295082,0.01639344262295082,0.03278688524590164,0.04918032786885246,0.06557377049180328,0.08196721311475409,0.0,0.01639344262295082,0.0005288207297726071,0.0005288207297726071,0.0002687449610319807,0.0002687449610319807,0.01639344262295082,0.01639344262295082,0.01639344262295082,0.03278688524590164,0.04918032786885246,0.06557377049180328,0.08196721311475409,0.0
1,Scenario1_F_Video3_Session2 vs Session1,LogisticRegression,42,61,61,"{'C': 0.001, 'penalty': 'l2', 'solver': 'liblinear', 'max_iter': 3000}",scenario_results_scenarios_2025-11-30_104836_early_stop/logisticregression_Scenario1_F_Video3_Session2 vs Session1_2025-11-30_104836_seed42_early_stop.pkl,0.01639344262295082,0.0005288207297726071,0.0005288207297726071,0.0002687449610319807,0.0002687449610319807,0.01639344262295082,0.01639344262295082,0.01639344262295082,0.03278688524590164,0.04918032786885246,0.06557377049180328,0.08196721311475409,0.0,0.01639344262295082,0.0005288207297726071,0.0005288207297726071,0.0002687449610319807,0.0002687449610319807,0.01639344262295082,0.01639344262295082,0.01639344262295082,0.03278688524590164,0.04918032786885246,0.06557377049180328,0.08196721311475409,0.0
1,Scenario1_I_Video1_Session1 vs Session2,LogisticRegression,42,61,61,"{'C': 0.001, 'penalty': 'l2', 'solver': 'liblinear', 'max_iter': 3000}",scenario_results_scenarios_2025-11-30_104836_early_stop/logisticregression_Scenario1_I_Video1_Session1 vs Session2_2025-11-30_104836_seed42_early_stop.pkl,0.01639344262295082,0.0005288207297726071,0.0005288207297726071,0.0002687449610319807,0.0002687449610319807,0.01639344262295082,0.01639344262295082,0.01639344262295082,0.03278688524590164,0.04918032786885246,0.06557377049180328,0.08196721311475409,0.0,0.01639344262295082,0.0005288207297726071,0.0005288207297726071,0.0002687449610319807,0.0002687449610319807,0.01639344262295082,0.01639344262295082,0.01639344262295082,0.03278688524590164,0.04918032786885246,0.06557377049180328,0.08196721311475409,0.0
1,Scenario1_I_Video1_Session2 vs Session1,LogisticRegression,42,61,61,"{'C': 0.001, 'penalty': 'l2', 'solver': 'liblinear', 'max_iter': 3000}",scenario_results_scenarios_2025-11-30_104836_early_stop/logisticregression_Scenario1_I_Video1_Session2 vs Session1_2025-11-30_104836_seed42_early_stop.pkl,0.01639344262295082,0.0005288207297726071,0.0005288207297726071,0.0002687449610319807,0.0002687449610319807,0.01639344262295082,0.01639344262295082,0.01639344262295082,0.03278688524590164,0.04918032786885246,0.06557377049180328,0.08196721311475409,0.0,0.01639344262295082,0.0005288207297726071,0.0005288207297726071,0.0002687449610319807,0.0002687449610319807,0.01639344262295082,0.01639344262295082,0.01639344262295082,0.03278688524590164,0.04918032786885246,0.06557377049180328,0.08196721311475409,0.0
1,Scenario1_I_Video2_Session1 vs Session2,LogisticRegression,42,61,61,"{'C': 0.001, 'penalty': 'l2', 'solver': 'liblinear', 'max_iter': 3000}",scenario_results_scenarios_2025-11-30_104836_early_stop/logisticregression_Scenario1_I_Video2_Session1 vs Session2_2025-11-30_104836_seed42_early_stop.pkl,0.01639344262295082,0.0005288207297726071,0.0005288207297726071,0.0002687449610319807,0.0002687449610319807,0.01639344262295082,0.01639344262295082,0.01639344262295082,0.03278688524590164,0.04918032786885246,0.06557377049180328,0.08196721311475409,0.0,0.01639344262295082,0.0005288207297726071,0.0005288207297726071,0.0002687449610319807,0.0002687449610319807,0.01639344262295082,0.01639344262295082,0.01639344262295082,0.03278688524590164,0.04918032786885246,0.06557377049180328,0.08196721311475409,0.0
1,Scenario1_I_Video2_Session2 vs Session1,LogisticRegression,42,61,61,"{'C': 0.001, 'penalty': 'l2', 'solver': 'liblinear', 'max_iter': 3000}",scenario_results_scenarios_2025-11-30_104836_early_stop/logisticregression_Scenario1_I_Video2_Session2 vs Session1_2025-11-30_104836_seed42_early_stop.pkl,0.01639344262295082,0.0005288207297726071,0.0005288207297726071,0.0002687449610319807,0.0002687449610319807,0.01639344262295082,0.01639344262295082,0.01639344262295082,0.03278688524590164,0.04918032786885246,0.06557377049180328,0.08196721311475409,0.0,0.01639344262295082,0.0005288207297726071,0.0005288207297726071,0.0002687449610319807,0.0002687449610319807,0.01639344262295082,0.01639344262295082,0.01639344262295082,0.03278688524590164,0.04918032786885246,0.06557377049180328,0.08196721311475409,0.0
1,Scenario1_I_Video3_Session1 vs Session2,LogisticRegression,42,61,61,"{'C': 0.001, 'penalty': 'l2', 'solver': 'liblinear', 'max_iter': 3000}",scenario_results_scenarios_2025-11-30_104836_early_stop/logisticregression_Scenario1_I_Video3_Session1 vs Session2_2025-11-30_104836_seed42_early_stop.pkl,0.01639344262295082,0.0005288207297726071,0.0005288207297726071,0.0002687449610319807,0.0002687449610319807,0.01639344262295082,0.01639344262295082,0.01639344262295082,0.03278688524590164,0.04918032786885246,0.06557377049180328,0.08196721311475409,0.0,0.01639344262295082,0.0005288207297726071,0.0005288207297726071,0.0002687449610319807,0.0002687449610319807,0.01639344262295082,0.01639344262295082,0.01639344262295082,0.03278688524590164,0.04918032786885246,0.06557377049180328,0.08196721311475409,0.0
1,Scenario1_I_Video3_Session2 vs Session1,LogisticRegression,42,61,61,"{'C': 0.001, 'penalty': 'l2', 'solver': 'liblinear', 'max_iter': 3000}",scenario_results_scenarios_2025-11-30_104836_early_stop/logisticregression_Scenario1_I_Video3_Session2 vs Session1_2025-11-30_104836_seed42_early_stop.pkl,0.01639344262295082,0.0005288207297726071,0.0005288207297726071,0.0002687449610319807,0.0002687449610319807,0.01639344262295082,0.01639344262295082,0.01639344262295082,0.03278688524590164,0.04918032786885246,0.06557377049180328,0.08196721311475409,0.0,0.01639344262295082,0.0005288207297726071,0.0005288207297726071,0.0002687449610319807,0.0002687449610319807,0.01639344262295082,0.01639344262295082,0.01639344262295082,0.03278688524590164,0.04918032786885246,0.06557377049180328,0.08196721311475409,0.0
1,Scenario1_T_Video1_Session1 vs Session2,LogisticRegression,42,61,61,"{'C': 0.001, 'penalty': 'l2', 'solver': 'liblinear', 'max_iter': 3000}",scenario_results_scenarios_2025-11-30_104836_early_stop/logisticregression_Scenario1_T_Video1_Session1 vs Session2_2025-11-30_104836_seed42_early_stop.pkl,0.01639344262295082,0.0005288207297726071,0.0005288207297726071,0.0002687449610319807,0.0002687449610319807,0.01639344262295082,0.01639344262295082,0.01639344262295082,0.03278688524590164,0.04918032786885246,0.06557377049180328,0.08196721311475409,0.0,0.01639344262295082,0.0005288207297726071,0.0005288207297726071,0.0002687449610319807,0.0002687449610319807,0.01639344262295082,0.01639344262295082,0.01639344262295082,0.03278688524590164,0.04918032786885246,0.06557377049180328,0.08196721311475409,0.0
1,Scenario1_T_Video1_Session2 vs Session1,LogisticRegression,42,61,61,"{'C': 0.001, 'penalty': 'l2', 'solver': 'liblinear', 'max_iter': 3000}",scenario_results_scenarios_2025-11-30_104836_early_stop/logisticregression_Scenario1_T_Video1_Session2 vs Session1_2025-11-30_104836_seed42_early_stop.pkl,0.01639344262295082,0.0005288207297726071,0.0005288207297726071,0.0002687449610319807,0.0002687449610319807,0.01639344262295082,0.01639344262295082,0.01639344262295082,0.03278688524590164,0.04918032786885246,0.06557377049180328,0.08196721311475409,0.0,0.01639344262295082,0.0005288207297726071,0.0005288207297726071,0.0002687449610319807,0.0002687449610319807,0.01639344262295082,0.01639344262295082,0.01639344262295082,0.03278688524590164,0.04918032786885246,0.06557377049180328,0.08196721311475409,0.0
1,Scenario1_T_Video2_Session1 vs Session2,LogisticRegression,42,61,61,"{'C': 0.001, 'penalty': 'l2', 'solver': 'liblinear', 'max_iter': 3000}",scenario_results_scenarios_2025-11-30_104836_early_stop/logisticregression_Scenario1_T_Video2_Session1 vs Session2_2025-11-30_104836_seed42_early_stop.pkl,0.01639344262295082,0.0005288207297726071,0.0005288207297726071,0.0002687449610319807,0.0002687449610319807,0.01639344262295082,0.01639344262295082,0.01639344262295082,0.03278688524590164,0.04918032786885246,0.06557377049180328,0.08196721311475409,0.0,0.01639344262295082,0.0005288207297726071,0.0005288207297726071,0.0002687449610319807,0.0002687449610319807,0.01639344262295082,0.01639344262295082,0.01639344262295082,0.03278688524590164,0.04918032786885246,0.06557377049180328,0.08196721311475409,0.0
1,Scenario1_T_Video2_Session2 vs Session1,LogisticRegression,42,61,61,"{'C': 0.001, 'penalty': 'l2', 'solver': 'liblinear', 'max_iter': 3000}",scenario_results_scenarios_2025-11-30_104836_early_stop/logisticregression_Scenario1_T_Video2_Session2 vs Session1_2025-11-30_104836_seed42_early_stop.pkl,0.01639344262295082,0.0005288207297726071,0.0005288207297726071,0.0002687449610319807,0.0002687449610319807,0.01639344262295082,0.01639344262295082,0.01639344262295082,0.03278688524590164,0.04918032786885246,0.06557377049180328,0.08196721311475409,0.0,0.01639344262295082,0.0005288207297726071,0.0005288207297726071,0.0002687449610319807,0.0002687449610319807,0.01639344262295082,0.01639344262295082,0.01639344262295082,0.03278688524590164,0.04918032786885246,0.06557377049180328,0.08196721311475409,0.0
1,Scenario1_T_Video3_Session1 vs Session2,LogisticRegression,42,61,61,"{'C': 0.001, 'penalty': 'l2', 'solver': 'liblinear', 'max_iter': 3000}",scenario_results_scenarios_2025-11-30_104836_early_stop/logisticregression_Scenario1_T_Video3_Session1 vs Session2_2025-11-30_104836_seed42_early_stop.pkl,0.01639344262295082,0.0005288207297726071,0.0005288207297726071,0.0002687449610319807,0.0002687449610319807,0.01639344262295082,0.01639344262295082,0.01639344262295082,0.03278688524590164,0.04918032786885246,0.06557377049180328,0.08196721311475409,0.0,0.01639344262295082,0.0005288207297726071,0.0005288207297726071,0.0002687449610319807,0.0002687449610319807,0.01639344262295082,0.01639344262295082,0.01639344262295082,0.03278688524590164,0.04918032786885246,0.06557377049180328,0.08196721311475409,0.0
1,Scenario1_T_Video3_Session2 vs Session1,LogisticRegression,42,61,61,"{'C': 0.001, 'penalty': 'l2', 'solver': 'liblinear', 'max_iter': 3000}",scenario_results_scenarios_2025-11-30_104836_early_stop/logisticregression_Scenario1_T_Video3_Session2 vs Session1_2025-11-30_104836_seed42_early_stop.pkl,0.01639344262295082,0.0005288207297726071,0.0005288207297726071,0.0002687449610319807,0.0002687449610319807,0.01639344262295082,0.01639344262295082,0.01639344262295082,0.03278688524590164,0.04918032786885246,0.06557377049180328,0.08196721311475409,0.0,0.01639344262295082,0.0005288207297726071,0.0005288207297726071,0.0002687449610319807,0.0002687449610319807,0.01639344262295082,0.01639344262295082,0.01639344262295082,0.03278688524590164,0.04918032786885246,0.06557377049180328,0.08196721311475409,0.0
1,Scenario1_F_Video1_Session1 vs Session2,RandomForest,123,61,61,"{'n_estimators': 100, 'max_depth': 10, 'min_samples_split': 2, 'min_samples_leaf': 1, 'max_features': 'sqrt', 'bootstrap': True}",scenario_results_scenarios_2025-11-30_104836_early_stop/randomforest_Scenario1_F_Video1_Session1 vs Session2_2025-11-30_104836_seed123_early_stop.pkl,1.0,1.0,1.0,1.0,1.0,1.0,1.0,1.0,1.0,1.0,1.0,1.0,1.0,0.26229508196721313,0.1814207650273224,0.1814207650273224,0.14945355191256832,0.14945355191256832,0.26229508196721313,0.26229508196721313,0.26229508196721313,0.4098360655737705,0.5081967213114754,0.5573770491803278,0.6065573770491803,0.2459016393442623
1,Scenario1_F_Video1_Session2 vs Session1,RandomForest,123,61,61,"{'n_estimators': 100, 'max_depth': 10, 'min_samples_split': 2, 'min_samples_leaf': 1, 'max_features': 'sqrt', 'bootstrap': True}",scenario_results_scenarios_2025-11-30_104836_early_stop/randomforest_Scenario1_F_Video1_Session2 vs Session1_2025-11-30_104836_seed123_early_stop.pkl,1.0,1.0,1.0,1.0,1.0,1.0,1.0,1.0,1.0,1.0,1.0,1.0,1.0,0.18032786885245902,0.12950819672131147,0.12950819672131147,0.10792349726775956,0.10792349726775956,0.18032786885245902,0.18032786885245902,0.19672131147540983,0.3442622950819672,0.4262295081967213,0.5901639344262295,0.6065573770491803,0.18032786885245902
1,Scenario1_F_Video2_Session1 vs Session2,RandomForest,123,61,61,"{'n_estimators': 100, 'max_depth': 10, 'min_samples_split': 2, 'min_samples_leaf': 1, 'max_features': 'sqrt', 'bootstrap': True}",scenario_results_scenarios_2025-11-30_104836_early_stop/randomforest_Scenario1_F_Video2_Session1 vs Session2_2025-11-30_104836_seed123_early_stop.pkl,1.0,1.0,1.0,1.0,1.0,1.0,1.0,1.0,1.0,1.0,1.0,1.0,1.0,0.26229508196721313,0.18227946916471505,0.18227946916471505,0.14754098360655737,0.14754098360655737,0.26229508196721313,0.26229508196721313,0.26229508196721313,0.39344262295081966,0.47540983606557374,0.5245901639344263,0.6065573770491803,0.2459016393442623
1,Scenario1_F_Video2_Session2 vs Session1,RandomForest,123,61,61,"{'n_estimators': 100, 'max_depth': 10, 'min_samples_split': 2, 'min_samples_leaf': 1, 'max_features': 'sqrt', 'bootstrap': True}",scenario_results_scenarios_2025-11-30_104836_early_stop/randomforest_Scenario1_F_Video2_Session2 vs Session1_2025-11-30_104836_seed123_early_stop.pkl,1.0,1.0,1.0,1.0,1.0,1.0,1.0,1.0,1.0,1.0,1.0,1.0,1.0,0.2786885245901639,0.21420765027322403,0.21420765027322403,0.18442622950819673,0.18442622950819673,0.2786885245901639,0.2786885245901639,0.2459016393442623,0.4262295081967213,0.5245901639344263,0.5573770491803278,0.5901639344262295,0.2459016393442623
1,Scenario1_F_Video3_Session1 vs Session2,RandomForest,123,61,61,"{'n_estimators': 100, 'max_depth': 10, 'min_samples_split': 2, 'min_samples_leaf': 1, 'max_features': 'sqrt', 'bootstrap': True}",scenario_results_scenarios_2025-11-30_104836_early_stop/randomforest_Scenario1_F_Video3_Session1 vs Session2_2025-11-30_104836_seed123_early_stop.pkl,1.0,1.0,1.0,1.0,1.0,1.0,1.0,1.0,1.0,1.0,1.0,1.0,1.0,0.3442622950819672,0.2527712724434036,0.2527712724434036,0.21857923497267762,0.21857923497267762,0.3442622950819672,0.3442622950819672,0.32786885245901637,0.5081967213114754,0.5573770491803278,0.639344262295082,0.6721311475409836,0.32786885245901637
1,Scenario1_F_Video3_Session2 vs Session1,RandomForest,123,61,61,"{'n_estimators': 100, 'max_depth': 10, 'min_samples_split': 2, 'min_samples_leaf': 1, 'max_features': 'sqrt', 'bootstrap': True}",scenario_results_scenarios_2025-11-30_104836_early_stop/randomforest_Scenario1_F_Video3_Session2 vs Session1_2025-11-30_104836_seed123_early_stop.pkl,1.0,1.0,1.0,1.0,1.0,1.0,1.0,1.0,1.0,1.0,1.0,1.0,1.0,0.29508196721311475,0.24316939890710382,0.24316939890710382,0.2245901639344262,0.2245901639344262,0.29508196721311475,0.29508196721311475,0.3114754098360656,0.47540983606557374,0.6557377049180327,0.7213114754098361,0.7377049180327869,0.26229508196721313
1,Scenario1_I_Video1_Session1 vs Session2,RandomForest,123,61,61,"{'n_estimators': 100, 'max_depth': 10, 'min_samples_split': 2, 'min_samples_leaf': 1, 'max_features': 'sqrt', 'bootstrap': True}",scenario_results_scenarios_2025-11-30_104836_early_stop/randomforest_Scenario1_I_Video1_Session1 vs Session2_2025-11-30_104836_seed123_early_stop.pkl,1.0,1.0,1.0,1.0,1.0,1.0,1.0,1.0,1.0,1.0,1.0,1.0,1.0,0.13114754098360656,0.1174863387978142,0.1174863387978142,0.11202185792349728,0.11202185792349728,0.13114754098360656,0.13114754098360656,0.11475409836065574,0.26229508196721313,0.36065573770491804,0.4098360655737705,0.47540983606557374,0.11475409836065574
1,Scenario1_I_Video1_Session2 vs Session1,RandomForest,123,61,61,"{'n_estimators': 100, 'max_depth': 10, 'min_samples_split': 2, 'min_samples_leaf': 1, 'max_features': 'sqrt', 'bootstrap': True}",scenario_results_scenarios_2025-11-30_104836_early_stop/randomforest_Scenario1_I_Video1_Session2 vs Session1_2025-11-30_104836_seed123_early_stop.pkl,1.0,1.0,1.0,1.0,1.0,1.0,1.0,1.0,1.0,1.0,1.0,1.0,1.0,0.13114754098360656,0.08415300546448087,0.08415300546448087,0.0715846994535519,0.0715846994535519,0.13114754098360656,0.13114754098360656,0.14754098360655737,0.22950819672131148,0.2786885245901639,0.32786885245901637,0.4098360655737705,0.13114754098360656
1,Scenario1_I_Video2_Session1 vs Session2,RandomForest,123,61,61,"{'n_estimators': 100, 'max_depth': 10, 'min_samples_split': 2, 'min_samples_leaf': 1, 'max_features': 'sqrt', 'bootstrap': True}",scenario_results_scenarios_2025-11-30_104836_early_stop/randomforest_Scenario1_I_Video2_Session1 vs Session2_2025-11-30_104836_seed123_early_stop.pkl,1.0,1.0,1.0,1.0,1.0,1.0,1.0,1.0,1.0,1.0,1.0,1.0,1.0,0.2459016393442623,0.180327868852459,0.180327868852459,0.1530054644808743,0.1530054644808743,0.2459016393442623,0.2459016393442623,0.2786885245901639,0.3770491803278688,0.45901639344262296,0.5737704918032787,0.6229508196721312,0.2459016393442623
1,Scenario1_I_Video2_Session2 vs Session1,RandomForest,123,61,61,"{'n_estimators': 100, 'max_depth': 10, 'min_samples_split': 2, 'min_samples_leaf': 1, 'max_features': 'sqrt', 'bootstrap': True}",scenario_results_scenarios_2025-11-30_104836_early_stop/randomforest_Scenario1_I_Video2_Session2 vs Session1_2025-11-30_104836_seed123_early_stop.pkl,1.0,1.0,1.0,1.0,1.0,1.0,1.0,1.0,1.0,1.0,1.0,1.0,1.0,0.2786885245901639,0.22950819672131148,0.22950819672131148,0.2076502732240437,0.2076502732240437,0.2786885245901639,0.2786885245901639,0.26229508196721313,0.3442622950819672,0.4918032786885246,0.5901639344262295,0.639344262295082,0.26229508196721313
1,Scenario1_I_Video3_Session1 vs Session2,RandomForest,123,61,61,"{'n_estimators': 100, 'max_depth': 10, 'min_samples_split': 2, 'min_samples_leaf': 1, 'max_features': 'sqrt', 'bootstrap': True}",scenario_results_scenarios_2025-11-30_104836_early_stop/randomforest_Scenario1_I_Video3_Session1 vs Session2_2025-11-30_104836_seed123_early_stop.pkl,1.0,1.0,1.0,1.0,1.0,1.0,1.0,1.0,1.0,1.0,1.0,1.0,1.0,0.32786885245901637,0.2724434035909446,0.2724434035909446,0.25136612021857924,0.25136612021857924,0.32786885245901637,0.32786885245901637,0.3114754098360656,0.39344262295081966,0.47540983606557374,0.5737704918032787,0.6721311475409836,0.3114754098360656
1,Scenario1_I_Video3_Session2 vs Session1,RandomForest,123,61,61,"{'n_estimators': 100, 'max_depth': 10, 'min_samples_split': 2, 'min_samples_leaf': 1, 'max_features': 'sqrt', 'bootstrap': True}",scenario_results_scenarios_2025-11-30_104836_early_stop/randomforest_Scenario1_I_Video3_Session2 vs Session1_2025-11-30_104836_seed123_early_stop.pkl,1.0,1.0,1.0,1.0,1.0,1.0,1.0,1.0,1.0,1.0,1.0,1.0,1.0,0.32786885245901637,0.26721311475409837,0.26721311475409837,0.24316939890710382,0.24316939890710382,0.32786885245901637,0.32786885245901637,0.3114754098360656,0.45901639344262296,0.5737704918032787,0.639344262295082,0.6557377049180327,0.3114754098360656
1,Scenario1_T_Video1_Session1 vs Session2,RandomForest,123,61,61,"{'n_estimators': 100, 'max_depth': 10, 'min_samples_split': 2, 'min_samples_leaf': 1, 'max_features': 'sqrt', 'bootstrap': True}",scenario_results_scenarios_2025-11-30_104836_early_stop/randomforest_Scenario1_T_Video1_Session1 vs Session2_2025-11-30_104836_seed123_early_stop.pkl,1.0,1.0,1.0,1.0,1.0,1.0,1.0,1.0,1.0,1.0,1.0,1.0,1.0,0.26229508196721313,0.21584699453551912,0.21584699453551912,0.19672131147540986,0.19672131147540986,0.26229508196721313,0.26229508196721313,0.3114754098360656,0.4426229508196721,0.5901639344262295,0.639344262295082,0.6557377049180327,0.26229508196721313
1,Scenario1_T_Video1_Session2 vs Session1,RandomForest,123,61,61,"{'n_estimators': 100, 'max_depth': 10, 'min_samples_split': 2, 'min_samples_leaf': 1, 'max_features': 'sqrt', 'bootstrap': True}",scenario_results_scenarios_2025-11-30_104836_early_stop/randomforest_Scenario1_T_Video1_Session2 vs Session1_2025-11-30_104836_seed123_early_stop.pkl,1.0,1.0,1.0,1.0,1.0,1.0,1.0,1.0,1.0,1.0,1.0,1.0,1.0,0.29508196721311475,0.22185792349726774,0.22185792349726774,0.1953551912568306,0.1953551912568306,0.29508196721311475,0.29508196721311475,0.2786885245901639,0.4918032786885246,0.5409836065573771,0.6065573770491803,0.6229508196721312,0.2786885245901639
1,Scenario1_T_Video2_Session1 vs Session2,RandomForest,123,61,61,"{'n_estimators': 100, 'max_depth': 10, 'min_samples_split': 2, 'min_samples_leaf': 1, 'max_features': 'sqrt', 'bootstrap': True}",scenario_results_scenarios_2025-11-30_104836_early_stop/randomforest_Scenario1_T_Video2_Session1 vs Session2_2025-11-30_104836_seed123_early_stop.pkl,1.0,1.0,1.0,1.0,1.0,1.0,1.0,1.0,1.0,1.0,1.0,1.0,1.0,0.19672131147540983,0.1431693989071038,0.1431693989071038,0.12158469945355191,0.12158469945355191,0.19672131147540983,0.19672131147540983,0.19672131147540983,0.3114754098360656,0.4098360655737705,0.4426229508196721,0.5573770491803278,0.19672131147540983
1,Scenario1_T_Video2_Session2 vs Session1,RandomForest,123,61,61,"{'n_estimators': 100, 'max_depth': 10, 'min_samples_split': 2, 'min_samples_leaf': 1, 'max_features': 'sqrt', 'bootstrap': True}",scenario_results_scenarios_2025-11-30_104836_early_stop/randomforest_Scenario1_T_Video2_Session2 vs Session1_2025-11-30_104836_seed123_early_stop.pkl,1.0,1.0,1.0,1.0,1.0,1.0,1.0,1.0,1.0,1.0,1.0,1.0,1.0,0.19672131147540983,0.15027322404371585,0.15027322404371585,0.13169398907103824,0.13169398907103824,0.19672131147540983,0.19672131147540983,0.19672131147540983,0.3770491803278688,0.5081967213114754,0.6229508196721312,0.6885245901639344,0.18032786885245902
1,Scenario1_T_Video3_Session1 vs Session2,RandomForest,123,61,61,"{'n_estimators': 100, 'max_depth': 10, 'min_samples_split': 2, 'min_samples_leaf': 1, 'max_features': 'sqrt', 'bootstrap': True}",scenario_results_scenarios_2025-11-30_104836_early_stop/randomforest_Scenario1_T_Video3_Session1 vs Session2_2025-11-30_104836_seed123_early_stop.pkl,1.0,1.0,1.0,1.0,1.0,1.0,1.0,1.0,1.0,1.0,1.0,1.0,1.0,0.19672131147540983,0.126775956284153,0.126775956284153,0.10245901639344263,0.10245901639344263,0.19672131147540983,0.19672131147540983,0.21311475409836064,0.2786885245901639,0.45901639344262296,0.5737704918032787,0.6229508196721312,0.19672131147540983
1,Scenario1_T_Video3_Session2 vs Session1,RandomForest,123,61,61,"{'n_estimators': 100, 'max_depth': 10, 'min_samples_split': 2, 'min_samples_leaf': 1, 'max_features': 'sqrt', 'bootstrap': True}",scenario_results_scenarios_2025-11-30_104836_early_stop/randomforest_Scenario1_T_Video3_Session2 vs Session1_2025-11-30_104836_seed123_early_stop.pkl,1.0,1.0,1.0,1.0,1.0,1.0,1.0,1.0,1.0,1.0,1.0,1.0,1.0,0.22950819672131148,0.18579234972677594,0.18579234972677594,0.16666666666666666,0.16666666666666666,0.22950819672131148,0.22950819672131148,0.19672131147540983,0.32786885245901637,0.4426229508196721,0.5901639344262295,0.639344262295082,0.18032786885245902
1,Scenario1_F_Video1_Session1 vs Session2,XGBoost,123,61,61,"{'n_estimators': 1000, 'max_depth': 4, 'learning_rate': 0.05, 'subsample': 0.8, 'colsample_bytree': 0.8, 'reg_lambda': 1, 'device': 'cpu'}",scenario_results_scenarios_2025-11-30_104836_early_stop/xgboost_Scenario1_F_Video1_Session1 vs Session2_2025-11-30_104836_seed123_early_stop.pkl,0.01639344262295082,0.0005288207297726071,0.0005288207297726071,0.0002687449610319807,0.0002687449610319807,0.01639344262295082,0.01639344262295082,0.01639344262295082,0.03278688524590164,0.04918032786885246,0.06557377049180328,0.08196721311475409,0.0,0.01639344262295082,0.0005288207297726071,0.0005288207297726071,0.0002687449610319807,0.0002687449610319807,0.01639344262295082,0.01639344262295082,0.01639344262295082,0.03278688524590164,0.04918032786885246,0.06557377049180328,0.08196721311475409,0.0
1,Scenario1_F_Video1_Session2 vs Session1,XGBoost,123,61,61,"{'n_estimators': 1000, 'max_depth': 4, 'learning_rate': 0.05, 'subsample': 0.8, 'colsample_bytree': 0.8, 'reg_lambda': 1, 'device': 'cpu'}",scenario_results_scenarios_2025-11-30_104836_early_stop/xgboost_Scenario1_F_Video1_Session2 vs Session1_2025-11-30_104836_seed123_early_stop.pkl,0.01639344262295082,0.0005288207297726071,0.0005288207297726071,0.0002687449610319807,0.0002687449610319807,0.01639344262295082,0.01639344262295082,0.01639344262295082,0.03278688524590164,0.04918032786885246,0.06557377049180328,0.08196721311475409,0.0,0.01639344262295082,0.0005288207297726071,0.0005288207297726071,0.0002687449610319807,0.0002687449610319807,0.01639344262295082,0.01639344262295082,0.01639344262295082,0.03278688524590164,0.04918032786885246,0.06557377049180328,0.08196721311475409,0.0
1,Scenario1_F_Video2_Session1 vs Session2,XGBoost,123,61,61,"{'n_estimators': 1000, 'max_depth': 4, 'learning_rate': 0.05, 'subsample': 0.8, 'colsample_bytree': 0.8, 'reg_lambda': 1, 'device': 'cpu'}",scenario_results_scenarios_2025-11-30_104836_early_stop/xgboost_Scenario1_F_Video2_Session1 vs Session2_2025-11-30_104836_seed123_early_stop.pkl,0.01639344262295082,0.0005288207297726071,0.0005288207297726071,0.0002687449610319807,0.0002687449610319807,0.01639344262295082,0.01639344262295082,0.01639344262295082,0.03278688524590164,0.04918032786885246,0.06557377049180328,0.08196721311475409,0.0,0.01639344262295082,0.0005288207297726071,0.0005288207297726071,0.0002687449610319807,0.0002687449610319807,0.01639344262295082,0.01639344262295082,0.01639344262295082,0.03278688524590164,0.04918032786885246,0.06557377049180328,0.08196721311475409,0.0
1,Scenario1_F_Video2_Session2 vs Session1,XGBoost,123,61,61,"{'n_estimators': 1000, 'max_depth': 4, 'learning_rate': 0.05, 'subsample': 0.8, 'colsample_bytree': 0.8, 'reg_lambda': 1, 'device': 'cpu'}",scenario_results_scenarios_2025-11-30_104836_early_stop/xgboost_Scenario1_F_Video2_Session2 vs Session1_2025-11-30_104836_seed123_early_stop.pkl,0.01639344262295082,0.0005288207297726071,0.0005288207297726071,0.0002687449610319807,0.0002687449610319807,0.01639344262295082,0.01639344262295082,0.01639344262295082,0.03278688524590164,0.04918032786885246,0.06557377049180328,0.08196721311475409,0.0,0.01639344262295082,0.0005288207297726071,0.0005288207297726071,0.0002687449610319807,0.0002687449610319807,0.01639344262295082,0.01639344262295082,0.01639344262295082,0.03278688524590164,0.04918032786885246,0.06557377049180328,0.08196721311475409,0.0
1,Scenario1_F_Video3_Session1 vs Session2,XGBoost,123,61,61,"{'n_estimators': 1000, 'max_depth': 4, 'learning_rate': 0.05, 'subsample': 0.8, 'colsample_bytree': 0.8, 'reg_lambda': 1, 'device': 'cpu'}",scenario_results_scenarios_2025-11-30_104836_early_stop/xgboost_Scenario1_F_Video3_Session1 vs Session2_2025-11-30_104836_seed123_early_stop.pkl,0.01639344262295082,0.0005288207297726071,0.0005288207297726071,0.0002687449610319807,0.0002687449610319807,0.01639344262295082,0.01639344262295082,0.01639344262295082,0.03278688524590164,0.04918032786885246,0.06557377049180328,0.08196721311475409,0.0,0.01639344262295082,0.0005288207297726071,0.0005288207297726071,0.0002687449610319807,0.0002687449610319807,0.01639344262295082,0.01639344262295082,0.01639344262295082,0.03278688524590164,0.04918032786885246,0.06557377049180328,0.08196721311475409,0.0
1,Scenario1_F_Video3_Session2 vs Session1,XGBoost,123,61,61,"{'n_estimators': 1000, 'max_depth': 4, 'learning_rate': 0.05, 'subsample': 0.8, 'colsample_bytree': 0.8, 'reg_lambda': 1, 'device': 'cpu'}",scenario_results_scenarios_2025-11-30_104836_early_stop/xgboost_Scenario1_F_Video3_Session2 vs Session1_2025-11-30_104836_seed123_early_stop.pkl,0.01639344262295082,0.0005288207297726071,0.0005288207297726071,0.0002687449610319807,0.0002687449610319807,0.01639344262295082,0.01639344262295082,0.01639344262295082,0.03278688524590164,0.04918032786885246,0.06557377049180328,0.08196721311475409,0.0,0.01639344262295082,0.0005288207297726071,0.0005288207297726071,0.0002687449610319807,0.0002687449610319807,0.01639344262295082,0.01639344262295082,0.01639344262295082,0.03278688524590164,0.04918032786885246,0.06557377049180328,0.08196721311475409,0.0
1,Scenario1_I_Video1_Session1 vs Session2,XGBoost,123,61,61,"{'n_estimators': 1000, 'max_depth': 4, 'learning_rate': 0.05, 'subsample': 0.8, 'colsample_bytree': 0.8, 'reg_lambda': 1, 'device': 'cpu'}",scenario_results_scenarios_2025-11-30_104836_early_stop/xgboost_Scenario1_I_Video1_Session1 vs Session2_2025-11-30_104836_seed123_early_stop.pkl,0.01639344262295082,0.0005288207297726071,0.0005288207297726071,0.0002687449610319807,0.0002687449610319807,0.01639344262295082,0.01639344262295082,0.01639344262295082,0.03278688524590164,0.04918032786885246,0.06557377049180328,0.08196721311475409,0.0,0.01639344262295082,0.0005288207297726071,0.0005288207297726071,0.0002687449610319807,0.0002687449610319807,0.01639344262295082,0.01639344262295082,0.01639344262295082,0.03278688524590164,0.04918032786885246,0.06557377049180328,0.08196721311475409,0.0
1,Scenario1_I_Video1_Session2 vs Session1,XGBoost,123,61,61,"{'n_estimators': 1000, 'max_depth': 4, 'learning_rate': 0.05, 'subsample': 0.8, 'colsample_bytree': 0.8, 'reg_lambda': 1, 'device': 'cpu'}",scenario_results_scenarios_2025-11-30_104836_early_stop/xgboost_Scenario1_I_Video1_Session2 vs Session1_2025-11-30_104836_seed123_early_stop.pkl,0.01639344262295082,0.0005288207297726071,0.0005288207297726071,0.0002687449610319807,0.0002687449610319807,0.01639344262295082,0.01639344262295082,0.01639344262295082,0.03278688524590164,0.04918032786885246,0.06557377049180328,0.08196721311475409,0.0,0.01639344262295082,0.0005288207297726071,0.0005288207297726071,0.0002687449610319807,0.0002687449610319807,0.01639344262295082,0.01639344262295082,0.01639344262295082,0.03278688524590164,0.04918032786885246,0.06557377049180328,0.08196721311475409,0.0
1,Scenario1_I_Video2_Session1 vs Session2,XGBoost,123,61,61,"{'n_estimators': 1000, 'max_depth': 4, 'learning_rate': 0.05, 'subsample': 0.8, 'colsample_bytree': 0.8, 'reg_lambda': 1, 'device': 'cpu'}",scenario_results_scenarios_2025-11-30_104836_early_stop/xgboost_Scenario1_I_Video2_Session1 vs Session2_2025-11-30_104836_seed123_early_stop.pkl,0.01639344262295082,0.0005288207297726071,0.0005288207297726071,0.0002687449610319807,0.0002687449610319807,0.01639344262295082,0.01639344262295082,0.01639344262295082,0.03278688524590164,0.04918032786885246,0.06557377049180328,0.08196721311475409,0.0,0.01639344262295082,0.0005288207297726071,0.0005288207297726071,0.0002687449610319807,0.0002687449610319807,0.01639344262295082,0.01639344262295082,0.01639344262295082,0.03278688524590164,0.04918032786885246,0.06557377049180328,0.08196721311475409,0.0
1,Scenario1_I_Video2_Session2 vs Session1,XGBoost,123,61,61,"{'n_estimators': 1000, 'max_depth': 4, 'learning_rate': 0.05, 'subsample': 0.8, 'colsample_bytree': 0.8, 'reg_lambda': 1, 'device': 'cpu'}",scenario_results_scenarios_2025-11-30_104836_early_stop/xgboost_Scenario1_I_Video2_Session2 vs Session1_2025-11-30_104836_seed123_early_stop.pkl,0.01639344262295082,0.0005288207297726071,0.0005288207297726071,0.0002687449610319807,0.0002687449610319807,0.01639344262295082,0.01639344262295082,0.01639344262295082,0.03278688524590164,0.04918032786885246,0.06557377049180328,0.08196721311475409,0.0,0.01639344262295082,0.0005288207297726071,0.0005288207297726071,0.0002687449610319807,0.0002687449610319807,0.01639344262295082,0.01639344262295082,0.01639344262295082,0.03278688524590164,0.04918032786885246,0.06557377049180328,0.08196721311475409,0.0
1,Scenario1_I_Video3_Session1 vs Session2,XGBoost,123,61,61,"{'n_estimators': 1000, 'max_depth': 4, 'learning_rate': 0.05, 'subsample': 0.8, 'colsample_bytree': 0.8, 'reg_lambda': 1, 'device': 'cpu'}",scenario_results_scenarios_2025-11-30_104836_early_stop/xgboost_Scenario1_I_Video3_Session1 vs Session2_2025-11-30_104836_seed123_early_stop.pkl,0.01639344262295082,0.0005288207297726071,0.0005288207297726071,0.0002687449610319807,0.0002687449610319807,0.01639344262295082,0.01639344262295082,0.01639344262295082,0.03278688524590164,0.04918032786885246,0.06557377049180328,0.08196721311475409,0.0,0.01639344262295082,0.0005288207297726071,0.0005288207297726071,0.0002687449610319807,0.0002687449610319807,0.01639344262295082,0.01639344262295082,0.01639344262295082,0.03278688524590164,0.04918032786885246,0.06557377049180328,0.08196721311475409,0.0
1,Scenario1_I_Video3_Session2 vs Session1,XGBoost,123,61,61,"{'n_estimators': 1000, 'max_depth': 4, 'learning_rate': 0.05, 'subsample': 0.8, 'colsample_bytree': 0.8, 'reg_lambda': 1, 'device': 'cpu'}",scenario_results_scenarios_2025-11-30_104836_early_stop/xgboost_Scenario1_I_Video3_Session2 vs Session1_2025-11-30_104836_seed123_early_stop.pkl,0.01639344262295082,0.0005288207297726071,0.0005288207297726071,0.0002687449610319807,0.0002687449610319807,0.01639344262295082,0.01639344262295082,0.01639344262295082,0.03278688524590164,0.04918032786885246,0.06557377049180328,0.08196721311475409,0.0,0.01639344262295082,0.0005288207297726071,0.0005288207297726071,0.0002687449610319807,0.0002687449610319807,0.01639344262295082,0.01639344262295082,0.01639344262295082,0.03278688524590164,0.04918032786885246,0.06557377049180328,0.08196721311475409,0.0
1,Scenario1_T_Video1_Session1 vs Session2,XGBoost,123,61,61,"{'n_estimators': 1000, 'max_depth': 4, 'learning_rate': 0.05, 'subsample': 0.8, 'colsample_bytree': 0.8, 'reg_lambda': 1, 'device': 'cpu'}",scenario_results_scenarios_2025-11-30_104836_early_stop/xgboost_Scenario1_T_Video1_Session1 vs Session2_2025-11-30_104836_seed123_early_stop.pkl,0.01639344262295082,0.0005288207297726071,0.0005288207297726071,0.0002687449610319807,0.0002687449610319807,0.01639344262295082,0.01639344262295082,0.01639344262295082,0.03278688524590164,0.04918032786885246,0.06557377049180328,0.08196721311475409,0.0,0.01639344262295082,0.0005288207297726071,0.0005288207297726071,0.0002687449610319807,0.0002687449610319807,0.01639344262295082,0.01639344262295082,0.01639344262295082,0.03278688524590164,0.04918032786885246,0.06557377049180328,0.08196721311475409,0.0
1,Scenario1_T_Video1_Session2 vs Session1,XGBoost,123,61,61,"{'n_estimators': 1000, 'max_depth': 4, 'learning_rate': 0.05, 'subsample': 0.8, 'colsample_bytree': 0.8, 'reg_lambda': 1, 'device': 'cpu'}",scenario_results_scenarios_2025-11-30_104836_early_stop/xgboost_Scenario1_T_Video1_Session2 vs Session1_2025-11-30_104836_seed123_early_stop.pkl,0.01639344262295082,0.0005288207297726071,0.0005288207297726071,0.0002687449610319807,0.0002687449610319807,0.01639344262295082,0.01639344262295082,0.01639344262295082,0.03278688524590164,0.04918032786885246,0.06557377049180328,0.08196721311475409,0.0,0.01639344262295082,0.0005288207297726071,0.0005288207297726071,0.0002687449610319807,0.0002687449610319807,0.01639344262295082,0.01639344262295082,0.01639344262295082,0.03278688524590164,0.04918032786885246,0.06557377049180328,0.08196721311475409,0.0
1,Scenario1_T_Video2_Session1 vs Session2,XGBoost,123,61,61,"{'n_estimators': 1000, 'max_depth': 4, 'learning_rate': 0.05, 'subsample': 0.8, 'colsample_bytree': 0.8, 'reg_lambda': 1, 'device': 'cpu'}",scenario_results_scenarios_2025-11-30_104836_early_stop/xgboost_Scenario1_T_Video2_Session1 vs Session2_2025-11-30_104836_seed123_early_stop.pkl,0.01639344262295082,0.0005288207297726071,0.0005288207297726071,0.0002687449610319807,0.0002687449610319807,0.01639344262295082,0.01639344262295082,0.01639344262295082,0.03278688524590164,0.04918032786885246,0.06557377049180328,0.08196721311475409,0.0,0.01639344262295082,0.0005288207297726071,0.0005288207297726071,0.0002687449610319807,0.0002687449610319807,0.01639344262295082,0.01639344262295082,0.01639344262295082,0.03278688524590164,0.04918032786885246,0.06557377049180328,0.08196721311475409,0.0
1,Scenario1_T_Video2_Session2 vs Session1,XGBoost,123,61,61,"{'n_estimators': 1000, 'max_depth': 4, 'learning_rate': 0.05, 'subsample': 0.8, 'colsample_bytree': 0.8, 'reg_lambda': 1, 'device': 'cpu'}",scenario_results_scenarios_2025-11-30_104836_early_stop/xgboost_Scenario1_T_Video2_Session2 vs Session1_2025-11-30_104836_seed123_early_stop.pkl,0.01639344262295082,0.0005288207297726071,0.0005288207297726071,0.0002687449610319807,0.0002687449610319807,0.01639344262295082,0.01639344262295082,0.01639344262295082,0.03278688524590164,0.04918032786885246,0.06557377049180328,0.08196721311475409,0.0,0.01639344262295082,0.0005288207297726071,0.0005288207297726071,0.0002687449610319807,0.0002687449610319807,0.01639344262295082,0.01639344262295082,0.01639344262295082,0.03278688524590164,0.04918032786885246,0.06557377049180328,0.08196721311475409,0.0
1,Scenario1_T_Video3_Session1 vs Session2,XGBoost,123,61,61,"{'n_estimators': 1000, 'max_depth': 4, 'learning_rate': 0.05, 'subsample': 0.8, 'colsample_bytree': 0.8, 'reg_lambda': 1, 'device': 'cpu'}",scenario_results_scenarios_2025-11-30_104836_early_stop/xgboost_Scenario1_T_Video3_Session1 vs Session2_2025-11-30_104836_seed123_early_stop.pkl,0.01639344262295082,0.0005288207297726071,0.0005288207297726071,0.0002687449610319807,0.0002687449610319807,0.01639344262295082,0.01639344262295082,0.01639344262295082,0.03278688524590164,0.04918032786885246,0.06557377049180328,0.08196721311475409,0.0,0.01639344262295082,0.0005288207297726071,0.0005288207297726071,0.0002687449610319807,0.0002687449610319807,0.01639344262295082,0.01639344262295082,0.01639344262295082,0.03278688524590164,0.04918032786885246,0.06557377049180328,0.08196721311475409,0.0
1,Scenario1_T_Video3_Session2 vs Session1,XGBoost,123,61,61,"{'n_estimators': 1000, 'max_depth': 4, 'learning_rate': 0.05, 'subsample': 0.8, 'colsample_bytree': 0.8, 'reg_lambda': 1, 'device': 'cpu'}",scenario_results_scenarios_2025-11-30_104836_early_stop/xgboost_Scenario1_T_Video3_Session2 vs Session1_2025-11-30_104836_seed123_early_stop.pkl,0.01639344262295082,0.0005288207297726071,0.0005288207297726071,0.0002687449610319807,0.0002687449610319807,0.01639344262295082,0.01639344262295082,0.01639344262295082,0.03278688524590164,0.04918032786885246,0.06557377049180328,0.08196721311475409,0.0,0.01639344262295082,0.0005288207297726071,0.0005288207297726071,0.0002687449610319807,0.0002687449610319807,0.01639344262295082,0.01639344262295082,0.01639344262295082,0.03278688524590164,0.04918032786885246,0.06557377049180328,0.08196721311475409,0.0
1,Scenario1_F_Video1_Session1 vs Session2,CatBoost,123,61,61,"{'iterations': 1000, 'depth': 4, 'learning_rate': 0.05, 'l2_leaf_reg': 1, 'border_count': 32}",scenario_results_scenarios_2025-11-30_104836_early_stop/catboost_Scenario1_F_Video1_Session1 vs Session2_2025-11-30_104836_seed123_early_stop.pkl,1.0,1.0,1.0,1.0,1.0,1.0,1.0,1.0,1.0,1.0,1.0,1.0,1.0,0.26229508196721313,0.20437158469945352,0.20437158469945352,0.18306010928961747,0.18306010928961747,0.26229508196721313,0.26229508196721313,0.26229508196721313,0.4262295081967213,0.5573770491803278,0.639344262295082,0.7049180327868853,0.26229508196721313
1,Scenario1_F_Video1_Session2 vs Session1,CatBoost,123,61,61,"{'iterations': 1000, 'depth': 4, 'learning_rate': 0.05, 'l2_leaf_reg': 1, 'border_count': 32}",scenario_results_scenarios_2025-11-30_104836_early_stop/catboost_Scenario1_F_Video1_Session2 vs Session1_2025-11-30_104836_seed123_early_stop.pkl,1.0,1.0,1.0,1.0,1.0,1.0,1.0,1.0,1.0,1.0,1.0,1.0,1.0,0.2459016393442623,0.18415300546448085,0.18415300546448085,0.16366120218579236,0.16366120218579236,0.2459016393442623,0.2459016393442623,0.2459016393442623,0.4426229508196721,0.5573770491803278,0.6721311475409836,0.7049180327868853,0.2459016393442623
1,Scenario1_F_Video2_Session1 vs Session2,CatBoost,123,61,61,"{'iterations': 1000, 'depth': 4, 'learning_rate': 0.05, 'l2_leaf_reg': 1, 'border_count': 32}",scenario_results_scenarios_2025-11-30_104836_early_stop/catboost_Scenario1_F_Video2_Session1 vs Session2_2025-11-30_104836_seed123_early_stop.pkl,1.0,1.0,1.0,1.0,1.0,1.0,1.0,1.0,1.0,1.0,1.0,1.0,1.0,0.3114754098360656,0.2322404371584699,0.2322404371584699,0.19999999999999998,0.19999999999999998,0.3114754098360656,0.3114754098360656,0.3114754098360656,0.39344262295081966,0.5245901639344263,0.6557377049180327,0.7540983606557377,0.3114754098360656
1,Scenario1_F_Video2_Session2 vs Session1,CatBoost,123,61,61,"{'iterations': 1000, 'depth': 4, 'learning_rate': 0.05, 'l2_leaf_reg': 1, 'border_count': 32}",scenario_results_scenarios_2025-11-30_104836_early_stop/catboost_Scenario1_F_Video2_Session2 vs Session1_2025-11-30_104836_seed123_early_stop.pkl,1.0,1.0,1.0,1.0,1.0,1.0,1.0,1.0,1.0,1.0,1.0,1.0,1.0,0.29508196721311475,0.23224043715846993,0.23224043715846993,0.20491803278688525,0.20491803278688525,0.29508196721311475,0.29508196721311475,0.29508196721311475,0.4262295081967213,0.6557377049180327,0.7377049180327869,0.7704918032786885,0.29508196721311475
1,Scenario1_F_Video3_Session1 vs Session2,CatBoost,123,61,61,"{'iterations': 1000, 'depth': 4, 'learning_rate': 0.05, 'l2_leaf_reg': 1, 'border_count': 32}",scenario_results_scenarios_2025-11-30_104836_early_stop/catboost_Scenario1_F_Video3_Session1 vs Session2_2025-11-30_104836_seed123_early_stop.pkl,1.0,1.0,1.0,1.0,1.0,1.0,1.0,1.0,1.0,1.0,1.0,1.0,1.0,0.3114754098360656,0.23497267759562843,0.23497267759562843,0.20601092896174864,0.20601092896174864,0.3114754098360656,0.3114754098360656,0.3114754098360656,0.4426229508196721,0.6065573770491803,0.6229508196721312,0.6557377049180327,0.3114754098360656
1,Scenario1_F_Video3_Session2 vs Session1,CatBoost,123,61,61,"{'iterations': 1000, 'depth': 4, 'learning_rate': 0.05, 'l2_leaf_reg': 1, 'border_count': 32}",scenario_results_scenarios_2025-11-30_104836_early_stop/catboost_Scenario1_F_Video3_Session2 vs Session1_2025-11-30_104836_seed123_early_stop.pkl,1.0,1.0,1.0,1.0,1.0,1.0,1.0,1.0,1.0,1.0,1.0,1.0,1.0,0.3770491803278688,0.28415300546448086,0.28415300546448086,0.24316939890710382,0.24316939890710382,0.3770491803278688,0.3770491803278688,0.3770491803278688,0.5081967213114754,0.6065573770491803,0.6721311475409836,0.7377049180327869,0.3770491803278688
1,Scenario1_I_Video1_Session1 vs Session2,CatBoost,123,61,61,"{'iterations': 1000, 'depth': 4, 'learning_rate': 0.05, 'l2_leaf_reg': 1, 'border_count': 32}",scenario_results_scenarios_2025-11-30_104836_early_stop/catboost_Scenario1_I_Video1_Session1 vs Session2_2025-11-30_104836_seed123_early_stop.pkl,1.0,1.0,1.0,1.0,1.0,1.0,1.0,1.0,1.0,1.0,1.0,1.0,1.0,0.2786885245901639,0.2158469945355191,0.2158469945355191,0.18579234972677594,0.18579234972677594,0.2786885245901639,0.2786885245901639,0.2786885245901639,0.4262295081967213,0.47540983606557374,0.5901639344262295,0.6229508196721312,0.2786885245901639
1,Scenario1_I_Video1_Session2 vs Session1,CatBoost,123,61,61,"{'iterations': 1000, 'depth': 4, 'learning_rate': 0.05, 'l2_leaf_reg': 1, 'border_count': 32}",scenario_results_scenarios_2025-11-30_104836_early_stop/catboost_Scenario1_I_Video1_Session2 vs Session1_2025-11-30_104836_seed123_early_stop.pkl,1.0,1.0,1.0,1.0,1.0,1.0,1.0,1.0,1.0,1.0,1.0,1.0,1.0,0.18032786885245902,0.14207650273224043,0.14207650273224043,0.12568306010928962,0.12568306010928962,0.18032786885245902,0.18032786885245902,0.18032786885245902,0.4098360655737705,0.5081967213114754,0.5901639344262295,0.6557377049180327,0.18032786885245902
1,Scenario1_I_Video2_Session1 vs Session2,CatBoost,123,61,61,"{'iterations': 1000, 'depth': 4, 'learning_rate': 0.05, 'l2_leaf_reg': 1, 'border_count': 32}",scenario_results_scenarios_2025-11-30_104836_early_stop/catboost_Scenario1_I_Video2_Session1 vs Session2_2025-11-30_104836_seed123_early_stop.pkl,1.0,1.0,1.0,1.0,1.0,1.0,1.0,1.0,1.0,1.0,1.0,1.0,1.0,0.36065573770491804,0.25792349726775954,0.25792349726775954,0.21775956284153006,0.21775956284153006,0.36065573770491804,0.36065573770491804,0.36065573770491804,0.5409836065573771,0.639344262295082,0.6721311475409836,0.7377049180327869,0.36065573770491804
1,Scenario1_I_Video2_Session2 vs Session1,CatBoost,123,61,61,"{'iterations': 1000, 'depth': 4, 'learning_rate': 0.05, 'l2_leaf_reg': 1, 'border_count': 32}",scenario_results_scenarios_2025-11-30_104836_early_stop/catboost_Scenario1_I_Video2_Session2 vs Session1_2025-11-30_104836_seed123_early_stop.pkl,1.0,1.0,1.0,1.0,1.0,1.0,1.0,1.0,1.0,1.0,1.0,1.0,1.0,0.4098360655737705,0.31639344262295077,0.31639344262295077,0.2792349726775956,0.2792349726775956,0.4098360655737705,0.4098360655737705,0.4098360655737705,0.5573770491803278,0.6229508196721312,0.6721311475409836,0.7377049180327869,0.4098360655737705
1,Scenario1_I_Video3_Session1 vs Session2,CatBoost,123,61,61,"{'iterations': 1000, 'depth': 4, 'learning_rate': 0.05, 'l2_leaf_reg': 1, 'border_count': 32}",scenario_results_scenarios_2025-11-30_104836_early_stop/catboost_Scenario1_I_Video3_Session1 vs Session2_2025-11-30_104836_seed123_early_stop.pkl,1.0,1.0,1.0,1.0,1.0,1.0,1.0,1.0,1.0,1.0,1.0,1.0,1.0,0.3442622950819672,0.23005464480874313,0.23005464480874313,0.18442622950819673,0.18442622950819673,0.3442622950819672,0.3442622950819672,0.3442622950819672,0.5737704918032787,0.6885245901639344,0.7213114754098361,0.8032786885245902,0.3442622950819672
1,Scenario1_I_Video3_Session2 vs Session1,CatBoost,123,61,61,"{'iterations': 1000, 'depth': 4, 'learning_rate': 0.05, 'l2_leaf_reg': 1, 'border_count': 32}",scenario_results_scenarios_2025-11-30_104836_early_stop/catboost_Scenario1_I_Video3_Session2 vs Session1_2025-11-30_104836_seed123_early_stop.pkl,1.0,1.0,1.0,1.0,1.0,1.0,1.0,1.0,1.0,1.0,1.0,1.0,1.0,0.4426229508196721,0.3562841530054645,0.3562841530054645,0.32103825136612024,0.32103825136612024,0.4426229508196721,0.4426229508196721,0.4426229508196721,0.5409836065573771,0.639344262295082,0.7049180327868853,0.7540983606557377,0.4426229508196721
1,Scenario1_T_Video1_Session1 vs Session2,CatBoost,123,61,61,"{'iterations': 1000, 'depth': 4, 'learning_rate': 0.05, 'l2_leaf_reg': 1, 'border_count': 32}",scenario_results_scenarios_2025-11-30_104836_early_stop/catboost_Scenario1_T_Video1_Session1 vs Session2_2025-11-30_104836_seed123_early_stop.pkl,1.0,1.0,1.0,1.0,1.0,1.0,1.0,1.0,1.0,1.0,1.0,1.0,1.0,0.4098360655737705,0.3289617486338798,0.3289617486338798,0.2969945355191257,0.2969945355191257,0.4098360655737705,0.4098360655737705,0.4098360655737705,0.5901639344262295,0.6229508196721312,0.7049180327868853,0.7868852459016393,0.4098360655737705
1,Scenario1_T_Video1_Session2 vs Session1,CatBoost,123,61,61,"{'iterations': 1000, 'depth': 4, 'learning_rate': 0.05, 'l2_leaf_reg': 1, 'border_count': 32}",scenario_results_scenarios_2025-11-30_104836_early_stop/catboost_Scenario1_T_Video1_Session2 vs Session1_2025-11-30_104836_seed123_early_stop.pkl,1.0,1.0,1.0,1.0,1.0,1.0,1.0,1.0,1.0,1.0,1.0,1.0,1.0,0.3770491803278688,0.2907103825136612,0.2907103825136612,0.25546448087431695,0.25546448087431695,0.3770491803278688,0.3770491803278688,0.3770491803278688,0.5245901639344263,0.6065573770491803,0.6557377049180327,0.7049180327868853,0.3770491803278688
1,Scenario1_T_Video2_Session1 vs Session2,CatBoost,123,61,61,"{'iterations': 1000, 'depth': 4, 'learning_rate': 0.05, 'l2_leaf_reg': 1, 'border_count': 32}",scenario_results_scenarios_2025-11-30_104836_early_stop/catboost_Scenario1_T_Video2_Session1 vs Session2_2025-11-30_104836_seed123_early_stop.pkl,1.0,1.0,1.0,1.0,1.0,1.0,1.0,1.0,1.0,1.0,1.0,1.0,1.0,0.22950819672131148,0.17486338797814205,0.17486338797814205,0.15027322404371585,0.15027322404371585,0.22950819672131148,0.22950819672131148,0.22950819672131148,0.4918032786885246,0.5737704918032787,0.639344262295082,0.7377049180327869,0.22950819672131148
1,Scenario1_T_Video2_Session2 vs Session1,CatBoost,123,61,61,"{'iterations': 1000, 'depth': 4, 'learning_rate': 0.05, 'l2_leaf_reg': 1, 'border_count': 32}",scenario_results_scenarios_2025-11-30_104836_early_stop/catboost_Scenario1_T_Video2_Session2 vs Session1_2025-11-30_104836_seed123_early_stop.pkl,1.0,1.0,1.0,1.0,1.0,1.0,1.0,1.0,1.0,1.0,1.0,1.0,1.0,0.3114754098360656,0.26338797814207643,0.26338797814207643,0.24180327868852458,0.24180327868852458,0.3114754098360656,0.3114754098360656,0.3114754098360656,0.4426229508196721,0.5901639344262295,0.7049180327868853,0.7377049180327869,0.3114754098360656
1,Scenario1_T_Video3_Session1 vs Session2,CatBoost,123,61,61,"{'iterations': 1000, 'depth': 4, 'learning_rate': 0.05, 'l2_leaf_reg': 1, 'border_count': 32}",scenario_results_scenarios_2025-11-30_104836_early_stop/catboost_Scenario1_T_Video3_Session1 vs Session2_2025-11-30_104836_seed123_early_stop.pkl,1.0,1.0,1.0,1.0,1.0,1.0,1.0,1.0,1.0,1.0,1.0,1.0,1.0,0.29508196721311475,0.23060109289617486,0.23060109289617486,0.2062841530054645,0.2062841530054645,0.29508196721311475,0.29508196721311475,0.29508196721311475,0.3770491803278688,0.4918032786885246,0.5573770491803278,0.639344262295082,0.29508196721311475
1,Scenario1_T_Video3_Session2 vs Session1,CatBoost,123,61,61,"{'iterations': 1000, 'depth': 4, 'learning_rate': 0.05, 'l2_leaf_reg': 1, 'border_count': 32}",scenario_results_scenarios_2025-11-30_104836_early_stop/catboost_Scenario1_T_Video3_Session2 vs Session1_2025-11-30_104836_seed123_early_stop.pkl,1.0,1.0,1.0,1.0,1.0,1.0,1.0,1.0,1.0,1.0,1.0,1.0,1.0,0.2786885245901639,0.2240437158469945,0.2240437158469945,0.19945355191256833,0.19945355191256833,0.2786885245901639,0.2786885245901639,0.2786885245901639,0.3442622950819672,0.5409836065573771,0.6229508196721312,0.6557377049180327,0.2786885245901639
1,Scenario1_F_Video1_Session1 vs Session2,SVM,123,61,61,"{'decision_function_shape': 'ovo', 'C': 0.1, 'kernel': 'rbf', 'gamma': 'scale'}",scenario_results_scenarios_2025-11-30_104836_early_stop/svm_Scenario1_F_Video1_Session1 vs Session2_2025-11-30_104836_seed123_early_stop.pkl,1.0,1.0,1.0,1.0,1.0,1.0,1.0,0.0,0.0,0.0,0.0,0.0,0.0,0.11475409836065574,0.07650273224043715,0.07650273224043715,0.0633879781420765,0.0633879781420765,0.11475409836065574,0.11475409836065574,0.01639344262295082,0.03278688524590164,0.03278688524590164,0.03278688524590164,0.03278688524590164,0.01639344262295082
1,Scenario1_F_Video1_Session2 vs Session1,SVM,123,61,61,"{'decision_function_shape': 'ovo', 'C': 0.1, 'kernel': 'rbf', 'gamma': 'scale'}",scenario_results_scenarios_2025-11-30_104836_early_stop/svm_Scenario1_F_Video1_Session2 vs Session1_2025-11-30_104836_seed123_early_stop.pkl,1.0,1.0,1.0,1.0,1.0,1.0,1.0,0.0,0.0,0.0,0.0,0.0,0.0,0.18032786885245902,0.14863387978142076,0.14863387978142076,0.13797814207650272,0.13797814207650272,0.18032786885245902,0.18032786885245902,0.01639344262295082,0.03278688524590164,0.04918032786885246,0.06557377049180328,0.06557377049180328,0.01639344262295082
1,Scenario1_F_Video2_Session1 vs Session2,SVM,123,61,61,"{'decision_function_shape': 'ovo', 'C': 0.1, 'kernel': 'rbf', 'gamma': 'scale'}",scenario_results_scenarios_2025-11-30_104836_early_stop/svm_Scenario1_F_Video2_Session1 vs Session2_2025-11-30_104836_seed123_early_stop.pkl,1.0,1.0,1.0,1.0,1.0,1.0,1.0,0.0,0.0,0.0,0.0,0.0,0.0,0.11475409836065574,0.07049180327868852,0.07049180327868852,0.05792349726775956,0.05792349726775956,0.11475409836065574,0.11475409836065574,0.0,0.0,0.0,0.0,0.0,0.0
1,Scenario1_F_Video2_Session2 vs Session1,SVM,123,61,61,"{'decision_function_shape': 'ovo', 'C': 0.1, 'kernel': 'rbf', 'gamma': 'scale'}",scenario_results_scenarios_2025-11-30_104836_early_stop/svm_Scenario1_F_Video2_Session2 vs Session1_2025-11-30_104836_seed123_early_stop.pkl,1.0,1.0,1.0,1.0,1.0,1.0,1.0,0.0,0.0,0.0,0.0,0.0,0.0,0.13114754098360656,0.11202185792349727,0.11202185792349727,0.10382513661202185,0.10382513661202185,0.13114754098360656,0.13114754098360656,0.0,0.01639344262295082,0.01639344262295082,0.01639344262295082,0.01639344262295082,0.0
1,Scenario1_F_Video3_Session1 vs Session2,SVM,123,61,61,"{'decision_function_shape': 'ovo', 'C': 0.1, 'kernel': 'rbf', 'gamma': 'scale'}",scenario_results_scenarios_2025-11-30_104836_early_stop/svm_Scenario1_F_Video3_Session1 vs Session2_2025-11-30_104836_seed123_early_stop.pkl,1.0,1.0,1.0,1.0,1.0,1.0,1.0,0.0,0.0,0.0,0.0,0.0,0.0,0.18032786885245902,0.1284153005464481,0.1284153005464481,0.11311475409836066,0.11311475409836066,0.18032786885245902,0.18032786885245902,0.0,0.0,0.0,0.01639344262295082,0.01639344262295082,0.0
1,Scenario1_F_Video3_Session2 vs Session1,SVM,123,61,61,"{'decision_function_shape': 'ovo', 'C': 0.1, 'kernel': 'rbf', 'gamma': 'scale'}",scenario_results_scenarios_2025-11-30_104836_early_stop/svm_Scenario1_F_Video3_Session2 vs Session1_2025-11-30_104836_seed123_early_stop.pkl,1.0,1.0,1.0,1.0,1.0,1.0,1.0,0.0,0.0,0.0,0.0,0.0,0.0,0.16393442622950818,0.11420765027322406,0.11420765027322406,0.09562841530054644,0.09562841530054644,0.16393442622950818,0.16393442622950818,0.0,0.0,0.0,0.0,0.0,0.0
1,Scenario1_I_Video1_Session1 vs Session2,SVM,123,61,61,"{'decision_function_shape': 'ovo', 'C': 0.1, 'kernel': 'rbf', 'gamma': 'scale'}",scenario_results_scenarios_2025-11-30_104836_early_stop/svm_Scenario1_I_Video1_Session1 vs Session2_2025-11-30_104836_seed123_early_stop.pkl,1.0,1.0,1.0,1.0,1.0,1.0,1.0,0.0,0.0,0.0,0.0,0.0,0.0,0.26229508196721313,0.19867291178766588,0.19867291178766588,0.17814207650273228,0.17814207650273228,0.26229508196721313,0.26229508196721313,0.01639344262295082,0.03278688524590164,0.03278688524590164,0.04918032786885246,0.04918032786885246,0.01639344262295082
1,Scenario1_I_Video1_Session2 vs Session1,SVM,123,61,61,"{'decision_function_shape': 'ovo', 'C': 0.1, 'kernel': 'rbf', 'gamma': 'scale'}",scenario_results_scenarios_2025-11-30_104836_early_stop/svm_Scenario1_I_Video1_Session2 vs Session1_2025-11-30_104836_seed123_early_stop.pkl,1.0,1.0,1.0,1.0,1.0,1.0,1.0,0.0,0.0,0.0,0.0,0.0,0.0,0.21311475409836064,0.16666666666666666,0.16666666666666666,0.14754098360655737,0.14754098360655737,0.21311475409836064,0.21311475409836064,0.0,0.01639344262295082,0.01639344262295082,0.01639344262295082,0.01639344262295082,0.0
1,Scenario1_I_Video2_Session1 vs Session2,SVM,123,61,61,"{'decision_function_shape': 'ovo', 'C': 0.1, 'kernel': 'rbf', 'gamma': 'scale'}",scenario_results_scenarios_2025-11-30_104836_early_stop/svm_Scenario1_I_Video2_Session1 vs Session2_2025-11-30_104836_seed123_early_stop.pkl,1.0,1.0,1.0,1.0,1.0,1.0,1.0,0.0,0.0,0.0,0.0,0.0,0.0,0.16393442622950818,0.1098360655737705,0.1098360655737705,0.09153005464480873,0.09153005464480873,0.16393442622950818,0.16393442622950818,0.0,0.0,0.0,0.0,0.0,0.0
1,Scenario1_I_Video2_Session2 vs Session1,SVM,123,61,61,"{'decision_function_shape': 'ovo', 'C': 0.1, 'kernel': 'rbf', 'gamma': 'scale'}",scenario_results_scenarios_2025-11-30_104836_early_stop/svm_Scenario1_I_Video2_Session2 vs Session1_2025-11-30_104836_seed123_early_stop.pkl,1.0,1.0,1.0,1.0,1.0,1.0,1.0,0.0,0.0,0.0,0.0,0.0,0.0,0.14754098360655737,0.08415300546448087,0.08415300546448087,0.0633879781420765,0.0633879781420765,0.14754098360655737,0.14754098360655737,0.0,0.0,0.0,0.0,0.0,0.0
1,Scenario1_I_Video3_Session1 vs Session2,SVM,123,61,61,"{'decision_function_shape': 'ovo', 'C': 0.1, 'kernel': 'rbf', 'gamma': 'scale'}",scenario_results_scenarios_2025-11-30_104836_early_stop/svm_Scenario1_I_Video3_Session1 vs Session2_2025-11-30_104836_seed123_early_stop.pkl,1.0,1.0,1.0,1.0,1.0,1.0,1.0,0.0,0.0,0.0,0.0,0.0,0.0,0.2459016393442623,0.18306010928961747,0.18306010928961747,0.1557377049180328,0.1557377049180328,0.2459016393442623,0.2459016393442623,0.01639344262295082,0.01639344262295082,0.01639344262295082,0.01639344262295082,0.01639344262295082,0.01639344262295082
1,Scenario1_I_Video3_Session2 vs Session1,SVM,123,61,61,"{'decision_function_shape': 'ovo', 'C': 0.1, 'kernel': 'rbf', 'gamma': 'scale'}",scenario_results_scenarios_2025-11-30_104836_early_stop/svm_Scenario1_I_Video3_Session2 vs Session1_2025-11-30_104836_seed123_early_stop.pkl,1.0,1.0,1.0,1.0,1.0,1.0,1.0,0.0,0.0,0.0,0.0,0.0,0.0,0.16393442622950818,0.1150663544106167,0.1150663544106167,0.09699453551912568,0.09699453551912568,0.16393442622950818,0.16393442622950818,0.0,0.01639344262295082,0.01639344262295082,0.01639344262295082,0.01639344262295082,0.0
1,Scenario1_T_Video1_Session1 vs Session2,SVM,123,61,61,"{'decision_function_shape': 'ovo', 'C': 0.1, 'kernel': 'rbf', 'gamma': 'scale'}",scenario_results_scenarios_2025-11-30_104836_early_stop/svm_Scenario1_T_Video1_Session1 vs Session2_2025-11-30_104836_seed123_early_stop.pkl,1.0,1.0,1.0,1.0,1.0,1.0,1.0,0.0,0.0,0.0,0.0,0.0,0.0,0.14754098360655737,0.11038251366120219,0.11038251366120219,0.09699453551912568,0.09699453551912568,0.14754098360655737,0.14754098360655737,0.0,0.0,0.0,0.0,0.0,0.0
1,Scenario1_T_Video1_Session2 vs Session1,SVM,123,61,61,"{'decision_function_shape': 'ovo', 'C': 0.1, 'kernel': 'rbf', 'gamma': 'scale'}",scenario_results_scenarios_2025-11-30_104836_early_stop/svm_Scenario1_T_Video1_Session2 vs Session1_2025-11-30_104836_seed123_early_stop.pkl,1.0,1.0,1.0,1.0,1.0,1.0,1.0,0.0,0.0,0.0,0.0,0.0,0.0,0.18032786885245902,0.13606557377049178,0.13606557377049178,0.12021857923497267,0.12021857923497267,0.18032786885245902,0.18032786885245902,0.0,0.0,0.01639344262295082,0.01639344262295082,0.01639344262295082,0.0
1,Scenario1_T_Video2_Session1 vs Session2,SVM,123,61,61,"{'decision_function_shape': 'ovo', 'C': 0.1, 'kernel': 'rbf', 'gamma': 'scale'}",scenario_results_scenarios_2025-11-30_104836_early_stop/svm_Scenario1_T_Video2_Session1 vs Session2_2025-11-30_104836_seed123_early_stop.pkl,1.0,1.0,1.0,1.0,1.0,1.0,1.0,0.0,0.0,0.0,0.0,0.0,0.0,0.19672131147540983,0.13661202185792348,0.13661202185792348,0.11530054644808742,0.11530054644808742,0.19672131147540983,0.19672131147540983,0.01639344262295082,0.01639344262295082,0.03278688524590164,0.03278688524590164,0.03278688524590164,0.01639344262295082
1,Scenario1_T_Video2_Session2 vs Session1,SVM,123,61,61,"{'decision_function_shape': 'ovo', 'C': 0.1, 'kernel': 'rbf', 'gamma': 'scale'}",scenario_results_scenarios_2025-11-30_104836_early_stop/svm_Scenario1_T_Video2_Session2 vs Session1_2025-11-30_104836_seed123_early_stop.pkl,1.0,1.0,1.0,1.0,1.0,1.0,1.0,0.0,0.0,0.0,0.0,0.0,0.0,0.21311475409836064,0.1431693989071038,0.1431693989071038,0.11612021857923495,0.11612021857923495,0.21311475409836064,0.21311475409836064,0.01639344262295082,0.01639344262295082,0.01639344262295082,0.01639344262295082,0.01639344262295082,0.01639344262295082
1,Scenario1_T_Video3_Session1 vs Session2,SVM,123,61,61,"{'decision_function_shape': 'ovo', 'C': 0.1, 'kernel': 'rbf', 'gamma': 'scale'}",scenario_results_scenarios_2025-11-30_104836_early_stop/svm_Scenario1_T_Video3_Session1 vs Session2_2025-11-30_104836_seed123_early_stop.pkl,1.0,1.0,1.0,1.0,1.0,1.0,1.0,0.0,0.0,0.0,0.0,0.0,0.0,0.16393442622950818,0.10601092896174863,0.10601092896174863,0.08469945355191257,0.08469945355191257,0.16393442622950818,0.16393442622950818,0.01639344262295082,0.03278688524590164,0.03278688524590164,0.04918032786885246,0.04918032786885246,0.01639344262295082
1,Scenario1_T_Video3_Session2 vs Session1,SVM,123,61,61,"{'decision_function_shape': 'ovo', 'C': 0.1, 'kernel': 'rbf', 'gamma': 'scale'}",scenario_results_scenarios_2025-11-30_104836_early_stop/svm_Scenario1_T_Video3_Session2 vs Session1_2025-11-30_104836_seed123_early_stop.pkl,1.0,1.0,1.0,1.0,1.0,1.0,1.0,0.0,0.0,0.0,0.0,0.0,0.0,0.18032786885245902,0.11779859484777518,0.11779859484777518,0.09699453551912568,0.09699453551912568,0.18032786885245902,0.18032786885245902,0.01639344262295082,0.01639344262295082,0.03278688524590164,0.03278688524590164,0.03278688524590164,0.01639344262295082
1,Scenario1_F_Video1_Session1 vs Session2,MLP,123,61,61,"{'hidden_layer_sizes': [50], 'activation': 'relu', 'solver': 'adam', 'alpha': 0.0001, 'learning_rate': 'constant', 'batch_size': 36, 'learning_rate_init': 0.001, 'max_iter': 2000, 'early_stopping': True}",scenario_results_scenarios_2025-11-30_104836_early_stop/mlp_Scenario1_F_Video1_Session1 vs Session2_2025-11-30_104836_seed123_early_stop.pkl,0.01639344262295082,0.0005288207297726071,0.0005288207297726071,0.0002687449610319807,0.0002687449610319807,0.01639344262295082,0.01639344262295082,0.01639344262295082,0.03278688524590164,0.04918032786885246,0.06557377049180328,0.08196721311475409,0.01639344262295082,0.01639344262295082,0.0005288207297726071,0.0005288207297726071,0.0002687449610319807,0.0002687449610319807,0.01639344262295082,0.01639344262295082,0.01639344262295082,0.03278688524590164,0.04918032786885246,0.06557377049180328,0.08196721311475409,0.01639344262295082
1,Scenario1_F_Video1_Session2 vs Session1,MLP,123,61,61,"{'hidden_layer_sizes': [50], 'activation': 'relu', 'solver': 'adam', 'alpha': 0.0001, 'learning_rate': 'constant', 'batch_size': 36, 'learning_rate_init': 0.001, 'max_iter': 2000, 'early_stopping': True}",scenario_results_scenarios_2025-11-30_104836_early_stop/mlp_Scenario1_F_Video1_Session2 vs Session1_2025-11-30_104836_seed123_early_stop.pkl,0.01639344262295082,0.0005288207297726071,0.0005288207297726071,0.0002687449610319807,0.0002687449610319807,0.01639344262295082,0.01639344262295082,0.01639344262295082,0.03278688524590164,0.04918032786885246,0.06557377049180328,0.08196721311475409,0.01639344262295082,0.01639344262295082,0.0005288207297726071,0.0005288207297726071,0.0002687449610319807,0.0002687449610319807,0.01639344262295082,0.01639344262295082,0.01639344262295082,0.03278688524590164,0.04918032786885246,0.06557377049180328,0.08196721311475409,0.01639344262295082
1,Scenario1_F_Video2_Session1 vs Session2,MLP,123,61,61,"{'hidden_layer_sizes': [50], 'activation': 'relu', 'solver': 'adam', 'alpha': 0.0001, 'learning_rate': 'constant', 'batch_size': 36, 'learning_rate_init': 0.001, 'max_iter': 2000, 'early_stopping': True}",scenario_results_scenarios_2025-11-30_104836_early_stop/mlp_Scenario1_F_Video2_Session1 vs Session2_2025-11-30_104836_seed123_early_stop.pkl,0.01639344262295082,0.0005288207297726071,0.0005288207297726071,0.0002687449610319807,0.0002687449610319807,0.01639344262295082,0.01639344262295082,0.01639344262295082,0.03278688524590164,0.04918032786885246,0.06557377049180328,0.08196721311475409,0.01639344262295082,0.01639344262295082,0.0005288207297726071,0.0005288207297726071,0.0002687449610319807,0.0002687449610319807,0.01639344262295082,0.01639344262295082,0.01639344262295082,0.03278688524590164,0.04918032786885246,0.06557377049180328,0.08196721311475409,0.01639344262295082
1,Scenario1_F_Video2_Session2 vs Session1,MLP,123,61,61,"{'hidden_layer_sizes': [50], 'activation': 'relu', 'solver': 'adam', 'alpha': 0.0001, 'learning_rate': 'constant', 'batch_size': 36, 'learning_rate_init': 0.001, 'max_iter': 2000, 'early_stopping': True}",scenario_results_scenarios_2025-11-30_104836_early_stop/mlp_Scenario1_F_Video2_Session2 vs Session1_2025-11-30_104836_seed123_early_stop.pkl,0.01639344262295082,0.0005288207297726071,0.0005288207297726071,0.0002687449610319807,0.0002687449610319807,0.01639344262295082,0.01639344262295082,0.01639344262295082,0.03278688524590164,0.04918032786885246,0.06557377049180328,0.08196721311475409,0.01639344262295082,0.01639344262295082,0.0005288207297726071,0.0005288207297726071,0.0002687449610319807,0.0002687449610319807,0.01639344262295082,0.01639344262295082,0.01639344262295082,0.03278688524590164,0.04918032786885246,0.06557377049180328,0.08196721311475409,0.01639344262295082
1,Scenario1_F_Video3_Session1 vs Session2,MLP,123,61,61,"{'hidden_layer_sizes': [50], 'activation': 'relu', 'solver': 'adam', 'alpha': 0.0001, 'learning_rate': 'constant', 'batch_size': 36, 'learning_rate_init': 0.001, 'max_iter': 2000, 'early_stopping': True}",scenario_results_scenarios_2025-11-30_104836_early_stop/mlp_Scenario1_F_Video3_Session1 vs Session2_2025-11-30_104836_seed123_early_stop.pkl,0.01639344262295082,0.0005288207297726071,0.0005288207297726071,0.0002687449610319807,0.0002687449610319807,0.01639344262295082,0.01639344262295082,0.01639344262295082,0.03278688524590164,0.04918032786885246,0.06557377049180328,0.08196721311475409,0.01639344262295082,0.01639344262295082,0.0005288207297726071,0.0005288207297726071,0.0002687449610319807,0.0002687449610319807,0.01639344262295082,0.01639344262295082,0.01639344262295082,0.03278688524590164,0.04918032786885246,0.06557377049180328,0.08196721311475409,0.01639344262295082
1,Scenario1_F_Video3_Session2 vs Session1,MLP,123,61,61,"{'hidden_layer_sizes': [50], 'activation': 'relu', 'solver': 'adam', 'alpha': 0.0001, 'learning_rate': 'constant', 'batch_size': 36, 'learning_rate_init': 0.001, 'max_iter': 2000, 'early_stopping': True}",scenario_results_scenarios_2025-11-30_104836_early_stop/mlp_Scenario1_F_Video3_Session2 vs Session1_2025-11-30_104836_seed123_early_stop.pkl,0.01639344262295082,0.0005288207297726071,0.0005288207297726071,0.0002687449610319807,0.0002687449610319807,0.01639344262295082,0.01639344262295082,0.01639344262295082,0.03278688524590164,0.04918032786885246,0.06557377049180328,0.08196721311475409,0.01639344262295082,0.01639344262295082,0.0005288207297726071,0.0005288207297726071,0.0002687449610319807,0.0002687449610319807,0.01639344262295082,0.01639344262295082,0.01639344262295082,0.03278688524590164,0.04918032786885246,0.06557377049180328,0.08196721311475409,0.01639344262295082
1,Scenario1_I_Video1_Session1 vs Session2,MLP,123,61,61,"{'hidden_layer_sizes': [50], 'activation': 'relu', 'solver': 'adam', 'alpha': 0.0001, 'learning_rate': 'constant', 'batch_size': 36, 'learning_rate_init': 0.001, 'max_iter': 2000, 'early_stopping': True}",scenario_results_scenarios_2025-11-30_104836_early_stop/mlp_Scenario1_I_Video1_Session1 vs Session2_2025-11-30_104836_seed123_early_stop.pkl,0.01639344262295082,0.0005288207297726071,0.0005288207297726071,0.0002687449610319807,0.0002687449610319807,0.01639344262295082,0.01639344262295082,0.01639344262295082,0.03278688524590164,0.04918032786885246,0.06557377049180328,0.08196721311475409,0.01639344262295082,0.01639344262295082,0.0005288207297726071,0.0005288207297726071,0.0002687449610319807,0.0002687449610319807,0.01639344262295082,0.01639344262295082,0.01639344262295082,0.03278688524590164,0.04918032786885246,0.06557377049180328,0.08196721311475409,0.01639344262295082
1,Scenario1_I_Video1_Session2 vs Session1,MLP,123,61,61,"{'hidden_layer_sizes': [50], 'activation': 'relu', 'solver': 'adam', 'alpha': 0.0001, 'learning_rate': 'constant', 'batch_size': 36, 'learning_rate_init': 0.001, 'max_iter': 2000, 'early_stopping': True}",scenario_results_scenarios_2025-11-30_104836_early_stop/mlp_Scenario1_I_Video1_Session2 vs Session1_2025-11-30_104836_seed123_early_stop.pkl,0.01639344262295082,0.0005288207297726071,0.0005288207297726071,0.0002687449610319807,0.0002687449610319807,0.01639344262295082,0.01639344262295082,0.01639344262295082,0.03278688524590164,0.04918032786885246,0.06557377049180328,0.08196721311475409,0.01639344262295082,0.01639344262295082,0.0005288207297726071,0.0005288207297726071,0.0002687449610319807,0.0002687449610319807,0.01639344262295082,0.01639344262295082,0.01639344262295082,0.03278688524590164,0.04918032786885246,0.06557377049180328,0.08196721311475409,0.01639344262295082
1,Scenario1_I_Video2_Session1 vs Session2,MLP,123,61,61,"{'hidden_layer_sizes': [50], 'activation': 'relu', 'solver': 'adam', 'alpha': 0.0001, 'learning_rate': 'constant', 'batch_size': 36, 'learning_rate_init': 0.001, 'max_iter': 2000, 'early_stopping': True}",scenario_results_scenarios_2025-11-30_104836_early_stop/mlp_Scenario1_I_Video2_Session1 vs Session2_2025-11-30_104836_seed123_early_stop.pkl,0.01639344262295082,0.0005288207297726071,0.0005288207297726071,0.0002687449610319807,0.0002687449610319807,0.01639344262295082,0.01639344262295082,0.01639344262295082,0.03278688524590164,0.04918032786885246,0.06557377049180328,0.08196721311475409,0.01639344262295082,0.01639344262295082,0.0005288207297726071,0.0005288207297726071,0.0002687449610319807,0.0002687449610319807,0.01639344262295082,0.01639344262295082,0.01639344262295082,0.03278688524590164,0.04918032786885246,0.06557377049180328,0.08196721311475409,0.01639344262295082
1,Scenario1_I_Video2_Session2 vs Session1,MLP,123,61,61,"{'hidden_layer_sizes': [50], 'activation': 'relu', 'solver': 'adam', 'alpha': 0.0001, 'learning_rate': 'constant', 'batch_size': 36, 'learning_rate_init': 0.001, 'max_iter': 2000, 'early_stopping': True}",scenario_results_scenarios_2025-11-30_104836_early_stop/mlp_Scenario1_I_Video2_Session2 vs Session1_2025-11-30_104836_seed123_early_stop.pkl,0.01639344262295082,0.0005288207297726071,0.0005288207297726071,0.0002687449610319807,0.0002687449610319807,0.01639344262295082,0.01639344262295082,0.01639344262295082,0.03278688524590164,0.04918032786885246,0.06557377049180328,0.08196721311475409,0.01639344262295082,0.01639344262295082,0.0005288207297726071,0.0005288207297726071,0.0002687449610319807,0.0002687449610319807,0.01639344262295082,0.01639344262295082,0.01639344262295082,0.03278688524590164,0.04918032786885246,0.06557377049180328,0.08196721311475409,0.01639344262295082
1,Scenario1_I_Video3_Session1 vs Session2,MLP,123,61,61,"{'hidden_layer_sizes': [50], 'activation': 'relu', 'solver': 'adam', 'alpha': 0.0001, 'learning_rate': 'constant', 'batch_size': 36, 'learning_rate_init': 0.001, 'max_iter': 2000, 'early_stopping': True}",scenario_results_scenarios_2025-11-30_104836_early_stop/mlp_Scenario1_I_Video3_Session1 vs Session2_2025-11-30_104836_seed123_early_stop.pkl,0.01639344262295082,0.0005288207297726071,0.0005288207297726071,0.0002687449610319807,0.0002687449610319807,0.01639344262295082,0.01639344262295082,0.01639344262295082,0.03278688524590164,0.04918032786885246,0.06557377049180328,0.08196721311475409,0.01639344262295082,0.01639344262295082,0.0005288207297726071,0.0005288207297726071,0.0002687449610319807,0.0002687449610319807,0.01639344262295082,0.01639344262295082,0.01639344262295082,0.03278688524590164,0.04918032786885246,0.06557377049180328,0.08196721311475409,0.01639344262295082
1,Scenario1_I_Video3_Session2 vs Session1,MLP,123,61,61,"{'hidden_layer_sizes': [50], 'activation': 'relu', 'solver': 'adam', 'alpha': 0.0001, 'learning_rate': 'constant', 'batch_size': 36, 'learning_rate_init': 0.001, 'max_iter': 2000, 'early_stopping': True}",scenario_results_scenarios_2025-11-30_104836_early_stop/mlp_Scenario1_I_Video3_Session2 vs Session1_2025-11-30_104836_seed123_early_stop.pkl,0.01639344262295082,0.0005288207297726071,0.0005288207297726071,0.0002687449610319807,0.0002687449610319807,0.01639344262295082,0.01639344262295082,0.01639344262295082,0.03278688524590164,0.04918032786885246,0.06557377049180328,0.08196721311475409,0.01639344262295082,0.01639344262295082,0.0005288207297726071,0.0005288207297726071,0.0002687449610319807,0.0002687449610319807,0.01639344262295082,0.01639344262295082,0.01639344262295082,0.03278688524590164,0.04918032786885246,0.06557377049180328,0.08196721311475409,0.01639344262295082
1,Scenario1_T_Video1_Session1 vs Session2,MLP,123,61,61,"{'hidden_layer_sizes': [50], 'activation': 'relu', 'solver': 'adam', 'alpha': 0.0001, 'learning_rate': 'constant', 'batch_size': 36, 'learning_rate_init': 0.001, 'max_iter': 2000, 'early_stopping': True}",scenario_results_scenarios_2025-11-30_104836_early_stop/mlp_Scenario1_T_Video1_Session1 vs Session2_2025-11-30_104836_seed123_early_stop.pkl,0.01639344262295082,0.0005288207297726071,0.0005288207297726071,0.0002687449610319807,0.0002687449610319807,0.01639344262295082,0.01639344262295082,0.01639344262295082,0.03278688524590164,0.04918032786885246,0.06557377049180328,0.08196721311475409,0.01639344262295082,0.01639344262295082,0.0005288207297726071,0.0005288207297726071,0.0002687449610319807,0.0002687449610319807,0.01639344262295082,0.01639344262295082,0.01639344262295082,0.03278688524590164,0.04918032786885246,0.06557377049180328,0.08196721311475409,0.01639344262295082
1,Scenario1_T_Video1_Session2 vs Session1,MLP,123,61,61,"{'hidden_layer_sizes': [50], 'activation': 'relu', 'solver': 'adam', 'alpha': 0.0001, 'learning_rate': 'constant', 'batch_size': 36, 'learning_rate_init': 0.001, 'max_iter': 2000, 'early_stopping': True}",scenario_results_scenarios_2025-11-30_104836_early_stop/mlp_Scenario1_T_Video1_Session2 vs Session1_2025-11-30_104836_seed123_early_stop.pkl,0.01639344262295082,0.0005288207297726071,0.0005288207297726071,0.0002687449610319807,0.0002687449610319807,0.01639344262295082,0.01639344262295082,0.01639344262295082,0.03278688524590164,0.04918032786885246,0.06557377049180328,0.08196721311475409,0.01639344262295082,0.01639344262295082,0.0005288207297726071,0.0005288207297726071,0.0002687449610319807,0.0002687449610319807,0.01639344262295082,0.01639344262295082,0.01639344262295082,0.03278688524590164,0.04918032786885246,0.06557377049180328,0.08196721311475409,0.01639344262295082
1,Scenario1_T_Video2_Session1 vs Session2,MLP,123,61,61,"{'hidden_layer_sizes': [50], 'activation': 'relu', 'solver': 'adam', 'alpha': 0.0001, 'learning_rate': 'constant', 'batch_size': 36, 'learning_rate_init': 0.001, 'max_iter': 2000, 'early_stopping': True}",scenario_results_scenarios_2025-11-30_104836_early_stop/mlp_Scenario1_T_Video2_Session1 vs Session2_2025-11-30_104836_seed123_early_stop.pkl,0.01639344262295082,0.0005288207297726071,0.0005288207297726071,0.0002687449610319807,0.0002687449610319807,0.01639344262295082,0.01639344262295082,0.01639344262295082,0.03278688524590164,0.04918032786885246,0.06557377049180328,0.08196721311475409,0.01639344262295082,0.01639344262295082,0.0005288207297726071,0.0005288207297726071,0.0002687449610319807,0.0002687449610319807,0.01639344262295082,0.01639344262295082,0.01639344262295082,0.03278688524590164,0.04918032786885246,0.06557377049180328,0.08196721311475409,0.01639344262295082
1,Scenario1_T_Video2_Session2 vs Session1,MLP,123,61,61,"{'hidden_layer_sizes': [50], 'activation': 'relu', 'solver': 'adam', 'alpha': 0.0001, 'learning_rate': 'constant', 'batch_size': 36, 'learning_rate_init': 0.001, 'max_iter': 2000, 'early_stopping': True}",scenario_results_scenarios_2025-11-30_104836_early_stop/mlp_Scenario1_T_Video2_Session2 vs Session1_2025-11-30_104836_seed123_early_stop.pkl,0.01639344262295082,0.0005288207297726071,0.0005288207297726071,0.0002687449610319807,0.0002687449610319807,0.01639344262295082,0.01639344262295082,0.01639344262295082,0.03278688524590164,0.04918032786885246,0.06557377049180328,0.08196721311475409,0.01639344262295082,0.01639344262295082,0.0005288207297726071,0.0005288207297726071,0.0002687449610319807,0.0002687449610319807,0.01639344262295082,0.01639344262295082,0.01639344262295082,0.03278688524590164,0.04918032786885246,0.06557377049180328,0.08196721311475409,0.01639344262295082
1,Scenario1_T_Video3_Session1 vs Session2,MLP,123,61,61,"{'hidden_layer_sizes': [50], 'activation': 'relu', 'solver': 'adam', 'alpha': 0.0001, 'learning_rate': 'constant', 'batch_size': 36, 'learning_rate_init': 0.001, 'max_iter': 2000, 'early_stopping': True}",scenario_results_scenarios_2025-11-30_104836_early_stop/mlp_Scenario1_T_Video3_Session1 vs Session2_2025-11-30_104836_seed123_early_stop.pkl,0.01639344262295082,0.0005288207297726071,0.0005288207297726071,0.0002687449610319807,0.0002687449610319807,0.01639344262295082,0.01639344262295082,0.01639344262295082,0.03278688524590164,0.04918032786885246,0.06557377049180328,0.08196721311475409,0.01639344262295082,0.01639344262295082,0.0005288207297726071,0.0005288207297726071,0.0002687449610319807,0.0002687449610319807,0.01639344262295082,0.01639344262295082,0.01639344262295082,0.03278688524590164,0.04918032786885246,0.06557377049180328,0.08196721311475409,0.01639344262295082
1,Scenario1_T_Video3_Session2 vs Session1,MLP,123,61,61,"{'hidden_layer_sizes': [50], 'activation': 'relu', 'solver': 'adam', 'alpha': 0.0001, 'learning_rate': 'constant', 'batch_size': 36, 'learning_rate_init': 0.001, 'max_iter': 2000, 'early_stopping': True}",scenario_results_scenarios_2025-11-30_104836_early_stop/mlp_Scenario1_T_Video3_Session2 vs Session1_2025-11-30_104836_seed123_early_stop.pkl,0.01639344262295082,0.0005288207297726071,0.0005288207297726071,0.0002687449610319807,0.0002687449610319807,0.01639344262295082,0.01639344262295082,0.01639344262295082,0.03278688524590164,0.04918032786885246,0.06557377049180328,0.08196721311475409,0.01639344262295082,0.01639344262295082,0.0005288207297726071,0.0005288207297726071,0.0002687449610319807,0.0002687449610319807,0.01639344262295082,0.01639344262295082,0.01639344262295082,0.03278688524590164,0.04918032786885246,0.06557377049180328,0.08196721311475409,0.01639344262295082
1,Scenario1_F_Video1_Session1 vs Session2,NaiveBayes,123,61,61,"{'priors': None, 'var_smoothing': 1e-09}",scenario_results_scenarios_2025-11-30_104836_early_stop/naivebayes_Scenario1_F_Video1_Session1 vs Session2_2025-11-30_104836_seed123_early_stop.pkl,1.0,1.0,1.0,1.0,1.0,1.0,1.0,1.0,1.0,1.0,1.0,1.0,1.0,0.11475409836065574,0.07650273224043715,0.07650273224043715,0.0633879781420765,0.0633879781420765,0.11475409836065574,0.11475409836065574,0.11475409836065574,0.13114754098360656,0.14754098360655737,0.16393442622950818,0.16393442622950818,0.11475409836065574
1,Scenario1_F_Video1_Session2 vs Session1,NaiveBayes,123,61,61,"{'priors': None, 'var_smoothing': 1e-09}",scenario_results_scenarios_2025-11-30_104836_early_stop/naivebayes_Scenario1_F_Video1_Session2 vs Session1_2025-11-30_104836_seed123_early_stop.pkl,1.0,1.0,1.0,1.0,1.0,1.0,1.0,1.0,1.0,1.0,1.0,1.0,1.0,0.18032786885245902,0.14863387978142076,0.14863387978142076,0.13797814207650272,0.13797814207650272,0.18032786885245902,0.18032786885245902,0.18032786885245902,0.18032786885245902,0.18032786885245902,0.19672131147540983,0.21311475409836064,0.18032786885245902
1,Scenario1_F_Video2_Session1 vs Session2,NaiveBayes,123,61,61,"{'priors': None, 'var_smoothing': 1e-09}",scenario_results_scenarios_2025-11-30_104836_early_stop/naivebayes_Scenario1_F_Video2_Session1 vs Session2_2025-11-30_104836_seed123_early_stop.pkl,1.0,1.0,1.0,1.0,1.0,1.0,1.0,1.0,1.0,1.0,1.0,1.0,1.0,0.11475409836065574,0.07049180327868852,0.07049180327868852,0.05792349726775956,0.05792349726775956,0.11475409836065574,0.11475409836065574,0.11475409836065574,0.13114754098360656,0.14754098360655737,0.16393442622950818,0.18032786885245902,0.11475409836065574
1,Scenario1_F_Video2_Session2 vs Session1,NaiveBayes,123,61,61,"{'priors': None, 'var_smoothing': 1e-09}",scenario_results_scenarios_2025-11-30_104836_early_stop/naivebayes_Scenario1_F_Video2_Session2 vs Session1_2025-11-30_104836_seed123_early_stop.pkl,1.0,1.0,1.0,1.0,1.0,1.0,1.0,1.0,1.0,1.0,1.0,1.0,1.0,0.13114754098360656,0.11202185792349727,0.11202185792349727,0.10382513661202185,0.10382513661202185,0.13114754098360656,0.13114754098360656,0.13114754098360656,0.14754098360655737,0.16393442622950818,0.18032786885245902,0.19672131147540983,0.13114754098360656
1,Scenario1_F_Video3_Session1 vs Session2,NaiveBayes,123,61,61,"{'priors': None, 'var_smoothing': 1e-09}",scenario_results_scenarios_2025-11-30_104836_early_stop/naivebayes_Scenario1_F_Video3_Session1 vs Session2_2025-11-30_104836_seed123_early_stop.pkl,1.0,1.0,1.0,1.0,1.0,1.0,1.0,1.0,1.0,1.0,1.0,1.0,1.0,0.18032786885245902,0.1284153005464481,0.1284153005464481,0.11311475409836066,0.11311475409836066,0.18032786885245902,0.18032786885245902,0.18032786885245902,0.19672131147540983,0.19672131147540983,0.21311475409836064,0.22950819672131148,0.18032786885245902
1,Scenario1_F_Video3_Session2 vs Session1,NaiveBayes,123,61,61,"{'priors': None, 'var_smoothing': 1e-09}",scenario_results_scenarios_2025-11-30_104836_early_stop/naivebayes_Scenario1_F_Video3_Session2 vs Session1_2025-11-30_104836_seed123_early_stop.pkl,1.0,1.0,1.0,1.0,1.0,1.0,1.0,1.0,1.0,1.0,1.0,1.0,1.0,0.16393442622950818,0.11420765027322406,0.11420765027322406,0.09562841530054644,0.09562841530054644,0.16393442622950818,0.16393442622950818,0.16393442622950818,0.18032786885245902,0.18032786885245902,0.18032786885245902,0.19672131147540983,0.16393442622950818
1,Scenario1_I_Video1_Session1 vs Session2,NaiveBayes,123,61,61,"{'priors': None, 'var_smoothing': 1e-09}",scenario_results_scenarios_2025-11-30_104836_early_stop/naivebayes_Scenario1_I_Video1_Session1 vs Session2_2025-11-30_104836_seed123_early_stop.pkl,1.0,1.0,1.0,1.0,1.0,1.0,1.0,1.0,1.0,1.0,1.0,1.0,1.0,0.26229508196721313,0.19867291178766588,0.19867291178766588,0.17814207650273228,0.17814207650273228,0.26229508196721313,0.26229508196721313,0.26229508196721313,0.2786885245901639,0.29508196721311475,0.3114754098360656,0.3114754098360656,0.26229508196721313
1,Scenario1_I_Video1_Session2 vs Session1,NaiveBayes,123,61,61,"{'priors': None, 'var_smoothing': 1e-09}",scenario_results_scenarios_2025-11-30_104836_early_stop/naivebayes_Scenario1_I_Video1_Session2 vs Session1_2025-11-30_104836_seed123_early_stop.pkl,1.0,1.0,1.0,1.0,1.0,1.0,1.0,1.0,1.0,1.0,1.0,1.0,1.0,0.21311475409836064,0.16666666666666666,0.16666666666666666,0.14754098360655737,0.14754098360655737,0.21311475409836064,0.21311475409836064,0.21311475409836064,0.22950819672131148,0.2459016393442623,0.26229508196721313,0.2786885245901639,0.21311475409836064
1,Scenario1_I_Video2_Session1 vs Session2,NaiveBayes,123,61,61,"{'priors': None, 'var_smoothing': 1e-09}",scenario_results_scenarios_2025-11-30_104836_early_stop/naivebayes_Scenario1_I_Video2_Session1 vs Session2_2025-11-30_104836_seed123_early_stop.pkl,1.0,1.0,1.0,1.0,1.0,1.0,1.0,1.0,1.0,1.0,1.0,1.0,1.0,0.16393442622950818,0.1098360655737705,0.1098360655737705,0.09153005464480873,0.09153005464480873,0.16393442622950818,0.16393442622950818,0.16393442622950818,0.16393442622950818,0.18032786885245902,0.19672131147540983,0.21311475409836064,0.16393442622950818
1,Scenario1_I_Video2_Session2 vs Session1,NaiveBayes,123,61,61,"{'priors': None, 'var_smoothing': 1e-09}",scenario_results_scenarios_2025-11-30_104836_early_stop/naivebayes_Scenario1_I_Video2_Session2 vs Session1_2025-11-30_104836_seed123_early_stop.pkl,1.0,1.0,1.0,1.0,1.0,1.0,1.0,1.0,1.0,1.0,1.0,1.0,1.0,0.14754098360655737,0.08415300546448087,0.08415300546448087,0.0633879781420765,0.0633879781420765,0.14754098360655737,0.14754098360655737,0.14754098360655737,0.16393442622950818,0.18032786885245902,0.19672131147540983,0.21311475409836064,0.14754098360655737
1,Scenario1_I_Video3_Session1 vs Session2,NaiveBayes,123,61,61,"{'priors': None, 'var_smoothing': 1e-09}",scenario_results_scenarios_2025-11-30_104836_early_stop/naivebayes_Scenario1_I_Video3_Session1 vs Session2_2025-11-30_104836_seed123_early_stop.pkl,1.0,1.0,1.0,1.0,1.0,1.0,1.0,1.0,1.0,1.0,1.0,1.0,1.0,0.2459016393442623,0.18306010928961747,0.18306010928961747,0.1557377049180328,0.1557377049180328,0.2459016393442623,0.2459016393442623,0.2459016393442623,0.26229508196721313,0.2786885245901639,0.29508196721311475,0.3114754098360656,0.2459016393442623
1,Scenario1_I_Video3_Session2 vs Session1,NaiveBayes,123,61,61,"{'priors': None, 'var_smoothing': 1e-09}",scenario_results_scenarios_2025-11-30_104836_early_stop/naivebayes_Scenario1_I_Video3_Session2 vs Session1_2025-11-30_104836_seed123_early_stop.pkl,1.0,1.0,1.0,1.0,1.0,1.0,1.0,1.0,1.0,1.0,1.0,1.0,1.0,0.16393442622950818,0.1150663544106167,0.1150663544106167,0.09699453551912568,0.09699453551912568,0.16393442622950818,0.16393442622950818,0.16393442622950818,0.18032786885245902,0.18032786885245902,0.19672131147540983,0.21311475409836064,0.16393442622950818
1,Scenario1_T_Video1_Session1 vs Session2,NaiveBayes,123,61,61,"{'priors': None, 'var_smoothing': 1e-09}",scenario_results_scenarios_2025-11-30_104836_early_stop/naivebayes_Scenario1_T_Video1_Session1 vs Session2_2025-11-30_104836_seed123_early_stop.pkl,1.0,1.0,1.0,1.0,1.0,1.0,1.0,1.0,1.0,1.0,1.0,1.0,1.0,0.14754098360655737,0.11038251366120219,0.11038251366120219,0.09699453551912568,0.09699453551912568,0.14754098360655737,0.14754098360655737,0.14754098360655737,0.16393442622950818,0.16393442622950818,0.18032786885245902,0.19672131147540983,0.14754098360655737
1,Scenario1_T_Video1_Session2 vs Session1,NaiveBayes,123,61,61,"{'priors': None, 'var_smoothing': 1e-09}",scenario_results_scenarios_2025-11-30_104836_early_stop/naivebayes_Scenario1_T_Video1_Session2 vs Session1_2025-11-30_104836_seed123_early_stop.pkl,1.0,1.0,1.0,1.0,1.0,1.0,1.0,1.0,1.0,1.0,1.0,1.0,1.0,0.18032786885245902,0.13606557377049178,0.13606557377049178,0.12021857923497267,0.12021857923497267,0.18032786885245902,0.18032786885245902,0.18032786885245902,0.19672131147540983,0.19672131147540983,0.21311475409836064,0.22950819672131148,0.18032786885245902
1,Scenario1_T_Video2_Session1 vs Session2,NaiveBayes,123,61,61,"{'priors': None, 'var_smoothing': 1e-09}",scenario_results_scenarios_2025-11-30_104836_early_stop/naivebayes_Scenario1_T_Video2_Session1 vs Session2_2025-11-30_104836_seed123_early_stop.pkl,1.0,1.0,1.0,1.0,1.0,1.0,1.0,1.0,1.0,1.0,1.0,1.0,1.0,0.19672131147540983,0.13661202185792348,0.13661202185792348,0.11530054644808742,0.11530054644808742,0.19672131147540983,0.19672131147540983,0.19672131147540983,0.21311475409836064,0.22950819672131148,0.22950819672131148,0.2459016393442623,0.19672131147540983
1,Scenario1_T_Video2_Session2 vs Session1,NaiveBayes,123,61,61,"{'priors': None, 'var_smoothing': 1e-09}",scenario_results_scenarios_2025-11-30_104836_early_stop/naivebayes_Scenario1_T_Video2_Session2 vs Session1_2025-11-30_104836_seed123_early_stop.pkl,1.0,1.0,1.0,1.0,1.0,1.0,1.0,1.0,1.0,1.0,1.0,1.0,1.0,0.21311475409836064,0.1431693989071038,0.1431693989071038,0.11612021857923495,0.11612021857923495,0.21311475409836064,0.21311475409836064,0.21311475409836064,0.22950819672131148,0.2459016393442623,0.2459016393442623,0.26229508196721313,0.21311475409836064
1,Scenario1_T_Video3_Session1 vs Session2,NaiveBayes,123,61,61,"{'priors': None, 'var_smoothing': 1e-09}",scenario_results_scenarios_2025-11-30_104836_early_stop/naivebayes_Scenario1_T_Video3_Session1 vs Session2_2025-11-30_104836_seed123_early_stop.pkl,1.0,1.0,1.0,1.0,1.0,1.0,1.0,1.0,1.0,1.0,1.0,1.0,1.0,0.16393442622950818,0.10601092896174863,0.10601092896174863,0.08469945355191257,0.08469945355191257,0.16393442622950818,0.16393442622950818,0.16393442622950818,0.18032786885245902,0.19672131147540983,0.19672131147540983,0.21311475409836064,0.16393442622950818
1,Scenario1_T_Video3_Session2 vs Session1,NaiveBayes,123,61,61,"{'priors': None, 'var_smoothing': 1e-09}",scenario_results_scenarios_2025-11-30_104836_early_stop/naivebayes_Scenario1_T_Video3_Session2 vs Session1_2025-11-30_104836_seed123_early_stop.pkl,1.0,1.0,1.0,1.0,1.0,1.0,1.0,1.0,1.0,1.0,1.0,1.0,1.0,0.18032786885245902,0.11779859484777518,0.11779859484777518,0.09699453551912568,0.09699453551912568,0.18032786885245902,0.18032786885245902,0.18032786885245902,0.19672131147540983,0.21311475409836064,0.21311475409836064,0.21311475409836064,0.18032786885245902
1,Scenario1_F_Video1_Session1 vs Session2,LightGBM,123,61,61,"{'n_estimators': 100, 'max_depth': 6, 'learning_rate': 0.05, 'num_leaves': 31, 'min_child_samples': 20}",scenario_results_scenarios_2025-11-30_104836_early_stop/lightgbm_Scenario1_F_Video1_Session1 vs Session2_2025-11-30_104836_seed123_early_stop.pkl,1.0,1.0,1.0,1.0,1.0,1.0,1.0,1.0,1.0,1.0,1.0,1.0,1.0,0.06557377049180328,0.05027322404371584,0.05027322404371584,0.045081967213114756,0.045081967213114756,0.06557377049180328,0.06557377049180328,0.06557377049180328,0.22950819672131148,0.2786885245901639,0.39344262295081966,0.4262295081967213,0.06557377049180328
1,Scenario1_F_Video1_Session2 vs Session1,LightGBM,123,61,61,"{'n_estimators': 100, 'max_depth': 6, 'learning_rate': 0.05, 'num_leaves': 31, 'min_child_samples': 20}",scenario_results_scenarios_2025-11-30_104836_early_stop/lightgbm_Scenario1_F_Video1_Session2 vs Session1_2025-11-30_104836_seed123_early_stop.pkl,1.0,1.0,1.0,1.0,1.0,1.0,1.0,1.0,1.0,1.0,1.0,1.0,1.0,0.13114754098360656,0.08743169398907105,0.08743169398907105,0.06830601092896174,0.06830601092896174,0.13114754098360656,0.13114754098360656,0.13114754098360656,0.2459016393442623,0.26229508196721313,0.32786885245901637,0.32786885245901637,0.13114754098360656
1,Scenario1_F_Video2_Session1 vs Session2,LightGBM,123,61,61,"{'n_estimators': 100, 'max_depth': 6, 'learning_rate': 0.05, 'num_leaves': 31, 'min_child_samples': 20}",scenario_results_scenarios_2025-11-30_104836_early_stop/lightgbm_Scenario1_F_Video2_Session1 vs Session2_2025-11-30_104836_seed123_early_stop.pkl,1.0,1.0,1.0,1.0,1.0,1.0,1.0,1.0,1.0,1.0,1.0,1.0,1.0,0.14754098360655737,0.1087431693989071,0.1087431693989071,0.09562841530054644,0.09562841530054644,0.14754098360655737,0.14754098360655737,0.14754098360655737,0.21311475409836064,0.3114754098360656,0.3770491803278688,0.4262295081967213,0.14754098360655737
1,Scenario1_F_Video2_Session2 vs Session1,LightGBM,123,61,61,"{'n_estimators': 100, 'max_depth': 6, 'learning_rate': 0.05, 'num_leaves': 31, 'min_child_samples': 20}",scenario_results_scenarios_2025-11-30_104836_early_stop/lightgbm_Scenario1_F_Video2_Session2 vs Session1_2025-11-30_104836_seed123_early_stop.pkl,1.0,1.0,1.0,1.0,1.0,1.0,1.0,1.0,1.0,1.0,1.0,1.0,1.0,0.18032786885245902,0.13114754098360656,0.13114754098360656,0.1092896174863388,0.1092896174863388,0.18032786885245902,0.18032786885245902,0.18032786885245902,0.3770491803278688,0.4098360655737705,0.4918032786885246,0.5737704918032787,0.18032786885245902
1,Scenario1_F_Video3_Session1 vs Session2,LightGBM,123,61,61,"{'n_estimators': 100, 'max_depth': 6, 'learning_rate': 0.05, 'num_leaves': 31, 'min_child_samples': 20}",scenario_results_scenarios_2025-11-30_104836_early_stop/lightgbm_Scenario1_F_Video3_Session1 vs Session2_2025-11-30_104836_seed123_early_stop.pkl,1.0,1.0,1.0,1.0,1.0,1.0,1.0,1.0,1.0,1.0,1.0,1.0,1.0,0.26229508196721313,0.18688524590163935,0.18688524590163935,0.16038251366120215,0.16038251366120215,0.26229508196721313,0.26229508196721313,0.26229508196721313,0.3442622950819672,0.4262295081967213,0.4426229508196721,0.4918032786885246,0.26229508196721313
1,Scenario1_F_Video3_Session2 vs Session1,LightGBM,123,61,61,"{'n_estimators': 100, 'max_depth': 6, 'learning_rate': 0.05, 'num_leaves': 31, 'min_child_samples': 20}",scenario_results_scenarios_2025-11-30_104836_early_stop/lightgbm_Scenario1_F_Video3_Session2 vs Session1_2025-11-30_104836_seed123_early_stop.pkl,1.0,1.0,1.0,1.0,1.0,1.0,1.0,1.0,1.0,1.0,1.0,1.0,1.0,0.14754098360655737,0.126775956284153,0.126775956284153,0.12213114754098361,0.12213114754098361,0.14754098360655737,0.14754098360655737,0.14754098360655737,0.3114754098360656,0.4262295081967213,0.45901639344262296,0.5245901639344263,0.14754098360655737
1,Scenario1_I_Video1_Session1 vs Session2,LightGBM,123,61,61,"{'n_estimators': 100, 'max_depth': 6, 'learning_rate': 0.05, 'num_leaves': 31, 'min_child_samples': 20}",scenario_results_scenarios_2025-11-30_104836_early_stop/lightgbm_Scenario1_I_Video1_Session1 vs Session2_2025-11-30_104836_seed123_early_stop.pkl,1.0,1.0,1.0,1.0,1.0,1.0,1.0,1.0,1.0,1.0,1.0,1.0,1.0,0.08196721311475409,0.058469945355191254,0.058469945355191254,0.05054644808743169,0.05054644808743169,0.08196721311475409,0.08196721311475409,0.08196721311475409,0.16393442622950818,0.22950819672131148,0.32786885245901637,0.36065573770491804,0.08196721311475409
1,Scenario1_I_Video1_Session2 vs Session1,LightGBM,123,61,61,"{'n_estimators': 100, 'max_depth': 6, 'learning_rate': 0.05, 'num_leaves': 31, 'min_child_samples': 20}",scenario_results_scenarios_2025-11-30_104836_early_stop/lightgbm_Scenario1_I_Video1_Session2 vs Session1_2025-11-30_104836_seed123_early_stop.pkl,1.0,1.0,1.0,1.0,1.0,1.0,1.0,1.0,1.0,1.0,1.0,1.0,1.0,0.13114754098360656,0.10304449648711944,0.10304449648711944,0.09562841530054644,0.09562841530054644,0.13114754098360656,0.13114754098360656,0.13114754098360656,0.3114754098360656,0.3770491803278688,0.4426229508196721,0.45901639344262296,0.13114754098360656
1,Scenario1_I_Video2_Session1 vs Session2,LightGBM,123,61,61,"{'n_estimators': 100, 'max_depth': 6, 'learning_rate': 0.05, 'num_leaves': 31, 'min_child_samples': 20}",scenario_results_scenarios_2025-11-30_104836_early_stop/lightgbm_Scenario1_I_Video2_Session1 vs Session2_2025-11-30_104836_seed123_early_stop.pkl,1.0,1.0,1.0,1.0,1.0,1.0,1.0,1.0,1.0,1.0,1.0,1.0,1.0,0.16393442622950818,0.14043715846994534,0.14043715846994534,0.1325136612021858,0.1325136612021858,0.16393442622950818,0.16393442622950818,0.16393442622950818,0.32786885245901637,0.4098360655737705,0.4918032786885246,0.5409836065573771,0.16393442622950818
1,Scenario1_I_Video2_Session2 vs Session1,LightGBM,123,61,61,"{'n_estimators': 100, 'max_depth': 6, 'learning_rate': 0.05, 'num_leaves': 31, 'min_child_samples': 20}",scenario_results_scenarios_2025-11-30_104836_early_stop/lightgbm_Scenario1_I_Video2_Session2 vs Session1_2025-11-30_104836_seed123_early_stop.pkl,1.0,1.0,1.0,1.0,1.0,1.0,1.0,1.0,1.0,1.0,1.0,1.0,1.0,0.09836065573770492,0.058469945355191254,0.058469945355191254,0.04234972677595628,0.04234972677595628,0.09836065573770492,0.09836065573770492,0.09836065573770492,0.16393442622950818,0.26229508196721313,0.36065573770491804,0.39344262295081966,0.09836065573770492
1,Scenario1_I_Video3_Session1 vs Session2,LightGBM,123,61,61,"{'n_estimators': 100, 'max_depth': 6, 'learning_rate': 0.05, 'num_leaves': 31, 'min_child_samples': 20}",scenario_results_scenarios_2025-11-30_104836_early_stop/lightgbm_Scenario1_I_Video3_Session1 vs Session2_2025-11-30_104836_seed123_early_stop.pkl,1.0,1.0,1.0,1.0,1.0,1.0,1.0,1.0,1.0,1.0,1.0,1.0,1.0,0.21311475409836064,0.15846994535519124,0.15846994535519124,0.13989071038251366,0.13989071038251366,0.21311475409836064,0.21311475409836064,0.21311475409836064,0.3114754098360656,0.47540983606557374,0.4918032786885246,0.6065573770491803,0.21311475409836064
1,Scenario1_I_Video3_Session2 vs Session1,LightGBM,123,61,61,"{'n_estimators': 100, 'max_depth': 6, 'learning_rate': 0.05, 'num_leaves': 31, 'min_child_samples': 20}",scenario_results_scenarios_2025-11-30_104836_early_stop/lightgbm_Scenario1_I_Video3_Session2 vs Session1_2025-11-30_104836_seed123_early_stop.pkl,1.0,1.0,1.0,1.0,1.0,1.0,1.0,1.0,1.0,1.0,1.0,1.0,1.0,0.14754098360655737,0.11202185792349727,0.11202185792349727,0.09890710382513661,0.09890710382513661,0.14754098360655737,0.14754098360655737,0.14754098360655737,0.21311475409836064,0.29508196721311475,0.39344262295081966,0.4918032786885246,0.14754098360655737
1,Scenario1_T_Video1_Session1 vs Session2,LightGBM,123,61,61,"{'n_estimators': 100, 'max_depth': 6, 'learning_rate': 0.05, 'num_leaves': 31, 'min_child_samples': 20}",scenario_results_scenarios_2025-11-30_104836_early_stop/lightgbm_Scenario1_T_Video1_Session1 vs Session2_2025-11-30_104836_seed123_early_stop.pkl,1.0,1.0,1.0,1.0,1.0,1.0,1.0,1.0,1.0,1.0,1.0,1.0,1.0,0.14754098360655737,0.09016393442622951,0.09016393442622951,0.06830601092896174,0.06830601092896174,0.14754098360655737,0.14754098360655737,0.14754098360655737,0.32786885245901637,0.39344262295081966,0.4426229508196721,0.5245901639344263,0.14754098360655737
1,Scenario1_T_Video1_Session2 vs Session1,LightGBM,123,61,61,"{'n_estimators': 100, 'max_depth': 6, 'learning_rate': 0.05, 'num_leaves': 31, 'min_child_samples': 20}",scenario_results_scenarios_2025-11-30_104836_early_stop/lightgbm_Scenario1_T_Video1_Session2 vs Session1_2025-11-30_104836_seed123_early_stop.pkl,1.0,1.0,1.0,1.0,1.0,1.0,1.0,1.0,1.0,1.0,1.0,1.0,1.0,0.2786885245901639,0.22131147540983603,0.22131147540983603,0.19672131147540983,0.19672131147540983,0.2786885245901639,0.2786885245901639,0.2786885245901639,0.39344262295081966,0.45901639344262296,0.47540983606557374,0.5081967213114754,0.2786885245901639
1,Scenario1_T_Video2_Session1 vs Session2,LightGBM,123,61,61,"{'n_estimators': 100, 'max_depth': 6, 'learning_rate': 0.05, 'num_leaves': 31, 'min_child_samples': 20}",scenario_results_scenarios_2025-11-30_104836_early_stop/lightgbm_Scenario1_T_Video2_Session1 vs Session2_2025-11-30_104836_seed123_early_stop.pkl,1.0,1.0,1.0,1.0,1.0,1.0,1.0,1.0,1.0,1.0,1.0,1.0,1.0,0.11475409836065574,0.08306010928961748,0.08306010928961748,0.07240437158469946,0.07240437158469946,0.11475409836065574,0.11475409836065574,0.11475409836065574,0.16393442622950818,0.26229508196721313,0.32786885245901637,0.36065573770491804,0.11475409836065574
1,Scenario1_T_Video2_Session2 vs Session1,LightGBM,123,61,61,"{'n_estimators': 100, 'max_depth': 6, 'learning_rate': 0.05, 'num_leaves': 31, 'min_child_samples': 20}",scenario_results_scenarios_2025-11-30_104836_early_stop/lightgbm_Scenario1_T_Video2_Session2 vs Session1_2025-11-30_104836_seed123_early_stop.pkl,1.0,1.0,1.0,1.0,1.0,1.0,1.0,1.0,1.0,1.0,1.0,1.0,1.0,0.21311475409836064,0.13770491803278687,0.13770491803278687,0.11065573770491802,0.11065573770491802,0.21311475409836064,0.21311475409836064,0.21311475409836064,0.2786885245901639,0.32786885245901637,0.3770491803278688,0.4098360655737705,0.21311475409836064
1,Scenario1_T_Video3_Session1 vs Session2,LightGBM,123,61,61,"{'n_estimators': 100, 'max_depth': 6, 'learning_rate': 0.05, 'num_leaves': 31, 'min_child_samples': 20}",scenario_results_scenarios_2025-11-30_104836_early_stop/lightgbm_Scenario1_T_Video3_Session1 vs Session2_2025-11-30_104836_seed123_early_stop.pkl,1.0,1.0,1.0,1.0,1.0,1.0,1.0,1.0,1.0,1.0,1.0,1.0,1.0,0.14754098360655737,0.10218579234972676,0.10218579234972676,0.0866120218579235,0.0866120218579235,0.14754098360655737,0.14754098360655737,0.14754098360655737,0.2459016393442623,0.2786885245901639,0.3770491803278688,0.4262295081967213,0.14754098360655737
1,Scenario1_T_Video3_Session2 vs Session1,LightGBM,123,61,61,"{'n_estimators': 100, 'max_depth': 6, 'learning_rate': 0.05, 'num_leaves': 31, 'min_child_samples': 20}",scenario_results_scenarios_2025-11-30_104836_early_stop/lightgbm_Scenario1_T_Video3_Session2 vs Session1_2025-11-30_104836_seed123_early_stop.pkl,1.0,1.0,1.0,1.0,1.0,1.0,1.0,1.0,1.0,1.0,1.0,1.0,1.0,0.13114754098360656,0.10109289617486339,0.10109289617486339,0.08743169398907104,0.08743169398907104,0.13114754098360656,0.13114754098360656,0.13114754098360656,0.21311475409836064,0.29508196721311475,0.36065573770491804,0.4262295081967213,0.13114754098360656
1,Scenario1_F_Video1_Session1 vs Session2,ExtraTrees,123,61,61,"{'n_estimators': 100, 'max_depth': 10, 'min_samples_split': 2, 'min_samples_leaf': 1, 'max_features': 'sqrt', 'bootstrap': False, 'criterion': 'gini'}",scenario_results_scenarios_2025-11-30_104836_early_stop/extratrees_Scenario1_F_Video1_Session1 vs Session2_2025-11-30_104836_seed123_early_stop.pkl,1.0,1.0,1.0,1.0,1.0,1.0,1.0,1.0,1.0,1.0,1.0,1.0,1.0,0.3442622950819672,0.24808743169398906,0.24808743169398906,0.2103825136612022,0.2103825136612022,0.3442622950819672,0.3442622950819672,0.3442622950819672,0.5245901639344263,0.6229508196721312,0.7213114754098361,0.7213114754098361,0.3442622950819672
1,Scenario1_F_Video1_Session2 vs Session1,ExtraTrees,123,61,61,"{'n_estimators': 100, 'max_depth': 10, 'min_samples_split': 2, 'min_samples_leaf': 1, 'max_features': 'sqrt', 'bootstrap': False, 'criterion': 'gini'}",scenario_results_scenarios_2025-11-30_104836_early_stop/extratrees_Scenario1_F_Video1_Session2 vs Session1_2025-11-30_104836_seed123_early_stop.pkl,1.0,1.0,1.0,1.0,1.0,1.0,1.0,1.0,1.0,1.0,1.0,1.0,1.0,0.3114754098360656,0.2426229508196721,0.2426229508196721,0.21584699453551912,0.21584699453551912,0.3114754098360656,0.3114754098360656,0.3114754098360656,0.39344262295081966,0.47540983606557374,0.5573770491803278,0.6229508196721312,0.3114754098360656
1,Scenario1_F_Video2_Session1 vs Session2,ExtraTrees,123,61,61,"{'n_estimators': 100, 'max_depth': 10, 'min_samples_split': 2, 'min_samples_leaf': 1, 'max_features': 'sqrt', 'bootstrap': False, 'criterion': 'gini'}",scenario_results_scenarios_2025-11-30_104836_early_stop/extratrees_Scenario1_F_Video2_Session1 vs Session2_2025-11-30_104836_seed123_early_stop.pkl,1.0,1.0,1.0,1.0,1.0,1.0,1.0,1.0,1.0,1.0,1.0,1.0,1.0,0.2786885245901639,0.22677595628415295,0.22677595628415295,0.20491803278688522,0.20491803278688522,0.2786885245901639,0.2786885245901639,0.29508196721311475,0.45901639344262296,0.6229508196721312,0.7213114754098361,0.7540983606557377,0.2786885245901639
1,Scenario1_F_Video2_Session2 vs Session1,ExtraTrees,123,61,61,"{'n_estimators': 100, 'max_depth': 10, 'min_samples_split': 2, 'min_samples_leaf': 1, 'max_features': 'sqrt', 'bootstrap': False, 'criterion': 'gini'}",scenario_results_scenarios_2025-11-30_104836_early_stop/extratrees_Scenario1_F_Video2_Session2 vs Session1_2025-11-30_104836_seed123_early_stop.pkl,1.0,1.0,1.0,1.0,1.0,1.0,1.0,1.0,1.0,1.0,1.0,1.0,1.0,0.3442622950819672,0.27049180327868855,0.27049180327868855,0.24043715846994534,0.24043715846994534,0.3442622950819672,0.3442622950819672,0.32786885245901637,0.5245901639344263,0.6721311475409836,0.7540983606557377,0.7868852459016393,0.32786885245901637
1,Scenario1_F_Video3_Session1 vs Session2,ExtraTrees,123,61,61,"{'n_estimators': 100, 'max_depth': 10, 'min_samples_split': 2, 'min_samples_leaf': 1, 'max_features': 'sqrt', 'bootstrap': False, 'criterion': 'gini'}",scenario_results_scenarios_2025-11-30_104836_early_stop/extratrees_Scenario1_F_Video3_Session1 vs Session2_2025-11-30_104836_seed123_early_stop.pkl,1.0,1.0,1.0,1.0,1.0,1.0,1.0,1.0,1.0,1.0,1.0,1.0,1.0,0.32786885245901637,0.25519125683060107,0.25519125683060107,0.22868852459016392,0.22868852459016392,0.32786885245901637,0.32786885245901637,0.3770491803278688,0.5245901639344263,0.6229508196721312,0.7049180327868853,0.7868852459016393,0.3114754098360656
1,Scenario1_F_Video3_Session2 vs Session1,ExtraTrees,123,61,61,"{'n_estimators': 100, 'max_depth': 10, 'min_samples_split': 2, 'min_samples_leaf': 1, 'max_features': 'sqrt', 'bootstrap': False, 'criterion': 'gini'}",scenario_results_scenarios_2025-11-30_104836_early_stop/extratrees_Scenario1_F_Video3_Session2 vs Session1_2025-11-30_104836_seed123_early_stop.pkl,1.0,1.0,1.0,1.0,1.0,1.0,1.0,1.0,1.0,1.0,1.0,1.0,1.0,0.29508196721311475,0.22677595628415298,0.22677595628415298,0.19398907103825136,0.19398907103825136,0.29508196721311475,0.29508196721311475,0.3114754098360656,0.5081967213114754,0.6065573770491803,0.6721311475409836,0.7213114754098361,0.2786885245901639
1,Scenario1_I_Video1_Session1 vs Session2,ExtraTrees,123,61,61,"{'n_estimators': 100, 'max_depth': 10, 'min_samples_split': 2, 'min_samples_leaf': 1, 'max_features': 'sqrt', 'bootstrap': False, 'criterion': 'gini'}",scenario_results_scenarios_2025-11-30_104836_early_stop/extratrees_Scenario1_I_Video1_Session1 vs Session2_2025-11-30_104836_seed123_early_stop.pkl,1.0,1.0,1.0,1.0,1.0,1.0,1.0,1.0,1.0,1.0,1.0,1.0,1.0,0.2459016393442623,0.1814207650273224,0.1814207650273224,0.15710382513661203,0.15710382513661203,0.2459016393442623,0.2459016393442623,0.26229508196721313,0.3770491803278688,0.4426229508196721,0.5737704918032787,0.6065573770491803,0.2459016393442623
1,Scenario1_I_Video1_Session2 vs Session1,ExtraTrees,123,61,61,"{'n_estimators': 100, 'max_depth': 10, 'min_samples_split': 2, 'min_samples_leaf': 1, 'max_features': 'sqrt', 'bootstrap': False, 'criterion': 'gini'}",scenario_results_scenarios_2025-11-30_104836_early_stop/extratrees_Scenario1_I_Video1_Session2 vs Session1_2025-11-30_104836_seed123_early_stop.pkl,1.0,1.0,1.0,1.0,1.0,1.0,1.0,1.0,1.0,1.0,1.0,1.0,1.0,0.3114754098360656,0.24808743169398906,0.24808743169398906,0.22404371584699453,0.22404371584699453,0.3114754098360656,0.3114754098360656,0.29508196721311475,0.45901639344262296,0.5573770491803278,0.639344262295082,0.6557377049180327,0.29508196721311475
1,Scenario1_I_Video2_Session1 vs Session2,ExtraTrees,123,61,61,"{'n_estimators': 100, 'max_depth': 10, 'min_samples_split': 2, 'min_samples_leaf': 1, 'max_features': 'sqrt', 'bootstrap': False, 'criterion': 'gini'}",scenario_results_scenarios_2025-11-30_104836_early_stop/extratrees_Scenario1_I_Video2_Session1 vs Session2_2025-11-30_104836_seed123_early_stop.pkl,1.0,1.0,1.0,1.0,1.0,1.0,1.0,1.0,1.0,1.0,1.0,1.0,1.0,0.36065573770491804,0.2644808743169399,0.2644808743169399,0.226775956284153,0.226775956284153,0.36065573770491804,0.36065573770491804,0.3442622950819672,0.5081967213114754,0.5737704918032787,0.7049180327868853,0.7540983606557377,0.3442622950819672
1,Scenario1_I_Video2_Session2 vs Session1,ExtraTrees,123,61,61,"{'n_estimators': 100, 'max_depth': 10, 'min_samples_split': 2, 'min_samples_leaf': 1, 'max_features': 'sqrt', 'bootstrap': False, 'criterion': 'gini'}",scenario_results_scenarios_2025-11-30_104836_early_stop/extratrees_Scenario1_I_Video2_Session2 vs Session1_2025-11-30_104836_seed123_early_stop.pkl,1.0,1.0,1.0,1.0,1.0,1.0,1.0,1.0,1.0,1.0,1.0,1.0,1.0,0.36065573770491804,0.2836065573770492,0.2836065573770492,0.2568306010928961,0.2568306010928961,0.36065573770491804,0.36065573770491804,0.3114754098360656,0.45901639344262296,0.5409836065573771,0.6721311475409836,0.7213114754098361,0.29508196721311475
1,Scenario1_I_Video3_Session1 vs Session2,ExtraTrees,123,61,61,"{'n_estimators': 100, 'max_depth': 10, 'min_samples_split': 2, 'min_samples_leaf': 1, 'max_features': 'sqrt', 'bootstrap': False, 'criterion': 'gini'}",scenario_results_scenarios_2025-11-30_104836_early_stop/extratrees_Scenario1_I_Video3_Session1 vs Session2_2025-11-30_104836_seed123_early_stop.pkl,1.0,1.0,1.0,1.0,1.0,1.0,1.0,1.0,1.0,1.0,1.0,1.0,1.0,0.26229508196721313,0.20327868852459013,0.20327868852459013,0.1762295081967213,0.1762295081967213,0.26229508196721313,0.26229508196721313,0.29508196721311475,0.45901639344262296,0.5573770491803278,0.6557377049180327,0.7213114754098361,0.26229508196721313
1,Scenario1_I_Video3_Session2 vs Session1,ExtraTrees,123,61,61,"{'n_estimators': 100, 'max_depth': 10, 'min_samples_split': 2, 'min_samples_leaf': 1, 'max_features': 'sqrt', 'bootstrap': False, 'criterion': 'gini'}",scenario_results_scenarios_2025-11-30_104836_early_stop/extratrees_Scenario1_I_Video3_Session2 vs Session1_2025-11-30_104836_seed123_early_stop.pkl,1.0,1.0,1.0,1.0,1.0,1.0,1.0,1.0,1.0,1.0,1.0,1.0,1.0,0.32786885245901637,0.2442622950819672,0.2442622950819672,0.20901639344262296,0.20901639344262296,0.32786885245901637,0.32786885245901637,0.32786885245901637,0.5573770491803278,0.5901639344262295,0.6721311475409836,0.7377049180327869,0.3114754098360656
1,Scenario1_T_Video1_Session1 vs Session2,ExtraTrees,123,61,61,"{'n_estimators': 100, 'max_depth': 10, 'min_samples_split': 2, 'min_samples_leaf': 1, 'max_features': 'sqrt', 'bootstrap': False, 'criterion': 'gini'}",scenario_results_scenarios_2025-11-30_104836_early_stop/extratrees_Scenario1_T_Video1_Session1 vs Session2_2025-11-30_104836_seed123_early_stop.pkl,1.0,1.0,1.0,1.0,1.0,1.0,1.0,1.0,1.0,1.0,1.0,1.0,1.0,0.3442622950819672,0.28688524590163933,0.28688524590163933,0.2622950819672131,0.2622950819672131,0.3442622950819672,0.3442622950819672,0.32786885245901637,0.4918032786885246,0.5901639344262295,0.6229508196721312,0.6721311475409836,0.32786885245901637
1,Scenario1_T_Video1_Session2 vs Session1,ExtraTrees,123,61,61,"{'n_estimators': 100, 'max_depth': 10, 'min_samples_split': 2, 'min_samples_leaf': 1, 'max_features': 'sqrt', 'bootstrap': False, 'criterion': 'gini'}",scenario_results_scenarios_2025-11-30_104836_early_stop/extratrees_Scenario1_T_Video1_Session2 vs Session1_2025-11-30_104836_seed123_early_stop.pkl,1.0,1.0,1.0,1.0,1.0,1.0,1.0,1.0,1.0,1.0,1.0,1.0,1.0,0.3442622950819672,0.28415300546448086,0.28415300546448086,0.2568306010928962,0.2568306010928962,0.3442622950819672,0.3442622950819672,0.36065573770491804,0.5081967213114754,0.6065573770491803,0.639344262295082,0.6721311475409836,0.3114754098360656
1,Scenario1_T_Video2_Session1 vs Session2,ExtraTrees,123,61,61,"{'n_estimators': 100, 'max_depth': 10, 'min_samples_split': 2, 'min_samples_leaf': 1, 'max_features': 'sqrt', 'bootstrap': False, 'criterion': 'gini'}",scenario_results_scenarios_2025-11-30_104836_early_stop/extratrees_Scenario1_T_Video2_Session1 vs Session2_2025-11-30_104836_seed123_early_stop.pkl,1.0,1.0,1.0,1.0,1.0,1.0,1.0,1.0,1.0,1.0,1.0,1.0,1.0,0.21311475409836064,0.16775956284153004,0.16775956284153004,0.14890710382513658,0.14890710382513658,0.21311475409836064,0.21311475409836064,0.19672131147540983,0.36065573770491804,0.45901639344262296,0.5737704918032787,0.6557377049180327,0.18032786885245902
1,Scenario1_T_Video2_Session2 vs Session1,ExtraTrees,123,61,61,"{'n_estimators': 100, 'max_depth': 10, 'min_samples_split': 2, 'min_samples_leaf': 1, 'max_features': 'sqrt', 'bootstrap': False, 'criterion': 'gini'}",scenario_results_scenarios_2025-11-30_104836_early_stop/extratrees_Scenario1_T_Video2_Session2 vs Session1_2025-11-30_104836_seed123_early_stop.pkl,1.0,1.0,1.0,1.0,1.0,1.0,1.0,1.0,1.0,1.0,1.0,1.0,1.0,0.26229508196721313,0.1972677595628415,0.1972677595628415,0.1734972677595628,0.1734972677595628,0.26229508196721313,0.26229508196721313,0.29508196721311475,0.5245901639344263,0.6065573770491803,0.639344262295082,0.7049180327868853,0.26229508196721313
1,Scenario1_T_Video3_Session1 vs Session2,ExtraTrees,123,61,61,"{'n_estimators': 100, 'max_depth': 10, 'min_samples_split': 2, 'min_samples_leaf': 1, 'max_features': 'sqrt', 'bootstrap': False, 'criterion': 'gini'}",scenario_results_scenarios_2025-11-30_104836_early_stop/extratrees_Scenario1_T_Video3_Session1 vs Session2_2025-11-30_104836_seed123_early_stop.pkl,1.0,1.0,1.0,1.0,1.0,1.0,1.0,1.0,1.0,1.0,1.0,1.0,1.0,0.3114754098360656,0.25409836065573765,0.25409836065573765,0.22950819672131148,0.22950819672131148,0.3114754098360656,0.3114754098360656,0.29508196721311475,0.45901639344262296,0.5409836065573771,0.6065573770491803,0.6885245901639344,0.29508196721311475
1,Scenario1_T_Video3_Session2 vs Session1,ExtraTrees,123,61,61,"{'n_estimators': 100, 'max_depth': 10, 'min_samples_split': 2, 'min_samples_leaf': 1, 'max_features': 'sqrt', 'bootstrap': False, 'criterion': 'gini'}",scenario_results_scenarios_2025-11-30_104836_early_stop/extratrees_Scenario1_T_Video3_Session2 vs Session1_2025-11-30_104836_seed123_early_stop.pkl,1.0,1.0,1.0,1.0,1.0,1.0,1.0,1.0,1.0,1.0,1.0,1.0,1.0,0.29508196721311475,0.260655737704918,0.260655737704918,0.2472677595628415,0.2472677595628415,0.29508196721311475,0.29508196721311475,0.29508196721311475,0.5245901639344263,0.5737704918032787,0.6065573770491803,0.6557377049180327,0.2786885245901639
1,Scenario1_F_Video1_Session1 vs Session2,GradientBoosting,123,61,61,"{'n_estimators': 100, 'max_depth': 3, 'learning_rate': 0.05, 'min_samples_split': 2, 'min_samples_leaf': 1, 'subsample': 0.8, 'max_features': 'sqrt'}",scenario_results_scenarios_2025-11-30_104836_early_stop/gradientboosting_Scenario1_F_Video1_Session1 vs Session2_2025-11-30_104836_seed123_early_stop.pkl,1.0,1.0,1.0,1.0,1.0,1.0,1.0,1.0,1.0,1.0,1.0,1.0,1.0,0.09836065573770492,0.05573770491803279,0.05573770491803279,0.03961748633879781,0.03961748633879781,0.09836065573770492,0.09836065573770492,0.09836065573770492,0.18032786885245902,0.26229508196721313,0.2786885245901639,0.2786885245901639,0.09836065573770492
1,Scenario1_F_Video1_Session2 vs Session1,GradientBoosting,123,61,61,"{'n_estimators': 100, 'max_depth': 3, 'learning_rate': 0.05, 'min_samples_split': 2, 'min_samples_leaf': 1, 'subsample': 0.8, 'max_features': 'sqrt'}",scenario_results_scenarios_2025-11-30_104836_early_stop/gradientboosting_Scenario1_F_Video1_Session2 vs Session1_2025-11-30_104836_seed123_early_stop.pkl,1.0,1.0,1.0,1.0,1.0,1.0,1.0,1.0,1.0,1.0,1.0,1.0,1.0,0.08196721311475409,0.044626593806921674,0.044626593806921674,0.03210382513661202,0.03210382513661202,0.08196721311475409,0.08196721311475409,0.08196721311475409,0.13114754098360656,0.18032786885245902,0.21311475409836064,0.21311475409836064,0.08196721311475409
1,Scenario1_F_Video2_Session1 vs Session2,GradientBoosting,123,61,61,"{'n_estimators': 100, 'max_depth': 3, 'learning_rate': 0.05, 'min_samples_split': 2, 'min_samples_leaf': 1, 'subsample': 0.8, 'max_features': 'sqrt'}",scenario_results_scenarios_2025-11-30_104836_early_stop/gradientboosting_Scenario1_F_Video2_Session1 vs Session2_2025-11-30_104836_seed123_early_stop.pkl,1.0,1.0,1.0,1.0,1.0,1.0,1.0,1.0,1.0,1.0,1.0,1.0,1.0,0.06557377049180328,0.047540983606557376,0.047540983606557376,0.04234972677595629,0.04234972677595629,0.06557377049180328,0.06557377049180328,0.06557377049180328,0.16393442622950818,0.21311475409836064,0.22950819672131148,0.22950819672131148,0.06557377049180328
1,Scenario1_F_Video2_Session2 vs Session1,GradientBoosting,123,61,61,"{'n_estimators': 100, 'max_depth': 3, 'learning_rate': 0.05, 'min_samples_split': 2, 'min_samples_leaf': 1, 'subsample': 0.8, 'max_features': 'sqrt'}",scenario_results_scenarios_2025-11-30_104836_early_stop/gradientboosting_Scenario1_F_Video2_Session2 vs Session1_2025-11-30_104836_seed123_early_stop.pkl,1.0,1.0,1.0,1.0,1.0,1.0,1.0,1.0,1.0,1.0,1.0,1.0,1.0,0.18032786885245902,0.13879781420765028,0.13879781420765028,0.12568306010928962,0.12568306010928962,0.18032786885245902,0.18032786885245902,0.18032786885245902,0.19672131147540983,0.19672131147540983,0.2786885245901639,0.3114754098360656,0.18032786885245902
1,Scenario1_F_Video3_Session1 vs Session2,GradientBoosting,123,61,61,"{'n_estimators': 100, 'max_depth': 3, 'learning_rate': 0.05, 'min_samples_split': 2, 'min_samples_leaf': 1, 'subsample': 0.8, 'max_features': 'sqrt'}",scenario_results_scenarios_2025-11-30_104836_early_stop/gradientboosting_Scenario1_F_Video3_Session1 vs Session2_2025-11-30_104836_seed123_early_stop.pkl,1.0,1.0,1.0,1.0,1.0,1.0,1.0,1.0,1.0,1.0,1.0,1.0,1.0,0.11475409836065574,0.06539162112932605,0.06539162112932605,0.05441712204007285,0.05441712204007285,0.11475409836065574,0.11475409836065574,0.11475409836065574,0.19672131147540983,0.2459016393442623,0.26229508196721313,0.29508196721311475,0.11475409836065574
1,Scenario1_F_Video3_Session2 vs Session1,GradientBoosting,123,61,61,"{'n_estimators': 100, 'max_depth': 3, 'learning_rate': 0.05, 'min_samples_split': 2, 'min_samples_leaf': 1, 'subsample': 0.8, 'max_features': 'sqrt'}",scenario_results_scenarios_2025-11-30_104836_early_stop/gradientboosting_Scenario1_F_Video3_Session2 vs Session1_2025-11-30_104836_seed123_early_stop.pkl,1.0,1.0,1.0,1.0,1.0,1.0,1.0,1.0,1.0,1.0,1.0,1.0,1.0,0.09836065573770492,0.06967213114754098,0.06967213114754098,0.0624512099921936,0.0624512099921936,0.09836065573770492,0.09836065573770492,0.09836065573770492,0.26229508196721313,0.3114754098360656,0.4262295081967213,0.4262295081967213,0.09836065573770492
1,Scenario1_I_Video1_Session1 vs Session2,GradientBoosting,123,61,61,"{'n_estimators': 100, 'max_depth': 3, 'learning_rate': 0.05, 'min_samples_split': 2, 'min_samples_leaf': 1, 'subsample': 0.8, 'max_features': 'sqrt'}",scenario_results_scenarios_2025-11-30_104836_early_stop/gradientboosting_Scenario1_I_Video1_Session1 vs Session2_2025-11-30_104836_seed123_early_stop.pkl,1.0,1.0,1.0,1.0,1.0,1.0,1.0,1.0,1.0,1.0,1.0,1.0,1.0,0.03278688524590164,0.02459016393442623,0.02459016393442623,0.02185792349726776,0.02185792349726776,0.03278688524590164,0.03278688524590164,0.03278688524590164,0.08196721311475409,0.09836065573770492,0.11475409836065574,0.14754098360655737,0.03278688524590164
1,Scenario1_I_Video1_Session2 vs Session1,GradientBoosting,123,61,61,"{'n_estimators': 100, 'max_depth': 3, 'learning_rate': 0.05, 'min_samples_split': 2, 'min_samples_leaf': 1, 'subsample': 0.8, 'max_features': 'sqrt'}",scenario_results_scenarios_2025-11-30_104836_early_stop/gradientboosting_Scenario1_I_Video1_Session2 vs Session1_2025-11-30_104836_seed123_early_stop.pkl,1.0,1.0,1.0,1.0,1.0,1.0,1.0,1.0,1.0,1.0,1.0,1.0,1.0,0.04918032786885246,0.04371584699453552,0.04371584699453552,0.040983606557377046,0.040983606557377046,0.04918032786885246,0.04918032786885246,0.04918032786885246,0.08196721311475409,0.09836065573770492,0.14754098360655737,0.19672131147540983,0.04918032786885246
1,Scenario1_I_Video2_Session1 vs Session2,GradientBoosting,123,61,61,"{'n_estimators': 100, 'max_depth': 3, 'learning_rate': 0.05, 'min_samples_split': 2, 'min_samples_leaf': 1, 'subsample': 0.8, 'max_features': 'sqrt'}",scenario_results_scenarios_2025-11-30_104836_early_stop/gradientboosting_Scenario1_I_Video2_Session1 vs Session2_2025-11-30_104836_seed123_early_stop.pkl,1.0,1.0,1.0,1.0,1.0,1.0,1.0,1.0,1.0,1.0,1.0,1.0,1.0,0.13114754098360656,0.09672131147540984,0.09672131147540984,0.08333333333333333,0.08333333333333333,0.13114754098360656,0.13114754098360656,0.13114754098360656,0.19672131147540983,0.22950819672131148,0.3114754098360656,0.32786885245901637,0.13114754098360656
1,Scenario1_I_Video2_Session2 vs Session1,GradientBoosting,123,61,61,"{'n_estimators': 100, 'max_depth': 3, 'learning_rate': 0.05, 'min_samples_split': 2, 'min_samples_leaf': 1, 'subsample': 0.8, 'max_features': 'sqrt'}",scenario_results_scenarios_2025-11-30_104836_early_stop/gradientboosting_Scenario1_I_Video2_Session2 vs Session1_2025-11-30_104836_seed123_early_stop.pkl,1.0,1.0,1.0,1.0,1.0,1.0,1.0,1.0,1.0,1.0,1.0,1.0,1.0,0.08196721311475409,0.05762543467461499,0.05762543467461499,0.05081967213114754,0.05081967213114754,0.08196721311475409,0.08196721311475409,0.08196721311475409,0.14754098360655737,0.19672131147540983,0.2459016393442623,0.2786885245901639,0.08196721311475409
1,Scenario1_I_Video3_Session1 vs Session2,GradientBoosting,123,61,61,"{'n_estimators': 100, 'max_depth': 3, 'learning_rate': 0.05, 'min_samples_split': 2, 'min_samples_leaf': 1, 'subsample': 0.8, 'max_features': 'sqrt'}",scenario_results_scenarios_2025-11-30_104836_early_stop/gradientboosting_Scenario1_I_Video3_Session1 vs Session2_2025-11-30_104836_seed123_early_stop.pkl,1.0,1.0,1.0,1.0,1.0,1.0,1.0,1.0,1.0,1.0,1.0,1.0,1.0,0.14754098360655737,0.11857923497267758,0.11857923497267758,0.10792349726775956,0.10792349726775956,0.14754098360655737,0.14754098360655737,0.14754098360655737,0.22950819672131148,0.26229508196721313,0.3114754098360656,0.3770491803278688,0.14754098360655737
1,Scenario1_I_Video3_Session2 vs Session1,GradientBoosting,123,61,61,"{'n_estimators': 100, 'max_depth': 3, 'learning_rate': 0.05, 'min_samples_split': 2, 'min_samples_leaf': 1, 'subsample': 0.8, 'max_features': 'sqrt'}",scenario_results_scenarios_2025-11-30_104836_early_stop/gradientboosting_Scenario1_I_Video3_Session2 vs Session1_2025-11-30_104836_seed123_early_stop.pkl,1.0,1.0,1.0,1.0,1.0,1.0,1.0,1.0,1.0,1.0,1.0,1.0,1.0,0.11475409836065574,0.10491803278688525,0.10491803278688525,0.10245901639344263,0.10245901639344263,0.11475409836065574,0.11475409836065574,0.11475409836065574,0.19672131147540983,0.2459016393442623,0.29508196721311475,0.29508196721311475,0.11475409836065574
1,Scenario1_T_Video1_Session1 vs Session2,GradientBoosting,123,61,61,"{'n_estimators': 100, 'max_depth': 3, 'learning_rate': 0.05, 'min_samples_split': 2, 'min_samples_leaf': 1, 'subsample': 0.8, 'max_features': 'sqrt'}",scenario_results_scenarios_2025-11-30_104836_early_stop/gradientboosting_Scenario1_T_Video1_Session1 vs Session2_2025-11-30_104836_seed123_early_stop.pkl,1.0,1.0,1.0,1.0,1.0,1.0,1.0,1.0,1.0,1.0,1.0,1.0,1.0,0.09836065573770492,0.06479313036690085,0.06479313036690085,0.051912568306010924,0.051912568306010924,0.09836065573770492,0.09836065573770492,0.09836065573770492,0.18032786885245902,0.21311475409836064,0.26229508196721313,0.2786885245901639,0.09836065573770492
1,Scenario1_T_Video1_Session2 vs Session1,GradientBoosting,123,61,61,"{'n_estimators': 100, 'max_depth': 3, 'learning_rate': 0.05, 'min_samples_split': 2, 'min_samples_leaf': 1, 'subsample': 0.8, 'max_features': 'sqrt'}",scenario_results_scenarios_2025-11-30_104836_early_stop/gradientboosting_Scenario1_T_Video1_Session2 vs Session1_2025-11-30_104836_seed123_early_stop.pkl,1.0,1.0,1.0,1.0,1.0,1.0,1.0,1.0,1.0,1.0,1.0,1.0,1.0,0.19672131147540983,0.14808743169398905,0.14808743169398905,0.13296903460837886,0.13296903460837886,0.19672131147540983,0.19672131147540983,0.19672131147540983,0.2786885245901639,0.32786885245901637,0.32786885245901637,0.36065573770491804,0.19672131147540983
1,Scenario1_T_Video2_Session1 vs Session2,GradientBoosting,123,61,61,"{'n_estimators': 100, 'max_depth': 3, 'learning_rate': 0.05, 'min_samples_split': 2, 'min_samples_leaf': 1, 'subsample': 0.8, 'max_features': 'sqrt'}",scenario_results_scenarios_2025-11-30_104836_early_stop/gradientboosting_Scenario1_T_Video2_Session1 vs Session2_2025-11-30_104836_seed123_early_stop.pkl,1.0,1.0,1.0,1.0,1.0,1.0,1.0,1.0,1.0,1.0,1.0,1.0,1.0,0.08196721311475409,0.058469945355191254,0.058469945355191254,0.05054644808743169,0.05054644808743169,0.08196721311475409,0.08196721311475409,0.08196721311475409,0.13114754098360656,0.18032786885245902,0.21311475409836064,0.21311475409836064,0.08196721311475409
1,Scenario1_T_Video2_Session2 vs Session1,GradientBoosting,123,61,61,"{'n_estimators': 100, 'max_depth': 3, 'learning_rate': 0.05, 'min_samples_split': 2, 'min_samples_leaf': 1, 'subsample': 0.8, 'max_features': 'sqrt'}",scenario_results_scenarios_2025-11-30_104836_early_stop/gradientboosting_Scenario1_T_Video2_Session2 vs Session1_2025-11-30_104836_seed123_early_stop.pkl,1.0,1.0,1.0,1.0,1.0,1.0,1.0,1.0,1.0,1.0,1.0,1.0,1.0,0.11475409836065574,0.08743169398907104,0.08743169398907104,0.07377049180327869,0.07377049180327869,0.11475409836065574,0.11475409836065574,0.11475409836065574,0.21311475409836064,0.22950819672131148,0.2459016393442623,0.26229508196721313,0.11475409836065574
1,Scenario1_T_Video3_Session1 vs Session2,GradientBoosting,123,61,61,"{'n_estimators': 100, 'max_depth': 3, 'learning_rate': 0.05, 'min_samples_split': 2, 'min_samples_leaf': 1, 'subsample': 0.8, 'max_features': 'sqrt'}",scenario_results_scenarios_2025-11-30_104836_early_stop/gradientboosting_Scenario1_T_Video3_Session1 vs Session2_2025-11-30_104836_seed123_early_stop.pkl,1.0,1.0,1.0,1.0,1.0,1.0,1.0,1.0,1.0,1.0,1.0,1.0,1.0,0.03278688524590164,0.01639344262295082,0.01639344262295082,0.011475409836065573,0.011475409836065573,0.03278688524590164,0.03278688524590164,0.03278688524590164,0.06557377049180328,0.14754098360655737,0.22950819672131148,0.22950819672131148,0.03278688524590164
1,Scenario1_T_Video3_Session2 vs Session1,GradientBoosting,123,61,61,"{'n_estimators': 100, 'max_depth': 3, 'learning_rate': 0.05, 'min_samples_split': 2, 'min_samples_leaf': 1, 'subsample': 0.8, 'max_features': 'sqrt'}",scenario_results_scenarios_2025-11-30_104836_early_stop/gradientboosting_Scenario1_T_Video3_Session2 vs Session1_2025-11-30_104836_seed123_early_stop.pkl,1.0,1.0,1.0,1.0,1.0,1.0,1.0,1.0,1.0,1.0,1.0,1.0,1.0,0.09836065573770492,0.0555275325767129,0.0555275325767129,0.04371584699453552,0.04371584699453552,0.09836065573770492,0.09836065573770492,0.09836065573770492,0.16393442622950818,0.22950819672131148,0.26229508196721313,0.3114754098360656,0.09836065573770492
1,Scenario1_F_Video1_Session1 vs Session2,KNN,123,61,61,"{'n_neighbors': 3, 'weights': 'uniform', 'metric': 'euclidean', 'algorithm': 'auto'}",scenario_results_scenarios_2025-11-30_104836_early_stop/knn_Scenario1_F_Video1_Session1 vs Session2_2025-11-30_104836_seed123_early_stop.pkl,0.19672131147540983,0.10746812386156648,0.10746812386156648,0.08760733801717407,0.08760733801717407,0.19672131147540983,0.19672131147540983,0.18032786885245902,0.4426229508196721,0.6229508196721312,0.8032786885245902,1.0,0.0,0.06557377049180328,0.012998840867693325,0.012998840867693325,0.0072280178837555885,0.0072280178837555885,0.06557377049180328,0.06557377049180328,0.09836065573770492,0.19672131147540983,0.2459016393442623,0.36065573770491804,0.4262295081967213,0.0
1,Scenario1_F_Video1_Session2 vs Session1,KNN,123,61,61,"{'n_neighbors': 3, 'weights': 'uniform', 'metric': 'euclidean', 'algorithm': 'auto'}",scenario_results_scenarios_2025-11-30_104836_early_stop/knn_Scenario1_F_Video1_Session2 vs Session1_2025-11-30_104836_seed123_early_stop.pkl,0.22950819672131148,0.1293260473588342,0.1293260473588342,0.09931693989071039,0.09931693989071039,0.22950819672131148,0.22950819672131148,0.22950819672131148,0.3770491803278688,0.5737704918032787,0.7704918032786885,1.0,0.0,0.06557377049180328,0.03506375227686703,0.03506375227686703,0.02898126463700234,0.02898126463700234,0.06557377049180328,0.06557377049180328,0.09836065573770492,0.21311475409836064,0.3442622950819672,0.4262295081967213,0.4918032786885246,0.0
1,Scenario1_F_Video2_Session1 vs Session2,KNN,123,61,61,"{'n_neighbors': 3, 'weights': 'uniform', 'metric': 'euclidean', 'algorithm': 'auto'}",scenario_results_scenarios_2025-11-30_104836_early_stop/knn_Scenario1_F_Video2_Session1 vs Session2_2025-11-30_104836_seed123_early_stop.pkl,0.18032786885245902,0.09918032786885245,0.09918032786885245,0.0814278617557306,0.0814278617557306,0.18032786885245902,0.18032786885245902,0.21311475409836064,0.3770491803278688,0.6229508196721312,0.819672131147541,1.0,0.0,0.03278688524590164,0.01092896174863388,0.01092896174863388,0.006954793840039741,0.006954793840039741,0.03278688524590164,0.03278688524590164,0.04918032786885246,0.14754098360655737,0.26229508196721313,0.3770491803278688,0.4098360655737705,0.0
1,Scenario1_F_Video2_Session2 vs Session1,KNN,123,61,61,"{'n_neighbors': 3, 'weights': 'uniform', 'metric': 'euclidean', 'algorithm': 'auto'}",scenario_results_scenarios_2025-11-30_104836_early_stop/knn_Scenario1_F_Video2_Session2 vs Session1_2025-11-30_104836_seed123_early_stop.pkl,0.21311475409836064,0.12759562841530053,0.12759562841530053,0.10762425188654696,0.10762425188654696,0.21311475409836064,0.21311475409836064,0.16393442622950818,0.4098360655737705,0.6557377049180327,0.7868852459016393,1.0,0.0,0.09836065573770492,0.05664845173041894,0.05664845173041894,0.048621460506706404,0.048621460506706404,0.09836065573770492,0.09836065573770492,0.13114754098360656,0.19672131147540983,0.29508196721311475,0.39344262295081966,0.4918032786885246,0.0
1,Scenario1_F_Video3_Session1 vs Session2,KNN,123,61,61,"{'n_neighbors': 3, 'weights': 'uniform', 'metric': 'euclidean', 'algorithm': 'auto'}",scenario_results_scenarios_2025-11-30_104836_early_stop/knn_Scenario1_F_Video3_Session1 vs Session2_2025-11-30_104836_seed123_early_stop.pkl,0.29508196721311475,0.19160811865729896,0.19160811865729896,0.16217798594847774,0.16217798594847774,0.29508196721311475,0.29508196721311475,0.21311475409836064,0.39344262295081966,0.5573770491803278,0.7049180327868853,1.0,0.0,0.11475409836065574,0.05199063231850118,0.05199063231850118,0.03925318761384335,0.03925318761384335,0.11475409836065574,0.11475409836065574,0.09836065573770492,0.16393442622950818,0.26229508196721313,0.32786885245901637,0.4426229508196721,0.0
1,Scenario1_F_Video3_Session2 vs Session1,KNN,123,61,61,"{'n_neighbors': 3, 'weights': 'uniform', 'metric': 'euclidean', 'algorithm': 'auto'}",scenario_results_scenarios_2025-11-30_104836_early_stop/knn_Scenario1_F_Video3_Session2 vs Session1_2025-11-30_104836_seed123_early_stop.pkl,0.22950819672131148,0.16038251366120218,0.16038251366120218,0.14414519906323184,0.14414519906323184,0.22950819672131148,0.22950819672131148,0.19672131147540983,0.36065573770491804,0.5409836065573771,0.7704918032786885,1.0,0.0,0.08196721311475409,0.04116575591985428,0.04116575591985428,0.03278688524590164,0.03278688524590164,0.08196721311475409,0.08196721311475409,0.09836065573770492,0.13114754098360656,0.19672131147540983,0.26229508196721313,0.3442622950819672,0.0
1,Scenario1_I_Video1_Session1 vs Session2,KNN,123,61,61,"{'n_neighbors': 3, 'weights': 'uniform', 'metric': 'euclidean', 'algorithm': 'auto'}",scenario_results_scenarios_2025-11-30_104836_early_stop/knn_Scenario1_I_Video1_Session1 vs Session2_2025-11-30_104836_seed123_early_stop.pkl,0.19672131147540983,0.09949258391881342,0.09949258391881342,0.07583918813427011,0.07583918813427011,0.19672131147540983,0.19672131147540983,0.18032786885245902,0.39344262295081966,0.5901639344262295,0.8032786885245902,1.0,0.0,0.11475409836065574,0.043520686963309914,0.043520686963309914,0.03224753388687815,0.03224753388687815,0.11475409836065574,0.11475409836065574,0.09836065573770492,0.18032786885245902,0.2786885245901639,0.32786885245901637,0.4426229508196721,0.0
1,Scenario1_I_Video1_Session2 vs Session1,KNN,123,61,61,"{'n_neighbors': 3, 'weights': 'uniform', 'metric': 'euclidean', 'algorithm': 'auto'}",scenario_results_scenarios_2025-11-30_104836_early_stop/knn_Scenario1_I_Video1_Session2 vs Session1_2025-11-30_104836_seed123_early_stop.pkl,0.21311475409836064,0.11020036429872494,0.11020036429872494,0.08374316939890711,0.08374316939890711,0.21311475409836064,0.21311475409836064,0.22950819672131148,0.4098360655737705,0.5409836065573771,0.7868852459016393,1.0,0.0,0.09836065573770492,0.056049960967993744,0.056049960967993744,0.046994535519125684,0.046994535519125684,0.09836065573770492,0.09836065573770492,0.09836065573770492,0.19672131147540983,0.26229508196721313,0.32786885245901637,0.4262295081967213,0.0
1,Scenario1_I_Video2_Session1 vs Session2,KNN,123,61,61,"{'n_neighbors': 3, 'weights': 'uniform', 'metric': 'euclidean', 'algorithm': 'auto'}",scenario_results_scenarios_2025-11-30_104836_early_stop/knn_Scenario1_I_Video2_Session1 vs Session2_2025-11-30_104836_seed123_early_stop.pkl,0.16393442622950818,0.08522106308991555,0.08522106308991555,0.06727816809784022,0.06727816809784022,0.16393442622950818,0.16393442622950818,0.26229508196721313,0.45901639344262296,0.639344262295082,0.8360655737704918,1.0,0.0,0.13114754098360656,0.05499527794609762,0.05499527794609762,0.040983606557377046,0.040983606557377046,0.13114754098360656,0.13114754098360656,0.09836065573770492,0.22950819672131148,0.29508196721311475,0.36065573770491804,0.4918032786885246,0.0
1,Scenario1_I_Video2_Session2 vs Session1,KNN,123,61,61,"{'n_neighbors': 3, 'weights': 'uniform', 'metric': 'euclidean', 'algorithm': 'auto'}",scenario_results_scenarios_2025-11-30_104836_early_stop/knn_Scenario1_I_Video2_Session2 vs Session1_2025-11-30_104836_seed123_early_stop.pkl,0.21311475409836064,0.11934686442883163,0.11934686442883163,0.09660421545667447,0.09660421545667447,0.21311475409836064,0.21311475409836064,0.2786885245901639,0.47540983606557374,0.6229508196721312,0.7868852459016393,1.0,0.0,0.11475409836065574,0.048633879781420766,0.048633879781420766,0.03615664845173042,0.03615664845173042,0.11475409836065574,0.11475409836065574,0.06557377049180328,0.09836065573770492,0.22950819672131148,0.3114754098360656,0.4262295081967213,0.0
1,Scenario1_I_Video3_Session1 vs Session2,KNN,123,61,61,"{'n_neighbors': 3, 'weights': 'uniform', 'metric': 'euclidean', 'algorithm': 'auto'}",scenario_results_scenarios_2025-11-30_104836_early_stop/knn_Scenario1_I_Video3_Session1 vs Session2_2025-11-30_104836_seed123_early_stop.pkl,0.21311475409836064,0.11256830601092897,0.11256830601092897,0.08670309653916211,0.08670309653916211,0.21311475409836064,0.21311475409836064,0.13114754098360656,0.3442622950819672,0.6065573770491803,0.7868852459016393,1.0,0.0,0.09836065573770492,0.03140775435857403,0.03140775435857403,0.019125683060109287,0.019125683060109287,0.09836065573770492,0.09836065573770492,0.06557377049180328,0.13114754098360656,0.26229508196721313,0.39344262295081966,0.4918032786885246,0.0
1,Scenario1_I_Video3_Session2 vs Session1,KNN,123,61,61,"{'n_neighbors': 3, 'weights': 'uniform', 'metric': 'euclidean', 'algorithm': 'auto'}",scenario_results_scenarios_2025-11-30_104836_early_stop/knn_Scenario1_I_Video3_Session2 vs Session1_2025-11-30_104836_seed123_early_stop.pkl,0.19672131147540983,0.09679937548790007,0.09679937548790007,0.07135050741608118,0.07135050741608118,0.19672131147540983,0.19672131147540983,0.18032786885245902,0.3442622950819672,0.5409836065573771,0.8032786885245902,1.0,0.0,0.11475409836065574,0.048399687743950044,0.048399687743950044,0.035831381733021084,0.035831381733021084,0.11475409836065574,0.11475409836065574,0.08196721311475409,0.14754098360655737,0.2786885245901639,0.3442622950819672,0.45901639344262296,0.0
1,Scenario1_T_Video1_Session1 vs Session2,KNN,123,61,61,"{'n_neighbors': 3, 'weights': 'uniform', 'metric': 'euclidean', 'algorithm': 'auto'}",scenario_results_scenarios_2025-11-30_104836_early_stop/knn_Scenario1_T_Video1_Session1 vs Session2_2025-11-30_104836_seed123_early_stop.pkl,0.19672131147540983,0.09852979443143378,0.09852979443143378,0.07597580015612802,0.07597580015612802,0.19672131147540983,0.19672131147540983,0.16393442622950818,0.39344262295081966,0.5737704918032787,0.8032786885245902,1.0,0.0,0.13114754098360656,0.06918873476250524,0.06918873476250524,0.05659640905542545,0.05659640905542545,0.13114754098360656,0.13114754098360656,0.06557377049180328,0.14754098360655737,0.21311475409836064,0.2459016393442623,0.3770491803278688,0.0
1,Scenario1_T_Video1_Session2 vs Session1,KNN,123,61,61,"{'n_neighbors': 3, 'weights': 'uniform', 'metric': 'euclidean', 'algorithm': 'auto'}",scenario_results_scenarios_2025-11-30_104836_early_stop/knn_Scenario1_T_Video1_Session2 vs Session1_2025-11-30_104836_seed123_early_stop.pkl,0.18032786885245902,0.10413739266198282,0.10413739266198282,0.08583138173302107,0.08583138173302107,0.18032786885245902,0.18032786885245902,0.2459016393442623,0.4262295081967213,0.639344262295082,0.819672131147541,1.0,0.0,0.09836065573770492,0.04156908665105387,0.04156908665105387,0.031485818371064275,0.031485818371064275,0.09836065573770492,0.09836065573770492,0.13114754098360656,0.26229508196721313,0.36065573770491804,0.4262295081967213,0.5245901639344263,0.0
1,Scenario1_T_Video2_Session1 vs Session2,KNN,123,61,61,"{'n_neighbors': 3, 'weights': 'uniform', 'metric': 'euclidean', 'algorithm': 'auto'}",scenario_results_scenarios_2025-11-30_104836_early_stop/knn_Scenario1_T_Video2_Session1 vs Session2_2025-11-30_104836_seed123_early_stop.pkl,0.16393442622950818,0.07226125422846735,0.07226125422846735,0.05244659711872827,0.05244659711872827,0.16393442622950818,0.16393442622950818,0.19672131147540983,0.4262295081967213,0.639344262295082,0.8360655737704918,1.0,0.0,0.04918032786885246,0.025761124121779857,0.025761124121779857,0.021857923497267763,0.021857923497267763,0.04918032786885246,0.04918032786885246,0.09836065573770492,0.16393442622950818,0.22950819672131148,0.3442622950819672,0.39344262295081966,0.0
1,Scenario1_T_Video2_Session2 vs Session1,KNN,123,61,61,"{'n_neighbors': 3, 'weights': 'uniform', 'metric': 'euclidean', 'algorithm': 'auto'}",scenario_results_scenarios_2025-11-30_104836_early_stop/knn_Scenario1_T_Video2_Session2 vs Session1_2025-11-30_104836_seed123_early_stop.pkl,0.22950819672131148,0.11929482175383814,0.11929482175383814,0.08772443403590945,0.08772443403590945,0.22950819672131148,0.22950819672131148,0.26229508196721313,0.4426229508196721,0.6229508196721312,0.7704918032786885,1.0,0.0,0.13114754098360656,0.056844794549712585,0.056844794549712585,0.042258652094717665,0.042258652094717665,0.13114754098360656,0.13114754098360656,0.06557377049180328,0.14754098360655737,0.26229508196721313,0.3114754098360656,0.4426229508196721,0.0
1,Scenario1_T_Video3_Session1 vs Session2,KNN,123,61,61,"{'n_neighbors': 3, 'weights': 'uniform', 'metric': 'euclidean', 'algorithm': 'auto'}",scenario_results_scenarios_2025-11-30_104836_early_stop/knn_Scenario1_T_Video3_Session1 vs Session2_2025-11-30_104836_seed123_early_stop.pkl,0.21311475409836064,0.10191256830601093,0.10191256830601093,0.07629456154046317,0.07629456154046317,0.21311475409836064,0.21311475409836064,0.21311475409836064,0.4098360655737705,0.6229508196721312,0.7868852459016393,1.0,0.0,0.04918032786885246,0.0156128024980484,0.0156128024980484,0.009289617486338797,0.009289617486338797,0.04918032786885246,0.04918032786885246,0.04918032786885246,0.13114754098360656,0.21311475409836064,0.32786885245901637,0.3770491803278688,0.0
1,Scenario1_T_Video3_Session2 vs Session1,KNN,123,61,61,"{'n_neighbors': 3, 'weights': 'uniform', 'metric': 'euclidean', 'algorithm': 'auto'}",scenario_results_scenarios_2025-11-30_104836_early_stop/knn_Scenario1_T_Video3_Session2 vs Session1_2025-11-30_104836_seed123_early_stop.pkl,0.22950819672131148,0.12552693208430912,0.12552693208430912,0.10031225604996095,0.10031225604996095,0.22950819672131148,0.22950819672131148,0.18032786885245902,0.3442622950819672,0.5409836065573771,0.7704918032786885,1.0,0.0,0.11475409836065574,0.052014652014652,0.052014652014652,0.038797814207650265,0.038797814207650265,0.11475409836065574,0.11475409836065574,0.04918032786885246,0.13114754098360656,0.2786885245901639,0.32786885245901637,0.4426229508196721,0.0
1,Scenario1_F_Video1_Session1 vs Session2,LogisticRegression,123,61,61,"{'C': 0.001, 'penalty': 'l2', 'solver': 'liblinear', 'max_iter': 3000}",scenario_results_scenarios_2025-11-30_104836_early_stop/logisticregression_Scenario1_F_Video1_Session1 vs Session2_2025-11-30_104836_seed123_early_stop.pkl,0.01639344262295082,0.0005288207297726071,0.0005288207297726071,0.0002687449610319807,0.0002687449610319807,0.01639344262295082,0.01639344262295082,0.01639344262295082,0.03278688524590164,0.04918032786885246,0.06557377049180328,0.08196721311475409,0.0,0.01639344262295082,0.0005288207297726071,0.0005288207297726071,0.0002687449610319807,0.0002687449610319807,0.01639344262295082,0.01639344262295082,0.01639344262295082,0.03278688524590164,0.04918032786885246,0.06557377049180328,0.08196721311475409,0.0
1,Scenario1_F_Video1_Session2 vs Session1,LogisticRegression,123,61,61,"{'C': 0.001, 'penalty': 'l2', 'solver': 'liblinear', 'max_iter': 3000}",scenario_results_scenarios_2025-11-30_104836_early_stop/logisticregression_Scenario1_F_Video1_Session2 vs Session1_2025-11-30_104836_seed123_early_stop.pkl,0.01639344262295082,0.0005288207297726071,0.0005288207297726071,0.0002687449610319807,0.0002687449610319807,0.01639344262295082,0.01639344262295082,0.01639344262295082,0.03278688524590164,0.04918032786885246,0.06557377049180328,0.08196721311475409,0.0,0.01639344262295082,0.0005288207297726071,0.0005288207297726071,0.0002687449610319807,0.0002687449610319807,0.01639344262295082,0.01639344262295082,0.01639344262295082,0.03278688524590164,0.04918032786885246,0.06557377049180328,0.08196721311475409,0.0
1,Scenario1_F_Video2_Session1 vs Session2,LogisticRegression,123,61,61,"{'C': 0.001, 'penalty': 'l2', 'solver': 'liblinear', 'max_iter': 3000}",scenario_results_scenarios_2025-11-30_104836_early_stop/logisticregression_Scenario1_F_Video2_Session1 vs Session2_2025-11-30_104836_seed123_early_stop.pkl,0.01639344262295082,0.0005288207297726071,0.0005288207297726071,0.0002687449610319807,0.0002687449610319807,0.01639344262295082,0.01639344262295082,0.01639344262295082,0.03278688524590164,0.04918032786885246,0.06557377049180328,0.08196721311475409,0.0,0.01639344262295082,0.0005288207297726071,0.0005288207297726071,0.0002687449610319807,0.0002687449610319807,0.01639344262295082,0.01639344262295082,0.01639344262295082,0.03278688524590164,0.04918032786885246,0.06557377049180328,0.08196721311475409,0.0
1,Scenario1_F_Video2_Session2 vs Session1,LogisticRegression,123,61,61,"{'C': 0.001, 'penalty': 'l2', 'solver': 'liblinear', 'max_iter': 3000}",scenario_results_scenarios_2025-11-30_104836_early_stop/logisticregression_Scenario1_F_Video2_Session2 vs Session1_2025-11-30_104836_seed123_early_stop.pkl,0.01639344262295082,0.0005288207297726071,0.0005288207297726071,0.0002687449610319807,0.0002687449610319807,0.01639344262295082,0.01639344262295082,0.01639344262295082,0.03278688524590164,0.04918032786885246,0.06557377049180328,0.08196721311475409,0.0,0.01639344262295082,0.0005288207297726071,0.0005288207297726071,0.0002687449610319807,0.0002687449610319807,0.01639344262295082,0.01639344262295082,0.01639344262295082,0.03278688524590164,0.04918032786885246,0.06557377049180328,0.08196721311475409,0.0
1,Scenario1_F_Video3_Session1 vs Session2,LogisticRegression,123,61,61,"{'C': 0.001, 'penalty': 'l2', 'solver': 'liblinear', 'max_iter': 3000}",scenario_results_scenarios_2025-11-30_104836_early_stop/logisticregression_Scenario1_F_Video3_Session1 vs Session2_2025-11-30_104836_seed123_early_stop.pkl,0.01639344262295082,0.0005288207297726071,0.0005288207297726071,0.0002687449610319807,0.0002687449610319807,0.01639344262295082,0.01639344262295082,0.01639344262295082,0.03278688524590164,0.04918032786885246,0.06557377049180328,0.08196721311475409,0.0,0.01639344262295082,0.0005288207297726071,0.0005288207297726071,0.0002687449610319807,0.0002687449610319807,0.01639344262295082,0.01639344262295082,0.01639344262295082,0.03278688524590164,0.04918032786885246,0.06557377049180328,0.08196721311475409,0.0
1,Scenario1_F_Video3_Session2 vs Session1,LogisticRegression,123,61,61,"{'C': 0.001, 'penalty': 'l2', 'solver': 'liblinear', 'max_iter': 3000}",scenario_results_scenarios_2025-11-30_104836_early_stop/logisticregression_Scenario1_F_Video3_Session2 vs Session1_2025-11-30_104836_seed123_early_stop.pkl,0.01639344262295082,0.0005288207297726071,0.0005288207297726071,0.0002687449610319807,0.0002687449610319807,0.01639344262295082,0.01639344262295082,0.01639344262295082,0.03278688524590164,0.04918032786885246,0.06557377049180328,0.08196721311475409,0.0,0.01639344262295082,0.0005288207297726071,0.0005288207297726071,0.0002687449610319807,0.0002687449610319807,0.01639344262295082,0.01639344262295082,0.01639344262295082,0.03278688524590164,0.04918032786885246,0.06557377049180328,0.08196721311475409,0.0
1,Scenario1_I_Video1_Session1 vs Session2,LogisticRegression,123,61,61,"{'C': 0.001, 'penalty': 'l2', 'solver': 'liblinear', 'max_iter': 3000}",scenario_results_scenarios_2025-11-30_104836_early_stop/logisticregression_Scenario1_I_Video1_Session1 vs Session2_2025-11-30_104836_seed123_early_stop.pkl,0.01639344262295082,0.0005288207297726071,0.0005288207297726071,0.0002687449610319807,0.0002687449610319807,0.01639344262295082,0.01639344262295082,0.01639344262295082,0.03278688524590164,0.04918032786885246,0.06557377049180328,0.08196721311475409,0.0,0.01639344262295082,0.0005288207297726071,0.0005288207297726071,0.0002687449610319807,0.0002687449610319807,0.01639344262295082,0.01639344262295082,0.01639344262295082,0.03278688524590164,0.04918032786885246,0.06557377049180328,0.08196721311475409,0.0
1,Scenario1_I_Video1_Session2 vs Session1,LogisticRegression,123,61,61,"{'C': 0.001, 'penalty': 'l2', 'solver': 'liblinear', 'max_iter': 3000}",scenario_results_scenarios_2025-11-30_104836_early_stop/logisticregression_Scenario1_I_Video1_Session2 vs Session1_2025-11-30_104836_seed123_early_stop.pkl,0.01639344262295082,0.0005288207297726071,0.0005288207297726071,0.0002687449610319807,0.0002687449610319807,0.01639344262295082,0.01639344262295082,0.01639344262295082,0.03278688524590164,0.04918032786885246,0.06557377049180328,0.08196721311475409,0.0,0.01639344262295082,0.0005288207297726071,0.0005288207297726071,0.0002687449610319807,0.0002687449610319807,0.01639344262295082,0.01639344262295082,0.01639344262295082,0.03278688524590164,0.04918032786885246,0.06557377049180328,0.08196721311475409,0.0
1,Scenario1_I_Video2_Session1 vs Session2,LogisticRegression,123,61,61,"{'C': 0.001, 'penalty': 'l2', 'solver': 'liblinear', 'max_iter': 3000}",scenario_results_scenarios_2025-11-30_104836_early_stop/logisticregression_Scenario1_I_Video2_Session1 vs Session2_2025-11-30_104836_seed123_early_stop.pkl,0.01639344262295082,0.0005288207297726071,0.0005288207297726071,0.0002687449610319807,0.0002687449610319807,0.01639344262295082,0.01639344262295082,0.01639344262295082,0.03278688524590164,0.04918032786885246,0.06557377049180328,0.08196721311475409,0.0,0.01639344262295082,0.0005288207297726071,0.0005288207297726071,0.0002687449610319807,0.0002687449610319807,0.01639344262295082,0.01639344262295082,0.01639344262295082,0.03278688524590164,0.04918032786885246,0.06557377049180328,0.08196721311475409,0.0
1,Scenario1_I_Video2_Session2 vs Session1,LogisticRegression,123,61,61,"{'C': 0.001, 'penalty': 'l2', 'solver': 'liblinear', 'max_iter': 3000}",scenario_results_scenarios_2025-11-30_104836_early_stop/logisticregression_Scenario1_I_Video2_Session2 vs Session1_2025-11-30_104836_seed123_early_stop.pkl,0.01639344262295082,0.0005288207297726071,0.0005288207297726071,0.0002687449610319807,0.0002687449610319807,0.01639344262295082,0.01639344262295082,0.01639344262295082,0.03278688524590164,0.04918032786885246,0.06557377049180328,0.08196721311475409,0.0,0.01639344262295082,0.0005288207297726071,0.0005288207297726071,0.0002687449610319807,0.0002687449610319807,0.01639344262295082,0.01639344262295082,0.01639344262295082,0.03278688524590164,0.04918032786885246,0.06557377049180328,0.08196721311475409,0.0
1,Scenario1_I_Video3_Session1 vs Session2,LogisticRegression,123,61,61,"{'C': 0.001, 'penalty': 'l2', 'solver': 'liblinear', 'max_iter': 3000}",scenario_results_scenarios_2025-11-30_104836_early_stop/logisticregression_Scenario1_I_Video3_Session1 vs Session2_2025-11-30_104836_seed123_early_stop.pkl,0.01639344262295082,0.0005288207297726071,0.0005288207297726071,0.0002687449610319807,0.0002687449610319807,0.01639344262295082,0.01639344262295082,0.01639344262295082,0.03278688524590164,0.04918032786885246,0.06557377049180328,0.08196721311475409,0.0,0.01639344262295082,0.0005288207297726071,0.0005288207297726071,0.0002687449610319807,0.0002687449610319807,0.01639344262295082,0.01639344262295082,0.01639344262295082,0.03278688524590164,0.04918032786885246,0.06557377049180328,0.08196721311475409,0.0
1,Scenario1_I_Video3_Session2 vs Session1,LogisticRegression,123,61,61,"{'C': 0.001, 'penalty': 'l2', 'solver': 'liblinear', 'max_iter': 3000}",scenario_results_scenarios_2025-11-30_104836_early_stop/logisticregression_Scenario1_I_Video3_Session2 vs Session1_2025-11-30_104836_seed123_early_stop.pkl,0.01639344262295082,0.0005288207297726071,0.0005288207297726071,0.0002687449610319807,0.0002687449610319807,0.01639344262295082,0.01639344262295082,0.01639344262295082,0.03278688524590164,0.04918032786885246,0.06557377049180328,0.08196721311475409,0.0,0.01639344262295082,0.0005288207297726071,0.0005288207297726071,0.0002687449610319807,0.0002687449610319807,0.01639344262295082,0.01639344262295082,0.01639344262295082,0.03278688524590164,0.04918032786885246,0.06557377049180328,0.08196721311475409,0.0
1,Scenario1_T_Video1_Session1 vs Session2,LogisticRegression,123,61,61,"{'C': 0.001, 'penalty': 'l2', 'solver': 'liblinear', 'max_iter': 3000}",scenario_results_scenarios_2025-11-30_104836_early_stop/logisticregression_Scenario1_T_Video1_Session1 vs Session2_2025-11-30_104836_seed123_early_stop.pkl,0.01639344262295082,0.0005288207297726071,0.0005288207297726071,0.0002687449610319807,0.0002687449610319807,0.01639344262295082,0.01639344262295082,0.01639344262295082,0.03278688524590164,0.04918032786885246,0.06557377049180328,0.08196721311475409,0.0,0.01639344262295082,0.0005288207297726071,0.0005288207297726071,0.0002687449610319807,0.0002687449610319807,0.01639344262295082,0.01639344262295082,0.01639344262295082,0.03278688524590164,0.04918032786885246,0.06557377049180328,0.08196721311475409,0.0
1,Scenario1_T_Video1_Session2 vs Session1,LogisticRegression,123,61,61,"{'C': 0.001, 'penalty': 'l2', 'solver': 'liblinear', 'max_iter': 3000}",scenario_results_scenarios_2025-11-30_104836_early_stop/logisticregression_Scenario1_T_Video1_Session2 vs Session1_2025-11-30_104836_seed123_early_stop.pkl,0.01639344262295082,0.0005288207297726071,0.0005288207297726071,0.0002687449610319807,0.0002687449610319807,0.01639344262295082,0.01639344262295082,0.01639344262295082,0.03278688524590164,0.04918032786885246,0.06557377049180328,0.08196721311475409,0.0,0.01639344262295082,0.0005288207297726071,0.0005288207297726071,0.0002687449610319807,0.0002687449610319807,0.01639344262295082,0.01639344262295082,0.01639344262295082,0.03278688524590164,0.04918032786885246,0.06557377049180328,0.08196721311475409,0.0
1,Scenario1_T_Video2_Session1 vs Session2,LogisticRegression,123,61,61,"{'C': 0.001, 'penalty': 'l2', 'solver': 'liblinear', 'max_iter': 3000}",scenario_results_scenarios_2025-11-30_104836_early_stop/logisticregression_Scenario1_T_Video2_Session1 vs Session2_2025-11-30_104836_seed123_early_stop.pkl,0.01639344262295082,0.0005288207297726071,0.0005288207297726071,0.0002687449610319807,0.0002687449610319807,0.01639344262295082,0.01639344262295082,0.01639344262295082,0.03278688524590164,0.04918032786885246,0.06557377049180328,0.08196721311475409,0.0,0.01639344262295082,0.0005288207297726071,0.0005288207297726071,0.0002687449610319807,0.0002687449610319807,0.01639344262295082,0.01639344262295082,0.01639344262295082,0.03278688524590164,0.04918032786885246,0.06557377049180328,0.08196721311475409,0.0
1,Scenario1_T_Video2_Session2 vs Session1,LogisticRegression,123,61,61,"{'C': 0.001, 'penalty': 'l2', 'solver': 'liblinear', 'max_iter': 3000}",scenario_results_scenarios_2025-11-30_104836_early_stop/logisticregression_Scenario1_T_Video2_Session2 vs Session1_2025-11-30_104836_seed123_early_stop.pkl,0.01639344262295082,0.0005288207297726071,0.0005288207297726071,0.0002687449610319807,0.0002687449610319807,0.01639344262295082,0.01639344262295082,0.01639344262295082,0.03278688524590164,0.04918032786885246,0.06557377049180328,0.08196721311475409,0.0,0.01639344262295082,0.0005288207297726071,0.0005288207297726071,0.0002687449610319807,0.0002687449610319807,0.01639344262295082,0.01639344262295082,0.01639344262295082,0.03278688524590164,0.04918032786885246,0.06557377049180328,0.08196721311475409,0.0
1,Scenario1_T_Video3_Session1 vs Session2,LogisticRegression,123,61,61,"{'C': 0.001, 'penalty': 'l2', 'solver': 'liblinear', 'max_iter': 3000}",scenario_results_scenarios_2025-11-30_104836_early_stop/logisticregression_Scenario1_T_Video3_Session1 vs Session2_2025-11-30_104836_seed123_early_stop.pkl,0.01639344262295082,0.0005288207297726071,0.0005288207297726071,0.0002687449610319807,0.0002687449610319807,0.01639344262295082,0.01639344262295082,0.01639344262295082,0.03278688524590164,0.04918032786885246,0.06557377049180328,0.08196721311475409,0.0,0.01639344262295082,0.0005288207297726071,0.0005288207297726071,0.0002687449610319807,0.0002687449610319807,0.01639344262295082,0.01639344262295082,0.01639344262295082,0.03278688524590164,0.04918032786885246,0.06557377049180328,0.08196721311475409,0.0
1,Scenario1_T_Video3_Session2 vs Session1,LogisticRegression,123,61,61,"{'C': 0.001, 'penalty': 'l2', 'solver': 'liblinear', 'max_iter': 3000}",scenario_results_scenarios_2025-11-30_104836_early_stop/logisticregression_Scenario1_T_Video3_Session2 vs Session1_2025-11-30_104836_seed123_early_stop.pkl,0.01639344262295082,0.0005288207297726071,0.0005288207297726071,0.0002687449610319807,0.0002687449610319807,0.01639344262295082,0.01639344262295082,0.01639344262295082,0.03278688524590164,0.04918032786885246,0.06557377049180328,0.08196721311475409,0.0,0.01639344262295082,0.0005288207297726071,0.0005288207297726071,0.0002687449610319807,0.0002687449610319807,0.01639344262295082,0.01639344262295082,0.01639344262295082,0.03278688524590164,0.04918032786885246,0.06557377049180328,0.08196721311475409,0.0
1,Scenario1_F_Video1_Session1 vs Session2,RandomForest,456,61,61,"{'n_estimators': 100, 'max_depth': 10, 'min_samples_split': 2, 'min_samples_leaf': 1, 'max_features': 'sqrt', 'bootstrap': True}",scenario_results_scenarios_2025-11-30_104836_early_stop/randomforest_Scenario1_F_Video1_Session1 vs Session2_2025-11-30_104836_seed456_early_stop.pkl,1.0,1.0,1.0,1.0,1.0,1.0,1.0,1.0,1.0,1.0,1.0,1.0,1.0,0.29508196721311475,0.21420765027322403,0.21420765027322403,0.18224043715846996,0.18224043715846996,0.29508196721311475,0.29508196721311475,0.26229508196721313,0.39344262295081966,0.45901639344262296,0.5573770491803278,0.5901639344262295,0.26229508196721313
1,Scenario1_F_Video1_Session2 vs Session1,RandomForest,456,61,61,"{'n_estimators': 100, 'max_depth': 10, 'min_samples_split': 2, 'min_samples_leaf': 1, 'max_features': 'sqrt', 'bootstrap': True}",scenario_results_scenarios_2025-11-30_104836_early_stop/randomforest_Scenario1_F_Video1_Session2 vs Session1_2025-11-30_104836_seed456_early_stop.pkl,1.0,1.0,1.0,1.0,1.0,1.0,1.0,1.0,1.0,1.0,1.0,1.0,1.0,0.09836065573770492,0.06666666666666667,0.06666666666666667,0.05327868852459016,0.05327868852459016,0.09836065573770492,0.09836065573770492,0.09836065573770492,0.2459016393442623,0.3442622950819672,0.5081967213114754,0.5901639344262295,0.09836065573770492
1,Scenario1_F_Video2_Session1 vs Session2,RandomForest,456,61,61,"{'n_estimators': 100, 'max_depth': 10, 'min_samples_split': 2, 'min_samples_leaf': 1, 'max_features': 'sqrt', 'bootstrap': True}",scenario_results_scenarios_2025-11-30_104836_early_stop/randomforest_Scenario1_F_Video2_Session1 vs Session2_2025-11-30_104836_seed456_early_stop.pkl,1.0,1.0,1.0,1.0,1.0,1.0,1.0,1.0,1.0,1.0,1.0,1.0,1.0,0.22950819672131148,0.17158469945355193,0.17158469945355193,0.15027322404371585,0.15027322404371585,0.22950819672131148,0.22950819672131148,0.22950819672131148,0.3442622950819672,0.4426229508196721,0.5081967213114754,0.5737704918032787,0.22950819672131148
1,Scenario1_F_Video2_Session2 vs Session1,RandomForest,456,61,61,"{'n_estimators': 100, 'max_depth': 10, 'min_samples_split': 2, 'min_samples_leaf': 1, 'max_features': 'sqrt', 'bootstrap': True}",scenario_results_scenarios_2025-11-30_104836_early_stop/randomforest_Scenario1_F_Video2_Session2 vs Session1_2025-11-30_104836_seed456_early_stop.pkl,1.0,1.0,1.0,1.0,1.0,1.0,1.0,1.0,1.0,1.0,1.0,1.0,1.0,0.26229508196721313,0.18415300546448085,0.18415300546448085,0.15491803278688523,0.15491803278688523,0.26229508196721313,0.26229508196721313,0.2459016393442623,0.45901639344262296,0.5901639344262295,0.639344262295082,0.6721311475409836,0.2459016393442623
1,Scenario1_F_Video3_Session1 vs Session2,RandomForest,456,61,61,"{'n_estimators': 100, 'max_depth': 10, 'min_samples_split': 2, 'min_samples_leaf': 1, 'max_features': 'sqrt', 'bootstrap': True}",scenario_results_scenarios_2025-11-30_104836_early_stop/randomforest_Scenario1_F_Video3_Session1 vs Session2_2025-11-30_104836_seed456_early_stop.pkl,1.0,1.0,1.0,1.0,1.0,1.0,1.0,1.0,1.0,1.0,1.0,1.0,1.0,0.3114754098360656,0.22896174863387975,0.22896174863387975,0.19398907103825136,0.19398907103825136,0.3114754098360656,0.3114754098360656,0.32786885245901637,0.4262295081967213,0.4918032786885246,0.5737704918032787,0.6557377049180327,0.3114754098360656
1,Scenario1_F_Video3_Session2 vs Session1,RandomForest,456,61,61,"{'n_estimators': 100, 'max_depth': 10, 'min_samples_split': 2, 'min_samples_leaf': 1, 'max_features': 'sqrt', 'bootstrap': True}",scenario_results_scenarios_2025-11-30_104836_early_stop/randomforest_Scenario1_F_Video3_Session2 vs Session1_2025-11-30_104836_seed456_early_stop.pkl,1.0,1.0,1.0,1.0,1.0,1.0,1.0,1.0,1.0,1.0,1.0,1.0,1.0,0.19672131147540983,0.16939890710382513,0.16939890710382513,0.15846994535519124,0.15846994535519124,0.19672131147540983,0.19672131147540983,0.22950819672131148,0.3114754098360656,0.5081967213114754,0.6229508196721312,0.639344262295082,0.19672131147540983
1,Scenario1_I_Video1_Session1 vs Session2,RandomForest,456,61,61,"{'n_estimators': 100, 'max_depth': 10, 'min_samples_split': 2, 'min_samples_leaf': 1, 'max_features': 'sqrt', 'bootstrap': True}",scenario_results_scenarios_2025-11-30_104836_early_stop/randomforest_Scenario1_I_Video1_Session1 vs Session2_2025-11-30_104836_seed456_early_stop.pkl,1.0,1.0,1.0,1.0,1.0,1.0,1.0,1.0,1.0,1.0,1.0,1.0,1.0,0.11475409836065574,0.07213114754098361,0.07213114754098361,0.05928961748633879,0.05928961748633879,0.11475409836065574,0.11475409836065574,0.13114754098360656,0.3114754098360656,0.3770491803278688,0.4426229508196721,0.4918032786885246,0.08196721311475409
1,Scenario1_I_Video1_Session2 vs Session1,RandomForest,456,61,61,"{'n_estimators': 100, 'max_depth': 10, 'min_samples_split': 2, 'min_samples_leaf': 1, 'max_features': 'sqrt', 'bootstrap': True}",scenario_results_scenarios_2025-11-30_104836_early_stop/randomforest_Scenario1_I_Video1_Session2 vs Session1_2025-11-30_104836_seed456_early_stop.pkl,1.0,1.0,1.0,1.0,1.0,1.0,1.0,1.0,1.0,1.0,1.0,1.0,1.0,0.11475409836065574,0.07486338797814207,0.07486338797814207,0.06147540983606557,0.06147540983606557,0.11475409836065574,0.11475409836065574,0.16393442622950818,0.21311475409836064,0.3114754098360656,0.4098360655737705,0.47540983606557374,0.11475409836065574
1,Scenario1_I_Video2_Session1 vs Session2,RandomForest,456,61,61,"{'n_estimators': 100, 'max_depth': 10, 'min_samples_split': 2, 'min_samples_leaf': 1, 'max_features': 'sqrt', 'bootstrap': True}",scenario_results_scenarios_2025-11-30_104836_early_stop/randomforest_Scenario1_I_Video2_Session1 vs Session2_2025-11-30_104836_seed456_early_stop.pkl,1.0,1.0,1.0,1.0,1.0,1.0,1.0,1.0,1.0,1.0,1.0,1.0,1.0,0.3114754098360656,0.22896174863387975,0.22896174863387975,0.1994535519125683,0.1994535519125683,0.3114754098360656,0.3114754098360656,0.32786885245901637,0.39344262295081966,0.47540983606557374,0.5409836065573771,0.5901639344262295,0.29508196721311475
1,Scenario1_I_Video2_Session2 vs Session1,RandomForest,456,61,61,"{'n_estimators': 100, 'max_depth': 10, 'min_samples_split': 2, 'min_samples_leaf': 1, 'max_features': 'sqrt', 'bootstrap': True}",scenario_results_scenarios_2025-11-30_104836_early_stop/randomforest_Scenario1_I_Video2_Session2 vs Session1_2025-11-30_104836_seed456_early_stop.pkl,1.0,1.0,1.0,1.0,1.0,1.0,1.0,1.0,1.0,1.0,1.0,1.0,1.0,0.26229508196721313,0.18087431693989067,0.18087431693989067,0.15163934426229508,0.15163934426229508,0.26229508196721313,0.26229508196721313,0.26229508196721313,0.4262295081967213,0.5573770491803278,0.5737704918032787,0.6229508196721312,0.2459016393442623
1,Scenario1_I_Video3_Session1 vs Session2,RandomForest,456,61,61,"{'n_estimators': 100, 'max_depth': 10, 'min_samples_split': 2, 'min_samples_leaf': 1, 'max_features': 'sqrt', 'bootstrap': True}",scenario_results_scenarios_2025-11-30_104836_early_stop/randomforest_Scenario1_I_Video3_Session1 vs Session2_2025-11-30_104836_seed456_early_stop.pkl,1.0,1.0,1.0,1.0,1.0,1.0,1.0,1.0,1.0,1.0,1.0,1.0,1.0,0.3442622950819672,0.24808743169398903,0.24808743169398903,0.2076502732240437,0.2076502732240437,0.3442622950819672,0.3442622950819672,0.29508196721311475,0.47540983606557374,0.5901639344262295,0.6721311475409836,0.7049180327868853,0.29508196721311475
1,Scenario1_I_Video3_Session2 vs Session1,RandomForest,456,61,61,"{'n_estimators': 100, 'max_depth': 10, 'min_samples_split': 2, 'min_samples_leaf': 1, 'max_features': 'sqrt', 'bootstrap': True}",scenario_results_scenarios_2025-11-30_104836_early_stop/randomforest_Scenario1_I_Video3_Session2 vs Session1_2025-11-30_104836_seed456_early_stop.pkl,1.0,1.0,1.0,1.0,1.0,1.0,1.0,1.0,1.0,1.0,1.0,1.0,1.0,0.3442622950819672,0.26885245901639343,0.26885245901639343,0.23633879781420764,0.23633879781420764,0.3442622950819672,0.3442622950819672,0.3442622950819672,0.4426229508196721,0.5081967213114754,0.5737704918032787,0.639344262295082,0.3114754098360656
1,Scenario1_T_Video1_Session1 vs Session2,RandomForest,456,61,61,"{'n_estimators': 100, 'max_depth': 10, 'min_samples_split': 2, 'min_samples_leaf': 1, 'max_features': 'sqrt', 'bootstrap': True}",scenario_results_scenarios_2025-11-30_104836_early_stop/randomforest_Scenario1_T_Video1_Session1 vs Session2_2025-11-30_104836_seed456_early_stop.pkl,1.0,1.0,1.0,1.0,1.0,1.0,1.0,1.0,1.0,1.0,1.0,1.0,1.0,0.2459016393442623,0.1786885245901639,0.1786885245901639,0.15163934426229508,0.15163934426229508,0.2459016393442623,0.2459016393442623,0.2786885245901639,0.4262295081967213,0.5409836065573771,0.6065573770491803,0.6229508196721312,0.2459016393442623
1,Scenario1_T_Video1_Session2 vs Session1,RandomForest,456,61,61,"{'n_estimators': 100, 'max_depth': 10, 'min_samples_split': 2, 'min_samples_leaf': 1, 'max_features': 'sqrt', 'bootstrap': True}",scenario_results_scenarios_2025-11-30_104836_early_stop/randomforest_Scenario1_T_Video1_Session2 vs Session1_2025-11-30_104836_seed456_early_stop.pkl,1.0,1.0,1.0,1.0,1.0,1.0,1.0,1.0,1.0,1.0,1.0,1.0,1.0,0.32786885245901637,0.2595628415300546,0.2595628415300546,0.23278688524590166,0.23278688524590166,0.32786885245901637,0.32786885245901637,0.3442622950819672,0.47540983606557374,0.5409836065573771,0.6065573770491803,0.639344262295082,0.32786885245901637
1,Scenario1_T_Video2_Session1 vs Session2,RandomForest,456,61,61,"{'n_estimators': 100, 'max_depth': 10, 'min_samples_split': 2, 'min_samples_leaf': 1, 'max_features': 'sqrt', 'bootstrap': True}",scenario_results_scenarios_2025-11-30_104836_early_stop/randomforest_Scenario1_T_Video2_Session1 vs Session2_2025-11-30_104836_seed456_early_stop.pkl,1.0,1.0,1.0,1.0,1.0,1.0,1.0,1.0,1.0,1.0,1.0,1.0,1.0,0.19672131147540983,0.1612021857923497,0.1612021857923497,0.14808743169398908,0.14808743169398908,0.19672131147540983,0.19672131147540983,0.18032786885245902,0.39344262295081966,0.4918032786885246,0.5409836065573771,0.6065573770491803,0.18032786885245902
1,Scenario1_T_Video2_Session2 vs Session1,RandomForest,456,61,61,"{'n_estimators': 100, 'max_depth': 10, 'min_samples_split': 2, 'min_samples_leaf': 1, 'max_features': 'sqrt', 'bootstrap': True}",scenario_results_scenarios_2025-11-30_104836_early_stop/randomforest_Scenario1_T_Video2_Session2 vs Session1_2025-11-30_104836_seed456_early_stop.pkl,1.0,1.0,1.0,1.0,1.0,1.0,1.0,1.0,1.0,1.0,1.0,1.0,1.0,0.21311475409836064,0.1557377049180328,0.1557377049180328,0.13442622950819672,0.13442622950819672,0.21311475409836064,0.21311475409836064,0.22950819672131148,0.36065573770491804,0.47540983606557374,0.5573770491803278,0.639344262295082,0.19672131147540983
1,Scenario1_T_Video3_Session1 vs Session2,RandomForest,456,61,61,"{'n_estimators': 100, 'max_depth': 10, 'min_samples_split': 2, 'min_samples_leaf': 1, 'max_features': 'sqrt', 'bootstrap': True}",scenario_results_scenarios_2025-11-30_104836_early_stop/randomforest_Scenario1_T_Video3_Session1 vs Session2_2025-11-30_104836_seed456_early_stop.pkl,1.0,1.0,1.0,1.0,1.0,1.0,1.0,1.0,1.0,1.0,1.0,1.0,1.0,0.26229508196721313,0.19344262295081965,0.19344262295081965,0.16721311475409834,0.16721311475409834,0.26229508196721313,0.26229508196721313,0.26229508196721313,0.32786885245901637,0.47540983606557374,0.5081967213114754,0.5245901639344263,0.26229508196721313
1,Scenario1_T_Video3_Session2 vs Session1,RandomForest,456,61,61,"{'n_estimators': 100, 'max_depth': 10, 'min_samples_split': 2, 'min_samples_leaf': 1, 'max_features': 'sqrt', 'bootstrap': True}",scenario_results_scenarios_2025-11-30_104836_early_stop/randomforest_Scenario1_T_Video3_Session2 vs Session1_2025-11-30_104836_seed456_early_stop.pkl,1.0,1.0,1.0,1.0,1.0,1.0,1.0,1.0,1.0,1.0,1.0,1.0,1.0,0.18032786885245902,0.13114754098360656,0.13114754098360656,0.11202185792349727,0.11202185792349727,0.18032786885245902,0.18032786885245902,0.16393442622950818,0.32786885245901637,0.4262295081967213,0.5901639344262295,0.639344262295082,0.16393442622950818
1,Scenario1_F_Video1_Session1 vs Session2,XGBoost,456,61,61,"{'n_estimators': 1000, 'max_depth': 4, 'learning_rate': 0.05, 'subsample': 0.8, 'colsample_bytree': 0.8, 'reg_lambda': 1, 'device': 'cpu'}",scenario_results_scenarios_2025-11-30_104836_early_stop/xgboost_Scenario1_F_Video1_Session1 vs Session2_2025-11-30_104836_seed456_early_stop.pkl,0.01639344262295082,0.0005288207297726071,0.0005288207297726071,0.0002687449610319807,0.0002687449610319807,0.01639344262295082,0.01639344262295082,0.01639344262295082,0.03278688524590164,0.04918032786885246,0.06557377049180328,0.08196721311475409,0.01639344262295082,0.01639344262295082,0.0005288207297726071,0.0005288207297726071,0.0002687449610319807,0.0002687449610319807,0.01639344262295082,0.01639344262295082,0.01639344262295082,0.03278688524590164,0.04918032786885246,0.06557377049180328,0.08196721311475409,0.01639344262295082
1,Scenario1_F_Video1_Session2 vs Session1,XGBoost,456,61,61,"{'n_estimators': 1000, 'max_depth': 4, 'learning_rate': 0.05, 'subsample': 0.8, 'colsample_bytree': 0.8, 'reg_lambda': 1, 'device': 'cpu'}",scenario_results_scenarios_2025-11-30_104836_early_stop/xgboost_Scenario1_F_Video1_Session2 vs Session1_2025-11-30_104836_seed456_early_stop.pkl,0.01639344262295082,0.0005288207297726071,0.0005288207297726071,0.0002687449610319807,0.0002687449610319807,0.01639344262295082,0.01639344262295082,0.01639344262295082,0.03278688524590164,0.04918032786885246,0.06557377049180328,0.08196721311475409,0.01639344262295082,0.01639344262295082,0.0005288207297726071,0.0005288207297726071,0.0002687449610319807,0.0002687449610319807,0.01639344262295082,0.01639344262295082,0.01639344262295082,0.03278688524590164,0.04918032786885246,0.06557377049180328,0.08196721311475409,0.01639344262295082
1,Scenario1_F_Video2_Session1 vs Session2,XGBoost,456,61,61,"{'n_estimators': 1000, 'max_depth': 4, 'learning_rate': 0.05, 'subsample': 0.8, 'colsample_bytree': 0.8, 'reg_lambda': 1, 'device': 'cpu'}",scenario_results_scenarios_2025-11-30_104836_early_stop/xgboost_Scenario1_F_Video2_Session1 vs Session2_2025-11-30_104836_seed456_early_stop.pkl,0.01639344262295082,0.0005288207297726071,0.0005288207297726071,0.0002687449610319807,0.0002687449610319807,0.01639344262295082,0.01639344262295082,0.01639344262295082,0.03278688524590164,0.04918032786885246,0.06557377049180328,0.08196721311475409,0.01639344262295082,0.01639344262295082,0.0005288207297726071,0.0005288207297726071,0.0002687449610319807,0.0002687449610319807,0.01639344262295082,0.01639344262295082,0.01639344262295082,0.03278688524590164,0.04918032786885246,0.06557377049180328,0.08196721311475409,0.01639344262295082
1,Scenario1_F_Video2_Session2 vs Session1,XGBoost,456,61,61,"{'n_estimators': 1000, 'max_depth': 4, 'learning_rate': 0.05, 'subsample': 0.8, 'colsample_bytree': 0.8, 'reg_lambda': 1, 'device': 'cpu'}",scenario_results_scenarios_2025-11-30_104836_early_stop/xgboost_Scenario1_F_Video2_Session2 vs Session1_2025-11-30_104836_seed456_early_stop.pkl,0.01639344262295082,0.0005288207297726071,0.0005288207297726071,0.0002687449610319807,0.0002687449610319807,0.01639344262295082,0.01639344262295082,0.01639344262295082,0.03278688524590164,0.04918032786885246,0.06557377049180328,0.08196721311475409,0.01639344262295082,0.01639344262295082,0.0005288207297726071,0.0005288207297726071,0.0002687449610319807,0.0002687449610319807,0.01639344262295082,0.01639344262295082,0.01639344262295082,0.03278688524590164,0.04918032786885246,0.06557377049180328,0.08196721311475409,0.01639344262295082
1,Scenario1_F_Video3_Session1 vs Session2,XGBoost,456,61,61,"{'n_estimators': 1000, 'max_depth': 4, 'learning_rate': 0.05, 'subsample': 0.8, 'colsample_bytree': 0.8, 'reg_lambda': 1, 'device': 'cpu'}",scenario_results_scenarios_2025-11-30_104836_early_stop/xgboost_Scenario1_F_Video3_Session1 vs Session2_2025-11-30_104836_seed456_early_stop.pkl,0.01639344262295082,0.0005288207297726071,0.0005288207297726071,0.0002687449610319807,0.0002687449610319807,0.01639344262295082,0.01639344262295082,0.01639344262295082,0.03278688524590164,0.04918032786885246,0.06557377049180328,0.08196721311475409,0.01639344262295082,0.01639344262295082,0.0005288207297726071,0.0005288207297726071,0.0002687449610319807,0.0002687449610319807,0.01639344262295082,0.01639344262295082,0.01639344262295082,0.03278688524590164,0.04918032786885246,0.06557377049180328,0.08196721311475409,0.01639344262295082
1,Scenario1_F_Video3_Session2 vs Session1,XGBoost,456,61,61,"{'n_estimators': 1000, 'max_depth': 4, 'learning_rate': 0.05, 'subsample': 0.8, 'colsample_bytree': 0.8, 'reg_lambda': 1, 'device': 'cpu'}",scenario_results_scenarios_2025-11-30_104836_early_stop/xgboost_Scenario1_F_Video3_Session2 vs Session1_2025-11-30_104836_seed456_early_stop.pkl,0.01639344262295082,0.0005288207297726071,0.0005288207297726071,0.0002687449610319807,0.0002687449610319807,0.01639344262295082,0.01639344262295082,0.01639344262295082,0.03278688524590164,0.04918032786885246,0.06557377049180328,0.08196721311475409,0.01639344262295082,0.01639344262295082,0.0005288207297726071,0.0005288207297726071,0.0002687449610319807,0.0002687449610319807,0.01639344262295082,0.01639344262295082,0.01639344262295082,0.03278688524590164,0.04918032786885246,0.06557377049180328,0.08196721311475409,0.01639344262295082
1,Scenario1_I_Video1_Session1 vs Session2,XGBoost,456,61,61,"{'n_estimators': 1000, 'max_depth': 4, 'learning_rate': 0.05, 'subsample': 0.8, 'colsample_bytree': 0.8, 'reg_lambda': 1, 'device': 'cpu'}",scenario_results_scenarios_2025-11-30_104836_early_stop/xgboost_Scenario1_I_Video1_Session1 vs Session2_2025-11-30_104836_seed456_early_stop.pkl,0.01639344262295082,0.0005288207297726071,0.0005288207297726071,0.0002687449610319807,0.0002687449610319807,0.01639344262295082,0.01639344262295082,0.01639344262295082,0.03278688524590164,0.04918032786885246,0.06557377049180328,0.08196721311475409,0.01639344262295082,0.01639344262295082,0.0005288207297726071,0.0005288207297726071,0.0002687449610319807,0.0002687449610319807,0.01639344262295082,0.01639344262295082,0.01639344262295082,0.03278688524590164,0.04918032786885246,0.06557377049180328,0.08196721311475409,0.01639344262295082
1,Scenario1_I_Video1_Session2 vs Session1,XGBoost,456,61,61,"{'n_estimators': 1000, 'max_depth': 4, 'learning_rate': 0.05, 'subsample': 0.8, 'colsample_bytree': 0.8, 'reg_lambda': 1, 'device': 'cpu'}",scenario_results_scenarios_2025-11-30_104836_early_stop/xgboost_Scenario1_I_Video1_Session2 vs Session1_2025-11-30_104836_seed456_early_stop.pkl,0.01639344262295082,0.0005288207297726071,0.0005288207297726071,0.0002687449610319807,0.0002687449610319807,0.01639344262295082,0.01639344262295082,0.01639344262295082,0.03278688524590164,0.04918032786885246,0.06557377049180328,0.08196721311475409,0.01639344262295082,0.01639344262295082,0.0005288207297726071,0.0005288207297726071,0.0002687449610319807,0.0002687449610319807,0.01639344262295082,0.01639344262295082,0.01639344262295082,0.03278688524590164,0.04918032786885246,0.06557377049180328,0.08196721311475409,0.01639344262295082
1,Scenario1_I_Video2_Session1 vs Session2,XGBoost,456,61,61,"{'n_estimators': 1000, 'max_depth': 4, 'learning_rate': 0.05, 'subsample': 0.8, 'colsample_bytree': 0.8, 'reg_lambda': 1, 'device': 'cpu'}",scenario_results_scenarios_2025-11-30_104836_early_stop/xgboost_Scenario1_I_Video2_Session1 vs Session2_2025-11-30_104836_seed456_early_stop.pkl,0.01639344262295082,0.0005288207297726071,0.0005288207297726071,0.0002687449610319807,0.0002687449610319807,0.01639344262295082,0.01639344262295082,0.01639344262295082,0.03278688524590164,0.04918032786885246,0.06557377049180328,0.08196721311475409,0.01639344262295082,0.01639344262295082,0.0005288207297726071,0.0005288207297726071,0.0002687449610319807,0.0002687449610319807,0.01639344262295082,0.01639344262295082,0.01639344262295082,0.03278688524590164,0.04918032786885246,0.06557377049180328,0.08196721311475409,0.01639344262295082
1,Scenario1_I_Video2_Session2 vs Session1,XGBoost,456,61,61,"{'n_estimators': 1000, 'max_depth': 4, 'learning_rate': 0.05, 'subsample': 0.8, 'colsample_bytree': 0.8, 'reg_lambda': 1, 'device': 'cpu'}",scenario_results_scenarios_2025-11-30_104836_early_stop/xgboost_Scenario1_I_Video2_Session2 vs Session1_2025-11-30_104836_seed456_early_stop.pkl,0.01639344262295082,0.0005288207297726071,0.0005288207297726071,0.0002687449610319807,0.0002687449610319807,0.01639344262295082,0.01639344262295082,0.01639344262295082,0.03278688524590164,0.04918032786885246,0.06557377049180328,0.08196721311475409,0.01639344262295082,0.01639344262295082,0.0005288207297726071,0.0005288207297726071,0.0002687449610319807,0.0002687449610319807,0.01639344262295082,0.01639344262295082,0.01639344262295082,0.03278688524590164,0.04918032786885246,0.06557377049180328,0.08196721311475409,0.01639344262295082
1,Scenario1_I_Video3_Session1 vs Session2,XGBoost,456,61,61,"{'n_estimators': 1000, 'max_depth': 4, 'learning_rate': 0.05, 'subsample': 0.8, 'colsample_bytree': 0.8, 'reg_lambda': 1, 'device': 'cpu'}",scenario_results_scenarios_2025-11-30_104836_early_stop/xgboost_Scenario1_I_Video3_Session1 vs Session2_2025-11-30_104836_seed456_early_stop.pkl,0.01639344262295082,0.0005288207297726071,0.0005288207297726071,0.0002687449610319807,0.0002687449610319807,0.01639344262295082,0.01639344262295082,0.01639344262295082,0.03278688524590164,0.04918032786885246,0.06557377049180328,0.08196721311475409,0.01639344262295082,0.01639344262295082,0.0005288207297726071,0.0005288207297726071,0.0002687449610319807,0.0002687449610319807,0.01639344262295082,0.01639344262295082,0.01639344262295082,0.03278688524590164,0.04918032786885246,0.06557377049180328,0.08196721311475409,0.01639344262295082
1,Scenario1_I_Video3_Session2 vs Session1,XGBoost,456,61,61,"{'n_estimators': 1000, 'max_depth': 4, 'learning_rate': 0.05, 'subsample': 0.8, 'colsample_bytree': 0.8, 'reg_lambda': 1, 'device': 'cpu'}",scenario_results_scenarios_2025-11-30_104836_early_stop/xgboost_Scenario1_I_Video3_Session2 vs Session1_2025-11-30_104836_seed456_early_stop.pkl,0.01639344262295082,0.0005288207297726071,0.0005288207297726071,0.0002687449610319807,0.0002687449610319807,0.01639344262295082,0.01639344262295082,0.01639344262295082,0.03278688524590164,0.04918032786885246,0.06557377049180328,0.08196721311475409,0.01639344262295082,0.01639344262295082,0.0005288207297726071,0.0005288207297726071,0.0002687449610319807,0.0002687449610319807,0.01639344262295082,0.01639344262295082,0.01639344262295082,0.03278688524590164,0.04918032786885246,0.06557377049180328,0.08196721311475409,0.01639344262295082
1,Scenario1_T_Video1_Session1 vs Session2,XGBoost,456,61,61,"{'n_estimators': 1000, 'max_depth': 4, 'learning_rate': 0.05, 'subsample': 0.8, 'colsample_bytree': 0.8, 'reg_lambda': 1, 'device': 'cpu'}",scenario_results_scenarios_2025-11-30_104836_early_stop/xgboost_Scenario1_T_Video1_Session1 vs Session2_2025-11-30_104836_seed456_early_stop.pkl,0.01639344262295082,0.0005288207297726071,0.0005288207297726071,0.0002687449610319807,0.0002687449610319807,0.01639344262295082,0.01639344262295082,0.01639344262295082,0.03278688524590164,0.04918032786885246,0.06557377049180328,0.08196721311475409,0.01639344262295082,0.01639344262295082,0.0005288207297726071,0.0005288207297726071,0.0002687449610319807,0.0002687449610319807,0.01639344262295082,0.01639344262295082,0.01639344262295082,0.03278688524590164,0.04918032786885246,0.06557377049180328,0.08196721311475409,0.01639344262295082
1,Scenario1_T_Video1_Session2 vs Session1,XGBoost,456,61,61,"{'n_estimators': 1000, 'max_depth': 4, 'learning_rate': 0.05, 'subsample': 0.8, 'colsample_bytree': 0.8, 'reg_lambda': 1, 'device': 'cpu'}",scenario_results_scenarios_2025-11-30_104836_early_stop/xgboost_Scenario1_T_Video1_Session2 vs Session1_2025-11-30_104836_seed456_early_stop.pkl,0.01639344262295082,0.0005288207297726071,0.0005288207297726071,0.0002687449610319807,0.0002687449610319807,0.01639344262295082,0.01639344262295082,0.01639344262295082,0.03278688524590164,0.04918032786885246,0.06557377049180328,0.08196721311475409,0.01639344262295082,0.01639344262295082,0.0005288207297726071,0.0005288207297726071,0.0002687449610319807,0.0002687449610319807,0.01639344262295082,0.01639344262295082,0.01639344262295082,0.03278688524590164,0.04918032786885246,0.06557377049180328,0.08196721311475409,0.01639344262295082
1,Scenario1_T_Video2_Session1 vs Session2,XGBoost,456,61,61,"{'n_estimators': 1000, 'max_depth': 4, 'learning_rate': 0.05, 'subsample': 0.8, 'colsample_bytree': 0.8, 'reg_lambda': 1, 'device': 'cpu'}",scenario_results_scenarios_2025-11-30_104836_early_stop/xgboost_Scenario1_T_Video2_Session1 vs Session2_2025-11-30_104836_seed456_early_stop.pkl,0.01639344262295082,0.0005288207297726071,0.0005288207297726071,0.0002687449610319807,0.0002687449610319807,0.01639344262295082,0.01639344262295082,0.01639344262295082,0.03278688524590164,0.04918032786885246,0.06557377049180328,0.08196721311475409,0.01639344262295082,0.01639344262295082,0.0005288207297726071,0.0005288207297726071,0.0002687449610319807,0.0002687449610319807,0.01639344262295082,0.01639344262295082,0.01639344262295082,0.03278688524590164,0.04918032786885246,0.06557377049180328,0.08196721311475409,0.01639344262295082
1,Scenario1_T_Video2_Session2 vs Session1,XGBoost,456,61,61,"{'n_estimators': 1000, 'max_depth': 4, 'learning_rate': 0.05, 'subsample': 0.8, 'colsample_bytree': 0.8, 'reg_lambda': 1, 'device': 'cpu'}",scenario_results_scenarios_2025-11-30_104836_early_stop/xgboost_Scenario1_T_Video2_Session2 vs Session1_2025-11-30_104836_seed456_early_stop.pkl,0.01639344262295082,0.0005288207297726071,0.0005288207297726071,0.0002687449610319807,0.0002687449610319807,0.01639344262295082,0.01639344262295082,0.01639344262295082,0.03278688524590164,0.04918032786885246,0.06557377049180328,0.08196721311475409,0.01639344262295082,0.01639344262295082,0.0005288207297726071,0.0005288207297726071,0.0002687449610319807,0.0002687449610319807,0.01639344262295082,0.01639344262295082,0.01639344262295082,0.03278688524590164,0.04918032786885246,0.06557377049180328,0.08196721311475409,0.01639344262295082
1,Scenario1_T_Video3_Session1 vs Session2,XGBoost,456,61,61,"{'n_estimators': 1000, 'max_depth': 4, 'learning_rate': 0.05, 'subsample': 0.8, 'colsample_bytree': 0.8, 'reg_lambda': 1, 'device': 'cpu'}",scenario_results_scenarios_2025-11-30_104836_early_stop/xgboost_Scenario1_T_Video3_Session1 vs Session2_2025-11-30_104836_seed456_early_stop.pkl,0.01639344262295082,0.0005288207297726071,0.0005288207297726071,0.0002687449610319807,0.0002687449610319807,0.01639344262295082,0.01639344262295082,0.01639344262295082,0.03278688524590164,0.04918032786885246,0.06557377049180328,0.08196721311475409,0.01639344262295082,0.01639344262295082,0.0005288207297726071,0.0005288207297726071,0.0002687449610319807,0.0002687449610319807,0.01639344262295082,0.01639344262295082,0.01639344262295082,0.03278688524590164,0.04918032786885246,0.06557377049180328,0.08196721311475409,0.01639344262295082
1,Scenario1_T_Video3_Session2 vs Session1,XGBoost,456,61,61,"{'n_estimators': 1000, 'max_depth': 4, 'learning_rate': 0.05, 'subsample': 0.8, 'colsample_bytree': 0.8, 'reg_lambda': 1, 'device': 'cpu'}",scenario_results_scenarios_2025-11-30_104836_early_stop/xgboost_Scenario1_T_Video3_Session2 vs Session1_2025-11-30_104836_seed456_early_stop.pkl,0.01639344262295082,0.0005288207297726071,0.0005288207297726071,0.0002687449610319807,0.0002687449610319807,0.01639344262295082,0.01639344262295082,0.01639344262295082,0.03278688524590164,0.04918032786885246,0.06557377049180328,0.08196721311475409,0.01639344262295082,0.01639344262295082,0.0005288207297726071,0.0005288207297726071,0.0002687449610319807,0.0002687449610319807,0.01639344262295082,0.01639344262295082,0.01639344262295082,0.03278688524590164,0.04918032786885246,0.06557377049180328,0.08196721311475409,0.01639344262295082
1,Scenario1_F_Video1_Session1 vs Session2,CatBoost,456,61,61,"{'iterations': 1000, 'depth': 4, 'learning_rate': 0.05, 'l2_leaf_reg': 1, 'border_count': 32}",scenario_results_scenarios_2025-11-30_104836_early_stop/catboost_Scenario1_F_Video1_Session1 vs Session2_2025-11-30_104836_seed456_early_stop.pkl,1.0,1.0,1.0,1.0,1.0,1.0,1.0,1.0,1.0,1.0,1.0,1.0,1.0,0.26229508196721313,0.19508196721311474,0.19508196721311474,0.17185792349726778,0.17185792349726778,0.26229508196721313,0.26229508196721313,0.26229508196721313,0.45901639344262296,0.5245901639344263,0.6229508196721312,0.6557377049180327,0.26229508196721313
1,Scenario1_F_Video1_Session2 vs Session1,CatBoost,456,61,61,"{'iterations': 1000, 'depth': 4, 'learning_rate': 0.05, 'l2_leaf_reg': 1, 'border_count': 32}",scenario_results_scenarios_2025-11-30_104836_early_stop/catboost_Scenario1_F_Video1_Session2 vs Session1_2025-11-30_104836_seed456_early_stop.pkl,1.0,1.0,1.0,1.0,1.0,1.0,1.0,1.0,1.0,1.0,1.0,1.0,1.0,0.22950819672131148,0.160655737704918,0.160655737704918,0.1371584699453552,0.1371584699453552,0.22950819672131148,0.22950819672131148,0.22950819672131148,0.3770491803278688,0.5409836065573771,0.639344262295082,0.7049180327868853,0.22950819672131148
1,Scenario1_F_Video2_Session1 vs Session2,CatBoost,456,61,61,"{'iterations': 1000, 'depth': 4, 'learning_rate': 0.05, 'l2_leaf_reg': 1, 'border_count': 32}",scenario_results_scenarios_2025-11-30_104836_early_stop/catboost_Scenario1_F_Video2_Session1 vs Session2_2025-11-30_104836_seed456_early_stop.pkl,1.0,1.0,1.0,1.0,1.0,1.0,1.0,1.0,1.0,1.0,1.0,1.0,1.0,0.29508196721311475,0.21803278688524588,0.21803278688524588,0.18907103825136612,0.18907103825136612,0.29508196721311475,0.29508196721311475,0.29508196721311475,0.4426229508196721,0.5245901639344263,0.6229508196721312,0.7377049180327869,0.29508196721311475
1,Scenario1_F_Video2_Session2 vs Session1,CatBoost,456,61,61,"{'iterations': 1000, 'depth': 4, 'learning_rate': 0.05, 'l2_leaf_reg': 1, 'border_count': 32}",scenario_results_scenarios_2025-11-30_104836_early_stop/catboost_Scenario1_F_Video2_Session2 vs Session1_2025-11-30_104836_seed456_early_stop.pkl,1.0,1.0,1.0,1.0,1.0,1.0,1.0,1.0,1.0,1.0,1.0,1.0,1.0,0.29508196721311475,0.22950819672131145,0.22950819672131145,0.20218579234972675,0.20218579234972675,0.29508196721311475,0.29508196721311475,0.29508196721311475,0.4918032786885246,0.6557377049180327,0.7049180327868853,0.7704918032786885,0.29508196721311475
1,Scenario1_F_Video3_Session1 vs Session2,CatBoost,456,61,61,"{'iterations': 1000, 'depth': 4, 'learning_rate': 0.05, 'l2_leaf_reg': 1, 'border_count': 32}",scenario_results_scenarios_2025-11-30_104836_early_stop/catboost_Scenario1_F_Video3_Session1 vs Session2_2025-11-30_104836_seed456_early_stop.pkl,1.0,1.0,1.0,1.0,1.0,1.0,1.0,1.0,1.0,1.0,1.0,1.0,1.0,0.3114754098360656,0.2423887587822014,0.2423887587822014,0.21639344262295085,0.21639344262295085,0.3114754098360656,0.3114754098360656,0.3114754098360656,0.4426229508196721,0.5737704918032787,0.6065573770491803,0.6557377049180327,0.3114754098360656
1,Scenario1_F_Video3_Session2 vs Session1,CatBoost,456,61,61,"{'iterations': 1000, 'depth': 4, 'learning_rate': 0.05, 'l2_leaf_reg': 1, 'border_count': 32}",scenario_results_scenarios_2025-11-30_104836_early_stop/catboost_Scenario1_F_Video3_Session2 vs Session1_2025-11-30_104836_seed456_early_stop.pkl,1.0,1.0,1.0,1.0,1.0,1.0,1.0,1.0,1.0,1.0,1.0,1.0,1.0,0.29508196721311475,0.21693989071038247,0.21693989071038247,0.18715846994535518,0.18715846994535518,0.29508196721311475,0.29508196721311475,0.29508196721311475,0.45901639344262296,0.5901639344262295,0.639344262295082,0.6885245901639344,0.29508196721311475
1,Scenario1_I_Video1_Session1 vs Session2,CatBoost,456,61,61,"{'iterations': 1000, 'depth': 4, 'learning_rate': 0.05, 'l2_leaf_reg': 1, 'border_count': 32}",scenario_results_scenarios_2025-11-30_104836_early_stop/catboost_Scenario1_I_Video1_Session1 vs Session2_2025-11-30_104836_seed456_early_stop.pkl,1.0,1.0,1.0,1.0,1.0,1.0,1.0,1.0,1.0,1.0,1.0,1.0,1.0,0.22950819672131148,0.18852459016393439,0.18852459016393439,0.1721311475409836,0.1721311475409836,0.22950819672131148,0.22950819672131148,0.22950819672131148,0.39344262295081966,0.4918032786885246,0.5737704918032787,0.5901639344262295,0.22950819672131148
1,Scenario1_I_Video1_Session2 vs Session1,CatBoost,456,61,61,"{'iterations': 1000, 'depth': 4, 'learning_rate': 0.05, 'l2_leaf_reg': 1, 'border_count': 32}",scenario_results_scenarios_2025-11-30_104836_early_stop/catboost_Scenario1_I_Video1_Session2 vs Session1_2025-11-30_104836_seed456_early_stop.pkl,1.0,1.0,1.0,1.0,1.0,1.0,1.0,1.0,1.0,1.0,1.0,1.0,1.0,0.22950819672131148,0.1721311475409836,0.1721311475409836,0.14754098360655737,0.14754098360655737,0.22950819672131148,0.22950819672131148,0.22950819672131148,0.4098360655737705,0.45901639344262296,0.5409836065573771,0.6229508196721312,0.22950819672131148
1,Scenario1_I_Video2_Session1 vs Session2,CatBoost,456,61,61,"{'iterations': 1000, 'depth': 4, 'learning_rate': 0.05, 'l2_leaf_reg': 1, 'border_count': 32}",scenario_results_scenarios_2025-11-30_104836_early_stop/catboost_Scenario1_I_Video2_Session1 vs Session2_2025-11-30_104836_seed456_early_stop.pkl,1.0,1.0,1.0,1.0,1.0,1.0,1.0,1.0,1.0,1.0,1.0,1.0,1.0,0.3442622950819672,0.24972677595628412,0.24972677595628412,0.2144808743169399,0.2144808743169399,0.3442622950819672,0.3442622950819672,0.3442622950819672,0.4918032786885246,0.5901639344262295,0.6721311475409836,0.7377049180327869,0.3442622950819672
1,Scenario1_I_Video2_Session2 vs Session1,CatBoost,456,61,61,"{'iterations': 1000, 'depth': 4, 'learning_rate': 0.05, 'l2_leaf_reg': 1, 'border_count': 32}",scenario_results_scenarios_2025-11-30_104836_early_stop/catboost_Scenario1_I_Video2_Session2 vs Session1_2025-11-30_104836_seed456_early_stop.pkl,1.0,1.0,1.0,1.0,1.0,1.0,1.0,1.0,1.0,1.0,1.0,1.0,1.0,0.36065573770491804,0.2890710382513661,0.2890710382513661,0.26229508196721313,0.26229508196721313,0.36065573770491804,0.36065573770491804,0.36065573770491804,0.5409836065573771,0.6229508196721312,0.6885245901639344,0.7377049180327869,0.36065573770491804
1,Scenario1_I_Video3_Session1 vs Session2,CatBoost,456,61,61,"{'iterations': 1000, 'depth': 4, 'learning_rate': 0.05, 'l2_leaf_reg': 1, 'border_count': 32}",scenario_results_scenarios_2025-11-30_104836_early_stop/catboost_Scenario1_I_Video3_Session1 vs Session2_2025-11-30_104836_seed456_early_stop.pkl,1.0,1.0,1.0,1.0,1.0,1.0,1.0,1.0,1.0,1.0,1.0,1.0,1.0,0.36065573770491804,0.253551912568306,0.253551912568306,0.21038251366120217,0.21038251366120217,0.36065573770491804,0.36065573770491804,0.36065573770491804,0.5573770491803278,0.6557377049180327,0.6721311475409836,0.7377049180327869,0.36065573770491804
1,Scenario1_I_Video3_Session2 vs Session1,CatBoost,456,61,61,"{'iterations': 1000, 'depth': 4, 'learning_rate': 0.05, 'l2_leaf_reg': 1, 'border_count': 32}",scenario_results_scenarios_2025-11-30_104836_early_stop/catboost_Scenario1_I_Video3_Session2 vs Session1_2025-11-30_104836_seed456_early_stop.pkl,1.0,1.0,1.0,1.0,1.0,1.0,1.0,1.0,1.0,1.0,1.0,1.0,1.0,0.4262295081967213,0.33879781420765026,0.33879781420765026,0.30054644808743175,0.30054644808743175,0.4262295081967213,0.4262295081967213,0.4262295081967213,0.5737704918032787,0.5901639344262295,0.6557377049180327,0.7213114754098361,0.4262295081967213
1,Scenario1_T_Video1_Session1 vs Session2,CatBoost,456,61,61,"{'iterations': 1000, 'depth': 4, 'learning_rate': 0.05, 'l2_leaf_reg': 1, 'border_count': 32}",scenario_results_scenarios_2025-11-30_104836_early_stop/catboost_Scenario1_T_Video1_Session1 vs Session2_2025-11-30_104836_seed456_early_stop.pkl,1.0,1.0,1.0,1.0,1.0,1.0,1.0,1.0,1.0,1.0,1.0,1.0,1.0,0.36065573770491804,0.2907103825136612,0.2907103825136612,0.2609289617486339,0.2609289617486339,0.36065573770491804,0.36065573770491804,0.36065573770491804,0.5245901639344263,0.6557377049180327,0.7049180327868853,0.7868852459016393,0.36065573770491804
1,Scenario1_T_Video1_Session2 vs Session1,CatBoost,456,61,61,"{'iterations': 1000, 'depth': 4, 'learning_rate': 0.05, 'l2_leaf_reg': 1, 'border_count': 32}",scenario_results_scenarios_2025-11-30_104836_early_stop/catboost_Scenario1_T_Video1_Session2 vs Session1_2025-11-30_104836_seed456_early_stop.pkl,1.0,1.0,1.0,1.0,1.0,1.0,1.0,1.0,1.0,1.0,1.0,1.0,1.0,0.3442622950819672,0.27049180327868855,0.27049180327868855,0.23770491803278687,0.23770491803278687,0.3442622950819672,0.3442622950819672,0.3442622950819672,0.45901639344262296,0.5245901639344263,0.5901639344262295,0.639344262295082,0.3442622950819672
1,Scenario1_T_Video2_Session1 vs Session2,CatBoost,456,61,61,"{'iterations': 1000, 'depth': 4, 'learning_rate': 0.05, 'l2_leaf_reg': 1, 'border_count': 32}",scenario_results_scenarios_2025-11-30_104836_early_stop/catboost_Scenario1_T_Video2_Session1 vs Session2_2025-11-30_104836_seed456_early_stop.pkl,1.0,1.0,1.0,1.0,1.0,1.0,1.0,1.0,1.0,1.0,1.0,1.0,1.0,0.22950819672131148,0.15901639344262294,0.15901639344262294,0.13251366120218577,0.13251366120218577,0.22950819672131148,0.22950819672131148,0.22950819672131148,0.4098360655737705,0.5901639344262295,0.6229508196721312,0.6885245901639344,0.22950819672131148
1,Scenario1_T_Video2_Session2 vs Session1,CatBoost,456,61,61,"{'iterations': 1000, 'depth': 4, 'learning_rate': 0.05, 'l2_leaf_reg': 1, 'border_count': 32}",scenario_results_scenarios_2025-11-30_104836_early_stop/catboost_Scenario1_T_Video2_Session2 vs Session1_2025-11-30_104836_seed456_early_stop.pkl,1.0,1.0,1.0,1.0,1.0,1.0,1.0,1.0,1.0,1.0,1.0,1.0,1.0,0.2786885245901639,0.2185792349726776,0.2185792349726776,0.1912568306010929,0.1912568306010929,0.2786885245901639,0.2786885245901639,0.2786885245901639,0.4426229508196721,0.5901639344262295,0.6557377049180327,0.6721311475409836,0.2786885245901639
1,Scenario1_T_Video3_Session1 vs Session2,CatBoost,456,61,61,"{'iterations': 1000, 'depth': 4, 'learning_rate': 0.05, 'l2_leaf_reg': 1, 'border_count': 32}",scenario_results_scenarios_2025-11-30_104836_early_stop/catboost_Scenario1_T_Video3_Session1 vs Session2_2025-11-30_104836_seed456_early_stop.pkl,1.0,1.0,1.0,1.0,1.0,1.0,1.0,1.0,1.0,1.0,1.0,1.0,1.0,0.22950819672131148,0.16010928961748633,0.16010928961748633,0.13934426229508196,0.13934426229508196,0.22950819672131148,0.22950819672131148,0.22950819672131148,0.39344262295081966,0.5245901639344263,0.5737704918032787,0.6229508196721312,0.22950819672131148
1,Scenario1_T_Video3_Session2 vs Session1,CatBoost,456,61,61,"{'iterations': 1000, 'depth': 4, 'learning_rate': 0.05, 'l2_leaf_reg': 1, 'border_count': 32}",scenario_results_scenarios_2025-11-30_104836_early_stop/catboost_Scenario1_T_Video3_Session2 vs Session1_2025-11-30_104836_seed456_early_stop.pkl,1.0,1.0,1.0,1.0,1.0,1.0,1.0,1.0,1.0,1.0,1.0,1.0,1.0,0.2786885245901639,0.21857923497267756,0.21857923497267756,0.19453551912568307,0.19453551912568307,0.2786885245901639,0.2786885245901639,0.2786885245901639,0.3442622950819672,0.5245901639344263,0.6065573770491803,0.6229508196721312,0.2786885245901639
1,Scenario1_F_Video1_Session1 vs Session2,SVM,456,61,61,"{'decision_function_shape': 'ovo', 'C': 0.1, 'kernel': 'rbf', 'gamma': 'scale'}",scenario_results_scenarios_2025-11-30_104836_early_stop/svm_Scenario1_F_Video1_Session1 vs Session2_2025-11-30_104836_seed456_early_stop.pkl,1.0,1.0,1.0,1.0,1.0,1.0,1.0,0.0,0.0,0.0,0.0,0.0,0.0,0.11475409836065574,0.07650273224043715,0.07650273224043715,0.0633879781420765,0.0633879781420765,0.11475409836065574,0.11475409836065574,0.01639344262295082,0.03278688524590164,0.03278688524590164,0.03278688524590164,0.03278688524590164,0.01639344262295082
1,Scenario1_F_Video1_Session2 vs Session1,SVM,456,61,61,"{'decision_function_shape': 'ovo', 'C': 0.1, 'kernel': 'rbf', 'gamma': 'scale'}",scenario_results_scenarios_2025-11-30_104836_early_stop/svm_Scenario1_F_Video1_Session2 vs Session1_2025-11-30_104836_seed456_early_stop.pkl,1.0,1.0,1.0,1.0,1.0,1.0,1.0,0.0,0.0,0.0,0.0,0.0,0.0,0.18032786885245902,0.14863387978142076,0.14863387978142076,0.13797814207650272,0.13797814207650272,0.18032786885245902,0.18032786885245902,0.01639344262295082,0.03278688524590164,0.04918032786885246,0.06557377049180328,0.06557377049180328,0.01639344262295082
1,Scenario1_F_Video2_Session1 vs Session2,SVM,456,61,61,"{'decision_function_shape': 'ovo', 'C': 0.1, 'kernel': 'rbf', 'gamma': 'scale'}",scenario_results_scenarios_2025-11-30_104836_early_stop/svm_Scenario1_F_Video2_Session1 vs Session2_2025-11-30_104836_seed456_early_stop.pkl,1.0,1.0,1.0,1.0,1.0,1.0,1.0,0.0,0.0,0.0,0.0,0.0,0.0,0.11475409836065574,0.07049180327868852,0.07049180327868852,0.05792349726775956,0.05792349726775956,0.11475409836065574,0.11475409836065574,0.0,0.0,0.0,0.0,0.0,0.0
1,Scenario1_F_Video2_Session2 vs Session1,SVM,456,61,61,"{'decision_function_shape': 'ovo', 'C': 0.1, 'kernel': 'rbf', 'gamma': 'scale'}",scenario_results_scenarios_2025-11-30_104836_early_stop/svm_Scenario1_F_Video2_Session2 vs Session1_2025-11-30_104836_seed456_early_stop.pkl,1.0,1.0,1.0,1.0,1.0,1.0,1.0,0.0,0.0,0.0,0.0,0.0,0.0,0.13114754098360656,0.11202185792349727,0.11202185792349727,0.10382513661202185,0.10382513661202185,0.13114754098360656,0.13114754098360656,0.0,0.01639344262295082,0.01639344262295082,0.01639344262295082,0.01639344262295082,0.0
1,Scenario1_F_Video3_Session1 vs Session2,SVM,456,61,61,"{'decision_function_shape': 'ovo', 'C': 0.1, 'kernel': 'rbf', 'gamma': 'scale'}",scenario_results_scenarios_2025-11-30_104836_early_stop/svm_Scenario1_F_Video3_Session1 vs Session2_2025-11-30_104836_seed456_early_stop.pkl,1.0,1.0,1.0,1.0,1.0,1.0,1.0,0.0,0.0,0.0,0.0,0.0,0.0,0.18032786885245902,0.1284153005464481,0.1284153005464481,0.11311475409836066,0.11311475409836066,0.18032786885245902,0.18032786885245902,0.0,0.0,0.0,0.01639344262295082,0.01639344262295082,0.0
1,Scenario1_F_Video3_Session2 vs Session1,SVM,456,61,61,"{'decision_function_shape': 'ovo', 'C': 0.1, 'kernel': 'rbf', 'gamma': 'scale'}",scenario_results_scenarios_2025-11-30_104836_early_stop/svm_Scenario1_F_Video3_Session2 vs Session1_2025-11-30_104836_seed456_early_stop.pkl,1.0,1.0,1.0,1.0,1.0,1.0,1.0,0.0,0.0,0.0,0.0,0.0,0.0,0.16393442622950818,0.11420765027322406,0.11420765027322406,0.09562841530054644,0.09562841530054644,0.16393442622950818,0.16393442622950818,0.0,0.0,0.0,0.0,0.0,0.0
1,Scenario1_I_Video1_Session1 vs Session2,SVM,456,61,61,"{'decision_function_shape': 'ovo', 'C': 0.1, 'kernel': 'rbf', 'gamma': 'scale'}",scenario_results_scenarios_2025-11-30_104836_early_stop/svm_Scenario1_I_Video1_Session1 vs Session2_2025-11-30_104836_seed456_early_stop.pkl,1.0,1.0,1.0,1.0,1.0,1.0,1.0,0.0,0.0,0.0,0.0,0.0,0.0,0.26229508196721313,0.19867291178766588,0.19867291178766588,0.17814207650273228,0.17814207650273228,0.26229508196721313,0.26229508196721313,0.01639344262295082,0.03278688524590164,0.03278688524590164,0.04918032786885246,0.04918032786885246,0.01639344262295082
1,Scenario1_I_Video1_Session2 vs Session1,SVM,456,61,61,"{'decision_function_shape': 'ovo', 'C': 0.1, 'kernel': 'rbf', 'gamma': 'scale'}",scenario_results_scenarios_2025-11-30_104836_early_stop/svm_Scenario1_I_Video1_Session2 vs Session1_2025-11-30_104836_seed456_early_stop.pkl,1.0,1.0,1.0,1.0,1.0,1.0,1.0,0.0,0.0,0.0,0.0,0.0,0.0,0.21311475409836064,0.16666666666666666,0.16666666666666666,0.14754098360655737,0.14754098360655737,0.21311475409836064,0.21311475409836064,0.0,0.01639344262295082,0.01639344262295082,0.01639344262295082,0.01639344262295082,0.0
1,Scenario1_I_Video2_Session1 vs Session2,SVM,456,61,61,"{'decision_function_shape': 'ovo', 'C': 0.1, 'kernel': 'rbf', 'gamma': 'scale'}",scenario_results_scenarios_2025-11-30_104836_early_stop/svm_Scenario1_I_Video2_Session1 vs Session2_2025-11-30_104836_seed456_early_stop.pkl,1.0,1.0,1.0,1.0,1.0,1.0,1.0,0.0,0.0,0.0,0.0,0.0,0.0,0.16393442622950818,0.1098360655737705,0.1098360655737705,0.09153005464480873,0.09153005464480873,0.16393442622950818,0.16393442622950818,0.0,0.0,0.0,0.0,0.0,0.0
1,Scenario1_I_Video2_Session2 vs Session1,SVM,456,61,61,"{'decision_function_shape': 'ovo', 'C': 0.1, 'kernel': 'rbf', 'gamma': 'scale'}",scenario_results_scenarios_2025-11-30_104836_early_stop/svm_Scenario1_I_Video2_Session2 vs Session1_2025-11-30_104836_seed456_early_stop.pkl,1.0,1.0,1.0,1.0,1.0,1.0,1.0,0.0,0.0,0.0,0.0,0.0,0.0,0.14754098360655737,0.08415300546448087,0.08415300546448087,0.0633879781420765,0.0633879781420765,0.14754098360655737,0.14754098360655737,0.0,0.0,0.0,0.0,0.0,0.0
1,Scenario1_I_Video3_Session1 vs Session2,SVM,456,61,61,"{'decision_function_shape': 'ovo', 'C': 0.1, 'kernel': 'rbf', 'gamma': 'scale'}",scenario_results_scenarios_2025-11-30_104836_early_stop/svm_Scenario1_I_Video3_Session1 vs Session2_2025-11-30_104836_seed456_early_stop.pkl,1.0,1.0,1.0,1.0,1.0,1.0,1.0,0.0,0.0,0.0,0.0,0.0,0.0,0.2459016393442623,0.18306010928961747,0.18306010928961747,0.1557377049180328,0.1557377049180328,0.2459016393442623,0.2459016393442623,0.01639344262295082,0.01639344262295082,0.01639344262295082,0.01639344262295082,0.01639344262295082,0.01639344262295082
1,Scenario1_I_Video3_Session2 vs Session1,SVM,456,61,61,"{'decision_function_shape': 'ovo', 'C': 0.1, 'kernel': 'rbf', 'gamma': 'scale'}",scenario_results_scenarios_2025-11-30_104836_early_stop/svm_Scenario1_I_Video3_Session2 vs Session1_2025-11-30_104836_seed456_early_stop.pkl,1.0,1.0,1.0,1.0,1.0,1.0,1.0,0.0,0.0,0.0,0.0,0.0,0.0,0.16393442622950818,0.1150663544106167,0.1150663544106167,0.09699453551912568,0.09699453551912568,0.16393442622950818,0.16393442622950818,0.0,0.01639344262295082,0.01639344262295082,0.01639344262295082,0.01639344262295082,0.0
1,Scenario1_T_Video1_Session1 vs Session2,SVM,456,61,61,"{'decision_function_shape': 'ovo', 'C': 0.1, 'kernel': 'rbf', 'gamma': 'scale'}",scenario_results_scenarios_2025-11-30_104836_early_stop/svm_Scenario1_T_Video1_Session1 vs Session2_2025-11-30_104836_seed456_early_stop.pkl,1.0,1.0,1.0,1.0,1.0,1.0,1.0,0.0,0.0,0.0,0.0,0.0,0.0,0.14754098360655737,0.11038251366120219,0.11038251366120219,0.09699453551912568,0.09699453551912568,0.14754098360655737,0.14754098360655737,0.0,0.0,0.0,0.0,0.0,0.0
1,Scenario1_T_Video1_Session2 vs Session1,SVM,456,61,61,"{'decision_function_shape': 'ovo', 'C': 0.1, 'kernel': 'rbf', 'gamma': 'scale'}",scenario_results_scenarios_2025-11-30_104836_early_stop/svm_Scenario1_T_Video1_Session2 vs Session1_2025-11-30_104836_seed456_early_stop.pkl,1.0,1.0,1.0,1.0,1.0,1.0,1.0,0.0,0.0,0.0,0.0,0.0,0.0,0.18032786885245902,0.13606557377049178,0.13606557377049178,0.12021857923497267,0.12021857923497267,0.18032786885245902,0.18032786885245902,0.0,0.0,0.01639344262295082,0.01639344262295082,0.01639344262295082,0.0
1,Scenario1_T_Video2_Session1 vs Session2,SVM,456,61,61,"{'decision_function_shape': 'ovo', 'C': 0.1, 'kernel': 'rbf', 'gamma': 'scale'}",scenario_results_scenarios_2025-11-30_104836_early_stop/svm_Scenario1_T_Video2_Session1 vs Session2_2025-11-30_104836_seed456_early_stop.pkl,1.0,1.0,1.0,1.0,1.0,1.0,1.0,0.0,0.0,0.0,0.0,0.0,0.0,0.19672131147540983,0.13661202185792348,0.13661202185792348,0.11530054644808742,0.11530054644808742,0.19672131147540983,0.19672131147540983,0.01639344262295082,0.01639344262295082,0.03278688524590164,0.03278688524590164,0.03278688524590164,0.01639344262295082
1,Scenario1_T_Video2_Session2 vs Session1,SVM,456,61,61,"{'decision_function_shape': 'ovo', 'C': 0.1, 'kernel': 'rbf', 'gamma': 'scale'}",scenario_results_scenarios_2025-11-30_104836_early_stop/svm_Scenario1_T_Video2_Session2 vs Session1_2025-11-30_104836_seed456_early_stop.pkl,1.0,1.0,1.0,1.0,1.0,1.0,1.0,0.0,0.0,0.0,0.0,0.0,0.0,0.21311475409836064,0.1431693989071038,0.1431693989071038,0.11612021857923495,0.11612021857923495,0.21311475409836064,0.21311475409836064,0.01639344262295082,0.01639344262295082,0.01639344262295082,0.01639344262295082,0.01639344262295082,0.01639344262295082
1,Scenario1_T_Video3_Session1 vs Session2,SVM,456,61,61,"{'decision_function_shape': 'ovo', 'C': 0.1, 'kernel': 'rbf', 'gamma': 'scale'}",scenario_results_scenarios_2025-11-30_104836_early_stop/svm_Scenario1_T_Video3_Session1 vs Session2_2025-11-30_104836_seed456_early_stop.pkl,1.0,1.0,1.0,1.0,1.0,1.0,1.0,0.0,0.0,0.0,0.0,0.0,0.0,0.16393442622950818,0.10601092896174863,0.10601092896174863,0.08469945355191257,0.08469945355191257,0.16393442622950818,0.16393442622950818,0.01639344262295082,0.03278688524590164,0.03278688524590164,0.04918032786885246,0.04918032786885246,0.01639344262295082
1,Scenario1_T_Video3_Session2 vs Session1,SVM,456,61,61,"{'decision_function_shape': 'ovo', 'C': 0.1, 'kernel': 'rbf', 'gamma': 'scale'}",scenario_results_scenarios_2025-11-30_104836_early_stop/svm_Scenario1_T_Video3_Session2 vs Session1_2025-11-30_104836_seed456_early_stop.pkl,1.0,1.0,1.0,1.0,1.0,1.0,1.0,0.0,0.0,0.0,0.0,0.0,0.0,0.18032786885245902,0.11779859484777518,0.11779859484777518,0.09699453551912568,0.09699453551912568,0.18032786885245902,0.18032786885245902,0.01639344262295082,0.01639344262295082,0.03278688524590164,0.03278688524590164,0.03278688524590164,0.01639344262295082
1,Scenario1_F_Video1_Session1 vs Session2,MLP,456,61,61,"{'hidden_layer_sizes': [50], 'activation': 'relu', 'solver': 'adam', 'alpha': 0.0001, 'learning_rate': 'constant', 'batch_size': 36, 'learning_rate_init': 0.001, 'max_iter': 2000, 'early_stopping': True}",scenario_results_scenarios_2025-11-30_104836_early_stop/mlp_Scenario1_F_Video1_Session1 vs Session2_2025-11-30_104836_seed456_early_stop.pkl,0.01639344262295082,0.0005288207297726071,0.0005288207297726071,0.0002687449610319807,0.0002687449610319807,0.01639344262295082,0.01639344262295082,0.01639344262295082,0.03278688524590164,0.04918032786885246,0.06557377049180328,0.08196721311475409,0.01639344262295082,0.01639344262295082,0.0005288207297726071,0.0005288207297726071,0.0002687449610319807,0.0002687449610319807,0.01639344262295082,0.01639344262295082,0.01639344262295082,0.03278688524590164,0.04918032786885246,0.06557377049180328,0.08196721311475409,0.01639344262295082
1,Scenario1_F_Video1_Session2 vs Session1,MLP,456,61,61,"{'hidden_layer_sizes': [50], 'activation': 'relu', 'solver': 'adam', 'alpha': 0.0001, 'learning_rate': 'constant', 'batch_size': 36, 'learning_rate_init': 0.001, 'max_iter': 2000, 'early_stopping': True}",scenario_results_scenarios_2025-11-30_104836_early_stop/mlp_Scenario1_F_Video1_Session2 vs Session1_2025-11-30_104836_seed456_early_stop.pkl,0.01639344262295082,0.0005288207297726071,0.0005288207297726071,0.0002687449610319807,0.0002687449610319807,0.01639344262295082,0.01639344262295082,0.01639344262295082,0.03278688524590164,0.04918032786885246,0.06557377049180328,0.08196721311475409,0.01639344262295082,0.01639344262295082,0.0005288207297726071,0.0005288207297726071,0.0002687449610319807,0.0002687449610319807,0.01639344262295082,0.01639344262295082,0.01639344262295082,0.03278688524590164,0.04918032786885246,0.06557377049180328,0.08196721311475409,0.01639344262295082
1,Scenario1_F_Video2_Session1 vs Session2,MLP,456,61,61,"{'hidden_layer_sizes': [50], 'activation': 'relu', 'solver': 'adam', 'alpha': 0.0001, 'learning_rate': 'constant', 'batch_size': 36, 'learning_rate_init': 0.001, 'max_iter': 2000, 'early_stopping': True}",scenario_results_scenarios_2025-11-30_104836_early_stop/mlp_Scenario1_F_Video2_Session1 vs Session2_2025-11-30_104836_seed456_early_stop.pkl,0.01639344262295082,0.0005288207297726071,0.0005288207297726071,0.0002687449610319807,0.0002687449610319807,0.01639344262295082,0.01639344262295082,0.01639344262295082,0.03278688524590164,0.04918032786885246,0.06557377049180328,0.08196721311475409,0.01639344262295082,0.01639344262295082,0.0005288207297726071,0.0005288207297726071,0.0002687449610319807,0.0002687449610319807,0.01639344262295082,0.01639344262295082,0.01639344262295082,0.03278688524590164,0.04918032786885246,0.06557377049180328,0.08196721311475409,0.01639344262295082
1,Scenario1_F_Video2_Session2 vs Session1,MLP,456,61,61,"{'hidden_layer_sizes': [50], 'activation': 'relu', 'solver': 'adam', 'alpha': 0.0001, 'learning_rate': 'constant', 'batch_size': 36, 'learning_rate_init': 0.001, 'max_iter': 2000, 'early_stopping': True}",scenario_results_scenarios_2025-11-30_104836_early_stop/mlp_Scenario1_F_Video2_Session2 vs Session1_2025-11-30_104836_seed456_early_stop.pkl,0.01639344262295082,0.0005288207297726071,0.0005288207297726071,0.0002687449610319807,0.0002687449610319807,0.01639344262295082,0.01639344262295082,0.01639344262295082,0.03278688524590164,0.04918032786885246,0.06557377049180328,0.08196721311475409,0.01639344262295082,0.01639344262295082,0.0005288207297726071,0.0005288207297726071,0.0002687449610319807,0.0002687449610319807,0.01639344262295082,0.01639344262295082,0.01639344262295082,0.03278688524590164,0.04918032786885246,0.06557377049180328,0.08196721311475409,0.01639344262295082
1,Scenario1_F_Video3_Session1 vs Session2,MLP,456,61,61,"{'hidden_layer_sizes': [50], 'activation': 'relu', 'solver': 'adam', 'alpha': 0.0001, 'learning_rate': 'constant', 'batch_size': 36, 'learning_rate_init': 0.001, 'max_iter': 2000, 'early_stopping': True}",scenario_results_scenarios_2025-11-30_104836_early_stop/mlp_Scenario1_F_Video3_Session1 vs Session2_2025-11-30_104836_seed456_early_stop.pkl,0.01639344262295082,0.0005288207297726071,0.0005288207297726071,0.0002687449610319807,0.0002687449610319807,0.01639344262295082,0.01639344262295082,0.01639344262295082,0.03278688524590164,0.04918032786885246,0.06557377049180328,0.08196721311475409,0.01639344262295082,0.01639344262295082,0.0005288207297726071,0.0005288207297726071,0.0002687449610319807,0.0002687449610319807,0.01639344262295082,0.01639344262295082,0.01639344262295082,0.03278688524590164,0.04918032786885246,0.06557377049180328,0.08196721311475409,0.01639344262295082
1,Scenario1_F_Video3_Session2 vs Session1,MLP,456,61,61,"{'hidden_layer_sizes': [50], 'activation': 'relu', 'solver': 'adam', 'alpha': 0.0001, 'learning_rate': 'constant', 'batch_size': 36, 'learning_rate_init': 0.001, 'max_iter': 2000, 'early_stopping': True}",scenario_results_scenarios_2025-11-30_104836_early_stop/mlp_Scenario1_F_Video3_Session2 vs Session1_2025-11-30_104836_seed456_early_stop.pkl,0.01639344262295082,0.0005288207297726071,0.0005288207297726071,0.0002687449610319807,0.0002687449610319807,0.01639344262295082,0.01639344262295082,0.01639344262295082,0.03278688524590164,0.04918032786885246,0.06557377049180328,0.08196721311475409,0.01639344262295082,0.01639344262295082,0.0005288207297726071,0.0005288207297726071,0.0002687449610319807,0.0002687449610319807,0.01639344262295082,0.01639344262295082,0.01639344262295082,0.03278688524590164,0.04918032786885246,0.06557377049180328,0.08196721311475409,0.01639344262295082
1,Scenario1_I_Video1_Session1 vs Session2,MLP,456,61,61,"{'hidden_layer_sizes': [50], 'activation': 'relu', 'solver': 'adam', 'alpha': 0.0001, 'learning_rate': 'constant', 'batch_size': 36, 'learning_rate_init': 0.001, 'max_iter': 2000, 'early_stopping': True}",scenario_results_scenarios_2025-11-30_104836_early_stop/mlp_Scenario1_I_Video1_Session1 vs Session2_2025-11-30_104836_seed456_early_stop.pkl,0.01639344262295082,0.0005288207297726071,0.0005288207297726071,0.0002687449610319807,0.0002687449610319807,0.01639344262295082,0.01639344262295082,0.01639344262295082,0.03278688524590164,0.04918032786885246,0.08196721311475409,0.08196721311475409,0.01639344262295082,0.01639344262295082,0.0005288207297726071,0.0005288207297726071,0.0002687449610319807,0.0002687449610319807,0.01639344262295082,0.01639344262295082,0.01639344262295082,0.03278688524590164,0.04918032786885246,0.06557377049180328,0.08196721311475409,0.01639344262295082
1,Scenario1_I_Video1_Session2 vs Session1,MLP,456,61,61,"{'hidden_layer_sizes': [50], 'activation': 'relu', 'solver': 'adam', 'alpha': 0.0001, 'learning_rate': 'constant', 'batch_size': 36, 'learning_rate_init': 0.001, 'max_iter': 2000, 'early_stopping': True}",scenario_results_scenarios_2025-11-30_104836_early_stop/mlp_Scenario1_I_Video1_Session2 vs Session1_2025-11-30_104836_seed456_early_stop.pkl,0.01639344262295082,0.0005288207297726071,0.0005288207297726071,0.0002687449610319807,0.0002687449610319807,0.01639344262295082,0.01639344262295082,0.01639344262295082,0.03278688524590164,0.04918032786885246,0.06557377049180328,0.08196721311475409,0.01639344262295082,0.01639344262295082,0.0005288207297726071,0.0005288207297726071,0.0002687449610319807,0.0002687449610319807,0.01639344262295082,0.01639344262295082,0.01639344262295082,0.03278688524590164,0.04918032786885246,0.06557377049180328,0.08196721311475409,0.01639344262295082
1,Scenario1_I_Video2_Session1 vs Session2,MLP,456,61,61,"{'hidden_layer_sizes': [50], 'activation': 'relu', 'solver': 'adam', 'alpha': 0.0001, 'learning_rate': 'constant', 'batch_size': 36, 'learning_rate_init': 0.001, 'max_iter': 2000, 'early_stopping': True}",scenario_results_scenarios_2025-11-30_104836_early_stop/mlp_Scenario1_I_Video2_Session1 vs Session2_2025-11-30_104836_seed456_early_stop.pkl,0.01639344262295082,0.0005288207297726071,0.0005288207297726071,0.0002687449610319807,0.0002687449610319807,0.01639344262295082,0.01639344262295082,0.01639344262295082,0.03278688524590164,0.04918032786885246,0.06557377049180328,0.08196721311475409,0.01639344262295082,0.01639344262295082,0.0005288207297726071,0.0005288207297726071,0.0002687449610319807,0.0002687449610319807,0.01639344262295082,0.01639344262295082,0.01639344262295082,0.03278688524590164,0.04918032786885246,0.06557377049180328,0.08196721311475409,0.01639344262295082
1,Scenario1_I_Video2_Session2 vs Session1,MLP,456,61,61,"{'hidden_layer_sizes': [50], 'activation': 'relu', 'solver': 'adam', 'alpha': 0.0001, 'learning_rate': 'constant', 'batch_size': 36, 'learning_rate_init': 0.001, 'max_iter': 2000, 'early_stopping': True}",scenario_results_scenarios_2025-11-30_104836_early_stop/mlp_Scenario1_I_Video2_Session2 vs Session1_2025-11-30_104836_seed456_early_stop.pkl,0.01639344262295082,0.0005288207297726071,0.0005288207297726071,0.0002687449610319807,0.0002687449610319807,0.01639344262295082,0.01639344262295082,0.01639344262295082,0.03278688524590164,0.04918032786885246,0.06557377049180328,0.08196721311475409,0.01639344262295082,0.01639344262295082,0.0005288207297726071,0.0005288207297726071,0.0002687449610319807,0.0002687449610319807,0.01639344262295082,0.01639344262295082,0.01639344262295082,0.03278688524590164,0.04918032786885246,0.06557377049180328,0.08196721311475409,0.01639344262295082
1,Scenario1_I_Video3_Session1 vs Session2,MLP,456,61,61,"{'hidden_layer_sizes': [50], 'activation': 'relu', 'solver': 'adam', 'alpha': 0.0001, 'learning_rate': 'constant', 'batch_size': 36, 'learning_rate_init': 0.001, 'max_iter': 2000, 'early_stopping': True}",scenario_results_scenarios_2025-11-30_104836_early_stop/mlp_Scenario1_I_Video3_Session1 vs Session2_2025-11-30_104836_seed456_early_stop.pkl,0.01639344262295082,0.0005288207297726071,0.0005288207297726071,0.0002687449610319807,0.0002687449610319807,0.01639344262295082,0.01639344262295082,0.01639344262295082,0.03278688524590164,0.04918032786885246,0.06557377049180328,0.08196721311475409,0.01639344262295082,0.01639344262295082,0.0005288207297726071,0.0005288207297726071,0.0002687449610319807,0.0002687449610319807,0.01639344262295082,0.01639344262295082,0.01639344262295082,0.03278688524590164,0.04918032786885246,0.06557377049180328,0.08196721311475409,0.01639344262295082
1,Scenario1_I_Video3_Session2 vs Session1,MLP,456,61,61,"{'hidden_layer_sizes': [50], 'activation': 'relu', 'solver': 'adam', 'alpha': 0.0001, 'learning_rate': 'constant', 'batch_size': 36, 'learning_rate_init': 0.001, 'max_iter': 2000, 'early_stopping': True}",scenario_results_scenarios_2025-11-30_104836_early_stop/mlp_Scenario1_I_Video3_Session2 vs Session1_2025-11-30_104836_seed456_early_stop.pkl,0.01639344262295082,0.0005288207297726071,0.0005288207297726071,0.0002687449610319807,0.0002687449610319807,0.01639344262295082,0.01639344262295082,0.01639344262295082,0.03278688524590164,0.04918032786885246,0.06557377049180328,0.08196721311475409,0.01639344262295082,0.01639344262295082,0.0005288207297726071,0.0005288207297726071,0.0002687449610319807,0.0002687449610319807,0.01639344262295082,0.01639344262295082,0.01639344262295082,0.03278688524590164,0.04918032786885246,0.06557377049180328,0.08196721311475409,0.01639344262295082
1,Scenario1_T_Video1_Session1 vs Session2,MLP,456,61,61,"{'hidden_layer_sizes': [50], 'activation': 'relu', 'solver': 'adam', 'alpha': 0.0001, 'learning_rate': 'constant', 'batch_size': 36, 'learning_rate_init': 0.001, 'max_iter': 2000, 'early_stopping': True}",scenario_results_scenarios_2025-11-30_104836_early_stop/mlp_Scenario1_T_Video1_Session1 vs Session2_2025-11-30_104836_seed456_early_stop.pkl,0.01639344262295082,0.0005288207297726071,0.0005288207297726071,0.0002687449610319807,0.0002687449610319807,0.01639344262295082,0.01639344262295082,0.01639344262295082,0.03278688524590164,0.04918032786885246,0.06557377049180328,0.08196721311475409,0.01639344262295082,0.01639344262295082,0.0005288207297726071,0.0005288207297726071,0.0002687449610319807,0.0002687449610319807,0.01639344262295082,0.01639344262295082,0.01639344262295082,0.03278688524590164,0.04918032786885246,0.06557377049180328,0.08196721311475409,0.01639344262295082
1,Scenario1_T_Video1_Session2 vs Session1,MLP,456,61,61,"{'hidden_layer_sizes': [50], 'activation': 'relu', 'solver': 'adam', 'alpha': 0.0001, 'learning_rate': 'constant', 'batch_size': 36, 'learning_rate_init': 0.001, 'max_iter': 2000, 'early_stopping': True}",scenario_results_scenarios_2025-11-30_104836_early_stop/mlp_Scenario1_T_Video1_Session2 vs Session1_2025-11-30_104836_seed456_early_stop.pkl,0.01639344262295082,0.0005288207297726071,0.0005288207297726071,0.0002687449610319807,0.0002687449610319807,0.01639344262295082,0.01639344262295082,0.01639344262295082,0.03278688524590164,0.04918032786885246,0.06557377049180328,0.08196721311475409,0.01639344262295082,0.01639344262295082,0.0005288207297726071,0.0005288207297726071,0.0002687449610319807,0.0002687449610319807,0.01639344262295082,0.01639344262295082,0.01639344262295082,0.03278688524590164,0.04918032786885246,0.06557377049180328,0.08196721311475409,0.01639344262295082
1,Scenario1_T_Video2_Session1 vs Session2,MLP,456,61,61,"{'hidden_layer_sizes': [50], 'activation': 'relu', 'solver': 'adam', 'alpha': 0.0001, 'learning_rate': 'constant', 'batch_size': 36, 'learning_rate_init': 0.001, 'max_iter': 2000, 'early_stopping': True}",scenario_results_scenarios_2025-11-30_104836_early_stop/mlp_Scenario1_T_Video2_Session1 vs Session2_2025-11-30_104836_seed456_early_stop.pkl,0.01639344262295082,0.0005288207297726071,0.0005288207297726071,0.0002687449610319807,0.0002687449610319807,0.01639344262295082,0.01639344262295082,0.01639344262295082,0.03278688524590164,0.04918032786885246,0.06557377049180328,0.08196721311475409,0.01639344262295082,0.01639344262295082,0.0005288207297726071,0.0005288207297726071,0.0002687449610319807,0.0002687449610319807,0.01639344262295082,0.01639344262295082,0.01639344262295082,0.03278688524590164,0.04918032786885246,0.06557377049180328,0.08196721311475409,0.01639344262295082
1,Scenario1_T_Video2_Session2 vs Session1,MLP,456,61,61,"{'hidden_layer_sizes': [50], 'activation': 'relu', 'solver': 'adam', 'alpha': 0.0001, 'learning_rate': 'constant', 'batch_size': 36, 'learning_rate_init': 0.001, 'max_iter': 2000, 'early_stopping': True}",scenario_results_scenarios_2025-11-30_104836_early_stop/mlp_Scenario1_T_Video2_Session2 vs Session1_2025-11-30_104836_seed456_early_stop.pkl,0.01639344262295082,0.0005288207297726071,0.0005288207297726071,0.0002687449610319807,0.0002687449610319807,0.01639344262295082,0.01639344262295082,0.01639344262295082,0.03278688524590164,0.04918032786885246,0.06557377049180328,0.08196721311475409,0.01639344262295082,0.01639344262295082,0.0005288207297726071,0.0005288207297726071,0.0002687449610319807,0.0002687449610319807,0.01639344262295082,0.01639344262295082,0.01639344262295082,0.03278688524590164,0.04918032786885246,0.06557377049180328,0.08196721311475409,0.01639344262295082
1,Scenario1_T_Video3_Session1 vs Session2,MLP,456,61,61,"{'hidden_layer_sizes': [50], 'activation': 'relu', 'solver': 'adam', 'alpha': 0.0001, 'learning_rate': 'constant', 'batch_size': 36, 'learning_rate_init': 0.001, 'max_iter': 2000, 'early_stopping': True}",scenario_results_scenarios_2025-11-30_104836_early_stop/mlp_Scenario1_T_Video3_Session1 vs Session2_2025-11-30_104836_seed456_early_stop.pkl,0.01639344262295082,0.0005288207297726071,0.0005288207297726071,0.0002687449610319807,0.0002687449610319807,0.01639344262295082,0.01639344262295082,0.01639344262295082,0.03278688524590164,0.04918032786885246,0.06557377049180328,0.08196721311475409,0.01639344262295082,0.01639344262295082,0.0005288207297726071,0.0005288207297726071,0.0002687449610319807,0.0002687449610319807,0.01639344262295082,0.01639344262295082,0.01639344262295082,0.03278688524590164,0.04918032786885246,0.06557377049180328,0.08196721311475409,0.01639344262295082
1,Scenario1_T_Video3_Session2 vs Session1,MLP,456,61,61,"{'hidden_layer_sizes': [50], 'activation': 'relu', 'solver': 'adam', 'alpha': 0.0001, 'learning_rate': 'constant', 'batch_size': 36, 'learning_rate_init': 0.001, 'max_iter': 2000, 'early_stopping': True}",scenario_results_scenarios_2025-11-30_104836_early_stop/mlp_Scenario1_T_Video3_Session2 vs Session1_2025-11-30_104836_seed456_early_stop.pkl,0.01639344262295082,0.0005288207297726071,0.0005288207297726071,0.0002687449610319807,0.0002687449610319807,0.01639344262295082,0.01639344262295082,0.01639344262295082,0.03278688524590164,0.04918032786885246,0.06557377049180328,0.08196721311475409,0.01639344262295082,0.01639344262295082,0.0005288207297726071,0.0005288207297726071,0.0002687449610319807,0.0002687449610319807,0.01639344262295082,0.01639344262295082,0.01639344262295082,0.03278688524590164,0.04918032786885246,0.06557377049180328,0.08196721311475409,0.01639344262295082
1,Scenario1_F_Video1_Session1 vs Session2,NaiveBayes,456,61,61,"{'priors': None, 'var_smoothing': 1e-09}",scenario_results_scenarios_2025-11-30_104836_early_stop/naivebayes_Scenario1_F_Video1_Session1 vs Session2_2025-11-30_104836_seed456_early_stop.pkl,1.0,1.0,1.0,1.0,1.0,1.0,1.0,1.0,1.0,1.0,1.0,1.0,1.0,0.11475409836065574,0.07650273224043715,0.07650273224043715,0.0633879781420765,0.0633879781420765,0.11475409836065574,0.11475409836065574,0.11475409836065574,0.13114754098360656,0.14754098360655737,0.16393442622950818,0.16393442622950818,0.11475409836065574
1,Scenario1_F_Video1_Session2 vs Session1,NaiveBayes,456,61,61,"{'priors': None, 'var_smoothing': 1e-09}",scenario_results_scenarios_2025-11-30_104836_early_stop/naivebayes_Scenario1_F_Video1_Session2 vs Session1_2025-11-30_104836_seed456_early_stop.pkl,1.0,1.0,1.0,1.0,1.0,1.0,1.0,1.0,1.0,1.0,1.0,1.0,1.0,0.18032786885245902,0.14863387978142076,0.14863387978142076,0.13797814207650272,0.13797814207650272,0.18032786885245902,0.18032786885245902,0.18032786885245902,0.18032786885245902,0.18032786885245902,0.19672131147540983,0.21311475409836064,0.18032786885245902
1,Scenario1_F_Video2_Session1 vs Session2,NaiveBayes,456,61,61,"{'priors': None, 'var_smoothing': 1e-09}",scenario_results_scenarios_2025-11-30_104836_early_stop/naivebayes_Scenario1_F_Video2_Session1 vs Session2_2025-11-30_104836_seed456_early_stop.pkl,1.0,1.0,1.0,1.0,1.0,1.0,1.0,1.0,1.0,1.0,1.0,1.0,1.0,0.11475409836065574,0.07049180327868852,0.07049180327868852,0.05792349726775956,0.05792349726775956,0.11475409836065574,0.11475409836065574,0.11475409836065574,0.13114754098360656,0.14754098360655737,0.16393442622950818,0.18032786885245902,0.11475409836065574
1,Scenario1_F_Video2_Session2 vs Session1,NaiveBayes,456,61,61,"{'priors': None, 'var_smoothing': 1e-09}",scenario_results_scenarios_2025-11-30_104836_early_stop/naivebayes_Scenario1_F_Video2_Session2 vs Session1_2025-11-30_104836_seed456_early_stop.pkl,1.0,1.0,1.0,1.0,1.0,1.0,1.0,1.0,1.0,1.0,1.0,1.0,1.0,0.13114754098360656,0.11202185792349727,0.11202185792349727,0.10382513661202185,0.10382513661202185,0.13114754098360656,0.13114754098360656,0.13114754098360656,0.14754098360655737,0.16393442622950818,0.18032786885245902,0.19672131147540983,0.13114754098360656
1,Scenario1_F_Video3_Session1 vs Session2,NaiveBayes,456,61,61,"{'priors': None, 'var_smoothing': 1e-09}",scenario_results_scenarios_2025-11-30_104836_early_stop/naivebayes_Scenario1_F_Video3_Session1 vs Session2_2025-11-30_104836_seed456_early_stop.pkl,1.0,1.0,1.0,1.0,1.0,1.0,1.0,1.0,1.0,1.0,1.0,1.0,1.0,0.18032786885245902,0.1284153005464481,0.1284153005464481,0.11311475409836066,0.11311475409836066,0.18032786885245902,0.18032786885245902,0.18032786885245902,0.19672131147540983,0.19672131147540983,0.21311475409836064,0.22950819672131148,0.18032786885245902
1,Scenario1_F_Video3_Session2 vs Session1,NaiveBayes,456,61,61,"{'priors': None, 'var_smoothing': 1e-09}",scenario_results_scenarios_2025-11-30_104836_early_stop/naivebayes_Scenario1_F_Video3_Session2 vs Session1_2025-11-30_104836_seed456_early_stop.pkl,1.0,1.0,1.0,1.0,1.0,1.0,1.0,1.0,1.0,1.0,1.0,1.0,1.0,0.16393442622950818,0.11420765027322406,0.11420765027322406,0.09562841530054644,0.09562841530054644,0.16393442622950818,0.16393442622950818,0.16393442622950818,0.18032786885245902,0.18032786885245902,0.18032786885245902,0.19672131147540983,0.16393442622950818
1,Scenario1_I_Video1_Session1 vs Session2,NaiveBayes,456,61,61,"{'priors': None, 'var_smoothing': 1e-09}",scenario_results_scenarios_2025-11-30_104836_early_stop/naivebayes_Scenario1_I_Video1_Session1 vs Session2_2025-11-30_104836_seed456_early_stop.pkl,1.0,1.0,1.0,1.0,1.0,1.0,1.0,1.0,1.0,1.0,1.0,1.0,1.0,0.26229508196721313,0.19867291178766588,0.19867291178766588,0.17814207650273228,0.17814207650273228,0.26229508196721313,0.26229508196721313,0.26229508196721313,0.2786885245901639,0.29508196721311475,0.3114754098360656,0.3114754098360656,0.26229508196721313
1,Scenario1_I_Video1_Session2 vs Session1,NaiveBayes,456,61,61,"{'priors': None, 'var_smoothing': 1e-09}",scenario_results_scenarios_2025-11-30_104836_early_stop/naivebayes_Scenario1_I_Video1_Session2 vs Session1_2025-11-30_104836_seed456_early_stop.pkl,1.0,1.0,1.0,1.0,1.0,1.0,1.0,1.0,1.0,1.0,1.0,1.0,1.0,0.21311475409836064,0.16666666666666666,0.16666666666666666,0.14754098360655737,0.14754098360655737,0.21311475409836064,0.21311475409836064,0.21311475409836064,0.22950819672131148,0.2459016393442623,0.26229508196721313,0.2786885245901639,0.21311475409836064
1,Scenario1_I_Video2_Session1 vs Session2,NaiveBayes,456,61,61,"{'priors': None, 'var_smoothing': 1e-09}",scenario_results_scenarios_2025-11-30_104836_early_stop/naivebayes_Scenario1_I_Video2_Session1 vs Session2_2025-11-30_104836_seed456_early_stop.pkl,1.0,1.0,1.0,1.0,1.0,1.0,1.0,1.0,1.0,1.0,1.0,1.0,1.0,0.16393442622950818,0.1098360655737705,0.1098360655737705,0.09153005464480873,0.09153005464480873,0.16393442622950818,0.16393442622950818,0.16393442622950818,0.16393442622950818,0.18032786885245902,0.19672131147540983,0.21311475409836064,0.16393442622950818
1,Scenario1_I_Video2_Session2 vs Session1,NaiveBayes,456,61,61,"{'priors': None, 'var_smoothing': 1e-09}",scenario_results_scenarios_2025-11-30_104836_early_stop/naivebayes_Scenario1_I_Video2_Session2 vs Session1_2025-11-30_104836_seed456_early_stop.pkl,1.0,1.0,1.0,1.0,1.0,1.0,1.0,1.0,1.0,1.0,1.0,1.0,1.0,0.14754098360655737,0.08415300546448087,0.08415300546448087,0.0633879781420765,0.0633879781420765,0.14754098360655737,0.14754098360655737,0.14754098360655737,0.16393442622950818,0.18032786885245902,0.19672131147540983,0.21311475409836064,0.14754098360655737
1,Scenario1_I_Video3_Session1 vs Session2,NaiveBayes,456,61,61,"{'priors': None, 'var_smoothing': 1e-09}",scenario_results_scenarios_2025-11-30_104836_early_stop/naivebayes_Scenario1_I_Video3_Session1 vs Session2_2025-11-30_104836_seed456_early_stop.pkl,1.0,1.0,1.0,1.0,1.0,1.0,1.0,1.0,1.0,1.0,1.0,1.0,1.0,0.2459016393442623,0.18306010928961747,0.18306010928961747,0.1557377049180328,0.1557377049180328,0.2459016393442623,0.2459016393442623,0.2459016393442623,0.26229508196721313,0.2786885245901639,0.29508196721311475,0.3114754098360656,0.2459016393442623
1,Scenario1_I_Video3_Session2 vs Session1,NaiveBayes,456,61,61,"{'priors': None, 'var_smoothing': 1e-09}",scenario_results_scenarios_2025-11-30_104836_early_stop/naivebayes_Scenario1_I_Video3_Session2 vs Session1_2025-11-30_104836_seed456_early_stop.pkl,1.0,1.0,1.0,1.0,1.0,1.0,1.0,1.0,1.0,1.0,1.0,1.0,1.0,0.16393442622950818,0.1150663544106167,0.1150663544106167,0.09699453551912568,0.09699453551912568,0.16393442622950818,0.16393442622950818,0.16393442622950818,0.18032786885245902,0.18032786885245902,0.19672131147540983,0.21311475409836064,0.16393442622950818
1,Scenario1_T_Video1_Session1 vs Session2,NaiveBayes,456,61,61,"{'priors': None, 'var_smoothing': 1e-09}",scenario_results_scenarios_2025-11-30_104836_early_stop/naivebayes_Scenario1_T_Video1_Session1 vs Session2_2025-11-30_104836_seed456_early_stop.pkl,1.0,1.0,1.0,1.0,1.0,1.0,1.0,1.0,1.0,1.0,1.0,1.0,1.0,0.14754098360655737,0.11038251366120219,0.11038251366120219,0.09699453551912568,0.09699453551912568,0.14754098360655737,0.14754098360655737,0.14754098360655737,0.16393442622950818,0.16393442622950818,0.18032786885245902,0.19672131147540983,0.14754098360655737
1,Scenario1_T_Video1_Session2 vs Session1,NaiveBayes,456,61,61,"{'priors': None, 'var_smoothing': 1e-09}",scenario_results_scenarios_2025-11-30_104836_early_stop/naivebayes_Scenario1_T_Video1_Session2 vs Session1_2025-11-30_104836_seed456_early_stop.pkl,1.0,1.0,1.0,1.0,1.0,1.0,1.0,1.0,1.0,1.0,1.0,1.0,1.0,0.18032786885245902,0.13606557377049178,0.13606557377049178,0.12021857923497267,0.12021857923497267,0.18032786885245902,0.18032786885245902,0.18032786885245902,0.19672131147540983,0.19672131147540983,0.21311475409836064,0.22950819672131148,0.18032786885245902
1,Scenario1_T_Video2_Session1 vs Session2,NaiveBayes,456,61,61,"{'priors': None, 'var_smoothing': 1e-09}",scenario_results_scenarios_2025-11-30_104836_early_stop/naivebayes_Scenario1_T_Video2_Session1 vs Session2_2025-11-30_104836_seed456_early_stop.pkl,1.0,1.0,1.0,1.0,1.0,1.0,1.0,1.0,1.0,1.0,1.0,1.0,1.0,0.19672131147540983,0.13661202185792348,0.13661202185792348,0.11530054644808742,0.11530054644808742,0.19672131147540983,0.19672131147540983,0.19672131147540983,0.21311475409836064,0.22950819672131148,0.22950819672131148,0.2459016393442623,0.19672131147540983
1,Scenario1_T_Video2_Session2 vs Session1,NaiveBayes,456,61,61,"{'priors': None, 'var_smoothing': 1e-09}",scenario_results_scenarios_2025-11-30_104836_early_stop/naivebayes_Scenario1_T_Video2_Session2 vs Session1_2025-11-30_104836_seed456_early_stop.pkl,1.0,1.0,1.0,1.0,1.0,1.0,1.0,1.0,1.0,1.0,1.0,1.0,1.0,0.21311475409836064,0.1431693989071038,0.1431693989071038,0.11612021857923495,0.11612021857923495,0.21311475409836064,0.21311475409836064,0.21311475409836064,0.22950819672131148,0.2459016393442623,0.2459016393442623,0.26229508196721313,0.21311475409836064
1,Scenario1_T_Video3_Session1 vs Session2,NaiveBayes,456,61,61,"{'priors': None, 'var_smoothing': 1e-09}",scenario_results_scenarios_2025-11-30_104836_early_stop/naivebayes_Scenario1_T_Video3_Session1 vs Session2_2025-11-30_104836_seed456_early_stop.pkl,1.0,1.0,1.0,1.0,1.0,1.0,1.0,1.0,1.0,1.0,1.0,1.0,1.0,0.16393442622950818,0.10601092896174863,0.10601092896174863,0.08469945355191257,0.08469945355191257,0.16393442622950818,0.16393442622950818,0.16393442622950818,0.18032786885245902,0.19672131147540983,0.19672131147540983,0.21311475409836064,0.16393442622950818
1,Scenario1_T_Video3_Session2 vs Session1,NaiveBayes,456,61,61,"{'priors': None, 'var_smoothing': 1e-09}",scenario_results_scenarios_2025-11-30_104836_early_stop/naivebayes_Scenario1_T_Video3_Session2 vs Session1_2025-11-30_104836_seed456_early_stop.pkl,1.0,1.0,1.0,1.0,1.0,1.0,1.0,1.0,1.0,1.0,1.0,1.0,1.0,0.18032786885245902,0.11779859484777518,0.11779859484777518,0.09699453551912568,0.09699453551912568,0.18032786885245902,0.18032786885245902,0.18032786885245902,0.19672131147540983,0.21311475409836064,0.21311475409836064,0.21311475409836064,0.18032786885245902
1,Scenario1_F_Video1_Session1 vs Session2,LightGBM,456,61,61,"{'n_estimators': 100, 'max_depth': 6, 'learning_rate': 0.05, 'num_leaves': 31, 'min_child_samples': 20}",scenario_results_scenarios_2025-11-30_104836_early_stop/lightgbm_Scenario1_F_Video1_Session1 vs Session2_2025-11-30_104836_seed456_early_stop.pkl,1.0,1.0,1.0,1.0,1.0,1.0,1.0,1.0,1.0,1.0,1.0,1.0,1.0,0.06557377049180328,0.05027322404371584,0.05027322404371584,0.045081967213114756,0.045081967213114756,0.06557377049180328,0.06557377049180328,0.06557377049180328,0.22950819672131148,0.2786885245901639,0.39344262295081966,0.4262295081967213,0.06557377049180328
1,Scenario1_F_Video1_Session2 vs Session1,LightGBM,456,61,61,"{'n_estimators': 100, 'max_depth': 6, 'learning_rate': 0.05, 'num_leaves': 31, 'min_child_samples': 20}",scenario_results_scenarios_2025-11-30_104836_early_stop/lightgbm_Scenario1_F_Video1_Session2 vs Session1_2025-11-30_104836_seed456_early_stop.pkl,1.0,1.0,1.0,1.0,1.0,1.0,1.0,1.0,1.0,1.0,1.0,1.0,1.0,0.13114754098360656,0.08743169398907105,0.08743169398907105,0.06830601092896174,0.06830601092896174,0.13114754098360656,0.13114754098360656,0.13114754098360656,0.2459016393442623,0.26229508196721313,0.32786885245901637,0.32786885245901637,0.13114754098360656
1,Scenario1_F_Video2_Session1 vs Session2,LightGBM,456,61,61,"{'n_estimators': 100, 'max_depth': 6, 'learning_rate': 0.05, 'num_leaves': 31, 'min_child_samples': 20}",scenario_results_scenarios_2025-11-30_104836_early_stop/lightgbm_Scenario1_F_Video2_Session1 vs Session2_2025-11-30_104836_seed456_early_stop.pkl,1.0,1.0,1.0,1.0,1.0,1.0,1.0,1.0,1.0,1.0,1.0,1.0,1.0,0.14754098360655737,0.1087431693989071,0.1087431693989071,0.09562841530054644,0.09562841530054644,0.14754098360655737,0.14754098360655737,0.14754098360655737,0.21311475409836064,0.3114754098360656,0.3770491803278688,0.4262295081967213,0.14754098360655737
1,Scenario1_F_Video2_Session2 vs Session1,LightGBM,456,61,61,"{'n_estimators': 100, 'max_depth': 6, 'learning_rate': 0.05, 'num_leaves': 31, 'min_child_samples': 20}",scenario_results_scenarios_2025-11-30_104836_early_stop/lightgbm_Scenario1_F_Video2_Session2 vs Session1_2025-11-30_104836_seed456_early_stop.pkl,1.0,1.0,1.0,1.0,1.0,1.0,1.0,1.0,1.0,1.0,1.0,1.0,1.0,0.18032786885245902,0.13114754098360656,0.13114754098360656,0.1092896174863388,0.1092896174863388,0.18032786885245902,0.18032786885245902,0.18032786885245902,0.3770491803278688,0.4098360655737705,0.4918032786885246,0.5737704918032787,0.18032786885245902
1,Scenario1_F_Video3_Session1 vs Session2,LightGBM,456,61,61,"{'n_estimators': 100, 'max_depth': 6, 'learning_rate': 0.05, 'num_leaves': 31, 'min_child_samples': 20}",scenario_results_scenarios_2025-11-30_104836_early_stop/lightgbm_Scenario1_F_Video3_Session1 vs Session2_2025-11-30_104836_seed456_early_stop.pkl,1.0,1.0,1.0,1.0,1.0,1.0,1.0,1.0,1.0,1.0,1.0,1.0,1.0,0.26229508196721313,0.18688524590163935,0.18688524590163935,0.16038251366120215,0.16038251366120215,0.26229508196721313,0.26229508196721313,0.26229508196721313,0.3442622950819672,0.4262295081967213,0.4426229508196721,0.4918032786885246,0.26229508196721313
1,Scenario1_F_Video3_Session2 vs Session1,LightGBM,456,61,61,"{'n_estimators': 100, 'max_depth': 6, 'learning_rate': 0.05, 'num_leaves': 31, 'min_child_samples': 20}",scenario_results_scenarios_2025-11-30_104836_early_stop/lightgbm_Scenario1_F_Video3_Session2 vs Session1_2025-11-30_104836_seed456_early_stop.pkl,1.0,1.0,1.0,1.0,1.0,1.0,1.0,1.0,1.0,1.0,1.0,1.0,1.0,0.14754098360655737,0.126775956284153,0.126775956284153,0.12213114754098361,0.12213114754098361,0.14754098360655737,0.14754098360655737,0.14754098360655737,0.3114754098360656,0.4262295081967213,0.45901639344262296,0.5245901639344263,0.14754098360655737
1,Scenario1_I_Video1_Session1 vs Session2,LightGBM,456,61,61,"{'n_estimators': 100, 'max_depth': 6, 'learning_rate': 0.05, 'num_leaves': 31, 'min_child_samples': 20}",scenario_results_scenarios_2025-11-30_104836_early_stop/lightgbm_Scenario1_I_Video1_Session1 vs Session2_2025-11-30_104836_seed456_early_stop.pkl,1.0,1.0,1.0,1.0,1.0,1.0,1.0,1.0,1.0,1.0,1.0,1.0,1.0,0.08196721311475409,0.058469945355191254,0.058469945355191254,0.05054644808743169,0.05054644808743169,0.08196721311475409,0.08196721311475409,0.08196721311475409,0.16393442622950818,0.22950819672131148,0.32786885245901637,0.36065573770491804,0.08196721311475409
1,Scenario1_I_Video1_Session2 vs Session1,LightGBM,456,61,61,"{'n_estimators': 100, 'max_depth': 6, 'learning_rate': 0.05, 'num_leaves': 31, 'min_child_samples': 20}",scenario_results_scenarios_2025-11-30_104836_early_stop/lightgbm_Scenario1_I_Video1_Session2 vs Session1_2025-11-30_104836_seed456_early_stop.pkl,1.0,1.0,1.0,1.0,1.0,1.0,1.0,1.0,1.0,1.0,1.0,1.0,1.0,0.13114754098360656,0.10304449648711944,0.10304449648711944,0.09562841530054644,0.09562841530054644,0.13114754098360656,0.13114754098360656,0.13114754098360656,0.3114754098360656,0.3770491803278688,0.4426229508196721,0.45901639344262296,0.13114754098360656
1,Scenario1_I_Video2_Session1 vs Session2,LightGBM,456,61,61,"{'n_estimators': 100, 'max_depth': 6, 'learning_rate': 0.05, 'num_leaves': 31, 'min_child_samples': 20}",scenario_results_scenarios_2025-11-30_104836_early_stop/lightgbm_Scenario1_I_Video2_Session1 vs Session2_2025-11-30_104836_seed456_early_stop.pkl,1.0,1.0,1.0,1.0,1.0,1.0,1.0,1.0,1.0,1.0,1.0,1.0,1.0,0.16393442622950818,0.14043715846994534,0.14043715846994534,0.1325136612021858,0.1325136612021858,0.16393442622950818,0.16393442622950818,0.16393442622950818,0.32786885245901637,0.4098360655737705,0.4918032786885246,0.5409836065573771,0.16393442622950818
1,Scenario1_I_Video2_Session2 vs Session1,LightGBM,456,61,61,"{'n_estimators': 100, 'max_depth': 6, 'learning_rate': 0.05, 'num_leaves': 31, 'min_child_samples': 20}",scenario_results_scenarios_2025-11-30_104836_early_stop/lightgbm_Scenario1_I_Video2_Session2 vs Session1_2025-11-30_104836_seed456_early_stop.pkl,1.0,1.0,1.0,1.0,1.0,1.0,1.0,1.0,1.0,1.0,1.0,1.0,1.0,0.09836065573770492,0.058469945355191254,0.058469945355191254,0.04234972677595628,0.04234972677595628,0.09836065573770492,0.09836065573770492,0.09836065573770492,0.16393442622950818,0.26229508196721313,0.36065573770491804,0.39344262295081966,0.09836065573770492
1,Scenario1_I_Video3_Session1 vs Session2,LightGBM,456,61,61,"{'n_estimators': 100, 'max_depth': 6, 'learning_rate': 0.05, 'num_leaves': 31, 'min_child_samples': 20}",scenario_results_scenarios_2025-11-30_104836_early_stop/lightgbm_Scenario1_I_Video3_Session1 vs Session2_2025-11-30_104836_seed456_early_stop.pkl,1.0,1.0,1.0,1.0,1.0,1.0,1.0,1.0,1.0,1.0,1.0,1.0,1.0,0.21311475409836064,0.15846994535519124,0.15846994535519124,0.13989071038251366,0.13989071038251366,0.21311475409836064,0.21311475409836064,0.21311475409836064,0.3114754098360656,0.47540983606557374,0.4918032786885246,0.6065573770491803,0.21311475409836064
1,Scenario1_I_Video3_Session2 vs Session1,LightGBM,456,61,61,"{'n_estimators': 100, 'max_depth': 6, 'learning_rate': 0.05, 'num_leaves': 31, 'min_child_samples': 20}",scenario_results_scenarios_2025-11-30_104836_early_stop/lightgbm_Scenario1_I_Video3_Session2 vs Session1_2025-11-30_104836_seed456_early_stop.pkl,1.0,1.0,1.0,1.0,1.0,1.0,1.0,1.0,1.0,1.0,1.0,1.0,1.0,0.14754098360655737,0.11202185792349727,0.11202185792349727,0.09890710382513661,0.09890710382513661,0.14754098360655737,0.14754098360655737,0.14754098360655737,0.21311475409836064,0.29508196721311475,0.39344262295081966,0.4918032786885246,0.14754098360655737
1,Scenario1_T_Video1_Session1 vs Session2,LightGBM,456,61,61,"{'n_estimators': 100, 'max_depth': 6, 'learning_rate': 0.05, 'num_leaves': 31, 'min_child_samples': 20}",scenario_results_scenarios_2025-11-30_104836_early_stop/lightgbm_Scenario1_T_Video1_Session1 vs Session2_2025-11-30_104836_seed456_early_stop.pkl,1.0,1.0,1.0,1.0,1.0,1.0,1.0,1.0,1.0,1.0,1.0,1.0,1.0,0.14754098360655737,0.09016393442622951,0.09016393442622951,0.06830601092896174,0.06830601092896174,0.14754098360655737,0.14754098360655737,0.14754098360655737,0.32786885245901637,0.39344262295081966,0.4426229508196721,0.5245901639344263,0.14754098360655737
1,Scenario1_T_Video1_Session2 vs Session1,LightGBM,456,61,61,"{'n_estimators': 100, 'max_depth': 6, 'learning_rate': 0.05, 'num_leaves': 31, 'min_child_samples': 20}",scenario_results_scenarios_2025-11-30_104836_early_stop/lightgbm_Scenario1_T_Video1_Session2 vs Session1_2025-11-30_104836_seed456_early_stop.pkl,1.0,1.0,1.0,1.0,1.0,1.0,1.0,1.0,1.0,1.0,1.0,1.0,1.0,0.2786885245901639,0.22131147540983603,0.22131147540983603,0.19672131147540983,0.19672131147540983,0.2786885245901639,0.2786885245901639,0.2786885245901639,0.39344262295081966,0.45901639344262296,0.47540983606557374,0.5081967213114754,0.2786885245901639
1,Scenario1_T_Video2_Session1 vs Session2,LightGBM,456,61,61,"{'n_estimators': 100, 'max_depth': 6, 'learning_rate': 0.05, 'num_leaves': 31, 'min_child_samples': 20}",scenario_results_scenarios_2025-11-30_104836_early_stop/lightgbm_Scenario1_T_Video2_Session1 vs Session2_2025-11-30_104836_seed456_early_stop.pkl,1.0,1.0,1.0,1.0,1.0,1.0,1.0,1.0,1.0,1.0,1.0,1.0,1.0,0.11475409836065574,0.08306010928961748,0.08306010928961748,0.07240437158469946,0.07240437158469946,0.11475409836065574,0.11475409836065574,0.11475409836065574,0.16393442622950818,0.26229508196721313,0.32786885245901637,0.36065573770491804,0.11475409836065574
1,Scenario1_T_Video2_Session2 vs Session1,LightGBM,456,61,61,"{'n_estimators': 100, 'max_depth': 6, 'learning_rate': 0.05, 'num_leaves': 31, 'min_child_samples': 20}",scenario_results_scenarios_2025-11-30_104836_early_stop/lightgbm_Scenario1_T_Video2_Session2 vs Session1_2025-11-30_104836_seed456_early_stop.pkl,1.0,1.0,1.0,1.0,1.0,1.0,1.0,1.0,1.0,1.0,1.0,1.0,1.0,0.21311475409836064,0.13770491803278687,0.13770491803278687,0.11065573770491802,0.11065573770491802,0.21311475409836064,0.21311475409836064,0.21311475409836064,0.2786885245901639,0.32786885245901637,0.3770491803278688,0.4098360655737705,0.21311475409836064
1,Scenario1_T_Video3_Session1 vs Session2,LightGBM,456,61,61,"{'n_estimators': 100, 'max_depth': 6, 'learning_rate': 0.05, 'num_leaves': 31, 'min_child_samples': 20}",scenario_results_scenarios_2025-11-30_104836_early_stop/lightgbm_Scenario1_T_Video3_Session1 vs Session2_2025-11-30_104836_seed456_early_stop.pkl,1.0,1.0,1.0,1.0,1.0,1.0,1.0,1.0,1.0,1.0,1.0,1.0,1.0,0.14754098360655737,0.10218579234972676,0.10218579234972676,0.0866120218579235,0.0866120218579235,0.14754098360655737,0.14754098360655737,0.14754098360655737,0.2459016393442623,0.2786885245901639,0.3770491803278688,0.4262295081967213,0.14754098360655737
1,Scenario1_T_Video3_Session2 vs Session1,LightGBM,456,61,61,"{'n_estimators': 100, 'max_depth': 6, 'learning_rate': 0.05, 'num_leaves': 31, 'min_child_samples': 20}",scenario_results_scenarios_2025-11-30_104836_early_stop/lightgbm_Scenario1_T_Video3_Session2 vs Session1_2025-11-30_104836_seed456_early_stop.pkl,1.0,1.0,1.0,1.0,1.0,1.0,1.0,1.0,1.0,1.0,1.0,1.0,1.0,0.13114754098360656,0.10109289617486339,0.10109289617486339,0.08743169398907104,0.08743169398907104,0.13114754098360656,0.13114754098360656,0.13114754098360656,0.21311475409836064,0.29508196721311475,0.36065573770491804,0.4262295081967213,0.13114754098360656
1,Scenario1_F_Video1_Session1 vs Session2,ExtraTrees,456,61,61,"{'n_estimators': 100, 'max_depth': 10, 'min_samples_split': 2, 'min_samples_leaf': 1, 'max_features': 'sqrt', 'bootstrap': False, 'criterion': 'gini'}",scenario_results_scenarios_2025-11-30_104836_early_stop/extratrees_Scenario1_F_Video1_Session1 vs Session2_2025-11-30_104836_seed456_early_stop.pkl,1.0,1.0,1.0,1.0,1.0,1.0,1.0,1.0,1.0,1.0,1.0,1.0,1.0,0.3442622950819672,0.26775956284153,0.26775956284153,0.23770491803278687,0.23770491803278687,0.3442622950819672,0.3442622950819672,0.3442622950819672,0.45901639344262296,0.6065573770491803,0.6885245901639344,0.7704918032786885,0.32786885245901637
1,Scenario1_F_Video1_Session2 vs Session1,ExtraTrees,456,61,61,"{'n_estimators': 100, 'max_depth': 10, 'min_samples_split': 2, 'min_samples_leaf': 1, 'max_features': 'sqrt', 'bootstrap': False, 'criterion': 'gini'}",scenario_results_scenarios_2025-11-30_104836_early_stop/extratrees_Scenario1_F_Video1_Session2 vs Session1_2025-11-30_104836_seed456_early_stop.pkl,1.0,1.0,1.0,1.0,1.0,1.0,1.0,1.0,1.0,1.0,1.0,1.0,1.0,0.3114754098360656,0.23060109289617486,0.23060109289617486,0.19808743169398907,0.19808743169398907,0.3114754098360656,0.3114754098360656,0.32786885245901637,0.47540983606557374,0.5409836065573771,0.5901639344262295,0.6557377049180327,0.3114754098360656
1,Scenario1_F_Video2_Session1 vs Session2,ExtraTrees,456,61,61,"{'n_estimators': 100, 'max_depth': 10, 'min_samples_split': 2, 'min_samples_leaf': 1, 'max_features': 'sqrt', 'bootstrap': False, 'criterion': 'gini'}",scenario_results_scenarios_2025-11-30_104836_early_stop/extratrees_Scenario1_F_Video2_Session1 vs Session2_2025-11-30_104836_seed456_early_stop.pkl,1.0,1.0,1.0,1.0,1.0,1.0,1.0,1.0,1.0,1.0,1.0,1.0,1.0,0.3114754098360656,0.23879781420765023,0.23879781420765023,0.20901639344262296,0.20901639344262296,0.3114754098360656,0.3114754098360656,0.29508196721311475,0.4262295081967213,0.5573770491803278,0.639344262295082,0.6557377049180327,0.29508196721311475
1,Scenario1_F_Video2_Session2 vs Session1,ExtraTrees,456,61,61,"{'n_estimators': 100, 'max_depth': 10, 'min_samples_split': 2, 'min_samples_leaf': 1, 'max_features': 'sqrt', 'bootstrap': False, 'criterion': 'gini'}",scenario_results_scenarios_2025-11-30_104836_early_stop/extratrees_Scenario1_F_Video2_Session2 vs Session1_2025-11-30_104836_seed456_early_stop.pkl,1.0,1.0,1.0,1.0,1.0,1.0,1.0,1.0,1.0,1.0,1.0,1.0,1.0,0.36065573770491804,0.28415300546448086,0.28415300546448086,0.25136612021857924,0.25136612021857924,0.36065573770491804,0.36065573770491804,0.3442622950819672,0.5081967213114754,0.6229508196721312,0.639344262295082,0.7377049180327869,0.3442622950819672
1,Scenario1_F_Video3_Session1 vs Session2,ExtraTrees,456,61,61,"{'n_estimators': 100, 'max_depth': 10, 'min_samples_split': 2, 'min_samples_leaf': 1, 'max_features': 'sqrt', 'bootstrap': False, 'criterion': 'gini'}",scenario_results_scenarios_2025-11-30_104836_early_stop/extratrees_Scenario1_F_Video3_Session1 vs Session2_2025-11-30_104836_seed456_early_stop.pkl,1.0,1.0,1.0,1.0,1.0,1.0,1.0,1.0,1.0,1.0,1.0,1.0,1.0,0.3114754098360656,0.2442622950819672,0.2442622950819672,0.21775956284153006,0.21775956284153006,0.3114754098360656,0.3114754098360656,0.29508196721311475,0.4918032786885246,0.5901639344262295,0.7049180327868853,0.7540983606557377,0.2786885245901639
1,Scenario1_F_Video3_Session2 vs Session1,ExtraTrees,456,61,61,"{'n_estimators': 100, 'max_depth': 10, 'min_samples_split': 2, 'min_samples_leaf': 1, 'max_features': 'sqrt', 'bootstrap': False, 'criterion': 'gini'}",scenario_results_scenarios_2025-11-30_104836_early_stop/extratrees_Scenario1_F_Video3_Session2 vs Session1_2025-11-30_104836_seed456_early_stop.pkl,1.0,1.0,1.0,1.0,1.0,1.0,1.0,1.0,1.0,1.0,1.0,1.0,1.0,0.32786885245901637,0.26885245901639343,0.26885245901639343,0.24180327868852458,0.24180327868852458,0.32786885245901637,0.32786885245901637,0.36065573770491804,0.5409836065573771,0.6065573770491803,0.6721311475409836,0.7704918032786885,0.32786885245901637
1,Scenario1_I_Video1_Session1 vs Session2,ExtraTrees,456,61,61,"{'n_estimators': 100, 'max_depth': 10, 'min_samples_split': 2, 'min_samples_leaf': 1, 'max_features': 'sqrt', 'bootstrap': False, 'criterion': 'gini'}",scenario_results_scenarios_2025-11-30_104836_early_stop/extratrees_Scenario1_I_Video1_Session1 vs Session2_2025-11-30_104836_seed456_early_stop.pkl,1.0,1.0,1.0,1.0,1.0,1.0,1.0,1.0,1.0,1.0,1.0,1.0,1.0,0.26229508196721313,0.1923497267759563,0.1923497267759563,0.1685792349726776,0.1685792349726776,0.26229508196721313,0.26229508196721313,0.2786885245901639,0.4098360655737705,0.5409836065573771,0.6065573770491803,0.6229508196721312,0.26229508196721313
1,Scenario1_I_Video1_Session2 vs Session1,ExtraTrees,456,61,61,"{'n_estimators': 100, 'max_depth': 10, 'min_samples_split': 2, 'min_samples_leaf': 1, 'max_features': 'sqrt', 'bootstrap': False, 'criterion': 'gini'}",scenario_results_scenarios_2025-11-30_104836_early_stop/extratrees_Scenario1_I_Video1_Session2 vs Session1_2025-11-30_104836_seed456_early_stop.pkl,1.0,1.0,1.0,1.0,1.0,1.0,1.0,1.0,1.0,1.0,1.0,1.0,1.0,0.2786885245901639,0.20796252927400466,0.20796252927400466,0.18169398907103826,0.18169398907103826,0.2786885245901639,0.2786885245901639,0.22950819672131148,0.3770491803278688,0.47540983606557374,0.5901639344262295,0.6721311475409836,0.22950819672131148
1,Scenario1_I_Video2_Session1 vs Session2,ExtraTrees,456,61,61,"{'n_estimators': 100, 'max_depth': 10, 'min_samples_split': 2, 'min_samples_leaf': 1, 'max_features': 'sqrt', 'bootstrap': False, 'criterion': 'gini'}",scenario_results_scenarios_2025-11-30_104836_early_stop/extratrees_Scenario1_I_Video2_Session1 vs Session2_2025-11-30_104836_seed456_early_stop.pkl,1.0,1.0,1.0,1.0,1.0,1.0,1.0,1.0,1.0,1.0,1.0,1.0,1.0,0.32786885245901637,0.2524590163934426,0.2524590163934426,0.2226775956284153,0.2226775956284153,0.32786885245901637,0.32786885245901637,0.32786885245901637,0.5409836065573771,0.6065573770491803,0.7213114754098361,0.7704918032786885,0.32786885245901637
1,Scenario1_I_Video2_Session2 vs Session1,ExtraTrees,456,61,61,"{'n_estimators': 100, 'max_depth': 10, 'min_samples_split': 2, 'min_samples_leaf': 1, 'max_features': 'sqrt', 'bootstrap': False, 'criterion': 'gini'}",scenario_results_scenarios_2025-11-30_104836_early_stop/extratrees_Scenario1_I_Video2_Session2 vs Session1_2025-11-30_104836_seed456_early_stop.pkl,1.0,1.0,1.0,1.0,1.0,1.0,1.0,1.0,1.0,1.0,1.0,1.0,1.0,0.26229508196721313,0.19508196721311474,0.19508196721311474,0.1680327868852459,0.1680327868852459,0.26229508196721313,0.26229508196721313,0.2459016393442623,0.5081967213114754,0.6229508196721312,0.7213114754098361,0.7704918032786885,0.2459016393442623
1,Scenario1_I_Video3_Session1 vs Session2,ExtraTrees,456,61,61,"{'n_estimators': 100, 'max_depth': 10, 'min_samples_split': 2, 'min_samples_leaf': 1, 'max_features': 'sqrt', 'bootstrap': False, 'criterion': 'gini'}",scenario_results_scenarios_2025-11-30_104836_early_stop/extratrees_Scenario1_I_Video3_Session1 vs Session2_2025-11-30_104836_seed456_early_stop.pkl,1.0,1.0,1.0,1.0,1.0,1.0,1.0,1.0,1.0,1.0,1.0,1.0,1.0,0.4098360655737705,0.30273224043715846,0.30273224043715846,0.2568306010928962,0.2568306010928962,0.4098360655737705,0.4098360655737705,0.4098360655737705,0.5409836065573771,0.6229508196721312,0.639344262295082,0.6885245901639344,0.3770491803278688
1,Scenario1_I_Video3_Session2 vs Session1,ExtraTrees,456,61,61,"{'n_estimators': 100, 'max_depth': 10, 'min_samples_split': 2, 'min_samples_leaf': 1, 'max_features': 'sqrt', 'bootstrap': False, 'criterion': 'gini'}",scenario_results_scenarios_2025-11-30_104836_early_stop/extratrees_Scenario1_I_Video3_Session2 vs Session1_2025-11-30_104836_seed456_early_stop.pkl,1.0,1.0,1.0,1.0,1.0,1.0,1.0,1.0,1.0,1.0,1.0,1.0,1.0,0.36065573770491804,0.2792349726775956,0.2792349726775956,0.2472677595628415,0.2472677595628415,0.36065573770491804,0.36065573770491804,0.3770491803278688,0.5081967213114754,0.5737704918032787,0.6721311475409836,0.7049180327868853,0.3442622950819672
1,Scenario1_T_Video1_Session1 vs Session2,ExtraTrees,456,61,61,"{'n_estimators': 100, 'max_depth': 10, 'min_samples_split': 2, 'min_samples_leaf': 1, 'max_features': 'sqrt', 'bootstrap': False, 'criterion': 'gini'}",scenario_results_scenarios_2025-11-30_104836_early_stop/extratrees_Scenario1_T_Video1_Session1 vs Session2_2025-11-30_104836_seed456_early_stop.pkl,1.0,1.0,1.0,1.0,1.0,1.0,1.0,1.0,1.0,1.0,1.0,1.0,1.0,0.3770491803278688,0.30437158469945347,0.30437158469945347,0.2751366120218579,0.2751366120218579,0.3770491803278688,0.3770491803278688,0.3770491803278688,0.5409836065573771,0.6065573770491803,0.7049180327868853,0.7377049180327869,0.36065573770491804
1,Scenario1_T_Video1_Session2 vs Session1,ExtraTrees,456,61,61,"{'n_estimators': 100, 'max_depth': 10, 'min_samples_split': 2, 'min_samples_leaf': 1, 'max_features': 'sqrt', 'bootstrap': False, 'criterion': 'gini'}",scenario_results_scenarios_2025-11-30_104836_early_stop/extratrees_Scenario1_T_Video1_Session2 vs Session1_2025-11-30_104836_seed456_early_stop.pkl,1.0,1.0,1.0,1.0,1.0,1.0,1.0,1.0,1.0,1.0,1.0,1.0,1.0,0.26229508196721313,0.18961748633879777,0.18961748633879777,0.1598360655737705,0.1598360655737705,0.26229508196721313,0.26229508196721313,0.2459016393442623,0.4918032786885246,0.5901639344262295,0.639344262295082,0.6557377049180327,0.21311475409836064
1,Scenario1_T_Video2_Session1 vs Session2,ExtraTrees,456,61,61,"{'n_estimators': 100, 'max_depth': 10, 'min_samples_split': 2, 'min_samples_leaf': 1, 'max_features': 'sqrt', 'bootstrap': False, 'criterion': 'gini'}",scenario_results_scenarios_2025-11-30_104836_early_stop/extratrees_Scenario1_T_Video2_Session1 vs Session2_2025-11-30_104836_seed456_early_stop.pkl,1.0,1.0,1.0,1.0,1.0,1.0,1.0,1.0,1.0,1.0,1.0,1.0,1.0,0.26229508196721313,0.20983606557377046,0.20983606557377046,0.1912568306010929,0.1912568306010929,0.26229508196721313,0.26229508196721313,0.2786885245901639,0.4262295081967213,0.5409836065573771,0.6229508196721312,0.6721311475409836,0.26229508196721313
1,Scenario1_T_Video2_Session2 vs Session1,ExtraTrees,456,61,61,"{'n_estimators': 100, 'max_depth': 10, 'min_samples_split': 2, 'min_samples_leaf': 1, 'max_features': 'sqrt', 'bootstrap': False, 'criterion': 'gini'}",scenario_results_scenarios_2025-11-30_104836_early_stop/extratrees_Scenario1_T_Video2_Session2 vs Session1_2025-11-30_104836_seed456_early_stop.pkl,1.0,1.0,1.0,1.0,1.0,1.0,1.0,1.0,1.0,1.0,1.0,1.0,1.0,0.3114754098360656,0.23879781420765023,0.23879781420765023,0.21174863387978143,0.21174863387978143,0.3114754098360656,0.3114754098360656,0.3442622950819672,0.47540983606557374,0.6229508196721312,0.7540983606557377,0.7540983606557377,0.3114754098360656
1,Scenario1_T_Video3_Session1 vs Session2,ExtraTrees,456,61,61,"{'n_estimators': 100, 'max_depth': 10, 'min_samples_split': 2, 'min_samples_leaf': 1, 'max_features': 'sqrt', 'bootstrap': False, 'criterion': 'gini'}",scenario_results_scenarios_2025-11-30_104836_early_stop/extratrees_Scenario1_T_Video3_Session1 vs Session2_2025-11-30_104836_seed456_early_stop.pkl,1.0,1.0,1.0,1.0,1.0,1.0,1.0,1.0,1.0,1.0,1.0,1.0,1.0,0.39344262295081966,0.30601092896174864,0.30601092896174864,0.27049180327868855,0.27049180327868855,0.39344262295081966,0.39344262295081966,0.3442622950819672,0.45901639344262296,0.6065573770491803,0.6065573770491803,0.639344262295082,0.3442622950819672
1,Scenario1_T_Video3_Session2 vs Session1,ExtraTrees,456,61,61,"{'n_estimators': 100, 'max_depth': 10, 'min_samples_split': 2, 'min_samples_leaf': 1, 'max_features': 'sqrt', 'bootstrap': False, 'criterion': 'gini'}",scenario_results_scenarios_2025-11-30_104836_early_stop/extratrees_Scenario1_T_Video3_Session2 vs Session1_2025-11-30_104836_seed456_early_stop.pkl,1.0,1.0,1.0,1.0,1.0,1.0,1.0,1.0,1.0,1.0,1.0,1.0,1.0,0.29508196721311475,0.23224043715846993,0.23224043715846993,0.2076502732240437,0.2076502732240437,0.29508196721311475,0.29508196721311475,0.3114754098360656,0.4098360655737705,0.5081967213114754,0.5901639344262295,0.5901639344262295,0.29508196721311475
1,Scenario1_F_Video1_Session1 vs Session2,GradientBoosting,456,61,61,"{'n_estimators': 100, 'max_depth': 3, 'learning_rate': 0.05, 'min_samples_split': 2, 'min_samples_leaf': 1, 'subsample': 0.8, 'max_features': 'sqrt'}",scenario_results_scenarios_2025-11-30_104836_early_stop/gradientboosting_Scenario1_F_Video1_Session1 vs Session2_2025-11-30_104836_seed456_early_stop.pkl,1.0,1.0,1.0,1.0,1.0,1.0,1.0,1.0,1.0,1.0,1.0,1.0,1.0,0.06557377049180328,0.03825136612021857,0.03825136612021857,0.0273224043715847,0.0273224043715847,0.06557377049180328,0.06557377049180328,0.06557377049180328,0.16393442622950818,0.2459016393442623,0.2786885245901639,0.2786885245901639,0.06557377049180328
1,Scenario1_F_Video1_Session2 vs Session1,GradientBoosting,456,61,61,"{'n_estimators': 100, 'max_depth': 3, 'learning_rate': 0.05, 'min_samples_split': 2, 'min_samples_leaf': 1, 'subsample': 0.8, 'max_features': 'sqrt'}",scenario_results_scenarios_2025-11-30_104836_early_stop/gradientboosting_Scenario1_F_Video1_Session2 vs Session1_2025-11-30_104836_seed456_early_stop.pkl,1.0,1.0,1.0,1.0,1.0,1.0,1.0,1.0,1.0,1.0,1.0,1.0,1.0,0.06557377049180328,0.039162112932604735,0.039162112932604735,0.03210382513661202,0.03210382513661202,0.06557377049180328,0.06557377049180328,0.06557377049180328,0.09836065573770492,0.16393442622950818,0.19672131147540983,0.19672131147540983,0.06557377049180328
1,Scenario1_F_Video2_Session1 vs Session2,GradientBoosting,456,61,61,"{'n_estimators': 100, 'max_depth': 3, 'learning_rate': 0.05, 'min_samples_split': 2, 'min_samples_leaf': 1, 'subsample': 0.8, 'max_features': 'sqrt'}",scenario_results_scenarios_2025-11-30_104836_early_stop/gradientboosting_Scenario1_F_Video2_Session1 vs Session2_2025-11-30_104836_seed456_early_stop.pkl,1.0,1.0,1.0,1.0,1.0,1.0,1.0,1.0,1.0,1.0,1.0,1.0,1.0,0.03278688524590164,0.02459016393442623,0.02459016393442623,0.02185792349726776,0.02185792349726776,0.03278688524590164,0.03278688524590164,0.03278688524590164,0.14754098360655737,0.21311475409836064,0.22950819672131148,0.22950819672131148,0.03278688524590164
1,Scenario1_F_Video2_Session2 vs Session1,GradientBoosting,456,61,61,"{'n_estimators': 100, 'max_depth': 3, 'learning_rate': 0.05, 'min_samples_split': 2, 'min_samples_leaf': 1, 'subsample': 0.8, 'max_features': 'sqrt'}",scenario_results_scenarios_2025-11-30_104836_early_stop/gradientboosting_Scenario1_F_Video2_Session2 vs Session1_2025-11-30_104836_seed456_early_stop.pkl,1.0,1.0,1.0,1.0,1.0,1.0,1.0,1.0,1.0,1.0,1.0,1.0,1.0,0.16393442622950818,0.12896174863387977,0.12896174863387977,0.11885245901639344,0.11885245901639344,0.16393442622950818,0.16393442622950818,0.16393442622950818,0.19672131147540983,0.21311475409836064,0.29508196721311475,0.32786885245901637,0.16393442622950818
1,Scenario1_F_Video3_Session1 vs Session2,GradientBoosting,456,61,61,"{'n_estimators': 100, 'max_depth': 3, 'learning_rate': 0.05, 'min_samples_split': 2, 'min_samples_leaf': 1, 'subsample': 0.8, 'max_features': 'sqrt'}",scenario_results_scenarios_2025-11-30_104836_early_stop/gradientboosting_Scenario1_F_Video3_Session1 vs Session2_2025-11-30_104836_seed456_early_stop.pkl,1.0,1.0,1.0,1.0,1.0,1.0,1.0,1.0,1.0,1.0,1.0,1.0,1.0,0.13114754098360656,0.07189695550351287,0.07189695550351287,0.05837887067395264,0.05837887067395264,0.13114754098360656,0.13114754098360656,0.13114754098360656,0.21311475409836064,0.22950819672131148,0.26229508196721313,0.29508196721311475,0.13114754098360656
1,Scenario1_F_Video3_Session2 vs Session1,GradientBoosting,456,61,61,"{'n_estimators': 100, 'max_depth': 3, 'learning_rate': 0.05, 'min_samples_split': 2, 'min_samples_leaf': 1, 'subsample': 0.8, 'max_features': 'sqrt'}",scenario_results_scenarios_2025-11-30_104836_early_stop/gradientboosting_Scenario1_F_Video3_Session2 vs Session1_2025-11-30_104836_seed456_early_stop.pkl,1.0,1.0,1.0,1.0,1.0,1.0,1.0,1.0,1.0,1.0,1.0,1.0,1.0,0.11475409836065574,0.08938329430132709,0.08938329430132709,0.08196721311475409,0.08196721311475409,0.11475409836065574,0.11475409836065574,0.11475409836065574,0.26229508196721313,0.32786885245901637,0.39344262295081966,0.4098360655737705,0.11475409836065574
1,Scenario1_I_Video1_Session1 vs Session2,GradientBoosting,456,61,61,"{'n_estimators': 100, 'max_depth': 3, 'learning_rate': 0.05, 'min_samples_split': 2, 'min_samples_leaf': 1, 'subsample': 0.8, 'max_features': 'sqrt'}",scenario_results_scenarios_2025-11-30_104836_early_stop/gradientboosting_Scenario1_I_Video1_Session1 vs Session2_2025-11-30_104836_seed456_early_stop.pkl,1.0,1.0,1.0,1.0,1.0,1.0,1.0,1.0,1.0,1.0,1.0,1.0,1.0,0.01639344262295082,0.01639344262295082,0.01639344262295082,0.01639344262295082,0.01639344262295082,0.01639344262295082,0.01639344262295082,0.01639344262295082,0.04918032786885246,0.09836065573770492,0.13114754098360656,0.13114754098360656,0.01639344262295082
1,Scenario1_I_Video1_Session2 vs Session1,GradientBoosting,456,61,61,"{'n_estimators': 100, 'max_depth': 3, 'learning_rate': 0.05, 'min_samples_split': 2, 'min_samples_leaf': 1, 'subsample': 0.8, 'max_features': 'sqrt'}",scenario_results_scenarios_2025-11-30_104836_early_stop/gradientboosting_Scenario1_I_Video1_Session2 vs Session1_2025-11-30_104836_seed456_early_stop.pkl,1.0,1.0,1.0,1.0,1.0,1.0,1.0,1.0,1.0,1.0,1.0,1.0,1.0,0.04918032786885246,0.033879781420765025,0.033879781420765025,0.028688524590163935,0.028688524590163935,0.04918032786885246,0.04918032786885246,0.04918032786885246,0.08196721311475409,0.09836065573770492,0.14754098360655737,0.18032786885245902,0.04918032786885246
1,Scenario1_I_Video2_Session1 vs Session2,GradientBoosting,456,61,61,"{'n_estimators': 100, 'max_depth': 3, 'learning_rate': 0.05, 'min_samples_split': 2, 'min_samples_leaf': 1, 'subsample': 0.8, 'max_features': 'sqrt'}",scenario_results_scenarios_2025-11-30_104836_early_stop/gradientboosting_Scenario1_I_Video2_Session1 vs Session2_2025-11-30_104836_seed456_early_stop.pkl,1.0,1.0,1.0,1.0,1.0,1.0,1.0,1.0,1.0,1.0,1.0,1.0,1.0,0.11475409836065574,0.08469945355191258,0.08469945355191258,0.07103825136612021,0.07103825136612021,0.11475409836065574,0.11475409836065574,0.11475409836065574,0.21311475409836064,0.2459016393442623,0.29508196721311475,0.32786885245901637,0.11475409836065574
1,Scenario1_I_Video2_Session2 vs Session1,GradientBoosting,456,61,61,"{'n_estimators': 100, 'max_depth': 3, 'learning_rate': 0.05, 'min_samples_split': 2, 'min_samples_leaf': 1, 'subsample': 0.8, 'max_features': 'sqrt'}",scenario_results_scenarios_2025-11-30_104836_early_stop/gradientboosting_Scenario1_I_Video2_Session2 vs Session1_2025-11-30_104836_seed456_early_stop.pkl,1.0,1.0,1.0,1.0,1.0,1.0,1.0,1.0,1.0,1.0,1.0,1.0,1.0,0.09836065573770492,0.058718330849478376,0.058718330849478376,0.04672131147540984,0.04672131147540984,0.09836065573770492,0.09836065573770492,0.09836065573770492,0.16393442622950818,0.21311475409836064,0.2459016393442623,0.2786885245901639,0.09836065573770492
1,Scenario1_I_Video3_Session1 vs Session2,GradientBoosting,456,61,61,"{'n_estimators': 100, 'max_depth': 3, 'learning_rate': 0.05, 'min_samples_split': 2, 'min_samples_leaf': 1, 'subsample': 0.8, 'max_features': 'sqrt'}",scenario_results_scenarios_2025-11-30_104836_early_stop/gradientboosting_Scenario1_I_Video3_Session1 vs Session2_2025-11-30_104836_seed456_early_stop.pkl,1.0,1.0,1.0,1.0,1.0,1.0,1.0,1.0,1.0,1.0,1.0,1.0,1.0,0.16393442622950818,0.1349726775956284,0.1349726775956284,0.12431693989071038,0.12431693989071038,0.16393442622950818,0.16393442622950818,0.16393442622950818,0.21311475409836064,0.22950819672131148,0.29508196721311475,0.39344262295081966,0.16393442622950818
1,Scenario1_I_Video3_Session2 vs Session1,GradientBoosting,456,61,61,"{'n_estimators': 100, 'max_depth': 3, 'learning_rate': 0.05, 'min_samples_split': 2, 'min_samples_leaf': 1, 'subsample': 0.8, 'max_features': 'sqrt'}",scenario_results_scenarios_2025-11-30_104836_early_stop/gradientboosting_Scenario1_I_Video3_Session2 vs Session1_2025-11-30_104836_seed456_early_stop.pkl,1.0,1.0,1.0,1.0,1.0,1.0,1.0,1.0,1.0,1.0,1.0,1.0,1.0,0.11475409836065574,0.0994535519125683,0.0994535519125683,0.0942622950819672,0.0942622950819672,0.11475409836065574,0.11475409836065574,0.11475409836065574,0.18032786885245902,0.21311475409836064,0.26229508196721313,0.29508196721311475,0.11475409836065574
1,Scenario1_T_Video1_Session1 vs Session2,GradientBoosting,456,61,61,"{'n_estimators': 100, 'max_depth': 3, 'learning_rate': 0.05, 'min_samples_split': 2, 'min_samples_leaf': 1, 'subsample': 0.8, 'max_features': 'sqrt'}",scenario_results_scenarios_2025-11-30_104836_early_stop/gradientboosting_Scenario1_T_Video1_Session1 vs Session2_2025-11-30_104836_seed456_early_stop.pkl,1.0,1.0,1.0,1.0,1.0,1.0,1.0,1.0,1.0,1.0,1.0,1.0,1.0,0.06557377049180328,0.04293520686963309,0.04293520686963309,0.03551912568306011,0.03551912568306011,0.06557377049180328,0.06557377049180328,0.06557377049180328,0.18032786885245902,0.2459016393442623,0.26229508196721313,0.2786885245901639,0.06557377049180328
1,Scenario1_T_Video1_Session2 vs Session1,GradientBoosting,456,61,61,"{'n_estimators': 100, 'max_depth': 3, 'learning_rate': 0.05, 'min_samples_split': 2, 'min_samples_leaf': 1, 'subsample': 0.8, 'max_features': 'sqrt'}",scenario_results_scenarios_2025-11-30_104836_early_stop/gradientboosting_Scenario1_T_Video1_Session2 vs Session1_2025-11-30_104836_seed456_early_stop.pkl,1.0,1.0,1.0,1.0,1.0,1.0,1.0,1.0,1.0,1.0,1.0,1.0,1.0,0.18032786885245902,0.12459016393442622,0.12459016393442622,0.1070127504553734,0.1070127504553734,0.18032786885245902,0.18032786885245902,0.18032786885245902,0.26229508196721313,0.2786885245901639,0.3114754098360656,0.36065573770491804,0.18032786885245902
1,Scenario1_T_Video2_Session1 vs Session2,GradientBoosting,456,61,61,"{'n_estimators': 100, 'max_depth': 3, 'learning_rate': 0.05, 'min_samples_split': 2, 'min_samples_leaf': 1, 'subsample': 0.8, 'max_features': 'sqrt'}",scenario_results_scenarios_2025-11-30_104836_early_stop/gradientboosting_Scenario1_T_Video2_Session1 vs Session2_2025-11-30_104836_seed456_early_stop.pkl,1.0,1.0,1.0,1.0,1.0,1.0,1.0,1.0,1.0,1.0,1.0,1.0,1.0,0.06557377049180328,0.03661202185792349,0.03661202185792349,0.025956284153005462,0.025956284153005462,0.06557377049180328,0.06557377049180328,0.06557377049180328,0.11475409836065574,0.16393442622950818,0.21311475409836064,0.22950819672131148,0.06557377049180328
1,Scenario1_T_Video2_Session2 vs Session1,GradientBoosting,456,61,61,"{'n_estimators': 100, 'max_depth': 3, 'learning_rate': 0.05, 'min_samples_split': 2, 'min_samples_leaf': 1, 'subsample': 0.8, 'max_features': 'sqrt'}",scenario_results_scenarios_2025-11-30_104836_early_stop/gradientboosting_Scenario1_T_Video2_Session2 vs Session1_2025-11-30_104836_seed456_early_stop.pkl,1.0,1.0,1.0,1.0,1.0,1.0,1.0,1.0,1.0,1.0,1.0,1.0,1.0,0.13114754098360656,0.09289617486338797,0.09289617486338797,0.07650273224043715,0.07650273224043715,0.13114754098360656,0.13114754098360656,0.13114754098360656,0.21311475409836064,0.26229508196721313,0.26229508196721313,0.26229508196721313,0.13114754098360656
1,Scenario1_T_Video3_Session1 vs Session2,GradientBoosting,456,61,61,"{'n_estimators': 100, 'max_depth': 3, 'learning_rate': 0.05, 'min_samples_split': 2, 'min_samples_leaf': 1, 'subsample': 0.8, 'max_features': 'sqrt'}",scenario_results_scenarios_2025-11-30_104836_early_stop/gradientboosting_Scenario1_T_Video3_Session1 vs Session2_2025-11-30_104836_seed456_early_stop.pkl,1.0,1.0,1.0,1.0,1.0,1.0,1.0,1.0,1.0,1.0,1.0,1.0,1.0,0.03278688524590164,0.01639344262295082,0.01639344262295082,0.011475409836065573,0.011475409836065573,0.03278688524590164,0.03278688524590164,0.03278688524590164,0.06557377049180328,0.14754098360655737,0.22950819672131148,0.22950819672131148,0.03278688524590164
1,Scenario1_T_Video3_Session2 vs Session1,GradientBoosting,456,61,61,"{'n_estimators': 100, 'max_depth': 3, 'learning_rate': 0.05, 'min_samples_split': 2, 'min_samples_leaf': 1, 'subsample': 0.8, 'max_features': 'sqrt'}",scenario_results_scenarios_2025-11-30_104836_early_stop/gradientboosting_Scenario1_T_Video3_Session2 vs Session1_2025-11-30_104836_seed456_early_stop.pkl,1.0,1.0,1.0,1.0,1.0,1.0,1.0,1.0,1.0,1.0,1.0,1.0,1.0,0.08196721311475409,0.05027322404371584,0.05027322404371584,0.036885245901639344,0.036885245901639344,0.08196721311475409,0.08196721311475409,0.08196721311475409,0.16393442622950818,0.22950819672131148,0.2786885245901639,0.3114754098360656,0.08196721311475409
1,Scenario1_F_Video1_Session1 vs Session2,KNN,456,61,61,"{'n_neighbors': 3, 'weights': 'uniform', 'metric': 'euclidean', 'algorithm': 'auto'}",scenario_results_scenarios_2025-11-30_104836_early_stop/knn_Scenario1_F_Video1_Session1 vs Session2_2025-11-30_104836_seed456_early_stop.pkl,0.19672131147540983,0.10746812386156648,0.10746812386156648,0.08760733801717407,0.08760733801717407,0.19672131147540983,0.19672131147540983,0.18032786885245902,0.4426229508196721,0.6229508196721312,0.8032786885245902,1.0,0.0,0.06557377049180328,0.012998840867693325,0.012998840867693325,0.0072280178837555885,0.0072280178837555885,0.06557377049180328,0.06557377049180328,0.09836065573770492,0.19672131147540983,0.2459016393442623,0.36065573770491804,0.4262295081967213,0.0
1,Scenario1_F_Video1_Session2 vs Session1,KNN,456,61,61,"{'n_neighbors': 3, 'weights': 'uniform', 'metric': 'euclidean', 'algorithm': 'auto'}",scenario_results_scenarios_2025-11-30_104836_early_stop/knn_Scenario1_F_Video1_Session2 vs Session1_2025-11-30_104836_seed456_early_stop.pkl,0.22950819672131148,0.1293260473588342,0.1293260473588342,0.09931693989071039,0.09931693989071039,0.22950819672131148,0.22950819672131148,0.22950819672131148,0.3770491803278688,0.5737704918032787,0.7704918032786885,1.0,0.0,0.06557377049180328,0.03506375227686703,0.03506375227686703,0.02898126463700234,0.02898126463700234,0.06557377049180328,0.06557377049180328,0.09836065573770492,0.21311475409836064,0.3442622950819672,0.4262295081967213,0.4918032786885246,0.0
1,Scenario1_F_Video2_Session1 vs Session2,KNN,456,61,61,"{'n_neighbors': 3, 'weights': 'uniform', 'metric': 'euclidean', 'algorithm': 'auto'}",scenario_results_scenarios_2025-11-30_104836_early_stop/knn_Scenario1_F_Video2_Session1 vs Session2_2025-11-30_104836_seed456_early_stop.pkl,0.18032786885245902,0.09918032786885245,0.09918032786885245,0.0814278617557306,0.0814278617557306,0.18032786885245902,0.18032786885245902,0.21311475409836064,0.3770491803278688,0.6229508196721312,0.819672131147541,1.0,0.0,0.03278688524590164,0.01092896174863388,0.01092896174863388,0.006954793840039741,0.006954793840039741,0.03278688524590164,0.03278688524590164,0.04918032786885246,0.14754098360655737,0.26229508196721313,0.3770491803278688,0.4098360655737705,0.0
1,Scenario1_F_Video2_Session2 vs Session1,KNN,456,61,61,"{'n_neighbors': 3, 'weights': 'uniform', 'metric': 'euclidean', 'algorithm': 'auto'}",scenario_results_scenarios_2025-11-30_104836_early_stop/knn_Scenario1_F_Video2_Session2 vs Session1_2025-11-30_104836_seed456_early_stop.pkl,0.21311475409836064,0.12759562841530053,0.12759562841530053,0.10762425188654696,0.10762425188654696,0.21311475409836064,0.21311475409836064,0.16393442622950818,0.4098360655737705,0.6557377049180327,0.7868852459016393,1.0,0.0,0.09836065573770492,0.05664845173041894,0.05664845173041894,0.048621460506706404,0.048621460506706404,0.09836065573770492,0.09836065573770492,0.13114754098360656,0.19672131147540983,0.29508196721311475,0.39344262295081966,0.4918032786885246,0.0
1,Scenario1_F_Video3_Session1 vs Session2,KNN,456,61,61,"{'n_neighbors': 3, 'weights': 'uniform', 'metric': 'euclidean', 'algorithm': 'auto'}",scenario_results_scenarios_2025-11-30_104836_early_stop/knn_Scenario1_F_Video3_Session1 vs Session2_2025-11-30_104836_seed456_early_stop.pkl,0.29508196721311475,0.19160811865729896,0.19160811865729896,0.16217798594847774,0.16217798594847774,0.29508196721311475,0.29508196721311475,0.21311475409836064,0.39344262295081966,0.5573770491803278,0.7049180327868853,1.0,0.0,0.11475409836065574,0.05199063231850118,0.05199063231850118,0.03925318761384335,0.03925318761384335,0.11475409836065574,0.11475409836065574,0.09836065573770492,0.16393442622950818,0.26229508196721313,0.32786885245901637,0.4426229508196721,0.0
1,Scenario1_F_Video3_Session2 vs Session1,KNN,456,61,61,"{'n_neighbors': 3, 'weights': 'uniform', 'metric': 'euclidean', 'algorithm': 'auto'}",scenario_results_scenarios_2025-11-30_104836_early_stop/knn_Scenario1_F_Video3_Session2 vs Session1_2025-11-30_104836_seed456_early_stop.pkl,0.22950819672131148,0.16038251366120218,0.16038251366120218,0.14414519906323184,0.14414519906323184,0.22950819672131148,0.22950819672131148,0.19672131147540983,0.36065573770491804,0.5409836065573771,0.7704918032786885,1.0,0.0,0.08196721311475409,0.04116575591985428,0.04116575591985428,0.03278688524590164,0.03278688524590164,0.08196721311475409,0.08196721311475409,0.09836065573770492,0.13114754098360656,0.19672131147540983,0.26229508196721313,0.3442622950819672,0.0
1,Scenario1_I_Video1_Session1 vs Session2,KNN,456,61,61,"{'n_neighbors': 3, 'weights': 'uniform', 'metric': 'euclidean', 'algorithm': 'auto'}",scenario_results_scenarios_2025-11-30_104836_early_stop/knn_Scenario1_I_Video1_Session1 vs Session2_2025-11-30_104836_seed456_early_stop.pkl,0.19672131147540983,0.09949258391881342,0.09949258391881342,0.07583918813427011,0.07583918813427011,0.19672131147540983,0.19672131147540983,0.18032786885245902,0.39344262295081966,0.5901639344262295,0.8032786885245902,1.0,0.0,0.11475409836065574,0.043520686963309914,0.043520686963309914,0.03224753388687815,0.03224753388687815,0.11475409836065574,0.11475409836065574,0.09836065573770492,0.18032786885245902,0.2786885245901639,0.32786885245901637,0.4426229508196721,0.0
1,Scenario1_I_Video1_Session2 vs Session1,KNN,456,61,61,"{'n_neighbors': 3, 'weights': 'uniform', 'metric': 'euclidean', 'algorithm': 'auto'}",scenario_results_scenarios_2025-11-30_104836_early_stop/knn_Scenario1_I_Video1_Session2 vs Session1_2025-11-30_104836_seed456_early_stop.pkl,0.21311475409836064,0.11020036429872494,0.11020036429872494,0.08374316939890711,0.08374316939890711,0.21311475409836064,0.21311475409836064,0.22950819672131148,0.4098360655737705,0.5409836065573771,0.7868852459016393,1.0,0.0,0.09836065573770492,0.056049960967993744,0.056049960967993744,0.046994535519125684,0.046994535519125684,0.09836065573770492,0.09836065573770492,0.09836065573770492,0.19672131147540983,0.26229508196721313,0.32786885245901637,0.4262295081967213,0.0
1,Scenario1_I_Video2_Session1 vs Session2,KNN,456,61,61,"{'n_neighbors': 3, 'weights': 'uniform', 'metric': 'euclidean', 'algorithm': 'auto'}",scenario_results_scenarios_2025-11-30_104836_early_stop/knn_Scenario1_I_Video2_Session1 vs Session2_2025-11-30_104836_seed456_early_stop.pkl,0.16393442622950818,0.08522106308991555,0.08522106308991555,0.06727816809784022,0.06727816809784022,0.16393442622950818,0.16393442622950818,0.26229508196721313,0.45901639344262296,0.639344262295082,0.8360655737704918,1.0,0.0,0.13114754098360656,0.05499527794609762,0.05499527794609762,0.040983606557377046,0.040983606557377046,0.13114754098360656,0.13114754098360656,0.09836065573770492,0.22950819672131148,0.29508196721311475,0.36065573770491804,0.4918032786885246,0.0
1,Scenario1_I_Video2_Session2 vs Session1,KNN,456,61,61,"{'n_neighbors': 3, 'weights': 'uniform', 'metric': 'euclidean', 'algorithm': 'auto'}",scenario_results_scenarios_2025-11-30_104836_early_stop/knn_Scenario1_I_Video2_Session2 vs Session1_2025-11-30_104836_seed456_early_stop.pkl,0.21311475409836064,0.11934686442883163,0.11934686442883163,0.09660421545667447,0.09660421545667447,0.21311475409836064,0.21311475409836064,0.2786885245901639,0.47540983606557374,0.6229508196721312,0.7868852459016393,1.0,0.0,0.11475409836065574,0.048633879781420766,0.048633879781420766,0.03615664845173042,0.03615664845173042,0.11475409836065574,0.11475409836065574,0.06557377049180328,0.09836065573770492,0.22950819672131148,0.3114754098360656,0.4262295081967213,0.0
1,Scenario1_I_Video3_Session1 vs Session2,KNN,456,61,61,"{'n_neighbors': 3, 'weights': 'uniform', 'metric': 'euclidean', 'algorithm': 'auto'}",scenario_results_scenarios_2025-11-30_104836_early_stop/knn_Scenario1_I_Video3_Session1 vs Session2_2025-11-30_104836_seed456_early_stop.pkl,0.21311475409836064,0.11256830601092897,0.11256830601092897,0.08670309653916211,0.08670309653916211,0.21311475409836064,0.21311475409836064,0.13114754098360656,0.3442622950819672,0.6065573770491803,0.7868852459016393,1.0,0.0,0.09836065573770492,0.03140775435857403,0.03140775435857403,0.019125683060109287,0.019125683060109287,0.09836065573770492,0.09836065573770492,0.06557377049180328,0.13114754098360656,0.26229508196721313,0.39344262295081966,0.4918032786885246,0.0
1,Scenario1_I_Video3_Session2 vs Session1,KNN,456,61,61,"{'n_neighbors': 3, 'weights': 'uniform', 'metric': 'euclidean', 'algorithm': 'auto'}",scenario_results_scenarios_2025-11-30_104836_early_stop/knn_Scenario1_I_Video3_Session2 vs Session1_2025-11-30_104836_seed456_early_stop.pkl,0.19672131147540983,0.09679937548790007,0.09679937548790007,0.07135050741608118,0.07135050741608118,0.19672131147540983,0.19672131147540983,0.18032786885245902,0.3442622950819672,0.5409836065573771,0.8032786885245902,1.0,0.0,0.11475409836065574,0.048399687743950044,0.048399687743950044,0.035831381733021084,0.035831381733021084,0.11475409836065574,0.11475409836065574,0.08196721311475409,0.14754098360655737,0.2786885245901639,0.3442622950819672,0.45901639344262296,0.0
1,Scenario1_T_Video1_Session1 vs Session2,KNN,456,61,61,"{'n_neighbors': 3, 'weights': 'uniform', 'metric': 'euclidean', 'algorithm': 'auto'}",scenario_results_scenarios_2025-11-30_104836_early_stop/knn_Scenario1_T_Video1_Session1 vs Session2_2025-11-30_104836_seed456_early_stop.pkl,0.19672131147540983,0.09852979443143378,0.09852979443143378,0.07597580015612802,0.07597580015612802,0.19672131147540983,0.19672131147540983,0.16393442622950818,0.39344262295081966,0.5737704918032787,0.8032786885245902,1.0,0.0,0.13114754098360656,0.06918873476250524,0.06918873476250524,0.05659640905542545,0.05659640905542545,0.13114754098360656,0.13114754098360656,0.06557377049180328,0.14754098360655737,0.21311475409836064,0.2459016393442623,0.3770491803278688,0.0
1,Scenario1_T_Video1_Session2 vs Session1,KNN,456,61,61,"{'n_neighbors': 3, 'weights': 'uniform', 'metric': 'euclidean', 'algorithm': 'auto'}",scenario_results_scenarios_2025-11-30_104836_early_stop/knn_Scenario1_T_Video1_Session2 vs Session1_2025-11-30_104836_seed456_early_stop.pkl,0.18032786885245902,0.10413739266198282,0.10413739266198282,0.08583138173302107,0.08583138173302107,0.18032786885245902,0.18032786885245902,0.2459016393442623,0.4262295081967213,0.639344262295082,0.819672131147541,1.0,0.0,0.09836065573770492,0.04156908665105387,0.04156908665105387,0.031485818371064275,0.031485818371064275,0.09836065573770492,0.09836065573770492,0.13114754098360656,0.26229508196721313,0.36065573770491804,0.4262295081967213,0.5245901639344263,0.0
1,Scenario1_T_Video2_Session1 vs Session2,KNN,456,61,61,"{'n_neighbors': 3, 'weights': 'uniform', 'metric': 'euclidean', 'algorithm': 'auto'}",scenario_results_scenarios_2025-11-30_104836_early_stop/knn_Scenario1_T_Video2_Session1 vs Session2_2025-11-30_104836_seed456_early_stop.pkl,0.16393442622950818,0.07226125422846735,0.07226125422846735,0.05244659711872827,0.05244659711872827,0.16393442622950818,0.16393442622950818,0.19672131147540983,0.4262295081967213,0.639344262295082,0.8360655737704918,1.0,0.0,0.04918032786885246,0.025761124121779857,0.025761124121779857,0.021857923497267763,0.021857923497267763,0.04918032786885246,0.04918032786885246,0.09836065573770492,0.16393442622950818,0.22950819672131148,0.3442622950819672,0.39344262295081966,0.0
1,Scenario1_T_Video2_Session2 vs Session1,KNN,456,61,61,"{'n_neighbors': 3, 'weights': 'uniform', 'metric': 'euclidean', 'algorithm': 'auto'}",scenario_results_scenarios_2025-11-30_104836_early_stop/knn_Scenario1_T_Video2_Session2 vs Session1_2025-11-30_104836_seed456_early_stop.pkl,0.22950819672131148,0.11929482175383814,0.11929482175383814,0.08772443403590945,0.08772443403590945,0.22950819672131148,0.22950819672131148,0.26229508196721313,0.4426229508196721,0.6229508196721312,0.7704918032786885,1.0,0.0,0.13114754098360656,0.056844794549712585,0.056844794549712585,0.042258652094717665,0.042258652094717665,0.13114754098360656,0.13114754098360656,0.06557377049180328,0.14754098360655737,0.26229508196721313,0.3114754098360656,0.4426229508196721,0.0
1,Scenario1_T_Video3_Session1 vs Session2,KNN,456,61,61,"{'n_neighbors': 3, 'weights': 'uniform', 'metric': 'euclidean', 'algorithm': 'auto'}",scenario_results_scenarios_2025-11-30_104836_early_stop/knn_Scenario1_T_Video3_Session1 vs Session2_2025-11-30_104836_seed456_early_stop.pkl,0.21311475409836064,0.10191256830601093,0.10191256830601093,0.07629456154046317,0.07629456154046317,0.21311475409836064,0.21311475409836064,0.21311475409836064,0.4098360655737705,0.6229508196721312,0.7868852459016393,1.0,0.0,0.04918032786885246,0.0156128024980484,0.0156128024980484,0.009289617486338797,0.009289617486338797,0.04918032786885246,0.04918032786885246,0.04918032786885246,0.13114754098360656,0.21311475409836064,0.32786885245901637,0.3770491803278688,0.0
1,Scenario1_T_Video3_Session2 vs Session1,KNN,456,61,61,"{'n_neighbors': 3, 'weights': 'uniform', 'metric': 'euclidean', 'algorithm': 'auto'}",scenario_results_scenarios_2025-11-30_104836_early_stop/knn_Scenario1_T_Video3_Session2 vs Session1_2025-11-30_104836_seed456_early_stop.pkl,0.22950819672131148,0.12552693208430912,0.12552693208430912,0.10031225604996095,0.10031225604996095,0.22950819672131148,0.22950819672131148,0.18032786885245902,0.3442622950819672,0.5409836065573771,0.7704918032786885,1.0,0.0,0.11475409836065574,0.052014652014652,0.052014652014652,0.038797814207650265,0.038797814207650265,0.11475409836065574,0.11475409836065574,0.04918032786885246,0.13114754098360656,0.2786885245901639,0.32786885245901637,0.4426229508196721,0.0
1,Scenario1_F_Video1_Session1 vs Session2,LogisticRegression,456,61,61,"{'C': 0.001, 'penalty': 'l2', 'solver': 'liblinear', 'max_iter': 3000}",scenario_results_scenarios_2025-11-30_104836_early_stop/logisticregression_Scenario1_F_Video1_Session1 vs Session2_2025-11-30_104836_seed456_early_stop.pkl,0.01639344262295082,0.0005288207297726071,0.0005288207297726071,0.0002687449610319807,0.0002687449610319807,0.01639344262295082,0.01639344262295082,0.01639344262295082,0.03278688524590164,0.04918032786885246,0.06557377049180328,0.08196721311475409,0.0,0.01639344262295082,0.0005288207297726071,0.0005288207297726071,0.0002687449610319807,0.0002687449610319807,0.01639344262295082,0.01639344262295082,0.01639344262295082,0.03278688524590164,0.04918032786885246,0.06557377049180328,0.08196721311475409,0.0
1,Scenario1_F_Video1_Session2 vs Session1,LogisticRegression,456,61,61,"{'C': 0.001, 'penalty': 'l2', 'solver': 'liblinear', 'max_iter': 3000}",scenario_results_scenarios_2025-11-30_104836_early_stop/logisticregression_Scenario1_F_Video1_Session2 vs Session1_2025-11-30_104836_seed456_early_stop.pkl,0.01639344262295082,0.0005288207297726071,0.0005288207297726071,0.0002687449610319807,0.0002687449610319807,0.01639344262295082,0.01639344262295082,0.01639344262295082,0.03278688524590164,0.04918032786885246,0.06557377049180328,0.08196721311475409,0.0,0.01639344262295082,0.0005288207297726071,0.0005288207297726071,0.0002687449610319807,0.0002687449610319807,0.01639344262295082,0.01639344262295082,0.01639344262295082,0.03278688524590164,0.04918032786885246,0.06557377049180328,0.08196721311475409,0.0
1,Scenario1_F_Video2_Session1 vs Session2,LogisticRegression,456,61,61,"{'C': 0.001, 'penalty': 'l2', 'solver': 'liblinear', 'max_iter': 3000}",scenario_results_scenarios_2025-11-30_104836_early_stop/logisticregression_Scenario1_F_Video2_Session1 vs Session2_2025-11-30_104836_seed456_early_stop.pkl,0.01639344262295082,0.0005288207297726071,0.0005288207297726071,0.0002687449610319807,0.0002687449610319807,0.01639344262295082,0.01639344262295082,0.01639344262295082,0.03278688524590164,0.04918032786885246,0.06557377049180328,0.08196721311475409,0.0,0.01639344262295082,0.0005288207297726071,0.0005288207297726071,0.0002687449610319807,0.0002687449610319807,0.01639344262295082,0.01639344262295082,0.01639344262295082,0.03278688524590164,0.04918032786885246,0.06557377049180328,0.08196721311475409,0.0
1,Scenario1_F_Video2_Session2 vs Session1,LogisticRegression,456,61,61,"{'C': 0.001, 'penalty': 'l2', 'solver': 'liblinear', 'max_iter': 3000}",scenario_results_scenarios_2025-11-30_104836_early_stop/logisticregression_Scenario1_F_Video2_Session2 vs Session1_2025-11-30_104836_seed456_early_stop.pkl,0.01639344262295082,0.0005288207297726071,0.0005288207297726071,0.0002687449610319807,0.0002687449610319807,0.01639344262295082,0.01639344262295082,0.01639344262295082,0.03278688524590164,0.04918032786885246,0.06557377049180328,0.08196721311475409,0.0,0.01639344262295082,0.0005288207297726071,0.0005288207297726071,0.0002687449610319807,0.0002687449610319807,0.01639344262295082,0.01639344262295082,0.01639344262295082,0.03278688524590164,0.04918032786885246,0.06557377049180328,0.08196721311475409,0.0
1,Scenario1_F_Video3_Session1 vs Session2,LogisticRegression,456,61,61,"{'C': 0.001, 'penalty': 'l2', 'solver': 'liblinear', 'max_iter': 3000}",scenario_results_scenarios_2025-11-30_104836_early_stop/logisticregression_Scenario1_F_Video3_Session1 vs Session2_2025-11-30_104836_seed456_early_stop.pkl,0.01639344262295082,0.0005288207297726071,0.0005288207297726071,0.0002687449610319807,0.0002687449610319807,0.01639344262295082,0.01639344262295082,0.01639344262295082,0.03278688524590164,0.04918032786885246,0.06557377049180328,0.08196721311475409,0.0,0.01639344262295082,0.0005288207297726071,0.0005288207297726071,0.0002687449610319807,0.0002687449610319807,0.01639344262295082,0.01639344262295082,0.01639344262295082,0.03278688524590164,0.04918032786885246,0.06557377049180328,0.08196721311475409,0.0
1,Scenario1_F_Video3_Session2 vs Session1,LogisticRegression,456,61,61,"{'C': 0.001, 'penalty': 'l2', 'solver': 'liblinear', 'max_iter': 3000}",scenario_results_scenarios_2025-11-30_104836_early_stop/logisticregression_Scenario1_F_Video3_Session2 vs Session1_2025-11-30_104836_seed456_early_stop.pkl,0.01639344262295082,0.0005288207297726071,0.0005288207297726071,0.0002687449610319807,0.0002687449610319807,0.01639344262295082,0.01639344262295082,0.01639344262295082,0.03278688524590164,0.04918032786885246,0.06557377049180328,0.08196721311475409,0.0,0.01639344262295082,0.0005288207297726071,0.0005288207297726071,0.0002687449610319807,0.0002687449610319807,0.01639344262295082,0.01639344262295082,0.01639344262295082,0.03278688524590164,0.04918032786885246,0.06557377049180328,0.08196721311475409,0.0
1,Scenario1_I_Video1_Session1 vs Session2,LogisticRegression,456,61,61,"{'C': 0.001, 'penalty': 'l2', 'solver': 'liblinear', 'max_iter': 3000}",scenario_results_scenarios_2025-11-30_104836_early_stop/logisticregression_Scenario1_I_Video1_Session1 vs Session2_2025-11-30_104836_seed456_early_stop.pkl,0.01639344262295082,0.0005288207297726071,0.0005288207297726071,0.0002687449610319807,0.0002687449610319807,0.01639344262295082,0.01639344262295082,0.01639344262295082,0.03278688524590164,0.04918032786885246,0.06557377049180328,0.08196721311475409,0.0,0.01639344262295082,0.0005288207297726071,0.0005288207297726071,0.0002687449610319807,0.0002687449610319807,0.01639344262295082,0.01639344262295082,0.01639344262295082,0.03278688524590164,0.04918032786885246,0.06557377049180328,0.08196721311475409,0.0
1,Scenario1_I_Video1_Session2 vs Session1,LogisticRegression,456,61,61,"{'C': 0.001, 'penalty': 'l2', 'solver': 'liblinear', 'max_iter': 3000}",scenario_results_scenarios_2025-11-30_104836_early_stop/logisticregression_Scenario1_I_Video1_Session2 vs Session1_2025-11-30_104836_seed456_early_stop.pkl,0.01639344262295082,0.0005288207297726071,0.0005288207297726071,0.0002687449610319807,0.0002687449610319807,0.01639344262295082,0.01639344262295082,0.01639344262295082,0.03278688524590164,0.04918032786885246,0.06557377049180328,0.08196721311475409,0.0,0.01639344262295082,0.0005288207297726071,0.0005288207297726071,0.0002687449610319807,0.0002687449610319807,0.01639344262295082,0.01639344262295082,0.01639344262295082,0.03278688524590164,0.04918032786885246,0.06557377049180328,0.08196721311475409,0.0
1,Scenario1_I_Video2_Session1 vs Session2,LogisticRegression,456,61,61,"{'C': 0.001, 'penalty': 'l2', 'solver': 'liblinear', 'max_iter': 3000}",scenario_results_scenarios_2025-11-30_104836_early_stop/logisticregression_Scenario1_I_Video2_Session1 vs Session2_2025-11-30_104836_seed456_early_stop.pkl,0.01639344262295082,0.0005288207297726071,0.0005288207297726071,0.0002687449610319807,0.0002687449610319807,0.01639344262295082,0.01639344262295082,0.01639344262295082,0.03278688524590164,0.04918032786885246,0.06557377049180328,0.08196721311475409,0.0,0.01639344262295082,0.0005288207297726071,0.0005288207297726071,0.0002687449610319807,0.0002687449610319807,0.01639344262295082,0.01639344262295082,0.01639344262295082,0.03278688524590164,0.04918032786885246,0.06557377049180328,0.08196721311475409,0.0
1,Scenario1_I_Video2_Session2 vs Session1,LogisticRegression,456,61,61,"{'C': 0.001, 'penalty': 'l2', 'solver': 'liblinear', 'max_iter': 3000}",scenario_results_scenarios_2025-11-30_104836_early_stop/logisticregression_Scenario1_I_Video2_Session2 vs Session1_2025-11-30_104836_seed456_early_stop.pkl,0.01639344262295082,0.0005288207297726071,0.0005288207297726071,0.0002687449610319807,0.0002687449610319807,0.01639344262295082,0.01639344262295082,0.01639344262295082,0.03278688524590164,0.04918032786885246,0.06557377049180328,0.08196721311475409,0.0,0.01639344262295082,0.0005288207297726071,0.0005288207297726071,0.0002687449610319807,0.0002687449610319807,0.01639344262295082,0.01639344262295082,0.01639344262295082,0.03278688524590164,0.04918032786885246,0.06557377049180328,0.08196721311475409,0.0
1,Scenario1_I_Video3_Session1 vs Session2,LogisticRegression,456,61,61,"{'C': 0.001, 'penalty': 'l2', 'solver': 'liblinear', 'max_iter': 3000}",scenario_results_scenarios_2025-11-30_104836_early_stop/logisticregression_Scenario1_I_Video3_Session1 vs Session2_2025-11-30_104836_seed456_early_stop.pkl,0.01639344262295082,0.0005288207297726071,0.0005288207297726071,0.0002687449610319807,0.0002687449610319807,0.01639344262295082,0.01639344262295082,0.01639344262295082,0.03278688524590164,0.04918032786885246,0.06557377049180328,0.08196721311475409,0.0,0.01639344262295082,0.0005288207297726071,0.0005288207297726071,0.0002687449610319807,0.0002687449610319807,0.01639344262295082,0.01639344262295082,0.01639344262295082,0.03278688524590164,0.04918032786885246,0.06557377049180328,0.08196721311475409,0.0
1,Scenario1_I_Video3_Session2 vs Session1,LogisticRegression,456,61,61,"{'C': 0.001, 'penalty': 'l2', 'solver': 'liblinear', 'max_iter': 3000}",scenario_results_scenarios_2025-11-30_104836_early_stop/logisticregression_Scenario1_I_Video3_Session2 vs Session1_2025-11-30_104836_seed456_early_stop.pkl,0.01639344262295082,0.0005288207297726071,0.0005288207297726071,0.0002687449610319807,0.0002687449610319807,0.01639344262295082,0.01639344262295082,0.01639344262295082,0.03278688524590164,0.04918032786885246,0.06557377049180328,0.08196721311475409,0.0,0.01639344262295082,0.0005288207297726071,0.0005288207297726071,0.0002687449610319807,0.0002687449610319807,0.01639344262295082,0.01639344262295082,0.01639344262295082,0.03278688524590164,0.04918032786885246,0.06557377049180328,0.08196721311475409,0.0
1,Scenario1_T_Video1_Session1 vs Session2,LogisticRegression,456,61,61,"{'C': 0.001, 'penalty': 'l2', 'solver': 'liblinear', 'max_iter': 3000}",scenario_results_scenarios_2025-11-30_104836_early_stop/logisticregression_Scenario1_T_Video1_Session1 vs Session2_2025-11-30_104836_seed456_early_stop.pkl,0.01639344262295082,0.0005288207297726071,0.0005288207297726071,0.0002687449610319807,0.0002687449610319807,0.01639344262295082,0.01639344262295082,0.01639344262295082,0.03278688524590164,0.04918032786885246,0.06557377049180328,0.08196721311475409,0.0,0.01639344262295082,0.0005288207297726071,0.0005288207297726071,0.0002687449610319807,0.0002687449610319807,0.01639344262295082,0.01639344262295082,0.01639344262295082,0.03278688524590164,0.04918032786885246,0.06557377049180328,0.08196721311475409,0.0
1,Scenario1_T_Video1_Session2 vs Session1,LogisticRegression,456,61,61,"{'C': 0.001, 'penalty': 'l2', 'solver': 'liblinear', 'max_iter': 3000}",scenario_results_scenarios_2025-11-30_104836_early_stop/logisticregression_Scenario1_T_Video1_Session2 vs Session1_2025-11-30_104836_seed456_early_stop.pkl,0.01639344262295082,0.0005288207297726071,0.0005288207297726071,0.0002687449610319807,0.0002687449610319807,0.01639344262295082,0.01639344262295082,0.01639344262295082,0.03278688524590164,0.04918032786885246,0.06557377049180328,0.08196721311475409,0.0,0.01639344262295082,0.0005288207297726071,0.0005288207297726071,0.0002687449610319807,0.0002687449610319807,0.01639344262295082,0.01639344262295082,0.01639344262295082,0.03278688524590164,0.04918032786885246,0.06557377049180328,0.08196721311475409,0.0
1,Scenario1_T_Video2_Session1 vs Session2,LogisticRegression,456,61,61,"{'C': 0.001, 'penalty': 'l2', 'solver': 'liblinear', 'max_iter': 3000}",scenario_results_scenarios_2025-11-30_104836_early_stop/logisticregression_Scenario1_T_Video2_Session1 vs Session2_2025-11-30_104836_seed456_early_stop.pkl,0.01639344262295082,0.0005288207297726071,0.0005288207297726071,0.0002687449610319807,0.0002687449610319807,0.01639344262295082,0.01639344262295082,0.01639344262295082,0.03278688524590164,0.04918032786885246,0.06557377049180328,0.08196721311475409,0.0,0.01639344262295082,0.0005288207297726071,0.0005288207297726071,0.0002687449610319807,0.0002687449610319807,0.01639344262295082,0.01639344262295082,0.01639344262295082,0.03278688524590164,0.04918032786885246,0.06557377049180328,0.08196721311475409,0.0
1,Scenario1_T_Video2_Session2 vs Session1,LogisticRegression,456,61,61,"{'C': 0.001, 'penalty': 'l2', 'solver': 'liblinear', 'max_iter': 3000}",scenario_results_scenarios_2025-11-30_104836_early_stop/logisticregression_Scenario1_T_Video2_Session2 vs Session1_2025-11-30_104836_seed456_early_stop.pkl,0.01639344262295082,0.0005288207297726071,0.0005288207297726071,0.0002687449610319807,0.0002687449610319807,0.01639344262295082,0.01639344262295082,0.01639344262295082,0.03278688524590164,0.04918032786885246,0.06557377049180328,0.08196721311475409,0.0,0.01639344262295082,0.0005288207297726071,0.0005288207297726071,0.0002687449610319807,0.0002687449610319807,0.01639344262295082,0.01639344262295082,0.01639344262295082,0.03278688524590164,0.04918032786885246,0.06557377049180328,0.08196721311475409,0.0
1,Scenario1_T_Video3_Session1 vs Session2,LogisticRegression,456,61,61,"{'C': 0.001, 'penalty': 'l2', 'solver': 'liblinear', 'max_iter': 3000}",scenario_results_scenarios_2025-11-30_104836_early_stop/logisticregression_Scenario1_T_Video3_Session1 vs Session2_2025-11-30_104836_seed456_early_stop.pkl,0.01639344262295082,0.0005288207297726071,0.0005288207297726071,0.0002687449610319807,0.0002687449610319807,0.01639344262295082,0.01639344262295082,0.01639344262295082,0.03278688524590164,0.04918032786885246,0.06557377049180328,0.08196721311475409,0.0,0.01639344262295082,0.0005288207297726071,0.0005288207297726071,0.0002687449610319807,0.0002687449610319807,0.01639344262295082,0.01639344262295082,0.01639344262295082,0.03278688524590164,0.04918032786885246,0.06557377049180328,0.08196721311475409,0.0
1,Scenario1_T_Video3_Session2 vs Session1,LogisticRegression,456,61,61,"{'C': 0.001, 'penalty': 'l2', 'solver': 'liblinear', 'max_iter': 3000}",scenario_results_scenarios_2025-11-30_104836_early_stop/logisticregression_Scenario1_T_Video3_Session2 vs Session1_2025-11-30_104836_seed456_early_stop.pkl,0.01639344262295082,0.0005288207297726071,0.0005288207297726071,0.0002687449610319807,0.0002687449610319807,0.01639344262295082,0.01639344262295082,0.01639344262295082,0.03278688524590164,0.04918032786885246,0.06557377049180328,0.08196721311475409,0.0,0.01639344262295082,0.0005288207297726071,0.0005288207297726071,0.0002687449610319807,0.0002687449610319807,0.01639344262295082,0.01639344262295082,0.01639344262295082,0.03278688524590164,0.04918032786885246,0.06557377049180328,0.08196721311475409,0.0
2,Scenario2_F_Video2 and Video3 vs F_Video1,RandomForest,42,244,122,"{'bootstrap': True, 'max_depth': None, 'max_features': 'log2', 'min_samples_leaf': 1, 'min_samples_split': 2, 'n_estimators': 300}",scenario_results_scenarios_2025-11-30_104836_early_stop/randomforest_Scenario2_F_Video2 and Video3 vs F_Video1_2025-11-30_104836_seed42_early_stop.pkl,1.0,1.0,1.0,1.0,1.0,1.0,1.0,1.0,1.0,1.0,1.0,1.0,1.0,0.5327868852459017,0.493871975019516,0.493871975019516,0.5131147540983606,0.5131147540983606,0.5327868852459017,0.5327868852459017,0.5245901639344263,0.6967213114754098,0.7950819672131147,0.8524590163934426,0.8688524590163934,0.5245901639344263
2,Scenario2_F_Video1 and Video3 vs F_Video2,RandomForest,42,244,122,"{'bootstrap': False, 'max_depth': 20, 'max_features': 'log2', 'min_samples_leaf': 1, 'min_samples_split': 2, 'n_estimators': 300}",scenario_results_scenarios_2025-11-30_104836_early_stop/randomforest_Scenario2_F_Video1 and Video3 vs F_Video2_2025-11-30_104836_seed42_early_stop.pkl,1.0,1.0,1.0,1.0,1.0,1.0,1.0,1.0,1.0,1.0,1.0,1.0,1.0,0.47540983606557374,0.4236533957845433,0.4236533957845433,0.433879781420765,0.433879781420765,0.47540983606557374,0.47540983606557374,0.47540983606557374,0.6475409836065574,0.7786885245901639,0.8934426229508197,0.9262295081967213,0.47540983606557374
2,Scenario2_F_Video1 and Video2 vs F_Video3,RandomForest,42,244,122,"{'bootstrap': True, 'max_depth': None, 'max_features': 'log2', 'min_samples_leaf': 2, 'min_samples_split': 2, 'n_estimators': 500}",scenario_results_scenarios_2025-11-30_104836_early_stop/randomforest_Scenario2_F_Video1 and Video2 vs F_Video3_2025-11-30_104836_seed42_early_stop.pkl,1.0,1.0,1.0,1.0,1.0,1.0,1.0,1.0,1.0,1.0,1.0,1.0,1.0,0.5,0.4747593026281552,0.4747593026281552,0.5143637782982046,0.5143637782982046,0.5,0.5,0.5,0.6967213114754098,0.8278688524590164,0.9098360655737705,0.9262295081967213,0.5
2,Scenario2_I_Video2 and Video3 vs I_Video1,RandomForest,42,244,122,"{'bootstrap': True, 'max_depth': None, 'max_features': 'log2', 'min_samples_leaf': 1, 'min_samples_split': 2, 'n_estimators': 500}",scenario_results_scenarios_2025-11-30_104836_early_stop/randomforest_Scenario2_I_Video2 and Video3 vs I_Video1_2025-11-30_104836_seed42_early_stop.pkl,1.0,1.0,1.0,1.0,1.0,1.0,1.0,1.0,1.0,1.0,1.0,1.0,1.0,0.5409836065573771,0.48579234972677593,0.48579234972677593,0.47923497267759557,0.47923497267759557,0.5409836065573771,0.5409836065573771,0.5409836065573771,0.7213114754098361,0.8032786885245902,0.819672131147541,0.8770491803278688,0.5409836065573771
2,Scenario2_I_Video1 and Video3 vs I_Video2,RandomForest,42,244,122,"{'bootstrap': True, 'max_depth': 20, 'max_features': 'log2', 'min_samples_leaf': 1, 'min_samples_split': 2, 'n_estimators': 300}",scenario_results_scenarios_2025-11-30_104836_early_stop/randomforest_Scenario2_I_Video1 and Video3 vs I_Video2_2025-11-30_104836_seed42_early_stop.pkl,1.0,1.0,1.0,1.0,1.0,1.0,1.0,1.0,1.0,1.0,1.0,1.0,1.0,0.6065573770491803,0.5772053083528493,0.5772053083528493,0.596448087431694,0.596448087431694,0.6065573770491803,0.6065573770491803,0.6065573770491803,0.7622950819672131,0.8442622950819673,0.8770491803278688,0.9262295081967213,0.6065573770491803
2,Scenario2_I_Video1 and Video2 vs I_Video3,RandomForest,42,244,122,"{'bootstrap': True, 'max_depth': 20, 'max_features': 'sqrt', 'min_samples_leaf': 1, 'min_samples_split': 2, 'n_estimators': 500}",scenario_results_scenarios_2025-11-30_104836_early_stop/randomforest_Scenario2_I_Video1 and Video2 vs I_Video3_2025-11-30_104836_seed42_early_stop.pkl,1.0,1.0,1.0,1.0,1.0,1.0,1.0,1.0,1.0,1.0,1.0,1.0,1.0,0.5409836065573771,0.504527712724434,0.504527712724434,0.5062841530054644,0.5062841530054644,0.5409836065573771,0.5409836065573771,0.5409836065573771,0.7213114754098361,0.7950819672131147,0.8360655737704918,0.8688524590163934,0.5409836065573771
2,Scenario2_T_Video2 and Video3 vs T_Video1,RandomForest,42,244,122,"{'bootstrap': True, 'max_depth': 20, 'max_features': 'log2', 'min_samples_leaf': 1, 'min_samples_split': 2, 'n_estimators': 300}",scenario_results_scenarios_2025-11-30_104836_early_stop/randomforest_Scenario2_T_Video2 and Video3 vs T_Video1_2025-11-30_104836_seed42_early_stop.pkl,1.0,1.0,1.0,1.0,1.0,1.0,1.0,1.0,1.0,1.0,1.0,1.0,1.0,0.47540983606557374,0.432136351808483,0.432136351808483,0.4351288056206089,0.4351288056206089,0.47540983606557374,0.47540983606557374,0.47540983606557374,0.6147540983606558,0.7704918032786885,0.8688524590163934,0.9180327868852459,0.47540983606557374
2,Scenario2_T_Video1 and Video3 vs T_Video2,RandomForest,42,244,122,"{'bootstrap': True, 'max_depth': 20, 'max_features': 'log2', 'min_samples_leaf': 1, 'min_samples_split': 2, 'n_estimators': 500}",scenario_results_scenarios_2025-11-30_104836_early_stop/randomforest_Scenario2_T_Video1 and Video3 vs T_Video2_2025-11-30_104836_seed42_early_stop.pkl,1.0,1.0,1.0,1.0,1.0,1.0,1.0,1.0,1.0,1.0,1.0,1.0,1.0,0.45901639344262296,0.41306271142336715,0.41306271142336715,0.4259953161592506,0.4259953161592506,0.45901639344262296,0.45901639344262296,0.45901639344262296,0.6721311475409836,0.7213114754098361,0.7868852459016393,0.8770491803278688,0.45901639344262296
2,Scenario2_T_Video1 and Video2 vs T_Video3,RandomForest,42,244,122,"{'bootstrap': False, 'max_depth': 20, 'max_features': 'log2', 'min_samples_leaf': 1, 'min_samples_split': 2, 'n_estimators': 300}",scenario_results_scenarios_2025-11-30_104836_early_stop/randomforest_Scenario2_T_Video1 and Video2 vs T_Video3_2025-11-30_104836_seed42_early_stop.pkl,1.0,1.0,1.0,1.0,1.0,1.0,1.0,1.0,1.0,1.0,1.0,1.0,1.0,0.45081967213114754,0.40967993754879,0.40967993754879,0.4114754098360656,0.4114754098360656,0.45081967213114754,0.45081967213114754,0.45081967213114754,0.6147540983606558,0.7049180327868853,0.7540983606557377,0.8688524590163934,0.45081967213114754
2,Scenario2_F_Video2 and Video3 vs F_Video1,XGBoost,42,244,122,"{'colsample_bytree': 0.8, 'device': 'cpu', 'learning_rate': 0.1, 'max_depth': 4, 'n_estimators': 1000, 'reg_lambda': 3, 'subsample': 0.8}",scenario_results_scenarios_2025-11-30_104836_early_stop/xgboost_Scenario2_F_Video2 and Video3 vs F_Video1_2025-11-30_104836_seed42_early_stop.pkl,1.0,1.0,1.0,1.0,1.0,1.0,1.0,1.0,1.0,1.0,1.0,1.0,1.0,0.3524590163934426,0.327127244340359,0.327127244340359,0.3569672131147541,0.3569672131147541,0.3524590163934426,0.3524590163934426,0.3524590163934426,0.5,0.5737704918032787,0.6639344262295082,0.6885245901639344,0.3524590163934426
2,Scenario2_F_Video1 and Video3 vs F_Video2,XGBoost,42,244,122,"{'colsample_bytree': 0.8, 'device': 'cpu', 'learning_rate': 0.05, 'max_depth': 4, 'n_estimators': 1000, 'reg_lambda': 1, 'subsample': 0.8}",scenario_results_scenarios_2025-11-30_104836_early_stop/xgboost_Scenario2_F_Video1 and Video3 vs F_Video2_2025-11-30_104836_seed42_early_stop.pkl,1.0,1.0,1.0,1.0,1.0,1.0,1.0,1.0,1.0,1.0,1.0,1.0,1.0,0.45081967213114754,0.42931303669008586,0.42931303669008586,0.4614754098360656,0.4614754098360656,0.45081967213114754,0.45081967213114754,0.45081967213114754,0.5983606557377049,0.680327868852459,0.7295081967213115,0.7622950819672131,0.45081967213114754
2,Scenario2_F_Video1 and Video2 vs F_Video3,XGBoost,42,244,122,"{'colsample_bytree': 0.8, 'device': 'cpu', 'learning_rate': 0.1, 'max_depth': 4, 'n_estimators': 1000, 'reg_lambda': 3, 'subsample': 0.8}",scenario_results_scenarios_2025-11-30_104836_early_stop/xgboost_Scenario2_F_Video1 and Video2 vs F_Video3_2025-11-30_104836_seed42_early_stop.pkl,1.0,1.0,1.0,1.0,1.0,1.0,1.0,1.0,1.0,1.0,1.0,1.0,1.0,0.4344262295081967,0.3832682799895915,0.3832682799895915,0.3755659640905542,0.3755659640905542,0.4344262295081967,0.4344262295081967,0.4344262295081967,0.5491803278688525,0.6721311475409836,0.7131147540983607,0.7377049180327869,0.4344262295081967
2,Scenario2_I_Video2 and Video3 vs I_Video1,XGBoost,42,244,122,"{'colsample_bytree': 0.8, 'device': 'cpu', 'learning_rate': 0.05, 'max_depth': 4, 'n_estimators': 1000, 'reg_lambda': 1, 'subsample': 0.8}",scenario_results_scenarios_2025-11-30_104836_early_stop/xgboost_Scenario2_I_Video2 and Video3 vs I_Video1_2025-11-30_104836_seed42_early_stop.pkl,1.0,1.0,1.0,1.0,1.0,1.0,1.0,1.0,1.0,1.0,1.0,1.0,1.0,0.30327868852459017,0.284543325526932,0.284543325526932,0.2967213114754098,0.2967213114754098,0.30327868852459017,0.30327868852459017,0.30327868852459017,0.4672131147540984,0.6229508196721312,0.6885245901639344,0.7377049180327869,0.30327868852459017
2,Scenario2_I_Video1 and Video3 vs I_Video2,XGBoost,42,244,122,"{'colsample_bytree': 0.8, 'device': 'cpu', 'learning_rate': 0.05, 'max_depth': 4, 'n_estimators': 1000, 'reg_lambda': 1, 'subsample': 0.8}",scenario_results_scenarios_2025-11-30_104836_early_stop/xgboost_Scenario2_I_Video1 and Video3 vs I_Video2_2025-11-30_104836_seed42_early_stop.pkl,1.0,1.0,1.0,1.0,1.0,1.0,1.0,1.0,1.0,1.0,1.0,1.0,1.0,0.4016393442622951,0.3569086651053864,0.3569086651053864,0.3576502732240437,0.3576502732240437,0.4016393442622951,0.4016393442622951,0.4016393442622951,0.5901639344262295,0.7049180327868853,0.7786885245901639,0.8114754098360656,0.4016393442622951
2,Scenario2_I_Video1 and Video2 vs I_Video3,XGBoost,42,244,122,"{'colsample_bytree': 0.8, 'device': 'cpu', 'learning_rate': 0.1, 'max_depth': 4, 'n_estimators': 1000, 'reg_lambda': 1, 'subsample': 0.8}",scenario_results_scenarios_2025-11-30_104836_early_stop/xgboost_Scenario2_I_Video1 and Video2 vs I_Video3_2025-11-30_104836_seed42_early_stop.pkl,1.0,1.0,1.0,1.0,1.0,1.0,1.0,1.0,1.0,1.0,1.0,1.0,1.0,0.4426229508196721,0.40679156908665104,0.40679156908665104,0.4103825136612022,0.4103825136612022,0.4426229508196721,0.4426229508196721,0.4426229508196721,0.5409836065573771,0.5983606557377049,0.680327868852459,0.7295081967213115,0.4426229508196721
2,Scenario2_T_Video2 and Video3 vs T_Video1,XGBoost,42,244,122,"{'colsample_bytree': 0.8, 'device': 'cpu', 'learning_rate': 0.1, 'max_depth': 4, 'n_estimators': 1000, 'reg_lambda': 3, 'subsample': 0.8}",scenario_results_scenarios_2025-11-30_104836_early_stop/xgboost_Scenario2_T_Video2 and Video3 vs T_Video1_2025-11-30_104836_seed42_early_stop.pkl,1.0,1.0,1.0,1.0,1.0,1.0,1.0,1.0,1.0,1.0,1.0,1.0,1.0,0.3442622950819672,0.30300546448087434,0.30300546448087434,0.3116705698672912,0.3116705698672912,0.3442622950819672,0.3442622950819672,0.3442622950819672,0.4672131147540984,0.6065573770491803,0.639344262295082,0.7131147540983607,0.3442622950819672
2,Scenario2_T_Video1 and Video3 vs T_Video2,XGBoost,42,244,122,"{'colsample_bytree': 1.0, 'device': 'cpu', 'learning_rate': 0.05, 'max_depth': 4, 'n_estimators': 1000, 'reg_lambda': 1, 'subsample': 0.8}",scenario_results_scenarios_2025-11-30_104836_early_stop/xgboost_Scenario2_T_Video1 and Video3 vs T_Video2_2025-11-30_104836_seed42_early_stop.pkl,1.0,1.0,1.0,1.0,1.0,1.0,1.0,1.0,1.0,1.0,1.0,1.0,1.0,0.3770491803278688,0.338199323445225,0.338199323445225,0.34402810304449644,0.34402810304449644,0.3770491803278688,0.3770491803278688,0.3770491803278688,0.5081967213114754,0.5737704918032787,0.680327868852459,0.7459016393442623,0.3770491803278688
2,Scenario2_T_Video1 and Video2 vs T_Video3,XGBoost,42,244,122,"{'colsample_bytree': 0.8, 'device': 'cpu', 'learning_rate': 0.05, 'max_depth': 4, 'n_estimators': 1000, 'reg_lambda': 3, 'subsample': 0.8}",scenario_results_scenarios_2025-11-30_104836_early_stop/xgboost_Scenario2_T_Video1 and Video2 vs T_Video3_2025-11-30_104836_seed42_early_stop.pkl,1.0,1.0,1.0,1.0,1.0,1.0,1.0,1.0,1.0,1.0,1.0,1.0,1.0,0.3442622950819672,0.3070778037991153,0.3070778037991153,0.3146370023419204,0.3146370023419204,0.3442622950819672,0.3442622950819672,0.3442622950819672,0.5163934426229508,0.6311475409836066,0.680327868852459,0.7459016393442623,0.3442622950819672
2,Scenario2_F_Video2 and Video3 vs F_Video1,CatBoost,42,244,122,"{'border_count': 32, 'depth': 4, 'iterations': 1000, 'l2_leaf_reg': 5, 'learning_rate': 0.05}",scenario_results_scenarios_2025-11-30_104836_early_stop/catboost_Scenario2_F_Video2 and Video3 vs F_Video1_2025-11-30_104836_seed42_early_stop.pkl,1.0,1.0,1.0,1.0,1.0,1.0,1.0,1.0,1.0,1.0,1.0,1.0,1.0,0.47540983606557374,0.42177985948477753,0.42177985948477753,0.4043715846994535,0.4043715846994535,0.47540983606557374,0.47540983606557374,0.47540983606557374,0.6475409836065574,0.7704918032786885,0.8360655737704918,0.9098360655737705,0.47540983606557374
2,Scenario2_F_Video1 and Video3 vs F_Video2,CatBoost,42,244,122,"{'border_count': 64, 'depth': 6, 'iterations': 1000, 'l2_leaf_reg': 5, 'learning_rate': 0.1}",scenario_results_scenarios_2025-11-30_104836_early_stop/catboost_Scenario2_F_Video1 and Video3 vs F_Video2_2025-11-30_104836_seed42_early_stop.pkl,1.0,1.0,1.0,1.0,1.0,1.0,1.0,1.0,1.0,1.0,1.0,1.0,1.0,0.48360655737704916,0.4671350507416081,0.4671350507416081,0.5068306010928961,0.5068306010928961,0.48360655737704916,0.48360655737704916,0.48360655737704916,0.6639344262295082,0.7704918032786885,0.8770491803278688,0.9262295081967213,0.48360655737704916
2,Scenario2_F_Video1 and Video2 vs F_Video3,CatBoost,42,244,122,"{'border_count': 32, 'depth': 4, 'iterations': 1000, 'l2_leaf_reg': 1, 'learning_rate': 0.05}",scenario_results_scenarios_2025-11-30_104836_early_stop/catboost_Scenario2_F_Video1 and Video2 vs F_Video3_2025-11-30_104836_seed42_early_stop.pkl,1.0,1.0,1.0,1.0,1.0,1.0,1.0,1.0,1.0,1.0,1.0,1.0,1.0,0.45081967213114754,0.4009367681498829,0.4009367681498829,0.3991803278688524,0.3991803278688524,0.45081967213114754,0.45081967213114754,0.45081967213114754,0.6475409836065574,0.7704918032786885,0.819672131147541,0.9016393442622951,0.45081967213114754
2,Scenario2_I_Video2 and Video3 vs I_Video1,CatBoost,42,244,122,"{'border_count': 32, 'depth': 4, 'iterations': 1000, 'l2_leaf_reg': 3, 'learning_rate': 0.05}",scenario_results_scenarios_2025-11-30_104836_early_stop/catboost_Scenario2_I_Video2 and Video3 vs I_Video1_2025-11-30_104836_seed42_early_stop.pkl,1.0,1.0,1.0,1.0,1.0,1.0,1.0,1.0,1.0,1.0,1.0,1.0,1.0,0.45901639344262296,0.4249804839968774,0.4249804839968774,0.4360655737704918,0.4360655737704918,0.45901639344262296,0.45901639344262296,0.45901639344262296,0.6721311475409836,0.7540983606557377,0.860655737704918,0.8934426229508197,0.45901639344262296
2,Scenario2_I_Video1 and Video3 vs I_Video2,CatBoost,42,244,122,"{'border_count': 64, 'depth': 6, 'iterations': 1000, 'l2_leaf_reg': 5, 'learning_rate': 0.1}",scenario_results_scenarios_2025-11-30_104836_early_stop/catboost_Scenario2_I_Video1 and Video3 vs I_Video2_2025-11-30_104836_seed42_early_stop.pkl,1.0,1.0,1.0,1.0,1.0,1.0,1.0,1.0,1.0,1.0,1.0,1.0,1.0,0.5327868852459017,0.49984387197501956,0.49984387197501956,0.530327868852459,0.530327868852459,0.5327868852459017,0.5327868852459017,0.5327868852459017,0.7459016393442623,0.8032786885245902,0.860655737704918,0.9262295081967213,0.5327868852459017
2,Scenario2_I_Video1 and Video2 vs I_Video3,CatBoost,42,244,122,"{'border_count': 32, 'depth': 4, 'iterations': 1000, 'l2_leaf_reg': 1, 'learning_rate': 0.05}",scenario_results_scenarios_2025-11-30_104836_early_stop/catboost_Scenario2_I_Video1 and Video2 vs I_Video3_2025-11-30_104836_seed42_early_stop.pkl,1.0,1.0,1.0,1.0,1.0,1.0,1.0,1.0,1.0,1.0,1.0,1.0,1.0,0.5327868852459017,0.5151053864168618,0.5151053864168618,0.5502732240437158,0.5502732240437158,0.5327868852459017,0.5327868852459017,0.5327868852459017,0.6475409836065574,0.7704918032786885,0.8524590163934426,0.8852459016393442,0.5327868852459017
2,Scenario2_T_Video2 and Video3 vs T_Video1,CatBoost,42,244,122,"{'border_count': 32, 'depth': 6, 'iterations': 1000, 'l2_leaf_reg': 3, 'learning_rate': 0.1}",scenario_results_scenarios_2025-11-30_104836_early_stop/catboost_Scenario2_T_Video2 and Video3 vs T_Video1_2025-11-30_104836_seed42_early_stop.pkl,1.0,1.0,1.0,1.0,1.0,1.0,1.0,1.0,1.0,1.0,1.0,1.0,1.0,0.4180327868852459,0.39484777517564407,0.39484777517564407,0.41789617486338804,0.41789617486338804,0.4180327868852459,0.4180327868852459,0.4180327868852459,0.5901639344262295,0.6967213114754098,0.7786885245901639,0.8524590163934426,0.4180327868852459
2,Scenario2_T_Video1 and Video3 vs T_Video2,CatBoost,42,244,122,"{'border_count': 64, 'depth': 4, 'iterations': 1000, 'l2_leaf_reg': 5, 'learning_rate': 0.05}",scenario_results_scenarios_2025-11-30_104836_early_stop/catboost_Scenario2_T_Video1 and Video3 vs T_Video2_2025-11-30_104836_seed42_early_stop.pkl,1.0,1.0,1.0,1.0,1.0,1.0,1.0,1.0,1.0,1.0,1.0,1.0,1.0,0.5081967213114754,0.483634944290682,0.483634944290682,0.5252276867030966,0.5252276867030966,0.5081967213114754,0.5081967213114754,0.5081967213114754,0.6721311475409836,0.8114754098360656,0.8524590163934426,0.9262295081967213,0.5081967213114754
2,Scenario2_T_Video1 and Video2 vs T_Video3,CatBoost,42,244,122,"{'border_count': 64, 'depth': 6, 'iterations': 1000, 'l2_leaf_reg': 3, 'learning_rate': 0.05}",scenario_results_scenarios_2025-11-30_104836_early_stop/catboost_Scenario2_T_Video1 and Video2 vs T_Video3_2025-11-30_104836_seed42_early_stop.pkl,1.0,1.0,1.0,1.0,1.0,1.0,1.0,1.0,1.0,1.0,1.0,1.0,1.0,0.39344262295081966,0.3540983606557378,0.3540983606557378,0.3637782982045278,0.3637782982045278,0.39344262295081966,0.39344262295081966,0.39344262295081966,0.5409836065573771,0.639344262295082,0.7868852459016393,0.860655737704918,0.39344262295081966
2,Scenario2_F_Video2 and Video3 vs F_Video1,SVM,42,244,122,"{'C': 100, 'decision_function_shape': 'ovo', 'gamma': 'scale', 'kernel': 'rbf'}",scenario_results_scenarios_2025-11-30_104836_early_stop/svm_Scenario2_F_Video2 and Video3 vs F_Video1_2025-11-30_104836_seed42_early_stop.pkl,0.9631147540983607,0.9638425862148138,0.9638425862148138,0.9886506935687264,0.9886506935687264,0.9631147540983607,0.9631147540983607,0.5532786885245902,0.6352459016393442,0.7213114754098361,0.7581967213114754,0.8237704918032787,0.5532786885245902,0.26229508196721313,0.21907600596125182,0.21907600596125182,0.21129326047358832,0.21129326047358832,0.26229508196721313,0.26229508196721313,0.22950819672131148,0.3524590163934426,0.4262295081967213,0.48360655737704916,0.5573770491803278,0.22950819672131148
2,Scenario2_F_Video1 and Video3 vs F_Video2,SVM,42,244,122,"{'C': 100, 'decision_function_shape': 'ovo', 'gamma': 'scale', 'kernel': 'rbf'}",scenario_results_scenarios_2025-11-30_104836_early_stop/svm_Scenario2_F_Video1 and Video3 vs F_Video2_2025-11-30_104836_seed42_early_stop.pkl,0.9549180327868853,0.9482743122087384,0.9482743122087384,0.9618266978922715,0.9618266978922715,0.9549180327868853,0.9549180327868853,0.5040983606557377,0.610655737704918,0.6557377049180327,0.680327868852459,0.7172131147540983,0.5040983606557377,0.2459016393442623,0.21459797033567526,0.21459797033567526,0.22363387978142074,0.22363387978142074,0.2459016393442623,0.2459016393442623,0.2459016393442623,0.3442622950819672,0.4426229508196721,0.5,0.5491803278688525,0.2459016393442623
2,Scenario2_F_Video1 and Video2 vs F_Video3,SVM,42,244,122,"{'C': 10, 'decision_function_shape': 'ovo', 'gamma': 'scale', 'kernel': 'rbf'}",scenario_results_scenarios_2025-11-30_104836_early_stop/svm_Scenario2_F_Video1 and Video2 vs F_Video3_2025-11-30_104836_seed42_early_stop.pkl,0.9221311475409836,0.9181241345175769,0.9181241345175769,0.9329690346083789,0.9329690346083789,0.9221311475409836,0.9221311475409836,0.5491803278688525,0.680327868852459,0.7459016393442623,0.7950819672131147,0.8360655737704918,0.5491803278688525,0.2459016393442623,0.23551912568306008,0.23551912568306008,0.2540983606557377,0.2540983606557377,0.2459016393442623,0.2459016393442623,0.23770491803278687,0.3524590163934426,0.4180327868852459,0.4672131147540984,0.5163934426229508,0.23770491803278687
2,Scenario2_I_Video2 and Video3 vs I_Video1,SVM,42,244,122,"{'C': 100, 'decision_function_shape': 'ovo', 'gamma': 'scale', 'kernel': 'rbf'}",scenario_results_scenarios_2025-11-30_104836_early_stop/svm_Scenario2_I_Video2 and Video3 vs I_Video1_2025-11-30_104836_seed42_early_stop.pkl,0.9713114754098361,0.9694509497788184,0.9694509497788184,0.9830601092896175,0.9830601092896175,0.9713114754098361,0.9713114754098361,0.5409836065573771,0.6352459016393442,0.6967213114754098,0.7336065573770492,0.7868852459016393,0.5409836065573771,0.2540983606557377,0.23883684621389537,0.23883684621389537,0.2546448087431694,0.2546448087431694,0.2540983606557377,0.2540983606557377,0.23770491803278687,0.3524590163934426,0.4426229508196721,0.5163934426229508,0.5901639344262295,0.23770491803278687
2,Scenario2_I_Video1 and Video3 vs I_Video2,SVM,42,244,122,"{'C': 100, 'decision_function_shape': 'ovo', 'gamma': 'scale', 'kernel': 'rbf'}",scenario_results_scenarios_2025-11-30_104836_early_stop/svm_Scenario2_I_Video1 and Video3 vs I_Video2_2025-11-30_104836_seed42_early_stop.pkl,0.9590163934426229,0.9577145612343299,0.9577145612343299,0.9845523329129886,0.9845523329129886,0.9590163934426229,0.9590163934426229,0.5778688524590164,0.6557377049180327,0.6967213114754098,0.7622950819672131,0.8073770491803278,0.5778688524590164,0.2459016393442623,0.21884181392378113,0.21884181392378113,0.22686703096539163,0.22686703096539163,0.2459016393442623,0.2459016393442623,0.23770491803278687,0.3524590163934426,0.4426229508196721,0.5081967213114754,0.5655737704918032,0.23770491803278687
2,Scenario2_I_Video1 and Video2 vs I_Video3,SVM,42,244,122,"{'C': 100, 'decision_function_shape': 'ovo', 'gamma': 'scale', 'kernel': 'rbf'}",scenario_results_scenarios_2025-11-30_104836_early_stop/svm_Scenario2_I_Video1 and Video2 vs I_Video3_2025-11-30_104836_seed42_early_stop.pkl,0.9549180327868853,0.952511059068436,0.952511059068436,0.9803278688524589,0.9803278688524589,0.9549180327868853,0.9549180327868853,0.5327868852459017,0.6270491803278688,0.7377049180327869,0.7540983606557377,0.8032786885245902,0.5327868852459017,0.319672131147541,0.29347100986445246,0.29347100986445246,0.30938069216757735,0.30938069216757735,0.319672131147541,0.319672131147541,0.22950819672131148,0.3360655737704918,0.4262295081967213,0.5,0.5819672131147541,0.22950819672131148
2,Scenario2_T_Video2 and Video3 vs T_Video1,SVM,42,244,122,"{'C': 100, 'decision_function_shape': 'ovo', 'gamma': 'scale', 'kernel': 'rbf'}",scenario_results_scenarios_2025-11-30_104836_early_stop/svm_Scenario2_T_Video2 and Video3 vs T_Video1_2025-11-30_104836_seed42_early_stop.pkl,0.9713114754098361,0.9718369062631357,0.9718369062631357,0.9843351548269581,0.9843351548269581,0.9713114754098361,0.9713114754098361,0.5368852459016393,0.6639344262295082,0.7049180327868853,0.75,0.7991803278688525,0.5368852459016393,0.2459016393442623,0.2239656518345043,0.2239656518345043,0.23907103825136614,0.23907103825136614,0.2459016393442623,0.2459016393442623,0.22131147540983606,0.38524590163934425,0.5491803278688525,0.6065573770491803,0.6721311475409836,0.22131147540983606
2,Scenario2_T_Video1 and Video3 vs T_Video2,SVM,42,244,122,"{'C': 100, 'decision_function_shape': 'ovo', 'gamma': 'scale', 'kernel': 'rbf'}",scenario_results_scenarios_2025-11-30_104836_early_stop/svm_Scenario2_T_Video1 and Video3 vs T_Video2_2025-11-30_104836_seed42_early_stop.pkl,0.9836065573770492,0.9825136612021858,0.9825136612021858,0.989071038251366,0.989071038251366,0.9836065573770492,0.9836065573770492,0.7295081967213115,0.8319672131147541,0.8729508196721312,0.9221311475409836,0.9590163934426229,0.7295081967213115,0.19672131147540983,0.17226125422846733,0.17226125422846733,0.1798009367681499,0.1798009367681499,0.19672131147540983,0.19672131147540983,0.21311475409836064,0.4180327868852459,0.5,0.5655737704918032,0.6311475409836066,0.21311475409836064
2,Scenario2_T_Video1 and Video2 vs T_Video3,SVM,42,244,122,"{'C': 100, 'decision_function_shape': 'ovo', 'gamma': 'scale', 'kernel': 'rbf'}",scenario_results_scenarios_2025-11-30_104836_early_stop/svm_Scenario2_T_Video1 and Video2 vs T_Video3_2025-11-30_104836_seed42_early_stop.pkl,0.9672131147540983,0.96831902159771,0.96831902159771,0.9827868852459016,0.9827868852459016,0.9672131147540983,0.9672131147540983,0.5122950819672131,0.5901639344262295,0.6516393442622951,0.6844262295081968,0.7622950819672131,0.5122950819672131,0.2540983606557377,0.2407494145199063,0.2407494145199063,0.2601092896174863,0.2601092896174863,0.2540983606557377,0.2540983606557377,0.22131147540983606,0.38524590163934425,0.4672131147540984,0.5737704918032787,0.6229508196721312,0.22131147540983606
2,Scenario2_F_Video2 and Video3 vs F_Video1,MLP,42,244,122,"{'activation': 'relu', 'alpha': 0.0001, 'batch_size': 36, 'early_stopping': True, 'hidden_layer_sizes': [50], 'learning_rate': 'constant', 'learning_rate_init': 0.001, 'max_iter': 2000, 'solver': 'adam'}",scenario_results_scenarios_2025-11-30_104836_early_stop/mlp_Scenario2_F_Video2 and Video3 vs F_Video1_2025-11-30_104836_seed42_early_stop.pkl,0.01639344262295082,0.0005288207297726071,0.0005288207297726071,0.0002687449610319807,0.0002687449610319807,0.01639344262295082,0.01639344262295082,0.01639344262295082,0.03278688524590164,0.04918032786885246,0.06557377049180328,0.08196721311475409,0.01639344262295082,0.01639344262295082,0.0005288207297726071,0.0005288207297726071,0.0002687449610319807,0.0002687449610319807,0.01639344262295082,0.01639344262295082,0.01639344262295082,0.03278688524590164,0.04918032786885246,0.06557377049180328,0.08196721311475409,0.01639344262295082
2,Scenario2_F_Video1 and Video3 vs F_Video2,MLP,42,244,122,"{'activation': 'relu', 'alpha': 0.0001, 'batch_size': 36, 'early_stopping': True, 'hidden_layer_sizes': [50], 'learning_rate': 'constant', 'learning_rate_init': 0.001, 'max_iter': 2000, 'solver': 'adam'}",scenario_results_scenarios_2025-11-30_104836_early_stop/mlp_Scenario2_F_Video1 and Video3 vs F_Video2_2025-11-30_104836_seed42_early_stop.pkl,0.01639344262295082,0.0005288207297726071,0.0005288207297726071,0.0002687449610319807,0.0002687449610319807,0.01639344262295082,0.01639344262295082,0.01639344262295082,0.03278688524590164,0.04918032786885246,0.06557377049180328,0.08196721311475409,0.01639344262295082,0.01639344262295082,0.0005288207297726071,0.0005288207297726071,0.0002687449610319807,0.0002687449610319807,0.01639344262295082,0.01639344262295082,0.01639344262295082,0.03278688524590164,0.04918032786885246,0.06557377049180328,0.08196721311475409,0.01639344262295082
2,Scenario2_F_Video1 and Video2 vs F_Video3,MLP,42,244,122,"{'activation': 'relu', 'alpha': 0.0001, 'batch_size': 36, 'early_stopping': True, 'hidden_layer_sizes': [50], 'learning_rate': 'constant', 'learning_rate_init': 0.001, 'max_iter': 2000, 'solver': 'adam'}",scenario_results_scenarios_2025-11-30_104836_early_stop/mlp_Scenario2_F_Video1 and Video2 vs F_Video3_2025-11-30_104836_seed42_early_stop.pkl,0.01639344262295082,0.0005288207297726071,0.0005288207297726071,0.0002687449610319807,0.0002687449610319807,0.01639344262295082,0.01639344262295082,0.01639344262295082,0.03278688524590164,0.04918032786885246,0.06557377049180328,0.08196721311475409,0.01639344262295082,0.01639344262295082,0.0005288207297726071,0.0005288207297726071,0.0002687449610319807,0.0002687449610319807,0.01639344262295082,0.01639344262295082,0.01639344262295082,0.03278688524590164,0.04918032786885246,0.06557377049180328,0.08196721311475409,0.01639344262295082
2,Scenario2_I_Video2 and Video3 vs I_Video1,MLP,42,244,122,"{'activation': 'relu', 'alpha': 0.0001, 'batch_size': 36, 'early_stopping': True, 'hidden_layer_sizes': [50], 'learning_rate': 'constant', 'learning_rate_init': 0.001, 'max_iter': 2000, 'solver': 'adam'}",scenario_results_scenarios_2025-11-30_104836_early_stop/mlp_Scenario2_I_Video2 and Video3 vs I_Video1_2025-11-30_104836_seed42_early_stop.pkl,0.01639344262295082,0.0005288207297726071,0.0005288207297726071,0.0002687449610319807,0.0002687449610319807,0.01639344262295082,0.01639344262295082,0.01639344262295082,0.03278688524590164,0.04918032786885246,0.06557377049180328,0.08196721311475409,0.01639344262295082,0.01639344262295082,0.0005288207297726071,0.0005288207297726071,0.0002687449610319807,0.0002687449610319807,0.01639344262295082,0.01639344262295082,0.01639344262295082,0.03278688524590164,0.04918032786885246,0.06557377049180328,0.08196721311475409,0.01639344262295082
2,Scenario2_I_Video1 and Video3 vs I_Video2,MLP,42,244,122,"{'activation': 'relu', 'alpha': 0.0001, 'batch_size': 36, 'early_stopping': True, 'hidden_layer_sizes': [50], 'learning_rate': 'constant', 'learning_rate_init': 0.001, 'max_iter': 2000, 'solver': 'adam'}",scenario_results_scenarios_2025-11-30_104836_early_stop/mlp_Scenario2_I_Video1 and Video3 vs I_Video2_2025-11-30_104836_seed42_early_stop.pkl,0.01639344262295082,0.0005288207297726071,0.0005288207297726071,0.0002687449610319807,0.0002687449610319807,0.01639344262295082,0.01639344262295082,0.01639344262295082,0.03278688524590164,0.04918032786885246,0.06557377049180328,0.08196721311475409,0.01639344262295082,0.01639344262295082,0.0005288207297726071,0.0005288207297726071,0.0002687449610319807,0.0002687449610319807,0.01639344262295082,0.01639344262295082,0.01639344262295082,0.03278688524590164,0.04918032786885246,0.06557377049180328,0.08196721311475409,0.01639344262295082
2,Scenario2_I_Video1 and Video2 vs I_Video3,MLP,42,244,122,"{'activation': 'relu', 'alpha': 0.0001, 'batch_size': 36, 'early_stopping': True, 'hidden_layer_sizes': [50], 'learning_rate': 'constant', 'learning_rate_init': 0.001, 'max_iter': 2000, 'solver': 'adam'}",scenario_results_scenarios_2025-11-30_104836_early_stop/mlp_Scenario2_I_Video1 and Video2 vs I_Video3_2025-11-30_104836_seed42_early_stop.pkl,0.01639344262295082,0.0005288207297726071,0.0005288207297726071,0.0002687449610319807,0.0002687449610319807,0.01639344262295082,0.01639344262295082,0.01639344262295082,0.03278688524590164,0.04918032786885246,0.06557377049180328,0.08196721311475409,0.01639344262295082,0.01639344262295082,0.0005288207297726071,0.0005288207297726071,0.0002687449610319807,0.0002687449610319807,0.01639344262295082,0.01639344262295082,0.01639344262295082,0.03278688524590164,0.04918032786885246,0.06557377049180328,0.08196721311475409,0.01639344262295082
2,Scenario2_T_Video2 and Video3 vs T_Video1,MLP,42,244,122,"{'activation': 'relu', 'alpha': 0.0001, 'batch_size': 36, 'early_stopping': True, 'hidden_layer_sizes': [50], 'learning_rate': 'constant', 'learning_rate_init': 0.001, 'max_iter': 2000, 'solver': 'adam'}",scenario_results_scenarios_2025-11-30_104836_early_stop/mlp_Scenario2_T_Video2 and Video3 vs T_Video1_2025-11-30_104836_seed42_early_stop.pkl,0.01639344262295082,0.0005288207297726071,0.0005288207297726071,0.0002687449610319807,0.0002687449610319807,0.01639344262295082,0.01639344262295082,0.01639344262295082,0.03278688524590164,0.04918032786885246,0.06557377049180328,0.08196721311475409,0.01639344262295082,0.01639344262295082,0.0005288207297726071,0.0005288207297726071,0.0002687449610319807,0.0002687449610319807,0.01639344262295082,0.01639344262295082,0.01639344262295082,0.03278688524590164,0.04918032786885246,0.06557377049180328,0.08196721311475409,0.01639344262295082
2,Scenario2_T_Video1 and Video3 vs T_Video2,MLP,42,244,122,"{'activation': 'relu', 'alpha': 0.0001, 'batch_size': 36, 'early_stopping': True, 'hidden_layer_sizes': [50], 'learning_rate': 'constant', 'learning_rate_init': 0.001, 'max_iter': 2000, 'solver': 'adam'}",scenario_results_scenarios_2025-11-30_104836_early_stop/mlp_Scenario2_T_Video1 and Video3 vs T_Video2_2025-11-30_104836_seed42_early_stop.pkl,0.01639344262295082,0.0005288207297726071,0.0005288207297726071,0.0002687449610319807,0.0002687449610319807,0.01639344262295082,0.01639344262295082,0.01639344262295082,0.03278688524590164,0.04918032786885246,0.06557377049180328,0.08196721311475409,0.01639344262295082,0.01639344262295082,0.0005288207297726071,0.0005288207297726071,0.0002687449610319807,0.0002687449610319807,0.01639344262295082,0.01639344262295082,0.01639344262295082,0.03278688524590164,0.04918032786885246,0.06557377049180328,0.08196721311475409,0.01639344262295082
2,Scenario2_T_Video1 and Video2 vs T_Video3,MLP,42,244,122,"{'activation': 'relu', 'alpha': 0.0001, 'batch_size': 36, 'early_stopping': True, 'hidden_layer_sizes': [50], 'learning_rate': 'constant', 'learning_rate_init': 0.001, 'max_iter': 2000, 'solver': 'adam'}",scenario_results_scenarios_2025-11-30_104836_early_stop/mlp_Scenario2_T_Video1 and Video2 vs T_Video3_2025-11-30_104836_seed42_early_stop.pkl,0.01639344262295082,0.0005288207297726071,0.0005288207297726071,0.0002687449610319807,0.0002687449610319807,0.01639344262295082,0.01639344262295082,0.01639344262295082,0.03278688524590164,0.04918032786885246,0.06557377049180328,0.08196721311475409,0.01639344262295082,0.01639344262295082,0.0005288207297726071,0.0005288207297726071,0.0002687449610319807,0.0002687449610319807,0.01639344262295082,0.01639344262295082,0.01639344262295082,0.03278688524590164,0.04918032786885246,0.06557377049180328,0.08196721311475409,0.01639344262295082
2,Scenario2_F_Video2 and Video3 vs F_Video1,NaiveBayes,42,244,122,"{'priors': None, 'var_smoothing': 1e-09}",scenario_results_scenarios_2025-11-30_104836_early_stop/naivebayes_Scenario2_F_Video2 and Video3 vs F_Video1_2025-11-30_104836_seed42_early_stop.pkl,1.0,1.0,1.0,1.0,1.0,1.0,1.0,1.0,1.0,1.0,1.0,1.0,1.0,0.29508196721311475,0.2608183710642727,0.2608183710642727,0.27661982825917253,0.27661982825917253,0.29508196721311475,0.29508196721311475,0.29508196721311475,0.3770491803278688,0.4344262295081967,0.5,0.5327868852459017,0.29508196721311475
2,Scenario2_F_Video1 and Video3 vs F_Video2,NaiveBayes,42,244,122,"{'priors': None, 'var_smoothing': 1e-09}",scenario_results_scenarios_2025-11-30_104836_early_stop/naivebayes_Scenario2_F_Video1 and Video3 vs F_Video2_2025-11-30_104836_seed42_early_stop.pkl,0.9795081967213115,0.9763726255529533,0.9763726255529533,0.9836065573770492,0.9836065573770492,0.9795081967213115,0.9795081967213115,0.9795081967213115,0.9959016393442623,1.0,1.0,1.0,0.9795081967213115,0.27049180327868855,0.2374447046578194,0.2374447046578194,0.2704377589623491,0.2704377589623491,0.27049180327868855,0.27049180327868855,0.27049180327868855,0.4426229508196721,0.5,0.5327868852459017,0.5737704918032787,0.27049180327868855
2,Scenario2_F_Video1 and Video2 vs F_Video3,NaiveBayes,42,244,122,"{'priors': None, 'var_smoothing': 1e-09}",scenario_results_scenarios_2025-11-30_104836_early_stop/naivebayes_Scenario2_F_Video1 and Video2 vs F_Video3_2025-11-30_104836_seed42_early_stop.pkl,0.9877049180327869,0.9875097580015614,0.9875097580015614,0.9901639344262295,0.9901639344262295,0.9877049180327869,0.9877049180327869,0.9877049180327869,0.9959016393442623,1.0,1.0,1.0,0.9877049180327869,0.2459016393442623,0.23174721453409977,0.23174721453409977,0.26868686868686864,0.26868686868686864,0.2459016393442623,0.2459016393442623,0.2459016393442623,0.3114754098360656,0.4016393442622951,0.4426229508196721,0.5081967213114754,0.2459016393442623
2,Scenario2_I_Video2 and Video3 vs I_Video1,NaiveBayes,42,244,122,"{'priors': None, 'var_smoothing': 1e-09}",scenario_results_scenarios_2025-11-30_104836_early_stop/naivebayes_Scenario2_I_Video2 and Video3 vs I_Video1_2025-11-30_104836_seed42_early_stop.pkl,0.9959016393442623,0.9958365860005205,0.9958365860005205,0.9967213114754098,0.9967213114754098,0.9959016393442623,0.9959016393442623,0.9959016393442623,1.0,1.0,1.0,1.0,0.9959016393442623,0.22131147540983606,0.2067239136091595,0.2067239136091595,0.2463802056817025,0.2463802056817025,0.22131147540983606,0.22131147540983606,0.22131147540983606,0.319672131147541,0.36885245901639346,0.45081967213114754,0.47540983606557374,0.22131147540983606
2,Scenario2_I_Video1 and Video3 vs I_Video2,NaiveBayes,42,244,122,"{'priors': None, 'var_smoothing': 1e-09}",scenario_results_scenarios_2025-11-30_104836_early_stop/naivebayes_Scenario2_I_Video1 and Video3 vs I_Video2_2025-11-30_104836_seed42_early_stop.pkl,0.9918032786885246,0.9916731720010409,0.9916731720010409,0.9934426229508196,0.9934426229508196,0.9918032786885246,0.9918032786885246,0.9918032786885246,1.0,1.0,1.0,1.0,0.9918032786885246,0.36885245901639346,0.32593026281550874,0.32593026281550874,0.3419594067135051,0.3419594067135051,0.36885245901639346,0.36885245901639346,0.36885245901639346,0.4918032786885246,0.5573770491803278,0.5655737704918032,0.5983606557377049,0.36885245901639346
2,Scenario2_I_Video1 and Video2 vs I_Video3,NaiveBayes,42,244,122,"{'priors': None, 'var_smoothing': 1e-09}",scenario_results_scenarios_2025-11-30_104836_early_stop/naivebayes_Scenario2_I_Video1 and Video2 vs I_Video3_2025-11-30_104836_seed42_early_stop.pkl,0.9836065573770492,0.983710642727036,0.983710642727036,0.9879781420765027,0.9879781420765027,0.9836065573770492,0.9836065573770492,0.9836065573770492,0.9959016393442623,1.0,1.0,1.0,0.9836065573770492,0.2540983606557377,0.23557471672225772,0.23557471672225772,0.2720140515222483,0.2720140515222483,0.2540983606557377,0.2540983606557377,0.2540983606557377,0.36885245901639346,0.4180327868852459,0.48360655737704916,0.5,0.2540983606557377
2,Scenario2_T_Video2 and Video3 vs T_Video1,NaiveBayes,42,244,122,"{'priors': None, 'var_smoothing': 1e-09}",scenario_results_scenarios_2025-11-30_104836_early_stop/naivebayes_Scenario2_T_Video2 and Video3 vs T_Video1_2025-11-30_104836_seed42_early_stop.pkl,0.9959016393442623,0.9958365860005205,0.9958365860005205,0.9967213114754098,0.9967213114754098,0.9959016393442623,0.9959016393442623,0.9959016393442623,1.0,1.0,1.0,1.0,0.9959016393442623,0.1885245901639344,0.16249845926291137,0.16249845926291137,0.181511839708561,0.181511839708561,0.1885245901639344,0.1885245901639344,0.1885245901639344,0.28688524590163933,0.32786885245901637,0.4016393442622951,0.4344262295081967,0.1885245901639344
2,Scenario2_T_Video1 and Video3 vs T_Video2,NaiveBayes,42,244,122,"{'priors': None, 'var_smoothing': 1e-09}",scenario_results_scenarios_2025-11-30_104836_early_stop/naivebayes_Scenario2_T_Video1 and Video3 vs T_Video2_2025-11-30_104836_seed42_early_stop.pkl,0.9918032786885246,0.9916731720010408,0.9916731720010408,0.9934426229508196,0.9934426229508196,0.9918032786885246,0.9918032786885246,0.9918032786885246,1.0,1.0,1.0,1.0,0.9918032786885246,0.3114754098360656,0.2708182527854659,0.2708182527854659,0.2919854280510018,0.2919854280510018,0.3114754098360656,0.3114754098360656,0.3114754098360656,0.32786885245901637,0.36065573770491804,0.4426229508196721,0.45901639344262296,0.3114754098360656
2,Scenario2_T_Video1 and Video2 vs T_Video3,NaiveBayes,42,244,122,"{'priors': None, 'var_smoothing': 1e-09}",scenario_results_scenarios_2025-11-30_104836_early_stop/naivebayes_Scenario2_T_Video1 and Video2 vs T_Video3_2025-11-30_104836_seed42_early_stop.pkl,0.9959016393442623,0.9958365860005203,0.9958365860005203,0.9967213114754098,0.9967213114754098,0.9959016393442623,0.9959016393442623,0.9959016393442623,1.0,1.0,1.0,1.0,0.9959016393442623,0.18032786885245902,0.1710592686002522,0.1710592686002522,0.20748882265275706,0.20748882265275706,0.18032786885245902,0.18032786885245902,0.18032786885245902,0.29508196721311475,0.3442622950819672,0.39344262295081966,0.4262295081967213,0.18032786885245902
