scenario_id,sub_experiment_name,model_name,random_seed,train_samples,test_samples,hyperparameters,model_path,train_accuracy,train_f1_weighted,train_f1_macro,train_precision_weighted,train_precision_macro,train_recall_weighted,train_recall_macro,train_top_1_accuracy,train_top_2_accuracy,train_top_3_accuracy,train_top_4_accuracy,train_top_5_accuracy,train_recognition_rate,test_accuracy,test_f1_weighted,test_f1_macro,test_precision_weighted,test_precision_macro,test_recall_weighted,test_recall_macro,test_top_1_accuracy,test_top_2_accuracy,test_top_3_accuracy,test_top_4_accuracy,test_top_5_accuracy,test_recognition_rate
1.1,S1.1_F_1_S1toS2,RandomForest,42,61,61,"{'n_estimators': 100, 'max_depth': 10, 'min_samples_split': 2, 'min_samples_leaf': 1, 'max_features': 'sqrt', 'bootstrap': True}",scenario_results_scenarios_2025-12-21_165745_early_stop/randomforest_S1.1_F_1_S1toS2_2025-12-21_165745_seed42_early_stop.pkl,1.0,1.0,1.0,1.0,1.0,1.0,1.0,1.0,1.0,1.0,1.0,1.0,1.0,0.22950819672131148,0.173224043715847,0.173224043715847,0.15491803278688526,0.15491803278688526,0.22950819672131148,0.22950819672131148,0.21311475409836064,0.3770491803278688,0.4098360655737705,0.5081967213114754,0.5901639344262295,0.19672131147540983
1.1,S1.1_F_2_S1toS2,RandomForest,42,61,61,"{'n_estimators': 100, 'max_depth': 10, 'min_samples_split': 2, 'min_samples_leaf': 1, 'max_features': 'sqrt', 'bootstrap': True}",scenario_results_scenarios_2025-12-21_165745_early_stop/randomforest_S1.1_F_2_S1toS2_2025-12-21_165745_seed42_early_stop.pkl,1.0,1.0,1.0,1.0,1.0,1.0,1.0,1.0,1.0,1.0,1.0,1.0,1.0,0.2459016393442623,0.18415300546448085,0.18415300546448085,0.16311475409836065,0.16311475409836065,0.2459016393442623,0.2459016393442623,0.2459016393442623,0.45901639344262296,0.5409836065573771,0.5737704918032787,0.6229508196721312,0.2459016393442623
1.1,S1.1_F_3_S1toS2,RandomForest,42,61,61,"{'n_estimators': 100, 'max_depth': 10, 'min_samples_split': 2, 'min_samples_leaf': 1, 'max_features': 'sqrt', 'bootstrap': True}",scenario_results_scenarios_2025-12-21_165745_early_stop/randomforest_S1.1_F_3_S1toS2_2025-12-21_165745_seed42_early_stop.pkl,1.0,1.0,1.0,1.0,1.0,1.0,1.0,1.0,1.0,1.0,1.0,1.0,1.0,0.2786885245901639,0.18907103825136612,0.18907103825136612,0.15710382513661203,0.15710382513661203,0.2786885245901639,0.2786885245901639,0.2786885245901639,0.4262295081967213,0.5081967213114754,0.6557377049180327,0.6885245901639344,0.26229508196721313
1.1,S1.1_I_1_S1toS2,RandomForest,42,61,61,"{'n_estimators': 100, 'max_depth': 10, 'min_samples_split': 2, 'min_samples_leaf': 1, 'max_features': 'sqrt', 'bootstrap': True}",scenario_results_scenarios_2025-12-21_165745_early_stop/randomforest_S1.1_I_1_S1toS2_2025-12-21_165745_seed42_early_stop.pkl,1.0,1.0,1.0,1.0,1.0,1.0,1.0,1.0,1.0,1.0,1.0,1.0,1.0,0.11475409836065574,0.08196721311475409,0.08196721311475409,0.06557377049180328,0.06557377049180328,0.11475409836065574,0.11475409836065574,0.11475409836065574,0.29508196721311475,0.3770491803278688,0.4262295081967213,0.4918032786885246,0.11475409836065574
1.1,S1.1_I_2_S1toS2,RandomForest,42,61,61,"{'n_estimators': 100, 'max_depth': 10, 'min_samples_split': 2, 'min_samples_leaf': 1, 'max_features': 'sqrt', 'bootstrap': True}",scenario_results_scenarios_2025-12-21_165745_early_stop/randomforest_S1.1_I_2_S1toS2_2025-12-21_165745_seed42_early_stop.pkl,1.0,1.0,1.0,1.0,1.0,1.0,1.0,1.0,1.0,1.0,1.0,1.0,1.0,0.19672131147540983,0.14316939890710384,0.14316939890710384,0.12158469945355191,0.12158469945355191,0.19672131147540983,0.19672131147540983,0.19672131147540983,0.3442622950819672,0.5245901639344263,0.6065573770491803,0.6557377049180327,0.19672131147540983
1.1,S1.1_I_3_S1toS2,RandomForest,42,61,61,"{'n_estimators': 100, 'max_depth': 10, 'min_samples_split': 2, 'min_samples_leaf': 1, 'max_features': 'sqrt', 'bootstrap': True}",scenario_results_scenarios_2025-12-21_165745_early_stop/randomforest_S1.1_I_3_S1toS2_2025-12-21_165745_seed42_early_stop.pkl,1.0,1.0,1.0,1.0,1.0,1.0,1.0,1.0,1.0,1.0,1.0,1.0,1.0,0.32786885245901637,0.27049180327868855,0.27049180327868855,0.24590163934426232,0.24590163934426232,0.32786885245901637,0.32786885245901637,0.36065573770491804,0.4426229508196721,0.5409836065573771,0.5901639344262295,0.6557377049180327,0.32786885245901637
1.1,S1.1_T_1_S1toS2,RandomForest,42,61,61,"{'n_estimators': 100, 'max_depth': 10, 'min_samples_split': 2, 'min_samples_leaf': 1, 'max_features': 'sqrt', 'bootstrap': True}",scenario_results_scenarios_2025-12-21_165745_early_stop/randomforest_S1.1_T_1_S1toS2_2025-12-21_165745_seed42_early_stop.pkl,1.0,1.0,1.0,1.0,1.0,1.0,1.0,1.0,1.0,1.0,1.0,1.0,1.0,0.2459016393442623,0.19617486338797815,0.19617486338797815,0.17759562841530052,0.17759562841530052,0.2459016393442623,0.2459016393442623,0.26229508196721313,0.47540983606557374,0.5409836065573771,0.6721311475409836,0.7049180327868853,0.2459016393442623
1.1,S1.1_T_2_S1toS2,RandomForest,42,61,61,"{'n_estimators': 100, 'max_depth': 10, 'min_samples_split': 2, 'min_samples_leaf': 1, 'max_features': 'sqrt', 'bootstrap': True}",scenario_results_scenarios_2025-12-21_165745_early_stop/randomforest_S1.1_T_2_S1toS2_2025-12-21_165745_seed42_early_stop.pkl,1.0,1.0,1.0,1.0,1.0,1.0,1.0,1.0,1.0,1.0,1.0,1.0,1.0,0.16393442622950818,0.13934426229508196,0.13934426229508196,0.1284153005464481,0.1284153005464481,0.16393442622950818,0.16393442622950818,0.16393442622950818,0.2786885245901639,0.32786885245901637,0.4262295081967213,0.4918032786885246,0.16393442622950818
1.1,S1.1_T_3_S1toS2,RandomForest,42,61,61,"{'n_estimators': 100, 'max_depth': 10, 'min_samples_split': 2, 'min_samples_leaf': 1, 'max_features': 'sqrt', 'bootstrap': True}",scenario_results_scenarios_2025-12-21_165745_early_stop/randomforest_S1.1_T_3_S1toS2_2025-12-21_165745_seed42_early_stop.pkl,1.0,1.0,1.0,1.0,1.0,1.0,1.0,1.0,1.0,1.0,1.0,1.0,1.0,0.2786885245901639,0.19617486338797813,0.19617486338797813,0.16666666666666666,0.16666666666666666,0.2786885245901639,0.2786885245901639,0.2786885245901639,0.39344262295081966,0.45901639344262296,0.5245901639344263,0.6229508196721312,0.26229508196721313
1.1,S1.1_F_1_S1toS2,XGBoost,42,61,61,"{'n_estimators': 1000, 'max_depth': 4, 'learning_rate': 0.05, 'subsample': 0.8, 'colsample_bytree': 0.8, 'reg_lambda': 1, 'device': 'cuda'}",scenario_results_scenarios_2025-12-21_165745_early_stop/xgboost_S1.1_F_1_S1toS2_2025-12-21_165745_seed42_early_stop.pkl,0.01639344262295082,0.0005288207297726071,0.0005288207297726071,0.0002687449610319807,0.0002687449610319807,0.01639344262295082,0.01639344262295082,0.01639344262295082,0.03278688524590164,0.04918032786885246,0.06557377049180328,0.08196721311475409,0.0,0.01639344262295082,0.0005288207297726071,0.0005288207297726071,0.0002687449610319807,0.0002687449610319807,0.01639344262295082,0.01639344262295082,0.01639344262295082,0.03278688524590164,0.04918032786885246,0.06557377049180328,0.08196721311475409,0.0
1.1,S1.1_F_2_S1toS2,XGBoost,42,61,61,"{'n_estimators': 1000, 'max_depth': 4, 'learning_rate': 0.05, 'subsample': 0.8, 'colsample_bytree': 0.8, 'reg_lambda': 1, 'device': 'cuda'}",scenario_results_scenarios_2025-12-21_165745_early_stop/xgboost_S1.1_F_2_S1toS2_2025-12-21_165745_seed42_early_stop.pkl,0.01639344262295082,0.0005288207297726071,0.0005288207297726071,0.0002687449610319807,0.0002687449610319807,0.01639344262295082,0.01639344262295082,0.01639344262295082,0.03278688524590164,0.04918032786885246,0.06557377049180328,0.08196721311475409,0.0,0.01639344262295082,0.0005288207297726071,0.0005288207297726071,0.0002687449610319807,0.0002687449610319807,0.01639344262295082,0.01639344262295082,0.01639344262295082,0.03278688524590164,0.04918032786885246,0.06557377049180328,0.08196721311475409,0.0
1.1,S1.1_F_3_S1toS2,XGBoost,42,61,61,"{'n_estimators': 1000, 'max_depth': 4, 'learning_rate': 0.05, 'subsample': 0.8, 'colsample_bytree': 0.8, 'reg_lambda': 1, 'device': 'cuda'}",scenario_results_scenarios_2025-12-21_165745_early_stop/xgboost_S1.1_F_3_S1toS2_2025-12-21_165745_seed42_early_stop.pkl,0.01639344262295082,0.0005288207297726071,0.0005288207297726071,0.0002687449610319807,0.0002687449610319807,0.01639344262295082,0.01639344262295082,0.01639344262295082,0.03278688524590164,0.04918032786885246,0.06557377049180328,0.08196721311475409,0.0,0.01639344262295082,0.0005288207297726071,0.0005288207297726071,0.0002687449610319807,0.0002687449610319807,0.01639344262295082,0.01639344262295082,0.01639344262295082,0.03278688524590164,0.04918032786885246,0.06557377049180328,0.08196721311475409,0.0
1.1,S1.1_I_1_S1toS2,XGBoost,42,61,61,"{'n_estimators': 1000, 'max_depth': 4, 'learning_rate': 0.05, 'subsample': 0.8, 'colsample_bytree': 0.8, 'reg_lambda': 1, 'device': 'cuda'}",scenario_results_scenarios_2025-12-21_165745_early_stop/xgboost_S1.1_I_1_S1toS2_2025-12-21_165745_seed42_early_stop.pkl,0.01639344262295082,0.0005288207297726071,0.0005288207297726071,0.0002687449610319807,0.0002687449610319807,0.01639344262295082,0.01639344262295082,0.01639344262295082,0.03278688524590164,0.04918032786885246,0.06557377049180328,0.08196721311475409,0.0,0.01639344262295082,0.0005288207297726071,0.0005288207297726071,0.0002687449610319807,0.0002687449610319807,0.01639344262295082,0.01639344262295082,0.01639344262295082,0.03278688524590164,0.04918032786885246,0.06557377049180328,0.08196721311475409,0.0
1.1,S1.1_I_2_S1toS2,XGBoost,42,61,61,"{'n_estimators': 1000, 'max_depth': 4, 'learning_rate': 0.05, 'subsample': 0.8, 'colsample_bytree': 0.8, 'reg_lambda': 1, 'device': 'cuda'}",scenario_results_scenarios_2025-12-21_165745_early_stop/xgboost_S1.1_I_2_S1toS2_2025-12-21_165745_seed42_early_stop.pkl,0.01639344262295082,0.0005288207297726071,0.0005288207297726071,0.0002687449610319807,0.0002687449610319807,0.01639344262295082,0.01639344262295082,0.01639344262295082,0.03278688524590164,0.04918032786885246,0.06557377049180328,0.08196721311475409,0.0,0.01639344262295082,0.0005288207297726071,0.0005288207297726071,0.0002687449610319807,0.0002687449610319807,0.01639344262295082,0.01639344262295082,0.01639344262295082,0.03278688524590164,0.04918032786885246,0.06557377049180328,0.08196721311475409,0.0
1.1,S1.1_I_3_S1toS2,XGBoost,42,61,61,"{'n_estimators': 1000, 'max_depth': 4, 'learning_rate': 0.05, 'subsample': 0.8, 'colsample_bytree': 0.8, 'reg_lambda': 1, 'device': 'cuda'}",scenario_results_scenarios_2025-12-21_165745_early_stop/xgboost_S1.1_I_3_S1toS2_2025-12-21_165745_seed42_early_stop.pkl,0.01639344262295082,0.0005288207297726071,0.0005288207297726071,0.0002687449610319807,0.0002687449610319807,0.01639344262295082,0.01639344262295082,0.01639344262295082,0.03278688524590164,0.04918032786885246,0.06557377049180328,0.08196721311475409,0.0,0.01639344262295082,0.0005288207297726071,0.0005288207297726071,0.0002687449610319807,0.0002687449610319807,0.01639344262295082,0.01639344262295082,0.01639344262295082,0.03278688524590164,0.04918032786885246,0.06557377049180328,0.08196721311475409,0.0
1.1,S1.1_T_1_S1toS2,XGBoost,42,61,61,"{'n_estimators': 1000, 'max_depth': 4, 'learning_rate': 0.05, 'subsample': 0.8, 'colsample_bytree': 0.8, 'reg_lambda': 1, 'device': 'cuda'}",scenario_results_scenarios_2025-12-21_165745_early_stop/xgboost_S1.1_T_1_S1toS2_2025-12-21_165745_seed42_early_stop.pkl,0.01639344262295082,0.0005288207297726071,0.0005288207297726071,0.0002687449610319807,0.0002687449610319807,0.01639344262295082,0.01639344262295082,0.01639344262295082,0.03278688524590164,0.04918032786885246,0.06557377049180328,0.08196721311475409,0.0,0.01639344262295082,0.0005288207297726071,0.0005288207297726071,0.0002687449610319807,0.0002687449610319807,0.01639344262295082,0.01639344262295082,0.01639344262295082,0.03278688524590164,0.04918032786885246,0.06557377049180328,0.08196721311475409,0.0
1.1,S1.1_T_2_S1toS2,XGBoost,42,61,61,"{'n_estimators': 1000, 'max_depth': 4, 'learning_rate': 0.05, 'subsample': 0.8, 'colsample_bytree': 0.8, 'reg_lambda': 1, 'device': 'cuda'}",scenario_results_scenarios_2025-12-21_165745_early_stop/xgboost_S1.1_T_2_S1toS2_2025-12-21_165745_seed42_early_stop.pkl,0.01639344262295082,0.0005288207297726071,0.0005288207297726071,0.0002687449610319807,0.0002687449610319807,0.01639344262295082,0.01639344262295082,0.01639344262295082,0.03278688524590164,0.04918032786885246,0.06557377049180328,0.08196721311475409,0.0,0.01639344262295082,0.0005288207297726071,0.0005288207297726071,0.0002687449610319807,0.0002687449610319807,0.01639344262295082,0.01639344262295082,0.01639344262295082,0.03278688524590164,0.04918032786885246,0.06557377049180328,0.08196721311475409,0.0
1.1,S1.1_T_3_S1toS2,XGBoost,42,61,61,"{'n_estimators': 1000, 'max_depth': 4, 'learning_rate': 0.05, 'subsample': 0.8, 'colsample_bytree': 0.8, 'reg_lambda': 1, 'device': 'cuda'}",scenario_results_scenarios_2025-12-21_165745_early_stop/xgboost_S1.1_T_3_S1toS2_2025-12-21_165745_seed42_early_stop.pkl,0.01639344262295082,0.0005288207297726071,0.0005288207297726071,0.0002687449610319807,0.0002687449610319807,0.01639344262295082,0.01639344262295082,0.01639344262295082,0.03278688524590164,0.04918032786885246,0.06557377049180328,0.08196721311475409,0.0,0.01639344262295082,0.0005288207297726071,0.0005288207297726071,0.0002687449610319807,0.0002687449610319807,0.01639344262295082,0.01639344262295082,0.01639344262295082,0.03278688524590164,0.04918032786885246,0.06557377049180328,0.08196721311475409,0.0
1.1,S1.1_F_1_S1toS2,CatBoost,42,61,61,"{'iterations': 1000, 'depth': 4, 'learning_rate': 0.05, 'l2_leaf_reg': 1, 'border_count': 32}",scenario_results_scenarios_2025-12-21_165745_early_stop/catboost_S1.1_F_1_S1toS2_2025-12-21_165745_seed42_early_stop.pkl,1.0,1.0,1.0,1.0,1.0,1.0,1.0,1.0,1.0,1.0,1.0,1.0,1.0,0.29508196721311475,0.2415300546448087,0.2415300546448087,0.21994535519125682,0.21994535519125682,0.29508196721311475,0.29508196721311475,0.29508196721311475,0.47540983606557374,0.5573770491803278,0.639344262295082,0.7049180327868853,0.29508196721311475
1.1,S1.1_F_2_S1toS2,CatBoost,42,61,61,"{'iterations': 1000, 'depth': 4, 'learning_rate': 0.05, 'l2_leaf_reg': 1, 'border_count': 32}",scenario_results_scenarios_2025-12-21_165745_early_stop/catboost_S1.1_F_2_S1toS2_2025-12-21_165745_seed42_early_stop.pkl,1.0,1.0,1.0,1.0,1.0,1.0,1.0,1.0,1.0,1.0,1.0,1.0,1.0,0.26229508196721313,0.19320843091334894,0.19320843091334894,0.16666666666666666,0.16666666666666666,0.26229508196721313,0.26229508196721313,0.26229508196721313,0.4262295081967213,0.5409836065573771,0.7049180327868853,0.7540983606557377,0.26229508196721313
1.1,S1.1_F_3_S1toS2,CatBoost,42,61,61,"{'iterations': 1000, 'depth': 4, 'learning_rate': 0.05, 'l2_leaf_reg': 1, 'border_count': 32}",scenario_results_scenarios_2025-12-21_165745_early_stop/catboost_S1.1_F_3_S1toS2_2025-12-21_165745_seed42_early_stop.pkl,1.0,1.0,1.0,1.0,1.0,1.0,1.0,1.0,1.0,1.0,1.0,1.0,1.0,0.36065573770491804,0.2972677595628415,0.2972677595628415,0.27377049180327867,0.27377049180327867,0.36065573770491804,0.36065573770491804,0.36065573770491804,0.4918032786885246,0.6557377049180327,0.6721311475409836,0.7704918032786885,0.36065573770491804
1.1,S1.1_I_1_S1toS2,CatBoost,42,61,61,"{'iterations': 1000, 'depth': 4, 'learning_rate': 0.05, 'l2_leaf_reg': 1, 'border_count': 32}",scenario_results_scenarios_2025-12-21_165745_early_stop/catboost_S1.1_I_1_S1toS2_2025-12-21_165745_seed42_early_stop.pkl,1.0,1.0,1.0,1.0,1.0,1.0,1.0,1.0,1.0,1.0,1.0,1.0,1.0,0.2786885245901639,0.214207650273224,0.214207650273224,0.18715846994535518,0.18715846994535518,0.2786885245901639,0.2786885245901639,0.2786885245901639,0.39344262295081966,0.47540983606557374,0.5737704918032787,0.6065573770491803,0.2786885245901639
1.1,S1.1_I_2_S1toS2,CatBoost,42,61,61,"{'iterations': 1000, 'depth': 4, 'learning_rate': 0.05, 'l2_leaf_reg': 1, 'border_count': 32}",scenario_results_scenarios_2025-12-21_165745_early_stop/catboost_S1.1_I_2_S1toS2_2025-12-21_165745_seed42_early_stop.pkl,1.0,1.0,1.0,1.0,1.0,1.0,1.0,1.0,1.0,1.0,1.0,1.0,1.0,0.3442622950819672,0.24699453551912562,0.24699453551912562,0.20956284153005464,0.20956284153005464,0.3442622950819672,0.3442622950819672,0.3442622950819672,0.4262295081967213,0.639344262295082,0.6885245901639344,0.7377049180327869,0.3442622950819672
1.1,S1.1_I_3_S1toS2,CatBoost,42,61,61,"{'iterations': 1000, 'depth': 4, 'learning_rate': 0.05, 'l2_leaf_reg': 1, 'border_count': 32}",scenario_results_scenarios_2025-12-21_165745_early_stop/catboost_S1.1_I_3_S1toS2_2025-12-21_165745_seed42_early_stop.pkl,1.0,1.0,1.0,1.0,1.0,1.0,1.0,1.0,1.0,1.0,1.0,1.0,1.0,0.3770491803278688,0.2633879781420765,0.2633879781420765,0.21448087431693988,0.21448087431693988,0.3770491803278688,0.3770491803278688,0.3770491803278688,0.5081967213114754,0.6557377049180327,0.7377049180327869,0.7704918032786885,0.3770491803278688
1.1,S1.1_T_1_S1toS2,CatBoost,42,61,61,"{'iterations': 1000, 'depth': 4, 'learning_rate': 0.05, 'l2_leaf_reg': 1, 'border_count': 32}",scenario_results_scenarios_2025-12-21_165745_early_stop/catboost_S1.1_T_1_S1toS2_2025-12-21_165745_seed42_early_stop.pkl,1.0,1.0,1.0,1.0,1.0,1.0,1.0,1.0,1.0,1.0,1.0,1.0,1.0,0.3770491803278688,0.2961748633879781,0.2961748633879781,0.2609289617486339,0.2609289617486339,0.3770491803278688,0.3770491803278688,0.3770491803278688,0.5409836065573771,0.6229508196721312,0.6885245901639344,0.7704918032786885,0.3770491803278688
1.1,S1.1_T_2_S1toS2,CatBoost,42,61,61,"{'iterations': 1000, 'depth': 4, 'learning_rate': 0.05, 'l2_leaf_reg': 1, 'border_count': 32}",scenario_results_scenarios_2025-12-21_165745_early_stop/catboost_S1.1_T_2_S1toS2_2025-12-21_165745_seed42_early_stop.pkl,1.0,1.0,1.0,1.0,1.0,1.0,1.0,1.0,1.0,1.0,1.0,1.0,1.0,0.26229508196721313,0.18087431693989067,0.18087431693989067,0.14890710382513658,0.14890710382513658,0.26229508196721313,0.26229508196721313,0.26229508196721313,0.4426229508196721,0.5409836065573771,0.6065573770491803,0.6885245901639344,0.26229508196721313
1.1,S1.1_T_3_S1toS2,CatBoost,42,61,61,"{'iterations': 1000, 'depth': 4, 'learning_rate': 0.05, 'l2_leaf_reg': 1, 'border_count': 32}",scenario_results_scenarios_2025-12-21_165745_early_stop/catboost_S1.1_T_3_S1toS2_2025-12-21_165745_seed42_early_stop.pkl,1.0,1.0,1.0,1.0,1.0,1.0,1.0,1.0,1.0,1.0,1.0,1.0,1.0,0.22950819672131148,0.1825136612021858,0.1825136612021858,0.16666666666666669,0.16666666666666669,0.22950819672131148,0.22950819672131148,0.22950819672131148,0.4262295081967213,0.5409836065573771,0.6065573770491803,0.6721311475409836,0.22950819672131148
1.1,S1.1_F_1_S1toS2,NaiveBayes,42,61,61,"{'priors': None, 'var_smoothing': 1e-09}",scenario_results_scenarios_2025-12-21_165745_early_stop/naivebayes_S1.1_F_1_S1toS2_2025-12-21_165745_seed42_early_stop.pkl,1.0,1.0,1.0,1.0,1.0,1.0,1.0,1.0,1.0,1.0,1.0,1.0,1.0,0.11475409836065574,0.07650273224043715,0.07650273224043715,0.0633879781420765,0.0633879781420765,0.11475409836065574,0.11475409836065574,0.11475409836065574,0.13114754098360656,0.14754098360655737,0.16393442622950818,0.16393442622950818,0.11475409836065574
1.1,S1.1_F_2_S1toS2,NaiveBayes,42,61,61,"{'priors': None, 'var_smoothing': 1e-09}",scenario_results_scenarios_2025-12-21_165745_early_stop/naivebayes_S1.1_F_2_S1toS2_2025-12-21_165745_seed42_early_stop.pkl,1.0,1.0,1.0,1.0,1.0,1.0,1.0,1.0,1.0,1.0,1.0,1.0,1.0,0.11475409836065574,0.07049180327868852,0.07049180327868852,0.05792349726775956,0.05792349726775956,0.11475409836065574,0.11475409836065574,0.11475409836065574,0.13114754098360656,0.14754098360655737,0.16393442622950818,0.18032786885245902,0.11475409836065574
1.1,S1.1_F_3_S1toS2,NaiveBayes,42,61,61,"{'priors': None, 'var_smoothing': 1e-09}",scenario_results_scenarios_2025-12-21_165745_early_stop/naivebayes_S1.1_F_3_S1toS2_2025-12-21_165745_seed42_early_stop.pkl,1.0,1.0,1.0,1.0,1.0,1.0,1.0,1.0,1.0,1.0,1.0,1.0,1.0,0.18032786885245902,0.1284153005464481,0.1284153005464481,0.11311475409836066,0.11311475409836066,0.18032786885245902,0.18032786885245902,0.18032786885245902,0.19672131147540983,0.19672131147540983,0.21311475409836064,0.22950819672131148,0.18032786885245902
1.1,S1.1_I_1_S1toS2,NaiveBayes,42,61,61,"{'priors': None, 'var_smoothing': 1e-09}",scenario_results_scenarios_2025-12-21_165745_early_stop/naivebayes_S1.1_I_1_S1toS2_2025-12-21_165745_seed42_early_stop.pkl,1.0,1.0,1.0,1.0,1.0,1.0,1.0,1.0,1.0,1.0,1.0,1.0,1.0,0.26229508196721313,0.19867291178766588,0.19867291178766588,0.17814207650273228,0.17814207650273228,0.26229508196721313,0.26229508196721313,0.26229508196721313,0.2786885245901639,0.29508196721311475,0.3114754098360656,0.3114754098360656,0.26229508196721313
1.1,S1.1_I_2_S1toS2,NaiveBayes,42,61,61,"{'priors': None, 'var_smoothing': 1e-09}",scenario_results_scenarios_2025-12-21_165745_early_stop/naivebayes_S1.1_I_2_S1toS2_2025-12-21_165745_seed42_early_stop.pkl,1.0,1.0,1.0,1.0,1.0,1.0,1.0,1.0,1.0,1.0,1.0,1.0,1.0,0.16393442622950818,0.1098360655737705,0.1098360655737705,0.09153005464480873,0.09153005464480873,0.16393442622950818,0.16393442622950818,0.16393442622950818,0.16393442622950818,0.18032786885245902,0.19672131147540983,0.21311475409836064,0.16393442622950818
1.1,S1.1_I_3_S1toS2,NaiveBayes,42,61,61,"{'priors': None, 'var_smoothing': 1e-09}",scenario_results_scenarios_2025-12-21_165745_early_stop/naivebayes_S1.1_I_3_S1toS2_2025-12-21_165745_seed42_early_stop.pkl,1.0,1.0,1.0,1.0,1.0,1.0,1.0,1.0,1.0,1.0,1.0,1.0,1.0,0.2459016393442623,0.18306010928961747,0.18306010928961747,0.1557377049180328,0.1557377049180328,0.2459016393442623,0.2459016393442623,0.2459016393442623,0.26229508196721313,0.2786885245901639,0.29508196721311475,0.3114754098360656,0.2459016393442623
1.1,S1.1_T_1_S1toS2,NaiveBayes,42,61,61,"{'priors': None, 'var_smoothing': 1e-09}",scenario_results_scenarios_2025-12-21_165745_early_stop/naivebayes_S1.1_T_1_S1toS2_2025-12-21_165745_seed42_early_stop.pkl,1.0,1.0,1.0,1.0,1.0,1.0,1.0,1.0,1.0,1.0,1.0,1.0,1.0,0.14754098360655737,0.11038251366120219,0.11038251366120219,0.09699453551912568,0.09699453551912568,0.14754098360655737,0.14754098360655737,0.14754098360655737,0.16393442622950818,0.16393442622950818,0.18032786885245902,0.19672131147540983,0.14754098360655737
1.1,S1.1_T_2_S1toS2,NaiveBayes,42,61,61,"{'priors': None, 'var_smoothing': 1e-09}",scenario_results_scenarios_2025-12-21_165745_early_stop/naivebayes_S1.1_T_2_S1toS2_2025-12-21_165745_seed42_early_stop.pkl,1.0,1.0,1.0,1.0,1.0,1.0,1.0,1.0,1.0,1.0,1.0,1.0,1.0,0.19672131147540983,0.13661202185792348,0.13661202185792348,0.11530054644808742,0.11530054644808742,0.19672131147540983,0.19672131147540983,0.19672131147540983,0.21311475409836064,0.22950819672131148,0.22950819672131148,0.2459016393442623,0.19672131147540983
1.1,S1.1_T_3_S1toS2,NaiveBayes,42,61,61,"{'priors': None, 'var_smoothing': 1e-09}",scenario_results_scenarios_2025-12-21_165745_early_stop/naivebayes_S1.1_T_3_S1toS2_2025-12-21_165745_seed42_early_stop.pkl,1.0,1.0,1.0,1.0,1.0,1.0,1.0,1.0,1.0,1.0,1.0,1.0,1.0,0.16393442622950818,0.10601092896174863,0.10601092896174863,0.08469945355191257,0.08469945355191257,0.16393442622950818,0.16393442622950818,0.16393442622950818,0.18032786885245902,0.19672131147540983,0.19672131147540983,0.21311475409836064,0.16393442622950818
1.1,S1.1_F_1_S1toS2,LightGBM,42,61,61,"{'n_estimators': 100, 'max_depth': 6, 'learning_rate': 0.05, 'num_leaves': 31, 'min_child_samples': 20}",scenario_results_scenarios_2025-12-21_165745_early_stop/lightgbm_S1.1_F_1_S1toS2_2025-12-21_165745_seed42_early_stop.pkl,1.0,1.0,1.0,1.0,1.0,1.0,1.0,1.0,1.0,1.0,1.0,1.0,1.0,0.06557377049180328,0.05027322404371584,0.05027322404371584,0.045081967213114756,0.045081967213114756,0.06557377049180328,0.06557377049180328,0.06557377049180328,0.22950819672131148,0.2786885245901639,0.39344262295081966,0.4262295081967213,0.06557377049180328
1.1,S1.1_F_2_S1toS2,LightGBM,42,61,61,"{'n_estimators': 100, 'max_depth': 6, 'learning_rate': 0.05, 'num_leaves': 31, 'min_child_samples': 20}",scenario_results_scenarios_2025-12-21_165745_early_stop/lightgbm_S1.1_F_2_S1toS2_2025-12-21_165745_seed42_early_stop.pkl,1.0,1.0,1.0,1.0,1.0,1.0,1.0,1.0,1.0,1.0,1.0,1.0,1.0,0.14754098360655737,0.1087431693989071,0.1087431693989071,0.09562841530054644,0.09562841530054644,0.14754098360655737,0.14754098360655737,0.14754098360655737,0.21311475409836064,0.3114754098360656,0.3770491803278688,0.4262295081967213,0.14754098360655737
1.1,S1.1_F_3_S1toS2,LightGBM,42,61,61,"{'n_estimators': 100, 'max_depth': 6, 'learning_rate': 0.05, 'num_leaves': 31, 'min_child_samples': 20}",scenario_results_scenarios_2025-12-21_165745_early_stop/lightgbm_S1.1_F_3_S1toS2_2025-12-21_165745_seed42_early_stop.pkl,1.0,1.0,1.0,1.0,1.0,1.0,1.0,1.0,1.0,1.0,1.0,1.0,1.0,0.26229508196721313,0.18688524590163935,0.18688524590163935,0.16038251366120215,0.16038251366120215,0.26229508196721313,0.26229508196721313,0.26229508196721313,0.3442622950819672,0.4262295081967213,0.4426229508196721,0.4918032786885246,0.26229508196721313
1.1,S1.1_I_1_S1toS2,LightGBM,42,61,61,"{'n_estimators': 100, 'max_depth': 6, 'learning_rate': 0.05, 'num_leaves': 31, 'min_child_samples': 20}",scenario_results_scenarios_2025-12-21_165745_early_stop/lightgbm_S1.1_I_1_S1toS2_2025-12-21_165745_seed42_early_stop.pkl,1.0,1.0,1.0,1.0,1.0,1.0,1.0,1.0,1.0,1.0,1.0,1.0,1.0,0.08196721311475409,0.058469945355191254,0.058469945355191254,0.05054644808743169,0.05054644808743169,0.08196721311475409,0.08196721311475409,0.08196721311475409,0.16393442622950818,0.22950819672131148,0.32786885245901637,0.36065573770491804,0.08196721311475409
1.1,S1.1_I_2_S1toS2,LightGBM,42,61,61,"{'n_estimators': 100, 'max_depth': 6, 'learning_rate': 0.05, 'num_leaves': 31, 'min_child_samples': 20}",scenario_results_scenarios_2025-12-21_165745_early_stop/lightgbm_S1.1_I_2_S1toS2_2025-12-21_165745_seed42_early_stop.pkl,1.0,1.0,1.0,1.0,1.0,1.0,1.0,1.0,1.0,1.0,1.0,1.0,1.0,0.16393442622950818,0.14043715846994534,0.14043715846994534,0.1325136612021858,0.1325136612021858,0.16393442622950818,0.16393442622950818,0.16393442622950818,0.32786885245901637,0.4098360655737705,0.4918032786885246,0.5409836065573771,0.16393442622950818
1.1,S1.1_I_3_S1toS2,LightGBM,42,61,61,"{'n_estimators': 100, 'max_depth': 6, 'learning_rate': 0.05, 'num_leaves': 31, 'min_child_samples': 20}",scenario_results_scenarios_2025-12-21_165745_early_stop/lightgbm_S1.1_I_3_S1toS2_2025-12-21_165745_seed42_early_stop.pkl,1.0,1.0,1.0,1.0,1.0,1.0,1.0,1.0,1.0,1.0,1.0,1.0,1.0,0.21311475409836064,0.15846994535519124,0.15846994535519124,0.13989071038251366,0.13989071038251366,0.21311475409836064,0.21311475409836064,0.21311475409836064,0.3114754098360656,0.47540983606557374,0.4918032786885246,0.6065573770491803,0.21311475409836064
1.1,S1.1_T_1_S1toS2,LightGBM,42,61,61,"{'n_estimators': 100, 'max_depth': 6, 'learning_rate': 0.05, 'num_leaves': 31, 'min_child_samples': 20}",scenario_results_scenarios_2025-12-21_165745_early_stop/lightgbm_S1.1_T_1_S1toS2_2025-12-21_165745_seed42_early_stop.pkl,1.0,1.0,1.0,1.0,1.0,1.0,1.0,1.0,1.0,1.0,1.0,1.0,1.0,0.14754098360655737,0.09016393442622951,0.09016393442622951,0.06830601092896174,0.06830601092896174,0.14754098360655737,0.14754098360655737,0.14754098360655737,0.32786885245901637,0.39344262295081966,0.4426229508196721,0.5245901639344263,0.14754098360655737
1.1,S1.1_T_2_S1toS2,LightGBM,42,61,61,"{'n_estimators': 100, 'max_depth': 6, 'learning_rate': 0.05, 'num_leaves': 31, 'min_child_samples': 20}",scenario_results_scenarios_2025-12-21_165745_early_stop/lightgbm_S1.1_T_2_S1toS2_2025-12-21_165745_seed42_early_stop.pkl,1.0,1.0,1.0,1.0,1.0,1.0,1.0,1.0,1.0,1.0,1.0,1.0,1.0,0.11475409836065574,0.08306010928961748,0.08306010928961748,0.07240437158469946,0.07240437158469946,0.11475409836065574,0.11475409836065574,0.11475409836065574,0.16393442622950818,0.26229508196721313,0.32786885245901637,0.36065573770491804,0.11475409836065574
1.1,S1.1_T_3_S1toS2,LightGBM,42,61,61,"{'n_estimators': 100, 'max_depth': 6, 'learning_rate': 0.05, 'num_leaves': 31, 'min_child_samples': 20}",scenario_results_scenarios_2025-12-21_165745_early_stop/lightgbm_S1.1_T_3_S1toS2_2025-12-21_165745_seed42_early_stop.pkl,1.0,1.0,1.0,1.0,1.0,1.0,1.0,1.0,1.0,1.0,1.0,1.0,1.0,0.14754098360655737,0.10218579234972676,0.10218579234972676,0.0866120218579235,0.0866120218579235,0.14754098360655737,0.14754098360655737,0.14754098360655737,0.2459016393442623,0.2786885245901639,0.3770491803278688,0.4262295081967213,0.14754098360655737
1.1,S1.1_F_1_S1toS2,ExtraTrees,42,61,61,"{'n_estimators': 100, 'max_depth': 10, 'min_samples_split': 2, 'min_samples_leaf': 1, 'max_features': 'sqrt', 'bootstrap': False, 'criterion': 'gini'}",scenario_results_scenarios_2025-12-21_165745_early_stop/extratrees_S1.1_F_1_S1toS2_2025-12-21_165745_seed42_early_stop.pkl,1.0,1.0,1.0,1.0,1.0,1.0,1.0,1.0,1.0,1.0,1.0,1.0,1.0,0.26229508196721313,0.20163934426229507,0.20163934426229507,0.1808743169398907,0.1808743169398907,0.26229508196721313,0.26229508196721313,0.29508196721311475,0.4098360655737705,0.5409836065573771,0.6721311475409836,0.6885245901639344,0.26229508196721313
1.1,S1.1_F_2_S1toS2,ExtraTrees,42,61,61,"{'n_estimators': 100, 'max_depth': 10, 'min_samples_split': 2, 'min_samples_leaf': 1, 'max_features': 'sqrt', 'bootstrap': False, 'criterion': 'gini'}",scenario_results_scenarios_2025-12-21_165745_early_stop/extratrees_S1.1_F_2_S1toS2_2025-12-21_165745_seed42_early_stop.pkl,1.0,1.0,1.0,1.0,1.0,1.0,1.0,1.0,1.0,1.0,1.0,1.0,1.0,0.2459016393442623,0.180327868852459,0.180327868852459,0.15027322404371585,0.15027322404371585,0.2459016393442623,0.2459016393442623,0.26229508196721313,0.4918032786885246,0.5901639344262295,0.639344262295082,0.639344262295082,0.2459016393442623
1.1,S1.1_F_3_S1toS2,ExtraTrees,42,61,61,"{'n_estimators': 100, 'max_depth': 10, 'min_samples_split': 2, 'min_samples_leaf': 1, 'max_features': 'sqrt', 'bootstrap': False, 'criterion': 'gini'}",scenario_results_scenarios_2025-12-21_165745_early_stop/extratrees_S1.1_F_3_S1toS2_2025-12-21_165745_seed42_early_stop.pkl,1.0,1.0,1.0,1.0,1.0,1.0,1.0,1.0,1.0,1.0,1.0,1.0,1.0,0.26229508196721313,0.20491803278688525,0.20491803278688525,0.1808743169398907,0.1808743169398907,0.26229508196721313,0.26229508196721313,0.2459016393442623,0.4918032786885246,0.639344262295082,0.7049180327868853,0.7540983606557377,0.2459016393442623
1.1,S1.1_I_1_S1toS2,ExtraTrees,42,61,61,"{'n_estimators': 100, 'max_depth': 10, 'min_samples_split': 2, 'min_samples_leaf': 1, 'max_features': 'sqrt', 'bootstrap': False, 'criterion': 'gini'}",scenario_results_scenarios_2025-12-21_165745_early_stop/extratrees_S1.1_I_1_S1toS2_2025-12-21_165745_seed42_early_stop.pkl,1.0,1.0,1.0,1.0,1.0,1.0,1.0,1.0,1.0,1.0,1.0,1.0,1.0,0.2459016393442623,0.18032786885245902,0.18032786885245902,0.15355191256830603,0.15355191256830603,0.2459016393442623,0.2459016393442623,0.22950819672131148,0.39344262295081966,0.5245901639344263,0.6065573770491803,0.6885245901639344,0.21311475409836064
1.1,S1.1_I_2_S1toS2,ExtraTrees,42,61,61,"{'n_estimators': 100, 'max_depth': 10, 'min_samples_split': 2, 'min_samples_leaf': 1, 'max_features': 'sqrt', 'bootstrap': False, 'criterion': 'gini'}",scenario_results_scenarios_2025-12-21_165745_early_stop/extratrees_S1.1_I_2_S1toS2_2025-12-21_165745_seed42_early_stop.pkl,1.0,1.0,1.0,1.0,1.0,1.0,1.0,1.0,1.0,1.0,1.0,1.0,1.0,0.29508196721311475,0.21311475409836064,0.21311475409836064,0.18032786885245902,0.18032786885245902,0.29508196721311475,0.29508196721311475,0.3442622950819672,0.47540983606557374,0.5901639344262295,0.6557377049180327,0.7213114754098361,0.29508196721311475
1.1,S1.1_I_3_S1toS2,ExtraTrees,42,61,61,"{'n_estimators': 100, 'max_depth': 10, 'min_samples_split': 2, 'min_samples_leaf': 1, 'max_features': 'sqrt', 'bootstrap': False, 'criterion': 'gini'}",scenario_results_scenarios_2025-12-21_165745_early_stop/extratrees_S1.1_I_3_S1toS2_2025-12-21_165745_seed42_early_stop.pkl,1.0,1.0,1.0,1.0,1.0,1.0,1.0,1.0,1.0,1.0,1.0,1.0,1.0,0.4098360655737705,0.32076502732240436,0.32076502732240436,0.2827868852459016,0.2827868852459016,0.4098360655737705,0.4098360655737705,0.4262295081967213,0.5409836065573771,0.6065573770491803,0.639344262295082,0.6557377049180327,0.4098360655737705
1.1,S1.1_T_1_S1toS2,ExtraTrees,42,61,61,"{'n_estimators': 100, 'max_depth': 10, 'min_samples_split': 2, 'min_samples_leaf': 1, 'max_features': 'sqrt', 'bootstrap': False, 'criterion': 'gini'}",scenario_results_scenarios_2025-12-21_165745_early_stop/extratrees_S1.1_T_1_S1toS2_2025-12-21_165745_seed42_early_stop.pkl,1.0,1.0,1.0,1.0,1.0,1.0,1.0,1.0,1.0,1.0,1.0,1.0,1.0,0.3114754098360656,0.25792349726775954,0.25792349726775954,0.23633879781420766,0.23633879781420766,0.3114754098360656,0.3114754098360656,0.3114754098360656,0.5081967213114754,0.6065573770491803,0.639344262295082,0.6721311475409836,0.29508196721311475
1.1,S1.1_T_2_S1toS2,ExtraTrees,42,61,61,"{'n_estimators': 100, 'max_depth': 10, 'min_samples_split': 2, 'min_samples_leaf': 1, 'max_features': 'sqrt', 'bootstrap': False, 'criterion': 'gini'}",scenario_results_scenarios_2025-12-21_165745_early_stop/extratrees_S1.1_T_2_S1toS2_2025-12-21_165745_seed42_early_stop.pkl,1.0,1.0,1.0,1.0,1.0,1.0,1.0,1.0,1.0,1.0,1.0,1.0,1.0,0.26229508196721313,0.20327868852459013,0.20327868852459013,0.1789617486338798,0.1789617486338798,0.26229508196721313,0.26229508196721313,0.26229508196721313,0.3770491803278688,0.4262295081967213,0.5901639344262295,0.6721311475409836,0.22950819672131148
1.1,S1.1_T_3_S1toS2,ExtraTrees,42,61,61,"{'n_estimators': 100, 'max_depth': 10, 'min_samples_split': 2, 'min_samples_leaf': 1, 'max_features': 'sqrt', 'bootstrap': False, 'criterion': 'gini'}",scenario_results_scenarios_2025-12-21_165745_early_stop/extratrees_S1.1_T_3_S1toS2_2025-12-21_165745_seed42_early_stop.pkl,1.0,1.0,1.0,1.0,1.0,1.0,1.0,1.0,1.0,1.0,1.0,1.0,1.0,0.3442622950819672,0.25901639344262295,0.25901639344262295,0.22950819672131148,0.22950819672131148,0.3442622950819672,0.3442622950819672,0.3442622950819672,0.47540983606557374,0.5409836065573771,0.6065573770491803,0.639344262295082,0.3114754098360656
1.1,S1.1_F_1_S1toS2,RandomForest,123,61,61,"{'n_estimators': 100, 'max_depth': 10, 'min_samples_split': 2, 'min_samples_leaf': 1, 'max_features': 'sqrt', 'bootstrap': True}",scenario_results_scenarios_2025-12-21_165745_early_stop/randomforest_S1.1_F_1_S1toS2_2025-12-21_165745_seed123_early_stop.pkl,1.0,1.0,1.0,1.0,1.0,1.0,1.0,1.0,1.0,1.0,1.0,1.0,1.0,0.26229508196721313,0.1814207650273224,0.1814207650273224,0.14945355191256832,0.14945355191256832,0.26229508196721313,0.26229508196721313,0.26229508196721313,0.4098360655737705,0.5081967213114754,0.5573770491803278,0.6065573770491803,0.2459016393442623
1.1,S1.1_F_2_S1toS2,RandomForest,123,61,61,"{'n_estimators': 100, 'max_depth': 10, 'min_samples_split': 2, 'min_samples_leaf': 1, 'max_features': 'sqrt', 'bootstrap': True}",scenario_results_scenarios_2025-12-21_165745_early_stop/randomforest_S1.1_F_2_S1toS2_2025-12-21_165745_seed123_early_stop.pkl,1.0,1.0,1.0,1.0,1.0,1.0,1.0,1.0,1.0,1.0,1.0,1.0,1.0,0.26229508196721313,0.18227946916471505,0.18227946916471505,0.14754098360655737,0.14754098360655737,0.26229508196721313,0.26229508196721313,0.26229508196721313,0.39344262295081966,0.47540983606557374,0.5245901639344263,0.6065573770491803,0.2459016393442623
1.1,S1.1_F_3_S1toS2,RandomForest,123,61,61,"{'n_estimators': 100, 'max_depth': 10, 'min_samples_split': 2, 'min_samples_leaf': 1, 'max_features': 'sqrt', 'bootstrap': True}",scenario_results_scenarios_2025-12-21_165745_early_stop/randomforest_S1.1_F_3_S1toS2_2025-12-21_165745_seed123_early_stop.pkl,1.0,1.0,1.0,1.0,1.0,1.0,1.0,1.0,1.0,1.0,1.0,1.0,1.0,0.3442622950819672,0.2527712724434036,0.2527712724434036,0.21857923497267762,0.21857923497267762,0.3442622950819672,0.3442622950819672,0.32786885245901637,0.5081967213114754,0.5573770491803278,0.639344262295082,0.6721311475409836,0.32786885245901637
1.1,S1.1_I_1_S1toS2,RandomForest,123,61,61,"{'n_estimators': 100, 'max_depth': 10, 'min_samples_split': 2, 'min_samples_leaf': 1, 'max_features': 'sqrt', 'bootstrap': True}",scenario_results_scenarios_2025-12-21_165745_early_stop/randomforest_S1.1_I_1_S1toS2_2025-12-21_165745_seed123_early_stop.pkl,1.0,1.0,1.0,1.0,1.0,1.0,1.0,1.0,1.0,1.0,1.0,1.0,1.0,0.13114754098360656,0.1174863387978142,0.1174863387978142,0.11202185792349728,0.11202185792349728,0.13114754098360656,0.13114754098360656,0.11475409836065574,0.26229508196721313,0.36065573770491804,0.4098360655737705,0.47540983606557374,0.11475409836065574
1.1,S1.1_I_2_S1toS2,RandomForest,123,61,61,"{'n_estimators': 100, 'max_depth': 10, 'min_samples_split': 2, 'min_samples_leaf': 1, 'max_features': 'sqrt', 'bootstrap': True}",scenario_results_scenarios_2025-12-21_165745_early_stop/randomforest_S1.1_I_2_S1toS2_2025-12-21_165745_seed123_early_stop.pkl,1.0,1.0,1.0,1.0,1.0,1.0,1.0,1.0,1.0,1.0,1.0,1.0,1.0,0.2459016393442623,0.180327868852459,0.180327868852459,0.1530054644808743,0.1530054644808743,0.2459016393442623,0.2459016393442623,0.2786885245901639,0.3770491803278688,0.45901639344262296,0.5737704918032787,0.6229508196721312,0.2459016393442623
1.1,S1.1_I_3_S1toS2,RandomForest,123,61,61,"{'n_estimators': 100, 'max_depth': 10, 'min_samples_split': 2, 'min_samples_leaf': 1, 'max_features': 'sqrt', 'bootstrap': True}",scenario_results_scenarios_2025-12-21_165745_early_stop/randomforest_S1.1_I_3_S1toS2_2025-12-21_165745_seed123_early_stop.pkl,1.0,1.0,1.0,1.0,1.0,1.0,1.0,1.0,1.0,1.0,1.0,1.0,1.0,0.32786885245901637,0.2724434035909446,0.2724434035909446,0.25136612021857924,0.25136612021857924,0.32786885245901637,0.32786885245901637,0.3114754098360656,0.39344262295081966,0.47540983606557374,0.5737704918032787,0.6721311475409836,0.3114754098360656
1.1,S1.1_T_1_S1toS2,RandomForest,123,61,61,"{'n_estimators': 100, 'max_depth': 10, 'min_samples_split': 2, 'min_samples_leaf': 1, 'max_features': 'sqrt', 'bootstrap': True}",scenario_results_scenarios_2025-12-21_165745_early_stop/randomforest_S1.1_T_1_S1toS2_2025-12-21_165745_seed123_early_stop.pkl,1.0,1.0,1.0,1.0,1.0,1.0,1.0,1.0,1.0,1.0,1.0,1.0,1.0,0.26229508196721313,0.21584699453551912,0.21584699453551912,0.19672131147540986,0.19672131147540986,0.26229508196721313,0.26229508196721313,0.3114754098360656,0.4426229508196721,0.5901639344262295,0.639344262295082,0.6557377049180327,0.26229508196721313
1.1,S1.1_T_2_S1toS2,RandomForest,123,61,61,"{'n_estimators': 100, 'max_depth': 10, 'min_samples_split': 2, 'min_samples_leaf': 1, 'max_features': 'sqrt', 'bootstrap': True}",scenario_results_scenarios_2025-12-21_165745_early_stop/randomforest_S1.1_T_2_S1toS2_2025-12-21_165745_seed123_early_stop.pkl,1.0,1.0,1.0,1.0,1.0,1.0,1.0,1.0,1.0,1.0,1.0,1.0,1.0,0.19672131147540983,0.1431693989071038,0.1431693989071038,0.12158469945355191,0.12158469945355191,0.19672131147540983,0.19672131147540983,0.19672131147540983,0.3114754098360656,0.4098360655737705,0.4426229508196721,0.5573770491803278,0.19672131147540983
1.1,S1.1_T_3_S1toS2,RandomForest,123,61,61,"{'n_estimators': 100, 'max_depth': 10, 'min_samples_split': 2, 'min_samples_leaf': 1, 'max_features': 'sqrt', 'bootstrap': True}",scenario_results_scenarios_2025-12-21_165745_early_stop/randomforest_S1.1_T_3_S1toS2_2025-12-21_165745_seed123_early_stop.pkl,1.0,1.0,1.0,1.0,1.0,1.0,1.0,1.0,1.0,1.0,1.0,1.0,1.0,0.19672131147540983,0.126775956284153,0.126775956284153,0.10245901639344263,0.10245901639344263,0.19672131147540983,0.19672131147540983,0.21311475409836064,0.2786885245901639,0.45901639344262296,0.5737704918032787,0.6229508196721312,0.19672131147540983
1.1,S1.1_F_1_S1toS2,XGBoost,123,61,61,"{'n_estimators': 1000, 'max_depth': 4, 'learning_rate': 0.05, 'subsample': 0.8, 'colsample_bytree': 0.8, 'reg_lambda': 1, 'device': 'cuda'}",scenario_results_scenarios_2025-12-21_165745_early_stop/xgboost_S1.1_F_1_S1toS2_2025-12-21_165745_seed123_early_stop.pkl,0.01639344262295082,0.0005288207297726071,0.0005288207297726071,0.0002687449610319807,0.0002687449610319807,0.01639344262295082,0.01639344262295082,0.01639344262295082,0.03278688524590164,0.04918032786885246,0.06557377049180328,0.08196721311475409,0.01639344262295082,0.01639344262295082,0.0005288207297726071,0.0005288207297726071,0.0002687449610319807,0.0002687449610319807,0.01639344262295082,0.01639344262295082,0.01639344262295082,0.03278688524590164,0.04918032786885246,0.06557377049180328,0.08196721311475409,0.01639344262295082
1.1,S1.1_F_2_S1toS2,XGBoost,123,61,61,"{'n_estimators': 1000, 'max_depth': 4, 'learning_rate': 0.05, 'subsample': 0.8, 'colsample_bytree': 0.8, 'reg_lambda': 1, 'device': 'cuda'}",scenario_results_scenarios_2025-12-21_165745_early_stop/xgboost_S1.1_F_2_S1toS2_2025-12-21_165745_seed123_early_stop.pkl,0.01639344262295082,0.0005288207297726071,0.0005288207297726071,0.0002687449610319807,0.0002687449610319807,0.01639344262295082,0.01639344262295082,0.01639344262295082,0.03278688524590164,0.04918032786885246,0.06557377049180328,0.08196721311475409,0.01639344262295082,0.01639344262295082,0.0005288207297726071,0.0005288207297726071,0.0002687449610319807,0.0002687449610319807,0.01639344262295082,0.01639344262295082,0.01639344262295082,0.03278688524590164,0.04918032786885246,0.06557377049180328,0.08196721311475409,0.01639344262295082
1.1,S1.1_F_3_S1toS2,XGBoost,123,61,61,"{'n_estimators': 1000, 'max_depth': 4, 'learning_rate': 0.05, 'subsample': 0.8, 'colsample_bytree': 0.8, 'reg_lambda': 1, 'device': 'cuda'}",scenario_results_scenarios_2025-12-21_165745_early_stop/xgboost_S1.1_F_3_S1toS2_2025-12-21_165745_seed123_early_stop.pkl,0.01639344262295082,0.0005288207297726071,0.0005288207297726071,0.0002687449610319807,0.0002687449610319807,0.01639344262295082,0.01639344262295082,0.01639344262295082,0.03278688524590164,0.04918032786885246,0.06557377049180328,0.08196721311475409,0.01639344262295082,0.01639344262295082,0.0005288207297726071,0.0005288207297726071,0.0002687449610319807,0.0002687449610319807,0.01639344262295082,0.01639344262295082,0.01639344262295082,0.03278688524590164,0.04918032786885246,0.06557377049180328,0.08196721311475409,0.01639344262295082
1.1,S1.1_I_1_S1toS2,XGBoost,123,61,61,"{'n_estimators': 1000, 'max_depth': 4, 'learning_rate': 0.05, 'subsample': 0.8, 'colsample_bytree': 0.8, 'reg_lambda': 1, 'device': 'cuda'}",scenario_results_scenarios_2025-12-21_165745_early_stop/xgboost_S1.1_I_1_S1toS2_2025-12-21_165745_seed123_early_stop.pkl,0.01639344262295082,0.0005288207297726071,0.0005288207297726071,0.0002687449610319807,0.0002687449610319807,0.01639344262295082,0.01639344262295082,0.01639344262295082,0.03278688524590164,0.04918032786885246,0.06557377049180328,0.08196721311475409,0.01639344262295082,0.01639344262295082,0.0005288207297726071,0.0005288207297726071,0.0002687449610319807,0.0002687449610319807,0.01639344262295082,0.01639344262295082,0.01639344262295082,0.03278688524590164,0.04918032786885246,0.06557377049180328,0.08196721311475409,0.01639344262295082
1.1,S1.1_I_2_S1toS2,XGBoost,123,61,61,"{'n_estimators': 1000, 'max_depth': 4, 'learning_rate': 0.05, 'subsample': 0.8, 'colsample_bytree': 0.8, 'reg_lambda': 1, 'device': 'cuda'}",scenario_results_scenarios_2025-12-21_165745_early_stop/xgboost_S1.1_I_2_S1toS2_2025-12-21_165745_seed123_early_stop.pkl,0.01639344262295082,0.0005288207297726071,0.0005288207297726071,0.0002687449610319807,0.0002687449610319807,0.01639344262295082,0.01639344262295082,0.01639344262295082,0.03278688524590164,0.04918032786885246,0.06557377049180328,0.08196721311475409,0.01639344262295082,0.01639344262295082,0.0005288207297726071,0.0005288207297726071,0.0002687449610319807,0.0002687449610319807,0.01639344262295082,0.01639344262295082,0.01639344262295082,0.03278688524590164,0.04918032786885246,0.06557377049180328,0.08196721311475409,0.01639344262295082
1.1,S1.1_I_3_S1toS2,XGBoost,123,61,61,"{'n_estimators': 1000, 'max_depth': 4, 'learning_rate': 0.05, 'subsample': 0.8, 'colsample_bytree': 0.8, 'reg_lambda': 1, 'device': 'cuda'}",scenario_results_scenarios_2025-12-21_165745_early_stop/xgboost_S1.1_I_3_S1toS2_2025-12-21_165745_seed123_early_stop.pkl,0.01639344262295082,0.0005288207297726071,0.0005288207297726071,0.0002687449610319807,0.0002687449610319807,0.01639344262295082,0.01639344262295082,0.01639344262295082,0.03278688524590164,0.04918032786885246,0.06557377049180328,0.08196721311475409,0.01639344262295082,0.01639344262295082,0.0005288207297726071,0.0005288207297726071,0.0002687449610319807,0.0002687449610319807,0.01639344262295082,0.01639344262295082,0.01639344262295082,0.03278688524590164,0.04918032786885246,0.06557377049180328,0.08196721311475409,0.01639344262295082
1.1,S1.1_T_1_S1toS2,XGBoost,123,61,61,"{'n_estimators': 1000, 'max_depth': 4, 'learning_rate': 0.05, 'subsample': 0.8, 'colsample_bytree': 0.8, 'reg_lambda': 1, 'device': 'cuda'}",scenario_results_scenarios_2025-12-21_165745_early_stop/xgboost_S1.1_T_1_S1toS2_2025-12-21_165745_seed123_early_stop.pkl,0.01639344262295082,0.0005288207297726071,0.0005288207297726071,0.0002687449610319807,0.0002687449610319807,0.01639344262295082,0.01639344262295082,0.01639344262295082,0.03278688524590164,0.04918032786885246,0.06557377049180328,0.08196721311475409,0.01639344262295082,0.01639344262295082,0.0005288207297726071,0.0005288207297726071,0.0002687449610319807,0.0002687449610319807,0.01639344262295082,0.01639344262295082,0.01639344262295082,0.03278688524590164,0.04918032786885246,0.06557377049180328,0.08196721311475409,0.01639344262295082
1.1,S1.1_T_2_S1toS2,XGBoost,123,61,61,"{'n_estimators': 1000, 'max_depth': 4, 'learning_rate': 0.05, 'subsample': 0.8, 'colsample_bytree': 0.8, 'reg_lambda': 1, 'device': 'cuda'}",scenario_results_scenarios_2025-12-21_165745_early_stop/xgboost_S1.1_T_2_S1toS2_2025-12-21_165745_seed123_early_stop.pkl,0.01639344262295082,0.0005288207297726071,0.0005288207297726071,0.0002687449610319807,0.0002687449610319807,0.01639344262295082,0.01639344262295082,0.01639344262295082,0.03278688524590164,0.04918032786885246,0.06557377049180328,0.08196721311475409,0.01639344262295082,0.01639344262295082,0.0005288207297726071,0.0005288207297726071,0.0002687449610319807,0.0002687449610319807,0.01639344262295082,0.01639344262295082,0.01639344262295082,0.03278688524590164,0.04918032786885246,0.06557377049180328,0.08196721311475409,0.01639344262295082
1.1,S1.1_T_3_S1toS2,XGBoost,123,61,61,"{'n_estimators': 1000, 'max_depth': 4, 'learning_rate': 0.05, 'subsample': 0.8, 'colsample_bytree': 0.8, 'reg_lambda': 1, 'device': 'cuda'}",scenario_results_scenarios_2025-12-21_165745_early_stop/xgboost_S1.1_T_3_S1toS2_2025-12-21_165745_seed123_early_stop.pkl,0.01639344262295082,0.0005288207297726071,0.0005288207297726071,0.0002687449610319807,0.0002687449610319807,0.01639344262295082,0.01639344262295082,0.01639344262295082,0.03278688524590164,0.04918032786885246,0.06557377049180328,0.08196721311475409,0.01639344262295082,0.01639344262295082,0.0005288207297726071,0.0005288207297726071,0.0002687449610319807,0.0002687449610319807,0.01639344262295082,0.01639344262295082,0.01639344262295082,0.03278688524590164,0.04918032786885246,0.06557377049180328,0.08196721311475409,0.01639344262295082
1.1,S1.1_F_1_S1toS2,CatBoost,123,61,61,"{'iterations': 1000, 'depth': 4, 'learning_rate': 0.05, 'l2_leaf_reg': 1, 'border_count': 32}",scenario_results_scenarios_2025-12-21_165745_early_stop/catboost_S1.1_F_1_S1toS2_2025-12-21_165745_seed123_early_stop.pkl,1.0,1.0,1.0,1.0,1.0,1.0,1.0,1.0,1.0,1.0,1.0,1.0,1.0,0.26229508196721313,0.20437158469945352,0.20437158469945352,0.18306010928961747,0.18306010928961747,0.26229508196721313,0.26229508196721313,0.26229508196721313,0.4262295081967213,0.5573770491803278,0.639344262295082,0.7049180327868853,0.26229508196721313
1.1,S1.1_F_2_S1toS2,CatBoost,123,61,61,"{'iterations': 1000, 'depth': 4, 'learning_rate': 0.05, 'l2_leaf_reg': 1, 'border_count': 32}",scenario_results_scenarios_2025-12-21_165745_early_stop/catboost_S1.1_F_2_S1toS2_2025-12-21_165745_seed123_early_stop.pkl,1.0,1.0,1.0,1.0,1.0,1.0,1.0,1.0,1.0,1.0,1.0,1.0,1.0,0.3114754098360656,0.2322404371584699,0.2322404371584699,0.19999999999999998,0.19999999999999998,0.3114754098360656,0.3114754098360656,0.3114754098360656,0.39344262295081966,0.5245901639344263,0.6557377049180327,0.7540983606557377,0.3114754098360656
1.1,S1.1_F_3_S1toS2,CatBoost,123,61,61,"{'iterations': 1000, 'depth': 4, 'learning_rate': 0.05, 'l2_leaf_reg': 1, 'border_count': 32}",scenario_results_scenarios_2025-12-21_165745_early_stop/catboost_S1.1_F_3_S1toS2_2025-12-21_165745_seed123_early_stop.pkl,1.0,1.0,1.0,1.0,1.0,1.0,1.0,1.0,1.0,1.0,1.0,1.0,1.0,0.3114754098360656,0.23497267759562843,0.23497267759562843,0.20601092896174864,0.20601092896174864,0.3114754098360656,0.3114754098360656,0.3114754098360656,0.4426229508196721,0.6065573770491803,0.6229508196721312,0.6557377049180327,0.3114754098360656
1.1,S1.1_I_1_S1toS2,CatBoost,123,61,61,"{'iterations': 1000, 'depth': 4, 'learning_rate': 0.05, 'l2_leaf_reg': 1, 'border_count': 32}",scenario_results_scenarios_2025-12-21_165745_early_stop/catboost_S1.1_I_1_S1toS2_2025-12-21_165745_seed123_early_stop.pkl,1.0,1.0,1.0,1.0,1.0,1.0,1.0,1.0,1.0,1.0,1.0,1.0,1.0,0.2786885245901639,0.2158469945355191,0.2158469945355191,0.18579234972677594,0.18579234972677594,0.2786885245901639,0.2786885245901639,0.2786885245901639,0.4262295081967213,0.47540983606557374,0.5901639344262295,0.6229508196721312,0.2786885245901639
1.1,S1.1_I_2_S1toS2,CatBoost,123,61,61,"{'iterations': 1000, 'depth': 4, 'learning_rate': 0.05, 'l2_leaf_reg': 1, 'border_count': 32}",scenario_results_scenarios_2025-12-21_165745_early_stop/catboost_S1.1_I_2_S1toS2_2025-12-21_165745_seed123_early_stop.pkl,1.0,1.0,1.0,1.0,1.0,1.0,1.0,1.0,1.0,1.0,1.0,1.0,1.0,0.36065573770491804,0.25792349726775954,0.25792349726775954,0.21775956284153006,0.21775956284153006,0.36065573770491804,0.36065573770491804,0.36065573770491804,0.5409836065573771,0.639344262295082,0.6721311475409836,0.7377049180327869,0.36065573770491804
1.1,S1.1_I_3_S1toS2,CatBoost,123,61,61,"{'iterations': 1000, 'depth': 4, 'learning_rate': 0.05, 'l2_leaf_reg': 1, 'border_count': 32}",scenario_results_scenarios_2025-12-21_165745_early_stop/catboost_S1.1_I_3_S1toS2_2025-12-21_165745_seed123_early_stop.pkl,1.0,1.0,1.0,1.0,1.0,1.0,1.0,1.0,1.0,1.0,1.0,1.0,1.0,0.3442622950819672,0.23005464480874313,0.23005464480874313,0.18442622950819673,0.18442622950819673,0.3442622950819672,0.3442622950819672,0.3442622950819672,0.5737704918032787,0.6885245901639344,0.7213114754098361,0.8032786885245902,0.3442622950819672
1.1,S1.1_T_1_S1toS2,CatBoost,123,61,61,"{'iterations': 1000, 'depth': 4, 'learning_rate': 0.05, 'l2_leaf_reg': 1, 'border_count': 32}",scenario_results_scenarios_2025-12-21_165745_early_stop/catboost_S1.1_T_1_S1toS2_2025-12-21_165745_seed123_early_stop.pkl,1.0,1.0,1.0,1.0,1.0,1.0,1.0,1.0,1.0,1.0,1.0,1.0,1.0,0.4098360655737705,0.3289617486338798,0.3289617486338798,0.2969945355191257,0.2969945355191257,0.4098360655737705,0.4098360655737705,0.4098360655737705,0.5901639344262295,0.6229508196721312,0.7049180327868853,0.7868852459016393,0.4098360655737705
1.1,S1.1_T_2_S1toS2,CatBoost,123,61,61,"{'iterations': 1000, 'depth': 4, 'learning_rate': 0.05, 'l2_leaf_reg': 1, 'border_count': 32}",scenario_results_scenarios_2025-12-21_165745_early_stop/catboost_S1.1_T_2_S1toS2_2025-12-21_165745_seed123_early_stop.pkl,1.0,1.0,1.0,1.0,1.0,1.0,1.0,1.0,1.0,1.0,1.0,1.0,1.0,0.22950819672131148,0.17486338797814205,0.17486338797814205,0.15027322404371585,0.15027322404371585,0.22950819672131148,0.22950819672131148,0.22950819672131148,0.4918032786885246,0.5737704918032787,0.639344262295082,0.7377049180327869,0.22950819672131148
1.1,S1.1_T_3_S1toS2,CatBoost,123,61,61,"{'iterations': 1000, 'depth': 4, 'learning_rate': 0.05, 'l2_leaf_reg': 1, 'border_count': 32}",scenario_results_scenarios_2025-12-21_165745_early_stop/catboost_S1.1_T_3_S1toS2_2025-12-21_165745_seed123_early_stop.pkl,1.0,1.0,1.0,1.0,1.0,1.0,1.0,1.0,1.0,1.0,1.0,1.0,1.0,0.29508196721311475,0.23060109289617486,0.23060109289617486,0.2062841530054645,0.2062841530054645,0.29508196721311475,0.29508196721311475,0.29508196721311475,0.3770491803278688,0.4918032786885246,0.5573770491803278,0.639344262295082,0.29508196721311475
1.1,S1.1_F_1_S1toS2,NaiveBayes,123,61,61,"{'priors': None, 'var_smoothing': 1e-09}",scenario_results_scenarios_2025-12-21_165745_early_stop/naivebayes_S1.1_F_1_S1toS2_2025-12-21_165745_seed123_early_stop.pkl,1.0,1.0,1.0,1.0,1.0,1.0,1.0,1.0,1.0,1.0,1.0,1.0,1.0,0.11475409836065574,0.07650273224043715,0.07650273224043715,0.0633879781420765,0.0633879781420765,0.11475409836065574,0.11475409836065574,0.11475409836065574,0.13114754098360656,0.14754098360655737,0.16393442622950818,0.16393442622950818,0.11475409836065574
1.1,S1.1_F_2_S1toS2,NaiveBayes,123,61,61,"{'priors': None, 'var_smoothing': 1e-09}",scenario_results_scenarios_2025-12-21_165745_early_stop/naivebayes_S1.1_F_2_S1toS2_2025-12-21_165745_seed123_early_stop.pkl,1.0,1.0,1.0,1.0,1.0,1.0,1.0,1.0,1.0,1.0,1.0,1.0,1.0,0.11475409836065574,0.07049180327868852,0.07049180327868852,0.05792349726775956,0.05792349726775956,0.11475409836065574,0.11475409836065574,0.11475409836065574,0.13114754098360656,0.14754098360655737,0.16393442622950818,0.18032786885245902,0.11475409836065574
1.1,S1.1_F_3_S1toS2,NaiveBayes,123,61,61,"{'priors': None, 'var_smoothing': 1e-09}",scenario_results_scenarios_2025-12-21_165745_early_stop/naivebayes_S1.1_F_3_S1toS2_2025-12-21_165745_seed123_early_stop.pkl,1.0,1.0,1.0,1.0,1.0,1.0,1.0,1.0,1.0,1.0,1.0,1.0,1.0,0.18032786885245902,0.1284153005464481,0.1284153005464481,0.11311475409836066,0.11311475409836066,0.18032786885245902,0.18032786885245902,0.18032786885245902,0.19672131147540983,0.19672131147540983,0.21311475409836064,0.22950819672131148,0.18032786885245902
1.1,S1.1_I_1_S1toS2,NaiveBayes,123,61,61,"{'priors': None, 'var_smoothing': 1e-09}",scenario_results_scenarios_2025-12-21_165745_early_stop/naivebayes_S1.1_I_1_S1toS2_2025-12-21_165745_seed123_early_stop.pkl,1.0,1.0,1.0,1.0,1.0,1.0,1.0,1.0,1.0,1.0,1.0,1.0,1.0,0.26229508196721313,0.19867291178766588,0.19867291178766588,0.17814207650273228,0.17814207650273228,0.26229508196721313,0.26229508196721313,0.26229508196721313,0.2786885245901639,0.29508196721311475,0.3114754098360656,0.3114754098360656,0.26229508196721313
1.1,S1.1_I_2_S1toS2,NaiveBayes,123,61,61,"{'priors': None, 'var_smoothing': 1e-09}",scenario_results_scenarios_2025-12-21_165745_early_stop/naivebayes_S1.1_I_2_S1toS2_2025-12-21_165745_seed123_early_stop.pkl,1.0,1.0,1.0,1.0,1.0,1.0,1.0,1.0,1.0,1.0,1.0,1.0,1.0,0.16393442622950818,0.1098360655737705,0.1098360655737705,0.09153005464480873,0.09153005464480873,0.16393442622950818,0.16393442622950818,0.16393442622950818,0.16393442622950818,0.18032786885245902,0.19672131147540983,0.21311475409836064,0.16393442622950818
1.1,S1.1_I_3_S1toS2,NaiveBayes,123,61,61,"{'priors': None, 'var_smoothing': 1e-09}",scenario_results_scenarios_2025-12-21_165745_early_stop/naivebayes_S1.1_I_3_S1toS2_2025-12-21_165745_seed123_early_stop.pkl,1.0,1.0,1.0,1.0,1.0,1.0,1.0,1.0,1.0,1.0,1.0,1.0,1.0,0.2459016393442623,0.18306010928961747,0.18306010928961747,0.1557377049180328,0.1557377049180328,0.2459016393442623,0.2459016393442623,0.2459016393442623,0.26229508196721313,0.2786885245901639,0.29508196721311475,0.3114754098360656,0.2459016393442623
1.1,S1.1_T_1_S1toS2,NaiveBayes,123,61,61,"{'priors': None, 'var_smoothing': 1e-09}",scenario_results_scenarios_2025-12-21_165745_early_stop/naivebayes_S1.1_T_1_S1toS2_2025-12-21_165745_seed123_early_stop.pkl,1.0,1.0,1.0,1.0,1.0,1.0,1.0,1.0,1.0,1.0,1.0,1.0,1.0,0.14754098360655737,0.11038251366120219,0.11038251366120219,0.09699453551912568,0.09699453551912568,0.14754098360655737,0.14754098360655737,0.14754098360655737,0.16393442622950818,0.16393442622950818,0.18032786885245902,0.19672131147540983,0.14754098360655737
1.1,S1.1_T_2_S1toS2,NaiveBayes,123,61,61,"{'priors': None, 'var_smoothing': 1e-09}",scenario_results_scenarios_2025-12-21_165745_early_stop/naivebayes_S1.1_T_2_S1toS2_2025-12-21_165745_seed123_early_stop.pkl,1.0,1.0,1.0,1.0,1.0,1.0,1.0,1.0,1.0,1.0,1.0,1.0,1.0,0.19672131147540983,0.13661202185792348,0.13661202185792348,0.11530054644808742,0.11530054644808742,0.19672131147540983,0.19672131147540983,0.19672131147540983,0.21311475409836064,0.22950819672131148,0.22950819672131148,0.2459016393442623,0.19672131147540983
1.1,S1.1_T_3_S1toS2,NaiveBayes,123,61,61,"{'priors': None, 'var_smoothing': 1e-09}",scenario_results_scenarios_2025-12-21_165745_early_stop/naivebayes_S1.1_T_3_S1toS2_2025-12-21_165745_seed123_early_stop.pkl,1.0,1.0,1.0,1.0,1.0,1.0,1.0,1.0,1.0,1.0,1.0,1.0,1.0,0.16393442622950818,0.10601092896174863,0.10601092896174863,0.08469945355191257,0.08469945355191257,0.16393442622950818,0.16393442622950818,0.16393442622950818,0.18032786885245902,0.19672131147540983,0.19672131147540983,0.21311475409836064,0.16393442622950818
1.1,S1.1_F_1_S1toS2,LightGBM,123,61,61,"{'n_estimators': 100, 'max_depth': 6, 'learning_rate': 0.05, 'num_leaves': 31, 'min_child_samples': 20}",scenario_results_scenarios_2025-12-21_165745_early_stop/lightgbm_S1.1_F_1_S1toS2_2025-12-21_165745_seed123_early_stop.pkl,1.0,1.0,1.0,1.0,1.0,1.0,1.0,1.0,1.0,1.0,1.0,1.0,1.0,0.06557377049180328,0.05027322404371584,0.05027322404371584,0.045081967213114756,0.045081967213114756,0.06557377049180328,0.06557377049180328,0.06557377049180328,0.22950819672131148,0.2786885245901639,0.39344262295081966,0.4262295081967213,0.06557377049180328
1.1,S1.1_F_2_S1toS2,LightGBM,123,61,61,"{'n_estimators': 100, 'max_depth': 6, 'learning_rate': 0.05, 'num_leaves': 31, 'min_child_samples': 20}",scenario_results_scenarios_2025-12-21_165745_early_stop/lightgbm_S1.1_F_2_S1toS2_2025-12-21_165745_seed123_early_stop.pkl,1.0,1.0,1.0,1.0,1.0,1.0,1.0,1.0,1.0,1.0,1.0,1.0,1.0,0.14754098360655737,0.1087431693989071,0.1087431693989071,0.09562841530054644,0.09562841530054644,0.14754098360655737,0.14754098360655737,0.14754098360655737,0.21311475409836064,0.3114754098360656,0.3770491803278688,0.4262295081967213,0.14754098360655737
1.1,S1.1_F_3_S1toS2,LightGBM,123,61,61,"{'n_estimators': 100, 'max_depth': 6, 'learning_rate': 0.05, 'num_leaves': 31, 'min_child_samples': 20}",scenario_results_scenarios_2025-12-21_165745_early_stop/lightgbm_S1.1_F_3_S1toS2_2025-12-21_165745_seed123_early_stop.pkl,1.0,1.0,1.0,1.0,1.0,1.0,1.0,1.0,1.0,1.0,1.0,1.0,1.0,0.26229508196721313,0.18688524590163935,0.18688524590163935,0.16038251366120215,0.16038251366120215,0.26229508196721313,0.26229508196721313,0.26229508196721313,0.3442622950819672,0.4262295081967213,0.4426229508196721,0.4918032786885246,0.26229508196721313
1.1,S1.1_I_1_S1toS2,LightGBM,123,61,61,"{'n_estimators': 100, 'max_depth': 6, 'learning_rate': 0.05, 'num_leaves': 31, 'min_child_samples': 20}",scenario_results_scenarios_2025-12-21_165745_early_stop/lightgbm_S1.1_I_1_S1toS2_2025-12-21_165745_seed123_early_stop.pkl,1.0,1.0,1.0,1.0,1.0,1.0,1.0,1.0,1.0,1.0,1.0,1.0,1.0,0.08196721311475409,0.058469945355191254,0.058469945355191254,0.05054644808743169,0.05054644808743169,0.08196721311475409,0.08196721311475409,0.08196721311475409,0.16393442622950818,0.22950819672131148,0.32786885245901637,0.36065573770491804,0.08196721311475409
1.1,S1.1_I_2_S1toS2,LightGBM,123,61,61,"{'n_estimators': 100, 'max_depth': 6, 'learning_rate': 0.05, 'num_leaves': 31, 'min_child_samples': 20}",scenario_results_scenarios_2025-12-21_165745_early_stop/lightgbm_S1.1_I_2_S1toS2_2025-12-21_165745_seed123_early_stop.pkl,1.0,1.0,1.0,1.0,1.0,1.0,1.0,1.0,1.0,1.0,1.0,1.0,1.0,0.16393442622950818,0.14043715846994534,0.14043715846994534,0.1325136612021858,0.1325136612021858,0.16393442622950818,0.16393442622950818,0.16393442622950818,0.32786885245901637,0.4098360655737705,0.4918032786885246,0.5409836065573771,0.16393442622950818
1.1,S1.1_I_3_S1toS2,LightGBM,123,61,61,"{'n_estimators': 100, 'max_depth': 6, 'learning_rate': 0.05, 'num_leaves': 31, 'min_child_samples': 20}",scenario_results_scenarios_2025-12-21_165745_early_stop/lightgbm_S1.1_I_3_S1toS2_2025-12-21_165745_seed123_early_stop.pkl,1.0,1.0,1.0,1.0,1.0,1.0,1.0,1.0,1.0,1.0,1.0,1.0,1.0,0.21311475409836064,0.15846994535519124,0.15846994535519124,0.13989071038251366,0.13989071038251366,0.21311475409836064,0.21311475409836064,0.21311475409836064,0.3114754098360656,0.47540983606557374,0.4918032786885246,0.6065573770491803,0.21311475409836064
1.1,S1.1_T_1_S1toS2,LightGBM,123,61,61,"{'n_estimators': 100, 'max_depth': 6, 'learning_rate': 0.05, 'num_leaves': 31, 'min_child_samples': 20}",scenario_results_scenarios_2025-12-21_165745_early_stop/lightgbm_S1.1_T_1_S1toS2_2025-12-21_165745_seed123_early_stop.pkl,1.0,1.0,1.0,1.0,1.0,1.0,1.0,1.0,1.0,1.0,1.0,1.0,1.0,0.14754098360655737,0.09016393442622951,0.09016393442622951,0.06830601092896174,0.06830601092896174,0.14754098360655737,0.14754098360655737,0.14754098360655737,0.32786885245901637,0.39344262295081966,0.4426229508196721,0.5245901639344263,0.14754098360655737
1.1,S1.1_T_2_S1toS2,LightGBM,123,61,61,"{'n_estimators': 100, 'max_depth': 6, 'learning_rate': 0.05, 'num_leaves': 31, 'min_child_samples': 20}",scenario_results_scenarios_2025-12-21_165745_early_stop/lightgbm_S1.1_T_2_S1toS2_2025-12-21_165745_seed123_early_stop.pkl,1.0,1.0,1.0,1.0,1.0,1.0,1.0,1.0,1.0,1.0,1.0,1.0,1.0,0.11475409836065574,0.08306010928961748,0.08306010928961748,0.07240437158469946,0.07240437158469946,0.11475409836065574,0.11475409836065574,0.11475409836065574,0.16393442622950818,0.26229508196721313,0.32786885245901637,0.36065573770491804,0.11475409836065574
1.1,S1.1_T_3_S1toS2,LightGBM,123,61,61,"{'n_estimators': 100, 'max_depth': 6, 'learning_rate': 0.05, 'num_leaves': 31, 'min_child_samples': 20}",scenario_results_scenarios_2025-12-21_165745_early_stop/lightgbm_S1.1_T_3_S1toS2_2025-12-21_165745_seed123_early_stop.pkl,1.0,1.0,1.0,1.0,1.0,1.0,1.0,1.0,1.0,1.0,1.0,1.0,1.0,0.14754098360655737,0.10218579234972676,0.10218579234972676,0.0866120218579235,0.0866120218579235,0.14754098360655737,0.14754098360655737,0.14754098360655737,0.2459016393442623,0.2786885245901639,0.3770491803278688,0.4262295081967213,0.14754098360655737
1.1,S1.1_F_1_S1toS2,ExtraTrees,123,61,61,"{'n_estimators': 100, 'max_depth': 10, 'min_samples_split': 2, 'min_samples_leaf': 1, 'max_features': 'sqrt', 'bootstrap': False, 'criterion': 'gini'}",scenario_results_scenarios_2025-12-21_165745_early_stop/extratrees_S1.1_F_1_S1toS2_2025-12-21_165745_seed123_early_stop.pkl,1.0,1.0,1.0,1.0,1.0,1.0,1.0,1.0,1.0,1.0,1.0,1.0,1.0,0.3442622950819672,0.24808743169398906,0.24808743169398906,0.2103825136612022,0.2103825136612022,0.3442622950819672,0.3442622950819672,0.3442622950819672,0.5245901639344263,0.6229508196721312,0.7213114754098361,0.7213114754098361,0.3442622950819672
1.1,S1.1_F_2_S1toS2,ExtraTrees,123,61,61,"{'n_estimators': 100, 'max_depth': 10, 'min_samples_split': 2, 'min_samples_leaf': 1, 'max_features': 'sqrt', 'bootstrap': False, 'criterion': 'gini'}",scenario_results_scenarios_2025-12-21_165745_early_stop/extratrees_S1.1_F_2_S1toS2_2025-12-21_165745_seed123_early_stop.pkl,1.0,1.0,1.0,1.0,1.0,1.0,1.0,1.0,1.0,1.0,1.0,1.0,1.0,0.2786885245901639,0.22677595628415295,0.22677595628415295,0.20491803278688522,0.20491803278688522,0.2786885245901639,0.2786885245901639,0.29508196721311475,0.45901639344262296,0.6229508196721312,0.7213114754098361,0.7540983606557377,0.2786885245901639
1.1,S1.1_F_3_S1toS2,ExtraTrees,123,61,61,"{'n_estimators': 100, 'max_depth': 10, 'min_samples_split': 2, 'min_samples_leaf': 1, 'max_features': 'sqrt', 'bootstrap': False, 'criterion': 'gini'}",scenario_results_scenarios_2025-12-21_165745_early_stop/extratrees_S1.1_F_3_S1toS2_2025-12-21_165745_seed123_early_stop.pkl,1.0,1.0,1.0,1.0,1.0,1.0,1.0,1.0,1.0,1.0,1.0,1.0,1.0,0.32786885245901637,0.25519125683060107,0.25519125683060107,0.22868852459016392,0.22868852459016392,0.32786885245901637,0.32786885245901637,0.3770491803278688,0.5245901639344263,0.6229508196721312,0.7049180327868853,0.7868852459016393,0.3114754098360656
1.1,S1.1_I_1_S1toS2,ExtraTrees,123,61,61,"{'n_estimators': 100, 'max_depth': 10, 'min_samples_split': 2, 'min_samples_leaf': 1, 'max_features': 'sqrt', 'bootstrap': False, 'criterion': 'gini'}",scenario_results_scenarios_2025-12-21_165745_early_stop/extratrees_S1.1_I_1_S1toS2_2025-12-21_165745_seed123_early_stop.pkl,1.0,1.0,1.0,1.0,1.0,1.0,1.0,1.0,1.0,1.0,1.0,1.0,1.0,0.2459016393442623,0.1814207650273224,0.1814207650273224,0.15710382513661203,0.15710382513661203,0.2459016393442623,0.2459016393442623,0.26229508196721313,0.3770491803278688,0.4426229508196721,0.5737704918032787,0.6065573770491803,0.2459016393442623
1.1,S1.1_I_2_S1toS2,ExtraTrees,123,61,61,"{'n_estimators': 100, 'max_depth': 10, 'min_samples_split': 2, 'min_samples_leaf': 1, 'max_features': 'sqrt', 'bootstrap': False, 'criterion': 'gini'}",scenario_results_scenarios_2025-12-21_165745_early_stop/extratrees_S1.1_I_2_S1toS2_2025-12-21_165745_seed123_early_stop.pkl,1.0,1.0,1.0,1.0,1.0,1.0,1.0,1.0,1.0,1.0,1.0,1.0,1.0,0.36065573770491804,0.2644808743169399,0.2644808743169399,0.226775956284153,0.226775956284153,0.36065573770491804,0.36065573770491804,0.3442622950819672,0.5081967213114754,0.5737704918032787,0.7049180327868853,0.7540983606557377,0.3442622950819672
1.1,S1.1_I_3_S1toS2,ExtraTrees,123,61,61,"{'n_estimators': 100, 'max_depth': 10, 'min_samples_split': 2, 'min_samples_leaf': 1, 'max_features': 'sqrt', 'bootstrap': False, 'criterion': 'gini'}",scenario_results_scenarios_2025-12-21_165745_early_stop/extratrees_S1.1_I_3_S1toS2_2025-12-21_165745_seed123_early_stop.pkl,1.0,1.0,1.0,1.0,1.0,1.0,1.0,1.0,1.0,1.0,1.0,1.0,1.0,0.26229508196721313,0.20327868852459013,0.20327868852459013,0.1762295081967213,0.1762295081967213,0.26229508196721313,0.26229508196721313,0.29508196721311475,0.45901639344262296,0.5573770491803278,0.6557377049180327,0.7213114754098361,0.26229508196721313
1.1,S1.1_T_1_S1toS2,ExtraTrees,123,61,61,"{'n_estimators': 100, 'max_depth': 10, 'min_samples_split': 2, 'min_samples_leaf': 1, 'max_features': 'sqrt', 'bootstrap': False, 'criterion': 'gini'}",scenario_results_scenarios_2025-12-21_165745_early_stop/extratrees_S1.1_T_1_S1toS2_2025-12-21_165745_seed123_early_stop.pkl,1.0,1.0,1.0,1.0,1.0,1.0,1.0,1.0,1.0,1.0,1.0,1.0,1.0,0.3442622950819672,0.28688524590163933,0.28688524590163933,0.2622950819672131,0.2622950819672131,0.3442622950819672,0.3442622950819672,0.32786885245901637,0.4918032786885246,0.5901639344262295,0.6229508196721312,0.6721311475409836,0.32786885245901637
1.1,S1.1_T_2_S1toS2,ExtraTrees,123,61,61,"{'n_estimators': 100, 'max_depth': 10, 'min_samples_split': 2, 'min_samples_leaf': 1, 'max_features': 'sqrt', 'bootstrap': False, 'criterion': 'gini'}",scenario_results_scenarios_2025-12-21_165745_early_stop/extratrees_S1.1_T_2_S1toS2_2025-12-21_165745_seed123_early_stop.pkl,1.0,1.0,1.0,1.0,1.0,1.0,1.0,1.0,1.0,1.0,1.0,1.0,1.0,0.21311475409836064,0.16775956284153004,0.16775956284153004,0.14890710382513658,0.14890710382513658,0.21311475409836064,0.21311475409836064,0.19672131147540983,0.36065573770491804,0.45901639344262296,0.5737704918032787,0.6557377049180327,0.18032786885245902
1.1,S1.1_T_3_S1toS2,ExtraTrees,123,61,61,"{'n_estimators': 100, 'max_depth': 10, 'min_samples_split': 2, 'min_samples_leaf': 1, 'max_features': 'sqrt', 'bootstrap': False, 'criterion': 'gini'}",scenario_results_scenarios_2025-12-21_165745_early_stop/extratrees_S1.1_T_3_S1toS2_2025-12-21_165745_seed123_early_stop.pkl,1.0,1.0,1.0,1.0,1.0,1.0,1.0,1.0,1.0,1.0,1.0,1.0,1.0,0.3114754098360656,0.25409836065573765,0.25409836065573765,0.22950819672131148,0.22950819672131148,0.3114754098360656,0.3114754098360656,0.29508196721311475,0.45901639344262296,0.5409836065573771,0.6065573770491803,0.6885245901639344,0.29508196721311475
1.1,S1.1_F_1_S1toS2,RandomForest,456,61,61,"{'n_estimators': 100, 'max_depth': 10, 'min_samples_split': 2, 'min_samples_leaf': 1, 'max_features': 'sqrt', 'bootstrap': True}",scenario_results_scenarios_2025-12-21_165745_early_stop/randomforest_S1.1_F_1_S1toS2_2025-12-21_165745_seed456_early_stop.pkl,1.0,1.0,1.0,1.0,1.0,1.0,1.0,1.0,1.0,1.0,1.0,1.0,1.0,0.29508196721311475,0.21420765027322403,0.21420765027322403,0.18224043715846996,0.18224043715846996,0.29508196721311475,0.29508196721311475,0.26229508196721313,0.39344262295081966,0.45901639344262296,0.5573770491803278,0.5901639344262295,0.26229508196721313
1.1,S1.1_F_2_S1toS2,RandomForest,456,61,61,"{'n_estimators': 100, 'max_depth': 10, 'min_samples_split': 2, 'min_samples_leaf': 1, 'max_features': 'sqrt', 'bootstrap': True}",scenario_results_scenarios_2025-12-21_165745_early_stop/randomforest_S1.1_F_2_S1toS2_2025-12-21_165745_seed456_early_stop.pkl,1.0,1.0,1.0,1.0,1.0,1.0,1.0,1.0,1.0,1.0,1.0,1.0,1.0,0.22950819672131148,0.17158469945355193,0.17158469945355193,0.15027322404371585,0.15027322404371585,0.22950819672131148,0.22950819672131148,0.22950819672131148,0.3442622950819672,0.4426229508196721,0.5081967213114754,0.5737704918032787,0.22950819672131148
1.1,S1.1_F_3_S1toS2,RandomForest,456,61,61,"{'n_estimators': 100, 'max_depth': 10, 'min_samples_split': 2, 'min_samples_leaf': 1, 'max_features': 'sqrt', 'bootstrap': True}",scenario_results_scenarios_2025-12-21_165745_early_stop/randomforest_S1.1_F_3_S1toS2_2025-12-21_165745_seed456_early_stop.pkl,1.0,1.0,1.0,1.0,1.0,1.0,1.0,1.0,1.0,1.0,1.0,1.0,1.0,0.3114754098360656,0.22896174863387975,0.22896174863387975,0.19398907103825136,0.19398907103825136,0.3114754098360656,0.3114754098360656,0.32786885245901637,0.4262295081967213,0.4918032786885246,0.5737704918032787,0.6557377049180327,0.3114754098360656
1.1,S1.1_I_1_S1toS2,RandomForest,456,61,61,"{'n_estimators': 100, 'max_depth': 10, 'min_samples_split': 2, 'min_samples_leaf': 1, 'max_features': 'sqrt', 'bootstrap': True}",scenario_results_scenarios_2025-12-21_165745_early_stop/randomforest_S1.1_I_1_S1toS2_2025-12-21_165745_seed456_early_stop.pkl,1.0,1.0,1.0,1.0,1.0,1.0,1.0,1.0,1.0,1.0,1.0,1.0,1.0,0.11475409836065574,0.07213114754098361,0.07213114754098361,0.05928961748633879,0.05928961748633879,0.11475409836065574,0.11475409836065574,0.13114754098360656,0.3114754098360656,0.3770491803278688,0.4426229508196721,0.4918032786885246,0.08196721311475409
1.1,S1.1_I_2_S1toS2,RandomForest,456,61,61,"{'n_estimators': 100, 'max_depth': 10, 'min_samples_split': 2, 'min_samples_leaf': 1, 'max_features': 'sqrt', 'bootstrap': True}",scenario_results_scenarios_2025-12-21_165745_early_stop/randomforest_S1.1_I_2_S1toS2_2025-12-21_165745_seed456_early_stop.pkl,1.0,1.0,1.0,1.0,1.0,1.0,1.0,1.0,1.0,1.0,1.0,1.0,1.0,0.3114754098360656,0.22896174863387975,0.22896174863387975,0.1994535519125683,0.1994535519125683,0.3114754098360656,0.3114754098360656,0.32786885245901637,0.39344262295081966,0.47540983606557374,0.5409836065573771,0.5901639344262295,0.29508196721311475
1.1,S1.1_I_3_S1toS2,RandomForest,456,61,61,"{'n_estimators': 100, 'max_depth': 10, 'min_samples_split': 2, 'min_samples_leaf': 1, 'max_features': 'sqrt', 'bootstrap': True}",scenario_results_scenarios_2025-12-21_165745_early_stop/randomforest_S1.1_I_3_S1toS2_2025-12-21_165745_seed456_early_stop.pkl,1.0,1.0,1.0,1.0,1.0,1.0,1.0,1.0,1.0,1.0,1.0,1.0,1.0,0.3442622950819672,0.24808743169398903,0.24808743169398903,0.2076502732240437,0.2076502732240437,0.3442622950819672,0.3442622950819672,0.29508196721311475,0.47540983606557374,0.5901639344262295,0.6721311475409836,0.7049180327868853,0.29508196721311475
1.1,S1.1_T_1_S1toS2,RandomForest,456,61,61,"{'n_estimators': 100, 'max_depth': 10, 'min_samples_split': 2, 'min_samples_leaf': 1, 'max_features': 'sqrt', 'bootstrap': True}",scenario_results_scenarios_2025-12-21_165745_early_stop/randomforest_S1.1_T_1_S1toS2_2025-12-21_165745_seed456_early_stop.pkl,1.0,1.0,1.0,1.0,1.0,1.0,1.0,1.0,1.0,1.0,1.0,1.0,1.0,0.2459016393442623,0.1786885245901639,0.1786885245901639,0.15163934426229508,0.15163934426229508,0.2459016393442623,0.2459016393442623,0.2786885245901639,0.4262295081967213,0.5409836065573771,0.6065573770491803,0.6229508196721312,0.2459016393442623
1.1,S1.1_T_2_S1toS2,RandomForest,456,61,61,"{'n_estimators': 100, 'max_depth': 10, 'min_samples_split': 2, 'min_samples_leaf': 1, 'max_features': 'sqrt', 'bootstrap': True}",scenario_results_scenarios_2025-12-21_165745_early_stop/randomforest_S1.1_T_2_S1toS2_2025-12-21_165745_seed456_early_stop.pkl,1.0,1.0,1.0,1.0,1.0,1.0,1.0,1.0,1.0,1.0,1.0,1.0,1.0,0.19672131147540983,0.1612021857923497,0.1612021857923497,0.14808743169398908,0.14808743169398908,0.19672131147540983,0.19672131147540983,0.18032786885245902,0.39344262295081966,0.4918032786885246,0.5409836065573771,0.6065573770491803,0.18032786885245902
1.1,S1.1_T_3_S1toS2,RandomForest,456,61,61,"{'n_estimators': 100, 'max_depth': 10, 'min_samples_split': 2, 'min_samples_leaf': 1, 'max_features': 'sqrt', 'bootstrap': True}",scenario_results_scenarios_2025-12-21_165745_early_stop/randomforest_S1.1_T_3_S1toS2_2025-12-21_165745_seed456_early_stop.pkl,1.0,1.0,1.0,1.0,1.0,1.0,1.0,1.0,1.0,1.0,1.0,1.0,1.0,0.26229508196721313,0.19344262295081965,0.19344262295081965,0.16721311475409834,0.16721311475409834,0.26229508196721313,0.26229508196721313,0.26229508196721313,0.32786885245901637,0.47540983606557374,0.5081967213114754,0.5245901639344263,0.26229508196721313
1.1,S1.1_F_1_S1toS2,XGBoost,456,61,61,"{'n_estimators': 1000, 'max_depth': 4, 'learning_rate': 0.05, 'subsample': 0.8, 'colsample_bytree': 0.8, 'reg_lambda': 1, 'device': 'cuda'}",scenario_results_scenarios_2025-12-21_165745_early_stop/xgboost_S1.1_F_1_S1toS2_2025-12-21_165745_seed456_early_stop.pkl,0.01639344262295082,0.0005288207297726071,0.0005288207297726071,0.0002687449610319807,0.0002687449610319807,0.01639344262295082,0.01639344262295082,0.01639344262295082,0.03278688524590164,0.04918032786885246,0.06557377049180328,0.08196721311475409,0.0,0.01639344262295082,0.0005288207297726071,0.0005288207297726071,0.0002687449610319807,0.0002687449610319807,0.01639344262295082,0.01639344262295082,0.01639344262295082,0.03278688524590164,0.04918032786885246,0.06557377049180328,0.08196721311475409,0.0
1.1,S1.1_F_2_S1toS2,XGBoost,456,61,61,"{'n_estimators': 1000, 'max_depth': 4, 'learning_rate': 0.05, 'subsample': 0.8, 'colsample_bytree': 0.8, 'reg_lambda': 1, 'device': 'cuda'}",scenario_results_scenarios_2025-12-21_165745_early_stop/xgboost_S1.1_F_2_S1toS2_2025-12-21_165745_seed456_early_stop.pkl,0.01639344262295082,0.0005288207297726071,0.0005288207297726071,0.0002687449610319807,0.0002687449610319807,0.01639344262295082,0.01639344262295082,0.01639344262295082,0.03278688524590164,0.04918032786885246,0.06557377049180328,0.08196721311475409,0.0,0.01639344262295082,0.0005288207297726071,0.0005288207297726071,0.0002687449610319807,0.0002687449610319807,0.01639344262295082,0.01639344262295082,0.01639344262295082,0.03278688524590164,0.04918032786885246,0.06557377049180328,0.08196721311475409,0.0
1.1,S1.1_F_3_S1toS2,XGBoost,456,61,61,"{'n_estimators': 1000, 'max_depth': 4, 'learning_rate': 0.05, 'subsample': 0.8, 'colsample_bytree': 0.8, 'reg_lambda': 1, 'device': 'cuda'}",scenario_results_scenarios_2025-12-21_165745_early_stop/xgboost_S1.1_F_3_S1toS2_2025-12-21_165745_seed456_early_stop.pkl,0.01639344262295082,0.0005288207297726071,0.0005288207297726071,0.0002687449610319807,0.0002687449610319807,0.01639344262295082,0.01639344262295082,0.01639344262295082,0.03278688524590164,0.04918032786885246,0.06557377049180328,0.08196721311475409,0.0,0.01639344262295082,0.0005288207297726071,0.0005288207297726071,0.0002687449610319807,0.0002687449610319807,0.01639344262295082,0.01639344262295082,0.01639344262295082,0.03278688524590164,0.04918032786885246,0.06557377049180328,0.08196721311475409,0.0
1.1,S1.1_I_1_S1toS2,XGBoost,456,61,61,"{'n_estimators': 1000, 'max_depth': 4, 'learning_rate': 0.05, 'subsample': 0.8, 'colsample_bytree': 0.8, 'reg_lambda': 1, 'device': 'cuda'}",scenario_results_scenarios_2025-12-21_165745_early_stop/xgboost_S1.1_I_1_S1toS2_2025-12-21_165745_seed456_early_stop.pkl,0.01639344262295082,0.0005288207297726071,0.0005288207297726071,0.0002687449610319807,0.0002687449610319807,0.01639344262295082,0.01639344262295082,0.01639344262295082,0.03278688524590164,0.04918032786885246,0.06557377049180328,0.08196721311475409,0.0,0.01639344262295082,0.0005288207297726071,0.0005288207297726071,0.0002687449610319807,0.0002687449610319807,0.01639344262295082,0.01639344262295082,0.01639344262295082,0.03278688524590164,0.04918032786885246,0.06557377049180328,0.08196721311475409,0.0
1.1,S1.1_I_2_S1toS2,XGBoost,456,61,61,"{'n_estimators': 1000, 'max_depth': 4, 'learning_rate': 0.05, 'subsample': 0.8, 'colsample_bytree': 0.8, 'reg_lambda': 1, 'device': 'cuda'}",scenario_results_scenarios_2025-12-21_165745_early_stop/xgboost_S1.1_I_2_S1toS2_2025-12-21_165745_seed456_early_stop.pkl,0.01639344262295082,0.0005288207297726071,0.0005288207297726071,0.0002687449610319807,0.0002687449610319807,0.01639344262295082,0.01639344262295082,0.01639344262295082,0.03278688524590164,0.04918032786885246,0.06557377049180328,0.08196721311475409,0.0,0.01639344262295082,0.0005288207297726071,0.0005288207297726071,0.0002687449610319807,0.0002687449610319807,0.01639344262295082,0.01639344262295082,0.01639344262295082,0.03278688524590164,0.04918032786885246,0.06557377049180328,0.08196721311475409,0.0
1.1,S1.1_I_3_S1toS2,XGBoost,456,61,61,"{'n_estimators': 1000, 'max_depth': 4, 'learning_rate': 0.05, 'subsample': 0.8, 'colsample_bytree': 0.8, 'reg_lambda': 1, 'device': 'cuda'}",scenario_results_scenarios_2025-12-21_165745_early_stop/xgboost_S1.1_I_3_S1toS2_2025-12-21_165745_seed456_early_stop.pkl,0.01639344262295082,0.0005288207297726071,0.0005288207297726071,0.0002687449610319807,0.0002687449610319807,0.01639344262295082,0.01639344262295082,0.01639344262295082,0.03278688524590164,0.04918032786885246,0.06557377049180328,0.08196721311475409,0.0,0.01639344262295082,0.0005288207297726071,0.0005288207297726071,0.0002687449610319807,0.0002687449610319807,0.01639344262295082,0.01639344262295082,0.01639344262295082,0.03278688524590164,0.04918032786885246,0.06557377049180328,0.08196721311475409,0.0
1.1,S1.1_T_1_S1toS2,XGBoost,456,61,61,"{'n_estimators': 1000, 'max_depth': 4, 'learning_rate': 0.05, 'subsample': 0.8, 'colsample_bytree': 0.8, 'reg_lambda': 1, 'device': 'cuda'}",scenario_results_scenarios_2025-12-21_165745_early_stop/xgboost_S1.1_T_1_S1toS2_2025-12-21_165745_seed456_early_stop.pkl,0.01639344262295082,0.0005288207297726071,0.0005288207297726071,0.0002687449610319807,0.0002687449610319807,0.01639344262295082,0.01639344262295082,0.01639344262295082,0.03278688524590164,0.04918032786885246,0.06557377049180328,0.08196721311475409,0.0,0.01639344262295082,0.0005288207297726071,0.0005288207297726071,0.0002687449610319807,0.0002687449610319807,0.01639344262295082,0.01639344262295082,0.01639344262295082,0.03278688524590164,0.04918032786885246,0.06557377049180328,0.08196721311475409,0.0
1.1,S1.1_T_2_S1toS2,XGBoost,456,61,61,"{'n_estimators': 1000, 'max_depth': 4, 'learning_rate': 0.05, 'subsample': 0.8, 'colsample_bytree': 0.8, 'reg_lambda': 1, 'device': 'cuda'}",scenario_results_scenarios_2025-12-21_165745_early_stop/xgboost_S1.1_T_2_S1toS2_2025-12-21_165745_seed456_early_stop.pkl,0.01639344262295082,0.0005288207297726071,0.0005288207297726071,0.0002687449610319807,0.0002687449610319807,0.01639344262295082,0.01639344262295082,0.01639344262295082,0.03278688524590164,0.04918032786885246,0.06557377049180328,0.08196721311475409,0.0,0.01639344262295082,0.0005288207297726071,0.0005288207297726071,0.0002687449610319807,0.0002687449610319807,0.01639344262295082,0.01639344262295082,0.01639344262295082,0.03278688524590164,0.04918032786885246,0.06557377049180328,0.08196721311475409,0.0
1.1,S1.1_T_3_S1toS2,XGBoost,456,61,61,"{'n_estimators': 1000, 'max_depth': 4, 'learning_rate': 0.05, 'subsample': 0.8, 'colsample_bytree': 0.8, 'reg_lambda': 1, 'device': 'cuda'}",scenario_results_scenarios_2025-12-21_165745_early_stop/xgboost_S1.1_T_3_S1toS2_2025-12-21_165745_seed456_early_stop.pkl,0.01639344262295082,0.0005288207297726071,0.0005288207297726071,0.0002687449610319807,0.0002687449610319807,0.01639344262295082,0.01639344262295082,0.01639344262295082,0.03278688524590164,0.04918032786885246,0.06557377049180328,0.08196721311475409,0.0,0.01639344262295082,0.0005288207297726071,0.0005288207297726071,0.0002687449610319807,0.0002687449610319807,0.01639344262295082,0.01639344262295082,0.01639344262295082,0.03278688524590164,0.04918032786885246,0.06557377049180328,0.08196721311475409,0.0
1.1,S1.1_F_1_S1toS2,CatBoost,456,61,61,"{'iterations': 1000, 'depth': 4, 'learning_rate': 0.05, 'l2_leaf_reg': 1, 'border_count': 32}",scenario_results_scenarios_2025-12-21_165745_early_stop/catboost_S1.1_F_1_S1toS2_2025-12-21_165745_seed456_early_stop.pkl,1.0,1.0,1.0,1.0,1.0,1.0,1.0,1.0,1.0,1.0,1.0,1.0,1.0,0.26229508196721313,0.19508196721311474,0.19508196721311474,0.17185792349726778,0.17185792349726778,0.26229508196721313,0.26229508196721313,0.26229508196721313,0.45901639344262296,0.5245901639344263,0.6229508196721312,0.6557377049180327,0.26229508196721313
1.1,S1.1_F_2_S1toS2,CatBoost,456,61,61,"{'iterations': 1000, 'depth': 4, 'learning_rate': 0.05, 'l2_leaf_reg': 1, 'border_count': 32}",scenario_results_scenarios_2025-12-21_165745_early_stop/catboost_S1.1_F_2_S1toS2_2025-12-21_165745_seed456_early_stop.pkl,1.0,1.0,1.0,1.0,1.0,1.0,1.0,1.0,1.0,1.0,1.0,1.0,1.0,0.29508196721311475,0.21803278688524588,0.21803278688524588,0.18907103825136612,0.18907103825136612,0.29508196721311475,0.29508196721311475,0.29508196721311475,0.4426229508196721,0.5245901639344263,0.6229508196721312,0.7377049180327869,0.29508196721311475
1.1,S1.1_F_3_S1toS2,CatBoost,456,61,61,"{'iterations': 1000, 'depth': 4, 'learning_rate': 0.05, 'l2_leaf_reg': 1, 'border_count': 32}",scenario_results_scenarios_2025-12-21_165745_early_stop/catboost_S1.1_F_3_S1toS2_2025-12-21_165745_seed456_early_stop.pkl,1.0,1.0,1.0,1.0,1.0,1.0,1.0,1.0,1.0,1.0,1.0,1.0,1.0,0.3114754098360656,0.2423887587822014,0.2423887587822014,0.21639344262295085,0.21639344262295085,0.3114754098360656,0.3114754098360656,0.3114754098360656,0.4426229508196721,0.5737704918032787,0.6065573770491803,0.6557377049180327,0.3114754098360656
1.1,S1.1_I_1_S1toS2,CatBoost,456,61,61,"{'iterations': 1000, 'depth': 4, 'learning_rate': 0.05, 'l2_leaf_reg': 1, 'border_count': 32}",scenario_results_scenarios_2025-12-21_165745_early_stop/catboost_S1.1_I_1_S1toS2_2025-12-21_165745_seed456_early_stop.pkl,1.0,1.0,1.0,1.0,1.0,1.0,1.0,1.0,1.0,1.0,1.0,1.0,1.0,0.22950819672131148,0.18852459016393439,0.18852459016393439,0.1721311475409836,0.1721311475409836,0.22950819672131148,0.22950819672131148,0.22950819672131148,0.39344262295081966,0.4918032786885246,0.5737704918032787,0.5901639344262295,0.22950819672131148
1.1,S1.1_I_2_S1toS2,CatBoost,456,61,61,"{'iterations': 1000, 'depth': 4, 'learning_rate': 0.05, 'l2_leaf_reg': 1, 'border_count': 32}",scenario_results_scenarios_2025-12-21_165745_early_stop/catboost_S1.1_I_2_S1toS2_2025-12-21_165745_seed456_early_stop.pkl,1.0,1.0,1.0,1.0,1.0,1.0,1.0,1.0,1.0,1.0,1.0,1.0,1.0,0.3442622950819672,0.24972677595628412,0.24972677595628412,0.2144808743169399,0.2144808743169399,0.3442622950819672,0.3442622950819672,0.3442622950819672,0.4918032786885246,0.5901639344262295,0.6721311475409836,0.7377049180327869,0.3442622950819672
1.1,S1.1_I_3_S1toS2,CatBoost,456,61,61,"{'iterations': 1000, 'depth': 4, 'learning_rate': 0.05, 'l2_leaf_reg': 1, 'border_count': 32}",scenario_results_scenarios_2025-12-21_165745_early_stop/catboost_S1.1_I_3_S1toS2_2025-12-21_165745_seed456_early_stop.pkl,1.0,1.0,1.0,1.0,1.0,1.0,1.0,1.0,1.0,1.0,1.0,1.0,1.0,0.36065573770491804,0.253551912568306,0.253551912568306,0.21038251366120217,0.21038251366120217,0.36065573770491804,0.36065573770491804,0.36065573770491804,0.5573770491803278,0.6557377049180327,0.6721311475409836,0.7377049180327869,0.36065573770491804
1.1,S1.1_T_1_S1toS2,CatBoost,456,61,61,"{'iterations': 1000, 'depth': 4, 'learning_rate': 0.05, 'l2_leaf_reg': 1, 'border_count': 32}",scenario_results_scenarios_2025-12-21_165745_early_stop/catboost_S1.1_T_1_S1toS2_2025-12-21_165745_seed456_early_stop.pkl,1.0,1.0,1.0,1.0,1.0,1.0,1.0,1.0,1.0,1.0,1.0,1.0,1.0,0.36065573770491804,0.2907103825136612,0.2907103825136612,0.2609289617486339,0.2609289617486339,0.36065573770491804,0.36065573770491804,0.36065573770491804,0.5245901639344263,0.6557377049180327,0.7049180327868853,0.7868852459016393,0.36065573770491804
1.1,S1.1_T_2_S1toS2,CatBoost,456,61,61,"{'iterations': 1000, 'depth': 4, 'learning_rate': 0.05, 'l2_leaf_reg': 1, 'border_count': 32}",scenario_results_scenarios_2025-12-21_165745_early_stop/catboost_S1.1_T_2_S1toS2_2025-12-21_165745_seed456_early_stop.pkl,1.0,1.0,1.0,1.0,1.0,1.0,1.0,1.0,1.0,1.0,1.0,1.0,1.0,0.22950819672131148,0.15901639344262294,0.15901639344262294,0.13251366120218577,0.13251366120218577,0.22950819672131148,0.22950819672131148,0.22950819672131148,0.4098360655737705,0.5901639344262295,0.6229508196721312,0.6885245901639344,0.22950819672131148
1.1,S1.1_T_3_S1toS2,CatBoost,456,61,61,"{'iterations': 1000, 'depth': 4, 'learning_rate': 0.05, 'l2_leaf_reg': 1, 'border_count': 32}",scenario_results_scenarios_2025-12-21_165745_early_stop/catboost_S1.1_T_3_S1toS2_2025-12-21_165745_seed456_early_stop.pkl,1.0,1.0,1.0,1.0,1.0,1.0,1.0,1.0,1.0,1.0,1.0,1.0,1.0,0.22950819672131148,0.16010928961748633,0.16010928961748633,0.13934426229508196,0.13934426229508196,0.22950819672131148,0.22950819672131148,0.22950819672131148,0.39344262295081966,0.5245901639344263,0.5737704918032787,0.6229508196721312,0.22950819672131148
1.1,S1.1_F_1_S1toS2,NaiveBayes,456,61,61,"{'priors': None, 'var_smoothing': 1e-09}",scenario_results_scenarios_2025-12-21_165745_early_stop/naivebayes_S1.1_F_1_S1toS2_2025-12-21_165745_seed456_early_stop.pkl,1.0,1.0,1.0,1.0,1.0,1.0,1.0,1.0,1.0,1.0,1.0,1.0,1.0,0.11475409836065574,0.07650273224043715,0.07650273224043715,0.0633879781420765,0.0633879781420765,0.11475409836065574,0.11475409836065574,0.11475409836065574,0.13114754098360656,0.14754098360655737,0.16393442622950818,0.16393442622950818,0.11475409836065574
1.1,S1.1_F_2_S1toS2,NaiveBayes,456,61,61,"{'priors': None, 'var_smoothing': 1e-09}",scenario_results_scenarios_2025-12-21_165745_early_stop/naivebayes_S1.1_F_2_S1toS2_2025-12-21_165745_seed456_early_stop.pkl,1.0,1.0,1.0,1.0,1.0,1.0,1.0,1.0,1.0,1.0,1.0,1.0,1.0,0.11475409836065574,0.07049180327868852,0.07049180327868852,0.05792349726775956,0.05792349726775956,0.11475409836065574,0.11475409836065574,0.11475409836065574,0.13114754098360656,0.14754098360655737,0.16393442622950818,0.18032786885245902,0.11475409836065574
1.1,S1.1_F_3_S1toS2,NaiveBayes,456,61,61,"{'priors': None, 'var_smoothing': 1e-09}",scenario_results_scenarios_2025-12-21_165745_early_stop/naivebayes_S1.1_F_3_S1toS2_2025-12-21_165745_seed456_early_stop.pkl,1.0,1.0,1.0,1.0,1.0,1.0,1.0,1.0,1.0,1.0,1.0,1.0,1.0,0.18032786885245902,0.1284153005464481,0.1284153005464481,0.11311475409836066,0.11311475409836066,0.18032786885245902,0.18032786885245902,0.18032786885245902,0.19672131147540983,0.19672131147540983,0.21311475409836064,0.22950819672131148,0.18032786885245902
1.1,S1.1_I_1_S1toS2,NaiveBayes,456,61,61,"{'priors': None, 'var_smoothing': 1e-09}",scenario_results_scenarios_2025-12-21_165745_early_stop/naivebayes_S1.1_I_1_S1toS2_2025-12-21_165745_seed456_early_stop.pkl,1.0,1.0,1.0,1.0,1.0,1.0,1.0,1.0,1.0,1.0,1.0,1.0,1.0,0.26229508196721313,0.19867291178766588,0.19867291178766588,0.17814207650273228,0.17814207650273228,0.26229508196721313,0.26229508196721313,0.26229508196721313,0.2786885245901639,0.29508196721311475,0.3114754098360656,0.3114754098360656,0.26229508196721313
1.1,S1.1_I_2_S1toS2,NaiveBayes,456,61,61,"{'priors': None, 'var_smoothing': 1e-09}",scenario_results_scenarios_2025-12-21_165745_early_stop/naivebayes_S1.1_I_2_S1toS2_2025-12-21_165745_seed456_early_stop.pkl,1.0,1.0,1.0,1.0,1.0,1.0,1.0,1.0,1.0,1.0,1.0,1.0,1.0,0.16393442622950818,0.1098360655737705,0.1098360655737705,0.09153005464480873,0.09153005464480873,0.16393442622950818,0.16393442622950818,0.16393442622950818,0.16393442622950818,0.18032786885245902,0.19672131147540983,0.21311475409836064,0.16393442622950818
1.1,S1.1_I_3_S1toS2,NaiveBayes,456,61,61,"{'priors': None, 'var_smoothing': 1e-09}",scenario_results_scenarios_2025-12-21_165745_early_stop/naivebayes_S1.1_I_3_S1toS2_2025-12-21_165745_seed456_early_stop.pkl,1.0,1.0,1.0,1.0,1.0,1.0,1.0,1.0,1.0,1.0,1.0,1.0,1.0,0.2459016393442623,0.18306010928961747,0.18306010928961747,0.1557377049180328,0.1557377049180328,0.2459016393442623,0.2459016393442623,0.2459016393442623,0.26229508196721313,0.2786885245901639,0.29508196721311475,0.3114754098360656,0.2459016393442623
1.1,S1.1_T_1_S1toS2,NaiveBayes,456,61,61,"{'priors': None, 'var_smoothing': 1e-09}",scenario_results_scenarios_2025-12-21_165745_early_stop/naivebayes_S1.1_T_1_S1toS2_2025-12-21_165745_seed456_early_stop.pkl,1.0,1.0,1.0,1.0,1.0,1.0,1.0,1.0,1.0,1.0,1.0,1.0,1.0,0.14754098360655737,0.11038251366120219,0.11038251366120219,0.09699453551912568,0.09699453551912568,0.14754098360655737,0.14754098360655737,0.14754098360655737,0.16393442622950818,0.16393442622950818,0.18032786885245902,0.19672131147540983,0.14754098360655737
1.1,S1.1_T_2_S1toS2,NaiveBayes,456,61,61,"{'priors': None, 'var_smoothing': 1e-09}",scenario_results_scenarios_2025-12-21_165745_early_stop/naivebayes_S1.1_T_2_S1toS2_2025-12-21_165745_seed456_early_stop.pkl,1.0,1.0,1.0,1.0,1.0,1.0,1.0,1.0,1.0,1.0,1.0,1.0,1.0,0.19672131147540983,0.13661202185792348,0.13661202185792348,0.11530054644808742,0.11530054644808742,0.19672131147540983,0.19672131147540983,0.19672131147540983,0.21311475409836064,0.22950819672131148,0.22950819672131148,0.2459016393442623,0.19672131147540983
1.1,S1.1_T_3_S1toS2,NaiveBayes,456,61,61,"{'priors': None, 'var_smoothing': 1e-09}",scenario_results_scenarios_2025-12-21_165745_early_stop/naivebayes_S1.1_T_3_S1toS2_2025-12-21_165745_seed456_early_stop.pkl,1.0,1.0,1.0,1.0,1.0,1.0,1.0,1.0,1.0,1.0,1.0,1.0,1.0,0.16393442622950818,0.10601092896174863,0.10601092896174863,0.08469945355191257,0.08469945355191257,0.16393442622950818,0.16393442622950818,0.16393442622950818,0.18032786885245902,0.19672131147540983,0.19672131147540983,0.21311475409836064,0.16393442622950818
1.1,S1.1_F_1_S1toS2,LightGBM,456,61,61,"{'n_estimators': 100, 'max_depth': 6, 'learning_rate': 0.05, 'num_leaves': 31, 'min_child_samples': 20}",scenario_results_scenarios_2025-12-21_165745_early_stop/lightgbm_S1.1_F_1_S1toS2_2025-12-21_165745_seed456_early_stop.pkl,1.0,1.0,1.0,1.0,1.0,1.0,1.0,1.0,1.0,1.0,1.0,1.0,1.0,0.06557377049180328,0.05027322404371584,0.05027322404371584,0.045081967213114756,0.045081967213114756,0.06557377049180328,0.06557377049180328,0.06557377049180328,0.22950819672131148,0.2786885245901639,0.39344262295081966,0.4262295081967213,0.06557377049180328
1.1,S1.1_F_2_S1toS2,LightGBM,456,61,61,"{'n_estimators': 100, 'max_depth': 6, 'learning_rate': 0.05, 'num_leaves': 31, 'min_child_samples': 20}",scenario_results_scenarios_2025-12-21_165745_early_stop/lightgbm_S1.1_F_2_S1toS2_2025-12-21_165745_seed456_early_stop.pkl,1.0,1.0,1.0,1.0,1.0,1.0,1.0,1.0,1.0,1.0,1.0,1.0,1.0,0.14754098360655737,0.1087431693989071,0.1087431693989071,0.09562841530054644,0.09562841530054644,0.14754098360655737,0.14754098360655737,0.14754098360655737,0.21311475409836064,0.3114754098360656,0.3770491803278688,0.4262295081967213,0.14754098360655737
1.1,S1.1_F_3_S1toS2,LightGBM,456,61,61,"{'n_estimators': 100, 'max_depth': 6, 'learning_rate': 0.05, 'num_leaves': 31, 'min_child_samples': 20}",scenario_results_scenarios_2025-12-21_165745_early_stop/lightgbm_S1.1_F_3_S1toS2_2025-12-21_165745_seed456_early_stop.pkl,1.0,1.0,1.0,1.0,1.0,1.0,1.0,1.0,1.0,1.0,1.0,1.0,1.0,0.26229508196721313,0.18688524590163935,0.18688524590163935,0.16038251366120215,0.16038251366120215,0.26229508196721313,0.26229508196721313,0.26229508196721313,0.3442622950819672,0.4262295081967213,0.4426229508196721,0.4918032786885246,0.26229508196721313
1.1,S1.1_I_1_S1toS2,LightGBM,456,61,61,"{'n_estimators': 100, 'max_depth': 6, 'learning_rate': 0.05, 'num_leaves': 31, 'min_child_samples': 20}",scenario_results_scenarios_2025-12-21_165745_early_stop/lightgbm_S1.1_I_1_S1toS2_2025-12-21_165745_seed456_early_stop.pkl,1.0,1.0,1.0,1.0,1.0,1.0,1.0,1.0,1.0,1.0,1.0,1.0,1.0,0.08196721311475409,0.058469945355191254,0.058469945355191254,0.05054644808743169,0.05054644808743169,0.08196721311475409,0.08196721311475409,0.08196721311475409,0.16393442622950818,0.22950819672131148,0.32786885245901637,0.36065573770491804,0.08196721311475409
1.1,S1.1_I_2_S1toS2,LightGBM,456,61,61,"{'n_estimators': 100, 'max_depth': 6, 'learning_rate': 0.05, 'num_leaves': 31, 'min_child_samples': 20}",scenario_results_scenarios_2025-12-21_165745_early_stop/lightgbm_S1.1_I_2_S1toS2_2025-12-21_165745_seed456_early_stop.pkl,1.0,1.0,1.0,1.0,1.0,1.0,1.0,1.0,1.0,1.0,1.0,1.0,1.0,0.16393442622950818,0.14043715846994534,0.14043715846994534,0.1325136612021858,0.1325136612021858,0.16393442622950818,0.16393442622950818,0.16393442622950818,0.32786885245901637,0.4098360655737705,0.4918032786885246,0.5409836065573771,0.16393442622950818
1.1,S1.1_I_3_S1toS2,LightGBM,456,61,61,"{'n_estimators': 100, 'max_depth': 6, 'learning_rate': 0.05, 'num_leaves': 31, 'min_child_samples': 20}",scenario_results_scenarios_2025-12-21_165745_early_stop/lightgbm_S1.1_I_3_S1toS2_2025-12-21_165745_seed456_early_stop.pkl,1.0,1.0,1.0,1.0,1.0,1.0,1.0,1.0,1.0,1.0,1.0,1.0,1.0,0.21311475409836064,0.15846994535519124,0.15846994535519124,0.13989071038251366,0.13989071038251366,0.21311475409836064,0.21311475409836064,0.21311475409836064,0.3114754098360656,0.47540983606557374,0.4918032786885246,0.6065573770491803,0.21311475409836064
1.1,S1.1_T_1_S1toS2,LightGBM,456,61,61,"{'n_estimators': 100, 'max_depth': 6, 'learning_rate': 0.05, 'num_leaves': 31, 'min_child_samples': 20}",scenario_results_scenarios_2025-12-21_165745_early_stop/lightgbm_S1.1_T_1_S1toS2_2025-12-21_165745_seed456_early_stop.pkl,1.0,1.0,1.0,1.0,1.0,1.0,1.0,1.0,1.0,1.0,1.0,1.0,1.0,0.14754098360655737,0.09016393442622951,0.09016393442622951,0.06830601092896174,0.06830601092896174,0.14754098360655737,0.14754098360655737,0.14754098360655737,0.32786885245901637,0.39344262295081966,0.4426229508196721,0.5245901639344263,0.14754098360655737
1.1,S1.1_T_2_S1toS2,LightGBM,456,61,61,"{'n_estimators': 100, 'max_depth': 6, 'learning_rate': 0.05, 'num_leaves': 31, 'min_child_samples': 20}",scenario_results_scenarios_2025-12-21_165745_early_stop/lightgbm_S1.1_T_2_S1toS2_2025-12-21_165745_seed456_early_stop.pkl,1.0,1.0,1.0,1.0,1.0,1.0,1.0,1.0,1.0,1.0,1.0,1.0,1.0,0.11475409836065574,0.08306010928961748,0.08306010928961748,0.07240437158469946,0.07240437158469946,0.11475409836065574,0.11475409836065574,0.11475409836065574,0.16393442622950818,0.26229508196721313,0.32786885245901637,0.36065573770491804,0.11475409836065574
1.1,S1.1_T_3_S1toS2,LightGBM,456,61,61,"{'n_estimators': 100, 'max_depth': 6, 'learning_rate': 0.05, 'num_leaves': 31, 'min_child_samples': 20}",scenario_results_scenarios_2025-12-21_165745_early_stop/lightgbm_S1.1_T_3_S1toS2_2025-12-21_165745_seed456_early_stop.pkl,1.0,1.0,1.0,1.0,1.0,1.0,1.0,1.0,1.0,1.0,1.0,1.0,1.0,0.14754098360655737,0.10218579234972676,0.10218579234972676,0.0866120218579235,0.0866120218579235,0.14754098360655737,0.14754098360655737,0.14754098360655737,0.2459016393442623,0.2786885245901639,0.3770491803278688,0.4262295081967213,0.14754098360655737
1.1,S1.1_F_1_S1toS2,ExtraTrees,456,61,61,"{'n_estimators': 100, 'max_depth': 10, 'min_samples_split': 2, 'min_samples_leaf': 1, 'max_features': 'sqrt', 'bootstrap': False, 'criterion': 'gini'}",scenario_results_scenarios_2025-12-21_165745_early_stop/extratrees_S1.1_F_1_S1toS2_2025-12-21_165745_seed456_early_stop.pkl,1.0,1.0,1.0,1.0,1.0,1.0,1.0,1.0,1.0,1.0,1.0,1.0,1.0,0.3442622950819672,0.26775956284153,0.26775956284153,0.23770491803278687,0.23770491803278687,0.3442622950819672,0.3442622950819672,0.3442622950819672,0.45901639344262296,0.6065573770491803,0.6885245901639344,0.7704918032786885,0.32786885245901637
1.1,S1.1_F_2_S1toS2,ExtraTrees,456,61,61,"{'n_estimators': 100, 'max_depth': 10, 'min_samples_split': 2, 'min_samples_leaf': 1, 'max_features': 'sqrt', 'bootstrap': False, 'criterion': 'gini'}",scenario_results_scenarios_2025-12-21_165745_early_stop/extratrees_S1.1_F_2_S1toS2_2025-12-21_165745_seed456_early_stop.pkl,1.0,1.0,1.0,1.0,1.0,1.0,1.0,1.0,1.0,1.0,1.0,1.0,1.0,0.3114754098360656,0.23879781420765023,0.23879781420765023,0.20901639344262296,0.20901639344262296,0.3114754098360656,0.3114754098360656,0.29508196721311475,0.4262295081967213,0.5573770491803278,0.639344262295082,0.6557377049180327,0.29508196721311475
1.1,S1.1_F_3_S1toS2,ExtraTrees,456,61,61,"{'n_estimators': 100, 'max_depth': 10, 'min_samples_split': 2, 'min_samples_leaf': 1, 'max_features': 'sqrt', 'bootstrap': False, 'criterion': 'gini'}",scenario_results_scenarios_2025-12-21_165745_early_stop/extratrees_S1.1_F_3_S1toS2_2025-12-21_165745_seed456_early_stop.pkl,1.0,1.0,1.0,1.0,1.0,1.0,1.0,1.0,1.0,1.0,1.0,1.0,1.0,0.3114754098360656,0.2442622950819672,0.2442622950819672,0.21775956284153006,0.21775956284153006,0.3114754098360656,0.3114754098360656,0.29508196721311475,0.4918032786885246,0.5901639344262295,0.7049180327868853,0.7540983606557377,0.2786885245901639
1.1,S1.1_I_1_S1toS2,ExtraTrees,456,61,61,"{'n_estimators': 100, 'max_depth': 10, 'min_samples_split': 2, 'min_samples_leaf': 1, 'max_features': 'sqrt', 'bootstrap': False, 'criterion': 'gini'}",scenario_results_scenarios_2025-12-21_165745_early_stop/extratrees_S1.1_I_1_S1toS2_2025-12-21_165745_seed456_early_stop.pkl,1.0,1.0,1.0,1.0,1.0,1.0,1.0,1.0,1.0,1.0,1.0,1.0,1.0,0.26229508196721313,0.1923497267759563,0.1923497267759563,0.1685792349726776,0.1685792349726776,0.26229508196721313,0.26229508196721313,0.2786885245901639,0.4098360655737705,0.5409836065573771,0.6065573770491803,0.6229508196721312,0.26229508196721313
1.1,S1.1_I_2_S1toS2,ExtraTrees,456,61,61,"{'n_estimators': 100, 'max_depth': 10, 'min_samples_split': 2, 'min_samples_leaf': 1, 'max_features': 'sqrt', 'bootstrap': False, 'criterion': 'gini'}",scenario_results_scenarios_2025-12-21_165745_early_stop/extratrees_S1.1_I_2_S1toS2_2025-12-21_165745_seed456_early_stop.pkl,1.0,1.0,1.0,1.0,1.0,1.0,1.0,1.0,1.0,1.0,1.0,1.0,1.0,0.32786885245901637,0.2524590163934426,0.2524590163934426,0.2226775956284153,0.2226775956284153,0.32786885245901637,0.32786885245901637,0.32786885245901637,0.5409836065573771,0.6065573770491803,0.7213114754098361,0.7704918032786885,0.32786885245901637
1.1,S1.1_I_3_S1toS2,ExtraTrees,456,61,61,"{'n_estimators': 100, 'max_depth': 10, 'min_samples_split': 2, 'min_samples_leaf': 1, 'max_features': 'sqrt', 'bootstrap': False, 'criterion': 'gini'}",scenario_results_scenarios_2025-12-21_165745_early_stop/extratrees_S1.1_I_3_S1toS2_2025-12-21_165745_seed456_early_stop.pkl,1.0,1.0,1.0,1.0,1.0,1.0,1.0,1.0,1.0,1.0,1.0,1.0,1.0,0.4098360655737705,0.30273224043715846,0.30273224043715846,0.2568306010928962,0.2568306010928962,0.4098360655737705,0.4098360655737705,0.4098360655737705,0.5409836065573771,0.6229508196721312,0.639344262295082,0.6885245901639344,0.3770491803278688
1.1,S1.1_T_1_S1toS2,ExtraTrees,456,61,61,"{'n_estimators': 100, 'max_depth': 10, 'min_samples_split': 2, 'min_samples_leaf': 1, 'max_features': 'sqrt', 'bootstrap': False, 'criterion': 'gini'}",scenario_results_scenarios_2025-12-21_165745_early_stop/extratrees_S1.1_T_1_S1toS2_2025-12-21_165745_seed456_early_stop.pkl,1.0,1.0,1.0,1.0,1.0,1.0,1.0,1.0,1.0,1.0,1.0,1.0,1.0,0.3770491803278688,0.30437158469945347,0.30437158469945347,0.2751366120218579,0.2751366120218579,0.3770491803278688,0.3770491803278688,0.3770491803278688,0.5409836065573771,0.6065573770491803,0.7049180327868853,0.7377049180327869,0.36065573770491804
1.1,S1.1_T_2_S1toS2,ExtraTrees,456,61,61,"{'n_estimators': 100, 'max_depth': 10, 'min_samples_split': 2, 'min_samples_leaf': 1, 'max_features': 'sqrt', 'bootstrap': False, 'criterion': 'gini'}",scenario_results_scenarios_2025-12-21_165745_early_stop/extratrees_S1.1_T_2_S1toS2_2025-12-21_165745_seed456_early_stop.pkl,1.0,1.0,1.0,1.0,1.0,1.0,1.0,1.0,1.0,1.0,1.0,1.0,1.0,0.26229508196721313,0.20983606557377046,0.20983606557377046,0.1912568306010929,0.1912568306010929,0.26229508196721313,0.26229508196721313,0.2786885245901639,0.4262295081967213,0.5409836065573771,0.6229508196721312,0.6721311475409836,0.26229508196721313
1.1,S1.1_T_3_S1toS2,ExtraTrees,456,61,61,"{'n_estimators': 100, 'max_depth': 10, 'min_samples_split': 2, 'min_samples_leaf': 1, 'max_features': 'sqrt', 'bootstrap': False, 'criterion': 'gini'}",scenario_results_scenarios_2025-12-21_165745_early_stop/extratrees_S1.1_T_3_S1toS2_2025-12-21_165745_seed456_early_stop.pkl,1.0,1.0,1.0,1.0,1.0,1.0,1.0,1.0,1.0,1.0,1.0,1.0,1.0,0.39344262295081966,0.30601092896174864,0.30601092896174864,0.27049180327868855,0.27049180327868855,0.39344262295081966,0.39344262295081966,0.3442622950819672,0.45901639344262296,0.6065573770491803,0.6065573770491803,0.639344262295082,0.3442622950819672
1.2,S1.2_F_1_S2toS1,RandomForest,42,61,61,"{'n_estimators': 100, 'max_depth': 10, 'min_samples_split': 2, 'min_samples_leaf': 1, 'max_features': 'sqrt', 'bootstrap': True}",scenario_results_scenarios_2025-12-21_165745_early_stop/randomforest_S1.2_F_1_S2toS1_2025-12-21_165745_seed42_early_stop.pkl,1.0,1.0,1.0,1.0,1.0,1.0,1.0,1.0,1.0,1.0,1.0,1.0,1.0,0.18032786885245902,0.14043715846994534,0.14043715846994534,0.12431693989071038,0.12431693989071038,0.18032786885245902,0.18032786885245902,0.18032786885245902,0.29508196721311475,0.4098360655737705,0.5409836065573771,0.6229508196721312,0.16393442622950818
1.2,S1.2_F_2_S2toS1,RandomForest,42,61,61,"{'n_estimators': 100, 'max_depth': 10, 'min_samples_split': 2, 'min_samples_leaf': 1, 'max_features': 'sqrt', 'bootstrap': True}",scenario_results_scenarios_2025-12-21_165745_early_stop/randomforest_S1.2_F_2_S2toS1_2025-12-21_165745_seed42_early_stop.pkl,1.0,1.0,1.0,1.0,1.0,1.0,1.0,1.0,1.0,1.0,1.0,1.0,1.0,0.2459016393442623,0.19781420765027322,0.19781420765027322,0.1762295081967213,0.1762295081967213,0.2459016393442623,0.2459016393442623,0.22950819672131148,0.4098360655737705,0.5409836065573771,0.6065573770491803,0.6557377049180327,0.21311475409836064
1.2,S1.2_F_3_S2toS1,RandomForest,42,61,61,"{'n_estimators': 100, 'max_depth': 10, 'min_samples_split': 2, 'min_samples_leaf': 1, 'max_features': 'sqrt', 'bootstrap': True}",scenario_results_scenarios_2025-12-21_165745_early_stop/randomforest_S1.2_F_3_S2toS1_2025-12-21_165745_seed42_early_stop.pkl,1.0,1.0,1.0,1.0,1.0,1.0,1.0,1.0,1.0,1.0,1.0,1.0,1.0,0.3770491803278688,0.319672131147541,0.319672131147541,0.29234972677595633,0.29234972677595633,0.3770491803278688,0.3770491803278688,0.36065573770491804,0.45901639344262296,0.5409836065573771,0.6229508196721312,0.6721311475409836,0.3442622950819672
1.2,S1.2_I_1_S2toS1,RandomForest,42,61,61,"{'n_estimators': 100, 'max_depth': 10, 'min_samples_split': 2, 'min_samples_leaf': 1, 'max_features': 'sqrt', 'bootstrap': True}",scenario_results_scenarios_2025-12-21_165745_early_stop/randomforest_S1.2_I_1_S2toS1_2025-12-21_165745_seed42_early_stop.pkl,1.0,1.0,1.0,1.0,1.0,1.0,1.0,1.0,1.0,1.0,1.0,1.0,1.0,0.19672131147540983,0.1469945355191257,0.1469945355191257,0.1284153005464481,0.1284153005464481,0.19672131147540983,0.19672131147540983,0.18032786885245902,0.3114754098360656,0.39344262295081966,0.45901639344262296,0.4918032786885246,0.18032786885245902
1.2,S1.2_I_2_S2toS1,RandomForest,42,61,61,"{'n_estimators': 100, 'max_depth': 10, 'min_samples_split': 2, 'min_samples_leaf': 1, 'max_features': 'sqrt', 'bootstrap': True}",scenario_results_scenarios_2025-12-21_165745_early_stop/randomforest_S1.2_I_2_S2toS1_2025-12-21_165745_seed42_early_stop.pkl,1.0,1.0,1.0,1.0,1.0,1.0,1.0,1.0,1.0,1.0,1.0,1.0,1.0,0.22950819672131148,0.1759562841530055,0.1759562841530055,0.157103825136612,0.157103825136612,0.22950819672131148,0.22950819672131148,0.21311475409836064,0.39344262295081966,0.5081967213114754,0.639344262295082,0.7213114754098361,0.21311475409836064
1.2,S1.2_I_3_S2toS1,RandomForest,42,61,61,"{'n_estimators': 100, 'max_depth': 10, 'min_samples_split': 2, 'min_samples_leaf': 1, 'max_features': 'sqrt', 'bootstrap': True}",scenario_results_scenarios_2025-12-21_165745_early_stop/randomforest_S1.2_I_3_S2toS1_2025-12-21_165745_seed42_early_stop.pkl,1.0,1.0,1.0,1.0,1.0,1.0,1.0,1.0,1.0,1.0,1.0,1.0,1.0,0.26229508196721313,0.21038251366120217,0.21038251366120217,0.1885245901639344,0.1885245901639344,0.26229508196721313,0.26229508196721313,0.22950819672131148,0.4098360655737705,0.4918032786885246,0.5901639344262295,0.639344262295082,0.22950819672131148
1.2,S1.2_T_1_S2toS1,RandomForest,42,61,61,"{'n_estimators': 100, 'max_depth': 10, 'min_samples_split': 2, 'min_samples_leaf': 1, 'max_features': 'sqrt', 'bootstrap': True}",scenario_results_scenarios_2025-12-21_165745_early_stop/randomforest_S1.2_T_1_S2toS1_2025-12-21_165745_seed42_early_stop.pkl,1.0,1.0,1.0,1.0,1.0,1.0,1.0,1.0,1.0,1.0,1.0,1.0,1.0,0.29508196721311475,0.21693989071038247,0.21693989071038247,0.18715846994535518,0.18715846994535518,0.29508196721311475,0.29508196721311475,0.26229508196721313,0.4262295081967213,0.5409836065573771,0.6065573770491803,0.6557377049180327,0.2459016393442623
1.2,S1.2_T_2_S2toS1,RandomForest,42,61,61,"{'n_estimators': 100, 'max_depth': 10, 'min_samples_split': 2, 'min_samples_leaf': 1, 'max_features': 'sqrt', 'bootstrap': True}",scenario_results_scenarios_2025-12-21_165745_early_stop/randomforest_S1.2_T_2_S2toS1_2025-12-21_165745_seed42_early_stop.pkl,1.0,1.0,1.0,1.0,1.0,1.0,1.0,1.0,1.0,1.0,1.0,1.0,1.0,0.21311475409836064,0.14754098360655735,0.14754098360655735,0.12295081967213113,0.12295081967213113,0.21311475409836064,0.21311475409836064,0.22950819672131148,0.3442622950819672,0.4918032786885246,0.6065573770491803,0.6721311475409836,0.18032786885245902
1.2,S1.2_T_3_S2toS1,RandomForest,42,61,61,"{'n_estimators': 100, 'max_depth': 10, 'min_samples_split': 2, 'min_samples_leaf': 1, 'max_features': 'sqrt', 'bootstrap': True}",scenario_results_scenarios_2025-12-21_165745_early_stop/randomforest_S1.2_T_3_S2toS1_2025-12-21_165745_seed42_early_stop.pkl,1.0,1.0,1.0,1.0,1.0,1.0,1.0,1.0,1.0,1.0,1.0,1.0,1.0,0.16393442622950818,0.1174863387978142,0.1174863387978142,0.10163934426229507,0.10163934426229507,0.16393442622950818,0.16393442622950818,0.16393442622950818,0.3442622950819672,0.45901639344262296,0.5409836065573771,0.6065573770491803,0.14754098360655737
1.2,S1.2_F_1_S2toS1,XGBoost,42,61,61,"{'n_estimators': 1000, 'max_depth': 4, 'learning_rate': 0.05, 'subsample': 0.8, 'colsample_bytree': 0.8, 'reg_lambda': 1, 'device': 'cuda'}",scenario_results_scenarios_2025-12-21_165745_early_stop/xgboost_S1.2_F_1_S2toS1_2025-12-21_165745_seed42_early_stop.pkl,0.01639344262295082,0.0005288207297726071,0.0005288207297726071,0.0002687449610319807,0.0002687449610319807,0.01639344262295082,0.01639344262295082,0.01639344262295082,0.03278688524590164,0.04918032786885246,0.06557377049180328,0.08196721311475409,0.0,0.01639344262295082,0.0005288207297726071,0.0005288207297726071,0.0002687449610319807,0.0002687449610319807,0.01639344262295082,0.01639344262295082,0.01639344262295082,0.03278688524590164,0.04918032786885246,0.06557377049180328,0.08196721311475409,0.0
1.2,S1.2_F_2_S2toS1,XGBoost,42,61,61,"{'n_estimators': 1000, 'max_depth': 4, 'learning_rate': 0.05, 'subsample': 0.8, 'colsample_bytree': 0.8, 'reg_lambda': 1, 'device': 'cuda'}",scenario_results_scenarios_2025-12-21_165745_early_stop/xgboost_S1.2_F_2_S2toS1_2025-12-21_165745_seed42_early_stop.pkl,0.01639344262295082,0.0005288207297726071,0.0005288207297726071,0.0002687449610319807,0.0002687449610319807,0.01639344262295082,0.01639344262295082,0.01639344262295082,0.03278688524590164,0.04918032786885246,0.06557377049180328,0.08196721311475409,0.0,0.01639344262295082,0.0005288207297726071,0.0005288207297726071,0.0002687449610319807,0.0002687449610319807,0.01639344262295082,0.01639344262295082,0.01639344262295082,0.03278688524590164,0.04918032786885246,0.06557377049180328,0.08196721311475409,0.0
1.2,S1.2_F_3_S2toS1,XGBoost,42,61,61,"{'n_estimators': 1000, 'max_depth': 4, 'learning_rate': 0.05, 'subsample': 0.8, 'colsample_bytree': 0.8, 'reg_lambda': 1, 'device': 'cuda'}",scenario_results_scenarios_2025-12-21_165745_early_stop/xgboost_S1.2_F_3_S2toS1_2025-12-21_165745_seed42_early_stop.pkl,0.01639344262295082,0.0005288207297726071,0.0005288207297726071,0.0002687449610319807,0.0002687449610319807,0.01639344262295082,0.01639344262295082,0.01639344262295082,0.03278688524590164,0.04918032786885246,0.06557377049180328,0.08196721311475409,0.0,0.01639344262295082,0.0005288207297726071,0.0005288207297726071,0.0002687449610319807,0.0002687449610319807,0.01639344262295082,0.01639344262295082,0.01639344262295082,0.03278688524590164,0.04918032786885246,0.06557377049180328,0.08196721311475409,0.0
1.2,S1.2_I_1_S2toS1,XGBoost,42,61,61,"{'n_estimators': 1000, 'max_depth': 4, 'learning_rate': 0.05, 'subsample': 0.8, 'colsample_bytree': 0.8, 'reg_lambda': 1, 'device': 'cuda'}",scenario_results_scenarios_2025-12-21_165745_early_stop/xgboost_S1.2_I_1_S2toS1_2025-12-21_165745_seed42_early_stop.pkl,0.01639344262295082,0.0005288207297726071,0.0005288207297726071,0.0002687449610319807,0.0002687449610319807,0.01639344262295082,0.01639344262295082,0.01639344262295082,0.03278688524590164,0.04918032786885246,0.06557377049180328,0.08196721311475409,0.0,0.01639344262295082,0.0005288207297726071,0.0005288207297726071,0.0002687449610319807,0.0002687449610319807,0.01639344262295082,0.01639344262295082,0.01639344262295082,0.03278688524590164,0.04918032786885246,0.06557377049180328,0.08196721311475409,0.0
1.2,S1.2_I_2_S2toS1,XGBoost,42,61,61,"{'n_estimators': 1000, 'max_depth': 4, 'learning_rate': 0.05, 'subsample': 0.8, 'colsample_bytree': 0.8, 'reg_lambda': 1, 'device': 'cuda'}",scenario_results_scenarios_2025-12-21_165745_early_stop/xgboost_S1.2_I_2_S2toS1_2025-12-21_165745_seed42_early_stop.pkl,0.01639344262295082,0.0005288207297726071,0.0005288207297726071,0.0002687449610319807,0.0002687449610319807,0.01639344262295082,0.01639344262295082,0.01639344262295082,0.03278688524590164,0.04918032786885246,0.06557377049180328,0.08196721311475409,0.0,0.01639344262295082,0.0005288207297726071,0.0005288207297726071,0.0002687449610319807,0.0002687449610319807,0.01639344262295082,0.01639344262295082,0.01639344262295082,0.03278688524590164,0.04918032786885246,0.06557377049180328,0.08196721311475409,0.0
1.2,S1.2_I_3_S2toS1,XGBoost,42,61,61,"{'n_estimators': 1000, 'max_depth': 4, 'learning_rate': 0.05, 'subsample': 0.8, 'colsample_bytree': 0.8, 'reg_lambda': 1, 'device': 'cuda'}",scenario_results_scenarios_2025-12-21_165745_early_stop/xgboost_S1.2_I_3_S2toS1_2025-12-21_165745_seed42_early_stop.pkl,0.01639344262295082,0.0005288207297726071,0.0005288207297726071,0.0002687449610319807,0.0002687449610319807,0.01639344262295082,0.01639344262295082,0.01639344262295082,0.03278688524590164,0.04918032786885246,0.06557377049180328,0.08196721311475409,0.0,0.01639344262295082,0.0005288207297726071,0.0005288207297726071,0.0002687449610319807,0.0002687449610319807,0.01639344262295082,0.01639344262295082,0.01639344262295082,0.03278688524590164,0.04918032786885246,0.06557377049180328,0.08196721311475409,0.0
1.2,S1.2_T_1_S2toS1,XGBoost,42,61,61,"{'n_estimators': 1000, 'max_depth': 4, 'learning_rate': 0.05, 'subsample': 0.8, 'colsample_bytree': 0.8, 'reg_lambda': 1, 'device': 'cuda'}",scenario_results_scenarios_2025-12-21_165745_early_stop/xgboost_S1.2_T_1_S2toS1_2025-12-21_165745_seed42_early_stop.pkl,0.01639344262295082,0.0005288207297726071,0.0005288207297726071,0.0002687449610319807,0.0002687449610319807,0.01639344262295082,0.01639344262295082,0.01639344262295082,0.03278688524590164,0.04918032786885246,0.06557377049180328,0.08196721311475409,0.0,0.01639344262295082,0.0005288207297726071,0.0005288207297726071,0.0002687449610319807,0.0002687449610319807,0.01639344262295082,0.01639344262295082,0.01639344262295082,0.03278688524590164,0.04918032786885246,0.06557377049180328,0.08196721311475409,0.0
1.2,S1.2_T_2_S2toS1,XGBoost,42,61,61,"{'n_estimators': 1000, 'max_depth': 4, 'learning_rate': 0.05, 'subsample': 0.8, 'colsample_bytree': 0.8, 'reg_lambda': 1, 'device': 'cuda'}",scenario_results_scenarios_2025-12-21_165745_early_stop/xgboost_S1.2_T_2_S2toS1_2025-12-21_165745_seed42_early_stop.pkl,0.01639344262295082,0.0005288207297726071,0.0005288207297726071,0.0002687449610319807,0.0002687449610319807,0.01639344262295082,0.01639344262295082,0.01639344262295082,0.03278688524590164,0.04918032786885246,0.06557377049180328,0.08196721311475409,0.0,0.01639344262295082,0.0005288207297726071,0.0005288207297726071,0.0002687449610319807,0.0002687449610319807,0.01639344262295082,0.01639344262295082,0.01639344262295082,0.03278688524590164,0.04918032786885246,0.06557377049180328,0.08196721311475409,0.0
1.2,S1.2_T_3_S2toS1,XGBoost,42,61,61,"{'n_estimators': 1000, 'max_depth': 4, 'learning_rate': 0.05, 'subsample': 0.8, 'colsample_bytree': 0.8, 'reg_lambda': 1, 'device': 'cuda'}",scenario_results_scenarios_2025-12-21_165745_early_stop/xgboost_S1.2_T_3_S2toS1_2025-12-21_165745_seed42_early_stop.pkl,0.01639344262295082,0.0005288207297726071,0.0005288207297726071,0.0002687449610319807,0.0002687449610319807,0.01639344262295082,0.01639344262295082,0.01639344262295082,0.03278688524590164,0.04918032786885246,0.06557377049180328,0.08196721311475409,0.0,0.01639344262295082,0.0005288207297726071,0.0005288207297726071,0.0002687449610319807,0.0002687449610319807,0.01639344262295082,0.01639344262295082,0.01639344262295082,0.03278688524590164,0.04918032786885246,0.06557377049180328,0.08196721311475409,0.0
1.2,S1.2_F_1_S2toS1,CatBoost,42,61,61,"{'iterations': 1000, 'depth': 4, 'learning_rate': 0.05, 'l2_leaf_reg': 1, 'border_count': 32}",scenario_results_scenarios_2025-12-21_165745_early_stop/catboost_S1.2_F_1_S2toS1_2025-12-21_165745_seed42_early_stop.pkl,1.0,1.0,1.0,1.0,1.0,1.0,1.0,1.0,1.0,1.0,1.0,1.0,1.0,0.22950819672131148,0.1715846994535519,0.1715846994535519,0.15027322404371585,0.15027322404371585,0.22950819672131148,0.22950819672131148,0.22950819672131148,0.3770491803278688,0.47540983606557374,0.5901639344262295,0.639344262295082,0.22950819672131148
1.2,S1.2_F_2_S2toS1,CatBoost,42,61,61,"{'iterations': 1000, 'depth': 4, 'learning_rate': 0.05, 'l2_leaf_reg': 1, 'border_count': 32}",scenario_results_scenarios_2025-12-21_165745_early_stop/catboost_S1.2_F_2_S2toS1_2025-12-21_165745_seed42_early_stop.pkl,1.0,1.0,1.0,1.0,1.0,1.0,1.0,1.0,1.0,1.0,1.0,1.0,1.0,0.29508196721311475,0.22786885245901636,0.22786885245901636,0.20081967213114754,0.20081967213114754,0.29508196721311475,0.29508196721311475,0.29508196721311475,0.45901639344262296,0.6721311475409836,0.7213114754098361,0.7540983606557377,0.29508196721311475
1.2,S1.2_F_3_S2toS1,CatBoost,42,61,61,"{'iterations': 1000, 'depth': 4, 'learning_rate': 0.05, 'l2_leaf_reg': 1, 'border_count': 32}",scenario_results_scenarios_2025-12-21_165745_early_stop/catboost_S1.2_F_3_S2toS1_2025-12-21_165745_seed42_early_stop.pkl,1.0,1.0,1.0,1.0,1.0,1.0,1.0,1.0,1.0,1.0,1.0,1.0,1.0,0.32786885245901637,0.25409836065573765,0.25409836065573765,0.22404371584699453,0.22404371584699453,0.32786885245901637,0.32786885245901637,0.32786885245901637,0.47540983606557374,0.6229508196721312,0.6885245901639344,0.7213114754098361,0.32786885245901637
1.2,S1.2_I_1_S2toS1,CatBoost,42,61,61,"{'iterations': 1000, 'depth': 4, 'learning_rate': 0.05, 'l2_leaf_reg': 1, 'border_count': 32}",scenario_results_scenarios_2025-12-21_165745_early_stop/catboost_S1.2_I_1_S2toS1_2025-12-21_165745_seed42_early_stop.pkl,1.0,1.0,1.0,1.0,1.0,1.0,1.0,1.0,1.0,1.0,1.0,1.0,1.0,0.22950819672131148,0.17431693989071037,0.17431693989071037,0.1530054644808743,0.1530054644808743,0.22950819672131148,0.22950819672131148,0.22950819672131148,0.32786885245901637,0.4918032786885246,0.5901639344262295,0.6229508196721312,0.22950819672131148
1.2,S1.2_I_2_S2toS1,CatBoost,42,61,61,"{'iterations': 1000, 'depth': 4, 'learning_rate': 0.05, 'l2_leaf_reg': 1, 'border_count': 32}",scenario_results_scenarios_2025-12-21_165745_early_stop/catboost_S1.2_I_2_S2toS1_2025-12-21_165745_seed42_early_stop.pkl,1.0,1.0,1.0,1.0,1.0,1.0,1.0,1.0,1.0,1.0,1.0,1.0,1.0,0.4426229508196721,0.3590163934426229,0.3590163934426229,0.32650273224043713,0.32650273224043713,0.4426229508196721,0.4426229508196721,0.4426229508196721,0.5573770491803278,0.6721311475409836,0.7049180327868853,0.7704918032786885,0.4426229508196721
1.2,S1.2_I_3_S2toS1,CatBoost,42,61,61,"{'iterations': 1000, 'depth': 4, 'learning_rate': 0.05, 'l2_leaf_reg': 1, 'border_count': 32}",scenario_results_scenarios_2025-12-21_165745_early_stop/catboost_S1.2_I_3_S2toS1_2025-12-21_165745_seed42_early_stop.pkl,1.0,1.0,1.0,1.0,1.0,1.0,1.0,1.0,1.0,1.0,1.0,1.0,1.0,0.45901639344262296,0.36994535519125676,0.36994535519125676,0.3319672131147541,0.3319672131147541,0.45901639344262296,0.45901639344262296,0.45901639344262296,0.5245901639344263,0.6229508196721312,0.6557377049180327,0.7213114754098361,0.45901639344262296
1.2,S1.2_T_1_S2toS1,CatBoost,42,61,61,"{'iterations': 1000, 'depth': 4, 'learning_rate': 0.05, 'l2_leaf_reg': 1, 'border_count': 32}",scenario_results_scenarios_2025-12-21_165745_early_stop/catboost_S1.2_T_1_S2toS1_2025-12-21_165745_seed42_early_stop.pkl,1.0,1.0,1.0,1.0,1.0,1.0,1.0,1.0,1.0,1.0,1.0,1.0,1.0,0.32786885245901637,0.24863387978142076,0.24863387978142076,0.21584699453551914,0.21584699453551914,0.32786885245901637,0.32786885245901637,0.32786885245901637,0.47540983606557374,0.6065573770491803,0.7049180327868853,0.7540983606557377,0.32786885245901637
1.2,S1.2_T_2_S2toS1,CatBoost,42,61,61,"{'iterations': 1000, 'depth': 4, 'learning_rate': 0.05, 'l2_leaf_reg': 1, 'border_count': 32}",scenario_results_scenarios_2025-12-21_165745_early_stop/catboost_S1.2_T_2_S2toS1_2025-12-21_165745_seed42_early_stop.pkl,1.0,1.0,1.0,1.0,1.0,1.0,1.0,1.0,1.0,1.0,1.0,1.0,1.0,0.29508196721311475,0.22131147540983603,0.22131147540983603,0.18907103825136612,0.18907103825136612,0.29508196721311475,0.29508196721311475,0.29508196721311475,0.45901639344262296,0.5901639344262295,0.7049180327868853,0.7213114754098361,0.29508196721311475
1.2,S1.2_T_3_S2toS1,CatBoost,42,61,61,"{'iterations': 1000, 'depth': 4, 'learning_rate': 0.05, 'l2_leaf_reg': 1, 'border_count': 32}",scenario_results_scenarios_2025-12-21_165745_early_stop/catboost_S1.2_T_3_S2toS1_2025-12-21_165745_seed42_early_stop.pkl,1.0,1.0,1.0,1.0,1.0,1.0,1.0,1.0,1.0,1.0,1.0,1.0,1.0,0.32786885245901637,0.2622950819672131,0.2622950819672131,0.23224043715846993,0.23224043715846993,0.32786885245901637,0.32786885245901637,0.32786885245901637,0.3770491803278688,0.5245901639344263,0.6229508196721312,0.639344262295082,0.32786885245901637
1.2,S1.2_F_1_S2toS1,NaiveBayes,42,61,61,"{'priors': None, 'var_smoothing': 1e-09}",scenario_results_scenarios_2025-12-21_165745_early_stop/naivebayes_S1.2_F_1_S2toS1_2025-12-21_165745_seed42_early_stop.pkl,1.0,1.0,1.0,1.0,1.0,1.0,1.0,1.0,1.0,1.0,1.0,1.0,1.0,0.18032786885245902,0.14863387978142076,0.14863387978142076,0.13797814207650272,0.13797814207650272,0.18032786885245902,0.18032786885245902,0.18032786885245902,0.18032786885245902,0.18032786885245902,0.19672131147540983,0.21311475409836064,0.18032786885245902
1.2,S1.2_F_2_S2toS1,NaiveBayes,42,61,61,"{'priors': None, 'var_smoothing': 1e-09}",scenario_results_scenarios_2025-12-21_165745_early_stop/naivebayes_S1.2_F_2_S2toS1_2025-12-21_165745_seed42_early_stop.pkl,1.0,1.0,1.0,1.0,1.0,1.0,1.0,1.0,1.0,1.0,1.0,1.0,1.0,0.13114754098360656,0.11202185792349727,0.11202185792349727,0.10382513661202185,0.10382513661202185,0.13114754098360656,0.13114754098360656,0.13114754098360656,0.14754098360655737,0.16393442622950818,0.18032786885245902,0.19672131147540983,0.13114754098360656
1.2,S1.2_F_3_S2toS1,NaiveBayes,42,61,61,"{'priors': None, 'var_smoothing': 1e-09}",scenario_results_scenarios_2025-12-21_165745_early_stop/naivebayes_S1.2_F_3_S2toS1_2025-12-21_165745_seed42_early_stop.pkl,1.0,1.0,1.0,1.0,1.0,1.0,1.0,1.0,1.0,1.0,1.0,1.0,1.0,0.16393442622950818,0.11420765027322406,0.11420765027322406,0.09562841530054644,0.09562841530054644,0.16393442622950818,0.16393442622950818,0.16393442622950818,0.18032786885245902,0.18032786885245902,0.18032786885245902,0.19672131147540983,0.16393442622950818
1.2,S1.2_I_1_S2toS1,NaiveBayes,42,61,61,"{'priors': None, 'var_smoothing': 1e-09}",scenario_results_scenarios_2025-12-21_165745_early_stop/naivebayes_S1.2_I_1_S2toS1_2025-12-21_165745_seed42_early_stop.pkl,1.0,1.0,1.0,1.0,1.0,1.0,1.0,1.0,1.0,1.0,1.0,1.0,1.0,0.21311475409836064,0.16666666666666666,0.16666666666666666,0.14754098360655737,0.14754098360655737,0.21311475409836064,0.21311475409836064,0.21311475409836064,0.22950819672131148,0.2459016393442623,0.26229508196721313,0.2786885245901639,0.21311475409836064
1.2,S1.2_I_2_S2toS1,NaiveBayes,42,61,61,"{'priors': None, 'var_smoothing': 1e-09}",scenario_results_scenarios_2025-12-21_165745_early_stop/naivebayes_S1.2_I_2_S2toS1_2025-12-21_165745_seed42_early_stop.pkl,1.0,1.0,1.0,1.0,1.0,1.0,1.0,1.0,1.0,1.0,1.0,1.0,1.0,0.14754098360655737,0.08415300546448087,0.08415300546448087,0.0633879781420765,0.0633879781420765,0.14754098360655737,0.14754098360655737,0.14754098360655737,0.16393442622950818,0.18032786885245902,0.19672131147540983,0.21311475409836064,0.14754098360655737
1.2,S1.2_I_3_S2toS1,NaiveBayes,42,61,61,"{'priors': None, 'var_smoothing': 1e-09}",scenario_results_scenarios_2025-12-21_165745_early_stop/naivebayes_S1.2_I_3_S2toS1_2025-12-21_165745_seed42_early_stop.pkl,1.0,1.0,1.0,1.0,1.0,1.0,1.0,1.0,1.0,1.0,1.0,1.0,1.0,0.16393442622950818,0.1150663544106167,0.1150663544106167,0.09699453551912568,0.09699453551912568,0.16393442622950818,0.16393442622950818,0.16393442622950818,0.18032786885245902,0.18032786885245902,0.19672131147540983,0.21311475409836064,0.16393442622950818
1.2,S1.2_T_1_S2toS1,NaiveBayes,42,61,61,"{'priors': None, 'var_smoothing': 1e-09}",scenario_results_scenarios_2025-12-21_165745_early_stop/naivebayes_S1.2_T_1_S2toS1_2025-12-21_165745_seed42_early_stop.pkl,1.0,1.0,1.0,1.0,1.0,1.0,1.0,1.0,1.0,1.0,1.0,1.0,1.0,0.18032786885245902,0.13606557377049178,0.13606557377049178,0.12021857923497267,0.12021857923497267,0.18032786885245902,0.18032786885245902,0.18032786885245902,0.19672131147540983,0.19672131147540983,0.21311475409836064,0.22950819672131148,0.18032786885245902
1.2,S1.2_T_2_S2toS1,NaiveBayes,42,61,61,"{'priors': None, 'var_smoothing': 1e-09}",scenario_results_scenarios_2025-12-21_165745_early_stop/naivebayes_S1.2_T_2_S2toS1_2025-12-21_165745_seed42_early_stop.pkl,1.0,1.0,1.0,1.0,1.0,1.0,1.0,1.0,1.0,1.0,1.0,1.0,1.0,0.21311475409836064,0.1431693989071038,0.1431693989071038,0.11612021857923495,0.11612021857923495,0.21311475409836064,0.21311475409836064,0.21311475409836064,0.22950819672131148,0.2459016393442623,0.2459016393442623,0.26229508196721313,0.21311475409836064
1.2,S1.2_T_3_S2toS1,NaiveBayes,42,61,61,"{'priors': None, 'var_smoothing': 1e-09}",scenario_results_scenarios_2025-12-21_165745_early_stop/naivebayes_S1.2_T_3_S2toS1_2025-12-21_165745_seed42_early_stop.pkl,1.0,1.0,1.0,1.0,1.0,1.0,1.0,1.0,1.0,1.0,1.0,1.0,1.0,0.18032786885245902,0.11779859484777518,0.11779859484777518,0.09699453551912568,0.09699453551912568,0.18032786885245902,0.18032786885245902,0.18032786885245902,0.19672131147540983,0.21311475409836064,0.21311475409836064,0.21311475409836064,0.18032786885245902
1.2,S1.2_F_1_S2toS1,LightGBM,42,61,61,"{'n_estimators': 100, 'max_depth': 6, 'learning_rate': 0.05, 'num_leaves': 31, 'min_child_samples': 20}",scenario_results_scenarios_2025-12-21_165745_early_stop/lightgbm_S1.2_F_1_S2toS1_2025-12-21_165745_seed42_early_stop.pkl,1.0,1.0,1.0,1.0,1.0,1.0,1.0,1.0,1.0,1.0,1.0,1.0,1.0,0.13114754098360656,0.08743169398907105,0.08743169398907105,0.06830601092896174,0.06830601092896174,0.13114754098360656,0.13114754098360656,0.13114754098360656,0.2459016393442623,0.26229508196721313,0.32786885245901637,0.32786885245901637,0.13114754098360656
1.2,S1.2_F_2_S2toS1,LightGBM,42,61,61,"{'n_estimators': 100, 'max_depth': 6, 'learning_rate': 0.05, 'num_leaves': 31, 'min_child_samples': 20}",scenario_results_scenarios_2025-12-21_165745_early_stop/lightgbm_S1.2_F_2_S2toS1_2025-12-21_165745_seed42_early_stop.pkl,1.0,1.0,1.0,1.0,1.0,1.0,1.0,1.0,1.0,1.0,1.0,1.0,1.0,0.18032786885245902,0.13114754098360656,0.13114754098360656,0.1092896174863388,0.1092896174863388,0.18032786885245902,0.18032786885245902,0.18032786885245902,0.3770491803278688,0.4098360655737705,0.4918032786885246,0.5737704918032787,0.18032786885245902
1.2,S1.2_F_3_S2toS1,LightGBM,42,61,61,"{'n_estimators': 100, 'max_depth': 6, 'learning_rate': 0.05, 'num_leaves': 31, 'min_child_samples': 20}",scenario_results_scenarios_2025-12-21_165745_early_stop/lightgbm_S1.2_F_3_S2toS1_2025-12-21_165745_seed42_early_stop.pkl,1.0,1.0,1.0,1.0,1.0,1.0,1.0,1.0,1.0,1.0,1.0,1.0,1.0,0.14754098360655737,0.126775956284153,0.126775956284153,0.12213114754098361,0.12213114754098361,0.14754098360655737,0.14754098360655737,0.14754098360655737,0.3114754098360656,0.4262295081967213,0.45901639344262296,0.5245901639344263,0.14754098360655737
1.2,S1.2_I_1_S2toS1,LightGBM,42,61,61,"{'n_estimators': 100, 'max_depth': 6, 'learning_rate': 0.05, 'num_leaves': 31, 'min_child_samples': 20}",scenario_results_scenarios_2025-12-21_165745_early_stop/lightgbm_S1.2_I_1_S2toS1_2025-12-21_165745_seed42_early_stop.pkl,1.0,1.0,1.0,1.0,1.0,1.0,1.0,1.0,1.0,1.0,1.0,1.0,1.0,0.13114754098360656,0.10304449648711944,0.10304449648711944,0.09562841530054644,0.09562841530054644,0.13114754098360656,0.13114754098360656,0.13114754098360656,0.3114754098360656,0.3770491803278688,0.4426229508196721,0.45901639344262296,0.13114754098360656
1.2,S1.2_I_2_S2toS1,LightGBM,42,61,61,"{'n_estimators': 100, 'max_depth': 6, 'learning_rate': 0.05, 'num_leaves': 31, 'min_child_samples': 20}",scenario_results_scenarios_2025-12-21_165745_early_stop/lightgbm_S1.2_I_2_S2toS1_2025-12-21_165745_seed42_early_stop.pkl,1.0,1.0,1.0,1.0,1.0,1.0,1.0,1.0,1.0,1.0,1.0,1.0,1.0,0.09836065573770492,0.058469945355191254,0.058469945355191254,0.04234972677595628,0.04234972677595628,0.09836065573770492,0.09836065573770492,0.09836065573770492,0.16393442622950818,0.26229508196721313,0.36065573770491804,0.39344262295081966,0.09836065573770492
1.2,S1.2_I_3_S2toS1,LightGBM,42,61,61,"{'n_estimators': 100, 'max_depth': 6, 'learning_rate': 0.05, 'num_leaves': 31, 'min_child_samples': 20}",scenario_results_scenarios_2025-12-21_165745_early_stop/lightgbm_S1.2_I_3_S2toS1_2025-12-21_165745_seed42_early_stop.pkl,1.0,1.0,1.0,1.0,1.0,1.0,1.0,1.0,1.0,1.0,1.0,1.0,1.0,0.14754098360655737,0.11202185792349727,0.11202185792349727,0.09890710382513661,0.09890710382513661,0.14754098360655737,0.14754098360655737,0.14754098360655737,0.21311475409836064,0.29508196721311475,0.39344262295081966,0.4918032786885246,0.14754098360655737
1.2,S1.2_T_1_S2toS1,LightGBM,42,61,61,"{'n_estimators': 100, 'max_depth': 6, 'learning_rate': 0.05, 'num_leaves': 31, 'min_child_samples': 20}",scenario_results_scenarios_2025-12-21_165745_early_stop/lightgbm_S1.2_T_1_S2toS1_2025-12-21_165745_seed42_early_stop.pkl,1.0,1.0,1.0,1.0,1.0,1.0,1.0,1.0,1.0,1.0,1.0,1.0,1.0,0.2786885245901639,0.22131147540983603,0.22131147540983603,0.19672131147540983,0.19672131147540983,0.2786885245901639,0.2786885245901639,0.2786885245901639,0.39344262295081966,0.45901639344262296,0.47540983606557374,0.5081967213114754,0.2786885245901639
1.2,S1.2_T_2_S2toS1,LightGBM,42,61,61,"{'n_estimators': 100, 'max_depth': 6, 'learning_rate': 0.05, 'num_leaves': 31, 'min_child_samples': 20}",scenario_results_scenarios_2025-12-21_165745_early_stop/lightgbm_S1.2_T_2_S2toS1_2025-12-21_165745_seed42_early_stop.pkl,1.0,1.0,1.0,1.0,1.0,1.0,1.0,1.0,1.0,1.0,1.0,1.0,1.0,0.21311475409836064,0.13770491803278687,0.13770491803278687,0.11065573770491802,0.11065573770491802,0.21311475409836064,0.21311475409836064,0.21311475409836064,0.2786885245901639,0.32786885245901637,0.3770491803278688,0.4098360655737705,0.21311475409836064
1.2,S1.2_T_3_S2toS1,LightGBM,42,61,61,"{'n_estimators': 100, 'max_depth': 6, 'learning_rate': 0.05, 'num_leaves': 31, 'min_child_samples': 20}",scenario_results_scenarios_2025-12-21_165745_early_stop/lightgbm_S1.2_T_3_S2toS1_2025-12-21_165745_seed42_early_stop.pkl,1.0,1.0,1.0,1.0,1.0,1.0,1.0,1.0,1.0,1.0,1.0,1.0,1.0,0.13114754098360656,0.10109289617486339,0.10109289617486339,0.08743169398907104,0.08743169398907104,0.13114754098360656,0.13114754098360656,0.13114754098360656,0.21311475409836064,0.29508196721311475,0.36065573770491804,0.4262295081967213,0.13114754098360656
1.2,S1.2_F_1_S2toS1,ExtraTrees,42,61,61,"{'n_estimators': 100, 'max_depth': 10, 'min_samples_split': 2, 'min_samples_leaf': 1, 'max_features': 'sqrt', 'bootstrap': False, 'criterion': 'gini'}",scenario_results_scenarios_2025-12-21_165745_early_stop/extratrees_S1.2_F_1_S2toS1_2025-12-21_165745_seed42_early_stop.pkl,1.0,1.0,1.0,1.0,1.0,1.0,1.0,1.0,1.0,1.0,1.0,1.0,1.0,0.3114754098360656,0.25409836065573765,0.25409836065573765,0.22950819672131148,0.22950819672131148,0.3114754098360656,0.3114754098360656,0.2786885245901639,0.4262295081967213,0.5081967213114754,0.5901639344262295,0.6557377049180327,0.2786885245901639
1.2,S1.2_F_2_S2toS1,ExtraTrees,42,61,61,"{'n_estimators': 100, 'max_depth': 10, 'min_samples_split': 2, 'min_samples_leaf': 1, 'max_features': 'sqrt', 'bootstrap': False, 'criterion': 'gini'}",scenario_results_scenarios_2025-12-21_165745_early_stop/extratrees_S1.2_F_2_S2toS1_2025-12-21_165745_seed42_early_stop.pkl,1.0,1.0,1.0,1.0,1.0,1.0,1.0,1.0,1.0,1.0,1.0,1.0,1.0,0.39344262295081966,0.3333333333333333,0.3333333333333333,0.3060109289617486,0.3060109289617486,0.39344262295081966,0.39344262295081966,0.39344262295081966,0.5245901639344263,0.639344262295082,0.7377049180327869,0.7540983606557377,0.3770491803278688
1.2,S1.2_F_3_S2toS1,ExtraTrees,42,61,61,"{'n_estimators': 100, 'max_depth': 10, 'min_samples_split': 2, 'min_samples_leaf': 1, 'max_features': 'sqrt', 'bootstrap': False, 'criterion': 'gini'}",scenario_results_scenarios_2025-12-21_165745_early_stop/extratrees_S1.2_F_3_S2toS1_2025-12-21_165745_seed42_early_stop.pkl,1.0,1.0,1.0,1.0,1.0,1.0,1.0,1.0,1.0,1.0,1.0,1.0,1.0,0.32786885245901637,0.26885245901639343,0.26885245901639343,0.24453551912568308,0.24453551912568308,0.32786885245901637,0.32786885245901637,0.32786885245901637,0.47540983606557374,0.6229508196721312,0.6721311475409836,0.6721311475409836,0.32786885245901637
1.2,S1.2_I_1_S2toS1,ExtraTrees,42,61,61,"{'n_estimators': 100, 'max_depth': 10, 'min_samples_split': 2, 'min_samples_leaf': 1, 'max_features': 'sqrt', 'bootstrap': False, 'criterion': 'gini'}",scenario_results_scenarios_2025-12-21_165745_early_stop/extratrees_S1.2_I_1_S2toS1_2025-12-21_165745_seed42_early_stop.pkl,1.0,1.0,1.0,1.0,1.0,1.0,1.0,1.0,1.0,1.0,1.0,1.0,1.0,0.21311475409836064,0.15846994535519124,0.15846994535519124,0.14043715846994534,0.14043715846994534,0.21311475409836064,0.21311475409836064,0.2459016393442623,0.3770491803278688,0.5081967213114754,0.5901639344262295,0.6065573770491803,0.21311475409836064
1.2,S1.2_I_2_S2toS1,ExtraTrees,42,61,61,"{'n_estimators': 100, 'max_depth': 10, 'min_samples_split': 2, 'min_samples_leaf': 1, 'max_features': 'sqrt', 'bootstrap': False, 'criterion': 'gini'}",scenario_results_scenarios_2025-12-21_165745_early_stop/extratrees_S1.2_I_2_S2toS1_2025-12-21_165745_seed42_early_stop.pkl,1.0,1.0,1.0,1.0,1.0,1.0,1.0,1.0,1.0,1.0,1.0,1.0,1.0,0.32786885245901637,0.2568306010928962,0.2568306010928962,0.22677595628415298,0.22677595628415298,0.32786885245901637,0.32786885245901637,0.32786885245901637,0.47540983606557374,0.5737704918032787,0.6229508196721312,0.7377049180327869,0.32786885245901637
1.2,S1.2_I_3_S2toS1,ExtraTrees,42,61,61,"{'n_estimators': 100, 'max_depth': 10, 'min_samples_split': 2, 'min_samples_leaf': 1, 'max_features': 'sqrt', 'bootstrap': False, 'criterion': 'gini'}",scenario_results_scenarios_2025-12-21_165745_early_stop/extratrees_S1.2_I_3_S2toS1_2025-12-21_165745_seed42_early_stop.pkl,1.0,1.0,1.0,1.0,1.0,1.0,1.0,1.0,1.0,1.0,1.0,1.0,1.0,0.3770491803278688,0.28797814207650274,0.28797814207650274,0.25,0.25,0.3770491803278688,0.3770491803278688,0.3770491803278688,0.4918032786885246,0.6229508196721312,0.639344262295082,0.6721311475409836,0.36065573770491804
1.2,S1.2_T_1_S2toS1,ExtraTrees,42,61,61,"{'n_estimators': 100, 'max_depth': 10, 'min_samples_split': 2, 'min_samples_leaf': 1, 'max_features': 'sqrt', 'bootstrap': False, 'criterion': 'gini'}",scenario_results_scenarios_2025-12-21_165745_early_stop/extratrees_S1.2_T_1_S2toS1_2025-12-21_165745_seed42_early_stop.pkl,1.0,1.0,1.0,1.0,1.0,1.0,1.0,1.0,1.0,1.0,1.0,1.0,1.0,0.3114754098360656,0.23060109289617486,0.23060109289617486,0.19808743169398904,0.19808743169398904,0.3114754098360656,0.3114754098360656,0.26229508196721313,0.4098360655737705,0.5573770491803278,0.6065573770491803,0.6557377049180327,0.26229508196721313
1.2,S1.2_T_2_S2toS1,ExtraTrees,42,61,61,"{'n_estimators': 100, 'max_depth': 10, 'min_samples_split': 2, 'min_samples_leaf': 1, 'max_features': 'sqrt', 'bootstrap': False, 'criterion': 'gini'}",scenario_results_scenarios_2025-12-21_165745_early_stop/extratrees_S1.2_T_2_S2toS1_2025-12-21_165745_seed42_early_stop.pkl,1.0,1.0,1.0,1.0,1.0,1.0,1.0,1.0,1.0,1.0,1.0,1.0,1.0,0.26229508196721313,0.20491803278688522,0.20491803278688522,0.18032786885245902,0.18032786885245902,0.26229508196721313,0.26229508196721313,0.2459016393442623,0.45901639344262296,0.5245901639344263,0.6065573770491803,0.6557377049180327,0.22950819672131148
1.2,S1.2_T_3_S2toS1,ExtraTrees,42,61,61,"{'n_estimators': 100, 'max_depth': 10, 'min_samples_split': 2, 'min_samples_leaf': 1, 'max_features': 'sqrt', 'bootstrap': False, 'criterion': 'gini'}",scenario_results_scenarios_2025-12-21_165745_early_stop/extratrees_S1.2_T_3_S2toS1_2025-12-21_165745_seed42_early_stop.pkl,1.0,1.0,1.0,1.0,1.0,1.0,1.0,1.0,1.0,1.0,1.0,1.0,1.0,0.3114754098360656,0.25792349726775954,0.25792349726775954,0.23633879781420766,0.23633879781420766,0.3114754098360656,0.3114754098360656,0.32786885245901637,0.39344262295081966,0.5737704918032787,0.6557377049180327,0.6721311475409836,0.3114754098360656
1.2,S1.2_F_1_S2toS1,RandomForest,123,61,61,"{'n_estimators': 100, 'max_depth': 10, 'min_samples_split': 2, 'min_samples_leaf': 1, 'max_features': 'sqrt', 'bootstrap': True}",scenario_results_scenarios_2025-12-21_165745_early_stop/randomforest_S1.2_F_1_S2toS1_2025-12-21_165745_seed123_early_stop.pkl,1.0,1.0,1.0,1.0,1.0,1.0,1.0,1.0,1.0,1.0,1.0,1.0,1.0,0.18032786885245902,0.12950819672131147,0.12950819672131147,0.10792349726775956,0.10792349726775956,0.18032786885245902,0.18032786885245902,0.19672131147540983,0.3442622950819672,0.4262295081967213,0.5901639344262295,0.6065573770491803,0.18032786885245902
1.2,S1.2_F_2_S2toS1,RandomForest,123,61,61,"{'n_estimators': 100, 'max_depth': 10, 'min_samples_split': 2, 'min_samples_leaf': 1, 'max_features': 'sqrt', 'bootstrap': True}",scenario_results_scenarios_2025-12-21_165745_early_stop/randomforest_S1.2_F_2_S2toS1_2025-12-21_165745_seed123_early_stop.pkl,1.0,1.0,1.0,1.0,1.0,1.0,1.0,1.0,1.0,1.0,1.0,1.0,1.0,0.2786885245901639,0.21420765027322403,0.21420765027322403,0.18442622950819673,0.18442622950819673,0.2786885245901639,0.2786885245901639,0.2459016393442623,0.4262295081967213,0.5245901639344263,0.5573770491803278,0.5901639344262295,0.2459016393442623
1.2,S1.2_F_3_S2toS1,RandomForest,123,61,61,"{'n_estimators': 100, 'max_depth': 10, 'min_samples_split': 2, 'min_samples_leaf': 1, 'max_features': 'sqrt', 'bootstrap': True}",scenario_results_scenarios_2025-12-21_165745_early_stop/randomforest_S1.2_F_3_S2toS1_2025-12-21_165745_seed123_early_stop.pkl,1.0,1.0,1.0,1.0,1.0,1.0,1.0,1.0,1.0,1.0,1.0,1.0,1.0,0.29508196721311475,0.24316939890710382,0.24316939890710382,0.2245901639344262,0.2245901639344262,0.29508196721311475,0.29508196721311475,0.3114754098360656,0.47540983606557374,0.6557377049180327,0.7213114754098361,0.7377049180327869,0.26229508196721313
1.2,S1.2_I_1_S2toS1,RandomForest,123,61,61,"{'n_estimators': 100, 'max_depth': 10, 'min_samples_split': 2, 'min_samples_leaf': 1, 'max_features': 'sqrt', 'bootstrap': True}",scenario_results_scenarios_2025-12-21_165745_early_stop/randomforest_S1.2_I_1_S2toS1_2025-12-21_165745_seed123_early_stop.pkl,1.0,1.0,1.0,1.0,1.0,1.0,1.0,1.0,1.0,1.0,1.0,1.0,1.0,0.13114754098360656,0.08415300546448087,0.08415300546448087,0.0715846994535519,0.0715846994535519,0.13114754098360656,0.13114754098360656,0.14754098360655737,0.22950819672131148,0.2786885245901639,0.32786885245901637,0.4098360655737705,0.13114754098360656
1.2,S1.2_I_2_S2toS1,RandomForest,123,61,61,"{'n_estimators': 100, 'max_depth': 10, 'min_samples_split': 2, 'min_samples_leaf': 1, 'max_features': 'sqrt', 'bootstrap': True}",scenario_results_scenarios_2025-12-21_165745_early_stop/randomforest_S1.2_I_2_S2toS1_2025-12-21_165745_seed123_early_stop.pkl,1.0,1.0,1.0,1.0,1.0,1.0,1.0,1.0,1.0,1.0,1.0,1.0,1.0,0.2786885245901639,0.22950819672131148,0.22950819672131148,0.2076502732240437,0.2076502732240437,0.2786885245901639,0.2786885245901639,0.26229508196721313,0.3442622950819672,0.4918032786885246,0.5901639344262295,0.639344262295082,0.26229508196721313
1.2,S1.2_I_3_S2toS1,RandomForest,123,61,61,"{'n_estimators': 100, 'max_depth': 10, 'min_samples_split': 2, 'min_samples_leaf': 1, 'max_features': 'sqrt', 'bootstrap': True}",scenario_results_scenarios_2025-12-21_165745_early_stop/randomforest_S1.2_I_3_S2toS1_2025-12-21_165745_seed123_early_stop.pkl,1.0,1.0,1.0,1.0,1.0,1.0,1.0,1.0,1.0,1.0,1.0,1.0,1.0,0.32786885245901637,0.26721311475409837,0.26721311475409837,0.24316939890710382,0.24316939890710382,0.32786885245901637,0.32786885245901637,0.3114754098360656,0.45901639344262296,0.5737704918032787,0.639344262295082,0.6557377049180327,0.3114754098360656
1.2,S1.2_T_1_S2toS1,RandomForest,123,61,61,"{'n_estimators': 100, 'max_depth': 10, 'min_samples_split': 2, 'min_samples_leaf': 1, 'max_features': 'sqrt', 'bootstrap': True}",scenario_results_scenarios_2025-12-21_165745_early_stop/randomforest_S1.2_T_1_S2toS1_2025-12-21_165745_seed123_early_stop.pkl,1.0,1.0,1.0,1.0,1.0,1.0,1.0,1.0,1.0,1.0,1.0,1.0,1.0,0.29508196721311475,0.22185792349726774,0.22185792349726774,0.1953551912568306,0.1953551912568306,0.29508196721311475,0.29508196721311475,0.2786885245901639,0.4918032786885246,0.5409836065573771,0.6065573770491803,0.6229508196721312,0.2786885245901639
1.2,S1.2_T_2_S2toS1,RandomForest,123,61,61,"{'n_estimators': 100, 'max_depth': 10, 'min_samples_split': 2, 'min_samples_leaf': 1, 'max_features': 'sqrt', 'bootstrap': True}",scenario_results_scenarios_2025-12-21_165745_early_stop/randomforest_S1.2_T_2_S2toS1_2025-12-21_165745_seed123_early_stop.pkl,1.0,1.0,1.0,1.0,1.0,1.0,1.0,1.0,1.0,1.0,1.0,1.0,1.0,0.19672131147540983,0.15027322404371585,0.15027322404371585,0.13169398907103824,0.13169398907103824,0.19672131147540983,0.19672131147540983,0.19672131147540983,0.3770491803278688,0.5081967213114754,0.6229508196721312,0.6885245901639344,0.18032786885245902
1.2,S1.2_T_3_S2toS1,RandomForest,123,61,61,"{'n_estimators': 100, 'max_depth': 10, 'min_samples_split': 2, 'min_samples_leaf': 1, 'max_features': 'sqrt', 'bootstrap': True}",scenario_results_scenarios_2025-12-21_165745_early_stop/randomforest_S1.2_T_3_S2toS1_2025-12-21_165745_seed123_early_stop.pkl,1.0,1.0,1.0,1.0,1.0,1.0,1.0,1.0,1.0,1.0,1.0,1.0,1.0,0.22950819672131148,0.18579234972677594,0.18579234972677594,0.16666666666666666,0.16666666666666666,0.22950819672131148,0.22950819672131148,0.19672131147540983,0.32786885245901637,0.4426229508196721,0.5901639344262295,0.639344262295082,0.18032786885245902
1.2,S1.2_F_1_S2toS1,XGBoost,123,61,61,"{'n_estimators': 1000, 'max_depth': 4, 'learning_rate': 0.05, 'subsample': 0.8, 'colsample_bytree': 0.8, 'reg_lambda': 1, 'device': 'cuda'}",scenario_results_scenarios_2025-12-21_165745_early_stop/xgboost_S1.2_F_1_S2toS1_2025-12-21_165745_seed123_early_stop.pkl,0.01639344262295082,0.0005288207297726071,0.0005288207297726071,0.0002687449610319807,0.0002687449610319807,0.01639344262295082,0.01639344262295082,0.01639344262295082,0.03278688524590164,0.04918032786885246,0.06557377049180328,0.08196721311475409,0.01639344262295082,0.01639344262295082,0.0005288207297726071,0.0005288207297726071,0.0002687449610319807,0.0002687449610319807,0.01639344262295082,0.01639344262295082,0.01639344262295082,0.03278688524590164,0.04918032786885246,0.06557377049180328,0.08196721311475409,0.01639344262295082
1.2,S1.2_F_2_S2toS1,XGBoost,123,61,61,"{'n_estimators': 1000, 'max_depth': 4, 'learning_rate': 0.05, 'subsample': 0.8, 'colsample_bytree': 0.8, 'reg_lambda': 1, 'device': 'cuda'}",scenario_results_scenarios_2025-12-21_165745_early_stop/xgboost_S1.2_F_2_S2toS1_2025-12-21_165745_seed123_early_stop.pkl,0.01639344262295082,0.0005288207297726071,0.0005288207297726071,0.0002687449610319807,0.0002687449610319807,0.01639344262295082,0.01639344262295082,0.01639344262295082,0.03278688524590164,0.04918032786885246,0.06557377049180328,0.08196721311475409,0.01639344262295082,0.01639344262295082,0.0005288207297726071,0.0005288207297726071,0.0002687449610319807,0.0002687449610319807,0.01639344262295082,0.01639344262295082,0.01639344262295082,0.03278688524590164,0.04918032786885246,0.06557377049180328,0.08196721311475409,0.01639344262295082
1.2,S1.2_F_3_S2toS1,XGBoost,123,61,61,"{'n_estimators': 1000, 'max_depth': 4, 'learning_rate': 0.05, 'subsample': 0.8, 'colsample_bytree': 0.8, 'reg_lambda': 1, 'device': 'cuda'}",scenario_results_scenarios_2025-12-21_165745_early_stop/xgboost_S1.2_F_3_S2toS1_2025-12-21_165745_seed123_early_stop.pkl,0.01639344262295082,0.0005288207297726071,0.0005288207297726071,0.0002687449610319807,0.0002687449610319807,0.01639344262295082,0.01639344262295082,0.01639344262295082,0.03278688524590164,0.04918032786885246,0.06557377049180328,0.08196721311475409,0.01639344262295082,0.01639344262295082,0.0005288207297726071,0.0005288207297726071,0.0002687449610319807,0.0002687449610319807,0.01639344262295082,0.01639344262295082,0.01639344262295082,0.03278688524590164,0.04918032786885246,0.06557377049180328,0.08196721311475409,0.01639344262295082
1.2,S1.2_I_1_S2toS1,XGBoost,123,61,61,"{'n_estimators': 1000, 'max_depth': 4, 'learning_rate': 0.05, 'subsample': 0.8, 'colsample_bytree': 0.8, 'reg_lambda': 1, 'device': 'cuda'}",scenario_results_scenarios_2025-12-21_165745_early_stop/xgboost_S1.2_I_1_S2toS1_2025-12-21_165745_seed123_early_stop.pkl,0.01639344262295082,0.0005288207297726071,0.0005288207297726071,0.0002687449610319807,0.0002687449610319807,0.01639344262295082,0.01639344262295082,0.01639344262295082,0.03278688524590164,0.04918032786885246,0.06557377049180328,0.08196721311475409,0.01639344262295082,0.01639344262295082,0.0005288207297726071,0.0005288207297726071,0.0002687449610319807,0.0002687449610319807,0.01639344262295082,0.01639344262295082,0.01639344262295082,0.03278688524590164,0.04918032786885246,0.06557377049180328,0.08196721311475409,0.01639344262295082
1.2,S1.2_I_2_S2toS1,XGBoost,123,61,61,"{'n_estimators': 1000, 'max_depth': 4, 'learning_rate': 0.05, 'subsample': 0.8, 'colsample_bytree': 0.8, 'reg_lambda': 1, 'device': 'cuda'}",scenario_results_scenarios_2025-12-21_165745_early_stop/xgboost_S1.2_I_2_S2toS1_2025-12-21_165745_seed123_early_stop.pkl,0.01639344262295082,0.0005288207297726071,0.0005288207297726071,0.0002687449610319807,0.0002687449610319807,0.01639344262295082,0.01639344262295082,0.01639344262295082,0.03278688524590164,0.04918032786885246,0.06557377049180328,0.08196721311475409,0.01639344262295082,0.01639344262295082,0.0005288207297726071,0.0005288207297726071,0.0002687449610319807,0.0002687449610319807,0.01639344262295082,0.01639344262295082,0.01639344262295082,0.03278688524590164,0.04918032786885246,0.06557377049180328,0.08196721311475409,0.01639344262295082
1.2,S1.2_I_3_S2toS1,XGBoost,123,61,61,"{'n_estimators': 1000, 'max_depth': 4, 'learning_rate': 0.05, 'subsample': 0.8, 'colsample_bytree': 0.8, 'reg_lambda': 1, 'device': 'cuda'}",scenario_results_scenarios_2025-12-21_165745_early_stop/xgboost_S1.2_I_3_S2toS1_2025-12-21_165745_seed123_early_stop.pkl,0.01639344262295082,0.0005288207297726071,0.0005288207297726071,0.0002687449610319807,0.0002687449610319807,0.01639344262295082,0.01639344262295082,0.01639344262295082,0.03278688524590164,0.04918032786885246,0.06557377049180328,0.08196721311475409,0.01639344262295082,0.01639344262295082,0.0005288207297726071,0.0005288207297726071,0.0002687449610319807,0.0002687449610319807,0.01639344262295082,0.01639344262295082,0.01639344262295082,0.03278688524590164,0.04918032786885246,0.06557377049180328,0.08196721311475409,0.01639344262295082
1.2,S1.2_T_1_S2toS1,XGBoost,123,61,61,"{'n_estimators': 1000, 'max_depth': 4, 'learning_rate': 0.05, 'subsample': 0.8, 'colsample_bytree': 0.8, 'reg_lambda': 1, 'device': 'cuda'}",scenario_results_scenarios_2025-12-21_165745_early_stop/xgboost_S1.2_T_1_S2toS1_2025-12-21_165745_seed123_early_stop.pkl,0.01639344262295082,0.0005288207297726071,0.0005288207297726071,0.0002687449610319807,0.0002687449610319807,0.01639344262295082,0.01639344262295082,0.01639344262295082,0.03278688524590164,0.04918032786885246,0.06557377049180328,0.08196721311475409,0.01639344262295082,0.01639344262295082,0.0005288207297726071,0.0005288207297726071,0.0002687449610319807,0.0002687449610319807,0.01639344262295082,0.01639344262295082,0.01639344262295082,0.03278688524590164,0.04918032786885246,0.06557377049180328,0.08196721311475409,0.01639344262295082
1.2,S1.2_T_2_S2toS1,XGBoost,123,61,61,"{'n_estimators': 1000, 'max_depth': 4, 'learning_rate': 0.05, 'subsample': 0.8, 'colsample_bytree': 0.8, 'reg_lambda': 1, 'device': 'cuda'}",scenario_results_scenarios_2025-12-21_165745_early_stop/xgboost_S1.2_T_2_S2toS1_2025-12-21_165745_seed123_early_stop.pkl,0.01639344262295082,0.0005288207297726071,0.0005288207297726071,0.0002687449610319807,0.0002687449610319807,0.01639344262295082,0.01639344262295082,0.01639344262295082,0.03278688524590164,0.04918032786885246,0.06557377049180328,0.08196721311475409,0.01639344262295082,0.01639344262295082,0.0005288207297726071,0.0005288207297726071,0.0002687449610319807,0.0002687449610319807,0.01639344262295082,0.01639344262295082,0.01639344262295082,0.03278688524590164,0.04918032786885246,0.06557377049180328,0.08196721311475409,0.01639344262295082
1.2,S1.2_T_3_S2toS1,XGBoost,123,61,61,"{'n_estimators': 1000, 'max_depth': 4, 'learning_rate': 0.05, 'subsample': 0.8, 'colsample_bytree': 0.8, 'reg_lambda': 1, 'device': 'cuda'}",scenario_results_scenarios_2025-12-21_165745_early_stop/xgboost_S1.2_T_3_S2toS1_2025-12-21_165745_seed123_early_stop.pkl,0.01639344262295082,0.0005288207297726071,0.0005288207297726071,0.0002687449610319807,0.0002687449610319807,0.01639344262295082,0.01639344262295082,0.01639344262295082,0.03278688524590164,0.04918032786885246,0.06557377049180328,0.08196721311475409,0.01639344262295082,0.01639344262295082,0.0005288207297726071,0.0005288207297726071,0.0002687449610319807,0.0002687449610319807,0.01639344262295082,0.01639344262295082,0.01639344262295082,0.03278688524590164,0.04918032786885246,0.06557377049180328,0.08196721311475409,0.01639344262295082
1.2,S1.2_F_1_S2toS1,CatBoost,123,61,61,"{'iterations': 1000, 'depth': 4, 'learning_rate': 0.05, 'l2_leaf_reg': 1, 'border_count': 32}",scenario_results_scenarios_2025-12-21_165745_early_stop/catboost_S1.2_F_1_S2toS1_2025-12-21_165745_seed123_early_stop.pkl,1.0,1.0,1.0,1.0,1.0,1.0,1.0,1.0,1.0,1.0,1.0,1.0,1.0,0.2459016393442623,0.18415300546448085,0.18415300546448085,0.16366120218579236,0.16366120218579236,0.2459016393442623,0.2459016393442623,0.2459016393442623,0.4426229508196721,0.5573770491803278,0.6721311475409836,0.7049180327868853,0.2459016393442623
1.2,S1.2_F_2_S2toS1,CatBoost,123,61,61,"{'iterations': 1000, 'depth': 4, 'learning_rate': 0.05, 'l2_leaf_reg': 1, 'border_count': 32}",scenario_results_scenarios_2025-12-21_165745_early_stop/catboost_S1.2_F_2_S2toS1_2025-12-21_165745_seed123_early_stop.pkl,1.0,1.0,1.0,1.0,1.0,1.0,1.0,1.0,1.0,1.0,1.0,1.0,1.0,0.29508196721311475,0.23224043715846993,0.23224043715846993,0.20491803278688525,0.20491803278688525,0.29508196721311475,0.29508196721311475,0.29508196721311475,0.4262295081967213,0.6557377049180327,0.7377049180327869,0.7704918032786885,0.29508196721311475
1.2,S1.2_F_3_S2toS1,CatBoost,123,61,61,"{'iterations': 1000, 'depth': 4, 'learning_rate': 0.05, 'l2_leaf_reg': 1, 'border_count': 32}",scenario_results_scenarios_2025-12-21_165745_early_stop/catboost_S1.2_F_3_S2toS1_2025-12-21_165745_seed123_early_stop.pkl,1.0,1.0,1.0,1.0,1.0,1.0,1.0,1.0,1.0,1.0,1.0,1.0,1.0,0.3770491803278688,0.28415300546448086,0.28415300546448086,0.24316939890710382,0.24316939890710382,0.3770491803278688,0.3770491803278688,0.3770491803278688,0.5081967213114754,0.6065573770491803,0.6721311475409836,0.7377049180327869,0.3770491803278688
1.2,S1.2_I_1_S2toS1,CatBoost,123,61,61,"{'iterations': 1000, 'depth': 4, 'learning_rate': 0.05, 'l2_leaf_reg': 1, 'border_count': 32}",scenario_results_scenarios_2025-12-21_165745_early_stop/catboost_S1.2_I_1_S2toS1_2025-12-21_165745_seed123_early_stop.pkl,1.0,1.0,1.0,1.0,1.0,1.0,1.0,1.0,1.0,1.0,1.0,1.0,1.0,0.18032786885245902,0.14207650273224043,0.14207650273224043,0.12568306010928962,0.12568306010928962,0.18032786885245902,0.18032786885245902,0.18032786885245902,0.4098360655737705,0.5081967213114754,0.5901639344262295,0.6557377049180327,0.18032786885245902
1.2,S1.2_I_2_S2toS1,CatBoost,123,61,61,"{'iterations': 1000, 'depth': 4, 'learning_rate': 0.05, 'l2_leaf_reg': 1, 'border_count': 32}",scenario_results_scenarios_2025-12-21_165745_early_stop/catboost_S1.2_I_2_S2toS1_2025-12-21_165745_seed123_early_stop.pkl,1.0,1.0,1.0,1.0,1.0,1.0,1.0,1.0,1.0,1.0,1.0,1.0,1.0,0.4098360655737705,0.31639344262295077,0.31639344262295077,0.2792349726775956,0.2792349726775956,0.4098360655737705,0.4098360655737705,0.4098360655737705,0.5573770491803278,0.6229508196721312,0.6721311475409836,0.7377049180327869,0.4098360655737705
1.2,S1.2_I_3_S2toS1,CatBoost,123,61,61,"{'iterations': 1000, 'depth': 4, 'learning_rate': 0.05, 'l2_leaf_reg': 1, 'border_count': 32}",scenario_results_scenarios_2025-12-21_165745_early_stop/catboost_S1.2_I_3_S2toS1_2025-12-21_165745_seed123_early_stop.pkl,1.0,1.0,1.0,1.0,1.0,1.0,1.0,1.0,1.0,1.0,1.0,1.0,1.0,0.4426229508196721,0.3562841530054645,0.3562841530054645,0.32103825136612024,0.32103825136612024,0.4426229508196721,0.4426229508196721,0.4426229508196721,0.5409836065573771,0.639344262295082,0.7049180327868853,0.7540983606557377,0.4426229508196721
1.2,S1.2_T_1_S2toS1,CatBoost,123,61,61,"{'iterations': 1000, 'depth': 4, 'learning_rate': 0.05, 'l2_leaf_reg': 1, 'border_count': 32}",scenario_results_scenarios_2025-12-21_165745_early_stop/catboost_S1.2_T_1_S2toS1_2025-12-21_165745_seed123_early_stop.pkl,1.0,1.0,1.0,1.0,1.0,1.0,1.0,1.0,1.0,1.0,1.0,1.0,1.0,0.3770491803278688,0.2907103825136612,0.2907103825136612,0.25546448087431695,0.25546448087431695,0.3770491803278688,0.3770491803278688,0.3770491803278688,0.5245901639344263,0.6065573770491803,0.6557377049180327,0.7049180327868853,0.3770491803278688
1.2,S1.2_T_2_S2toS1,CatBoost,123,61,61,"{'iterations': 1000, 'depth': 4, 'learning_rate': 0.05, 'l2_leaf_reg': 1, 'border_count': 32}",scenario_results_scenarios_2025-12-21_165745_early_stop/catboost_S1.2_T_2_S2toS1_2025-12-21_165745_seed123_early_stop.pkl,1.0,1.0,1.0,1.0,1.0,1.0,1.0,1.0,1.0,1.0,1.0,1.0,1.0,0.3114754098360656,0.26338797814207643,0.26338797814207643,0.24180327868852458,0.24180327868852458,0.3114754098360656,0.3114754098360656,0.3114754098360656,0.4426229508196721,0.5901639344262295,0.7049180327868853,0.7377049180327869,0.3114754098360656
1.2,S1.2_T_3_S2toS1,CatBoost,123,61,61,"{'iterations': 1000, 'depth': 4, 'learning_rate': 0.05, 'l2_leaf_reg': 1, 'border_count': 32}",scenario_results_scenarios_2025-12-21_165745_early_stop/catboost_S1.2_T_3_S2toS1_2025-12-21_165745_seed123_early_stop.pkl,1.0,1.0,1.0,1.0,1.0,1.0,1.0,1.0,1.0,1.0,1.0,1.0,1.0,0.2786885245901639,0.2240437158469945,0.2240437158469945,0.19945355191256833,0.19945355191256833,0.2786885245901639,0.2786885245901639,0.2786885245901639,0.3442622950819672,0.5409836065573771,0.6229508196721312,0.6557377049180327,0.2786885245901639
1.2,S1.2_F_1_S2toS1,NaiveBayes,123,61,61,"{'priors': None, 'var_smoothing': 1e-09}",scenario_results_scenarios_2025-12-21_165745_early_stop/naivebayes_S1.2_F_1_S2toS1_2025-12-21_165745_seed123_early_stop.pkl,1.0,1.0,1.0,1.0,1.0,1.0,1.0,1.0,1.0,1.0,1.0,1.0,1.0,0.18032786885245902,0.14863387978142076,0.14863387978142076,0.13797814207650272,0.13797814207650272,0.18032786885245902,0.18032786885245902,0.18032786885245902,0.18032786885245902,0.18032786885245902,0.19672131147540983,0.21311475409836064,0.18032786885245902
1.2,S1.2_F_2_S2toS1,NaiveBayes,123,61,61,"{'priors': None, 'var_smoothing': 1e-09}",scenario_results_scenarios_2025-12-21_165745_early_stop/naivebayes_S1.2_F_2_S2toS1_2025-12-21_165745_seed123_early_stop.pkl,1.0,1.0,1.0,1.0,1.0,1.0,1.0,1.0,1.0,1.0,1.0,1.0,1.0,0.13114754098360656,0.11202185792349727,0.11202185792349727,0.10382513661202185,0.10382513661202185,0.13114754098360656,0.13114754098360656,0.13114754098360656,0.14754098360655737,0.16393442622950818,0.18032786885245902,0.19672131147540983,0.13114754098360656
1.2,S1.2_F_3_S2toS1,NaiveBayes,123,61,61,"{'priors': None, 'var_smoothing': 1e-09}",scenario_results_scenarios_2025-12-21_165745_early_stop/naivebayes_S1.2_F_3_S2toS1_2025-12-21_165745_seed123_early_stop.pkl,1.0,1.0,1.0,1.0,1.0,1.0,1.0,1.0,1.0,1.0,1.0,1.0,1.0,0.16393442622950818,0.11420765027322406,0.11420765027322406,0.09562841530054644,0.09562841530054644,0.16393442622950818,0.16393442622950818,0.16393442622950818,0.18032786885245902,0.18032786885245902,0.18032786885245902,0.19672131147540983,0.16393442622950818
1.2,S1.2_I_1_S2toS1,NaiveBayes,123,61,61,"{'priors': None, 'var_smoothing': 1e-09}",scenario_results_scenarios_2025-12-21_165745_early_stop/naivebayes_S1.2_I_1_S2toS1_2025-12-21_165745_seed123_early_stop.pkl,1.0,1.0,1.0,1.0,1.0,1.0,1.0,1.0,1.0,1.0,1.0,1.0,1.0,0.21311475409836064,0.16666666666666666,0.16666666666666666,0.14754098360655737,0.14754098360655737,0.21311475409836064,0.21311475409836064,0.21311475409836064,0.22950819672131148,0.2459016393442623,0.26229508196721313,0.2786885245901639,0.21311475409836064
1.2,S1.2_I_2_S2toS1,NaiveBayes,123,61,61,"{'priors': None, 'var_smoothing': 1e-09}",scenario_results_scenarios_2025-12-21_165745_early_stop/naivebayes_S1.2_I_2_S2toS1_2025-12-21_165745_seed123_early_stop.pkl,1.0,1.0,1.0,1.0,1.0,1.0,1.0,1.0,1.0,1.0,1.0,1.0,1.0,0.14754098360655737,0.08415300546448087,0.08415300546448087,0.0633879781420765,0.0633879781420765,0.14754098360655737,0.14754098360655737,0.14754098360655737,0.16393442622950818,0.18032786885245902,0.19672131147540983,0.21311475409836064,0.14754098360655737
1.2,S1.2_I_3_S2toS1,NaiveBayes,123,61,61,"{'priors': None, 'var_smoothing': 1e-09}",scenario_results_scenarios_2025-12-21_165745_early_stop/naivebayes_S1.2_I_3_S2toS1_2025-12-21_165745_seed123_early_stop.pkl,1.0,1.0,1.0,1.0,1.0,1.0,1.0,1.0,1.0,1.0,1.0,1.0,1.0,0.16393442622950818,0.1150663544106167,0.1150663544106167,0.09699453551912568,0.09699453551912568,0.16393442622950818,0.16393442622950818,0.16393442622950818,0.18032786885245902,0.18032786885245902,0.19672131147540983,0.21311475409836064,0.16393442622950818
1.2,S1.2_T_1_S2toS1,NaiveBayes,123,61,61,"{'priors': None, 'var_smoothing': 1e-09}",scenario_results_scenarios_2025-12-21_165745_early_stop/naivebayes_S1.2_T_1_S2toS1_2025-12-21_165745_seed123_early_stop.pkl,1.0,1.0,1.0,1.0,1.0,1.0,1.0,1.0,1.0,1.0,1.0,1.0,1.0,0.18032786885245902,0.13606557377049178,0.13606557377049178,0.12021857923497267,0.12021857923497267,0.18032786885245902,0.18032786885245902,0.18032786885245902,0.19672131147540983,0.19672131147540983,0.21311475409836064,0.22950819672131148,0.18032786885245902
1.2,S1.2_T_2_S2toS1,NaiveBayes,123,61,61,"{'priors': None, 'var_smoothing': 1e-09}",scenario_results_scenarios_2025-12-21_165745_early_stop/naivebayes_S1.2_T_2_S2toS1_2025-12-21_165745_seed123_early_stop.pkl,1.0,1.0,1.0,1.0,1.0,1.0,1.0,1.0,1.0,1.0,1.0,1.0,1.0,0.21311475409836064,0.1431693989071038,0.1431693989071038,0.11612021857923495,0.11612021857923495,0.21311475409836064,0.21311475409836064,0.21311475409836064,0.22950819672131148,0.2459016393442623,0.2459016393442623,0.26229508196721313,0.21311475409836064
1.2,S1.2_T_3_S2toS1,NaiveBayes,123,61,61,"{'priors': None, 'var_smoothing': 1e-09}",scenario_results_scenarios_2025-12-21_165745_early_stop/naivebayes_S1.2_T_3_S2toS1_2025-12-21_165745_seed123_early_stop.pkl,1.0,1.0,1.0,1.0,1.0,1.0,1.0,1.0,1.0,1.0,1.0,1.0,1.0,0.18032786885245902,0.11779859484777518,0.11779859484777518,0.09699453551912568,0.09699453551912568,0.18032786885245902,0.18032786885245902,0.18032786885245902,0.19672131147540983,0.21311475409836064,0.21311475409836064,0.21311475409836064,0.18032786885245902
1.2,S1.2_F_1_S2toS1,LightGBM,123,61,61,"{'n_estimators': 100, 'max_depth': 6, 'learning_rate': 0.05, 'num_leaves': 31, 'min_child_samples': 20}",scenario_results_scenarios_2025-12-21_165745_early_stop/lightgbm_S1.2_F_1_S2toS1_2025-12-21_165745_seed123_early_stop.pkl,1.0,1.0,1.0,1.0,1.0,1.0,1.0,1.0,1.0,1.0,1.0,1.0,1.0,0.13114754098360656,0.08743169398907105,0.08743169398907105,0.06830601092896174,0.06830601092896174,0.13114754098360656,0.13114754098360656,0.13114754098360656,0.2459016393442623,0.26229508196721313,0.32786885245901637,0.32786885245901637,0.13114754098360656
1.2,S1.2_F_2_S2toS1,LightGBM,123,61,61,"{'n_estimators': 100, 'max_depth': 6, 'learning_rate': 0.05, 'num_leaves': 31, 'min_child_samples': 20}",scenario_results_scenarios_2025-12-21_165745_early_stop/lightgbm_S1.2_F_2_S2toS1_2025-12-21_165745_seed123_early_stop.pkl,1.0,1.0,1.0,1.0,1.0,1.0,1.0,1.0,1.0,1.0,1.0,1.0,1.0,0.18032786885245902,0.13114754098360656,0.13114754098360656,0.1092896174863388,0.1092896174863388,0.18032786885245902,0.18032786885245902,0.18032786885245902,0.3770491803278688,0.4098360655737705,0.4918032786885246,0.5737704918032787,0.18032786885245902
1.2,S1.2_F_3_S2toS1,LightGBM,123,61,61,"{'n_estimators': 100, 'max_depth': 6, 'learning_rate': 0.05, 'num_leaves': 31, 'min_child_samples': 20}",scenario_results_scenarios_2025-12-21_165745_early_stop/lightgbm_S1.2_F_3_S2toS1_2025-12-21_165745_seed123_early_stop.pkl,1.0,1.0,1.0,1.0,1.0,1.0,1.0,1.0,1.0,1.0,1.0,1.0,1.0,0.14754098360655737,0.126775956284153,0.126775956284153,0.12213114754098361,0.12213114754098361,0.14754098360655737,0.14754098360655737,0.14754098360655737,0.3114754098360656,0.4262295081967213,0.45901639344262296,0.5245901639344263,0.14754098360655737
1.2,S1.2_I_1_S2toS1,LightGBM,123,61,61,"{'n_estimators': 100, 'max_depth': 6, 'learning_rate': 0.05, 'num_leaves': 31, 'min_child_samples': 20}",scenario_results_scenarios_2025-12-21_165745_early_stop/lightgbm_S1.2_I_1_S2toS1_2025-12-21_165745_seed123_early_stop.pkl,1.0,1.0,1.0,1.0,1.0,1.0,1.0,1.0,1.0,1.0,1.0,1.0,1.0,0.13114754098360656,0.10304449648711944,0.10304449648711944,0.09562841530054644,0.09562841530054644,0.13114754098360656,0.13114754098360656,0.13114754098360656,0.3114754098360656,0.3770491803278688,0.4426229508196721,0.45901639344262296,0.13114754098360656
1.2,S1.2_I_2_S2toS1,LightGBM,123,61,61,"{'n_estimators': 100, 'max_depth': 6, 'learning_rate': 0.05, 'num_leaves': 31, 'min_child_samples': 20}",scenario_results_scenarios_2025-12-21_165745_early_stop/lightgbm_S1.2_I_2_S2toS1_2025-12-21_165745_seed123_early_stop.pkl,1.0,1.0,1.0,1.0,1.0,1.0,1.0,1.0,1.0,1.0,1.0,1.0,1.0,0.09836065573770492,0.058469945355191254,0.058469945355191254,0.04234972677595628,0.04234972677595628,0.09836065573770492,0.09836065573770492,0.09836065573770492,0.16393442622950818,0.26229508196721313,0.36065573770491804,0.39344262295081966,0.09836065573770492
1.2,S1.2_I_3_S2toS1,LightGBM,123,61,61,"{'n_estimators': 100, 'max_depth': 6, 'learning_rate': 0.05, 'num_leaves': 31, 'min_child_samples': 20}",scenario_results_scenarios_2025-12-21_165745_early_stop/lightgbm_S1.2_I_3_S2toS1_2025-12-21_165745_seed123_early_stop.pkl,1.0,1.0,1.0,1.0,1.0,1.0,1.0,1.0,1.0,1.0,1.0,1.0,1.0,0.14754098360655737,0.11202185792349727,0.11202185792349727,0.09890710382513661,0.09890710382513661,0.14754098360655737,0.14754098360655737,0.14754098360655737,0.21311475409836064,0.29508196721311475,0.39344262295081966,0.4918032786885246,0.14754098360655737
1.2,S1.2_T_1_S2toS1,LightGBM,123,61,61,"{'n_estimators': 100, 'max_depth': 6, 'learning_rate': 0.05, 'num_leaves': 31, 'min_child_samples': 20}",scenario_results_scenarios_2025-12-21_165745_early_stop/lightgbm_S1.2_T_1_S2toS1_2025-12-21_165745_seed123_early_stop.pkl,1.0,1.0,1.0,1.0,1.0,1.0,1.0,1.0,1.0,1.0,1.0,1.0,1.0,0.2786885245901639,0.22131147540983603,0.22131147540983603,0.19672131147540983,0.19672131147540983,0.2786885245901639,0.2786885245901639,0.2786885245901639,0.39344262295081966,0.45901639344262296,0.47540983606557374,0.5081967213114754,0.2786885245901639
1.2,S1.2_T_2_S2toS1,LightGBM,123,61,61,"{'n_estimators': 100, 'max_depth': 6, 'learning_rate': 0.05, 'num_leaves': 31, 'min_child_samples': 20}",scenario_results_scenarios_2025-12-21_165745_early_stop/lightgbm_S1.2_T_2_S2toS1_2025-12-21_165745_seed123_early_stop.pkl,1.0,1.0,1.0,1.0,1.0,1.0,1.0,1.0,1.0,1.0,1.0,1.0,1.0,0.21311475409836064,0.13770491803278687,0.13770491803278687,0.11065573770491802,0.11065573770491802,0.21311475409836064,0.21311475409836064,0.21311475409836064,0.2786885245901639,0.32786885245901637,0.3770491803278688,0.4098360655737705,0.21311475409836064
1.2,S1.2_T_3_S2toS1,LightGBM,123,61,61,"{'n_estimators': 100, 'max_depth': 6, 'learning_rate': 0.05, 'num_leaves': 31, 'min_child_samples': 20}",scenario_results_scenarios_2025-12-21_165745_early_stop/lightgbm_S1.2_T_3_S2toS1_2025-12-21_165745_seed123_early_stop.pkl,1.0,1.0,1.0,1.0,1.0,1.0,1.0,1.0,1.0,1.0,1.0,1.0,1.0,0.13114754098360656,0.10109289617486339,0.10109289617486339,0.08743169398907104,0.08743169398907104,0.13114754098360656,0.13114754098360656,0.13114754098360656,0.21311475409836064,0.29508196721311475,0.36065573770491804,0.4262295081967213,0.13114754098360656
1.2,S1.2_F_1_S2toS1,ExtraTrees,123,61,61,"{'n_estimators': 100, 'max_depth': 10, 'min_samples_split': 2, 'min_samples_leaf': 1, 'max_features': 'sqrt', 'bootstrap': False, 'criterion': 'gini'}",scenario_results_scenarios_2025-12-21_165745_early_stop/extratrees_S1.2_F_1_S2toS1_2025-12-21_165745_seed123_early_stop.pkl,1.0,1.0,1.0,1.0,1.0,1.0,1.0,1.0,1.0,1.0,1.0,1.0,1.0,0.3114754098360656,0.2426229508196721,0.2426229508196721,0.21584699453551912,0.21584699453551912,0.3114754098360656,0.3114754098360656,0.3114754098360656,0.39344262295081966,0.47540983606557374,0.5573770491803278,0.6229508196721312,0.3114754098360656
1.2,S1.2_F_2_S2toS1,ExtraTrees,123,61,61,"{'n_estimators': 100, 'max_depth': 10, 'min_samples_split': 2, 'min_samples_leaf': 1, 'max_features': 'sqrt', 'bootstrap': False, 'criterion': 'gini'}",scenario_results_scenarios_2025-12-21_165745_early_stop/extratrees_S1.2_F_2_S2toS1_2025-12-21_165745_seed123_early_stop.pkl,1.0,1.0,1.0,1.0,1.0,1.0,1.0,1.0,1.0,1.0,1.0,1.0,1.0,0.3442622950819672,0.27049180327868855,0.27049180327868855,0.24043715846994534,0.24043715846994534,0.3442622950819672,0.3442622950819672,0.32786885245901637,0.5245901639344263,0.6721311475409836,0.7540983606557377,0.7868852459016393,0.32786885245901637
1.2,S1.2_F_3_S2toS1,ExtraTrees,123,61,61,"{'n_estimators': 100, 'max_depth': 10, 'min_samples_split': 2, 'min_samples_leaf': 1, 'max_features': 'sqrt', 'bootstrap': False, 'criterion': 'gini'}",scenario_results_scenarios_2025-12-21_165745_early_stop/extratrees_S1.2_F_3_S2toS1_2025-12-21_165745_seed123_early_stop.pkl,1.0,1.0,1.0,1.0,1.0,1.0,1.0,1.0,1.0,1.0,1.0,1.0,1.0,0.29508196721311475,0.22677595628415298,0.22677595628415298,0.19398907103825136,0.19398907103825136,0.29508196721311475,0.29508196721311475,0.3114754098360656,0.5081967213114754,0.6065573770491803,0.6721311475409836,0.7213114754098361,0.2786885245901639
1.2,S1.2_I_1_S2toS1,ExtraTrees,123,61,61,"{'n_estimators': 100, 'max_depth': 10, 'min_samples_split': 2, 'min_samples_leaf': 1, 'max_features': 'sqrt', 'bootstrap': False, 'criterion': 'gini'}",scenario_results_scenarios_2025-12-21_165745_early_stop/extratrees_S1.2_I_1_S2toS1_2025-12-21_165745_seed123_early_stop.pkl,1.0,1.0,1.0,1.0,1.0,1.0,1.0,1.0,1.0,1.0,1.0,1.0,1.0,0.3114754098360656,0.24808743169398906,0.24808743169398906,0.22404371584699453,0.22404371584699453,0.3114754098360656,0.3114754098360656,0.29508196721311475,0.45901639344262296,0.5573770491803278,0.639344262295082,0.6557377049180327,0.29508196721311475
1.2,S1.2_I_2_S2toS1,ExtraTrees,123,61,61,"{'n_estimators': 100, 'max_depth': 10, 'min_samples_split': 2, 'min_samples_leaf': 1, 'max_features': 'sqrt', 'bootstrap': False, 'criterion': 'gini'}",scenario_results_scenarios_2025-12-21_165745_early_stop/extratrees_S1.2_I_2_S2toS1_2025-12-21_165745_seed123_early_stop.pkl,1.0,1.0,1.0,1.0,1.0,1.0,1.0,1.0,1.0,1.0,1.0,1.0,1.0,0.36065573770491804,0.2836065573770492,0.2836065573770492,0.2568306010928961,0.2568306010928961,0.36065573770491804,0.36065573770491804,0.3114754098360656,0.45901639344262296,0.5409836065573771,0.6721311475409836,0.7213114754098361,0.29508196721311475
1.2,S1.2_I_3_S2toS1,ExtraTrees,123,61,61,"{'n_estimators': 100, 'max_depth': 10, 'min_samples_split': 2, 'min_samples_leaf': 1, 'max_features': 'sqrt', 'bootstrap': False, 'criterion': 'gini'}",scenario_results_scenarios_2025-12-21_165745_early_stop/extratrees_S1.2_I_3_S2toS1_2025-12-21_165745_seed123_early_stop.pkl,1.0,1.0,1.0,1.0,1.0,1.0,1.0,1.0,1.0,1.0,1.0,1.0,1.0,0.32786885245901637,0.2442622950819672,0.2442622950819672,0.20901639344262296,0.20901639344262296,0.32786885245901637,0.32786885245901637,0.32786885245901637,0.5573770491803278,0.5901639344262295,0.6721311475409836,0.7377049180327869,0.3114754098360656
1.2,S1.2_T_1_S2toS1,ExtraTrees,123,61,61,"{'n_estimators': 100, 'max_depth': 10, 'min_samples_split': 2, 'min_samples_leaf': 1, 'max_features': 'sqrt', 'bootstrap': False, 'criterion': 'gini'}",scenario_results_scenarios_2025-12-21_165745_early_stop/extratrees_S1.2_T_1_S2toS1_2025-12-21_165745_seed123_early_stop.pkl,1.0,1.0,1.0,1.0,1.0,1.0,1.0,1.0,1.0,1.0,1.0,1.0,1.0,0.3442622950819672,0.28415300546448086,0.28415300546448086,0.2568306010928962,0.2568306010928962,0.3442622950819672,0.3442622950819672,0.36065573770491804,0.5081967213114754,0.6065573770491803,0.639344262295082,0.6721311475409836,0.3114754098360656
1.2,S1.2_T_2_S2toS1,ExtraTrees,123,61,61,"{'n_estimators': 100, 'max_depth': 10, 'min_samples_split': 2, 'min_samples_leaf': 1, 'max_features': 'sqrt', 'bootstrap': False, 'criterion': 'gini'}",scenario_results_scenarios_2025-12-21_165745_early_stop/extratrees_S1.2_T_2_S2toS1_2025-12-21_165745_seed123_early_stop.pkl,1.0,1.0,1.0,1.0,1.0,1.0,1.0,1.0,1.0,1.0,1.0,1.0,1.0,0.26229508196721313,0.1972677595628415,0.1972677595628415,0.1734972677595628,0.1734972677595628,0.26229508196721313,0.26229508196721313,0.29508196721311475,0.5245901639344263,0.6065573770491803,0.639344262295082,0.7049180327868853,0.26229508196721313
1.2,S1.2_T_3_S2toS1,ExtraTrees,123,61,61,"{'n_estimators': 100, 'max_depth': 10, 'min_samples_split': 2, 'min_samples_leaf': 1, 'max_features': 'sqrt', 'bootstrap': False, 'criterion': 'gini'}",scenario_results_scenarios_2025-12-21_165745_early_stop/extratrees_S1.2_T_3_S2toS1_2025-12-21_165745_seed123_early_stop.pkl,1.0,1.0,1.0,1.0,1.0,1.0,1.0,1.0,1.0,1.0,1.0,1.0,1.0,0.29508196721311475,0.260655737704918,0.260655737704918,0.2472677595628415,0.2472677595628415,0.29508196721311475,0.29508196721311475,0.29508196721311475,0.5245901639344263,0.5737704918032787,0.6065573770491803,0.6557377049180327,0.2786885245901639
1.2,S1.2_F_1_S2toS1,RandomForest,456,61,61,"{'n_estimators': 100, 'max_depth': 10, 'min_samples_split': 2, 'min_samples_leaf': 1, 'max_features': 'sqrt', 'bootstrap': True}",scenario_results_scenarios_2025-12-21_165745_early_stop/randomforest_S1.2_F_1_S2toS1_2025-12-21_165745_seed456_early_stop.pkl,1.0,1.0,1.0,1.0,1.0,1.0,1.0,1.0,1.0,1.0,1.0,1.0,1.0,0.09836065573770492,0.06666666666666667,0.06666666666666667,0.05327868852459016,0.05327868852459016,0.09836065573770492,0.09836065573770492,0.09836065573770492,0.2459016393442623,0.3442622950819672,0.5081967213114754,0.5901639344262295,0.09836065573770492
1.2,S1.2_F_2_S2toS1,RandomForest,456,61,61,"{'n_estimators': 100, 'max_depth': 10, 'min_samples_split': 2, 'min_samples_leaf': 1, 'max_features': 'sqrt', 'bootstrap': True}",scenario_results_scenarios_2025-12-21_165745_early_stop/randomforest_S1.2_F_2_S2toS1_2025-12-21_165745_seed456_early_stop.pkl,1.0,1.0,1.0,1.0,1.0,1.0,1.0,1.0,1.0,1.0,1.0,1.0,1.0,0.26229508196721313,0.18415300546448085,0.18415300546448085,0.15491803278688523,0.15491803278688523,0.26229508196721313,0.26229508196721313,0.2459016393442623,0.45901639344262296,0.5901639344262295,0.639344262295082,0.6721311475409836,0.2459016393442623
1.2,S1.2_F_3_S2toS1,RandomForest,456,61,61,"{'n_estimators': 100, 'max_depth': 10, 'min_samples_split': 2, 'min_samples_leaf': 1, 'max_features': 'sqrt', 'bootstrap': True}",scenario_results_scenarios_2025-12-21_165745_early_stop/randomforest_S1.2_F_3_S2toS1_2025-12-21_165745_seed456_early_stop.pkl,1.0,1.0,1.0,1.0,1.0,1.0,1.0,1.0,1.0,1.0,1.0,1.0,1.0,0.19672131147540983,0.16939890710382513,0.16939890710382513,0.15846994535519124,0.15846994535519124,0.19672131147540983,0.19672131147540983,0.22950819672131148,0.3114754098360656,0.5081967213114754,0.6229508196721312,0.639344262295082,0.19672131147540983
1.2,S1.2_I_1_S2toS1,RandomForest,456,61,61,"{'n_estimators': 100, 'max_depth': 10, 'min_samples_split': 2, 'min_samples_leaf': 1, 'max_features': 'sqrt', 'bootstrap': True}",scenario_results_scenarios_2025-12-21_165745_early_stop/randomforest_S1.2_I_1_S2toS1_2025-12-21_165745_seed456_early_stop.pkl,1.0,1.0,1.0,1.0,1.0,1.0,1.0,1.0,1.0,1.0,1.0,1.0,1.0,0.11475409836065574,0.07486338797814207,0.07486338797814207,0.06147540983606557,0.06147540983606557,0.11475409836065574,0.11475409836065574,0.16393442622950818,0.21311475409836064,0.3114754098360656,0.4098360655737705,0.47540983606557374,0.11475409836065574
1.2,S1.2_I_2_S2toS1,RandomForest,456,61,61,"{'n_estimators': 100, 'max_depth': 10, 'min_samples_split': 2, 'min_samples_leaf': 1, 'max_features': 'sqrt', 'bootstrap': True}",scenario_results_scenarios_2025-12-21_165745_early_stop/randomforest_S1.2_I_2_S2toS1_2025-12-21_165745_seed456_early_stop.pkl,1.0,1.0,1.0,1.0,1.0,1.0,1.0,1.0,1.0,1.0,1.0,1.0,1.0,0.26229508196721313,0.18087431693989067,0.18087431693989067,0.15163934426229508,0.15163934426229508,0.26229508196721313,0.26229508196721313,0.26229508196721313,0.4262295081967213,0.5573770491803278,0.5737704918032787,0.6229508196721312,0.2459016393442623
1.2,S1.2_I_3_S2toS1,RandomForest,456,61,61,"{'n_estimators': 100, 'max_depth': 10, 'min_samples_split': 2, 'min_samples_leaf': 1, 'max_features': 'sqrt', 'bootstrap': True}",scenario_results_scenarios_2025-12-21_165745_early_stop/randomforest_S1.2_I_3_S2toS1_2025-12-21_165745_seed456_early_stop.pkl,1.0,1.0,1.0,1.0,1.0,1.0,1.0,1.0,1.0,1.0,1.0,1.0,1.0,0.3442622950819672,0.26885245901639343,0.26885245901639343,0.23633879781420764,0.23633879781420764,0.3442622950819672,0.3442622950819672,0.3442622950819672,0.4426229508196721,0.5081967213114754,0.5737704918032787,0.639344262295082,0.3114754098360656
1.2,S1.2_T_1_S2toS1,RandomForest,456,61,61,"{'n_estimators': 100, 'max_depth': 10, 'min_samples_split': 2, 'min_samples_leaf': 1, 'max_features': 'sqrt', 'bootstrap': True}",scenario_results_scenarios_2025-12-21_165745_early_stop/randomforest_S1.2_T_1_S2toS1_2025-12-21_165745_seed456_early_stop.pkl,1.0,1.0,1.0,1.0,1.0,1.0,1.0,1.0,1.0,1.0,1.0,1.0,1.0,0.32786885245901637,0.2595628415300546,0.2595628415300546,0.23278688524590166,0.23278688524590166,0.32786885245901637,0.32786885245901637,0.3442622950819672,0.47540983606557374,0.5409836065573771,0.6065573770491803,0.639344262295082,0.32786885245901637
1.2,S1.2_T_2_S2toS1,RandomForest,456,61,61,"{'n_estimators': 100, 'max_depth': 10, 'min_samples_split': 2, 'min_samples_leaf': 1, 'max_features': 'sqrt', 'bootstrap': True}",scenario_results_scenarios_2025-12-21_165745_early_stop/randomforest_S1.2_T_2_S2toS1_2025-12-21_165745_seed456_early_stop.pkl,1.0,1.0,1.0,1.0,1.0,1.0,1.0,1.0,1.0,1.0,1.0,1.0,1.0,0.21311475409836064,0.1557377049180328,0.1557377049180328,0.13442622950819672,0.13442622950819672,0.21311475409836064,0.21311475409836064,0.22950819672131148,0.36065573770491804,0.47540983606557374,0.5573770491803278,0.639344262295082,0.19672131147540983
1.2,S1.2_T_3_S2toS1,RandomForest,456,61,61,"{'n_estimators': 100, 'max_depth': 10, 'min_samples_split': 2, 'min_samples_leaf': 1, 'max_features': 'sqrt', 'bootstrap': True}",scenario_results_scenarios_2025-12-21_165745_early_stop/randomforest_S1.2_T_3_S2toS1_2025-12-21_165745_seed456_early_stop.pkl,1.0,1.0,1.0,1.0,1.0,1.0,1.0,1.0,1.0,1.0,1.0,1.0,1.0,0.18032786885245902,0.13114754098360656,0.13114754098360656,0.11202185792349727,0.11202185792349727,0.18032786885245902,0.18032786885245902,0.16393442622950818,0.32786885245901637,0.4262295081967213,0.5901639344262295,0.639344262295082,0.16393442622950818
1.2,S1.2_F_1_S2toS1,XGBoost,456,61,61,"{'n_estimators': 1000, 'max_depth': 4, 'learning_rate': 0.05, 'subsample': 0.8, 'colsample_bytree': 0.8, 'reg_lambda': 1, 'device': 'cuda'}",scenario_results_scenarios_2025-12-21_165745_early_stop/xgboost_S1.2_F_1_S2toS1_2025-12-21_165745_seed456_early_stop.pkl,0.01639344262295082,0.0005288207297726071,0.0005288207297726071,0.0002687449610319807,0.0002687449610319807,0.01639344262295082,0.01639344262295082,0.01639344262295082,0.03278688524590164,0.04918032786885246,0.06557377049180328,0.08196721311475409,0.0,0.01639344262295082,0.0005288207297726071,0.0005288207297726071,0.0002687449610319807,0.0002687449610319807,0.01639344262295082,0.01639344262295082,0.01639344262295082,0.03278688524590164,0.04918032786885246,0.06557377049180328,0.08196721311475409,0.0
1.2,S1.2_F_2_S2toS1,XGBoost,456,61,61,"{'n_estimators': 1000, 'max_depth': 4, 'learning_rate': 0.05, 'subsample': 0.8, 'colsample_bytree': 0.8, 'reg_lambda': 1, 'device': 'cuda'}",scenario_results_scenarios_2025-12-21_165745_early_stop/xgboost_S1.2_F_2_S2toS1_2025-12-21_165745_seed456_early_stop.pkl,0.01639344262295082,0.0005288207297726071,0.0005288207297726071,0.0002687449610319807,0.0002687449610319807,0.01639344262295082,0.01639344262295082,0.01639344262295082,0.03278688524590164,0.04918032786885246,0.06557377049180328,0.08196721311475409,0.0,0.01639344262295082,0.0005288207297726071,0.0005288207297726071,0.0002687449610319807,0.0002687449610319807,0.01639344262295082,0.01639344262295082,0.01639344262295082,0.03278688524590164,0.04918032786885246,0.06557377049180328,0.08196721311475409,0.0
1.2,S1.2_F_3_S2toS1,XGBoost,456,61,61,"{'n_estimators': 1000, 'max_depth': 4, 'learning_rate': 0.05, 'subsample': 0.8, 'colsample_bytree': 0.8, 'reg_lambda': 1, 'device': 'cuda'}",scenario_results_scenarios_2025-12-21_165745_early_stop/xgboost_S1.2_F_3_S2toS1_2025-12-21_165745_seed456_early_stop.pkl,0.01639344262295082,0.0005288207297726071,0.0005288207297726071,0.0002687449610319807,0.0002687449610319807,0.01639344262295082,0.01639344262295082,0.01639344262295082,0.03278688524590164,0.04918032786885246,0.06557377049180328,0.08196721311475409,0.0,0.01639344262295082,0.0005288207297726071,0.0005288207297726071,0.0002687449610319807,0.0002687449610319807,0.01639344262295082,0.01639344262295082,0.01639344262295082,0.03278688524590164,0.04918032786885246,0.06557377049180328,0.08196721311475409,0.0
1.2,S1.2_I_1_S2toS1,XGBoost,456,61,61,"{'n_estimators': 1000, 'max_depth': 4, 'learning_rate': 0.05, 'subsample': 0.8, 'colsample_bytree': 0.8, 'reg_lambda': 1, 'device': 'cuda'}",scenario_results_scenarios_2025-12-21_165745_early_stop/xgboost_S1.2_I_1_S2toS1_2025-12-21_165745_seed456_early_stop.pkl,0.01639344262295082,0.0005288207297726071,0.0005288207297726071,0.0002687449610319807,0.0002687449610319807,0.01639344262295082,0.01639344262295082,0.01639344262295082,0.03278688524590164,0.04918032786885246,0.06557377049180328,0.08196721311475409,0.0,0.01639344262295082,0.0005288207297726071,0.0005288207297726071,0.0002687449610319807,0.0002687449610319807,0.01639344262295082,0.01639344262295082,0.01639344262295082,0.03278688524590164,0.04918032786885246,0.06557377049180328,0.08196721311475409,0.0
1.2,S1.2_I_2_S2toS1,XGBoost,456,61,61,"{'n_estimators': 1000, 'max_depth': 4, 'learning_rate': 0.05, 'subsample': 0.8, 'colsample_bytree': 0.8, 'reg_lambda': 1, 'device': 'cuda'}",scenario_results_scenarios_2025-12-21_165745_early_stop/xgboost_S1.2_I_2_S2toS1_2025-12-21_165745_seed456_early_stop.pkl,0.01639344262295082,0.0005288207297726071,0.0005288207297726071,0.0002687449610319807,0.0002687449610319807,0.01639344262295082,0.01639344262295082,0.01639344262295082,0.03278688524590164,0.04918032786885246,0.06557377049180328,0.08196721311475409,0.0,0.01639344262295082,0.0005288207297726071,0.0005288207297726071,0.0002687449610319807,0.0002687449610319807,0.01639344262295082,0.01639344262295082,0.01639344262295082,0.03278688524590164,0.04918032786885246,0.06557377049180328,0.08196721311475409,0.0
1.2,S1.2_I_3_S2toS1,XGBoost,456,61,61,"{'n_estimators': 1000, 'max_depth': 4, 'learning_rate': 0.05, 'subsample': 0.8, 'colsample_bytree': 0.8, 'reg_lambda': 1, 'device': 'cuda'}",scenario_results_scenarios_2025-12-21_165745_early_stop/xgboost_S1.2_I_3_S2toS1_2025-12-21_165745_seed456_early_stop.pkl,0.01639344262295082,0.0005288207297726071,0.0005288207297726071,0.0002687449610319807,0.0002687449610319807,0.01639344262295082,0.01639344262295082,0.01639344262295082,0.03278688524590164,0.04918032786885246,0.06557377049180328,0.08196721311475409,0.0,0.01639344262295082,0.0005288207297726071,0.0005288207297726071,0.0002687449610319807,0.0002687449610319807,0.01639344262295082,0.01639344262295082,0.01639344262295082,0.03278688524590164,0.04918032786885246,0.06557377049180328,0.08196721311475409,0.0
1.2,S1.2_T_1_S2toS1,XGBoost,456,61,61,"{'n_estimators': 1000, 'max_depth': 4, 'learning_rate': 0.05, 'subsample': 0.8, 'colsample_bytree': 0.8, 'reg_lambda': 1, 'device': 'cuda'}",scenario_results_scenarios_2025-12-21_165745_early_stop/xgboost_S1.2_T_1_S2toS1_2025-12-21_165745_seed456_early_stop.pkl,0.01639344262295082,0.0005288207297726071,0.0005288207297726071,0.0002687449610319807,0.0002687449610319807,0.01639344262295082,0.01639344262295082,0.01639344262295082,0.03278688524590164,0.04918032786885246,0.06557377049180328,0.08196721311475409,0.0,0.01639344262295082,0.0005288207297726071,0.0005288207297726071,0.0002687449610319807,0.0002687449610319807,0.01639344262295082,0.01639344262295082,0.01639344262295082,0.03278688524590164,0.04918032786885246,0.06557377049180328,0.08196721311475409,0.0
1.2,S1.2_T_2_S2toS1,XGBoost,456,61,61,"{'n_estimators': 1000, 'max_depth': 4, 'learning_rate': 0.05, 'subsample': 0.8, 'colsample_bytree': 0.8, 'reg_lambda': 1, 'device': 'cuda'}",scenario_results_scenarios_2025-12-21_165745_early_stop/xgboost_S1.2_T_2_S2toS1_2025-12-21_165745_seed456_early_stop.pkl,0.01639344262295082,0.0005288207297726071,0.0005288207297726071,0.0002687449610319807,0.0002687449610319807,0.01639344262295082,0.01639344262295082,0.01639344262295082,0.03278688524590164,0.04918032786885246,0.06557377049180328,0.08196721311475409,0.0,0.01639344262295082,0.0005288207297726071,0.0005288207297726071,0.0002687449610319807,0.0002687449610319807,0.01639344262295082,0.01639344262295082,0.01639344262295082,0.03278688524590164,0.04918032786885246,0.06557377049180328,0.08196721311475409,0.0
1.2,S1.2_T_3_S2toS1,XGBoost,456,61,61,"{'n_estimators': 1000, 'max_depth': 4, 'learning_rate': 0.05, 'subsample': 0.8, 'colsample_bytree': 0.8, 'reg_lambda': 1, 'device': 'cuda'}",scenario_results_scenarios_2025-12-21_165745_early_stop/xgboost_S1.2_T_3_S2toS1_2025-12-21_165745_seed456_early_stop.pkl,0.01639344262295082,0.0005288207297726071,0.0005288207297726071,0.0002687449610319807,0.0002687449610319807,0.01639344262295082,0.01639344262295082,0.01639344262295082,0.03278688524590164,0.04918032786885246,0.06557377049180328,0.08196721311475409,0.0,0.01639344262295082,0.0005288207297726071,0.0005288207297726071,0.0002687449610319807,0.0002687449610319807,0.01639344262295082,0.01639344262295082,0.01639344262295082,0.03278688524590164,0.04918032786885246,0.06557377049180328,0.08196721311475409,0.0
1.2,S1.2_F_1_S2toS1,CatBoost,456,61,61,"{'iterations': 1000, 'depth': 4, 'learning_rate': 0.05, 'l2_leaf_reg': 1, 'border_count': 32}",scenario_results_scenarios_2025-12-21_165745_early_stop/catboost_S1.2_F_1_S2toS1_2025-12-21_165745_seed456_early_stop.pkl,1.0,1.0,1.0,1.0,1.0,1.0,1.0,1.0,1.0,1.0,1.0,1.0,1.0,0.22950819672131148,0.160655737704918,0.160655737704918,0.1371584699453552,0.1371584699453552,0.22950819672131148,0.22950819672131148,0.22950819672131148,0.3770491803278688,0.5409836065573771,0.639344262295082,0.7049180327868853,0.22950819672131148
1.2,S1.2_F_2_S2toS1,CatBoost,456,61,61,"{'iterations': 1000, 'depth': 4, 'learning_rate': 0.05, 'l2_leaf_reg': 1, 'border_count': 32}",scenario_results_scenarios_2025-12-21_165745_early_stop/catboost_S1.2_F_2_S2toS1_2025-12-21_165745_seed456_early_stop.pkl,1.0,1.0,1.0,1.0,1.0,1.0,1.0,1.0,1.0,1.0,1.0,1.0,1.0,0.29508196721311475,0.22950819672131145,0.22950819672131145,0.20218579234972675,0.20218579234972675,0.29508196721311475,0.29508196721311475,0.29508196721311475,0.4918032786885246,0.6557377049180327,0.7049180327868853,0.7704918032786885,0.29508196721311475
1.2,S1.2_F_3_S2toS1,CatBoost,456,61,61,"{'iterations': 1000, 'depth': 4, 'learning_rate': 0.05, 'l2_leaf_reg': 1, 'border_count': 32}",scenario_results_scenarios_2025-12-21_165745_early_stop/catboost_S1.2_F_3_S2toS1_2025-12-21_165745_seed456_early_stop.pkl,1.0,1.0,1.0,1.0,1.0,1.0,1.0,1.0,1.0,1.0,1.0,1.0,1.0,0.29508196721311475,0.21693989071038247,0.21693989071038247,0.18715846994535518,0.18715846994535518,0.29508196721311475,0.29508196721311475,0.29508196721311475,0.45901639344262296,0.5901639344262295,0.639344262295082,0.6885245901639344,0.29508196721311475
1.2,S1.2_I_1_S2toS1,CatBoost,456,61,61,"{'iterations': 1000, 'depth': 4, 'learning_rate': 0.05, 'l2_leaf_reg': 1, 'border_count': 32}",scenario_results_scenarios_2025-12-21_165745_early_stop/catboost_S1.2_I_1_S2toS1_2025-12-21_165745_seed456_early_stop.pkl,1.0,1.0,1.0,1.0,1.0,1.0,1.0,1.0,1.0,1.0,1.0,1.0,1.0,0.22950819672131148,0.1721311475409836,0.1721311475409836,0.14754098360655737,0.14754098360655737,0.22950819672131148,0.22950819672131148,0.22950819672131148,0.4098360655737705,0.45901639344262296,0.5409836065573771,0.6229508196721312,0.22950819672131148
1.2,S1.2_I_2_S2toS1,CatBoost,456,61,61,"{'iterations': 1000, 'depth': 4, 'learning_rate': 0.05, 'l2_leaf_reg': 1, 'border_count': 32}",scenario_results_scenarios_2025-12-21_165745_early_stop/catboost_S1.2_I_2_S2toS1_2025-12-21_165745_seed456_early_stop.pkl,1.0,1.0,1.0,1.0,1.0,1.0,1.0,1.0,1.0,1.0,1.0,1.0,1.0,0.36065573770491804,0.2890710382513661,0.2890710382513661,0.26229508196721313,0.26229508196721313,0.36065573770491804,0.36065573770491804,0.36065573770491804,0.5409836065573771,0.6229508196721312,0.6885245901639344,0.7377049180327869,0.36065573770491804
1.2,S1.2_I_3_S2toS1,CatBoost,456,61,61,"{'iterations': 1000, 'depth': 4, 'learning_rate': 0.05, 'l2_leaf_reg': 1, 'border_count': 32}",scenario_results_scenarios_2025-12-21_165745_early_stop/catboost_S1.2_I_3_S2toS1_2025-12-21_165745_seed456_early_stop.pkl,1.0,1.0,1.0,1.0,1.0,1.0,1.0,1.0,1.0,1.0,1.0,1.0,1.0,0.4262295081967213,0.33879781420765026,0.33879781420765026,0.30054644808743175,0.30054644808743175,0.4262295081967213,0.4262295081967213,0.4262295081967213,0.5737704918032787,0.5901639344262295,0.6557377049180327,0.7213114754098361,0.4262295081967213
1.2,S1.2_T_1_S2toS1,CatBoost,456,61,61,"{'iterations': 1000, 'depth': 4, 'learning_rate': 0.05, 'l2_leaf_reg': 1, 'border_count': 32}",scenario_results_scenarios_2025-12-21_165745_early_stop/catboost_S1.2_T_1_S2toS1_2025-12-21_165745_seed456_early_stop.pkl,1.0,1.0,1.0,1.0,1.0,1.0,1.0,1.0,1.0,1.0,1.0,1.0,1.0,0.3442622950819672,0.27049180327868855,0.27049180327868855,0.23770491803278687,0.23770491803278687,0.3442622950819672,0.3442622950819672,0.3442622950819672,0.45901639344262296,0.5245901639344263,0.5901639344262295,0.639344262295082,0.3442622950819672
1.2,S1.2_T_2_S2toS1,CatBoost,456,61,61,"{'iterations': 1000, 'depth': 4, 'learning_rate': 0.05, 'l2_leaf_reg': 1, 'border_count': 32}",scenario_results_scenarios_2025-12-21_165745_early_stop/catboost_S1.2_T_2_S2toS1_2025-12-21_165745_seed456_early_stop.pkl,1.0,1.0,1.0,1.0,1.0,1.0,1.0,1.0,1.0,1.0,1.0,1.0,1.0,0.2786885245901639,0.2185792349726776,0.2185792349726776,0.1912568306010929,0.1912568306010929,0.2786885245901639,0.2786885245901639,0.2786885245901639,0.4426229508196721,0.5901639344262295,0.6557377049180327,0.6721311475409836,0.2786885245901639
1.2,S1.2_T_3_S2toS1,CatBoost,456,61,61,"{'iterations': 1000, 'depth': 4, 'learning_rate': 0.05, 'l2_leaf_reg': 1, 'border_count': 32}",scenario_results_scenarios_2025-12-21_165745_early_stop/catboost_S1.2_T_3_S2toS1_2025-12-21_165745_seed456_early_stop.pkl,1.0,1.0,1.0,1.0,1.0,1.0,1.0,1.0,1.0,1.0,1.0,1.0,1.0,0.2786885245901639,0.21857923497267756,0.21857923497267756,0.19453551912568307,0.19453551912568307,0.2786885245901639,0.2786885245901639,0.2786885245901639,0.3442622950819672,0.5245901639344263,0.6065573770491803,0.6229508196721312,0.2786885245901639
1.2,S1.2_F_1_S2toS1,NaiveBayes,456,61,61,"{'priors': None, 'var_smoothing': 1e-09}",scenario_results_scenarios_2025-12-21_165745_early_stop/naivebayes_S1.2_F_1_S2toS1_2025-12-21_165745_seed456_early_stop.pkl,1.0,1.0,1.0,1.0,1.0,1.0,1.0,1.0,1.0,1.0,1.0,1.0,1.0,0.18032786885245902,0.14863387978142076,0.14863387978142076,0.13797814207650272,0.13797814207650272,0.18032786885245902,0.18032786885245902,0.18032786885245902,0.18032786885245902,0.18032786885245902,0.19672131147540983,0.21311475409836064,0.18032786885245902
1.2,S1.2_F_2_S2toS1,NaiveBayes,456,61,61,"{'priors': None, 'var_smoothing': 1e-09}",scenario_results_scenarios_2025-12-21_165745_early_stop/naivebayes_S1.2_F_2_S2toS1_2025-12-21_165745_seed456_early_stop.pkl,1.0,1.0,1.0,1.0,1.0,1.0,1.0,1.0,1.0,1.0,1.0,1.0,1.0,0.13114754098360656,0.11202185792349727,0.11202185792349727,0.10382513661202185,0.10382513661202185,0.13114754098360656,0.13114754098360656,0.13114754098360656,0.14754098360655737,0.16393442622950818,0.18032786885245902,0.19672131147540983,0.13114754098360656
1.2,S1.2_F_3_S2toS1,NaiveBayes,456,61,61,"{'priors': None, 'var_smoothing': 1e-09}",scenario_results_scenarios_2025-12-21_165745_early_stop/naivebayes_S1.2_F_3_S2toS1_2025-12-21_165745_seed456_early_stop.pkl,1.0,1.0,1.0,1.0,1.0,1.0,1.0,1.0,1.0,1.0,1.0,1.0,1.0,0.16393442622950818,0.11420765027322406,0.11420765027322406,0.09562841530054644,0.09562841530054644,0.16393442622950818,0.16393442622950818,0.16393442622950818,0.18032786885245902,0.18032786885245902,0.18032786885245902,0.19672131147540983,0.16393442622950818
1.2,S1.2_I_1_S2toS1,NaiveBayes,456,61,61,"{'priors': None, 'var_smoothing': 1e-09}",scenario_results_scenarios_2025-12-21_165745_early_stop/naivebayes_S1.2_I_1_S2toS1_2025-12-21_165745_seed456_early_stop.pkl,1.0,1.0,1.0,1.0,1.0,1.0,1.0,1.0,1.0,1.0,1.0,1.0,1.0,0.21311475409836064,0.16666666666666666,0.16666666666666666,0.14754098360655737,0.14754098360655737,0.21311475409836064,0.21311475409836064,0.21311475409836064,0.22950819672131148,0.2459016393442623,0.26229508196721313,0.2786885245901639,0.21311475409836064
1.2,S1.2_I_2_S2toS1,NaiveBayes,456,61,61,"{'priors': None, 'var_smoothing': 1e-09}",scenario_results_scenarios_2025-12-21_165745_early_stop/naivebayes_S1.2_I_2_S2toS1_2025-12-21_165745_seed456_early_stop.pkl,1.0,1.0,1.0,1.0,1.0,1.0,1.0,1.0,1.0,1.0,1.0,1.0,1.0,0.14754098360655737,0.08415300546448087,0.08415300546448087,0.0633879781420765,0.0633879781420765,0.14754098360655737,0.14754098360655737,0.14754098360655737,0.16393442622950818,0.18032786885245902,0.19672131147540983,0.21311475409836064,0.14754098360655737
1.2,S1.2_I_3_S2toS1,NaiveBayes,456,61,61,"{'priors': None, 'var_smoothing': 1e-09}",scenario_results_scenarios_2025-12-21_165745_early_stop/naivebayes_S1.2_I_3_S2toS1_2025-12-21_165745_seed456_early_stop.pkl,1.0,1.0,1.0,1.0,1.0,1.0,1.0,1.0,1.0,1.0,1.0,1.0,1.0,0.16393442622950818,0.1150663544106167,0.1150663544106167,0.09699453551912568,0.09699453551912568,0.16393442622950818,0.16393442622950818,0.16393442622950818,0.18032786885245902,0.18032786885245902,0.19672131147540983,0.21311475409836064,0.16393442622950818
1.2,S1.2_T_1_S2toS1,NaiveBayes,456,61,61,"{'priors': None, 'var_smoothing': 1e-09}",scenario_results_scenarios_2025-12-21_165745_early_stop/naivebayes_S1.2_T_1_S2toS1_2025-12-21_165745_seed456_early_stop.pkl,1.0,1.0,1.0,1.0,1.0,1.0,1.0,1.0,1.0,1.0,1.0,1.0,1.0,0.18032786885245902,0.13606557377049178,0.13606557377049178,0.12021857923497267,0.12021857923497267,0.18032786885245902,0.18032786885245902,0.18032786885245902,0.19672131147540983,0.19672131147540983,0.21311475409836064,0.22950819672131148,0.18032786885245902
1.2,S1.2_T_2_S2toS1,NaiveBayes,456,61,61,"{'priors': None, 'var_smoothing': 1e-09}",scenario_results_scenarios_2025-12-21_165745_early_stop/naivebayes_S1.2_T_2_S2toS1_2025-12-21_165745_seed456_early_stop.pkl,1.0,1.0,1.0,1.0,1.0,1.0,1.0,1.0,1.0,1.0,1.0,1.0,1.0,0.21311475409836064,0.1431693989071038,0.1431693989071038,0.11612021857923495,0.11612021857923495,0.21311475409836064,0.21311475409836064,0.21311475409836064,0.22950819672131148,0.2459016393442623,0.2459016393442623,0.26229508196721313,0.21311475409836064
1.2,S1.2_T_3_S2toS1,NaiveBayes,456,61,61,"{'priors': None, 'var_smoothing': 1e-09}",scenario_results_scenarios_2025-12-21_165745_early_stop/naivebayes_S1.2_T_3_S2toS1_2025-12-21_165745_seed456_early_stop.pkl,1.0,1.0,1.0,1.0,1.0,1.0,1.0,1.0,1.0,1.0,1.0,1.0,1.0,0.18032786885245902,0.11779859484777518,0.11779859484777518,0.09699453551912568,0.09699453551912568,0.18032786885245902,0.18032786885245902,0.18032786885245902,0.19672131147540983,0.21311475409836064,0.21311475409836064,0.21311475409836064,0.18032786885245902
1.2,S1.2_F_1_S2toS1,LightGBM,456,61,61,"{'n_estimators': 100, 'max_depth': 6, 'learning_rate': 0.05, 'num_leaves': 31, 'min_child_samples': 20}",scenario_results_scenarios_2025-12-21_165745_early_stop/lightgbm_S1.2_F_1_S2toS1_2025-12-21_165745_seed456_early_stop.pkl,1.0,1.0,1.0,1.0,1.0,1.0,1.0,1.0,1.0,1.0,1.0,1.0,1.0,0.13114754098360656,0.08743169398907105,0.08743169398907105,0.06830601092896174,0.06830601092896174,0.13114754098360656,0.13114754098360656,0.13114754098360656,0.2459016393442623,0.26229508196721313,0.32786885245901637,0.32786885245901637,0.13114754098360656
1.2,S1.2_F_2_S2toS1,LightGBM,456,61,61,"{'n_estimators': 100, 'max_depth': 6, 'learning_rate': 0.05, 'num_leaves': 31, 'min_child_samples': 20}",scenario_results_scenarios_2025-12-21_165745_early_stop/lightgbm_S1.2_F_2_S2toS1_2025-12-21_165745_seed456_early_stop.pkl,1.0,1.0,1.0,1.0,1.0,1.0,1.0,1.0,1.0,1.0,1.0,1.0,1.0,0.18032786885245902,0.13114754098360656,0.13114754098360656,0.1092896174863388,0.1092896174863388,0.18032786885245902,0.18032786885245902,0.18032786885245902,0.3770491803278688,0.4098360655737705,0.4918032786885246,0.5737704918032787,0.18032786885245902
1.2,S1.2_F_3_S2toS1,LightGBM,456,61,61,"{'n_estimators': 100, 'max_depth': 6, 'learning_rate': 0.05, 'num_leaves': 31, 'min_child_samples': 20}",scenario_results_scenarios_2025-12-21_165745_early_stop/lightgbm_S1.2_F_3_S2toS1_2025-12-21_165745_seed456_early_stop.pkl,1.0,1.0,1.0,1.0,1.0,1.0,1.0,1.0,1.0,1.0,1.0,1.0,1.0,0.14754098360655737,0.126775956284153,0.126775956284153,0.12213114754098361,0.12213114754098361,0.14754098360655737,0.14754098360655737,0.14754098360655737,0.3114754098360656,0.4262295081967213,0.45901639344262296,0.5245901639344263,0.14754098360655737
1.2,S1.2_I_1_S2toS1,LightGBM,456,61,61,"{'n_estimators': 100, 'max_depth': 6, 'learning_rate': 0.05, 'num_leaves': 31, 'min_child_samples': 20}",scenario_results_scenarios_2025-12-21_165745_early_stop/lightgbm_S1.2_I_1_S2toS1_2025-12-21_165745_seed456_early_stop.pkl,1.0,1.0,1.0,1.0,1.0,1.0,1.0,1.0,1.0,1.0,1.0,1.0,1.0,0.13114754098360656,0.10304449648711944,0.10304449648711944,0.09562841530054644,0.09562841530054644,0.13114754098360656,0.13114754098360656,0.13114754098360656,0.3114754098360656,0.3770491803278688,0.4426229508196721,0.45901639344262296,0.13114754098360656
1.2,S1.2_I_2_S2toS1,LightGBM,456,61,61,"{'n_estimators': 100, 'max_depth': 6, 'learning_rate': 0.05, 'num_leaves': 31, 'min_child_samples': 20}",scenario_results_scenarios_2025-12-21_165745_early_stop/lightgbm_S1.2_I_2_S2toS1_2025-12-21_165745_seed456_early_stop.pkl,1.0,1.0,1.0,1.0,1.0,1.0,1.0,1.0,1.0,1.0,1.0,1.0,1.0,0.09836065573770492,0.058469945355191254,0.058469945355191254,0.04234972677595628,0.04234972677595628,0.09836065573770492,0.09836065573770492,0.09836065573770492,0.16393442622950818,0.26229508196721313,0.36065573770491804,0.39344262295081966,0.09836065573770492
1.2,S1.2_I_3_S2toS1,LightGBM,456,61,61,"{'n_estimators': 100, 'max_depth': 6, 'learning_rate': 0.05, 'num_leaves': 31, 'min_child_samples': 20}",scenario_results_scenarios_2025-12-21_165745_early_stop/lightgbm_S1.2_I_3_S2toS1_2025-12-21_165745_seed456_early_stop.pkl,1.0,1.0,1.0,1.0,1.0,1.0,1.0,1.0,1.0,1.0,1.0,1.0,1.0,0.14754098360655737,0.11202185792349727,0.11202185792349727,0.09890710382513661,0.09890710382513661,0.14754098360655737,0.14754098360655737,0.14754098360655737,0.21311475409836064,0.29508196721311475,0.39344262295081966,0.4918032786885246,0.14754098360655737
1.2,S1.2_T_1_S2toS1,LightGBM,456,61,61,"{'n_estimators': 100, 'max_depth': 6, 'learning_rate': 0.05, 'num_leaves': 31, 'min_child_samples': 20}",scenario_results_scenarios_2025-12-21_165745_early_stop/lightgbm_S1.2_T_1_S2toS1_2025-12-21_165745_seed456_early_stop.pkl,1.0,1.0,1.0,1.0,1.0,1.0,1.0,1.0,1.0,1.0,1.0,1.0,1.0,0.2786885245901639,0.22131147540983603,0.22131147540983603,0.19672131147540983,0.19672131147540983,0.2786885245901639,0.2786885245901639,0.2786885245901639,0.39344262295081966,0.45901639344262296,0.47540983606557374,0.5081967213114754,0.2786885245901639
1.2,S1.2_T_2_S2toS1,LightGBM,456,61,61,"{'n_estimators': 100, 'max_depth': 6, 'learning_rate': 0.05, 'num_leaves': 31, 'min_child_samples': 20}",scenario_results_scenarios_2025-12-21_165745_early_stop/lightgbm_S1.2_T_2_S2toS1_2025-12-21_165745_seed456_early_stop.pkl,1.0,1.0,1.0,1.0,1.0,1.0,1.0,1.0,1.0,1.0,1.0,1.0,1.0,0.21311475409836064,0.13770491803278687,0.13770491803278687,0.11065573770491802,0.11065573770491802,0.21311475409836064,0.21311475409836064,0.21311475409836064,0.2786885245901639,0.32786885245901637,0.3770491803278688,0.4098360655737705,0.21311475409836064
1.2,S1.2_T_3_S2toS1,LightGBM,456,61,61,"{'n_estimators': 100, 'max_depth': 6, 'learning_rate': 0.05, 'num_leaves': 31, 'min_child_samples': 20}",scenario_results_scenarios_2025-12-21_165745_early_stop/lightgbm_S1.2_T_3_S2toS1_2025-12-21_165745_seed456_early_stop.pkl,1.0,1.0,1.0,1.0,1.0,1.0,1.0,1.0,1.0,1.0,1.0,1.0,1.0,0.13114754098360656,0.10109289617486339,0.10109289617486339,0.08743169398907104,0.08743169398907104,0.13114754098360656,0.13114754098360656,0.13114754098360656,0.21311475409836064,0.29508196721311475,0.36065573770491804,0.4262295081967213,0.13114754098360656
1.2,S1.2_F_1_S2toS1,ExtraTrees,456,61,61,"{'n_estimators': 100, 'max_depth': 10, 'min_samples_split': 2, 'min_samples_leaf': 1, 'max_features': 'sqrt', 'bootstrap': False, 'criterion': 'gini'}",scenario_results_scenarios_2025-12-21_165745_early_stop/extratrees_S1.2_F_1_S2toS1_2025-12-21_165745_seed456_early_stop.pkl,1.0,1.0,1.0,1.0,1.0,1.0,1.0,1.0,1.0,1.0,1.0,1.0,1.0,0.3114754098360656,0.23060109289617486,0.23060109289617486,0.19808743169398907,0.19808743169398907,0.3114754098360656,0.3114754098360656,0.32786885245901637,0.47540983606557374,0.5409836065573771,0.5901639344262295,0.6557377049180327,0.3114754098360656
1.2,S1.2_F_2_S2toS1,ExtraTrees,456,61,61,"{'n_estimators': 100, 'max_depth': 10, 'min_samples_split': 2, 'min_samples_leaf': 1, 'max_features': 'sqrt', 'bootstrap': False, 'criterion': 'gini'}",scenario_results_scenarios_2025-12-21_165745_early_stop/extratrees_S1.2_F_2_S2toS1_2025-12-21_165745_seed456_early_stop.pkl,1.0,1.0,1.0,1.0,1.0,1.0,1.0,1.0,1.0,1.0,1.0,1.0,1.0,0.36065573770491804,0.28415300546448086,0.28415300546448086,0.25136612021857924,0.25136612021857924,0.36065573770491804,0.36065573770491804,0.3442622950819672,0.5081967213114754,0.6229508196721312,0.639344262295082,0.7377049180327869,0.3442622950819672
1.2,S1.2_F_3_S2toS1,ExtraTrees,456,61,61,"{'n_estimators': 100, 'max_depth': 10, 'min_samples_split': 2, 'min_samples_leaf': 1, 'max_features': 'sqrt', 'bootstrap': False, 'criterion': 'gini'}",scenario_results_scenarios_2025-12-21_165745_early_stop/extratrees_S1.2_F_3_S2toS1_2025-12-21_165745_seed456_early_stop.pkl,1.0,1.0,1.0,1.0,1.0,1.0,1.0,1.0,1.0,1.0,1.0,1.0,1.0,0.32786885245901637,0.26885245901639343,0.26885245901639343,0.24180327868852458,0.24180327868852458,0.32786885245901637,0.32786885245901637,0.36065573770491804,0.5409836065573771,0.6065573770491803,0.6721311475409836,0.7704918032786885,0.32786885245901637
1.2,S1.2_I_1_S2toS1,ExtraTrees,456,61,61,"{'n_estimators': 100, 'max_depth': 10, 'min_samples_split': 2, 'min_samples_leaf': 1, 'max_features': 'sqrt', 'bootstrap': False, 'criterion': 'gini'}",scenario_results_scenarios_2025-12-21_165745_early_stop/extratrees_S1.2_I_1_S2toS1_2025-12-21_165745_seed456_early_stop.pkl,1.0,1.0,1.0,1.0,1.0,1.0,1.0,1.0,1.0,1.0,1.0,1.0,1.0,0.2786885245901639,0.20796252927400466,0.20796252927400466,0.18169398907103826,0.18169398907103826,0.2786885245901639,0.2786885245901639,0.22950819672131148,0.3770491803278688,0.47540983606557374,0.5901639344262295,0.6721311475409836,0.22950819672131148
1.2,S1.2_I_2_S2toS1,ExtraTrees,456,61,61,"{'n_estimators': 100, 'max_depth': 10, 'min_samples_split': 2, 'min_samples_leaf': 1, 'max_features': 'sqrt', 'bootstrap': False, 'criterion': 'gini'}",scenario_results_scenarios_2025-12-21_165745_early_stop/extratrees_S1.2_I_2_S2toS1_2025-12-21_165745_seed456_early_stop.pkl,1.0,1.0,1.0,1.0,1.0,1.0,1.0,1.0,1.0,1.0,1.0,1.0,1.0,0.26229508196721313,0.19508196721311474,0.19508196721311474,0.1680327868852459,0.1680327868852459,0.26229508196721313,0.26229508196721313,0.2459016393442623,0.5081967213114754,0.6229508196721312,0.7213114754098361,0.7704918032786885,0.2459016393442623
1.2,S1.2_I_3_S2toS1,ExtraTrees,456,61,61,"{'n_estimators': 100, 'max_depth': 10, 'min_samples_split': 2, 'min_samples_leaf': 1, 'max_features': 'sqrt', 'bootstrap': False, 'criterion': 'gini'}",scenario_results_scenarios_2025-12-21_165745_early_stop/extratrees_S1.2_I_3_S2toS1_2025-12-21_165745_seed456_early_stop.pkl,1.0,1.0,1.0,1.0,1.0,1.0,1.0,1.0,1.0,1.0,1.0,1.0,1.0,0.36065573770491804,0.2792349726775956,0.2792349726775956,0.2472677595628415,0.2472677595628415,0.36065573770491804,0.36065573770491804,0.3770491803278688,0.5081967213114754,0.5737704918032787,0.6721311475409836,0.7049180327868853,0.3442622950819672
1.2,S1.2_T_1_S2toS1,ExtraTrees,456,61,61,"{'n_estimators': 100, 'max_depth': 10, 'min_samples_split': 2, 'min_samples_leaf': 1, 'max_features': 'sqrt', 'bootstrap': False, 'criterion': 'gini'}",scenario_results_scenarios_2025-12-21_165745_early_stop/extratrees_S1.2_T_1_S2toS1_2025-12-21_165745_seed456_early_stop.pkl,1.0,1.0,1.0,1.0,1.0,1.0,1.0,1.0,1.0,1.0,1.0,1.0,1.0,0.26229508196721313,0.18961748633879777,0.18961748633879777,0.1598360655737705,0.1598360655737705,0.26229508196721313,0.26229508196721313,0.2459016393442623,0.4918032786885246,0.5901639344262295,0.639344262295082,0.6557377049180327,0.21311475409836064
1.2,S1.2_T_2_S2toS1,ExtraTrees,456,61,61,"{'n_estimators': 100, 'max_depth': 10, 'min_samples_split': 2, 'min_samples_leaf': 1, 'max_features': 'sqrt', 'bootstrap': False, 'criterion': 'gini'}",scenario_results_scenarios_2025-12-21_165745_early_stop/extratrees_S1.2_T_2_S2toS1_2025-12-21_165745_seed456_early_stop.pkl,1.0,1.0,1.0,1.0,1.0,1.0,1.0,1.0,1.0,1.0,1.0,1.0,1.0,0.3114754098360656,0.23879781420765023,0.23879781420765023,0.21174863387978143,0.21174863387978143,0.3114754098360656,0.3114754098360656,0.3442622950819672,0.47540983606557374,0.6229508196721312,0.7540983606557377,0.7540983606557377,0.3114754098360656
1.2,S1.2_T_3_S2toS1,ExtraTrees,456,61,61,"{'n_estimators': 100, 'max_depth': 10, 'min_samples_split': 2, 'min_samples_leaf': 1, 'max_features': 'sqrt', 'bootstrap': False, 'criterion': 'gini'}",scenario_results_scenarios_2025-12-21_165745_early_stop/extratrees_S1.2_T_3_S2toS1_2025-12-21_165745_seed456_early_stop.pkl,1.0,1.0,1.0,1.0,1.0,1.0,1.0,1.0,1.0,1.0,1.0,1.0,1.0,0.29508196721311475,0.23224043715846993,0.23224043715846993,0.2076502732240437,0.2076502732240437,0.29508196721311475,0.29508196721311475,0.3114754098360656,0.4098360655737705,0.5081967213114754,0.5901639344262295,0.5901639344262295,0.29508196721311475
2.1,S2.1_FtoI_1_S1toS2,RandomForest,42,61,61,"{'n_estimators': 100, 'max_depth': 10, 'min_samples_split': 2, 'min_samples_leaf': 1, 'max_features': 'sqrt', 'bootstrap': True}",scenario_results_scenarios_2025-12-21_165745_early_stop/randomforest_S2.1_FtoI_1_S1toS2_2025-12-21_165745_seed42_early_stop.pkl,1.0,1.0,1.0,1.0,1.0,1.0,1.0,1.0,1.0,1.0,1.0,1.0,1.0,0.22950819672131148,0.160655737704918,0.160655737704918,0.13661202185792348,0.13661202185792348,0.22950819672131148,0.22950819672131148,0.2459016393442623,0.29508196721311475,0.39344262295081966,0.5081967213114754,0.5737704918032787,0.22950819672131148
2.1,S2.1_FtoI_2_S1toS2,RandomForest,42,61,61,"{'n_estimators': 100, 'max_depth': 10, 'min_samples_split': 2, 'min_samples_leaf': 1, 'max_features': 'sqrt', 'bootstrap': True}",scenario_results_scenarios_2025-12-21_165745_early_stop/randomforest_S2.1_FtoI_2_S1toS2_2025-12-21_165745_seed42_early_stop.pkl,1.0,1.0,1.0,1.0,1.0,1.0,1.0,1.0,1.0,1.0,1.0,1.0,1.0,0.3114754098360656,0.23060109289617486,0.23060109289617486,0.19808743169398907,0.19808743169398907,0.3114754098360656,0.3114754098360656,0.32786885245901637,0.5081967213114754,0.6229508196721312,0.6885245901639344,0.7213114754098361,0.2786885245901639
2.1,S2.1_FtoI_3_S1toS2,RandomForest,42,61,61,"{'n_estimators': 100, 'max_depth': 10, 'min_samples_split': 2, 'min_samples_leaf': 1, 'max_features': 'sqrt', 'bootstrap': True}",scenario_results_scenarios_2025-12-21_165745_early_stop/randomforest_S2.1_FtoI_3_S1toS2_2025-12-21_165745_seed42_early_stop.pkl,1.0,1.0,1.0,1.0,1.0,1.0,1.0,1.0,1.0,1.0,1.0,1.0,1.0,0.3114754098360656,0.2595628415300546,0.2595628415300546,0.23770491803278687,0.23770491803278687,0.3114754098360656,0.3114754098360656,0.39344262295081966,0.4262295081967213,0.5409836065573771,0.5901639344262295,0.6229508196721312,0.3114754098360656
2.1,S2.1_FtoT_1_S1toS2,RandomForest,42,61,61,"{'n_estimators': 100, 'max_depth': 10, 'min_samples_split': 2, 'min_samples_leaf': 1, 'max_features': 'sqrt', 'bootstrap': True}",scenario_results_scenarios_2025-12-21_165745_early_stop/randomforest_S2.1_FtoT_1_S1toS2_2025-12-21_165745_seed42_early_stop.pkl,1.0,1.0,1.0,1.0,1.0,1.0,1.0,1.0,1.0,1.0,1.0,1.0,1.0,0.21311475409836064,0.18415300546448085,0.18415300546448085,0.17349726775956284,0.17349726775956284,0.21311475409836064,0.21311475409836064,0.16393442622950818,0.36065573770491804,0.5245901639344263,0.5737704918032787,0.6229508196721312,0.16393442622950818
2.1,S2.1_FtoT_2_S1toS2,RandomForest,42,61,61,"{'n_estimators': 100, 'max_depth': 10, 'min_samples_split': 2, 'min_samples_leaf': 1, 'max_features': 'sqrt', 'bootstrap': True}",scenario_results_scenarios_2025-12-21_165745_early_stop/randomforest_S2.1_FtoT_2_S1toS2_2025-12-21_165745_seed42_early_stop.pkl,1.0,1.0,1.0,1.0,1.0,1.0,1.0,1.0,1.0,1.0,1.0,1.0,1.0,0.22950819672131148,0.16612021857923495,0.16612021857923495,0.14207650273224046,0.14207650273224046,0.22950819672131148,0.22950819672131148,0.26229508196721313,0.32786885245901637,0.4262295081967213,0.5245901639344263,0.5737704918032787,0.22950819672131148
2.1,S2.1_FtoT_3_S1toS2,RandomForest,42,61,61,"{'n_estimators': 100, 'max_depth': 10, 'min_samples_split': 2, 'min_samples_leaf': 1, 'max_features': 'sqrt', 'bootstrap': True}",scenario_results_scenarios_2025-12-21_165745_early_stop/randomforest_S2.1_FtoT_3_S1toS2_2025-12-21_165745_seed42_early_stop.pkl,1.0,1.0,1.0,1.0,1.0,1.0,1.0,1.0,1.0,1.0,1.0,1.0,1.0,0.29508196721311475,0.2442622950819672,0.2442622950819672,0.22267759562841527,0.22267759562841527,0.29508196721311475,0.29508196721311475,0.26229508196721313,0.3770491803278688,0.47540983606557374,0.5573770491803278,0.5901639344262295,0.26229508196721313
2.1,S2.1_ItoT_1_S1toS2,RandomForest,42,61,61,"{'n_estimators': 100, 'max_depth': 10, 'min_samples_split': 2, 'min_samples_leaf': 1, 'max_features': 'sqrt', 'bootstrap': True}",scenario_results_scenarios_2025-12-21_165745_early_stop/randomforest_S2.1_ItoT_1_S1toS2_2025-12-21_165745_seed42_early_stop.pkl,1.0,1.0,1.0,1.0,1.0,1.0,1.0,1.0,1.0,1.0,1.0,1.0,1.0,0.21311475409836064,0.16174863387978142,0.16174863387978142,0.14344262295081966,0.14344262295081966,0.21311475409836064,0.21311475409836064,0.21311475409836064,0.4098360655737705,0.4918032786885246,0.5737704918032787,0.6229508196721312,0.19672131147540983
2.1,S2.1_ItoT_2_S1toS2,RandomForest,42,61,61,"{'n_estimators': 100, 'max_depth': 10, 'min_samples_split': 2, 'min_samples_leaf': 1, 'max_features': 'sqrt', 'bootstrap': True}",scenario_results_scenarios_2025-12-21_165745_early_stop/randomforest_S2.1_ItoT_2_S1toS2_2025-12-21_165745_seed42_early_stop.pkl,1.0,1.0,1.0,1.0,1.0,1.0,1.0,1.0,1.0,1.0,1.0,1.0,1.0,0.21311475409836064,0.15846994535519124,0.15846994535519124,0.1366120218579235,0.1366120218579235,0.21311475409836064,0.21311475409836064,0.19672131147540983,0.3442622950819672,0.5409836065573771,0.5573770491803278,0.6065573770491803,0.19672131147540983
2.1,S2.1_ItoT_3_S1toS2,RandomForest,42,61,61,"{'n_estimators': 100, 'max_depth': 10, 'min_samples_split': 2, 'min_samples_leaf': 1, 'max_features': 'sqrt', 'bootstrap': True}",scenario_results_scenarios_2025-12-21_165745_early_stop/randomforest_S2.1_ItoT_3_S1toS2_2025-12-21_165745_seed42_early_stop.pkl,1.0,1.0,1.0,1.0,1.0,1.0,1.0,1.0,1.0,1.0,1.0,1.0,1.0,0.3114754098360656,0.23770491803278687,0.23770491803278687,0.2087431693989071,0.2087431693989071,0.3114754098360656,0.3114754098360656,0.3114754098360656,0.4098360655737705,0.4426229508196721,0.4918032786885246,0.5409836065573771,0.29508196721311475
2.1,S2.1_ItoF_1_S1toS2,RandomForest,42,61,61,"{'n_estimators': 100, 'max_depth': 10, 'min_samples_split': 2, 'min_samples_leaf': 1, 'max_features': 'sqrt', 'bootstrap': True}",scenario_results_scenarios_2025-12-21_165745_early_stop/randomforest_S2.1_ItoF_1_S1toS2_2025-12-21_165745_seed42_early_stop.pkl,1.0,1.0,1.0,1.0,1.0,1.0,1.0,1.0,1.0,1.0,1.0,1.0,1.0,0.19672131147540983,0.1459016393442623,0.1459016393442623,0.12704918032786883,0.12704918032786883,0.19672131147540983,0.19672131147540983,0.21311475409836064,0.39344262295081966,0.4918032786885246,0.5081967213114754,0.5573770491803278,0.16393442622950818
2.1,S2.1_ItoF_2_S1toS2,RandomForest,42,61,61,"{'n_estimators': 100, 'max_depth': 10, 'min_samples_split': 2, 'min_samples_leaf': 1, 'max_features': 'sqrt', 'bootstrap': True}",scenario_results_scenarios_2025-12-21_165745_early_stop/randomforest_S2.1_ItoF_2_S1toS2_2025-12-21_165745_seed42_early_stop.pkl,1.0,1.0,1.0,1.0,1.0,1.0,1.0,1.0,1.0,1.0,1.0,1.0,1.0,0.22950819672131148,0.1814207650273224,0.1814207650273224,0.16311475409836065,0.16311475409836065,0.22950819672131148,0.22950819672131148,0.22950819672131148,0.3442622950819672,0.4918032786885246,0.6065573770491803,0.6721311475409836,0.19672131147540983
2.1,S2.1_ItoF_3_S1toS2,RandomForest,42,61,61,"{'n_estimators': 100, 'max_depth': 10, 'min_samples_split': 2, 'min_samples_leaf': 1, 'max_features': 'sqrt', 'bootstrap': True}",scenario_results_scenarios_2025-12-21_165745_early_stop/randomforest_S2.1_ItoF_3_S1toS2_2025-12-21_165745_seed42_early_stop.pkl,1.0,1.0,1.0,1.0,1.0,1.0,1.0,1.0,1.0,1.0,1.0,1.0,1.0,0.21311475409836064,0.16502732240437157,0.16502732240437157,0.14344262295081966,0.14344262295081966,0.21311475409836064,0.21311475409836064,0.22950819672131148,0.32786885245901637,0.4262295081967213,0.45901639344262296,0.5245901639344263,0.21311475409836064
2.1,S2.1_TtoF_1_S1toS2,RandomForest,42,61,61,"{'n_estimators': 100, 'max_depth': 10, 'min_samples_split': 2, 'min_samples_leaf': 1, 'max_features': 'sqrt', 'bootstrap': True}",scenario_results_scenarios_2025-12-21_165745_early_stop/randomforest_S2.1_TtoF_1_S1toS2_2025-12-21_165745_seed42_early_stop.pkl,1.0,1.0,1.0,1.0,1.0,1.0,1.0,1.0,1.0,1.0,1.0,1.0,1.0,0.16393442622950818,0.08715846994535519,0.08715846994535519,0.061631537861046054,0.061631537861046054,0.16393442622950818,0.16393442622950818,0.16393442622950818,0.32786885245901637,0.4262295081967213,0.4918032786885246,0.5409836065573771,0.13114754098360656
2.1,S2.1_TtoF_2_S1toS2,RandomForest,42,61,61,"{'n_estimators': 100, 'max_depth': 10, 'min_samples_split': 2, 'min_samples_leaf': 1, 'max_features': 'sqrt', 'bootstrap': True}",scenario_results_scenarios_2025-12-21_165745_early_stop/randomforest_S2.1_TtoF_2_S1toS2_2025-12-21_165745_seed42_early_stop.pkl,1.0,1.0,1.0,1.0,1.0,1.0,1.0,1.0,1.0,1.0,1.0,1.0,1.0,0.2459016393442623,0.15871833084947837,0.15871833084947837,0.1284153005464481,0.1284153005464481,0.2459016393442623,0.2459016393442623,0.21311475409836064,0.4098360655737705,0.4918032786885246,0.5409836065573771,0.6229508196721312,0.21311475409836064
2.1,S2.1_TtoF_3_S1toS2,RandomForest,42,61,61,"{'n_estimators': 100, 'max_depth': 10, 'min_samples_split': 2, 'min_samples_leaf': 1, 'max_features': 'sqrt', 'bootstrap': True}",scenario_results_scenarios_2025-12-21_165745_early_stop/randomforest_S2.1_TtoF_3_S1toS2_2025-12-21_165745_seed42_early_stop.pkl,1.0,1.0,1.0,1.0,1.0,1.0,1.0,1.0,1.0,1.0,1.0,1.0,1.0,0.22950819672131148,0.15683060109289615,0.15683060109289615,0.1330601092896175,0.1330601092896175,0.22950819672131148,0.22950819672131148,0.22950819672131148,0.39344262295081966,0.5573770491803278,0.6885245901639344,0.7377049180327869,0.19672131147540983
2.1,S2.1_TtoI_1_S1toS2,RandomForest,42,61,61,"{'n_estimators': 100, 'max_depth': 10, 'min_samples_split': 2, 'min_samples_leaf': 1, 'max_features': 'sqrt', 'bootstrap': True}",scenario_results_scenarios_2025-12-21_165745_early_stop/randomforest_S2.1_TtoI_1_S1toS2_2025-12-21_165745_seed42_early_stop.pkl,1.0,1.0,1.0,1.0,1.0,1.0,1.0,1.0,1.0,1.0,1.0,1.0,1.0,0.13114754098360656,0.09016393442622951,0.09016393442622951,0.07431693989071038,0.07431693989071038,0.13114754098360656,0.13114754098360656,0.13114754098360656,0.3114754098360656,0.4426229508196721,0.4918032786885246,0.5901639344262295,0.13114754098360656
2.1,S2.1_TtoI_2_S1toS2,RandomForest,42,61,61,"{'n_estimators': 100, 'max_depth': 10, 'min_samples_split': 2, 'min_samples_leaf': 1, 'max_features': 'sqrt', 'bootstrap': True}",scenario_results_scenarios_2025-12-21_165745_early_stop/randomforest_S2.1_TtoI_2_S1toS2_2025-12-21_165745_seed42_early_stop.pkl,1.0,1.0,1.0,1.0,1.0,1.0,1.0,1.0,1.0,1.0,1.0,1.0,1.0,0.26229508196721313,0.1912568306010929,0.1912568306010929,0.16174863387978142,0.16174863387978142,0.26229508196721313,0.26229508196721313,0.22950819672131148,0.3770491803278688,0.47540983606557374,0.5737704918032787,0.6229508196721312,0.22950819672131148
2.1,S2.1_TtoI_3_S1toS2,RandomForest,42,61,61,"{'n_estimators': 100, 'max_depth': 10, 'min_samples_split': 2, 'min_samples_leaf': 1, 'max_features': 'sqrt', 'bootstrap': True}",scenario_results_scenarios_2025-12-21_165745_early_stop/randomforest_S2.1_TtoI_3_S1toS2_2025-12-21_165745_seed42_early_stop.pkl,1.0,1.0,1.0,1.0,1.0,1.0,1.0,1.0,1.0,1.0,1.0,1.0,1.0,0.3114754098360656,0.2568306010928962,0.2568306010928962,0.2355191256830601,0.2355191256830601,0.3114754098360656,0.3114754098360656,0.32786885245901637,0.4098360655737705,0.5081967213114754,0.5901639344262295,0.6885245901639344,0.3114754098360656
2.1,S2.1_FtoI_1_S1toS2,XGBoost,42,61,61,"{'n_estimators': 1000, 'max_depth': 4, 'learning_rate': 0.05, 'subsample': 0.8, 'colsample_bytree': 0.8, 'reg_lambda': 1, 'device': 'cuda'}",scenario_results_scenarios_2025-12-21_165745_early_stop/xgboost_S2.1_FtoI_1_S1toS2_2025-12-21_165745_seed42_early_stop.pkl,0.01639344262295082,0.0005288207297726071,0.0005288207297726071,0.0002687449610319807,0.0002687449610319807,0.01639344262295082,0.01639344262295082,0.01639344262295082,0.03278688524590164,0.04918032786885246,0.06557377049180328,0.08196721311475409,0.0,0.01639344262295082,0.0005288207297726071,0.0005288207297726071,0.0002687449610319807,0.0002687449610319807,0.01639344262295082,0.01639344262295082,0.01639344262295082,0.03278688524590164,0.04918032786885246,0.06557377049180328,0.08196721311475409,0.0
2.1,S2.1_FtoI_2_S1toS2,XGBoost,42,61,61,"{'n_estimators': 1000, 'max_depth': 4, 'learning_rate': 0.05, 'subsample': 0.8, 'colsample_bytree': 0.8, 'reg_lambda': 1, 'device': 'cuda'}",scenario_results_scenarios_2025-12-21_165745_early_stop/xgboost_S2.1_FtoI_2_S1toS2_2025-12-21_165745_seed42_early_stop.pkl,0.01639344262295082,0.0005288207297726071,0.0005288207297726071,0.0002687449610319807,0.0002687449610319807,0.01639344262295082,0.01639344262295082,0.01639344262295082,0.03278688524590164,0.04918032786885246,0.06557377049180328,0.08196721311475409,0.0,0.01639344262295082,0.0005288207297726071,0.0005288207297726071,0.0002687449610319807,0.0002687449610319807,0.01639344262295082,0.01639344262295082,0.01639344262295082,0.03278688524590164,0.04918032786885246,0.06557377049180328,0.08196721311475409,0.0
2.1,S2.1_FtoI_3_S1toS2,XGBoost,42,61,61,"{'n_estimators': 1000, 'max_depth': 4, 'learning_rate': 0.05, 'subsample': 0.8, 'colsample_bytree': 0.8, 'reg_lambda': 1, 'device': 'cuda'}",scenario_results_scenarios_2025-12-21_165745_early_stop/xgboost_S2.1_FtoI_3_S1toS2_2025-12-21_165745_seed42_early_stop.pkl,0.01639344262295082,0.0005288207297726071,0.0005288207297726071,0.0002687449610319807,0.0002687449610319807,0.01639344262295082,0.01639344262295082,0.01639344262295082,0.03278688524590164,0.04918032786885246,0.06557377049180328,0.08196721311475409,0.0,0.01639344262295082,0.0005288207297726071,0.0005288207297726071,0.0002687449610319807,0.0002687449610319807,0.01639344262295082,0.01639344262295082,0.01639344262295082,0.03278688524590164,0.04918032786885246,0.06557377049180328,0.08196721311475409,0.0
2.1,S2.1_FtoT_1_S1toS2,XGBoost,42,61,61,"{'n_estimators': 1000, 'max_depth': 4, 'learning_rate': 0.05, 'subsample': 0.8, 'colsample_bytree': 0.8, 'reg_lambda': 1, 'device': 'cuda'}",scenario_results_scenarios_2025-12-21_165745_early_stop/xgboost_S2.1_FtoT_1_S1toS2_2025-12-21_165745_seed42_early_stop.pkl,0.01639344262295082,0.0005288207297726071,0.0005288207297726071,0.0002687449610319807,0.0002687449610319807,0.01639344262295082,0.01639344262295082,0.01639344262295082,0.03278688524590164,0.04918032786885246,0.06557377049180328,0.08196721311475409,0.0,0.01639344262295082,0.0005288207297726071,0.0005288207297726071,0.0002687449610319807,0.0002687449610319807,0.01639344262295082,0.01639344262295082,0.01639344262295082,0.03278688524590164,0.04918032786885246,0.06557377049180328,0.08196721311475409,0.0
2.1,S2.1_FtoT_2_S1toS2,XGBoost,42,61,61,"{'n_estimators': 1000, 'max_depth': 4, 'learning_rate': 0.05, 'subsample': 0.8, 'colsample_bytree': 0.8, 'reg_lambda': 1, 'device': 'cuda'}",scenario_results_scenarios_2025-12-21_165745_early_stop/xgboost_S2.1_FtoT_2_S1toS2_2025-12-21_165745_seed42_early_stop.pkl,0.01639344262295082,0.0005288207297726071,0.0005288207297726071,0.0002687449610319807,0.0002687449610319807,0.01639344262295082,0.01639344262295082,0.01639344262295082,0.03278688524590164,0.04918032786885246,0.06557377049180328,0.08196721311475409,0.0,0.01639344262295082,0.0005288207297726071,0.0005288207297726071,0.0002687449610319807,0.0002687449610319807,0.01639344262295082,0.01639344262295082,0.01639344262295082,0.03278688524590164,0.04918032786885246,0.06557377049180328,0.08196721311475409,0.0
2.1,S2.1_FtoT_3_S1toS2,XGBoost,42,61,61,"{'n_estimators': 1000, 'max_depth': 4, 'learning_rate': 0.05, 'subsample': 0.8, 'colsample_bytree': 0.8, 'reg_lambda': 1, 'device': 'cuda'}",scenario_results_scenarios_2025-12-21_165745_early_stop/xgboost_S2.1_FtoT_3_S1toS2_2025-12-21_165745_seed42_early_stop.pkl,0.01639344262295082,0.0005288207297726071,0.0005288207297726071,0.0002687449610319807,0.0002687449610319807,0.01639344262295082,0.01639344262295082,0.01639344262295082,0.03278688524590164,0.04918032786885246,0.06557377049180328,0.08196721311475409,0.0,0.01639344262295082,0.0005288207297726071,0.0005288207297726071,0.0002687449610319807,0.0002687449610319807,0.01639344262295082,0.01639344262295082,0.01639344262295082,0.03278688524590164,0.04918032786885246,0.06557377049180328,0.08196721311475409,0.0
2.1,S2.1_ItoT_1_S1toS2,XGBoost,42,61,61,"{'n_estimators': 1000, 'max_depth': 4, 'learning_rate': 0.05, 'subsample': 0.8, 'colsample_bytree': 0.8, 'reg_lambda': 1, 'device': 'cuda'}",scenario_results_scenarios_2025-12-21_165745_early_stop/xgboost_S2.1_ItoT_1_S1toS2_2025-12-21_165745_seed42_early_stop.pkl,0.01639344262295082,0.0005288207297726071,0.0005288207297726071,0.0002687449610319807,0.0002687449610319807,0.01639344262295082,0.01639344262295082,0.01639344262295082,0.03278688524590164,0.04918032786885246,0.06557377049180328,0.08196721311475409,0.0,0.01639344262295082,0.0005288207297726071,0.0005288207297726071,0.0002687449610319807,0.0002687449610319807,0.01639344262295082,0.01639344262295082,0.01639344262295082,0.03278688524590164,0.04918032786885246,0.06557377049180328,0.08196721311475409,0.0
2.1,S2.1_ItoT_2_S1toS2,XGBoost,42,61,61,"{'n_estimators': 1000, 'max_depth': 4, 'learning_rate': 0.05, 'subsample': 0.8, 'colsample_bytree': 0.8, 'reg_lambda': 1, 'device': 'cuda'}",scenario_results_scenarios_2025-12-21_165745_early_stop/xgboost_S2.1_ItoT_2_S1toS2_2025-12-21_165745_seed42_early_stop.pkl,0.01639344262295082,0.0005288207297726071,0.0005288207297726071,0.0002687449610319807,0.0002687449610319807,0.01639344262295082,0.01639344262295082,0.01639344262295082,0.03278688524590164,0.04918032786885246,0.06557377049180328,0.08196721311475409,0.0,0.01639344262295082,0.0005288207297726071,0.0005288207297726071,0.0002687449610319807,0.0002687449610319807,0.01639344262295082,0.01639344262295082,0.01639344262295082,0.03278688524590164,0.04918032786885246,0.06557377049180328,0.08196721311475409,0.0
2.1,S2.1_ItoT_3_S1toS2,XGBoost,42,61,61,"{'n_estimators': 1000, 'max_depth': 4, 'learning_rate': 0.05, 'subsample': 0.8, 'colsample_bytree': 0.8, 'reg_lambda': 1, 'device': 'cuda'}",scenario_results_scenarios_2025-12-21_165745_early_stop/xgboost_S2.1_ItoT_3_S1toS2_2025-12-21_165745_seed42_early_stop.pkl,0.01639344262295082,0.0005288207297726071,0.0005288207297726071,0.0002687449610319807,0.0002687449610319807,0.01639344262295082,0.01639344262295082,0.01639344262295082,0.03278688524590164,0.04918032786885246,0.06557377049180328,0.08196721311475409,0.0,0.01639344262295082,0.0005288207297726071,0.0005288207297726071,0.0002687449610319807,0.0002687449610319807,0.01639344262295082,0.01639344262295082,0.01639344262295082,0.03278688524590164,0.04918032786885246,0.06557377049180328,0.08196721311475409,0.0
2.1,S2.1_ItoF_1_S1toS2,XGBoost,42,61,61,"{'n_estimators': 1000, 'max_depth': 4, 'learning_rate': 0.05, 'subsample': 0.8, 'colsample_bytree': 0.8, 'reg_lambda': 1, 'device': 'cuda'}",scenario_results_scenarios_2025-12-21_165745_early_stop/xgboost_S2.1_ItoF_1_S1toS2_2025-12-21_165745_seed42_early_stop.pkl,0.01639344262295082,0.0005288207297726071,0.0005288207297726071,0.0002687449610319807,0.0002687449610319807,0.01639344262295082,0.01639344262295082,0.01639344262295082,0.03278688524590164,0.04918032786885246,0.06557377049180328,0.08196721311475409,0.0,0.01639344262295082,0.0005288207297726071,0.0005288207297726071,0.0002687449610319807,0.0002687449610319807,0.01639344262295082,0.01639344262295082,0.01639344262295082,0.03278688524590164,0.04918032786885246,0.06557377049180328,0.08196721311475409,0.0
2.1,S2.1_ItoF_2_S1toS2,XGBoost,42,61,61,"{'n_estimators': 1000, 'max_depth': 4, 'learning_rate': 0.05, 'subsample': 0.8, 'colsample_bytree': 0.8, 'reg_lambda': 1, 'device': 'cuda'}",scenario_results_scenarios_2025-12-21_165745_early_stop/xgboost_S2.1_ItoF_2_S1toS2_2025-12-21_165745_seed42_early_stop.pkl,0.01639344262295082,0.0005288207297726071,0.0005288207297726071,0.0002687449610319807,0.0002687449610319807,0.01639344262295082,0.01639344262295082,0.01639344262295082,0.03278688524590164,0.04918032786885246,0.06557377049180328,0.08196721311475409,0.0,0.01639344262295082,0.0005288207297726071,0.0005288207297726071,0.0002687449610319807,0.0002687449610319807,0.01639344262295082,0.01639344262295082,0.01639344262295082,0.03278688524590164,0.04918032786885246,0.06557377049180328,0.08196721311475409,0.0
2.1,S2.1_ItoF_3_S1toS2,XGBoost,42,61,61,"{'n_estimators': 1000, 'max_depth': 4, 'learning_rate': 0.05, 'subsample': 0.8, 'colsample_bytree': 0.8, 'reg_lambda': 1, 'device': 'cuda'}",scenario_results_scenarios_2025-12-21_165745_early_stop/xgboost_S2.1_ItoF_3_S1toS2_2025-12-21_165745_seed42_early_stop.pkl,0.01639344262295082,0.0005288207297726071,0.0005288207297726071,0.0002687449610319807,0.0002687449610319807,0.01639344262295082,0.01639344262295082,0.01639344262295082,0.03278688524590164,0.04918032786885246,0.06557377049180328,0.08196721311475409,0.0,0.01639344262295082,0.0005288207297726071,0.0005288207297726071,0.0002687449610319807,0.0002687449610319807,0.01639344262295082,0.01639344262295082,0.01639344262295082,0.03278688524590164,0.04918032786885246,0.06557377049180328,0.08196721311475409,0.0
2.1,S2.1_TtoF_1_S1toS2,XGBoost,42,61,61,"{'n_estimators': 1000, 'max_depth': 4, 'learning_rate': 0.05, 'subsample': 0.8, 'colsample_bytree': 0.8, 'reg_lambda': 1, 'device': 'cuda'}",scenario_results_scenarios_2025-12-21_165745_early_stop/xgboost_S2.1_TtoF_1_S1toS2_2025-12-21_165745_seed42_early_stop.pkl,0.01639344262295082,0.0005288207297726071,0.0005288207297726071,0.0002687449610319807,0.0002687449610319807,0.01639344262295082,0.01639344262295082,0.01639344262295082,0.03278688524590164,0.04918032786885246,0.06557377049180328,0.08196721311475409,0.0,0.01639344262295082,0.0005288207297726071,0.0005288207297726071,0.0002687449610319807,0.0002687449610319807,0.01639344262295082,0.01639344262295082,0.01639344262295082,0.03278688524590164,0.04918032786885246,0.06557377049180328,0.08196721311475409,0.0
2.1,S2.1_TtoF_2_S1toS2,XGBoost,42,61,61,"{'n_estimators': 1000, 'max_depth': 4, 'learning_rate': 0.05, 'subsample': 0.8, 'colsample_bytree': 0.8, 'reg_lambda': 1, 'device': 'cuda'}",scenario_results_scenarios_2025-12-21_165745_early_stop/xgboost_S2.1_TtoF_2_S1toS2_2025-12-21_165745_seed42_early_stop.pkl,0.01639344262295082,0.0005288207297726071,0.0005288207297726071,0.0002687449610319807,0.0002687449610319807,0.01639344262295082,0.01639344262295082,0.01639344262295082,0.03278688524590164,0.04918032786885246,0.06557377049180328,0.08196721311475409,0.0,0.01639344262295082,0.0005288207297726071,0.0005288207297726071,0.0002687449610319807,0.0002687449610319807,0.01639344262295082,0.01639344262295082,0.01639344262295082,0.03278688524590164,0.04918032786885246,0.06557377049180328,0.08196721311475409,0.0
2.1,S2.1_TtoF_3_S1toS2,XGBoost,42,61,61,"{'n_estimators': 1000, 'max_depth': 4, 'learning_rate': 0.05, 'subsample': 0.8, 'colsample_bytree': 0.8, 'reg_lambda': 1, 'device': 'cuda'}",scenario_results_scenarios_2025-12-21_165745_early_stop/xgboost_S2.1_TtoF_3_S1toS2_2025-12-21_165745_seed42_early_stop.pkl,0.01639344262295082,0.0005288207297726071,0.0005288207297726071,0.0002687449610319807,0.0002687449610319807,0.01639344262295082,0.01639344262295082,0.01639344262295082,0.03278688524590164,0.04918032786885246,0.06557377049180328,0.08196721311475409,0.0,0.01639344262295082,0.0005288207297726071,0.0005288207297726071,0.0002687449610319807,0.0002687449610319807,0.01639344262295082,0.01639344262295082,0.01639344262295082,0.03278688524590164,0.04918032786885246,0.06557377049180328,0.08196721311475409,0.0
2.1,S2.1_TtoI_1_S1toS2,XGBoost,42,61,61,"{'n_estimators': 1000, 'max_depth': 4, 'learning_rate': 0.05, 'subsample': 0.8, 'colsample_bytree': 0.8, 'reg_lambda': 1, 'device': 'cuda'}",scenario_results_scenarios_2025-12-21_165745_early_stop/xgboost_S2.1_TtoI_1_S1toS2_2025-12-21_165745_seed42_early_stop.pkl,0.01639344262295082,0.0005288207297726071,0.0005288207297726071,0.0002687449610319807,0.0002687449610319807,0.01639344262295082,0.01639344262295082,0.01639344262295082,0.03278688524590164,0.04918032786885246,0.06557377049180328,0.08196721311475409,0.0,0.01639344262295082,0.0005288207297726071,0.0005288207297726071,0.0002687449610319807,0.0002687449610319807,0.01639344262295082,0.01639344262295082,0.01639344262295082,0.03278688524590164,0.04918032786885246,0.06557377049180328,0.08196721311475409,0.0
2.1,S2.1_TtoI_2_S1toS2,XGBoost,42,61,61,"{'n_estimators': 1000, 'max_depth': 4, 'learning_rate': 0.05, 'subsample': 0.8, 'colsample_bytree': 0.8, 'reg_lambda': 1, 'device': 'cuda'}",scenario_results_scenarios_2025-12-21_165745_early_stop/xgboost_S2.1_TtoI_2_S1toS2_2025-12-21_165745_seed42_early_stop.pkl,0.01639344262295082,0.0005288207297726071,0.0005288207297726071,0.0002687449610319807,0.0002687449610319807,0.01639344262295082,0.01639344262295082,0.01639344262295082,0.03278688524590164,0.04918032786885246,0.06557377049180328,0.08196721311475409,0.0,0.01639344262295082,0.0005288207297726071,0.0005288207297726071,0.0002687449610319807,0.0002687449610319807,0.01639344262295082,0.01639344262295082,0.01639344262295082,0.03278688524590164,0.04918032786885246,0.06557377049180328,0.08196721311475409,0.0
2.1,S2.1_TtoI_3_S1toS2,XGBoost,42,61,61,"{'n_estimators': 1000, 'max_depth': 4, 'learning_rate': 0.05, 'subsample': 0.8, 'colsample_bytree': 0.8, 'reg_lambda': 1, 'device': 'cuda'}",scenario_results_scenarios_2025-12-21_165745_early_stop/xgboost_S2.1_TtoI_3_S1toS2_2025-12-21_165745_seed42_early_stop.pkl,0.01639344262295082,0.0005288207297726071,0.0005288207297726071,0.0002687449610319807,0.0002687449610319807,0.01639344262295082,0.01639344262295082,0.01639344262295082,0.03278688524590164,0.04918032786885246,0.06557377049180328,0.08196721311475409,0.0,0.01639344262295082,0.0005288207297726071,0.0005288207297726071,0.0002687449610319807,0.0002687449610319807,0.01639344262295082,0.01639344262295082,0.01639344262295082,0.03278688524590164,0.04918032786885246,0.06557377049180328,0.08196721311475409,0.0
2.1,S2.1_FtoI_1_S1toS2,CatBoost,42,61,61,"{'iterations': 1000, 'depth': 4, 'learning_rate': 0.05, 'l2_leaf_reg': 1, 'border_count': 32}",scenario_results_scenarios_2025-12-21_165745_early_stop/catboost_S2.1_FtoI_1_S1toS2_2025-12-21_165745_seed42_early_stop.pkl,1.0,1.0,1.0,1.0,1.0,1.0,1.0,1.0,1.0,1.0,1.0,1.0,1.0,0.18032786885245902,0.11693989071038251,0.11693989071038251,0.09617486338797814,0.09617486338797814,0.18032786885245902,0.18032786885245902,0.18032786885245902,0.3442622950819672,0.3770491803278688,0.4426229508196721,0.4918032786885246,0.18032786885245902
2.1,S2.1_FtoI_2_S1toS2,CatBoost,42,61,61,"{'iterations': 1000, 'depth': 4, 'learning_rate': 0.05, 'l2_leaf_reg': 1, 'border_count': 32}",scenario_results_scenarios_2025-12-21_165745_early_stop/catboost_S2.1_FtoI_2_S1toS2_2025-12-21_165745_seed42_early_stop.pkl,1.0,1.0,1.0,1.0,1.0,1.0,1.0,1.0,1.0,1.0,1.0,1.0,1.0,0.39344262295081966,0.3234972677595628,0.3234972677595628,0.296448087431694,0.296448087431694,0.39344262295081966,0.39344262295081966,0.39344262295081966,0.5409836065573771,0.6557377049180327,0.7213114754098361,0.7704918032786885,0.39344262295081966
2.1,S2.1_FtoI_3_S1toS2,CatBoost,42,61,61,"{'iterations': 1000, 'depth': 4, 'learning_rate': 0.05, 'l2_leaf_reg': 1, 'border_count': 32}",scenario_results_scenarios_2025-12-21_165745_early_stop/catboost_S2.1_FtoI_3_S1toS2_2025-12-21_165745_seed42_early_stop.pkl,1.0,1.0,1.0,1.0,1.0,1.0,1.0,1.0,1.0,1.0,1.0,1.0,1.0,0.4098360655737705,0.33005464480874325,0.33005464480874325,0.29508196721311475,0.29508196721311475,0.4098360655737705,0.4098360655737705,0.4098360655737705,0.47540983606557374,0.5245901639344263,0.5737704918032787,0.7049180327868853,0.4098360655737705
2.1,S2.1_FtoT_1_S1toS2,CatBoost,42,61,61,"{'iterations': 1000, 'depth': 4, 'learning_rate': 0.05, 'l2_leaf_reg': 1, 'border_count': 32}",scenario_results_scenarios_2025-12-21_165745_early_stop/catboost_S2.1_FtoT_1_S1toS2_2025-12-21_165745_seed42_early_stop.pkl,1.0,1.0,1.0,1.0,1.0,1.0,1.0,1.0,1.0,1.0,1.0,1.0,1.0,0.26229508196721313,0.18961748633879777,0.18961748633879777,0.1598360655737705,0.1598360655737705,0.26229508196721313,0.26229508196721313,0.26229508196721313,0.36065573770491804,0.4918032786885246,0.5901639344262295,0.6229508196721312,0.26229508196721313
2.1,S2.1_FtoT_2_S1toS2,CatBoost,42,61,61,"{'iterations': 1000, 'depth': 4, 'learning_rate': 0.05, 'l2_leaf_reg': 1, 'border_count': 32}",scenario_results_scenarios_2025-12-21_165745_early_stop/catboost_S2.1_FtoT_2_S1toS2_2025-12-21_165745_seed42_early_stop.pkl,1.0,1.0,1.0,1.0,1.0,1.0,1.0,1.0,1.0,1.0,1.0,1.0,1.0,0.2459016393442623,0.17267759562841528,0.17267759562841528,0.1489071038251366,0.1489071038251366,0.2459016393442623,0.2459016393442623,0.2459016393442623,0.4262295081967213,0.4918032786885246,0.639344262295082,0.7540983606557377,0.2459016393442623
2.1,S2.1_FtoT_3_S1toS2,CatBoost,42,61,61,"{'iterations': 1000, 'depth': 4, 'learning_rate': 0.05, 'l2_leaf_reg': 1, 'border_count': 32}",scenario_results_scenarios_2025-12-21_165745_early_stop/catboost_S2.1_FtoT_3_S1toS2_2025-12-21_165745_seed42_early_stop.pkl,1.0,1.0,1.0,1.0,1.0,1.0,1.0,1.0,1.0,1.0,1.0,1.0,1.0,0.3114754098360656,0.25901639344262295,0.25901639344262295,0.23770491803278687,0.23770491803278687,0.3114754098360656,0.3114754098360656,0.3114754098360656,0.5409836065573771,0.639344262295082,0.7049180327868853,0.8032786885245902,0.3114754098360656
2.1,S2.1_ItoT_1_S1toS2,CatBoost,42,61,61,"{'iterations': 1000, 'depth': 4, 'learning_rate': 0.05, 'l2_leaf_reg': 1, 'border_count': 32}",scenario_results_scenarios_2025-12-21_165745_early_stop/catboost_S2.1_ItoT_1_S1toS2_2025-12-21_165745_seed42_early_stop.pkl,1.0,1.0,1.0,1.0,1.0,1.0,1.0,1.0,1.0,1.0,1.0,1.0,1.0,0.16393442622950818,0.11420765027322403,0.11420765027322403,0.09890710382513661,0.09890710382513661,0.16393442622950818,0.16393442622950818,0.16393442622950818,0.39344262295081966,0.4918032786885246,0.5901639344262295,0.6885245901639344,0.16393442622950818
2.1,S2.1_ItoT_2_S1toS2,CatBoost,42,61,61,"{'iterations': 1000, 'depth': 4, 'learning_rate': 0.05, 'l2_leaf_reg': 1, 'border_count': 32}",scenario_results_scenarios_2025-12-21_165745_early_stop/catboost_S2.1_ItoT_2_S1toS2_2025-12-21_165745_seed42_early_stop.pkl,1.0,1.0,1.0,1.0,1.0,1.0,1.0,1.0,1.0,1.0,1.0,1.0,1.0,0.3114754098360656,0.24043715846994532,0.24043715846994532,0.2076502732240437,0.2076502732240437,0.3114754098360656,0.3114754098360656,0.3114754098360656,0.4098360655737705,0.5737704918032787,0.6557377049180327,0.7377049180327869,0.3114754098360656
2.1,S2.1_ItoT_3_S1toS2,CatBoost,42,61,61,"{'iterations': 1000, 'depth': 4, 'learning_rate': 0.05, 'l2_leaf_reg': 1, 'border_count': 32}",scenario_results_scenarios_2025-12-21_165745_early_stop/catboost_S2.1_ItoT_3_S1toS2_2025-12-21_165745_seed42_early_stop.pkl,1.0,1.0,1.0,1.0,1.0,1.0,1.0,1.0,1.0,1.0,1.0,1.0,1.0,0.32786885245901637,0.25081967213114753,0.25081967213114753,0.22131147540983606,0.22131147540983606,0.32786885245901637,0.32786885245901637,0.32786885245901637,0.45901639344262296,0.5573770491803278,0.6229508196721312,0.6557377049180327,0.32786885245901637
2.1,S2.1_ItoF_1_S1toS2,CatBoost,42,61,61,"{'iterations': 1000, 'depth': 4, 'learning_rate': 0.05, 'l2_leaf_reg': 1, 'border_count': 32}",scenario_results_scenarios_2025-12-21_165745_early_stop/catboost_S2.1_ItoF_1_S1toS2_2025-12-21_165745_seed42_early_stop.pkl,1.0,1.0,1.0,1.0,1.0,1.0,1.0,1.0,1.0,1.0,1.0,1.0,1.0,0.29508196721311475,0.22131147540983606,0.22131147540983606,0.19453551912568307,0.19453551912568307,0.29508196721311475,0.29508196721311475,0.29508196721311475,0.45901639344262296,0.5573770491803278,0.6065573770491803,0.7049180327868853,0.29508196721311475
2.1,S2.1_ItoF_2_S1toS2,CatBoost,42,61,61,"{'iterations': 1000, 'depth': 4, 'learning_rate': 0.05, 'l2_leaf_reg': 1, 'border_count': 32}",scenario_results_scenarios_2025-12-21_165745_early_stop/catboost_S2.1_ItoF_2_S1toS2_2025-12-21_165745_seed42_early_stop.pkl,1.0,1.0,1.0,1.0,1.0,1.0,1.0,1.0,1.0,1.0,1.0,1.0,1.0,0.39344262295081966,0.3453551912568306,0.3453551912568306,0.32704918032786884,0.32704918032786884,0.39344262295081966,0.39344262295081966,0.39344262295081966,0.5573770491803278,0.6557377049180327,0.7540983606557377,0.7868852459016393,0.39344262295081966
2.1,S2.1_ItoF_3_S1toS2,CatBoost,42,61,61,"{'iterations': 1000, 'depth': 4, 'learning_rate': 0.05, 'l2_leaf_reg': 1, 'border_count': 32}",scenario_results_scenarios_2025-12-21_165745_early_stop/catboost_S2.1_ItoF_3_S1toS2_2025-12-21_165745_seed42_early_stop.pkl,1.0,1.0,1.0,1.0,1.0,1.0,1.0,1.0,1.0,1.0,1.0,1.0,1.0,0.22950819672131148,0.17759562841530052,0.17759562841530052,0.1557377049180328,0.1557377049180328,0.22950819672131148,0.22950819672131148,0.22950819672131148,0.45901639344262296,0.5737704918032787,0.6721311475409836,0.7213114754098361,0.22950819672131148
2.1,S2.1_TtoF_1_S1toS2,CatBoost,42,61,61,"{'iterations': 1000, 'depth': 4, 'learning_rate': 0.05, 'l2_leaf_reg': 1, 'border_count': 32}",scenario_results_scenarios_2025-12-21_165745_early_stop/catboost_S2.1_TtoF_1_S1toS2_2025-12-21_165745_seed42_early_stop.pkl,1.0,1.0,1.0,1.0,1.0,1.0,1.0,1.0,1.0,1.0,1.0,1.0,1.0,0.26229508196721313,0.18415300546448085,0.18415300546448085,0.15437158469945353,0.15437158469945353,0.26229508196721313,0.26229508196721313,0.26229508196721313,0.4098360655737705,0.5409836065573771,0.5737704918032787,0.7049180327868853,0.26229508196721313
2.1,S2.1_TtoF_2_S1toS2,CatBoost,42,61,61,"{'iterations': 1000, 'depth': 4, 'learning_rate': 0.05, 'l2_leaf_reg': 1, 'border_count': 32}",scenario_results_scenarios_2025-12-21_165745_early_stop/catboost_S2.1_TtoF_2_S1toS2_2025-12-21_165745_seed42_early_stop.pkl,1.0,1.0,1.0,1.0,1.0,1.0,1.0,1.0,1.0,1.0,1.0,1.0,1.0,0.3442622950819672,0.2743169398907104,0.2743169398907104,0.24781420765027323,0.24781420765027323,0.3442622950819672,0.3442622950819672,0.3442622950819672,0.5081967213114754,0.5737704918032787,0.6065573770491803,0.6885245901639344,0.3442622950819672
2.1,S2.1_TtoF_3_S1toS2,CatBoost,42,61,61,"{'iterations': 1000, 'depth': 4, 'learning_rate': 0.05, 'l2_leaf_reg': 1, 'border_count': 32}",scenario_results_scenarios_2025-12-21_165745_early_stop/catboost_S2.1_TtoF_3_S1toS2_2025-12-21_165745_seed42_early_stop.pkl,1.0,1.0,1.0,1.0,1.0,1.0,1.0,1.0,1.0,1.0,1.0,1.0,1.0,0.3442622950819672,0.28688524590163933,0.28688524590163933,0.2595628415300546,0.2595628415300546,0.3442622950819672,0.3442622950819672,0.3442622950819672,0.5573770491803278,0.6885245901639344,0.7213114754098361,0.8032786885245902,0.3442622950819672
2.1,S2.1_TtoI_1_S1toS2,CatBoost,42,61,61,"{'iterations': 1000, 'depth': 4, 'learning_rate': 0.05, 'l2_leaf_reg': 1, 'border_count': 32}",scenario_results_scenarios_2025-12-21_165745_early_stop/catboost_S2.1_TtoI_1_S1toS2_2025-12-21_165745_seed42_early_stop.pkl,1.0,1.0,1.0,1.0,1.0,1.0,1.0,1.0,1.0,1.0,1.0,1.0,1.0,0.26229508196721313,0.20218579234972675,0.20218579234972675,0.17540983606557375,0.17540983606557375,0.26229508196721313,0.26229508196721313,0.26229508196721313,0.45901639344262296,0.5245901639344263,0.5901639344262295,0.639344262295082,0.26229508196721313
2.1,S2.1_TtoI_2_S1toS2,CatBoost,42,61,61,"{'iterations': 1000, 'depth': 4, 'learning_rate': 0.05, 'l2_leaf_reg': 1, 'border_count': 32}",scenario_results_scenarios_2025-12-21_165745_early_stop/catboost_S2.1_TtoI_2_S1toS2_2025-12-21_165745_seed42_early_stop.pkl,1.0,1.0,1.0,1.0,1.0,1.0,1.0,1.0,1.0,1.0,1.0,1.0,1.0,0.2459016393442623,0.16612021857923495,0.16612021857923495,0.13989071038251366,0.13989071038251366,0.2459016393442623,0.2459016393442623,0.2459016393442623,0.39344262295081966,0.5901639344262295,0.7049180327868853,0.7704918032786885,0.2459016393442623
2.1,S2.1_TtoI_3_S1toS2,CatBoost,42,61,61,"{'iterations': 1000, 'depth': 4, 'learning_rate': 0.05, 'l2_leaf_reg': 1, 'border_count': 32}",scenario_results_scenarios_2025-12-21_165745_early_stop/catboost_S2.1_TtoI_3_S1toS2_2025-12-21_165745_seed42_early_stop.pkl,1.0,1.0,1.0,1.0,1.0,1.0,1.0,1.0,1.0,1.0,1.0,1.0,1.0,0.4098360655737705,0.3579234972677595,0.3579234972677595,0.33606557377049173,0.33606557377049173,0.4098360655737705,0.4098360655737705,0.4098360655737705,0.5245901639344263,0.6885245901639344,0.7540983606557377,0.8032786885245902,0.4098360655737705
2.1,S2.1_FtoI_1_S1toS2,NaiveBayes,42,61,61,"{'priors': None, 'var_smoothing': 1e-09}",scenario_results_scenarios_2025-12-21_165745_early_stop/naivebayes_S2.1_FtoI_1_S1toS2_2025-12-21_165745_seed42_early_stop.pkl,1.0,1.0,1.0,1.0,1.0,1.0,1.0,1.0,1.0,1.0,1.0,1.0,1.0,0.16393442622950818,0.11584699453551914,0.11584699453551914,0.10027322404371584,0.10027322404371584,0.16393442622950818,0.16393442622950818,0.16393442622950818,0.18032786885245902,0.18032786885245902,0.19672131147540983,0.19672131147540983,0.16393442622950818
2.1,S2.1_FtoI_2_S1toS2,NaiveBayes,42,61,61,"{'priors': None, 'var_smoothing': 1e-09}",scenario_results_scenarios_2025-12-21_165745_early_stop/naivebayes_S2.1_FtoI_2_S1toS2_2025-12-21_165745_seed42_early_stop.pkl,1.0,1.0,1.0,1.0,1.0,1.0,1.0,1.0,1.0,1.0,1.0,1.0,1.0,0.19672131147540983,0.12021857923497267,0.12021857923497267,0.0907103825136612,0.0907103825136612,0.19672131147540983,0.19672131147540983,0.19672131147540983,0.21311475409836064,0.22950819672131148,0.22950819672131148,0.2459016393442623,0.19672131147540983
2.1,S2.1_FtoI_3_S1toS2,NaiveBayes,42,61,61,"{'priors': None, 'var_smoothing': 1e-09}",scenario_results_scenarios_2025-12-21_165745_early_stop/naivebayes_S2.1_FtoI_3_S1toS2_2025-12-21_165745_seed42_early_stop.pkl,1.0,1.0,1.0,1.0,1.0,1.0,1.0,1.0,1.0,1.0,1.0,1.0,1.0,0.16393442622950818,0.1249024199843872,0.1249024199843872,0.11202185792349727,0.11202185792349727,0.16393442622950818,0.16393442622950818,0.16393442622950818,0.18032786885245902,0.19672131147540983,0.21311475409836064,0.21311475409836064,0.16393442622950818
2.1,S2.1_FtoT_1_S1toS2,NaiveBayes,42,61,61,"{'priors': None, 'var_smoothing': 1e-09}",scenario_results_scenarios_2025-12-21_165745_early_stop/naivebayes_S2.1_FtoT_1_S1toS2_2025-12-21_165745_seed42_early_stop.pkl,1.0,1.0,1.0,1.0,1.0,1.0,1.0,1.0,1.0,1.0,1.0,1.0,1.0,0.14754098360655737,0.10491803278688525,0.10491803278688525,0.09207650273224043,0.09207650273224043,0.14754098360655737,0.14754098360655737,0.14754098360655737,0.16393442622950818,0.18032786885245902,0.18032786885245902,0.19672131147540983,0.14754098360655737
2.1,S2.1_FtoT_2_S1toS2,NaiveBayes,42,61,61,"{'priors': None, 'var_smoothing': 1e-09}",scenario_results_scenarios_2025-12-21_165745_early_stop/naivebayes_S2.1_FtoT_2_S1toS2_2025-12-21_165745_seed42_early_stop.pkl,1.0,1.0,1.0,1.0,1.0,1.0,1.0,1.0,1.0,1.0,1.0,1.0,1.0,0.18032786885245902,0.12295081967213115,0.12295081967213115,0.09836065573770492,0.09836065573770492,0.18032786885245902,0.18032786885245902,0.18032786885245902,0.19672131147540983,0.21311475409836064,0.21311475409836064,0.21311475409836064,0.18032786885245902
2.1,S2.1_FtoT_3_S1toS2,NaiveBayes,42,61,61,"{'priors': None, 'var_smoothing': 1e-09}",scenario_results_scenarios_2025-12-21_165745_early_stop/naivebayes_S2.1_FtoT_3_S1toS2_2025-12-21_165745_seed42_early_stop.pkl,1.0,1.0,1.0,1.0,1.0,1.0,1.0,1.0,1.0,1.0,1.0,1.0,1.0,0.13114754098360656,0.08118657298985167,0.08118657298985167,0.06612021857923497,0.06612021857923497,0.13114754098360656,0.13114754098360656,0.13114754098360656,0.14754098360655737,0.16393442622950818,0.18032786885245902,0.19672131147540983,0.13114754098360656
2.1,S2.1_ItoT_1_S1toS2,NaiveBayes,42,61,61,"{'priors': None, 'var_smoothing': 1e-09}",scenario_results_scenarios_2025-12-21_165745_early_stop/naivebayes_S2.1_ItoT_1_S1toS2_2025-12-21_165745_seed42_early_stop.pkl,1.0,1.0,1.0,1.0,1.0,1.0,1.0,1.0,1.0,1.0,1.0,1.0,1.0,0.13114754098360656,0.08227946916471507,0.08227946916471507,0.0669398907103825,0.0669398907103825,0.13114754098360656,0.13114754098360656,0.13114754098360656,0.14754098360655737,0.16393442622950818,0.19672131147540983,0.19672131147540983,0.13114754098360656
2.1,S2.1_ItoT_2_S1toS2,NaiveBayes,42,61,61,"{'priors': None, 'var_smoothing': 1e-09}",scenario_results_scenarios_2025-12-21_165745_early_stop/naivebayes_S2.1_ItoT_2_S1toS2_2025-12-21_165745_seed42_early_stop.pkl,1.0,1.0,1.0,1.0,1.0,1.0,1.0,1.0,1.0,1.0,1.0,1.0,1.0,0.16393442622950818,0.11748633879781421,0.11748633879781421,0.10163934426229507,0.10163934426229507,0.16393442622950818,0.16393442622950818,0.16393442622950818,0.18032786885245902,0.19672131147540983,0.19672131147540983,0.21311475409836064,0.16393442622950818
2.1,S2.1_ItoT_3_S1toS2,NaiveBayes,42,61,61,"{'priors': None, 'var_smoothing': 1e-09}",scenario_results_scenarios_2025-12-21_165745_early_stop/naivebayes_S2.1_ItoT_3_S1toS2_2025-12-21_165745_seed42_early_stop.pkl,1.0,1.0,1.0,1.0,1.0,1.0,1.0,1.0,1.0,1.0,1.0,1.0,1.0,0.18032786885245902,0.13934426229508193,0.13934426229508193,0.12021857923497267,0.12021857923497267,0.18032786885245902,0.18032786885245902,0.18032786885245902,0.19672131147540983,0.19672131147540983,0.21311475409836064,0.22950819672131148,0.18032786885245902
2.1,S2.1_ItoF_1_S1toS2,NaiveBayes,42,61,61,"{'priors': None, 'var_smoothing': 1e-09}",scenario_results_scenarios_2025-12-21_165745_early_stop/naivebayes_S2.1_ItoF_1_S1toS2_2025-12-21_165745_seed42_early_stop.pkl,1.0,1.0,1.0,1.0,1.0,1.0,1.0,1.0,1.0,1.0,1.0,1.0,1.0,0.11475409836065574,0.07923497267759562,0.07923497267759562,0.06557377049180328,0.06557377049180328,0.11475409836065574,0.11475409836065574,0.11475409836065574,0.13114754098360656,0.14754098360655737,0.14754098360655737,0.16393442622950818,0.11475409836065574
2.1,S2.1_ItoF_2_S1toS2,NaiveBayes,42,61,61,"{'priors': None, 'var_smoothing': 1e-09}",scenario_results_scenarios_2025-12-21_165745_early_stop/naivebayes_S2.1_ItoF_2_S1toS2_2025-12-21_165745_seed42_early_stop.pkl,1.0,1.0,1.0,1.0,1.0,1.0,1.0,1.0,1.0,1.0,1.0,1.0,1.0,0.16393442622950818,0.10382513661202185,0.10382513661202185,0.08251366120218578,0.08251366120218578,0.16393442622950818,0.16393442622950818,0.16393442622950818,0.18032786885245902,0.19672131147540983,0.19672131147540983,0.21311475409836064,0.16393442622950818
2.1,S2.1_ItoF_3_S1toS2,NaiveBayes,42,61,61,"{'priors': None, 'var_smoothing': 1e-09}",scenario_results_scenarios_2025-12-21_165745_early_stop/naivebayes_S2.1_ItoF_3_S1toS2_2025-12-21_165745_seed42_early_stop.pkl,1.0,1.0,1.0,1.0,1.0,1.0,1.0,1.0,1.0,1.0,1.0,1.0,1.0,0.16393442622950818,0.10109289617486338,0.10109289617486338,0.08032786885245902,0.08032786885245902,0.16393442622950818,0.16393442622950818,0.16393442622950818,0.18032786885245902,0.19672131147540983,0.21311475409836064,0.22950819672131148,0.16393442622950818
2.1,S2.1_TtoF_1_S1toS2,NaiveBayes,42,61,61,"{'priors': None, 'var_smoothing': 1e-09}",scenario_results_scenarios_2025-12-21_165745_early_stop/naivebayes_S2.1_TtoF_1_S1toS2_2025-12-21_165745_seed42_early_stop.pkl,1.0,1.0,1.0,1.0,1.0,1.0,1.0,1.0,1.0,1.0,1.0,1.0,1.0,0.08196721311475409,0.04590163934426229,0.04590163934426229,0.03551912568306011,0.03551912568306011,0.08196721311475409,0.08196721311475409,0.08196721311475409,0.09836065573770492,0.11475409836065574,0.13114754098360656,0.14754098360655737,0.08196721311475409
2.1,S2.1_TtoF_2_S1toS2,NaiveBayes,42,61,61,"{'priors': None, 'var_smoothing': 1e-09}",scenario_results_scenarios_2025-12-21_165745_early_stop/naivebayes_S2.1_TtoF_2_S1toS2_2025-12-21_165745_seed42_early_stop.pkl,1.0,1.0,1.0,1.0,1.0,1.0,1.0,1.0,1.0,1.0,1.0,1.0,1.0,0.14754098360655737,0.11338797814207649,0.11338797814207649,0.10070257611241216,0.10070257611241216,0.14754098360655737,0.14754098360655737,0.14754098360655737,0.14754098360655737,0.16393442622950818,0.18032786885245902,0.19672131147540983,0.14754098360655737
2.1,S2.1_TtoF_3_S1toS2,NaiveBayes,42,61,61,"{'priors': None, 'var_smoothing': 1e-09}",scenario_results_scenarios_2025-12-21_165745_early_stop/naivebayes_S2.1_TtoF_3_S1toS2_2025-12-21_165745_seed42_early_stop.pkl,1.0,1.0,1.0,1.0,1.0,1.0,1.0,1.0,1.0,1.0,1.0,1.0,1.0,0.19672131147540983,0.13114754098360656,0.13114754098360656,0.10655737704918031,0.10655737704918031,0.19672131147540983,0.19672131147540983,0.19672131147540983,0.21311475409836064,0.22950819672131148,0.22950819672131148,0.2459016393442623,0.19672131147540983
2.1,S2.1_TtoI_1_S1toS2,NaiveBayes,42,61,61,"{'priors': None, 'var_smoothing': 1e-09}",scenario_results_scenarios_2025-12-21_165745_early_stop/naivebayes_S2.1_TtoI_1_S1toS2_2025-12-21_165745_seed42_early_stop.pkl,1.0,1.0,1.0,1.0,1.0,1.0,1.0,1.0,1.0,1.0,1.0,1.0,1.0,0.13114754098360656,0.10109289617486339,0.10109289617486339,0.08743169398907104,0.08743169398907104,0.13114754098360656,0.13114754098360656,0.13114754098360656,0.14754098360655737,0.16393442622950818,0.16393442622950818,0.18032786885245902,0.13114754098360656
2.1,S2.1_TtoI_2_S1toS2,NaiveBayes,42,61,61,"{'priors': None, 'var_smoothing': 1e-09}",scenario_results_scenarios_2025-12-21_165745_early_stop/naivebayes_S2.1_TtoI_2_S1toS2_2025-12-21_165745_seed42_early_stop.pkl,1.0,1.0,1.0,1.0,1.0,1.0,1.0,1.0,1.0,1.0,1.0,1.0,1.0,0.22950819672131148,0.16424668227946917,0.16424668227946917,0.1439890710382514,0.1439890710382514,0.22950819672131148,0.22950819672131148,0.22950819672131148,0.2459016393442623,0.26229508196721313,0.29508196721311475,0.29508196721311475,0.22950819672131148
2.1,S2.1_TtoI_3_S1toS2,NaiveBayes,42,61,61,"{'priors': None, 'var_smoothing': 1e-09}",scenario_results_scenarios_2025-12-21_165745_early_stop/naivebayes_S2.1_TtoI_3_S1toS2_2025-12-21_165745_seed42_early_stop.pkl,1.0,1.0,1.0,1.0,1.0,1.0,1.0,1.0,1.0,1.0,1.0,1.0,1.0,0.16393442622950818,0.12295081967213115,0.12295081967213115,0.10655737704918032,0.10655737704918032,0.16393442622950818,0.16393442622950818,0.16393442622950818,0.18032786885245902,0.19672131147540983,0.19672131147540983,0.21311475409836064,0.16393442622950818
2.1,S2.1_FtoI_1_S1toS2,LightGBM,42,61,61,"{'n_estimators': 100, 'max_depth': 6, 'learning_rate': 0.05, 'num_leaves': 31, 'min_child_samples': 20}",scenario_results_scenarios_2025-12-21_165745_early_stop/lightgbm_S2.1_FtoI_1_S1toS2_2025-12-21_165745_seed42_early_stop.pkl,1.0,1.0,1.0,1.0,1.0,1.0,1.0,1.0,1.0,1.0,1.0,1.0,1.0,0.18032786885245902,0.1448087431693989,0.1448087431693989,0.13114754098360656,0.13114754098360656,0.18032786885245902,0.18032786885245902,0.18032786885245902,0.22950819672131148,0.26229508196721313,0.3114754098360656,0.32786885245901637,0.18032786885245902
2.1,S2.1_FtoI_2_S1toS2,LightGBM,42,61,61,"{'n_estimators': 100, 'max_depth': 6, 'learning_rate': 0.05, 'num_leaves': 31, 'min_child_samples': 20}",scenario_results_scenarios_2025-12-21_165745_early_stop/lightgbm_S2.1_FtoI_2_S1toS2_2025-12-21_165745_seed42_early_stop.pkl,1.0,1.0,1.0,1.0,1.0,1.0,1.0,1.0,1.0,1.0,1.0,1.0,1.0,0.19672131147540983,0.133879781420765,0.133879781420765,0.11256830601092896,0.11256830601092896,0.19672131147540983,0.19672131147540983,0.19672131147540983,0.26229508196721313,0.39344262295081966,0.4918032786885246,0.5573770491803278,0.19672131147540983
2.1,S2.1_FtoI_3_S1toS2,LightGBM,42,61,61,"{'n_estimators': 100, 'max_depth': 6, 'learning_rate': 0.05, 'num_leaves': 31, 'min_child_samples': 20}",scenario_results_scenarios_2025-12-21_165745_early_stop/lightgbm_S2.1_FtoI_3_S1toS2_2025-12-21_165745_seed42_early_stop.pkl,1.0,1.0,1.0,1.0,1.0,1.0,1.0,1.0,1.0,1.0,1.0,1.0,1.0,0.16393442622950818,0.13114754098360656,0.13114754098360656,0.1174863387978142,0.1174863387978142,0.16393442622950818,0.16393442622950818,0.16393442622950818,0.36065573770491804,0.45901639344262296,0.4918032786885246,0.5573770491803278,0.16393442622950818
2.1,S2.1_FtoT_1_S1toS2,LightGBM,42,61,61,"{'n_estimators': 100, 'max_depth': 6, 'learning_rate': 0.05, 'num_leaves': 31, 'min_child_samples': 20}",scenario_results_scenarios_2025-12-21_165745_early_stop/lightgbm_S2.1_FtoT_1_S1toS2_2025-12-21_165745_seed42_early_stop.pkl,1.0,1.0,1.0,1.0,1.0,1.0,1.0,1.0,1.0,1.0,1.0,1.0,1.0,0.14754098360655737,0.11420765027322405,0.11420765027322405,0.10382513661202185,0.10382513661202185,0.14754098360655737,0.14754098360655737,0.14754098360655737,0.26229508196721313,0.3442622950819672,0.4098360655737705,0.4918032786885246,0.14754098360655737
2.1,S2.1_FtoT_2_S1toS2,LightGBM,42,61,61,"{'n_estimators': 100, 'max_depth': 6, 'learning_rate': 0.05, 'num_leaves': 31, 'min_child_samples': 20}",scenario_results_scenarios_2025-12-21_165745_early_stop/lightgbm_S2.1_FtoT_2_S1toS2_2025-12-21_165745_seed42_early_stop.pkl,1.0,1.0,1.0,1.0,1.0,1.0,1.0,1.0,1.0,1.0,1.0,1.0,1.0,0.19672131147540983,0.1366120218579235,0.1366120218579235,0.11202185792349725,0.11202185792349725,0.19672131147540983,0.19672131147540983,0.19672131147540983,0.22950819672131148,0.29508196721311475,0.3442622950819672,0.4262295081967213,0.19672131147540983
2.1,S2.1_FtoT_3_S1toS2,LightGBM,42,61,61,"{'n_estimators': 100, 'max_depth': 6, 'learning_rate': 0.05, 'num_leaves': 31, 'min_child_samples': 20}",scenario_results_scenarios_2025-12-21_165745_early_stop/lightgbm_S2.1_FtoT_3_S1toS2_2025-12-21_165745_seed42_early_stop.pkl,1.0,1.0,1.0,1.0,1.0,1.0,1.0,1.0,1.0,1.0,1.0,1.0,1.0,0.16393442622950818,0.12677595628415303,0.12677595628415303,0.11065573770491803,0.11065573770491803,0.16393442622950818,0.16393442622950818,0.16393442622950818,0.2786885245901639,0.32786885245901637,0.3770491803278688,0.47540983606557374,0.16393442622950818
2.1,S2.1_ItoT_1_S1toS2,LightGBM,42,61,61,"{'n_estimators': 100, 'max_depth': 6, 'learning_rate': 0.05, 'num_leaves': 31, 'min_child_samples': 20}",scenario_results_scenarios_2025-12-21_165745_early_stop/lightgbm_S2.1_ItoT_1_S1toS2_2025-12-21_165745_seed42_early_stop.pkl,1.0,1.0,1.0,1.0,1.0,1.0,1.0,1.0,1.0,1.0,1.0,1.0,1.0,0.11475409836065574,0.0901639344262295,0.0901639344262295,0.08251366120218578,0.08251366120218578,0.11475409836065574,0.11475409836065574,0.11475409836065574,0.21311475409836064,0.21311475409836064,0.29508196721311475,0.3442622950819672,0.11475409836065574
2.1,S2.1_ItoT_2_S1toS2,LightGBM,42,61,61,"{'n_estimators': 100, 'max_depth': 6, 'learning_rate': 0.05, 'num_leaves': 31, 'min_child_samples': 20}",scenario_results_scenarios_2025-12-21_165745_early_stop/lightgbm_S2.1_ItoT_2_S1toS2_2025-12-21_165745_seed42_early_stop.pkl,1.0,1.0,1.0,1.0,1.0,1.0,1.0,1.0,1.0,1.0,1.0,1.0,1.0,0.08196721311475409,0.04590163934426229,0.04590163934426229,0.03278688524590164,0.03278688524590164,0.08196721311475409,0.08196721311475409,0.08196721311475409,0.19672131147540983,0.2459016393442623,0.32786885245901637,0.3770491803278688,0.08196721311475409
2.1,S2.1_ItoT_3_S1toS2,LightGBM,42,61,61,"{'n_estimators': 100, 'max_depth': 6, 'learning_rate': 0.05, 'num_leaves': 31, 'min_child_samples': 20}",scenario_results_scenarios_2025-12-21_165745_early_stop/lightgbm_S2.1_ItoT_3_S1toS2_2025-12-21_165745_seed42_early_stop.pkl,1.0,1.0,1.0,1.0,1.0,1.0,1.0,1.0,1.0,1.0,1.0,1.0,1.0,0.18032786885245902,0.13224043715846995,0.13224043715846995,0.11338797814207649,0.11338797814207649,0.18032786885245902,0.18032786885245902,0.18032786885245902,0.2786885245901639,0.32786885245901637,0.39344262295081966,0.47540983606557374,0.18032786885245902
2.1,S2.1_ItoF_1_S1toS2,LightGBM,42,61,61,"{'n_estimators': 100, 'max_depth': 6, 'learning_rate': 0.05, 'num_leaves': 31, 'min_child_samples': 20}",scenario_results_scenarios_2025-12-21_165745_early_stop/lightgbm_S2.1_ItoF_1_S1toS2_2025-12-21_165745_seed42_early_stop.pkl,1.0,1.0,1.0,1.0,1.0,1.0,1.0,1.0,1.0,1.0,1.0,1.0,1.0,0.11475409836065574,0.07868852459016393,0.07868852459016393,0.06885245901639345,0.06885245901639345,0.11475409836065574,0.11475409836065574,0.11475409836065574,0.16393442622950818,0.26229508196721313,0.3442622950819672,0.4098360655737705,0.11475409836065574
2.1,S2.1_ItoF_2_S1toS2,LightGBM,42,61,61,"{'n_estimators': 100, 'max_depth': 6, 'learning_rate': 0.05, 'num_leaves': 31, 'min_child_samples': 20}",scenario_results_scenarios_2025-12-21_165745_early_stop/lightgbm_S2.1_ItoF_2_S1toS2_2025-12-21_165745_seed42_early_stop.pkl,1.0,1.0,1.0,1.0,1.0,1.0,1.0,1.0,1.0,1.0,1.0,1.0,1.0,0.2786885245901639,0.24316939890710382,0.24316939890710382,0.23005464480874316,0.23005464480874316,0.2786885245901639,0.2786885245901639,0.2786885245901639,0.3114754098360656,0.4262295081967213,0.47540983606557374,0.5409836065573771,0.2786885245901639
2.1,S2.1_ItoF_3_S1toS2,LightGBM,42,61,61,"{'n_estimators': 100, 'max_depth': 6, 'learning_rate': 0.05, 'num_leaves': 31, 'min_child_samples': 20}",scenario_results_scenarios_2025-12-21_165745_early_stop/lightgbm_S2.1_ItoF_3_S1toS2_2025-12-21_165745_seed42_early_stop.pkl,1.0,1.0,1.0,1.0,1.0,1.0,1.0,1.0,1.0,1.0,1.0,1.0,1.0,0.19672131147540983,0.14754098360655737,0.14754098360655737,0.13169398907103824,0.13169398907103824,0.19672131147540983,0.19672131147540983,0.19672131147540983,0.3114754098360656,0.4262295081967213,0.45901639344262296,0.4918032786885246,0.19672131147540983
2.1,S2.1_TtoF_1_S1toS2,LightGBM,42,61,61,"{'n_estimators': 100, 'max_depth': 6, 'learning_rate': 0.05, 'num_leaves': 31, 'min_child_samples': 20}",scenario_results_scenarios_2025-12-21_165745_early_stop/lightgbm_S2.1_TtoF_1_S1toS2_2025-12-21_165745_seed42_early_stop.pkl,1.0,1.0,1.0,1.0,1.0,1.0,1.0,1.0,1.0,1.0,1.0,1.0,1.0,0.08196721311475409,0.058469945355191254,0.058469945355191254,0.05054644808743169,0.05054644808743169,0.08196721311475409,0.08196721311475409,0.08196721311475409,0.21311475409836064,0.2786885245901639,0.32786885245901637,0.36065573770491804,0.08196721311475409
2.1,S2.1_TtoF_2_S1toS2,LightGBM,42,61,61,"{'n_estimators': 100, 'max_depth': 6, 'learning_rate': 0.05, 'num_leaves': 31, 'min_child_samples': 20}",scenario_results_scenarios_2025-12-21_165745_early_stop/lightgbm_S2.1_TtoF_2_S1toS2_2025-12-21_165745_seed42_early_stop.pkl,1.0,1.0,1.0,1.0,1.0,1.0,1.0,1.0,1.0,1.0,1.0,1.0,1.0,0.14754098360655737,0.087743950039032,0.087743950039032,0.07021857923497267,0.07021857923497267,0.14754098360655737,0.14754098360655737,0.14754098360655737,0.2459016393442623,0.32786885245901637,0.39344262295081966,0.47540983606557374,0.14754098360655737
2.1,S2.1_TtoF_3_S1toS2,LightGBM,42,61,61,"{'n_estimators': 100, 'max_depth': 6, 'learning_rate': 0.05, 'num_leaves': 31, 'min_child_samples': 20}",scenario_results_scenarios_2025-12-21_165745_early_stop/lightgbm_S2.1_TtoF_3_S1toS2_2025-12-21_165745_seed42_early_stop.pkl,1.0,1.0,1.0,1.0,1.0,1.0,1.0,1.0,1.0,1.0,1.0,1.0,1.0,0.18032786885245902,0.14480874316939893,0.14480874316939893,0.13169398907103824,0.13169398907103824,0.18032786885245902,0.18032786885245902,0.18032786885245902,0.29508196721311475,0.3770491803278688,0.45901639344262296,0.5573770491803278,0.18032786885245902
2.1,S2.1_TtoI_1_S1toS2,LightGBM,42,61,61,"{'n_estimators': 100, 'max_depth': 6, 'learning_rate': 0.05, 'num_leaves': 31, 'min_child_samples': 20}",scenario_results_scenarios_2025-12-21_165745_early_stop/lightgbm_S2.1_TtoI_1_S1toS2_2025-12-21_165745_seed42_early_stop.pkl,1.0,1.0,1.0,1.0,1.0,1.0,1.0,1.0,1.0,1.0,1.0,1.0,1.0,0.18032786885245902,0.15846994535519124,0.15846994535519124,0.14754098360655737,0.14754098360655737,0.18032786885245902,0.18032786885245902,0.18032786885245902,0.26229508196721313,0.32786885245901637,0.4098360655737705,0.4426229508196721,0.18032786885245902
2.1,S2.1_TtoI_2_S1toS2,LightGBM,42,61,61,"{'n_estimators': 100, 'max_depth': 6, 'learning_rate': 0.05, 'num_leaves': 31, 'min_child_samples': 20}",scenario_results_scenarios_2025-12-21_165745_early_stop/lightgbm_S2.1_TtoI_2_S1toS2_2025-12-21_165745_seed42_early_stop.pkl,1.0,1.0,1.0,1.0,1.0,1.0,1.0,1.0,1.0,1.0,1.0,1.0,1.0,0.08196721311475409,0.058469945355191254,0.058469945355191254,0.05054644808743169,0.05054644808743169,0.08196721311475409,0.08196721311475409,0.08196721311475409,0.21311475409836064,0.3442622950819672,0.3770491803278688,0.4426229508196721,0.08196721311475409
2.1,S2.1_TtoI_3_S1toS2,LightGBM,42,61,61,"{'n_estimators': 100, 'max_depth': 6, 'learning_rate': 0.05, 'num_leaves': 31, 'min_child_samples': 20}",scenario_results_scenarios_2025-12-21_165745_early_stop/lightgbm_S2.1_TtoI_3_S1toS2_2025-12-21_165745_seed42_early_stop.pkl,1.0,1.0,1.0,1.0,1.0,1.0,1.0,1.0,1.0,1.0,1.0,1.0,1.0,0.13114754098360656,0.11038251366120219,0.11038251366120219,0.10245901639344263,0.10245901639344263,0.13114754098360656,0.13114754098360656,0.13114754098360656,0.32786885245901637,0.39344262295081966,0.4426229508196721,0.5081967213114754,0.13114754098360656
2.1,S2.1_FtoI_1_S1toS2,ExtraTrees,42,61,61,"{'n_estimators': 100, 'max_depth': 10, 'min_samples_split': 2, 'min_samples_leaf': 1, 'max_features': 'sqrt', 'bootstrap': False, 'criterion': 'gini'}",scenario_results_scenarios_2025-12-21_165745_early_stop/extratrees_S2.1_FtoI_1_S1toS2_2025-12-21_165745_seed42_early_stop.pkl,1.0,1.0,1.0,1.0,1.0,1.0,1.0,1.0,1.0,1.0,1.0,1.0,1.0,0.21311475409836064,0.180327868852459,0.180327868852459,0.16393442622950818,0.16393442622950818,0.21311475409836064,0.21311475409836064,0.18032786885245902,0.32786885245901637,0.3770491803278688,0.47540983606557374,0.5409836065573771,0.18032786885245902
2.1,S2.1_FtoI_2_S1toS2,ExtraTrees,42,61,61,"{'n_estimators': 100, 'max_depth': 10, 'min_samples_split': 2, 'min_samples_leaf': 1, 'max_features': 'sqrt', 'bootstrap': False, 'criterion': 'gini'}",scenario_results_scenarios_2025-12-21_165745_early_stop/extratrees_S2.1_FtoI_2_S1toS2_2025-12-21_165745_seed42_early_stop.pkl,1.0,1.0,1.0,1.0,1.0,1.0,1.0,1.0,1.0,1.0,1.0,1.0,1.0,0.29508196721311475,0.22896174863387977,0.22896174863387977,0.20491803278688525,0.20491803278688525,0.29508196721311475,0.29508196721311475,0.3114754098360656,0.47540983606557374,0.5737704918032787,0.6721311475409836,0.7213114754098361,0.29508196721311475
2.1,S2.1_FtoI_3_S1toS2,ExtraTrees,42,61,61,"{'n_estimators': 100, 'max_depth': 10, 'min_samples_split': 2, 'min_samples_leaf': 1, 'max_features': 'sqrt', 'bootstrap': False, 'criterion': 'gini'}",scenario_results_scenarios_2025-12-21_165745_early_stop/extratrees_S2.1_FtoI_3_S1toS2_2025-12-21_165745_seed42_early_stop.pkl,1.0,1.0,1.0,1.0,1.0,1.0,1.0,1.0,1.0,1.0,1.0,1.0,1.0,0.36065573770491804,0.29234972677595633,0.29234972677595633,0.2683060109289618,0.2683060109289618,0.36065573770491804,0.36065573770491804,0.3442622950819672,0.4918032786885246,0.5409836065573771,0.6229508196721312,0.7049180327868853,0.3442622950819672
2.1,S2.1_FtoT_1_S1toS2,ExtraTrees,42,61,61,"{'n_estimators': 100, 'max_depth': 10, 'min_samples_split': 2, 'min_samples_leaf': 1, 'max_features': 'sqrt', 'bootstrap': False, 'criterion': 'gini'}",scenario_results_scenarios_2025-12-21_165745_early_stop/extratrees_S2.1_FtoT_1_S1toS2_2025-12-21_165745_seed42_early_stop.pkl,1.0,1.0,1.0,1.0,1.0,1.0,1.0,1.0,1.0,1.0,1.0,1.0,1.0,0.2786885245901639,0.21038251366120217,0.21038251366120217,0.17759562841530052,0.17759562841530052,0.2786885245901639,0.2786885245901639,0.2459016393442623,0.47540983606557374,0.5409836065573771,0.6557377049180327,0.7213114754098361,0.2459016393442623
2.1,S2.1_FtoT_2_S1toS2,ExtraTrees,42,61,61,"{'n_estimators': 100, 'max_depth': 10, 'min_samples_split': 2, 'min_samples_leaf': 1, 'max_features': 'sqrt', 'bootstrap': False, 'criterion': 'gini'}",scenario_results_scenarios_2025-12-21_165745_early_stop/extratrees_S2.1_FtoT_2_S1toS2_2025-12-21_165745_seed42_early_stop.pkl,1.0,1.0,1.0,1.0,1.0,1.0,1.0,1.0,1.0,1.0,1.0,1.0,1.0,0.18032786885245902,0.11584699453551912,0.11584699453551912,0.09153005464480873,0.09153005464480873,0.18032786885245902,0.18032786885245902,0.18032786885245902,0.3770491803278688,0.45901639344262296,0.5901639344262295,0.6885245901639344,0.18032786885245902
2.1,S2.1_FtoT_3_S1toS2,ExtraTrees,42,61,61,"{'n_estimators': 100, 'max_depth': 10, 'min_samples_split': 2, 'min_samples_leaf': 1, 'max_features': 'sqrt', 'bootstrap': False, 'criterion': 'gini'}",scenario_results_scenarios_2025-12-21_165745_early_stop/extratrees_S2.1_FtoT_3_S1toS2_2025-12-21_165745_seed42_early_stop.pkl,1.0,1.0,1.0,1.0,1.0,1.0,1.0,1.0,1.0,1.0,1.0,1.0,1.0,0.3442622950819672,0.24153005464480873,0.24153005464480873,0.20136612021857922,0.20136612021857922,0.3442622950819672,0.3442622950819672,0.39344262295081966,0.47540983606557374,0.5573770491803278,0.6721311475409836,0.7049180327868853,0.32786885245901637
2.1,S2.1_ItoT_1_S1toS2,ExtraTrees,42,61,61,"{'n_estimators': 100, 'max_depth': 10, 'min_samples_split': 2, 'min_samples_leaf': 1, 'max_features': 'sqrt', 'bootstrap': False, 'criterion': 'gini'}",scenario_results_scenarios_2025-12-21_165745_early_stop/extratrees_S2.1_ItoT_1_S1toS2_2025-12-21_165745_seed42_early_stop.pkl,1.0,1.0,1.0,1.0,1.0,1.0,1.0,1.0,1.0,1.0,1.0,1.0,1.0,0.2786885245901639,0.19508196721311474,0.19508196721311474,0.16311475409836065,0.16311475409836065,0.2786885245901639,0.2786885245901639,0.29508196721311475,0.4262295081967213,0.4918032786885246,0.5573770491803278,0.6557377049180327,0.26229508196721313
2.1,S2.1_ItoT_2_S1toS2,ExtraTrees,42,61,61,"{'n_estimators': 100, 'max_depth': 10, 'min_samples_split': 2, 'min_samples_leaf': 1, 'max_features': 'sqrt', 'bootstrap': False, 'criterion': 'gini'}",scenario_results_scenarios_2025-12-21_165745_early_stop/extratrees_S2.1_ItoT_2_S1toS2_2025-12-21_165745_seed42_early_stop.pkl,1.0,1.0,1.0,1.0,1.0,1.0,1.0,1.0,1.0,1.0,1.0,1.0,1.0,0.26229508196721313,0.20765027322404367,0.20765027322404367,0.18306010928961747,0.18306010928961747,0.26229508196721313,0.26229508196721313,0.26229508196721313,0.39344262295081966,0.5245901639344263,0.6065573770491803,0.6885245901639344,0.2459016393442623
2.1,S2.1_ItoT_3_S1toS2,ExtraTrees,42,61,61,"{'n_estimators': 100, 'max_depth': 10, 'min_samples_split': 2, 'min_samples_leaf': 1, 'max_features': 'sqrt', 'bootstrap': False, 'criterion': 'gini'}",scenario_results_scenarios_2025-12-21_165745_early_stop/extratrees_S2.1_ItoT_3_S1toS2_2025-12-21_165745_seed42_early_stop.pkl,1.0,1.0,1.0,1.0,1.0,1.0,1.0,1.0,1.0,1.0,1.0,1.0,1.0,0.2786885245901639,0.20327868852459013,0.20327868852459013,0.1734972677595628,0.1734972677595628,0.2786885245901639,0.2786885245901639,0.26229508196721313,0.4426229508196721,0.6065573770491803,0.6721311475409836,0.7049180327868853,0.26229508196721313
2.1,S2.1_ItoF_1_S1toS2,ExtraTrees,42,61,61,"{'n_estimators': 100, 'max_depth': 10, 'min_samples_split': 2, 'min_samples_leaf': 1, 'max_features': 'sqrt', 'bootstrap': False, 'criterion': 'gini'}",scenario_results_scenarios_2025-12-21_165745_early_stop/extratrees_S2.1_ItoF_1_S1toS2_2025-12-21_165745_seed42_early_stop.pkl,1.0,1.0,1.0,1.0,1.0,1.0,1.0,1.0,1.0,1.0,1.0,1.0,1.0,0.32786885245901637,0.24262295081967214,0.24262295081967214,0.21366120218579235,0.21366120218579235,0.32786885245901637,0.32786885245901637,0.3114754098360656,0.4426229508196721,0.5245901639344263,0.5901639344262295,0.6229508196721312,0.3114754098360656
2.1,S2.1_ItoF_2_S1toS2,ExtraTrees,42,61,61,"{'n_estimators': 100, 'max_depth': 10, 'min_samples_split': 2, 'min_samples_leaf': 1, 'max_features': 'sqrt', 'bootstrap': False, 'criterion': 'gini'}",scenario_results_scenarios_2025-12-21_165745_early_stop/extratrees_S2.1_ItoF_2_S1toS2_2025-12-21_165745_seed42_early_stop.pkl,1.0,1.0,1.0,1.0,1.0,1.0,1.0,1.0,1.0,1.0,1.0,1.0,1.0,0.36065573770491804,0.2890710382513661,0.2890710382513661,0.2595628415300546,0.2595628415300546,0.36065573770491804,0.36065573770491804,0.3770491803278688,0.4918032786885246,0.5573770491803278,0.6721311475409836,0.7377049180327869,0.32786885245901637
2.1,S2.1_ItoF_3_S1toS2,ExtraTrees,42,61,61,"{'n_estimators': 100, 'max_depth': 10, 'min_samples_split': 2, 'min_samples_leaf': 1, 'max_features': 'sqrt', 'bootstrap': False, 'criterion': 'gini'}",scenario_results_scenarios_2025-12-21_165745_early_stop/extratrees_S2.1_ItoF_3_S1toS2_2025-12-21_165745_seed42_early_stop.pkl,1.0,1.0,1.0,1.0,1.0,1.0,1.0,1.0,1.0,1.0,1.0,1.0,1.0,0.2459016393442623,0.2005464480874317,0.2005464480874317,0.18442622950819673,0.18442622950819673,0.2459016393442623,0.2459016393442623,0.2459016393442623,0.4426229508196721,0.6065573770491803,0.6557377049180327,0.6557377049180327,0.2459016393442623
2.1,S2.1_TtoF_1_S1toS2,ExtraTrees,42,61,61,"{'n_estimators': 100, 'max_depth': 10, 'min_samples_split': 2, 'min_samples_leaf': 1, 'max_features': 'sqrt', 'bootstrap': False, 'criterion': 'gini'}",scenario_results_scenarios_2025-12-21_165745_early_stop/extratrees_S2.1_TtoF_1_S1toS2_2025-12-21_165745_seed42_early_stop.pkl,1.0,1.0,1.0,1.0,1.0,1.0,1.0,1.0,1.0,1.0,1.0,1.0,1.0,0.22950819672131148,0.17978142076502732,0.17978142076502732,0.16775956284153007,0.16775956284153007,0.22950819672131148,0.22950819672131148,0.21311475409836064,0.4262295081967213,0.5409836065573771,0.5901639344262295,0.6557377049180327,0.21311475409836064
2.1,S2.1_TtoF_2_S1toS2,ExtraTrees,42,61,61,"{'n_estimators': 100, 'max_depth': 10, 'min_samples_split': 2, 'min_samples_leaf': 1, 'max_features': 'sqrt', 'bootstrap': False, 'criterion': 'gini'}",scenario_results_scenarios_2025-12-21_165745_early_stop/extratrees_S2.1_TtoF_2_S1toS2_2025-12-21_165745_seed42_early_stop.pkl,1.0,1.0,1.0,1.0,1.0,1.0,1.0,1.0,1.0,1.0,1.0,1.0,1.0,0.32786885245901637,0.2322404371584699,0.2322404371584699,0.19508196721311474,0.19508196721311474,0.32786885245901637,0.32786885245901637,0.36065573770491804,0.4426229508196721,0.5245901639344263,0.5737704918032787,0.6721311475409836,0.32786885245901637
2.1,S2.1_TtoF_3_S1toS2,ExtraTrees,42,61,61,"{'n_estimators': 100, 'max_depth': 10, 'min_samples_split': 2, 'min_samples_leaf': 1, 'max_features': 'sqrt', 'bootstrap': False, 'criterion': 'gini'}",scenario_results_scenarios_2025-12-21_165745_early_stop/extratrees_S2.1_TtoF_3_S1toS2_2025-12-21_165745_seed42_early_stop.pkl,1.0,1.0,1.0,1.0,1.0,1.0,1.0,1.0,1.0,1.0,1.0,1.0,1.0,0.3114754098360656,0.25081967213114753,0.25081967213114753,0.226775956284153,0.226775956284153,0.3114754098360656,0.3114754098360656,0.3114754098360656,0.4918032786885246,0.639344262295082,0.7213114754098361,0.7704918032786885,0.29508196721311475
2.1,S2.1_TtoI_1_S1toS2,ExtraTrees,42,61,61,"{'n_estimators': 100, 'max_depth': 10, 'min_samples_split': 2, 'min_samples_leaf': 1, 'max_features': 'sqrt', 'bootstrap': False, 'criterion': 'gini'}",scenario_results_scenarios_2025-12-21_165745_early_stop/extratrees_S2.1_TtoI_1_S1toS2_2025-12-21_165745_seed42_early_stop.pkl,1.0,1.0,1.0,1.0,1.0,1.0,1.0,1.0,1.0,1.0,1.0,1.0,1.0,0.3770491803278688,0.3052302888368462,0.3052302888368462,0.273224043715847,0.273224043715847,0.3770491803278688,0.3770491803278688,0.36065573770491804,0.5409836065573771,0.5737704918032787,0.5901639344262295,0.6557377049180327,0.36065573770491804
2.1,S2.1_TtoI_2_S1toS2,ExtraTrees,42,61,61,"{'n_estimators': 100, 'max_depth': 10, 'min_samples_split': 2, 'min_samples_leaf': 1, 'max_features': 'sqrt', 'bootstrap': False, 'criterion': 'gini'}",scenario_results_scenarios_2025-12-21_165745_early_stop/extratrees_S2.1_TtoI_2_S1toS2_2025-12-21_165745_seed42_early_stop.pkl,1.0,1.0,1.0,1.0,1.0,1.0,1.0,1.0,1.0,1.0,1.0,1.0,1.0,0.22950819672131148,0.1551912568306011,0.1551912568306011,0.1284153005464481,0.1284153005464481,0.22950819672131148,0.22950819672131148,0.19672131147540983,0.36065573770491804,0.5081967213114754,0.639344262295082,0.6885245901639344,0.19672131147540983
2.1,S2.1_TtoI_3_S1toS2,ExtraTrees,42,61,61,"{'n_estimators': 100, 'max_depth': 10, 'min_samples_split': 2, 'min_samples_leaf': 1, 'max_features': 'sqrt', 'bootstrap': False, 'criterion': 'gini'}",scenario_results_scenarios_2025-12-21_165745_early_stop/extratrees_S2.1_TtoI_3_S1toS2_2025-12-21_165745_seed42_early_stop.pkl,1.0,1.0,1.0,1.0,1.0,1.0,1.0,1.0,1.0,1.0,1.0,1.0,1.0,0.4426229508196721,0.3617486338797814,0.3617486338797814,0.3297814207650273,0.3297814207650273,0.4426229508196721,0.4426229508196721,0.4426229508196721,0.6065573770491803,0.6885245901639344,0.7213114754098361,0.7540983606557377,0.4262295081967213
2.1,S2.1_FtoI_1_S1toS2,RandomForest,123,61,61,"{'n_estimators': 100, 'max_depth': 10, 'min_samples_split': 2, 'min_samples_leaf': 1, 'max_features': 'sqrt', 'bootstrap': True}",scenario_results_scenarios_2025-12-21_165745_early_stop/randomforest_S2.1_FtoI_1_S1toS2_2025-12-21_165745_seed123_early_stop.pkl,1.0,1.0,1.0,1.0,1.0,1.0,1.0,1.0,1.0,1.0,1.0,1.0,1.0,0.14754098360655737,0.10491803278688523,0.10491803278688523,0.08879781420765026,0.08879781420765026,0.14754098360655737,0.14754098360655737,0.16393442622950818,0.26229508196721313,0.39344262295081966,0.5081967213114754,0.5573770491803278,0.14754098360655737
2.1,S2.1_FtoI_2_S1toS2,RandomForest,123,61,61,"{'n_estimators': 100, 'max_depth': 10, 'min_samples_split': 2, 'min_samples_leaf': 1, 'max_features': 'sqrt', 'bootstrap': True}",scenario_results_scenarios_2025-12-21_165745_early_stop/randomforest_S2.1_FtoI_2_S1toS2_2025-12-21_165745_seed123_early_stop.pkl,1.0,1.0,1.0,1.0,1.0,1.0,1.0,1.0,1.0,1.0,1.0,1.0,1.0,0.3114754098360656,0.24457455113192816,0.24457455113192816,0.2245901639344262,0.2245901639344262,0.3114754098360656,0.3114754098360656,0.3114754098360656,0.4918032786885246,0.6065573770491803,0.6721311475409836,0.7049180327868853,0.29508196721311475
2.1,S2.1_FtoI_3_S1toS2,RandomForest,123,61,61,"{'n_estimators': 100, 'max_depth': 10, 'min_samples_split': 2, 'min_samples_leaf': 1, 'max_features': 'sqrt', 'bootstrap': True}",scenario_results_scenarios_2025-12-21_165745_early_stop/randomforest_S2.1_FtoI_3_S1toS2_2025-12-21_165745_seed123_early_stop.pkl,1.0,1.0,1.0,1.0,1.0,1.0,1.0,1.0,1.0,1.0,1.0,1.0,1.0,0.2786885245901639,0.19508196721311474,0.19508196721311474,0.16639344262295083,0.16639344262295083,0.2786885245901639,0.2786885245901639,0.29508196721311475,0.47540983606557374,0.5245901639344263,0.5901639344262295,0.639344262295082,0.26229508196721313
2.1,S2.1_FtoT_1_S1toS2,RandomForest,123,61,61,"{'n_estimators': 100, 'max_depth': 10, 'min_samples_split': 2, 'min_samples_leaf': 1, 'max_features': 'sqrt', 'bootstrap': True}",scenario_results_scenarios_2025-12-21_165745_early_stop/randomforest_S2.1_FtoT_1_S1toS2_2025-12-21_165745_seed123_early_stop.pkl,1.0,1.0,1.0,1.0,1.0,1.0,1.0,1.0,1.0,1.0,1.0,1.0,1.0,0.29508196721311475,0.21967213114754097,0.21967213114754097,0.18715846994535518,0.18715846994535518,0.29508196721311475,0.29508196721311475,0.2786885245901639,0.3770491803278688,0.4918032786885246,0.5245901639344263,0.5901639344262295,0.2786885245901639
2.1,S2.1_FtoT_2_S1toS2,RandomForest,123,61,61,"{'n_estimators': 100, 'max_depth': 10, 'min_samples_split': 2, 'min_samples_leaf': 1, 'max_features': 'sqrt', 'bootstrap': True}",scenario_results_scenarios_2025-12-21_165745_early_stop/randomforest_S2.1_FtoT_2_S1toS2_2025-12-21_165745_seed123_early_stop.pkl,1.0,1.0,1.0,1.0,1.0,1.0,1.0,1.0,1.0,1.0,1.0,1.0,1.0,0.2786885245901639,0.2005464480874317,0.2005464480874317,0.17404371584699455,0.17404371584699455,0.2786885245901639,0.2786885245901639,0.29508196721311475,0.4098360655737705,0.5409836065573771,0.5901639344262295,0.639344262295082,0.2786885245901639
2.1,S2.1_FtoT_3_S1toS2,RandomForest,123,61,61,"{'n_estimators': 100, 'max_depth': 10, 'min_samples_split': 2, 'min_samples_leaf': 1, 'max_features': 'sqrt', 'bootstrap': True}",scenario_results_scenarios_2025-12-21_165745_early_stop/randomforest_S2.1_FtoT_3_S1toS2_2025-12-21_165745_seed123_early_stop.pkl,1.0,1.0,1.0,1.0,1.0,1.0,1.0,1.0,1.0,1.0,1.0,1.0,1.0,0.2459016393442623,0.1912568306010929,0.1912568306010929,0.1726775956284153,0.1726775956284153,0.2459016393442623,0.2459016393442623,0.22950819672131148,0.3442622950819672,0.5409836065573771,0.6065573770491803,0.639344262295082,0.21311475409836064
2.1,S2.1_ItoT_1_S1toS2,RandomForest,123,61,61,"{'n_estimators': 100, 'max_depth': 10, 'min_samples_split': 2, 'min_samples_leaf': 1, 'max_features': 'sqrt', 'bootstrap': True}",scenario_results_scenarios_2025-12-21_165745_early_stop/randomforest_S2.1_ItoT_1_S1toS2_2025-12-21_165745_seed123_early_stop.pkl,1.0,1.0,1.0,1.0,1.0,1.0,1.0,1.0,1.0,1.0,1.0,1.0,1.0,0.16393442622950818,0.126775956284153,0.126775956284153,0.11065573770491803,0.11065573770491803,0.16393442622950818,0.16393442622950818,0.13114754098360656,0.32786885245901637,0.45901639344262296,0.47540983606557374,0.5245901639344263,0.13114754098360656
2.1,S2.1_ItoT_2_S1toS2,RandomForest,123,61,61,"{'n_estimators': 100, 'max_depth': 10, 'min_samples_split': 2, 'min_samples_leaf': 1, 'max_features': 'sqrt', 'bootstrap': True}",scenario_results_scenarios_2025-12-21_165745_early_stop/randomforest_S2.1_ItoT_2_S1toS2_2025-12-21_165745_seed123_early_stop.pkl,1.0,1.0,1.0,1.0,1.0,1.0,1.0,1.0,1.0,1.0,1.0,1.0,1.0,0.22950819672131148,0.17486338797814208,0.17486338797814208,0.15027322404371588,0.15027322404371588,0.22950819672131148,0.22950819672131148,0.22950819672131148,0.32786885245901637,0.45901639344262296,0.5409836065573771,0.6065573770491803,0.22950819672131148
2.1,S2.1_ItoT_3_S1toS2,RandomForest,123,61,61,"{'n_estimators': 100, 'max_depth': 10, 'min_samples_split': 2, 'min_samples_leaf': 1, 'max_features': 'sqrt', 'bootstrap': True}",scenario_results_scenarios_2025-12-21_165745_early_stop/randomforest_S2.1_ItoT_3_S1toS2_2025-12-21_165745_seed123_early_stop.pkl,1.0,1.0,1.0,1.0,1.0,1.0,1.0,1.0,1.0,1.0,1.0,1.0,1.0,0.2459016393442623,0.20163934426229507,0.20163934426229507,0.18579234972677594,0.18579234972677594,0.2459016393442623,0.2459016393442623,0.22950819672131148,0.32786885245901637,0.4262295081967213,0.5901639344262295,0.6229508196721312,0.21311475409836064
2.1,S2.1_ItoF_1_S1toS2,RandomForest,123,61,61,"{'n_estimators': 100, 'max_depth': 10, 'min_samples_split': 2, 'min_samples_leaf': 1, 'max_features': 'sqrt', 'bootstrap': True}",scenario_results_scenarios_2025-12-21_165745_early_stop/randomforest_S2.1_ItoF_1_S1toS2_2025-12-21_165745_seed123_early_stop.pkl,1.0,1.0,1.0,1.0,1.0,1.0,1.0,1.0,1.0,1.0,1.0,1.0,1.0,0.2786885245901639,0.2333333333333333,0.2333333333333333,0.2144808743169399,0.2144808743169399,0.2786885245901639,0.2786885245901639,0.26229508196721313,0.4262295081967213,0.4918032786885246,0.5737704918032787,0.6065573770491803,0.26229508196721313
2.1,S2.1_ItoF_2_S1toS2,RandomForest,123,61,61,"{'n_estimators': 100, 'max_depth': 10, 'min_samples_split': 2, 'min_samples_leaf': 1, 'max_features': 'sqrt', 'bootstrap': True}",scenario_results_scenarios_2025-12-21_165745_early_stop/randomforest_S2.1_ItoF_2_S1toS2_2025-12-21_165745_seed123_early_stop.pkl,1.0,1.0,1.0,1.0,1.0,1.0,1.0,1.0,1.0,1.0,1.0,1.0,1.0,0.21311475409836064,0.16666666666666666,0.16666666666666666,0.14808743169398905,0.14808743169398905,0.21311475409836064,0.21311475409836064,0.22950819672131148,0.3442622950819672,0.45901639344262296,0.6065573770491803,0.6721311475409836,0.18032786885245902
2.1,S2.1_ItoF_3_S1toS2,RandomForest,123,61,61,"{'n_estimators': 100, 'max_depth': 10, 'min_samples_split': 2, 'min_samples_leaf': 1, 'max_features': 'sqrt', 'bootstrap': True}",scenario_results_scenarios_2025-12-21_165745_early_stop/randomforest_S2.1_ItoF_3_S1toS2_2025-12-21_165745_seed123_early_stop.pkl,1.0,1.0,1.0,1.0,1.0,1.0,1.0,1.0,1.0,1.0,1.0,1.0,1.0,0.21311475409836064,0.16393442622950818,0.16393442622950818,0.1448087431693989,0.1448087431693989,0.21311475409836064,0.21311475409836064,0.2459016393442623,0.36065573770491804,0.45901639344262296,0.47540983606557374,0.5737704918032787,0.21311475409836064
2.1,S2.1_TtoF_1_S1toS2,RandomForest,123,61,61,"{'n_estimators': 100, 'max_depth': 10, 'min_samples_split': 2, 'min_samples_leaf': 1, 'max_features': 'sqrt', 'bootstrap': True}",scenario_results_scenarios_2025-12-21_165745_early_stop/randomforest_S2.1_TtoF_1_S1toS2_2025-12-21_165745_seed123_early_stop.pkl,1.0,1.0,1.0,1.0,1.0,1.0,1.0,1.0,1.0,1.0,1.0,1.0,1.0,0.16393442622950818,0.12021857923497267,0.12021857923497267,0.10109289617486338,0.10109289617486338,0.16393442622950818,0.16393442622950818,0.19672131147540983,0.29508196721311475,0.36065573770491804,0.47540983606557374,0.4918032786885246,0.16393442622950818
2.1,S2.1_TtoF_2_S1toS2,RandomForest,123,61,61,"{'n_estimators': 100, 'max_depth': 10, 'min_samples_split': 2, 'min_samples_leaf': 1, 'max_features': 'sqrt', 'bootstrap': True}",scenario_results_scenarios_2025-12-21_165745_early_stop/randomforest_S2.1_TtoF_2_S1toS2_2025-12-21_165745_seed123_early_stop.pkl,1.0,1.0,1.0,1.0,1.0,1.0,1.0,1.0,1.0,1.0,1.0,1.0,1.0,0.2786885245901639,0.23060109289617486,0.23060109289617486,0.2122950819672131,0.2122950819672131,0.2786885245901639,0.2786885245901639,0.2786885245901639,0.3442622950819672,0.4918032786885246,0.5573770491803278,0.5901639344262295,0.26229508196721313
2.1,S2.1_TtoF_3_S1toS2,RandomForest,123,61,61,"{'n_estimators': 100, 'max_depth': 10, 'min_samples_split': 2, 'min_samples_leaf': 1, 'max_features': 'sqrt', 'bootstrap': True}",scenario_results_scenarios_2025-12-21_165745_early_stop/randomforest_S2.1_TtoF_3_S1toS2_2025-12-21_165745_seed123_early_stop.pkl,1.0,1.0,1.0,1.0,1.0,1.0,1.0,1.0,1.0,1.0,1.0,1.0,1.0,0.2459016393442623,0.19398907103825136,0.19398907103825136,0.1726775956284153,0.1726775956284153,0.2459016393442623,0.2459016393442623,0.22950819672131148,0.3770491803278688,0.5081967213114754,0.5901639344262295,0.7049180327868853,0.21311475409836064
2.1,S2.1_TtoI_1_S1toS2,RandomForest,123,61,61,"{'n_estimators': 100, 'max_depth': 10, 'min_samples_split': 2, 'min_samples_leaf': 1, 'max_features': 'sqrt', 'bootstrap': True}",scenario_results_scenarios_2025-12-21_165745_early_stop/randomforest_S2.1_TtoI_1_S1toS2_2025-12-21_165745_seed123_early_stop.pkl,1.0,1.0,1.0,1.0,1.0,1.0,1.0,1.0,1.0,1.0,1.0,1.0,1.0,0.22950819672131148,0.180327868852459,0.180327868852459,0.15846994535519124,0.15846994535519124,0.22950819672131148,0.22950819672131148,0.2459016393442623,0.36065573770491804,0.3770491803278688,0.4918032786885246,0.5245901639344263,0.22950819672131148
2.1,S2.1_TtoI_2_S1toS2,RandomForest,123,61,61,"{'n_estimators': 100, 'max_depth': 10, 'min_samples_split': 2, 'min_samples_leaf': 1, 'max_features': 'sqrt', 'bootstrap': True}",scenario_results_scenarios_2025-12-21_165745_early_stop/randomforest_S2.1_TtoI_2_S1toS2_2025-12-21_165745_seed123_early_stop.pkl,1.0,1.0,1.0,1.0,1.0,1.0,1.0,1.0,1.0,1.0,1.0,1.0,1.0,0.2786885245901639,0.20874316939890708,0.20874316939890708,0.18224043715846996,0.18224043715846996,0.2786885245901639,0.2786885245901639,0.22950819672131148,0.4098360655737705,0.5081967213114754,0.6065573770491803,0.6721311475409836,0.21311475409836064
2.1,S2.1_TtoI_3_S1toS2,RandomForest,123,61,61,"{'n_estimators': 100, 'max_depth': 10, 'min_samples_split': 2, 'min_samples_leaf': 1, 'max_features': 'sqrt', 'bootstrap': True}",scenario_results_scenarios_2025-12-21_165745_early_stop/randomforest_S2.1_TtoI_3_S1toS2_2025-12-21_165745_seed123_early_stop.pkl,1.0,1.0,1.0,1.0,1.0,1.0,1.0,1.0,1.0,1.0,1.0,1.0,1.0,0.32786885245901637,0.27322404371584696,0.27322404371584696,0.2486338797814208,0.2486338797814208,0.32786885245901637,0.32786885245901637,0.3114754098360656,0.45901639344262296,0.4918032786885246,0.6229508196721312,0.6557377049180327,0.3114754098360656
2.1,S2.1_FtoI_1_S1toS2,XGBoost,123,61,61,"{'n_estimators': 1000, 'max_depth': 4, 'learning_rate': 0.05, 'subsample': 0.8, 'colsample_bytree': 0.8, 'reg_lambda': 1, 'device': 'cuda'}",scenario_results_scenarios_2025-12-21_165745_early_stop/xgboost_S2.1_FtoI_1_S1toS2_2025-12-21_165745_seed123_early_stop.pkl,0.01639344262295082,0.0005288207297726071,0.0005288207297726071,0.0002687449610319807,0.0002687449610319807,0.01639344262295082,0.01639344262295082,0.01639344262295082,0.03278688524590164,0.04918032786885246,0.06557377049180328,0.08196721311475409,0.01639344262295082,0.01639344262295082,0.0005288207297726071,0.0005288207297726071,0.0002687449610319807,0.0002687449610319807,0.01639344262295082,0.01639344262295082,0.01639344262295082,0.03278688524590164,0.04918032786885246,0.06557377049180328,0.08196721311475409,0.01639344262295082
2.1,S2.1_FtoI_2_S1toS2,XGBoost,123,61,61,"{'n_estimators': 1000, 'max_depth': 4, 'learning_rate': 0.05, 'subsample': 0.8, 'colsample_bytree': 0.8, 'reg_lambda': 1, 'device': 'cuda'}",scenario_results_scenarios_2025-12-21_165745_early_stop/xgboost_S2.1_FtoI_2_S1toS2_2025-12-21_165745_seed123_early_stop.pkl,0.01639344262295082,0.0005288207297726071,0.0005288207297726071,0.0002687449610319807,0.0002687449610319807,0.01639344262295082,0.01639344262295082,0.01639344262295082,0.03278688524590164,0.04918032786885246,0.06557377049180328,0.08196721311475409,0.01639344262295082,0.01639344262295082,0.0005288207297726071,0.0005288207297726071,0.0002687449610319807,0.0002687449610319807,0.01639344262295082,0.01639344262295082,0.01639344262295082,0.03278688524590164,0.04918032786885246,0.06557377049180328,0.08196721311475409,0.01639344262295082
2.1,S2.1_FtoI_3_S1toS2,XGBoost,123,61,61,"{'n_estimators': 1000, 'max_depth': 4, 'learning_rate': 0.05, 'subsample': 0.8, 'colsample_bytree': 0.8, 'reg_lambda': 1, 'device': 'cuda'}",scenario_results_scenarios_2025-12-21_165745_early_stop/xgboost_S2.1_FtoI_3_S1toS2_2025-12-21_165745_seed123_early_stop.pkl,0.01639344262295082,0.0005288207297726071,0.0005288207297726071,0.0002687449610319807,0.0002687449610319807,0.01639344262295082,0.01639344262295082,0.01639344262295082,0.03278688524590164,0.04918032786885246,0.06557377049180328,0.08196721311475409,0.01639344262295082,0.01639344262295082,0.0005288207297726071,0.0005288207297726071,0.0002687449610319807,0.0002687449610319807,0.01639344262295082,0.01639344262295082,0.01639344262295082,0.03278688524590164,0.04918032786885246,0.06557377049180328,0.08196721311475409,0.01639344262295082
2.1,S2.1_FtoT_1_S1toS2,XGBoost,123,61,61,"{'n_estimators': 1000, 'max_depth': 4, 'learning_rate': 0.05, 'subsample': 0.8, 'colsample_bytree': 0.8, 'reg_lambda': 1, 'device': 'cuda'}",scenario_results_scenarios_2025-12-21_165745_early_stop/xgboost_S2.1_FtoT_1_S1toS2_2025-12-21_165745_seed123_early_stop.pkl,0.01639344262295082,0.0005288207297726071,0.0005288207297726071,0.0002687449610319807,0.0002687449610319807,0.01639344262295082,0.01639344262295082,0.01639344262295082,0.03278688524590164,0.04918032786885246,0.06557377049180328,0.08196721311475409,0.01639344262295082,0.01639344262295082,0.0005288207297726071,0.0005288207297726071,0.0002687449610319807,0.0002687449610319807,0.01639344262295082,0.01639344262295082,0.01639344262295082,0.03278688524590164,0.04918032786885246,0.06557377049180328,0.08196721311475409,0.01639344262295082
2.1,S2.1_FtoT_2_S1toS2,XGBoost,123,61,61,"{'n_estimators': 1000, 'max_depth': 4, 'learning_rate': 0.05, 'subsample': 0.8, 'colsample_bytree': 0.8, 'reg_lambda': 1, 'device': 'cuda'}",scenario_results_scenarios_2025-12-21_165745_early_stop/xgboost_S2.1_FtoT_2_S1toS2_2025-12-21_165745_seed123_early_stop.pkl,0.01639344262295082,0.0005288207297726071,0.0005288207297726071,0.0002687449610319807,0.0002687449610319807,0.01639344262295082,0.01639344262295082,0.01639344262295082,0.03278688524590164,0.04918032786885246,0.06557377049180328,0.08196721311475409,0.01639344262295082,0.01639344262295082,0.0005288207297726071,0.0005288207297726071,0.0002687449610319807,0.0002687449610319807,0.01639344262295082,0.01639344262295082,0.01639344262295082,0.03278688524590164,0.04918032786885246,0.06557377049180328,0.08196721311475409,0.01639344262295082
2.1,S2.1_FtoT_3_S1toS2,XGBoost,123,61,61,"{'n_estimators': 1000, 'max_depth': 4, 'learning_rate': 0.05, 'subsample': 0.8, 'colsample_bytree': 0.8, 'reg_lambda': 1, 'device': 'cuda'}",scenario_results_scenarios_2025-12-21_165745_early_stop/xgboost_S2.1_FtoT_3_S1toS2_2025-12-21_165745_seed123_early_stop.pkl,0.01639344262295082,0.0005288207297726071,0.0005288207297726071,0.0002687449610319807,0.0002687449610319807,0.01639344262295082,0.01639344262295082,0.01639344262295082,0.03278688524590164,0.04918032786885246,0.06557377049180328,0.08196721311475409,0.01639344262295082,0.01639344262295082,0.0005288207297726071,0.0005288207297726071,0.0002687449610319807,0.0002687449610319807,0.01639344262295082,0.01639344262295082,0.01639344262295082,0.03278688524590164,0.04918032786885246,0.06557377049180328,0.08196721311475409,0.01639344262295082
2.1,S2.1_ItoT_1_S1toS2,XGBoost,123,61,61,"{'n_estimators': 1000, 'max_depth': 4, 'learning_rate': 0.05, 'subsample': 0.8, 'colsample_bytree': 0.8, 'reg_lambda': 1, 'device': 'cuda'}",scenario_results_scenarios_2025-12-21_165745_early_stop/xgboost_S2.1_ItoT_1_S1toS2_2025-12-21_165745_seed123_early_stop.pkl,0.01639344262295082,0.0005288207297726071,0.0005288207297726071,0.0002687449610319807,0.0002687449610319807,0.01639344262295082,0.01639344262295082,0.01639344262295082,0.03278688524590164,0.04918032786885246,0.06557377049180328,0.08196721311475409,0.01639344262295082,0.01639344262295082,0.0005288207297726071,0.0005288207297726071,0.0002687449610319807,0.0002687449610319807,0.01639344262295082,0.01639344262295082,0.01639344262295082,0.03278688524590164,0.04918032786885246,0.06557377049180328,0.08196721311475409,0.01639344262295082
2.1,S2.1_ItoT_2_S1toS2,XGBoost,123,61,61,"{'n_estimators': 1000, 'max_depth': 4, 'learning_rate': 0.05, 'subsample': 0.8, 'colsample_bytree': 0.8, 'reg_lambda': 1, 'device': 'cuda'}",scenario_results_scenarios_2025-12-21_165745_early_stop/xgboost_S2.1_ItoT_2_S1toS2_2025-12-21_165745_seed123_early_stop.pkl,0.01639344262295082,0.0005288207297726071,0.0005288207297726071,0.0002687449610319807,0.0002687449610319807,0.01639344262295082,0.01639344262295082,0.01639344262295082,0.03278688524590164,0.04918032786885246,0.06557377049180328,0.08196721311475409,0.01639344262295082,0.01639344262295082,0.0005288207297726071,0.0005288207297726071,0.0002687449610319807,0.0002687449610319807,0.01639344262295082,0.01639344262295082,0.01639344262295082,0.03278688524590164,0.04918032786885246,0.06557377049180328,0.08196721311475409,0.01639344262295082
2.1,S2.1_ItoT_3_S1toS2,XGBoost,123,61,61,"{'n_estimators': 1000, 'max_depth': 4, 'learning_rate': 0.05, 'subsample': 0.8, 'colsample_bytree': 0.8, 'reg_lambda': 1, 'device': 'cuda'}",scenario_results_scenarios_2025-12-21_165745_early_stop/xgboost_S2.1_ItoT_3_S1toS2_2025-12-21_165745_seed123_early_stop.pkl,0.01639344262295082,0.0005288207297726071,0.0005288207297726071,0.0002687449610319807,0.0002687449610319807,0.01639344262295082,0.01639344262295082,0.01639344262295082,0.03278688524590164,0.04918032786885246,0.06557377049180328,0.08196721311475409,0.01639344262295082,0.01639344262295082,0.0005288207297726071,0.0005288207297726071,0.0002687449610319807,0.0002687449610319807,0.01639344262295082,0.01639344262295082,0.01639344262295082,0.03278688524590164,0.04918032786885246,0.06557377049180328,0.08196721311475409,0.01639344262295082
2.1,S2.1_ItoF_1_S1toS2,XGBoost,123,61,61,"{'n_estimators': 1000, 'max_depth': 4, 'learning_rate': 0.05, 'subsample': 0.8, 'colsample_bytree': 0.8, 'reg_lambda': 1, 'device': 'cuda'}",scenario_results_scenarios_2025-12-21_165745_early_stop/xgboost_S2.1_ItoF_1_S1toS2_2025-12-21_165745_seed123_early_stop.pkl,0.01639344262295082,0.0005288207297726071,0.0005288207297726071,0.0002687449610319807,0.0002687449610319807,0.01639344262295082,0.01639344262295082,0.01639344262295082,0.03278688524590164,0.04918032786885246,0.06557377049180328,0.08196721311475409,0.01639344262295082,0.01639344262295082,0.0005288207297726071,0.0005288207297726071,0.0002687449610319807,0.0002687449610319807,0.01639344262295082,0.01639344262295082,0.01639344262295082,0.03278688524590164,0.04918032786885246,0.06557377049180328,0.08196721311475409,0.01639344262295082
2.1,S2.1_ItoF_2_S1toS2,XGBoost,123,61,61,"{'n_estimators': 1000, 'max_depth': 4, 'learning_rate': 0.05, 'subsample': 0.8, 'colsample_bytree': 0.8, 'reg_lambda': 1, 'device': 'cuda'}",scenario_results_scenarios_2025-12-21_165745_early_stop/xgboost_S2.1_ItoF_2_S1toS2_2025-12-21_165745_seed123_early_stop.pkl,0.01639344262295082,0.0005288207297726071,0.0005288207297726071,0.0002687449610319807,0.0002687449610319807,0.01639344262295082,0.01639344262295082,0.01639344262295082,0.03278688524590164,0.04918032786885246,0.06557377049180328,0.08196721311475409,0.01639344262295082,0.01639344262295082,0.0005288207297726071,0.0005288207297726071,0.0002687449610319807,0.0002687449610319807,0.01639344262295082,0.01639344262295082,0.01639344262295082,0.03278688524590164,0.04918032786885246,0.06557377049180328,0.08196721311475409,0.01639344262295082
2.1,S2.1_ItoF_3_S1toS2,XGBoost,123,61,61,"{'n_estimators': 1000, 'max_depth': 4, 'learning_rate': 0.05, 'subsample': 0.8, 'colsample_bytree': 0.8, 'reg_lambda': 1, 'device': 'cuda'}",scenario_results_scenarios_2025-12-21_165745_early_stop/xgboost_S2.1_ItoF_3_S1toS2_2025-12-21_165745_seed123_early_stop.pkl,0.01639344262295082,0.0005288207297726071,0.0005288207297726071,0.0002687449610319807,0.0002687449610319807,0.01639344262295082,0.01639344262295082,0.01639344262295082,0.03278688524590164,0.04918032786885246,0.06557377049180328,0.08196721311475409,0.01639344262295082,0.01639344262295082,0.0005288207297726071,0.0005288207297726071,0.0002687449610319807,0.0002687449610319807,0.01639344262295082,0.01639344262295082,0.01639344262295082,0.03278688524590164,0.04918032786885246,0.06557377049180328,0.08196721311475409,0.01639344262295082
2.1,S2.1_TtoF_1_S1toS2,XGBoost,123,61,61,"{'n_estimators': 1000, 'max_depth': 4, 'learning_rate': 0.05, 'subsample': 0.8, 'colsample_bytree': 0.8, 'reg_lambda': 1, 'device': 'cuda'}",scenario_results_scenarios_2025-12-21_165745_early_stop/xgboost_S2.1_TtoF_1_S1toS2_2025-12-21_165745_seed123_early_stop.pkl,0.01639344262295082,0.0005288207297726071,0.0005288207297726071,0.0002687449610319807,0.0002687449610319807,0.01639344262295082,0.01639344262295082,0.01639344262295082,0.03278688524590164,0.04918032786885246,0.06557377049180328,0.08196721311475409,0.01639344262295082,0.01639344262295082,0.0005288207297726071,0.0005288207297726071,0.0002687449610319807,0.0002687449610319807,0.01639344262295082,0.01639344262295082,0.01639344262295082,0.03278688524590164,0.04918032786885246,0.06557377049180328,0.08196721311475409,0.01639344262295082
2.1,S2.1_TtoF_2_S1toS2,XGBoost,123,61,61,"{'n_estimators': 1000, 'max_depth': 4, 'learning_rate': 0.05, 'subsample': 0.8, 'colsample_bytree': 0.8, 'reg_lambda': 1, 'device': 'cuda'}",scenario_results_scenarios_2025-12-21_165745_early_stop/xgboost_S2.1_TtoF_2_S1toS2_2025-12-21_165745_seed123_early_stop.pkl,0.01639344262295082,0.0005288207297726071,0.0005288207297726071,0.0002687449610319807,0.0002687449610319807,0.01639344262295082,0.01639344262295082,0.01639344262295082,0.03278688524590164,0.04918032786885246,0.06557377049180328,0.08196721311475409,0.01639344262295082,0.01639344262295082,0.0005288207297726071,0.0005288207297726071,0.0002687449610319807,0.0002687449610319807,0.01639344262295082,0.01639344262295082,0.01639344262295082,0.03278688524590164,0.04918032786885246,0.06557377049180328,0.08196721311475409,0.01639344262295082
2.1,S2.1_TtoF_3_S1toS2,XGBoost,123,61,61,"{'n_estimators': 1000, 'max_depth': 4, 'learning_rate': 0.05, 'subsample': 0.8, 'colsample_bytree': 0.8, 'reg_lambda': 1, 'device': 'cuda'}",scenario_results_scenarios_2025-12-21_165745_early_stop/xgboost_S2.1_TtoF_3_S1toS2_2025-12-21_165745_seed123_early_stop.pkl,0.01639344262295082,0.0005288207297726071,0.0005288207297726071,0.0002687449610319807,0.0002687449610319807,0.01639344262295082,0.01639344262295082,0.01639344262295082,0.03278688524590164,0.04918032786885246,0.06557377049180328,0.08196721311475409,0.01639344262295082,0.01639344262295082,0.0005288207297726071,0.0005288207297726071,0.0002687449610319807,0.0002687449610319807,0.01639344262295082,0.01639344262295082,0.01639344262295082,0.03278688524590164,0.04918032786885246,0.06557377049180328,0.08196721311475409,0.01639344262295082
2.1,S2.1_TtoI_1_S1toS2,XGBoost,123,61,61,"{'n_estimators': 1000, 'max_depth': 4, 'learning_rate': 0.05, 'subsample': 0.8, 'colsample_bytree': 0.8, 'reg_lambda': 1, 'device': 'cuda'}",scenario_results_scenarios_2025-12-21_165745_early_stop/xgboost_S2.1_TtoI_1_S1toS2_2025-12-21_165745_seed123_early_stop.pkl,0.01639344262295082,0.0005288207297726071,0.0005288207297726071,0.0002687449610319807,0.0002687449610319807,0.01639344262295082,0.01639344262295082,0.01639344262295082,0.03278688524590164,0.04918032786885246,0.06557377049180328,0.08196721311475409,0.01639344262295082,0.01639344262295082,0.0005288207297726071,0.0005288207297726071,0.0002687449610319807,0.0002687449610319807,0.01639344262295082,0.01639344262295082,0.01639344262295082,0.03278688524590164,0.04918032786885246,0.06557377049180328,0.08196721311475409,0.01639344262295082
2.1,S2.1_TtoI_2_S1toS2,XGBoost,123,61,61,"{'n_estimators': 1000, 'max_depth': 4, 'learning_rate': 0.05, 'subsample': 0.8, 'colsample_bytree': 0.8, 'reg_lambda': 1, 'device': 'cuda'}",scenario_results_scenarios_2025-12-21_165745_early_stop/xgboost_S2.1_TtoI_2_S1toS2_2025-12-21_165745_seed123_early_stop.pkl,0.01639344262295082,0.0005288207297726071,0.0005288207297726071,0.0002687449610319807,0.0002687449610319807,0.01639344262295082,0.01639344262295082,0.01639344262295082,0.03278688524590164,0.04918032786885246,0.06557377049180328,0.08196721311475409,0.01639344262295082,0.01639344262295082,0.0005288207297726071,0.0005288207297726071,0.0002687449610319807,0.0002687449610319807,0.01639344262295082,0.01639344262295082,0.01639344262295082,0.03278688524590164,0.04918032786885246,0.06557377049180328,0.08196721311475409,0.01639344262295082
2.1,S2.1_TtoI_3_S1toS2,XGBoost,123,61,61,"{'n_estimators': 1000, 'max_depth': 4, 'learning_rate': 0.05, 'subsample': 0.8, 'colsample_bytree': 0.8, 'reg_lambda': 1, 'device': 'cuda'}",scenario_results_scenarios_2025-12-21_165745_early_stop/xgboost_S2.1_TtoI_3_S1toS2_2025-12-21_165745_seed123_early_stop.pkl,0.01639344262295082,0.0005288207297726071,0.0005288207297726071,0.0002687449610319807,0.0002687449610319807,0.01639344262295082,0.01639344262295082,0.01639344262295082,0.03278688524590164,0.04918032786885246,0.06557377049180328,0.08196721311475409,0.01639344262295082,0.01639344262295082,0.0005288207297726071,0.0005288207297726071,0.0002687449610319807,0.0002687449610319807,0.01639344262295082,0.01639344262295082,0.01639344262295082,0.03278688524590164,0.04918032786885246,0.06557377049180328,0.08196721311475409,0.01639344262295082
2.1,S2.1_FtoI_1_S1toS2,CatBoost,123,61,61,"{'iterations': 1000, 'depth': 4, 'learning_rate': 0.05, 'l2_leaf_reg': 1, 'border_count': 32}",scenario_results_scenarios_2025-12-21_165745_early_stop/catboost_S2.1_FtoI_1_S1toS2_2025-12-21_165745_seed123_early_stop.pkl,1.0,1.0,1.0,1.0,1.0,1.0,1.0,1.0,1.0,1.0,1.0,1.0,1.0,0.21311475409836064,0.1459016393442623,0.1459016393442623,0.1221311475409836,0.1221311475409836,0.21311475409836064,0.21311475409836064,0.21311475409836064,0.36065573770491804,0.4262295081967213,0.47540983606557374,0.5573770491803278,0.21311475409836064
2.1,S2.1_FtoI_2_S1toS2,CatBoost,123,61,61,"{'iterations': 1000, 'depth': 4, 'learning_rate': 0.05, 'l2_leaf_reg': 1, 'border_count': 32}",scenario_results_scenarios_2025-12-21_165745_early_stop/catboost_S2.1_FtoI_2_S1toS2_2025-12-21_165745_seed123_early_stop.pkl,1.0,1.0,1.0,1.0,1.0,1.0,1.0,1.0,1.0,1.0,1.0,1.0,1.0,0.3770491803278688,0.30163934426229505,0.30163934426229505,0.26912568306010926,0.26912568306010926,0.3770491803278688,0.3770491803278688,0.3770491803278688,0.6065573770491803,0.6885245901639344,0.7213114754098361,0.7704918032786885,0.3770491803278688
2.1,S2.1_FtoI_3_S1toS2,CatBoost,123,61,61,"{'iterations': 1000, 'depth': 4, 'learning_rate': 0.05, 'l2_leaf_reg': 1, 'border_count': 32}",scenario_results_scenarios_2025-12-21_165745_early_stop/catboost_S2.1_FtoI_3_S1toS2_2025-12-21_165745_seed123_early_stop.pkl,1.0,1.0,1.0,1.0,1.0,1.0,1.0,1.0,1.0,1.0,1.0,1.0,1.0,0.3442622950819672,0.2726775956284153,0.2726775956284153,0.24316939890710382,0.24316939890710382,0.3442622950819672,0.3442622950819672,0.3442622950819672,0.45901639344262296,0.5409836065573771,0.639344262295082,0.7213114754098361,0.3442622950819672
2.1,S2.1_FtoT_1_S1toS2,CatBoost,123,61,61,"{'iterations': 1000, 'depth': 4, 'learning_rate': 0.05, 'l2_leaf_reg': 1, 'border_count': 32}",scenario_results_scenarios_2025-12-21_165745_early_stop/catboost_S2.1_FtoT_1_S1toS2_2025-12-21_165745_seed123_early_stop.pkl,1.0,1.0,1.0,1.0,1.0,1.0,1.0,1.0,1.0,1.0,1.0,1.0,1.0,0.21311475409836064,0.14754098360655737,0.14754098360655737,0.12349726775956282,0.12349726775956282,0.21311475409836064,0.21311475409836064,0.21311475409836064,0.39344262295081966,0.47540983606557374,0.5901639344262295,0.6557377049180327,0.21311475409836064
2.1,S2.1_FtoT_2_S1toS2,CatBoost,123,61,61,"{'iterations': 1000, 'depth': 4, 'learning_rate': 0.05, 'l2_leaf_reg': 1, 'border_count': 32}",scenario_results_scenarios_2025-12-21_165745_early_stop/catboost_S2.1_FtoT_2_S1toS2_2025-12-21_165745_seed123_early_stop.pkl,1.0,1.0,1.0,1.0,1.0,1.0,1.0,1.0,1.0,1.0,1.0,1.0,1.0,0.2786885245901639,0.19617486338797813,0.19617486338797813,0.16666666666666666,0.16666666666666666,0.2786885245901639,0.2786885245901639,0.2786885245901639,0.4098360655737705,0.5245901639344263,0.6229508196721312,0.6721311475409836,0.2786885245901639
2.1,S2.1_FtoT_3_S1toS2,CatBoost,123,61,61,"{'iterations': 1000, 'depth': 4, 'learning_rate': 0.05, 'l2_leaf_reg': 1, 'border_count': 32}",scenario_results_scenarios_2025-12-21_165745_early_stop/catboost_S2.1_FtoT_3_S1toS2_2025-12-21_165745_seed123_early_stop.pkl,1.0,1.0,1.0,1.0,1.0,1.0,1.0,1.0,1.0,1.0,1.0,1.0,1.0,0.3442622950819672,0.29617486338797816,0.29617486338797816,0.2778688524590164,0.2778688524590164,0.3442622950819672,0.3442622950819672,0.3442622950819672,0.5245901639344263,0.6065573770491803,0.6885245901639344,0.7540983606557377,0.3442622950819672
2.1,S2.1_ItoT_1_S1toS2,CatBoost,123,61,61,"{'iterations': 1000, 'depth': 4, 'learning_rate': 0.05, 'l2_leaf_reg': 1, 'border_count': 32}",scenario_results_scenarios_2025-12-21_165745_early_stop/catboost_S2.1_ItoT_1_S1toS2_2025-12-21_165745_seed123_early_stop.pkl,1.0,1.0,1.0,1.0,1.0,1.0,1.0,1.0,1.0,1.0,1.0,1.0,1.0,0.19672131147540983,0.12185792349726776,0.12185792349726776,0.09562841530054644,0.09562841530054644,0.19672131147540983,0.19672131147540983,0.19672131147540983,0.3442622950819672,0.5245901639344263,0.6065573770491803,0.6229508196721312,0.19672131147540983
2.1,S2.1_ItoT_2_S1toS2,CatBoost,123,61,61,"{'iterations': 1000, 'depth': 4, 'learning_rate': 0.05, 'l2_leaf_reg': 1, 'border_count': 32}",scenario_results_scenarios_2025-12-21_165745_early_stop/catboost_S2.1_ItoT_2_S1toS2_2025-12-21_165745_seed123_early_stop.pkl,1.0,1.0,1.0,1.0,1.0,1.0,1.0,1.0,1.0,1.0,1.0,1.0,1.0,0.29508196721311475,0.21967213114754097,0.21967213114754097,0.18989071038251365,0.18989071038251365,0.29508196721311475,0.29508196721311475,0.29508196721311475,0.4426229508196721,0.5245901639344263,0.6229508196721312,0.6885245901639344,0.29508196721311475
2.1,S2.1_ItoT_3_S1toS2,CatBoost,123,61,61,"{'iterations': 1000, 'depth': 4, 'learning_rate': 0.05, 'l2_leaf_reg': 1, 'border_count': 32}",scenario_results_scenarios_2025-12-21_165745_early_stop/catboost_S2.1_ItoT_3_S1toS2_2025-12-21_165745_seed123_early_stop.pkl,1.0,1.0,1.0,1.0,1.0,1.0,1.0,1.0,1.0,1.0,1.0,1.0,1.0,0.3114754098360656,0.219672131147541,0.219672131147541,0.1844262295081967,0.1844262295081967,0.3114754098360656,0.3114754098360656,0.3114754098360656,0.47540983606557374,0.6065573770491803,0.6721311475409836,0.7213114754098361,0.3114754098360656
2.1,S2.1_ItoF_1_S1toS2,CatBoost,123,61,61,"{'iterations': 1000, 'depth': 4, 'learning_rate': 0.05, 'l2_leaf_reg': 1, 'border_count': 32}",scenario_results_scenarios_2025-12-21_165745_early_stop/catboost_S2.1_ItoF_1_S1toS2_2025-12-21_165745_seed123_early_stop.pkl,1.0,1.0,1.0,1.0,1.0,1.0,1.0,1.0,1.0,1.0,1.0,1.0,1.0,0.2786885245901639,0.2227166276346604,0.2227166276346604,0.2081967213114754,0.2081967213114754,0.2786885245901639,0.2786885245901639,0.2786885245901639,0.4098360655737705,0.5737704918032787,0.6557377049180327,0.6721311475409836,0.2786885245901639
2.1,S2.1_ItoF_2_S1toS2,CatBoost,123,61,61,"{'iterations': 1000, 'depth': 4, 'learning_rate': 0.05, 'l2_leaf_reg': 1, 'border_count': 32}",scenario_results_scenarios_2025-12-21_165745_early_stop/catboost_S2.1_ItoF_2_S1toS2_2025-12-21_165745_seed123_early_stop.pkl,1.0,1.0,1.0,1.0,1.0,1.0,1.0,1.0,1.0,1.0,1.0,1.0,1.0,0.3770491803278688,0.3262295081967213,0.3262295081967213,0.3073770491803279,0.3073770491803279,0.3770491803278688,0.3770491803278688,0.3770491803278688,0.5573770491803278,0.639344262295082,0.7377049180327869,0.7540983606557377,0.3770491803278688
2.1,S2.1_ItoF_3_S1toS2,CatBoost,123,61,61,"{'iterations': 1000, 'depth': 4, 'learning_rate': 0.05, 'l2_leaf_reg': 1, 'border_count': 32}",scenario_results_scenarios_2025-12-21_165745_early_stop/catboost_S2.1_ItoF_3_S1toS2_2025-12-21_165745_seed123_early_stop.pkl,1.0,1.0,1.0,1.0,1.0,1.0,1.0,1.0,1.0,1.0,1.0,1.0,1.0,0.29508196721311475,0.24426229508196723,0.24426229508196723,0.22267759562841527,0.22267759562841527,0.29508196721311475,0.29508196721311475,0.29508196721311475,0.45901639344262296,0.5573770491803278,0.6721311475409836,0.7213114754098361,0.29508196721311475
2.1,S2.1_TtoF_1_S1toS2,CatBoost,123,61,61,"{'iterations': 1000, 'depth': 4, 'learning_rate': 0.05, 'l2_leaf_reg': 1, 'border_count': 32}",scenario_results_scenarios_2025-12-21_165745_early_stop/catboost_S2.1_TtoF_1_S1toS2_2025-12-21_165745_seed123_early_stop.pkl,1.0,1.0,1.0,1.0,1.0,1.0,1.0,1.0,1.0,1.0,1.0,1.0,1.0,0.22950819672131148,0.1797814207650273,0.1797814207650273,0.16120218579234974,0.16120218579234974,0.22950819672131148,0.22950819672131148,0.22950819672131148,0.36065573770491804,0.4918032786885246,0.639344262295082,0.7049180327868853,0.22950819672131148
2.1,S2.1_TtoF_2_S1toS2,CatBoost,123,61,61,"{'iterations': 1000, 'depth': 4, 'learning_rate': 0.05, 'l2_leaf_reg': 1, 'border_count': 32}",scenario_results_scenarios_2025-12-21_165745_early_stop/catboost_S2.1_TtoF_2_S1toS2_2025-12-21_165745_seed123_early_stop.pkl,1.0,1.0,1.0,1.0,1.0,1.0,1.0,1.0,1.0,1.0,1.0,1.0,1.0,0.36065573770491804,0.2743169398907104,0.2743169398907104,0.2423497267759563,0.2423497267759563,0.36065573770491804,0.36065573770491804,0.36065573770491804,0.4918032786885246,0.5901639344262295,0.6065573770491803,0.6885245901639344,0.36065573770491804
2.1,S2.1_TtoF_3_S1toS2,CatBoost,123,61,61,"{'iterations': 1000, 'depth': 4, 'learning_rate': 0.05, 'l2_leaf_reg': 1, 'border_count': 32}",scenario_results_scenarios_2025-12-21_165745_early_stop/catboost_S2.1_TtoF_3_S1toS2_2025-12-21_165745_seed123_early_stop.pkl,1.0,1.0,1.0,1.0,1.0,1.0,1.0,1.0,1.0,1.0,1.0,1.0,1.0,0.32786885245901637,0.26174863387978137,0.26174863387978137,0.2349726775956284,0.2349726775956284,0.32786885245901637,0.32786885245901637,0.32786885245901637,0.4918032786885246,0.6065573770491803,0.7213114754098361,0.7868852459016393,0.32786885245901637
2.1,S2.1_TtoI_1_S1toS2,CatBoost,123,61,61,"{'iterations': 1000, 'depth': 4, 'learning_rate': 0.05, 'l2_leaf_reg': 1, 'border_count': 32}",scenario_results_scenarios_2025-12-21_165745_early_stop/catboost_S2.1_TtoI_1_S1toS2_2025-12-21_165745_seed123_early_stop.pkl,1.0,1.0,1.0,1.0,1.0,1.0,1.0,1.0,1.0,1.0,1.0,1.0,1.0,0.29508196721311475,0.23224043715846993,0.23224043715846993,0.20218579234972675,0.20218579234972675,0.29508196721311475,0.29508196721311475,0.29508196721311475,0.45901639344262296,0.5573770491803278,0.6229508196721312,0.7049180327868853,0.29508196721311475
2.1,S2.1_TtoI_2_S1toS2,CatBoost,123,61,61,"{'iterations': 1000, 'depth': 4, 'learning_rate': 0.05, 'l2_leaf_reg': 1, 'border_count': 32}",scenario_results_scenarios_2025-12-21_165745_early_stop/catboost_S2.1_TtoI_2_S1toS2_2025-12-21_165745_seed123_early_stop.pkl,1.0,1.0,1.0,1.0,1.0,1.0,1.0,1.0,1.0,1.0,1.0,1.0,1.0,0.2786885245901639,0.2005464480874317,0.2005464480874317,0.17131147540983604,0.17131147540983604,0.2786885245901639,0.2786885245901639,0.2786885245901639,0.3770491803278688,0.5081967213114754,0.639344262295082,0.7377049180327869,0.2786885245901639
2.1,S2.1_TtoI_3_S1toS2,CatBoost,123,61,61,"{'iterations': 1000, 'depth': 4, 'learning_rate': 0.05, 'l2_leaf_reg': 1, 'border_count': 32}",scenario_results_scenarios_2025-12-21_165745_early_stop/catboost_S2.1_TtoI_3_S1toS2_2025-12-21_165745_seed123_early_stop.pkl,1.0,1.0,1.0,1.0,1.0,1.0,1.0,1.0,1.0,1.0,1.0,1.0,1.0,0.3770491803278688,0.3114754098360656,0.3114754098360656,0.2814207650273224,0.2814207650273224,0.3770491803278688,0.3770491803278688,0.3770491803278688,0.5901639344262295,0.7049180327868853,0.7704918032786885,0.819672131147541,0.3770491803278688
2.1,S2.1_FtoI_1_S1toS2,NaiveBayes,123,61,61,"{'priors': None, 'var_smoothing': 1e-09}",scenario_results_scenarios_2025-12-21_165745_early_stop/naivebayes_S2.1_FtoI_1_S1toS2_2025-12-21_165745_seed123_early_stop.pkl,1.0,1.0,1.0,1.0,1.0,1.0,1.0,1.0,1.0,1.0,1.0,1.0,1.0,0.16393442622950818,0.11584699453551914,0.11584699453551914,0.10027322404371584,0.10027322404371584,0.16393442622950818,0.16393442622950818,0.16393442622950818,0.18032786885245902,0.18032786885245902,0.19672131147540983,0.19672131147540983,0.16393442622950818
2.1,S2.1_FtoI_2_S1toS2,NaiveBayes,123,61,61,"{'priors': None, 'var_smoothing': 1e-09}",scenario_results_scenarios_2025-12-21_165745_early_stop/naivebayes_S2.1_FtoI_2_S1toS2_2025-12-21_165745_seed123_early_stop.pkl,1.0,1.0,1.0,1.0,1.0,1.0,1.0,1.0,1.0,1.0,1.0,1.0,1.0,0.19672131147540983,0.12021857923497267,0.12021857923497267,0.0907103825136612,0.0907103825136612,0.19672131147540983,0.19672131147540983,0.19672131147540983,0.21311475409836064,0.22950819672131148,0.22950819672131148,0.2459016393442623,0.19672131147540983
2.1,S2.1_FtoI_3_S1toS2,NaiveBayes,123,61,61,"{'priors': None, 'var_smoothing': 1e-09}",scenario_results_scenarios_2025-12-21_165745_early_stop/naivebayes_S2.1_FtoI_3_S1toS2_2025-12-21_165745_seed123_early_stop.pkl,1.0,1.0,1.0,1.0,1.0,1.0,1.0,1.0,1.0,1.0,1.0,1.0,1.0,0.16393442622950818,0.1249024199843872,0.1249024199843872,0.11202185792349727,0.11202185792349727,0.16393442622950818,0.16393442622950818,0.16393442622950818,0.18032786885245902,0.19672131147540983,0.21311475409836064,0.21311475409836064,0.16393442622950818
2.1,S2.1_FtoT_1_S1toS2,NaiveBayes,123,61,61,"{'priors': None, 'var_smoothing': 1e-09}",scenario_results_scenarios_2025-12-21_165745_early_stop/naivebayes_S2.1_FtoT_1_S1toS2_2025-12-21_165745_seed123_early_stop.pkl,1.0,1.0,1.0,1.0,1.0,1.0,1.0,1.0,1.0,1.0,1.0,1.0,1.0,0.14754098360655737,0.10491803278688525,0.10491803278688525,0.09207650273224043,0.09207650273224043,0.14754098360655737,0.14754098360655737,0.14754098360655737,0.16393442622950818,0.18032786885245902,0.18032786885245902,0.19672131147540983,0.14754098360655737
2.1,S2.1_FtoT_2_S1toS2,NaiveBayes,123,61,61,"{'priors': None, 'var_smoothing': 1e-09}",scenario_results_scenarios_2025-12-21_165745_early_stop/naivebayes_S2.1_FtoT_2_S1toS2_2025-12-21_165745_seed123_early_stop.pkl,1.0,1.0,1.0,1.0,1.0,1.0,1.0,1.0,1.0,1.0,1.0,1.0,1.0,0.18032786885245902,0.12295081967213115,0.12295081967213115,0.09836065573770492,0.09836065573770492,0.18032786885245902,0.18032786885245902,0.18032786885245902,0.19672131147540983,0.21311475409836064,0.21311475409836064,0.21311475409836064,0.18032786885245902
2.1,S2.1_FtoT_3_S1toS2,NaiveBayes,123,61,61,"{'priors': None, 'var_smoothing': 1e-09}",scenario_results_scenarios_2025-12-21_165745_early_stop/naivebayes_S2.1_FtoT_3_S1toS2_2025-12-21_165745_seed123_early_stop.pkl,1.0,1.0,1.0,1.0,1.0,1.0,1.0,1.0,1.0,1.0,1.0,1.0,1.0,0.13114754098360656,0.08118657298985167,0.08118657298985167,0.06612021857923497,0.06612021857923497,0.13114754098360656,0.13114754098360656,0.13114754098360656,0.14754098360655737,0.16393442622950818,0.18032786885245902,0.19672131147540983,0.13114754098360656
2.1,S2.1_ItoT_1_S1toS2,NaiveBayes,123,61,61,"{'priors': None, 'var_smoothing': 1e-09}",scenario_results_scenarios_2025-12-21_165745_early_stop/naivebayes_S2.1_ItoT_1_S1toS2_2025-12-21_165745_seed123_early_stop.pkl,1.0,1.0,1.0,1.0,1.0,1.0,1.0,1.0,1.0,1.0,1.0,1.0,1.0,0.13114754098360656,0.08227946916471507,0.08227946916471507,0.0669398907103825,0.0669398907103825,0.13114754098360656,0.13114754098360656,0.13114754098360656,0.14754098360655737,0.16393442622950818,0.19672131147540983,0.19672131147540983,0.13114754098360656
2.1,S2.1_ItoT_2_S1toS2,NaiveBayes,123,61,61,"{'priors': None, 'var_smoothing': 1e-09}",scenario_results_scenarios_2025-12-21_165745_early_stop/naivebayes_S2.1_ItoT_2_S1toS2_2025-12-21_165745_seed123_early_stop.pkl,1.0,1.0,1.0,1.0,1.0,1.0,1.0,1.0,1.0,1.0,1.0,1.0,1.0,0.16393442622950818,0.11748633879781421,0.11748633879781421,0.10163934426229507,0.10163934426229507,0.16393442622950818,0.16393442622950818,0.16393442622950818,0.18032786885245902,0.19672131147540983,0.19672131147540983,0.21311475409836064,0.16393442622950818
2.1,S2.1_ItoT_3_S1toS2,NaiveBayes,123,61,61,"{'priors': None, 'var_smoothing': 1e-09}",scenario_results_scenarios_2025-12-21_165745_early_stop/naivebayes_S2.1_ItoT_3_S1toS2_2025-12-21_165745_seed123_early_stop.pkl,1.0,1.0,1.0,1.0,1.0,1.0,1.0,1.0,1.0,1.0,1.0,1.0,1.0,0.18032786885245902,0.13934426229508193,0.13934426229508193,0.12021857923497267,0.12021857923497267,0.18032786885245902,0.18032786885245902,0.18032786885245902,0.19672131147540983,0.19672131147540983,0.21311475409836064,0.22950819672131148,0.18032786885245902
2.1,S2.1_ItoF_1_S1toS2,NaiveBayes,123,61,61,"{'priors': None, 'var_smoothing': 1e-09}",scenario_results_scenarios_2025-12-21_165745_early_stop/naivebayes_S2.1_ItoF_1_S1toS2_2025-12-21_165745_seed123_early_stop.pkl,1.0,1.0,1.0,1.0,1.0,1.0,1.0,1.0,1.0,1.0,1.0,1.0,1.0,0.11475409836065574,0.07923497267759562,0.07923497267759562,0.06557377049180328,0.06557377049180328,0.11475409836065574,0.11475409836065574,0.11475409836065574,0.13114754098360656,0.14754098360655737,0.14754098360655737,0.16393442622950818,0.11475409836065574
2.1,S2.1_ItoF_2_S1toS2,NaiveBayes,123,61,61,"{'priors': None, 'var_smoothing': 1e-09}",scenario_results_scenarios_2025-12-21_165745_early_stop/naivebayes_S2.1_ItoF_2_S1toS2_2025-12-21_165745_seed123_early_stop.pkl,1.0,1.0,1.0,1.0,1.0,1.0,1.0,1.0,1.0,1.0,1.0,1.0,1.0,0.16393442622950818,0.10382513661202185,0.10382513661202185,0.08251366120218578,0.08251366120218578,0.16393442622950818,0.16393442622950818,0.16393442622950818,0.18032786885245902,0.19672131147540983,0.19672131147540983,0.21311475409836064,0.16393442622950818
2.1,S2.1_ItoF_3_S1toS2,NaiveBayes,123,61,61,"{'priors': None, 'var_smoothing': 1e-09}",scenario_results_scenarios_2025-12-21_165745_early_stop/naivebayes_S2.1_ItoF_3_S1toS2_2025-12-21_165745_seed123_early_stop.pkl,1.0,1.0,1.0,1.0,1.0,1.0,1.0,1.0,1.0,1.0,1.0,1.0,1.0,0.16393442622950818,0.10109289617486338,0.10109289617486338,0.08032786885245902,0.08032786885245902,0.16393442622950818,0.16393442622950818,0.16393442622950818,0.18032786885245902,0.19672131147540983,0.21311475409836064,0.22950819672131148,0.16393442622950818
2.1,S2.1_TtoF_1_S1toS2,NaiveBayes,123,61,61,"{'priors': None, 'var_smoothing': 1e-09}",scenario_results_scenarios_2025-12-21_165745_early_stop/naivebayes_S2.1_TtoF_1_S1toS2_2025-12-21_165745_seed123_early_stop.pkl,1.0,1.0,1.0,1.0,1.0,1.0,1.0,1.0,1.0,1.0,1.0,1.0,1.0,0.08196721311475409,0.04590163934426229,0.04590163934426229,0.03551912568306011,0.03551912568306011,0.08196721311475409,0.08196721311475409,0.08196721311475409,0.09836065573770492,0.11475409836065574,0.13114754098360656,0.14754098360655737,0.08196721311475409
2.1,S2.1_TtoF_2_S1toS2,NaiveBayes,123,61,61,"{'priors': None, 'var_smoothing': 1e-09}",scenario_results_scenarios_2025-12-21_165745_early_stop/naivebayes_S2.1_TtoF_2_S1toS2_2025-12-21_165745_seed123_early_stop.pkl,1.0,1.0,1.0,1.0,1.0,1.0,1.0,1.0,1.0,1.0,1.0,1.0,1.0,0.14754098360655737,0.11338797814207649,0.11338797814207649,0.10070257611241216,0.10070257611241216,0.14754098360655737,0.14754098360655737,0.14754098360655737,0.14754098360655737,0.16393442622950818,0.18032786885245902,0.19672131147540983,0.14754098360655737
2.1,S2.1_TtoF_3_S1toS2,NaiveBayes,123,61,61,"{'priors': None, 'var_smoothing': 1e-09}",scenario_results_scenarios_2025-12-21_165745_early_stop/naivebayes_S2.1_TtoF_3_S1toS2_2025-12-21_165745_seed123_early_stop.pkl,1.0,1.0,1.0,1.0,1.0,1.0,1.0,1.0,1.0,1.0,1.0,1.0,1.0,0.19672131147540983,0.13114754098360656,0.13114754098360656,0.10655737704918031,0.10655737704918031,0.19672131147540983,0.19672131147540983,0.19672131147540983,0.21311475409836064,0.22950819672131148,0.22950819672131148,0.2459016393442623,0.19672131147540983
2.1,S2.1_TtoI_1_S1toS2,NaiveBayes,123,61,61,"{'priors': None, 'var_smoothing': 1e-09}",scenario_results_scenarios_2025-12-21_165745_early_stop/naivebayes_S2.1_TtoI_1_S1toS2_2025-12-21_165745_seed123_early_stop.pkl,1.0,1.0,1.0,1.0,1.0,1.0,1.0,1.0,1.0,1.0,1.0,1.0,1.0,0.13114754098360656,0.10109289617486339,0.10109289617486339,0.08743169398907104,0.08743169398907104,0.13114754098360656,0.13114754098360656,0.13114754098360656,0.14754098360655737,0.16393442622950818,0.16393442622950818,0.18032786885245902,0.13114754098360656
2.1,S2.1_TtoI_2_S1toS2,NaiveBayes,123,61,61,"{'priors': None, 'var_smoothing': 1e-09}",scenario_results_scenarios_2025-12-21_165745_early_stop/naivebayes_S2.1_TtoI_2_S1toS2_2025-12-21_165745_seed123_early_stop.pkl,1.0,1.0,1.0,1.0,1.0,1.0,1.0,1.0,1.0,1.0,1.0,1.0,1.0,0.22950819672131148,0.16424668227946917,0.16424668227946917,0.1439890710382514,0.1439890710382514,0.22950819672131148,0.22950819672131148,0.22950819672131148,0.2459016393442623,0.26229508196721313,0.29508196721311475,0.29508196721311475,0.22950819672131148
2.1,S2.1_TtoI_3_S1toS2,NaiveBayes,123,61,61,"{'priors': None, 'var_smoothing': 1e-09}",scenario_results_scenarios_2025-12-21_165745_early_stop/naivebayes_S2.1_TtoI_3_S1toS2_2025-12-21_165745_seed123_early_stop.pkl,1.0,1.0,1.0,1.0,1.0,1.0,1.0,1.0,1.0,1.0,1.0,1.0,1.0,0.16393442622950818,0.12295081967213115,0.12295081967213115,0.10655737704918032,0.10655737704918032,0.16393442622950818,0.16393442622950818,0.16393442622950818,0.18032786885245902,0.19672131147540983,0.19672131147540983,0.21311475409836064,0.16393442622950818
2.1,S2.1_FtoI_1_S1toS2,LightGBM,123,61,61,"{'n_estimators': 100, 'max_depth': 6, 'learning_rate': 0.05, 'num_leaves': 31, 'min_child_samples': 20}",scenario_results_scenarios_2025-12-21_165745_early_stop/lightgbm_S2.1_FtoI_1_S1toS2_2025-12-21_165745_seed123_early_stop.pkl,1.0,1.0,1.0,1.0,1.0,1.0,1.0,1.0,1.0,1.0,1.0,1.0,1.0,0.18032786885245902,0.1448087431693989,0.1448087431693989,0.13114754098360656,0.13114754098360656,0.18032786885245902,0.18032786885245902,0.18032786885245902,0.22950819672131148,0.26229508196721313,0.3114754098360656,0.32786885245901637,0.18032786885245902
2.1,S2.1_FtoI_2_S1toS2,LightGBM,123,61,61,"{'n_estimators': 100, 'max_depth': 6, 'learning_rate': 0.05, 'num_leaves': 31, 'min_child_samples': 20}",scenario_results_scenarios_2025-12-21_165745_early_stop/lightgbm_S2.1_FtoI_2_S1toS2_2025-12-21_165745_seed123_early_stop.pkl,1.0,1.0,1.0,1.0,1.0,1.0,1.0,1.0,1.0,1.0,1.0,1.0,1.0,0.19672131147540983,0.133879781420765,0.133879781420765,0.11256830601092896,0.11256830601092896,0.19672131147540983,0.19672131147540983,0.19672131147540983,0.26229508196721313,0.39344262295081966,0.4918032786885246,0.5573770491803278,0.19672131147540983
2.1,S2.1_FtoI_3_S1toS2,LightGBM,123,61,61,"{'n_estimators': 100, 'max_depth': 6, 'learning_rate': 0.05, 'num_leaves': 31, 'min_child_samples': 20}",scenario_results_scenarios_2025-12-21_165745_early_stop/lightgbm_S2.1_FtoI_3_S1toS2_2025-12-21_165745_seed123_early_stop.pkl,1.0,1.0,1.0,1.0,1.0,1.0,1.0,1.0,1.0,1.0,1.0,1.0,1.0,0.16393442622950818,0.13114754098360656,0.13114754098360656,0.1174863387978142,0.1174863387978142,0.16393442622950818,0.16393442622950818,0.16393442622950818,0.36065573770491804,0.45901639344262296,0.4918032786885246,0.5573770491803278,0.16393442622950818
2.1,S2.1_FtoT_1_S1toS2,LightGBM,123,61,61,"{'n_estimators': 100, 'max_depth': 6, 'learning_rate': 0.05, 'num_leaves': 31, 'min_child_samples': 20}",scenario_results_scenarios_2025-12-21_165745_early_stop/lightgbm_S2.1_FtoT_1_S1toS2_2025-12-21_165745_seed123_early_stop.pkl,1.0,1.0,1.0,1.0,1.0,1.0,1.0,1.0,1.0,1.0,1.0,1.0,1.0,0.14754098360655737,0.11420765027322405,0.11420765027322405,0.10382513661202185,0.10382513661202185,0.14754098360655737,0.14754098360655737,0.14754098360655737,0.26229508196721313,0.3442622950819672,0.4098360655737705,0.4918032786885246,0.14754098360655737
2.1,S2.1_FtoT_2_S1toS2,LightGBM,123,61,61,"{'n_estimators': 100, 'max_depth': 6, 'learning_rate': 0.05, 'num_leaves': 31, 'min_child_samples': 20}",scenario_results_scenarios_2025-12-21_165745_early_stop/lightgbm_S2.1_FtoT_2_S1toS2_2025-12-21_165745_seed123_early_stop.pkl,1.0,1.0,1.0,1.0,1.0,1.0,1.0,1.0,1.0,1.0,1.0,1.0,1.0,0.19672131147540983,0.1366120218579235,0.1366120218579235,0.11202185792349725,0.11202185792349725,0.19672131147540983,0.19672131147540983,0.19672131147540983,0.22950819672131148,0.29508196721311475,0.3442622950819672,0.4262295081967213,0.19672131147540983
2.1,S2.1_FtoT_3_S1toS2,LightGBM,123,61,61,"{'n_estimators': 100, 'max_depth': 6, 'learning_rate': 0.05, 'num_leaves': 31, 'min_child_samples': 20}",scenario_results_scenarios_2025-12-21_165745_early_stop/lightgbm_S2.1_FtoT_3_S1toS2_2025-12-21_165745_seed123_early_stop.pkl,1.0,1.0,1.0,1.0,1.0,1.0,1.0,1.0,1.0,1.0,1.0,1.0,1.0,0.16393442622950818,0.12677595628415303,0.12677595628415303,0.11065573770491803,0.11065573770491803,0.16393442622950818,0.16393442622950818,0.16393442622950818,0.2786885245901639,0.32786885245901637,0.3770491803278688,0.47540983606557374,0.16393442622950818
2.1,S2.1_ItoT_1_S1toS2,LightGBM,123,61,61,"{'n_estimators': 100, 'max_depth': 6, 'learning_rate': 0.05, 'num_leaves': 31, 'min_child_samples': 20}",scenario_results_scenarios_2025-12-21_165745_early_stop/lightgbm_S2.1_ItoT_1_S1toS2_2025-12-21_165745_seed123_early_stop.pkl,1.0,1.0,1.0,1.0,1.0,1.0,1.0,1.0,1.0,1.0,1.0,1.0,1.0,0.11475409836065574,0.0901639344262295,0.0901639344262295,0.08251366120218578,0.08251366120218578,0.11475409836065574,0.11475409836065574,0.11475409836065574,0.21311475409836064,0.21311475409836064,0.29508196721311475,0.3442622950819672,0.11475409836065574
2.1,S2.1_ItoT_2_S1toS2,LightGBM,123,61,61,"{'n_estimators': 100, 'max_depth': 6, 'learning_rate': 0.05, 'num_leaves': 31, 'min_child_samples': 20}",scenario_results_scenarios_2025-12-21_165745_early_stop/lightgbm_S2.1_ItoT_2_S1toS2_2025-12-21_165745_seed123_early_stop.pkl,1.0,1.0,1.0,1.0,1.0,1.0,1.0,1.0,1.0,1.0,1.0,1.0,1.0,0.08196721311475409,0.04590163934426229,0.04590163934426229,0.03278688524590164,0.03278688524590164,0.08196721311475409,0.08196721311475409,0.08196721311475409,0.19672131147540983,0.2459016393442623,0.32786885245901637,0.3770491803278688,0.08196721311475409
2.1,S2.1_ItoT_3_S1toS2,LightGBM,123,61,61,"{'n_estimators': 100, 'max_depth': 6, 'learning_rate': 0.05, 'num_leaves': 31, 'min_child_samples': 20}",scenario_results_scenarios_2025-12-21_165745_early_stop/lightgbm_S2.1_ItoT_3_S1toS2_2025-12-21_165745_seed123_early_stop.pkl,1.0,1.0,1.0,1.0,1.0,1.0,1.0,1.0,1.0,1.0,1.0,1.0,1.0,0.18032786885245902,0.13224043715846995,0.13224043715846995,0.11338797814207649,0.11338797814207649,0.18032786885245902,0.18032786885245902,0.18032786885245902,0.2786885245901639,0.32786885245901637,0.39344262295081966,0.47540983606557374,0.18032786885245902
2.1,S2.1_ItoF_1_S1toS2,LightGBM,123,61,61,"{'n_estimators': 100, 'max_depth': 6, 'learning_rate': 0.05, 'num_leaves': 31, 'min_child_samples': 20}",scenario_results_scenarios_2025-12-21_165745_early_stop/lightgbm_S2.1_ItoF_1_S1toS2_2025-12-21_165745_seed123_early_stop.pkl,1.0,1.0,1.0,1.0,1.0,1.0,1.0,1.0,1.0,1.0,1.0,1.0,1.0,0.11475409836065574,0.07868852459016393,0.07868852459016393,0.06885245901639345,0.06885245901639345,0.11475409836065574,0.11475409836065574,0.11475409836065574,0.16393442622950818,0.26229508196721313,0.3442622950819672,0.4098360655737705,0.11475409836065574
2.1,S2.1_ItoF_2_S1toS2,LightGBM,123,61,61,"{'n_estimators': 100, 'max_depth': 6, 'learning_rate': 0.05, 'num_leaves': 31, 'min_child_samples': 20}",scenario_results_scenarios_2025-12-21_165745_early_stop/lightgbm_S2.1_ItoF_2_S1toS2_2025-12-21_165745_seed123_early_stop.pkl,1.0,1.0,1.0,1.0,1.0,1.0,1.0,1.0,1.0,1.0,1.0,1.0,1.0,0.2786885245901639,0.24316939890710382,0.24316939890710382,0.23005464480874316,0.23005464480874316,0.2786885245901639,0.2786885245901639,0.2786885245901639,0.3114754098360656,0.4262295081967213,0.47540983606557374,0.5409836065573771,0.2786885245901639
2.1,S2.1_ItoF_3_S1toS2,LightGBM,123,61,61,"{'n_estimators': 100, 'max_depth': 6, 'learning_rate': 0.05, 'num_leaves': 31, 'min_child_samples': 20}",scenario_results_scenarios_2025-12-21_165745_early_stop/lightgbm_S2.1_ItoF_3_S1toS2_2025-12-21_165745_seed123_early_stop.pkl,1.0,1.0,1.0,1.0,1.0,1.0,1.0,1.0,1.0,1.0,1.0,1.0,1.0,0.19672131147540983,0.14754098360655737,0.14754098360655737,0.13169398907103824,0.13169398907103824,0.19672131147540983,0.19672131147540983,0.19672131147540983,0.3114754098360656,0.4262295081967213,0.45901639344262296,0.4918032786885246,0.19672131147540983
2.1,S2.1_TtoF_1_S1toS2,LightGBM,123,61,61,"{'n_estimators': 100, 'max_depth': 6, 'learning_rate': 0.05, 'num_leaves': 31, 'min_child_samples': 20}",scenario_results_scenarios_2025-12-21_165745_early_stop/lightgbm_S2.1_TtoF_1_S1toS2_2025-12-21_165745_seed123_early_stop.pkl,1.0,1.0,1.0,1.0,1.0,1.0,1.0,1.0,1.0,1.0,1.0,1.0,1.0,0.08196721311475409,0.058469945355191254,0.058469945355191254,0.05054644808743169,0.05054644808743169,0.08196721311475409,0.08196721311475409,0.08196721311475409,0.21311475409836064,0.2786885245901639,0.32786885245901637,0.36065573770491804,0.08196721311475409
2.1,S2.1_TtoF_2_S1toS2,LightGBM,123,61,61,"{'n_estimators': 100, 'max_depth': 6, 'learning_rate': 0.05, 'num_leaves': 31, 'min_child_samples': 20}",scenario_results_scenarios_2025-12-21_165745_early_stop/lightgbm_S2.1_TtoF_2_S1toS2_2025-12-21_165745_seed123_early_stop.pkl,1.0,1.0,1.0,1.0,1.0,1.0,1.0,1.0,1.0,1.0,1.0,1.0,1.0,0.14754098360655737,0.087743950039032,0.087743950039032,0.07021857923497267,0.07021857923497267,0.14754098360655737,0.14754098360655737,0.14754098360655737,0.2459016393442623,0.32786885245901637,0.39344262295081966,0.47540983606557374,0.14754098360655737
2.1,S2.1_TtoF_3_S1toS2,LightGBM,123,61,61,"{'n_estimators': 100, 'max_depth': 6, 'learning_rate': 0.05, 'num_leaves': 31, 'min_child_samples': 20}",scenario_results_scenarios_2025-12-21_165745_early_stop/lightgbm_S2.1_TtoF_3_S1toS2_2025-12-21_165745_seed123_early_stop.pkl,1.0,1.0,1.0,1.0,1.0,1.0,1.0,1.0,1.0,1.0,1.0,1.0,1.0,0.18032786885245902,0.14480874316939893,0.14480874316939893,0.13169398907103824,0.13169398907103824,0.18032786885245902,0.18032786885245902,0.18032786885245902,0.29508196721311475,0.3770491803278688,0.45901639344262296,0.5573770491803278,0.18032786885245902
2.1,S2.1_TtoI_1_S1toS2,LightGBM,123,61,61,"{'n_estimators': 100, 'max_depth': 6, 'learning_rate': 0.05, 'num_leaves': 31, 'min_child_samples': 20}",scenario_results_scenarios_2025-12-21_165745_early_stop/lightgbm_S2.1_TtoI_1_S1toS2_2025-12-21_165745_seed123_early_stop.pkl,1.0,1.0,1.0,1.0,1.0,1.0,1.0,1.0,1.0,1.0,1.0,1.0,1.0,0.18032786885245902,0.15846994535519124,0.15846994535519124,0.14754098360655737,0.14754098360655737,0.18032786885245902,0.18032786885245902,0.18032786885245902,0.26229508196721313,0.32786885245901637,0.4098360655737705,0.4426229508196721,0.18032786885245902
2.1,S2.1_TtoI_2_S1toS2,LightGBM,123,61,61,"{'n_estimators': 100, 'max_depth': 6, 'learning_rate': 0.05, 'num_leaves': 31, 'min_child_samples': 20}",scenario_results_scenarios_2025-12-21_165745_early_stop/lightgbm_S2.1_TtoI_2_S1toS2_2025-12-21_165745_seed123_early_stop.pkl,1.0,1.0,1.0,1.0,1.0,1.0,1.0,1.0,1.0,1.0,1.0,1.0,1.0,0.08196721311475409,0.058469945355191254,0.058469945355191254,0.05054644808743169,0.05054644808743169,0.08196721311475409,0.08196721311475409,0.08196721311475409,0.21311475409836064,0.3442622950819672,0.3770491803278688,0.4426229508196721,0.08196721311475409
2.1,S2.1_TtoI_3_S1toS2,LightGBM,123,61,61,"{'n_estimators': 100, 'max_depth': 6, 'learning_rate': 0.05, 'num_leaves': 31, 'min_child_samples': 20}",scenario_results_scenarios_2025-12-21_165745_early_stop/lightgbm_S2.1_TtoI_3_S1toS2_2025-12-21_165745_seed123_early_stop.pkl,1.0,1.0,1.0,1.0,1.0,1.0,1.0,1.0,1.0,1.0,1.0,1.0,1.0,0.13114754098360656,0.11038251366120219,0.11038251366120219,0.10245901639344263,0.10245901639344263,0.13114754098360656,0.13114754098360656,0.13114754098360656,0.32786885245901637,0.39344262295081966,0.4426229508196721,0.5081967213114754,0.13114754098360656
2.1,S2.1_FtoI_1_S1toS2,ExtraTrees,123,61,61,"{'n_estimators': 100, 'max_depth': 10, 'min_samples_split': 2, 'min_samples_leaf': 1, 'max_features': 'sqrt', 'bootstrap': False, 'criterion': 'gini'}",scenario_results_scenarios_2025-12-21_165745_early_stop/extratrees_S2.1_FtoI_1_S1toS2_2025-12-21_165745_seed123_early_stop.pkl,1.0,1.0,1.0,1.0,1.0,1.0,1.0,1.0,1.0,1.0,1.0,1.0,1.0,0.21311475409836064,0.180327868852459,0.180327868852459,0.16393442622950818,0.16393442622950818,0.21311475409836064,0.21311475409836064,0.22950819672131148,0.3770491803278688,0.47540983606557374,0.5409836065573771,0.639344262295082,0.21311475409836064
2.1,S2.1_FtoI_2_S1toS2,ExtraTrees,123,61,61,"{'n_estimators': 100, 'max_depth': 10, 'min_samples_split': 2, 'min_samples_leaf': 1, 'max_features': 'sqrt', 'bootstrap': False, 'criterion': 'gini'}",scenario_results_scenarios_2025-12-21_165745_early_stop/extratrees_S2.1_FtoI_2_S1toS2_2025-12-21_165745_seed123_early_stop.pkl,1.0,1.0,1.0,1.0,1.0,1.0,1.0,1.0,1.0,1.0,1.0,1.0,1.0,0.3442622950819672,0.26721311475409837,0.26721311475409837,0.23770491803278684,0.23770491803278684,0.3442622950819672,0.3442622950819672,0.36065573770491804,0.5573770491803278,0.6557377049180327,0.7049180327868853,0.7704918032786885,0.32786885245901637
2.1,S2.1_FtoI_3_S1toS2,ExtraTrees,123,61,61,"{'n_estimators': 100, 'max_depth': 10, 'min_samples_split': 2, 'min_samples_leaf': 1, 'max_features': 'sqrt', 'bootstrap': False, 'criterion': 'gini'}",scenario_results_scenarios_2025-12-21_165745_early_stop/extratrees_S2.1_FtoI_3_S1toS2_2025-12-21_165745_seed123_early_stop.pkl,1.0,1.0,1.0,1.0,1.0,1.0,1.0,1.0,1.0,1.0,1.0,1.0,1.0,0.3442622950819672,0.2896174863387978,0.2896174863387978,0.2683060109289617,0.2683060109289617,0.3442622950819672,0.3442622950819672,0.3114754098360656,0.4098360655737705,0.5737704918032787,0.5901639344262295,0.639344262295082,0.3114754098360656
2.1,S2.1_FtoT_1_S1toS2,ExtraTrees,123,61,61,"{'n_estimators': 100, 'max_depth': 10, 'min_samples_split': 2, 'min_samples_leaf': 1, 'max_features': 'sqrt', 'bootstrap': False, 'criterion': 'gini'}",scenario_results_scenarios_2025-12-21_165745_early_stop/extratrees_S2.1_FtoT_1_S1toS2_2025-12-21_165745_seed123_early_stop.pkl,1.0,1.0,1.0,1.0,1.0,1.0,1.0,1.0,1.0,1.0,1.0,1.0,1.0,0.16393442622950818,0.10601092896174862,0.10601092896174862,0.08469945355191257,0.08469945355191257,0.16393442622950818,0.16393442622950818,0.18032786885245902,0.4262295081967213,0.5245901639344263,0.5901639344262295,0.6229508196721312,0.16393442622950818
2.1,S2.1_FtoT_2_S1toS2,ExtraTrees,123,61,61,"{'n_estimators': 100, 'max_depth': 10, 'min_samples_split': 2, 'min_samples_leaf': 1, 'max_features': 'sqrt', 'bootstrap': False, 'criterion': 'gini'}",scenario_results_scenarios_2025-12-21_165745_early_stop/extratrees_S2.1_FtoT_2_S1toS2_2025-12-21_165745_seed123_early_stop.pkl,1.0,1.0,1.0,1.0,1.0,1.0,1.0,1.0,1.0,1.0,1.0,1.0,1.0,0.32786885245901637,0.24590163934426226,0.24590163934426226,0.21639344262295082,0.21639344262295082,0.32786885245901637,0.32786885245901637,0.3442622950819672,0.47540983606557374,0.5901639344262295,0.6885245901639344,0.7377049180327869,0.3114754098360656
2.1,S2.1_FtoT_3_S1toS2,ExtraTrees,123,61,61,"{'n_estimators': 100, 'max_depth': 10, 'min_samples_split': 2, 'min_samples_leaf': 1, 'max_features': 'sqrt', 'bootstrap': False, 'criterion': 'gini'}",scenario_results_scenarios_2025-12-21_165745_early_stop/extratrees_S2.1_FtoT_3_S1toS2_2025-12-21_165745_seed123_early_stop.pkl,1.0,1.0,1.0,1.0,1.0,1.0,1.0,1.0,1.0,1.0,1.0,1.0,1.0,0.32786885245901637,0.25081967213114753,0.25081967213114753,0.22459016393442624,0.22459016393442624,0.32786885245901637,0.32786885245901637,0.32786885245901637,0.4918032786885246,0.5737704918032787,0.6557377049180327,0.7213114754098361,0.3114754098360656
2.1,S2.1_ItoT_1_S1toS2,ExtraTrees,123,61,61,"{'n_estimators': 100, 'max_depth': 10, 'min_samples_split': 2, 'min_samples_leaf': 1, 'max_features': 'sqrt', 'bootstrap': False, 'criterion': 'gini'}",scenario_results_scenarios_2025-12-21_165745_early_stop/extratrees_S2.1_ItoT_1_S1toS2_2025-12-21_165745_seed123_early_stop.pkl,1.0,1.0,1.0,1.0,1.0,1.0,1.0,1.0,1.0,1.0,1.0,1.0,1.0,0.2459016393442623,0.1896174863387978,0.1896174863387978,0.1685792349726776,0.1685792349726776,0.2459016393442623,0.2459016393442623,0.2786885245901639,0.45901639344262296,0.5409836065573771,0.6065573770491803,0.7049180327868853,0.2459016393442623
2.1,S2.1_ItoT_2_S1toS2,ExtraTrees,123,61,61,"{'n_estimators': 100, 'max_depth': 10, 'min_samples_split': 2, 'min_samples_leaf': 1, 'max_features': 'sqrt', 'bootstrap': False, 'criterion': 'gini'}",scenario_results_scenarios_2025-12-21_165745_early_stop/extratrees_S2.1_ItoT_2_S1toS2_2025-12-21_165745_seed123_early_stop.pkl,1.0,1.0,1.0,1.0,1.0,1.0,1.0,1.0,1.0,1.0,1.0,1.0,1.0,0.32786885245901637,0.25792349726775954,0.25792349726775954,0.2308743169398907,0.2308743169398907,0.32786885245901637,0.32786885245901637,0.3442622950819672,0.4918032786885246,0.5901639344262295,0.639344262295082,0.7049180327868853,0.3114754098360656
2.1,S2.1_ItoT_3_S1toS2,ExtraTrees,123,61,61,"{'n_estimators': 100, 'max_depth': 10, 'min_samples_split': 2, 'min_samples_leaf': 1, 'max_features': 'sqrt', 'bootstrap': False, 'criterion': 'gini'}",scenario_results_scenarios_2025-12-21_165745_early_stop/extratrees_S2.1_ItoT_3_S1toS2_2025-12-21_165745_seed123_early_stop.pkl,1.0,1.0,1.0,1.0,1.0,1.0,1.0,1.0,1.0,1.0,1.0,1.0,1.0,0.3770491803278688,0.30601092896174864,0.30601092896174864,0.27595628415300544,0.27595628415300544,0.3770491803278688,0.3770491803278688,0.32786885245901637,0.5573770491803278,0.6229508196721312,0.6721311475409836,0.7049180327868853,0.32786885245901637
2.1,S2.1_ItoF_1_S1toS2,ExtraTrees,123,61,61,"{'n_estimators': 100, 'max_depth': 10, 'min_samples_split': 2, 'min_samples_leaf': 1, 'max_features': 'sqrt', 'bootstrap': False, 'criterion': 'gini'}",scenario_results_scenarios_2025-12-21_165745_early_stop/extratrees_S2.1_ItoF_1_S1toS2_2025-12-21_165745_seed123_early_stop.pkl,1.0,1.0,1.0,1.0,1.0,1.0,1.0,1.0,1.0,1.0,1.0,1.0,1.0,0.39344262295081966,0.31912568306010924,0.31912568306010924,0.29234972677595633,0.29234972677595633,0.39344262295081966,0.39344262295081966,0.4262295081967213,0.5245901639344263,0.6065573770491803,0.639344262295082,0.6885245901639344,0.3770491803278688
2.1,S2.1_ItoF_2_S1toS2,ExtraTrees,123,61,61,"{'n_estimators': 100, 'max_depth': 10, 'min_samples_split': 2, 'min_samples_leaf': 1, 'max_features': 'sqrt', 'bootstrap': False, 'criterion': 'gini'}",scenario_results_scenarios_2025-12-21_165745_early_stop/extratrees_S2.1_ItoF_2_S1toS2_2025-12-21_165745_seed123_early_stop.pkl,1.0,1.0,1.0,1.0,1.0,1.0,1.0,1.0,1.0,1.0,1.0,1.0,1.0,0.3114754098360656,0.2327868852459016,0.2327868852459016,0.20355191256830601,0.20355191256830601,0.3114754098360656,0.3114754098360656,0.26229508196721313,0.5409836065573771,0.6557377049180327,0.7049180327868853,0.7213114754098361,0.26229508196721313
2.1,S2.1_ItoF_3_S1toS2,ExtraTrees,123,61,61,"{'n_estimators': 100, 'max_depth': 10, 'min_samples_split': 2, 'min_samples_leaf': 1, 'max_features': 'sqrt', 'bootstrap': False, 'criterion': 'gini'}",scenario_results_scenarios_2025-12-21_165745_early_stop/extratrees_S2.1_ItoF_3_S1toS2_2025-12-21_165745_seed123_early_stop.pkl,1.0,1.0,1.0,1.0,1.0,1.0,1.0,1.0,1.0,1.0,1.0,1.0,1.0,0.14754098360655737,0.09562841530054644,0.09562841530054644,0.07377049180327869,0.07377049180327869,0.14754098360655737,0.14754098360655737,0.19672131147540983,0.4426229508196721,0.5409836065573771,0.6885245901639344,0.7868852459016393,0.14754098360655737
2.1,S2.1_TtoF_1_S1toS2,ExtraTrees,123,61,61,"{'n_estimators': 100, 'max_depth': 10, 'min_samples_split': 2, 'min_samples_leaf': 1, 'max_features': 'sqrt', 'bootstrap': False, 'criterion': 'gini'}",scenario_results_scenarios_2025-12-21_165745_early_stop/extratrees_S2.1_TtoF_1_S1toS2_2025-12-21_165745_seed123_early_stop.pkl,1.0,1.0,1.0,1.0,1.0,1.0,1.0,1.0,1.0,1.0,1.0,1.0,1.0,0.32786885245901637,0.24863387978142074,0.24863387978142074,0.2191256830601093,0.2191256830601093,0.32786885245901637,0.32786885245901637,0.32786885245901637,0.4262295081967213,0.5409836065573771,0.6229508196721312,0.6557377049180327,0.3114754098360656
2.1,S2.1_TtoF_2_S1toS2,ExtraTrees,123,61,61,"{'n_estimators': 100, 'max_depth': 10, 'min_samples_split': 2, 'min_samples_leaf': 1, 'max_features': 'sqrt', 'bootstrap': False, 'criterion': 'gini'}",scenario_results_scenarios_2025-12-21_165745_early_stop/extratrees_S2.1_TtoF_2_S1toS2_2025-12-21_165745_seed123_early_stop.pkl,1.0,1.0,1.0,1.0,1.0,1.0,1.0,1.0,1.0,1.0,1.0,1.0,1.0,0.3114754098360656,0.2240437158469945,0.2240437158469945,0.18907103825136612,0.18907103825136612,0.3114754098360656,0.3114754098360656,0.2786885245901639,0.5081967213114754,0.5737704918032787,0.6229508196721312,0.7049180327868853,0.2786885245901639
2.1,S2.1_TtoF_3_S1toS2,ExtraTrees,123,61,61,"{'n_estimators': 100, 'max_depth': 10, 'min_samples_split': 2, 'min_samples_leaf': 1, 'max_features': 'sqrt', 'bootstrap': False, 'criterion': 'gini'}",scenario_results_scenarios_2025-12-21_165745_early_stop/extratrees_S2.1_TtoF_3_S1toS2_2025-12-21_165745_seed123_early_stop.pkl,1.0,1.0,1.0,1.0,1.0,1.0,1.0,1.0,1.0,1.0,1.0,1.0,1.0,0.3442622950819672,0.2759562841530055,0.2759562841530055,0.24918032786885244,0.24918032786885244,0.3442622950819672,0.3442622950819672,0.36065573770491804,0.5737704918032787,0.6557377049180327,0.7377049180327869,0.7704918032786885,0.3442622950819672
2.1,S2.1_TtoI_1_S1toS2,ExtraTrees,123,61,61,"{'n_estimators': 100, 'max_depth': 10, 'min_samples_split': 2, 'min_samples_leaf': 1, 'max_features': 'sqrt', 'bootstrap': False, 'criterion': 'gini'}",scenario_results_scenarios_2025-12-21_165745_early_stop/extratrees_S2.1_TtoI_1_S1toS2_2025-12-21_165745_seed123_early_stop.pkl,1.0,1.0,1.0,1.0,1.0,1.0,1.0,1.0,1.0,1.0,1.0,1.0,1.0,0.32786885245901637,0.23692427790788445,0.23692427790788445,0.1994535519125683,0.1994535519125683,0.32786885245901637,0.32786885245901637,0.32786885245901637,0.5081967213114754,0.5737704918032787,0.639344262295082,0.6721311475409836,0.3114754098360656
2.1,S2.1_TtoI_2_S1toS2,ExtraTrees,123,61,61,"{'n_estimators': 100, 'max_depth': 10, 'min_samples_split': 2, 'min_samples_leaf': 1, 'max_features': 'sqrt', 'bootstrap': False, 'criterion': 'gini'}",scenario_results_scenarios_2025-12-21_165745_early_stop/extratrees_S2.1_TtoI_2_S1toS2_2025-12-21_165745_seed123_early_stop.pkl,1.0,1.0,1.0,1.0,1.0,1.0,1.0,1.0,1.0,1.0,1.0,1.0,1.0,0.29508196721311475,0.2333333333333333,0.2333333333333333,0.209016393442623,0.209016393442623,0.29508196721311475,0.29508196721311475,0.3114754098360656,0.4918032786885246,0.5573770491803278,0.5901639344262295,0.639344262295082,0.29508196721311475
2.1,S2.1_TtoI_3_S1toS2,ExtraTrees,123,61,61,"{'n_estimators': 100, 'max_depth': 10, 'min_samples_split': 2, 'min_samples_leaf': 1, 'max_features': 'sqrt', 'bootstrap': False, 'criterion': 'gini'}",scenario_results_scenarios_2025-12-21_165745_early_stop/extratrees_S2.1_TtoI_3_S1toS2_2025-12-21_165745_seed123_early_stop.pkl,1.0,1.0,1.0,1.0,1.0,1.0,1.0,1.0,1.0,1.0,1.0,1.0,1.0,0.4426229508196721,0.3836065573770492,0.3836065573770492,0.35928961748633875,0.35928961748633875,0.4426229508196721,0.4426229508196721,0.4098360655737705,0.5573770491803278,0.6065573770491803,0.6885245901639344,0.7377049180327869,0.4098360655737705
2.1,S2.1_FtoI_1_S1toS2,RandomForest,456,61,61,"{'n_estimators': 100, 'max_depth': 10, 'min_samples_split': 2, 'min_samples_leaf': 1, 'max_features': 'sqrt', 'bootstrap': True}",scenario_results_scenarios_2025-12-21_165745_early_stop/randomforest_S2.1_FtoI_1_S1toS2_2025-12-21_165745_seed456_early_stop.pkl,1.0,1.0,1.0,1.0,1.0,1.0,1.0,1.0,1.0,1.0,1.0,1.0,1.0,0.21311475409836064,0.1469945355191257,0.1469945355191257,0.1262295081967213,0.1262295081967213,0.21311475409836064,0.21311475409836064,0.21311475409836064,0.2786885245901639,0.3770491803278688,0.4426229508196721,0.5245901639344263,0.21311475409836064
2.1,S2.1_FtoI_2_S1toS2,RandomForest,456,61,61,"{'n_estimators': 100, 'max_depth': 10, 'min_samples_split': 2, 'min_samples_leaf': 1, 'max_features': 'sqrt', 'bootstrap': True}",scenario_results_scenarios_2025-12-21_165745_early_stop/randomforest_S2.1_FtoI_2_S1toS2_2025-12-21_165745_seed456_early_stop.pkl,1.0,1.0,1.0,1.0,1.0,1.0,1.0,1.0,1.0,1.0,1.0,1.0,1.0,0.2786885245901639,0.22076502732240436,0.22076502732240436,0.19999999999999998,0.19999999999999998,0.2786885245901639,0.2786885245901639,0.3114754098360656,0.5081967213114754,0.5573770491803278,0.6885245901639344,0.6885245901639344,0.26229508196721313
2.1,S2.1_FtoI_3_S1toS2,RandomForest,456,61,61,"{'n_estimators': 100, 'max_depth': 10, 'min_samples_split': 2, 'min_samples_leaf': 1, 'max_features': 'sqrt', 'bootstrap': True}",scenario_results_scenarios_2025-12-21_165745_early_stop/randomforest_S2.1_FtoI_3_S1toS2_2025-12-21_165745_seed456_early_stop.pkl,1.0,1.0,1.0,1.0,1.0,1.0,1.0,1.0,1.0,1.0,1.0,1.0,1.0,0.29508196721311475,0.23333333333333328,0.23333333333333328,0.20901639344262296,0.20901639344262296,0.29508196721311475,0.29508196721311475,0.2786885245901639,0.4262295081967213,0.5245901639344263,0.5573770491803278,0.6721311475409836,0.2786885245901639
2.1,S2.1_FtoT_1_S1toS2,RandomForest,456,61,61,"{'n_estimators': 100, 'max_depth': 10, 'min_samples_split': 2, 'min_samples_leaf': 1, 'max_features': 'sqrt', 'bootstrap': True}",scenario_results_scenarios_2025-12-21_165745_early_stop/randomforest_S2.1_FtoT_1_S1toS2_2025-12-21_165745_seed456_early_stop.pkl,1.0,1.0,1.0,1.0,1.0,1.0,1.0,1.0,1.0,1.0,1.0,1.0,1.0,0.2459016393442623,0.1814207650273224,0.1814207650273224,0.16038251366120215,0.16038251366120215,0.2459016393442623,0.2459016393442623,0.2459016393442623,0.3770491803278688,0.4426229508196721,0.5409836065573771,0.639344262295082,0.22950819672131148
2.1,S2.1_FtoT_2_S1toS2,RandomForest,456,61,61,"{'n_estimators': 100, 'max_depth': 10, 'min_samples_split': 2, 'min_samples_leaf': 1, 'max_features': 'sqrt', 'bootstrap': True}",scenario_results_scenarios_2025-12-21_165745_early_stop/randomforest_S2.1_FtoT_2_S1toS2_2025-12-21_165745_seed456_early_stop.pkl,1.0,1.0,1.0,1.0,1.0,1.0,1.0,1.0,1.0,1.0,1.0,1.0,1.0,0.22950819672131148,0.15901639344262294,0.15901639344262294,0.13524590163934427,0.13524590163934427,0.22950819672131148,0.22950819672131148,0.22950819672131148,0.36065573770491804,0.4262295081967213,0.47540983606557374,0.5245901639344263,0.19672131147540983
2.1,S2.1_FtoT_3_S1toS2,RandomForest,456,61,61,"{'n_estimators': 100, 'max_depth': 10, 'min_samples_split': 2, 'min_samples_leaf': 1, 'max_features': 'sqrt', 'bootstrap': True}",scenario_results_scenarios_2025-12-21_165745_early_stop/randomforest_S2.1_FtoT_3_S1toS2_2025-12-21_165745_seed456_early_stop.pkl,1.0,1.0,1.0,1.0,1.0,1.0,1.0,1.0,1.0,1.0,1.0,1.0,1.0,0.22950819672131148,0.19344262295081965,0.19344262295081965,0.18032786885245902,0.18032786885245902,0.22950819672131148,0.22950819672131148,0.19672131147540983,0.39344262295081966,0.45901639344262296,0.5901639344262295,0.6229508196721312,0.19672131147540983
2.1,S2.1_ItoT_1_S1toS2,RandomForest,456,61,61,"{'n_estimators': 100, 'max_depth': 10, 'min_samples_split': 2, 'min_samples_leaf': 1, 'max_features': 'sqrt', 'bootstrap': True}",scenario_results_scenarios_2025-12-21_165745_early_stop/randomforest_S2.1_ItoT_1_S1toS2_2025-12-21_165745_seed456_early_stop.pkl,1.0,1.0,1.0,1.0,1.0,1.0,1.0,1.0,1.0,1.0,1.0,1.0,1.0,0.26229508196721313,0.17790788446526148,0.17790788446526148,0.14945355191256832,0.14945355191256832,0.26229508196721313,0.26229508196721313,0.26229508196721313,0.4098360655737705,0.47540983606557374,0.5573770491803278,0.5737704918032787,0.2459016393442623
2.1,S2.1_ItoT_2_S1toS2,RandomForest,456,61,61,"{'n_estimators': 100, 'max_depth': 10, 'min_samples_split': 2, 'min_samples_leaf': 1, 'max_features': 'sqrt', 'bootstrap': True}",scenario_results_scenarios_2025-12-21_165745_early_stop/randomforest_S2.1_ItoT_2_S1toS2_2025-12-21_165745_seed456_early_stop.pkl,1.0,1.0,1.0,1.0,1.0,1.0,1.0,1.0,1.0,1.0,1.0,1.0,1.0,0.14754098360655737,0.11584699453551912,0.11584699453551912,0.10245901639344263,0.10245901639344263,0.14754098360655737,0.14754098360655737,0.14754098360655737,0.2786885245901639,0.4098360655737705,0.5081967213114754,0.5245901639344263,0.14754098360655737
2.1,S2.1_ItoT_3_S1toS2,RandomForest,456,61,61,"{'n_estimators': 100, 'max_depth': 10, 'min_samples_split': 2, 'min_samples_leaf': 1, 'max_features': 'sqrt', 'bootstrap': True}",scenario_results_scenarios_2025-12-21_165745_early_stop/randomforest_S2.1_ItoT_3_S1toS2_2025-12-21_165745_seed456_early_stop.pkl,1.0,1.0,1.0,1.0,1.0,1.0,1.0,1.0,1.0,1.0,1.0,1.0,1.0,0.2459016393442623,0.19234972677595624,0.19234972677595624,0.17076502732240437,0.17076502732240437,0.2459016393442623,0.2459016393442623,0.2459016393442623,0.32786885245901637,0.4098360655737705,0.5081967213114754,0.5409836065573771,0.2459016393442623
2.1,S2.1_ItoF_1_S1toS2,RandomForest,456,61,61,"{'n_estimators': 100, 'max_depth': 10, 'min_samples_split': 2, 'min_samples_leaf': 1, 'max_features': 'sqrt', 'bootstrap': True}",scenario_results_scenarios_2025-12-21_165745_early_stop/randomforest_S2.1_ItoF_1_S1toS2_2025-12-21_165745_seed456_early_stop.pkl,1.0,1.0,1.0,1.0,1.0,1.0,1.0,1.0,1.0,1.0,1.0,1.0,1.0,0.19672131147540983,0.13606557377049178,0.13606557377049178,0.11475409836065574,0.11475409836065574,0.19672131147540983,0.19672131147540983,0.22950819672131148,0.3442622950819672,0.45901639344262296,0.4918032786885246,0.5737704918032787,0.19672131147540983
2.1,S2.1_ItoF_2_S1toS2,RandomForest,456,61,61,"{'n_estimators': 100, 'max_depth': 10, 'min_samples_split': 2, 'min_samples_leaf': 1, 'max_features': 'sqrt', 'bootstrap': True}",scenario_results_scenarios_2025-12-21_165745_early_stop/randomforest_S2.1_ItoF_2_S1toS2_2025-12-21_165745_seed456_early_stop.pkl,1.0,1.0,1.0,1.0,1.0,1.0,1.0,1.0,1.0,1.0,1.0,1.0,1.0,0.22950819672131148,0.1745901639344262,0.1745901639344262,0.15398126463700235,0.15398126463700235,0.22950819672131148,0.22950819672131148,0.2459016393442623,0.39344262295081966,0.5409836065573771,0.6065573770491803,0.639344262295082,0.22950819672131148
2.1,S2.1_ItoF_3_S1toS2,RandomForest,456,61,61,"{'n_estimators': 100, 'max_depth': 10, 'min_samples_split': 2, 'min_samples_leaf': 1, 'max_features': 'sqrt', 'bootstrap': True}",scenario_results_scenarios_2025-12-21_165745_early_stop/randomforest_S2.1_ItoF_3_S1toS2_2025-12-21_165745_seed456_early_stop.pkl,1.0,1.0,1.0,1.0,1.0,1.0,1.0,1.0,1.0,1.0,1.0,1.0,1.0,0.19672131147540983,0.13661202185792348,0.13661202185792348,0.11311475409836066,0.11311475409836066,0.19672131147540983,0.19672131147540983,0.18032786885245902,0.36065573770491804,0.4426229508196721,0.5245901639344263,0.5901639344262295,0.16393442622950818
2.1,S2.1_TtoF_1_S1toS2,RandomForest,456,61,61,"{'n_estimators': 100, 'max_depth': 10, 'min_samples_split': 2, 'min_samples_leaf': 1, 'max_features': 'sqrt', 'bootstrap': True}",scenario_results_scenarios_2025-12-21_165745_early_stop/randomforest_S2.1_TtoF_1_S1toS2_2025-12-21_165745_seed456_early_stop.pkl,1.0,1.0,1.0,1.0,1.0,1.0,1.0,1.0,1.0,1.0,1.0,1.0,1.0,0.09836065573770492,0.058469945355191254,0.058469945355191254,0.04234972677595628,0.04234972677595628,0.09836065573770492,0.09836065573770492,0.09836065573770492,0.3114754098360656,0.3442622950819672,0.4098360655737705,0.47540983606557374,0.08196721311475409
2.1,S2.1_TtoF_2_S1toS2,RandomForest,456,61,61,"{'n_estimators': 100, 'max_depth': 10, 'min_samples_split': 2, 'min_samples_leaf': 1, 'max_features': 'sqrt', 'bootstrap': True}",scenario_results_scenarios_2025-12-21_165745_early_stop/randomforest_S2.1_TtoF_2_S1toS2_2025-12-21_165745_seed456_early_stop.pkl,1.0,1.0,1.0,1.0,1.0,1.0,1.0,1.0,1.0,1.0,1.0,1.0,1.0,0.32786885245901637,0.2647540983606557,0.2647540983606557,0.24141295862607334,0.24141295862607334,0.32786885245901637,0.32786885245901637,0.3442622950819672,0.4426229508196721,0.5081967213114754,0.6065573770491803,0.639344262295082,0.3114754098360656
2.1,S2.1_TtoF_3_S1toS2,RandomForest,456,61,61,"{'n_estimators': 100, 'max_depth': 10, 'min_samples_split': 2, 'min_samples_leaf': 1, 'max_features': 'sqrt', 'bootstrap': True}",scenario_results_scenarios_2025-12-21_165745_early_stop/randomforest_S2.1_TtoF_3_S1toS2_2025-12-21_165745_seed456_early_stop.pkl,1.0,1.0,1.0,1.0,1.0,1.0,1.0,1.0,1.0,1.0,1.0,1.0,1.0,0.18032786885245902,0.12568306010928962,0.12568306010928962,0.10382513661202185,0.10382513661202185,0.18032786885245902,0.18032786885245902,0.18032786885245902,0.45901639344262296,0.5573770491803278,0.639344262295082,0.6721311475409836,0.16393442622950818
2.1,S2.1_TtoI_1_S1toS2,RandomForest,456,61,61,"{'n_estimators': 100, 'max_depth': 10, 'min_samples_split': 2, 'min_samples_leaf': 1, 'max_features': 'sqrt', 'bootstrap': True}",scenario_results_scenarios_2025-12-21_165745_early_stop/randomforest_S2.1_TtoI_1_S1toS2_2025-12-21_165745_seed456_early_stop.pkl,1.0,1.0,1.0,1.0,1.0,1.0,1.0,1.0,1.0,1.0,1.0,1.0,1.0,0.26229508196721313,0.21256830601092896,0.21256830601092896,0.1939890710382514,0.1939890710382514,0.26229508196721313,0.26229508196721313,0.26229508196721313,0.3442622950819672,0.3770491803278688,0.4262295081967213,0.47540983606557374,0.2459016393442623
2.1,S2.1_TtoI_2_S1toS2,RandomForest,456,61,61,"{'n_estimators': 100, 'max_depth': 10, 'min_samples_split': 2, 'min_samples_leaf': 1, 'max_features': 'sqrt', 'bootstrap': True}",scenario_results_scenarios_2025-12-21_165745_early_stop/randomforest_S2.1_TtoI_2_S1toS2_2025-12-21_165745_seed456_early_stop.pkl,1.0,1.0,1.0,1.0,1.0,1.0,1.0,1.0,1.0,1.0,1.0,1.0,1.0,0.21311475409836064,0.15846994535519124,0.15846994535519124,0.1371584699453552,0.1371584699453552,0.21311475409836064,0.21311475409836064,0.21311475409836064,0.4426229508196721,0.5573770491803278,0.6065573770491803,0.6721311475409836,0.19672131147540983
2.1,S2.1_TtoI_3_S1toS2,RandomForest,456,61,61,"{'n_estimators': 100, 'max_depth': 10, 'min_samples_split': 2, 'min_samples_leaf': 1, 'max_features': 'sqrt', 'bootstrap': True}",scenario_results_scenarios_2025-12-21_165745_early_stop/randomforest_S2.1_TtoI_3_S1toS2_2025-12-21_165745_seed456_early_stop.pkl,1.0,1.0,1.0,1.0,1.0,1.0,1.0,1.0,1.0,1.0,1.0,1.0,1.0,0.2459016393442623,0.19508196721311474,0.19508196721311474,0.1762295081967213,0.1762295081967213,0.2459016393442623,0.2459016393442623,0.26229508196721313,0.39344262295081966,0.4918032786885246,0.5573770491803278,0.639344262295082,0.2459016393442623
2.1,S2.1_FtoI_1_S1toS2,XGBoost,456,61,61,"{'n_estimators': 1000, 'max_depth': 4, 'learning_rate': 0.05, 'subsample': 0.8, 'colsample_bytree': 0.8, 'reg_lambda': 1, 'device': 'cuda'}",scenario_results_scenarios_2025-12-21_165745_early_stop/xgboost_S2.1_FtoI_1_S1toS2_2025-12-21_165745_seed456_early_stop.pkl,0.01639344262295082,0.0005288207297726071,0.0005288207297726071,0.0002687449610319807,0.0002687449610319807,0.01639344262295082,0.01639344262295082,0.01639344262295082,0.03278688524590164,0.04918032786885246,0.06557377049180328,0.08196721311475409,0.0,0.01639344262295082,0.0005288207297726071,0.0005288207297726071,0.0002687449610319807,0.0002687449610319807,0.01639344262295082,0.01639344262295082,0.01639344262295082,0.03278688524590164,0.04918032786885246,0.06557377049180328,0.08196721311475409,0.0
2.1,S2.1_FtoI_2_S1toS2,XGBoost,456,61,61,"{'n_estimators': 1000, 'max_depth': 4, 'learning_rate': 0.05, 'subsample': 0.8, 'colsample_bytree': 0.8, 'reg_lambda': 1, 'device': 'cuda'}",scenario_results_scenarios_2025-12-21_165745_early_stop/xgboost_S2.1_FtoI_2_S1toS2_2025-12-21_165745_seed456_early_stop.pkl,0.01639344262295082,0.0005288207297726071,0.0005288207297726071,0.0002687449610319807,0.0002687449610319807,0.01639344262295082,0.01639344262295082,0.01639344262295082,0.03278688524590164,0.04918032786885246,0.06557377049180328,0.08196721311475409,0.0,0.01639344262295082,0.0005288207297726071,0.0005288207297726071,0.0002687449610319807,0.0002687449610319807,0.01639344262295082,0.01639344262295082,0.01639344262295082,0.03278688524590164,0.04918032786885246,0.06557377049180328,0.08196721311475409,0.0
2.1,S2.1_FtoI_3_S1toS2,XGBoost,456,61,61,"{'n_estimators': 1000, 'max_depth': 4, 'learning_rate': 0.05, 'subsample': 0.8, 'colsample_bytree': 0.8, 'reg_lambda': 1, 'device': 'cuda'}",scenario_results_scenarios_2025-12-21_165745_early_stop/xgboost_S2.1_FtoI_3_S1toS2_2025-12-21_165745_seed456_early_stop.pkl,0.01639344262295082,0.0005288207297726071,0.0005288207297726071,0.0002687449610319807,0.0002687449610319807,0.01639344262295082,0.01639344262295082,0.01639344262295082,0.03278688524590164,0.04918032786885246,0.06557377049180328,0.08196721311475409,0.0,0.01639344262295082,0.0005288207297726071,0.0005288207297726071,0.0002687449610319807,0.0002687449610319807,0.01639344262295082,0.01639344262295082,0.01639344262295082,0.03278688524590164,0.04918032786885246,0.06557377049180328,0.08196721311475409,0.0
2.1,S2.1_FtoT_1_S1toS2,XGBoost,456,61,61,"{'n_estimators': 1000, 'max_depth': 4, 'learning_rate': 0.05, 'subsample': 0.8, 'colsample_bytree': 0.8, 'reg_lambda': 1, 'device': 'cuda'}",scenario_results_scenarios_2025-12-21_165745_early_stop/xgboost_S2.1_FtoT_1_S1toS2_2025-12-21_165745_seed456_early_stop.pkl,0.01639344262295082,0.0005288207297726071,0.0005288207297726071,0.0002687449610319807,0.0002687449610319807,0.01639344262295082,0.01639344262295082,0.01639344262295082,0.03278688524590164,0.04918032786885246,0.06557377049180328,0.08196721311475409,0.0,0.01639344262295082,0.0005288207297726071,0.0005288207297726071,0.0002687449610319807,0.0002687449610319807,0.01639344262295082,0.01639344262295082,0.01639344262295082,0.03278688524590164,0.04918032786885246,0.06557377049180328,0.08196721311475409,0.0
2.1,S2.1_FtoT_2_S1toS2,XGBoost,456,61,61,"{'n_estimators': 1000, 'max_depth': 4, 'learning_rate': 0.05, 'subsample': 0.8, 'colsample_bytree': 0.8, 'reg_lambda': 1, 'device': 'cuda'}",scenario_results_scenarios_2025-12-21_165745_early_stop/xgboost_S2.1_FtoT_2_S1toS2_2025-12-21_165745_seed456_early_stop.pkl,0.01639344262295082,0.0005288207297726071,0.0005288207297726071,0.0002687449610319807,0.0002687449610319807,0.01639344262295082,0.01639344262295082,0.01639344262295082,0.03278688524590164,0.04918032786885246,0.06557377049180328,0.08196721311475409,0.0,0.01639344262295082,0.0005288207297726071,0.0005288207297726071,0.0002687449610319807,0.0002687449610319807,0.01639344262295082,0.01639344262295082,0.01639344262295082,0.03278688524590164,0.04918032786885246,0.06557377049180328,0.08196721311475409,0.0
2.1,S2.1_FtoT_3_S1toS2,XGBoost,456,61,61,"{'n_estimators': 1000, 'max_depth': 4, 'learning_rate': 0.05, 'subsample': 0.8, 'colsample_bytree': 0.8, 'reg_lambda': 1, 'device': 'cuda'}",scenario_results_scenarios_2025-12-21_165745_early_stop/xgboost_S2.1_FtoT_3_S1toS2_2025-12-21_165745_seed456_early_stop.pkl,0.01639344262295082,0.0005288207297726071,0.0005288207297726071,0.0002687449610319807,0.0002687449610319807,0.01639344262295082,0.01639344262295082,0.01639344262295082,0.03278688524590164,0.04918032786885246,0.06557377049180328,0.08196721311475409,0.0,0.01639344262295082,0.0005288207297726071,0.0005288207297726071,0.0002687449610319807,0.0002687449610319807,0.01639344262295082,0.01639344262295082,0.01639344262295082,0.03278688524590164,0.04918032786885246,0.06557377049180328,0.08196721311475409,0.0
2.1,S2.1_ItoT_1_S1toS2,XGBoost,456,61,61,"{'n_estimators': 1000, 'max_depth': 4, 'learning_rate': 0.05, 'subsample': 0.8, 'colsample_bytree': 0.8, 'reg_lambda': 1, 'device': 'cuda'}",scenario_results_scenarios_2025-12-21_165745_early_stop/xgboost_S2.1_ItoT_1_S1toS2_2025-12-21_165745_seed456_early_stop.pkl,0.01639344262295082,0.0005288207297726071,0.0005288207297726071,0.0002687449610319807,0.0002687449610319807,0.01639344262295082,0.01639344262295082,0.01639344262295082,0.03278688524590164,0.04918032786885246,0.06557377049180328,0.08196721311475409,0.0,0.01639344262295082,0.0005288207297726071,0.0005288207297726071,0.0002687449610319807,0.0002687449610319807,0.01639344262295082,0.01639344262295082,0.01639344262295082,0.03278688524590164,0.04918032786885246,0.06557377049180328,0.08196721311475409,0.0
2.1,S2.1_ItoT_2_S1toS2,XGBoost,456,61,61,"{'n_estimators': 1000, 'max_depth': 4, 'learning_rate': 0.05, 'subsample': 0.8, 'colsample_bytree': 0.8, 'reg_lambda': 1, 'device': 'cuda'}",scenario_results_scenarios_2025-12-21_165745_early_stop/xgboost_S2.1_ItoT_2_S1toS2_2025-12-21_165745_seed456_early_stop.pkl,0.01639344262295082,0.0005288207297726071,0.0005288207297726071,0.0002687449610319807,0.0002687449610319807,0.01639344262295082,0.01639344262295082,0.01639344262295082,0.03278688524590164,0.04918032786885246,0.06557377049180328,0.08196721311475409,0.0,0.01639344262295082,0.0005288207297726071,0.0005288207297726071,0.0002687449610319807,0.0002687449610319807,0.01639344262295082,0.01639344262295082,0.01639344262295082,0.03278688524590164,0.04918032786885246,0.06557377049180328,0.08196721311475409,0.0
2.1,S2.1_ItoT_3_S1toS2,XGBoost,456,61,61,"{'n_estimators': 1000, 'max_depth': 4, 'learning_rate': 0.05, 'subsample': 0.8, 'colsample_bytree': 0.8, 'reg_lambda': 1, 'device': 'cuda'}",scenario_results_scenarios_2025-12-21_165745_early_stop/xgboost_S2.1_ItoT_3_S1toS2_2025-12-21_165745_seed456_early_stop.pkl,0.01639344262295082,0.0005288207297726071,0.0005288207297726071,0.0002687449610319807,0.0002687449610319807,0.01639344262295082,0.01639344262295082,0.01639344262295082,0.03278688524590164,0.04918032786885246,0.06557377049180328,0.08196721311475409,0.0,0.01639344262295082,0.0005288207297726071,0.0005288207297726071,0.0002687449610319807,0.0002687449610319807,0.01639344262295082,0.01639344262295082,0.01639344262295082,0.03278688524590164,0.04918032786885246,0.06557377049180328,0.08196721311475409,0.0
2.1,S2.1_ItoF_1_S1toS2,XGBoost,456,61,61,"{'n_estimators': 1000, 'max_depth': 4, 'learning_rate': 0.05, 'subsample': 0.8, 'colsample_bytree': 0.8, 'reg_lambda': 1, 'device': 'cuda'}",scenario_results_scenarios_2025-12-21_165745_early_stop/xgboost_S2.1_ItoF_1_S1toS2_2025-12-21_165745_seed456_early_stop.pkl,0.01639344262295082,0.0005288207297726071,0.0005288207297726071,0.0002687449610319807,0.0002687449610319807,0.01639344262295082,0.01639344262295082,0.01639344262295082,0.03278688524590164,0.04918032786885246,0.06557377049180328,0.08196721311475409,0.0,0.01639344262295082,0.0005288207297726071,0.0005288207297726071,0.0002687449610319807,0.0002687449610319807,0.01639344262295082,0.01639344262295082,0.01639344262295082,0.03278688524590164,0.04918032786885246,0.06557377049180328,0.08196721311475409,0.0
2.1,S2.1_ItoF_2_S1toS2,XGBoost,456,61,61,"{'n_estimators': 1000, 'max_depth': 4, 'learning_rate': 0.05, 'subsample': 0.8, 'colsample_bytree': 0.8, 'reg_lambda': 1, 'device': 'cuda'}",scenario_results_scenarios_2025-12-21_165745_early_stop/xgboost_S2.1_ItoF_2_S1toS2_2025-12-21_165745_seed456_early_stop.pkl,0.01639344262295082,0.0005288207297726071,0.0005288207297726071,0.0002687449610319807,0.0002687449610319807,0.01639344262295082,0.01639344262295082,0.01639344262295082,0.03278688524590164,0.04918032786885246,0.06557377049180328,0.08196721311475409,0.0,0.01639344262295082,0.0005288207297726071,0.0005288207297726071,0.0002687449610319807,0.0002687449610319807,0.01639344262295082,0.01639344262295082,0.01639344262295082,0.03278688524590164,0.04918032786885246,0.06557377049180328,0.08196721311475409,0.0
2.1,S2.1_ItoF_3_S1toS2,XGBoost,456,61,61,"{'n_estimators': 1000, 'max_depth': 4, 'learning_rate': 0.05, 'subsample': 0.8, 'colsample_bytree': 0.8, 'reg_lambda': 1, 'device': 'cuda'}",scenario_results_scenarios_2025-12-21_165745_early_stop/xgboost_S2.1_ItoF_3_S1toS2_2025-12-21_165745_seed456_early_stop.pkl,0.01639344262295082,0.0005288207297726071,0.0005288207297726071,0.0002687449610319807,0.0002687449610319807,0.01639344262295082,0.01639344262295082,0.01639344262295082,0.03278688524590164,0.04918032786885246,0.06557377049180328,0.08196721311475409,0.0,0.01639344262295082,0.0005288207297726071,0.0005288207297726071,0.0002687449610319807,0.0002687449610319807,0.01639344262295082,0.01639344262295082,0.01639344262295082,0.03278688524590164,0.04918032786885246,0.06557377049180328,0.08196721311475409,0.0
2.1,S2.1_TtoF_1_S1toS2,XGBoost,456,61,61,"{'n_estimators': 1000, 'max_depth': 4, 'learning_rate': 0.05, 'subsample': 0.8, 'colsample_bytree': 0.8, 'reg_lambda': 1, 'device': 'cuda'}",scenario_results_scenarios_2025-12-21_165745_early_stop/xgboost_S2.1_TtoF_1_S1toS2_2025-12-21_165745_seed456_early_stop.pkl,0.01639344262295082,0.0005288207297726071,0.0005288207297726071,0.0002687449610319807,0.0002687449610319807,0.01639344262295082,0.01639344262295082,0.01639344262295082,0.03278688524590164,0.04918032786885246,0.06557377049180328,0.08196721311475409,0.0,0.01639344262295082,0.0005288207297726071,0.0005288207297726071,0.0002687449610319807,0.0002687449610319807,0.01639344262295082,0.01639344262295082,0.01639344262295082,0.03278688524590164,0.04918032786885246,0.06557377049180328,0.08196721311475409,0.0
2.1,S2.1_TtoF_2_S1toS2,XGBoost,456,61,61,"{'n_estimators': 1000, 'max_depth': 4, 'learning_rate': 0.05, 'subsample': 0.8, 'colsample_bytree': 0.8, 'reg_lambda': 1, 'device': 'cuda'}",scenario_results_scenarios_2025-12-21_165745_early_stop/xgboost_S2.1_TtoF_2_S1toS2_2025-12-21_165745_seed456_early_stop.pkl,0.01639344262295082,0.0005288207297726071,0.0005288207297726071,0.0002687449610319807,0.0002687449610319807,0.01639344262295082,0.01639344262295082,0.01639344262295082,0.03278688524590164,0.04918032786885246,0.06557377049180328,0.08196721311475409,0.0,0.01639344262295082,0.0005288207297726071,0.0005288207297726071,0.0002687449610319807,0.0002687449610319807,0.01639344262295082,0.01639344262295082,0.01639344262295082,0.03278688524590164,0.04918032786885246,0.06557377049180328,0.08196721311475409,0.0
2.1,S2.1_TtoF_3_S1toS2,XGBoost,456,61,61,"{'n_estimators': 1000, 'max_depth': 4, 'learning_rate': 0.05, 'subsample': 0.8, 'colsample_bytree': 0.8, 'reg_lambda': 1, 'device': 'cuda'}",scenario_results_scenarios_2025-12-21_165745_early_stop/xgboost_S2.1_TtoF_3_S1toS2_2025-12-21_165745_seed456_early_stop.pkl,0.01639344262295082,0.0005288207297726071,0.0005288207297726071,0.0002687449610319807,0.0002687449610319807,0.01639344262295082,0.01639344262295082,0.01639344262295082,0.03278688524590164,0.04918032786885246,0.06557377049180328,0.08196721311475409,0.0,0.01639344262295082,0.0005288207297726071,0.0005288207297726071,0.0002687449610319807,0.0002687449610319807,0.01639344262295082,0.01639344262295082,0.01639344262295082,0.03278688524590164,0.04918032786885246,0.06557377049180328,0.08196721311475409,0.0
2.1,S2.1_TtoI_1_S1toS2,XGBoost,456,61,61,"{'n_estimators': 1000, 'max_depth': 4, 'learning_rate': 0.05, 'subsample': 0.8, 'colsample_bytree': 0.8, 'reg_lambda': 1, 'device': 'cuda'}",scenario_results_scenarios_2025-12-21_165745_early_stop/xgboost_S2.1_TtoI_1_S1toS2_2025-12-21_165745_seed456_early_stop.pkl,0.01639344262295082,0.0005288207297726071,0.0005288207297726071,0.0002687449610319807,0.0002687449610319807,0.01639344262295082,0.01639344262295082,0.01639344262295082,0.03278688524590164,0.04918032786885246,0.06557377049180328,0.08196721311475409,0.0,0.01639344262295082,0.0005288207297726071,0.0005288207297726071,0.0002687449610319807,0.0002687449610319807,0.01639344262295082,0.01639344262295082,0.01639344262295082,0.03278688524590164,0.04918032786885246,0.06557377049180328,0.08196721311475409,0.0
2.1,S2.1_TtoI_2_S1toS2,XGBoost,456,61,61,"{'n_estimators': 1000, 'max_depth': 4, 'learning_rate': 0.05, 'subsample': 0.8, 'colsample_bytree': 0.8, 'reg_lambda': 1, 'device': 'cuda'}",scenario_results_scenarios_2025-12-21_165745_early_stop/xgboost_S2.1_TtoI_2_S1toS2_2025-12-21_165745_seed456_early_stop.pkl,0.01639344262295082,0.0005288207297726071,0.0005288207297726071,0.0002687449610319807,0.0002687449610319807,0.01639344262295082,0.01639344262295082,0.01639344262295082,0.03278688524590164,0.04918032786885246,0.06557377049180328,0.08196721311475409,0.0,0.01639344262295082,0.0005288207297726071,0.0005288207297726071,0.0002687449610319807,0.0002687449610319807,0.01639344262295082,0.01639344262295082,0.01639344262295082,0.03278688524590164,0.04918032786885246,0.06557377049180328,0.08196721311475409,0.0
2.1,S2.1_TtoI_3_S1toS2,XGBoost,456,61,61,"{'n_estimators': 1000, 'max_depth': 4, 'learning_rate': 0.05, 'subsample': 0.8, 'colsample_bytree': 0.8, 'reg_lambda': 1, 'device': 'cuda'}",scenario_results_scenarios_2025-12-21_165745_early_stop/xgboost_S2.1_TtoI_3_S1toS2_2025-12-21_165745_seed456_early_stop.pkl,0.01639344262295082,0.0005288207297726071,0.0005288207297726071,0.0002687449610319807,0.0002687449610319807,0.01639344262295082,0.01639344262295082,0.01639344262295082,0.03278688524590164,0.04918032786885246,0.06557377049180328,0.08196721311475409,0.0,0.01639344262295082,0.0005288207297726071,0.0005288207297726071,0.0002687449610319807,0.0002687449610319807,0.01639344262295082,0.01639344262295082,0.01639344262295082,0.03278688524590164,0.04918032786885246,0.06557377049180328,0.08196721311475409,0.0
2.1,S2.1_FtoI_1_S1toS2,CatBoost,456,61,61,"{'iterations': 1000, 'depth': 4, 'learning_rate': 0.05, 'l2_leaf_reg': 1, 'border_count': 32}",scenario_results_scenarios_2025-12-21_165745_early_stop/catboost_S2.1_FtoI_1_S1toS2_2025-12-21_165745_seed456_early_stop.pkl,1.0,1.0,1.0,1.0,1.0,1.0,1.0,1.0,1.0,1.0,1.0,1.0,1.0,0.21311475409836064,0.14785323965651834,0.14785323965651834,0.1243169398907104,0.1243169398907104,0.21311475409836064,0.21311475409836064,0.21311475409836064,0.32786885245901637,0.4262295081967213,0.4426229508196721,0.5245901639344263,0.21311475409836064
2.1,S2.1_FtoI_2_S1toS2,CatBoost,456,61,61,"{'iterations': 1000, 'depth': 4, 'learning_rate': 0.05, 'l2_leaf_reg': 1, 'border_count': 32}",scenario_results_scenarios_2025-12-21_165745_early_stop/catboost_S2.1_FtoI_2_S1toS2_2025-12-21_165745_seed456_early_stop.pkl,1.0,1.0,1.0,1.0,1.0,1.0,1.0,1.0,1.0,1.0,1.0,1.0,1.0,0.39344262295081966,0.30546448087431693,0.30546448087431693,0.26775956284153,0.26775956284153,0.39344262295081966,0.39344262295081966,0.39344262295081966,0.5901639344262295,0.6065573770491803,0.7213114754098361,0.7377049180327869,0.39344262295081966
2.1,S2.1_FtoI_3_S1toS2,CatBoost,456,61,61,"{'iterations': 1000, 'depth': 4, 'learning_rate': 0.05, 'l2_leaf_reg': 1, 'border_count': 32}",scenario_results_scenarios_2025-12-21_165745_early_stop/catboost_S2.1_FtoI_3_S1toS2_2025-12-21_165745_seed456_early_stop.pkl,1.0,1.0,1.0,1.0,1.0,1.0,1.0,1.0,1.0,1.0,1.0,1.0,1.0,0.3442622950819672,0.2699453551912568,0.2699453551912568,0.24098360655737705,0.24098360655737705,0.3442622950819672,0.3442622950819672,0.3442622950819672,0.45901639344262296,0.5081967213114754,0.6229508196721312,0.7049180327868853,0.3442622950819672
2.1,S2.1_FtoT_1_S1toS2,CatBoost,456,61,61,"{'iterations': 1000, 'depth': 4, 'learning_rate': 0.05, 'l2_leaf_reg': 1, 'border_count': 32}",scenario_results_scenarios_2025-12-21_165745_early_stop/catboost_S2.1_FtoT_1_S1toS2_2025-12-21_165745_seed456_early_stop.pkl,1.0,1.0,1.0,1.0,1.0,1.0,1.0,1.0,1.0,1.0,1.0,1.0,1.0,0.26229508196721313,0.18251366120218576,0.18251366120218576,0.15027322404371585,0.15027322404371585,0.26229508196721313,0.26229508196721313,0.26229508196721313,0.4262295081967213,0.4918032786885246,0.5573770491803278,0.5901639344262295,0.26229508196721313
2.1,S2.1_FtoT_2_S1toS2,CatBoost,456,61,61,"{'iterations': 1000, 'depth': 4, 'learning_rate': 0.05, 'l2_leaf_reg': 1, 'border_count': 32}",scenario_results_scenarios_2025-12-21_165745_early_stop/catboost_S2.1_FtoT_2_S1toS2_2025-12-21_165745_seed456_early_stop.pkl,1.0,1.0,1.0,1.0,1.0,1.0,1.0,1.0,1.0,1.0,1.0,1.0,1.0,0.2459016393442623,0.17431693989071037,0.17431693989071037,0.15027322404371585,0.15027322404371585,0.2459016393442623,0.2459016393442623,0.2459016393442623,0.39344262295081966,0.4426229508196721,0.5901639344262295,0.6721311475409836,0.2459016393442623
2.1,S2.1_FtoT_3_S1toS2,CatBoost,456,61,61,"{'iterations': 1000, 'depth': 4, 'learning_rate': 0.05, 'l2_leaf_reg': 1, 'border_count': 32}",scenario_results_scenarios_2025-12-21_165745_early_stop/catboost_S2.1_FtoT_3_S1toS2_2025-12-21_165745_seed456_early_stop.pkl,1.0,1.0,1.0,1.0,1.0,1.0,1.0,1.0,1.0,1.0,1.0,1.0,1.0,0.29508196721311475,0.21256830601092894,0.21256830601092894,0.18032786885245902,0.18032786885245902,0.29508196721311475,0.29508196721311475,0.29508196721311475,0.4918032786885246,0.639344262295082,0.7213114754098361,0.8032786885245902,0.29508196721311475
2.1,S2.1_ItoT_1_S1toS2,CatBoost,456,61,61,"{'iterations': 1000, 'depth': 4, 'learning_rate': 0.05, 'l2_leaf_reg': 1, 'border_count': 32}",scenario_results_scenarios_2025-12-21_165745_early_stop/catboost_S2.1_ItoT_1_S1toS2_2025-12-21_165745_seed456_early_stop.pkl,1.0,1.0,1.0,1.0,1.0,1.0,1.0,1.0,1.0,1.0,1.0,1.0,1.0,0.19672131147540983,0.12185792349726775,0.12185792349726775,0.09562841530054644,0.09562841530054644,0.19672131147540983,0.19672131147540983,0.19672131147540983,0.3770491803278688,0.5245901639344263,0.6065573770491803,0.6721311475409836,0.19672131147540983
2.1,S2.1_ItoT_2_S1toS2,CatBoost,456,61,61,"{'iterations': 1000, 'depth': 4, 'learning_rate': 0.05, 'l2_leaf_reg': 1, 'border_count': 32}",scenario_results_scenarios_2025-12-21_165745_early_stop/catboost_S2.1_ItoT_2_S1toS2_2025-12-21_165745_seed456_early_stop.pkl,1.0,1.0,1.0,1.0,1.0,1.0,1.0,1.0,1.0,1.0,1.0,1.0,1.0,0.29508196721311475,0.2349726775956284,0.2349726775956284,0.2103825136612022,0.2103825136612022,0.29508196721311475,0.29508196721311475,0.29508196721311475,0.4098360655737705,0.5081967213114754,0.6557377049180327,0.7049180327868853,0.29508196721311475
2.1,S2.1_ItoT_3_S1toS2,CatBoost,456,61,61,"{'iterations': 1000, 'depth': 4, 'learning_rate': 0.05, 'l2_leaf_reg': 1, 'border_count': 32}",scenario_results_scenarios_2025-12-21_165745_early_stop/catboost_S2.1_ItoT_3_S1toS2_2025-12-21_165745_seed456_early_stop.pkl,1.0,1.0,1.0,1.0,1.0,1.0,1.0,1.0,1.0,1.0,1.0,1.0,1.0,0.3114754098360656,0.2360655737704918,0.2360655737704918,0.20628415300546446,0.20628415300546446,0.3114754098360656,0.3114754098360656,0.3114754098360656,0.47540983606557374,0.5409836065573771,0.6229508196721312,0.7049180327868853,0.3114754098360656
2.1,S2.1_ItoF_1_S1toS2,CatBoost,456,61,61,"{'iterations': 1000, 'depth': 4, 'learning_rate': 0.05, 'l2_leaf_reg': 1, 'border_count': 32}",scenario_results_scenarios_2025-12-21_165745_early_stop/catboost_S2.1_ItoF_1_S1toS2_2025-12-21_165745_seed456_early_stop.pkl,1.0,1.0,1.0,1.0,1.0,1.0,1.0,1.0,1.0,1.0,1.0,1.0,1.0,0.26229508196721313,0.17790788446526148,0.17790788446526148,0.14945355191256832,0.14945355191256832,0.26229508196721313,0.26229508196721313,0.26229508196721313,0.4262295081967213,0.5409836065573771,0.5901639344262295,0.6557377049180327,0.26229508196721313
2.1,S2.1_ItoF_2_S1toS2,CatBoost,456,61,61,"{'iterations': 1000, 'depth': 4, 'learning_rate': 0.05, 'l2_leaf_reg': 1, 'border_count': 32}",scenario_results_scenarios_2025-12-21_165745_early_stop/catboost_S2.1_ItoF_2_S1toS2_2025-12-21_165745_seed456_early_stop.pkl,1.0,1.0,1.0,1.0,1.0,1.0,1.0,1.0,1.0,1.0,1.0,1.0,1.0,0.3442622950819672,0.28852459016393445,0.28852459016393445,0.27377049180327867,0.27377049180327867,0.3442622950819672,0.3442622950819672,0.3442622950819672,0.5409836065573771,0.6721311475409836,0.7049180327868853,0.7213114754098361,0.3442622950819672
2.1,S2.1_ItoF_3_S1toS2,CatBoost,456,61,61,"{'iterations': 1000, 'depth': 4, 'learning_rate': 0.05, 'l2_leaf_reg': 1, 'border_count': 32}",scenario_results_scenarios_2025-12-21_165745_early_stop/catboost_S2.1_ItoF_3_S1toS2_2025-12-21_165745_seed456_early_stop.pkl,1.0,1.0,1.0,1.0,1.0,1.0,1.0,1.0,1.0,1.0,1.0,1.0,1.0,0.3114754098360656,0.24153005464480873,0.24153005464480873,0.21502732240437158,0.21502732240437158,0.3114754098360656,0.3114754098360656,0.3114754098360656,0.45901639344262296,0.5245901639344263,0.639344262295082,0.6885245901639344,0.3114754098360656
2.1,S2.1_TtoF_1_S1toS2,CatBoost,456,61,61,"{'iterations': 1000, 'depth': 4, 'learning_rate': 0.05, 'l2_leaf_reg': 1, 'border_count': 32}",scenario_results_scenarios_2025-12-21_165745_early_stop/catboost_S2.1_TtoF_1_S1toS2_2025-12-21_165745_seed456_early_stop.pkl,1.0,1.0,1.0,1.0,1.0,1.0,1.0,1.0,1.0,1.0,1.0,1.0,1.0,0.21311475409836064,0.16393442622950818,0.16393442622950818,0.1453551912568306,0.1453551912568306,0.21311475409836064,0.21311475409836064,0.21311475409836064,0.36065573770491804,0.45901639344262296,0.5573770491803278,0.6557377049180327,0.21311475409836064
2.1,S2.1_TtoF_2_S1toS2,CatBoost,456,61,61,"{'iterations': 1000, 'depth': 4, 'learning_rate': 0.05, 'l2_leaf_reg': 1, 'border_count': 32}",scenario_results_scenarios_2025-12-21_165745_early_stop/catboost_S2.1_TtoF_2_S1toS2_2025-12-21_165745_seed456_early_stop.pkl,1.0,1.0,1.0,1.0,1.0,1.0,1.0,1.0,1.0,1.0,1.0,1.0,1.0,0.3770491803278688,0.2907103825136612,0.2907103825136612,0.25601092896174865,0.25601092896174865,0.3770491803278688,0.3770491803278688,0.3770491803278688,0.47540983606557374,0.5573770491803278,0.6065573770491803,0.7049180327868853,0.3770491803278688
2.1,S2.1_TtoF_3_S1toS2,CatBoost,456,61,61,"{'iterations': 1000, 'depth': 4, 'learning_rate': 0.05, 'l2_leaf_reg': 1, 'border_count': 32}",scenario_results_scenarios_2025-12-21_165745_early_stop/catboost_S2.1_TtoF_3_S1toS2_2025-12-21_165745_seed456_early_stop.pkl,1.0,1.0,1.0,1.0,1.0,1.0,1.0,1.0,1.0,1.0,1.0,1.0,1.0,0.32786885245901637,0.260655737704918,0.260655737704918,0.23688524590163937,0.23688524590163937,0.32786885245901637,0.32786885245901637,0.32786885245901637,0.5081967213114754,0.6557377049180327,0.7213114754098361,0.7540983606557377,0.32786885245901637
2.1,S2.1_TtoI_1_S1toS2,CatBoost,456,61,61,"{'iterations': 1000, 'depth': 4, 'learning_rate': 0.05, 'l2_leaf_reg': 1, 'border_count': 32}",scenario_results_scenarios_2025-12-21_165745_early_stop/catboost_S2.1_TtoI_1_S1toS2_2025-12-21_165745_seed456_early_stop.pkl,1.0,1.0,1.0,1.0,1.0,1.0,1.0,1.0,1.0,1.0,1.0,1.0,1.0,0.2459016393442623,0.19398907103825136,0.19398907103825136,0.16939890710382513,0.16939890710382513,0.2459016393442623,0.2459016393442623,0.2459016393442623,0.4098360655737705,0.5245901639344263,0.6065573770491803,0.6557377049180327,0.2459016393442623
2.1,S2.1_TtoI_2_S1toS2,CatBoost,456,61,61,"{'iterations': 1000, 'depth': 4, 'learning_rate': 0.05, 'l2_leaf_reg': 1, 'border_count': 32}",scenario_results_scenarios_2025-12-21_165745_early_stop/catboost_S2.1_TtoI_2_S1toS2_2025-12-21_165745_seed456_early_stop.pkl,1.0,1.0,1.0,1.0,1.0,1.0,1.0,1.0,1.0,1.0,1.0,1.0,1.0,0.26229508196721313,0.16939890710382513,0.16939890710382513,0.13497267759562842,0.13497267759562842,0.26229508196721313,0.26229508196721313,0.26229508196721313,0.39344262295081966,0.5573770491803278,0.6065573770491803,0.7213114754098361,0.26229508196721313
2.1,S2.1_TtoI_3_S1toS2,CatBoost,456,61,61,"{'iterations': 1000, 'depth': 4, 'learning_rate': 0.05, 'l2_leaf_reg': 1, 'border_count': 32}",scenario_results_scenarios_2025-12-21_165745_early_stop/catboost_S2.1_TtoI_3_S1toS2_2025-12-21_165745_seed456_early_stop.pkl,1.0,1.0,1.0,1.0,1.0,1.0,1.0,1.0,1.0,1.0,1.0,1.0,1.0,0.36065573770491804,0.3005464480874317,0.3005464480874317,0.27650273224043714,0.27650273224043714,0.36065573770491804,0.36065573770491804,0.36065573770491804,0.5081967213114754,0.639344262295082,0.7377049180327869,0.8032786885245902,0.36065573770491804
2.1,S2.1_FtoI_1_S1toS2,NaiveBayes,456,61,61,"{'priors': None, 'var_smoothing': 1e-09}",scenario_results_scenarios_2025-12-21_165745_early_stop/naivebayes_S2.1_FtoI_1_S1toS2_2025-12-21_165745_seed456_early_stop.pkl,1.0,1.0,1.0,1.0,1.0,1.0,1.0,1.0,1.0,1.0,1.0,1.0,1.0,0.16393442622950818,0.11584699453551914,0.11584699453551914,0.10027322404371584,0.10027322404371584,0.16393442622950818,0.16393442622950818,0.16393442622950818,0.18032786885245902,0.18032786885245902,0.19672131147540983,0.19672131147540983,0.16393442622950818
2.1,S2.1_FtoI_2_S1toS2,NaiveBayes,456,61,61,"{'priors': None, 'var_smoothing': 1e-09}",scenario_results_scenarios_2025-12-21_165745_early_stop/naivebayes_S2.1_FtoI_2_S1toS2_2025-12-21_165745_seed456_early_stop.pkl,1.0,1.0,1.0,1.0,1.0,1.0,1.0,1.0,1.0,1.0,1.0,1.0,1.0,0.19672131147540983,0.12021857923497267,0.12021857923497267,0.0907103825136612,0.0907103825136612,0.19672131147540983,0.19672131147540983,0.19672131147540983,0.21311475409836064,0.22950819672131148,0.22950819672131148,0.2459016393442623,0.19672131147540983
2.1,S2.1_FtoI_3_S1toS2,NaiveBayes,456,61,61,"{'priors': None, 'var_smoothing': 1e-09}",scenario_results_scenarios_2025-12-21_165745_early_stop/naivebayes_S2.1_FtoI_3_S1toS2_2025-12-21_165745_seed456_early_stop.pkl,1.0,1.0,1.0,1.0,1.0,1.0,1.0,1.0,1.0,1.0,1.0,1.0,1.0,0.16393442622950818,0.1249024199843872,0.1249024199843872,0.11202185792349727,0.11202185792349727,0.16393442622950818,0.16393442622950818,0.16393442622950818,0.18032786885245902,0.19672131147540983,0.21311475409836064,0.21311475409836064,0.16393442622950818
2.1,S2.1_FtoT_1_S1toS2,NaiveBayes,456,61,61,"{'priors': None, 'var_smoothing': 1e-09}",scenario_results_scenarios_2025-12-21_165745_early_stop/naivebayes_S2.1_FtoT_1_S1toS2_2025-12-21_165745_seed456_early_stop.pkl,1.0,1.0,1.0,1.0,1.0,1.0,1.0,1.0,1.0,1.0,1.0,1.0,1.0,0.14754098360655737,0.10491803278688525,0.10491803278688525,0.09207650273224043,0.09207650273224043,0.14754098360655737,0.14754098360655737,0.14754098360655737,0.16393442622950818,0.18032786885245902,0.18032786885245902,0.19672131147540983,0.14754098360655737
2.1,S2.1_FtoT_2_S1toS2,NaiveBayes,456,61,61,"{'priors': None, 'var_smoothing': 1e-09}",scenario_results_scenarios_2025-12-21_165745_early_stop/naivebayes_S2.1_FtoT_2_S1toS2_2025-12-21_165745_seed456_early_stop.pkl,1.0,1.0,1.0,1.0,1.0,1.0,1.0,1.0,1.0,1.0,1.0,1.0,1.0,0.18032786885245902,0.12295081967213115,0.12295081967213115,0.09836065573770492,0.09836065573770492,0.18032786885245902,0.18032786885245902,0.18032786885245902,0.19672131147540983,0.21311475409836064,0.21311475409836064,0.21311475409836064,0.18032786885245902
2.1,S2.1_FtoT_3_S1toS2,NaiveBayes,456,61,61,"{'priors': None, 'var_smoothing': 1e-09}",scenario_results_scenarios_2025-12-21_165745_early_stop/naivebayes_S2.1_FtoT_3_S1toS2_2025-12-21_165745_seed456_early_stop.pkl,1.0,1.0,1.0,1.0,1.0,1.0,1.0,1.0,1.0,1.0,1.0,1.0,1.0,0.13114754098360656,0.08118657298985167,0.08118657298985167,0.06612021857923497,0.06612021857923497,0.13114754098360656,0.13114754098360656,0.13114754098360656,0.14754098360655737,0.16393442622950818,0.18032786885245902,0.19672131147540983,0.13114754098360656
2.1,S2.1_ItoT_1_S1toS2,NaiveBayes,456,61,61,"{'priors': None, 'var_smoothing': 1e-09}",scenario_results_scenarios_2025-12-21_165745_early_stop/naivebayes_S2.1_ItoT_1_S1toS2_2025-12-21_165745_seed456_early_stop.pkl,1.0,1.0,1.0,1.0,1.0,1.0,1.0,1.0,1.0,1.0,1.0,1.0,1.0,0.13114754098360656,0.08227946916471507,0.08227946916471507,0.0669398907103825,0.0669398907103825,0.13114754098360656,0.13114754098360656,0.13114754098360656,0.14754098360655737,0.16393442622950818,0.19672131147540983,0.19672131147540983,0.13114754098360656
2.1,S2.1_ItoT_2_S1toS2,NaiveBayes,456,61,61,"{'priors': None, 'var_smoothing': 1e-09}",scenario_results_scenarios_2025-12-21_165745_early_stop/naivebayes_S2.1_ItoT_2_S1toS2_2025-12-21_165745_seed456_early_stop.pkl,1.0,1.0,1.0,1.0,1.0,1.0,1.0,1.0,1.0,1.0,1.0,1.0,1.0,0.16393442622950818,0.11748633879781421,0.11748633879781421,0.10163934426229507,0.10163934426229507,0.16393442622950818,0.16393442622950818,0.16393442622950818,0.18032786885245902,0.19672131147540983,0.19672131147540983,0.21311475409836064,0.16393442622950818
2.1,S2.1_ItoT_3_S1toS2,NaiveBayes,456,61,61,"{'priors': None, 'var_smoothing': 1e-09}",scenario_results_scenarios_2025-12-21_165745_early_stop/naivebayes_S2.1_ItoT_3_S1toS2_2025-12-21_165745_seed456_early_stop.pkl,1.0,1.0,1.0,1.0,1.0,1.0,1.0,1.0,1.0,1.0,1.0,1.0,1.0,0.18032786885245902,0.13934426229508193,0.13934426229508193,0.12021857923497267,0.12021857923497267,0.18032786885245902,0.18032786885245902,0.18032786885245902,0.19672131147540983,0.19672131147540983,0.21311475409836064,0.22950819672131148,0.18032786885245902
2.1,S2.1_ItoF_1_S1toS2,NaiveBayes,456,61,61,"{'priors': None, 'var_smoothing': 1e-09}",scenario_results_scenarios_2025-12-21_165745_early_stop/naivebayes_S2.1_ItoF_1_S1toS2_2025-12-21_165745_seed456_early_stop.pkl,1.0,1.0,1.0,1.0,1.0,1.0,1.0,1.0,1.0,1.0,1.0,1.0,1.0,0.11475409836065574,0.07923497267759562,0.07923497267759562,0.06557377049180328,0.06557377049180328,0.11475409836065574,0.11475409836065574,0.11475409836065574,0.13114754098360656,0.14754098360655737,0.14754098360655737,0.16393442622950818,0.11475409836065574
2.1,S2.1_ItoF_2_S1toS2,NaiveBayes,456,61,61,"{'priors': None, 'var_smoothing': 1e-09}",scenario_results_scenarios_2025-12-21_165745_early_stop/naivebayes_S2.1_ItoF_2_S1toS2_2025-12-21_165745_seed456_early_stop.pkl,1.0,1.0,1.0,1.0,1.0,1.0,1.0,1.0,1.0,1.0,1.0,1.0,1.0,0.16393442622950818,0.10382513661202185,0.10382513661202185,0.08251366120218578,0.08251366120218578,0.16393442622950818,0.16393442622950818,0.16393442622950818,0.18032786885245902,0.19672131147540983,0.19672131147540983,0.21311475409836064,0.16393442622950818
2.1,S2.1_ItoF_3_S1toS2,NaiveBayes,456,61,61,"{'priors': None, 'var_smoothing': 1e-09}",scenario_results_scenarios_2025-12-21_165745_early_stop/naivebayes_S2.1_ItoF_3_S1toS2_2025-12-21_165745_seed456_early_stop.pkl,1.0,1.0,1.0,1.0,1.0,1.0,1.0,1.0,1.0,1.0,1.0,1.0,1.0,0.16393442622950818,0.10109289617486338,0.10109289617486338,0.08032786885245902,0.08032786885245902,0.16393442622950818,0.16393442622950818,0.16393442622950818,0.18032786885245902,0.19672131147540983,0.21311475409836064,0.22950819672131148,0.16393442622950818
2.1,S2.1_TtoF_1_S1toS2,NaiveBayes,456,61,61,"{'priors': None, 'var_smoothing': 1e-09}",scenario_results_scenarios_2025-12-21_165745_early_stop/naivebayes_S2.1_TtoF_1_S1toS2_2025-12-21_165745_seed456_early_stop.pkl,1.0,1.0,1.0,1.0,1.0,1.0,1.0,1.0,1.0,1.0,1.0,1.0,1.0,0.08196721311475409,0.04590163934426229,0.04590163934426229,0.03551912568306011,0.03551912568306011,0.08196721311475409,0.08196721311475409,0.08196721311475409,0.09836065573770492,0.11475409836065574,0.13114754098360656,0.14754098360655737,0.08196721311475409
2.1,S2.1_TtoF_2_S1toS2,NaiveBayes,456,61,61,"{'priors': None, 'var_smoothing': 1e-09}",scenario_results_scenarios_2025-12-21_165745_early_stop/naivebayes_S2.1_TtoF_2_S1toS2_2025-12-21_165745_seed456_early_stop.pkl,1.0,1.0,1.0,1.0,1.0,1.0,1.0,1.0,1.0,1.0,1.0,1.0,1.0,0.14754098360655737,0.11338797814207649,0.11338797814207649,0.10070257611241216,0.10070257611241216,0.14754098360655737,0.14754098360655737,0.14754098360655737,0.14754098360655737,0.16393442622950818,0.18032786885245902,0.19672131147540983,0.14754098360655737
2.1,S2.1_TtoF_3_S1toS2,NaiveBayes,456,61,61,"{'priors': None, 'var_smoothing': 1e-09}",scenario_results_scenarios_2025-12-21_165745_early_stop/naivebayes_S2.1_TtoF_3_S1toS2_2025-12-21_165745_seed456_early_stop.pkl,1.0,1.0,1.0,1.0,1.0,1.0,1.0,1.0,1.0,1.0,1.0,1.0,1.0,0.19672131147540983,0.13114754098360656,0.13114754098360656,0.10655737704918031,0.10655737704918031,0.19672131147540983,0.19672131147540983,0.19672131147540983,0.21311475409836064,0.22950819672131148,0.22950819672131148,0.2459016393442623,0.19672131147540983
2.1,S2.1_TtoI_1_S1toS2,NaiveBayes,456,61,61,"{'priors': None, 'var_smoothing': 1e-09}",scenario_results_scenarios_2025-12-21_165745_early_stop/naivebayes_S2.1_TtoI_1_S1toS2_2025-12-21_165745_seed456_early_stop.pkl,1.0,1.0,1.0,1.0,1.0,1.0,1.0,1.0,1.0,1.0,1.0,1.0,1.0,0.13114754098360656,0.10109289617486339,0.10109289617486339,0.08743169398907104,0.08743169398907104,0.13114754098360656,0.13114754098360656,0.13114754098360656,0.14754098360655737,0.16393442622950818,0.16393442622950818,0.18032786885245902,0.13114754098360656
2.1,S2.1_TtoI_2_S1toS2,NaiveBayes,456,61,61,"{'priors': None, 'var_smoothing': 1e-09}",scenario_results_scenarios_2025-12-21_165745_early_stop/naivebayes_S2.1_TtoI_2_S1toS2_2025-12-21_165745_seed456_early_stop.pkl,1.0,1.0,1.0,1.0,1.0,1.0,1.0,1.0,1.0,1.0,1.0,1.0,1.0,0.22950819672131148,0.16424668227946917,0.16424668227946917,0.1439890710382514,0.1439890710382514,0.22950819672131148,0.22950819672131148,0.22950819672131148,0.2459016393442623,0.26229508196721313,0.29508196721311475,0.29508196721311475,0.22950819672131148
2.1,S2.1_TtoI_3_S1toS2,NaiveBayes,456,61,61,"{'priors': None, 'var_smoothing': 1e-09}",scenario_results_scenarios_2025-12-21_165745_early_stop/naivebayes_S2.1_TtoI_3_S1toS2_2025-12-21_165745_seed456_early_stop.pkl,1.0,1.0,1.0,1.0,1.0,1.0,1.0,1.0,1.0,1.0,1.0,1.0,1.0,0.16393442622950818,0.12295081967213115,0.12295081967213115,0.10655737704918032,0.10655737704918032,0.16393442622950818,0.16393442622950818,0.16393442622950818,0.18032786885245902,0.19672131147540983,0.19672131147540983,0.21311475409836064,0.16393442622950818
2.1,S2.1_FtoI_1_S1toS2,LightGBM,456,61,61,"{'n_estimators': 100, 'max_depth': 6, 'learning_rate': 0.05, 'num_leaves': 31, 'min_child_samples': 20}",scenario_results_scenarios_2025-12-21_165745_early_stop/lightgbm_S2.1_FtoI_1_S1toS2_2025-12-21_165745_seed456_early_stop.pkl,1.0,1.0,1.0,1.0,1.0,1.0,1.0,1.0,1.0,1.0,1.0,1.0,1.0,0.18032786885245902,0.1448087431693989,0.1448087431693989,0.13114754098360656,0.13114754098360656,0.18032786885245902,0.18032786885245902,0.18032786885245902,0.22950819672131148,0.26229508196721313,0.3114754098360656,0.32786885245901637,0.18032786885245902
2.1,S2.1_FtoI_2_S1toS2,LightGBM,456,61,61,"{'n_estimators': 100, 'max_depth': 6, 'learning_rate': 0.05, 'num_leaves': 31, 'min_child_samples': 20}",scenario_results_scenarios_2025-12-21_165745_early_stop/lightgbm_S2.1_FtoI_2_S1toS2_2025-12-21_165745_seed456_early_stop.pkl,1.0,1.0,1.0,1.0,1.0,1.0,1.0,1.0,1.0,1.0,1.0,1.0,1.0,0.19672131147540983,0.133879781420765,0.133879781420765,0.11256830601092896,0.11256830601092896,0.19672131147540983,0.19672131147540983,0.19672131147540983,0.26229508196721313,0.39344262295081966,0.4918032786885246,0.5573770491803278,0.19672131147540983
2.1,S2.1_FtoI_3_S1toS2,LightGBM,456,61,61,"{'n_estimators': 100, 'max_depth': 6, 'learning_rate': 0.05, 'num_leaves': 31, 'min_child_samples': 20}",scenario_results_scenarios_2025-12-21_165745_early_stop/lightgbm_S2.1_FtoI_3_S1toS2_2025-12-21_165745_seed456_early_stop.pkl,1.0,1.0,1.0,1.0,1.0,1.0,1.0,1.0,1.0,1.0,1.0,1.0,1.0,0.16393442622950818,0.13114754098360656,0.13114754098360656,0.1174863387978142,0.1174863387978142,0.16393442622950818,0.16393442622950818,0.16393442622950818,0.36065573770491804,0.45901639344262296,0.4918032786885246,0.5573770491803278,0.16393442622950818
2.1,S2.1_FtoT_1_S1toS2,LightGBM,456,61,61,"{'n_estimators': 100, 'max_depth': 6, 'learning_rate': 0.05, 'num_leaves': 31, 'min_child_samples': 20}",scenario_results_scenarios_2025-12-21_165745_early_stop/lightgbm_S2.1_FtoT_1_S1toS2_2025-12-21_165745_seed456_early_stop.pkl,1.0,1.0,1.0,1.0,1.0,1.0,1.0,1.0,1.0,1.0,1.0,1.0,1.0,0.14754098360655737,0.11420765027322405,0.11420765027322405,0.10382513661202185,0.10382513661202185,0.14754098360655737,0.14754098360655737,0.14754098360655737,0.26229508196721313,0.3442622950819672,0.4098360655737705,0.4918032786885246,0.14754098360655737
2.1,S2.1_FtoT_2_S1toS2,LightGBM,456,61,61,"{'n_estimators': 100, 'max_depth': 6, 'learning_rate': 0.05, 'num_leaves': 31, 'min_child_samples': 20}",scenario_results_scenarios_2025-12-21_165745_early_stop/lightgbm_S2.1_FtoT_2_S1toS2_2025-12-21_165745_seed456_early_stop.pkl,1.0,1.0,1.0,1.0,1.0,1.0,1.0,1.0,1.0,1.0,1.0,1.0,1.0,0.19672131147540983,0.1366120218579235,0.1366120218579235,0.11202185792349725,0.11202185792349725,0.19672131147540983,0.19672131147540983,0.19672131147540983,0.22950819672131148,0.29508196721311475,0.3442622950819672,0.4262295081967213,0.19672131147540983
2.1,S2.1_FtoT_3_S1toS2,LightGBM,456,61,61,"{'n_estimators': 100, 'max_depth': 6, 'learning_rate': 0.05, 'num_leaves': 31, 'min_child_samples': 20}",scenario_results_scenarios_2025-12-21_165745_early_stop/lightgbm_S2.1_FtoT_3_S1toS2_2025-12-21_165745_seed456_early_stop.pkl,1.0,1.0,1.0,1.0,1.0,1.0,1.0,1.0,1.0,1.0,1.0,1.0,1.0,0.16393442622950818,0.12677595628415303,0.12677595628415303,0.11065573770491803,0.11065573770491803,0.16393442622950818,0.16393442622950818,0.16393442622950818,0.2786885245901639,0.32786885245901637,0.3770491803278688,0.47540983606557374,0.16393442622950818
2.1,S2.1_ItoT_1_S1toS2,LightGBM,456,61,61,"{'n_estimators': 100, 'max_depth': 6, 'learning_rate': 0.05, 'num_leaves': 31, 'min_child_samples': 20}",scenario_results_scenarios_2025-12-21_165745_early_stop/lightgbm_S2.1_ItoT_1_S1toS2_2025-12-21_165745_seed456_early_stop.pkl,1.0,1.0,1.0,1.0,1.0,1.0,1.0,1.0,1.0,1.0,1.0,1.0,1.0,0.11475409836065574,0.0901639344262295,0.0901639344262295,0.08251366120218578,0.08251366120218578,0.11475409836065574,0.11475409836065574,0.11475409836065574,0.21311475409836064,0.21311475409836064,0.29508196721311475,0.3442622950819672,0.11475409836065574
2.1,S2.1_ItoT_2_S1toS2,LightGBM,456,61,61,"{'n_estimators': 100, 'max_depth': 6, 'learning_rate': 0.05, 'num_leaves': 31, 'min_child_samples': 20}",scenario_results_scenarios_2025-12-21_165745_early_stop/lightgbm_S2.1_ItoT_2_S1toS2_2025-12-21_165745_seed456_early_stop.pkl,1.0,1.0,1.0,1.0,1.0,1.0,1.0,1.0,1.0,1.0,1.0,1.0,1.0,0.08196721311475409,0.04590163934426229,0.04590163934426229,0.03278688524590164,0.03278688524590164,0.08196721311475409,0.08196721311475409,0.08196721311475409,0.19672131147540983,0.2459016393442623,0.32786885245901637,0.3770491803278688,0.08196721311475409
2.1,S2.1_ItoT_3_S1toS2,LightGBM,456,61,61,"{'n_estimators': 100, 'max_depth': 6, 'learning_rate': 0.05, 'num_leaves': 31, 'min_child_samples': 20}",scenario_results_scenarios_2025-12-21_165745_early_stop/lightgbm_S2.1_ItoT_3_S1toS2_2025-12-21_165745_seed456_early_stop.pkl,1.0,1.0,1.0,1.0,1.0,1.0,1.0,1.0,1.0,1.0,1.0,1.0,1.0,0.18032786885245902,0.13224043715846995,0.13224043715846995,0.11338797814207649,0.11338797814207649,0.18032786885245902,0.18032786885245902,0.18032786885245902,0.2786885245901639,0.32786885245901637,0.39344262295081966,0.47540983606557374,0.18032786885245902
2.1,S2.1_ItoF_1_S1toS2,LightGBM,456,61,61,"{'n_estimators': 100, 'max_depth': 6, 'learning_rate': 0.05, 'num_leaves': 31, 'min_child_samples': 20}",scenario_results_scenarios_2025-12-21_165745_early_stop/lightgbm_S2.1_ItoF_1_S1toS2_2025-12-21_165745_seed456_early_stop.pkl,1.0,1.0,1.0,1.0,1.0,1.0,1.0,1.0,1.0,1.0,1.0,1.0,1.0,0.11475409836065574,0.07868852459016393,0.07868852459016393,0.06885245901639345,0.06885245901639345,0.11475409836065574,0.11475409836065574,0.11475409836065574,0.16393442622950818,0.26229508196721313,0.3442622950819672,0.4098360655737705,0.11475409836065574
2.1,S2.1_ItoF_2_S1toS2,LightGBM,456,61,61,"{'n_estimators': 100, 'max_depth': 6, 'learning_rate': 0.05, 'num_leaves': 31, 'min_child_samples': 20}",scenario_results_scenarios_2025-12-21_165745_early_stop/lightgbm_S2.1_ItoF_2_S1toS2_2025-12-21_165745_seed456_early_stop.pkl,1.0,1.0,1.0,1.0,1.0,1.0,1.0,1.0,1.0,1.0,1.0,1.0,1.0,0.2786885245901639,0.24316939890710382,0.24316939890710382,0.23005464480874316,0.23005464480874316,0.2786885245901639,0.2786885245901639,0.2786885245901639,0.3114754098360656,0.4262295081967213,0.47540983606557374,0.5409836065573771,0.2786885245901639
2.1,S2.1_ItoF_3_S1toS2,LightGBM,456,61,61,"{'n_estimators': 100, 'max_depth': 6, 'learning_rate': 0.05, 'num_leaves': 31, 'min_child_samples': 20}",scenario_results_scenarios_2025-12-21_165745_early_stop/lightgbm_S2.1_ItoF_3_S1toS2_2025-12-21_165745_seed456_early_stop.pkl,1.0,1.0,1.0,1.0,1.0,1.0,1.0,1.0,1.0,1.0,1.0,1.0,1.0,0.19672131147540983,0.14754098360655737,0.14754098360655737,0.13169398907103824,0.13169398907103824,0.19672131147540983,0.19672131147540983,0.19672131147540983,0.3114754098360656,0.4262295081967213,0.45901639344262296,0.4918032786885246,0.19672131147540983
2.1,S2.1_TtoF_1_S1toS2,LightGBM,456,61,61,"{'n_estimators': 100, 'max_depth': 6, 'learning_rate': 0.05, 'num_leaves': 31, 'min_child_samples': 20}",scenario_results_scenarios_2025-12-21_165745_early_stop/lightgbm_S2.1_TtoF_1_S1toS2_2025-12-21_165745_seed456_early_stop.pkl,1.0,1.0,1.0,1.0,1.0,1.0,1.0,1.0,1.0,1.0,1.0,1.0,1.0,0.08196721311475409,0.058469945355191254,0.058469945355191254,0.05054644808743169,0.05054644808743169,0.08196721311475409,0.08196721311475409,0.08196721311475409,0.21311475409836064,0.2786885245901639,0.32786885245901637,0.36065573770491804,0.08196721311475409
2.1,S2.1_TtoF_2_S1toS2,LightGBM,456,61,61,"{'n_estimators': 100, 'max_depth': 6, 'learning_rate': 0.05, 'num_leaves': 31, 'min_child_samples': 20}",scenario_results_scenarios_2025-12-21_165745_early_stop/lightgbm_S2.1_TtoF_2_S1toS2_2025-12-21_165745_seed456_early_stop.pkl,1.0,1.0,1.0,1.0,1.0,1.0,1.0,1.0,1.0,1.0,1.0,1.0,1.0,0.14754098360655737,0.087743950039032,0.087743950039032,0.07021857923497267,0.07021857923497267,0.14754098360655737,0.14754098360655737,0.14754098360655737,0.2459016393442623,0.32786885245901637,0.39344262295081966,0.47540983606557374,0.14754098360655737
2.1,S2.1_TtoF_3_S1toS2,LightGBM,456,61,61,"{'n_estimators': 100, 'max_depth': 6, 'learning_rate': 0.05, 'num_leaves': 31, 'min_child_samples': 20}",scenario_results_scenarios_2025-12-21_165745_early_stop/lightgbm_S2.1_TtoF_3_S1toS2_2025-12-21_165745_seed456_early_stop.pkl,1.0,1.0,1.0,1.0,1.0,1.0,1.0,1.0,1.0,1.0,1.0,1.0,1.0,0.18032786885245902,0.14480874316939893,0.14480874316939893,0.13169398907103824,0.13169398907103824,0.18032786885245902,0.18032786885245902,0.18032786885245902,0.29508196721311475,0.3770491803278688,0.45901639344262296,0.5573770491803278,0.18032786885245902
2.1,S2.1_TtoI_1_S1toS2,LightGBM,456,61,61,"{'n_estimators': 100, 'max_depth': 6, 'learning_rate': 0.05, 'num_leaves': 31, 'min_child_samples': 20}",scenario_results_scenarios_2025-12-21_165745_early_stop/lightgbm_S2.1_TtoI_1_S1toS2_2025-12-21_165745_seed456_early_stop.pkl,1.0,1.0,1.0,1.0,1.0,1.0,1.0,1.0,1.0,1.0,1.0,1.0,1.0,0.18032786885245902,0.15846994535519124,0.15846994535519124,0.14754098360655737,0.14754098360655737,0.18032786885245902,0.18032786885245902,0.18032786885245902,0.26229508196721313,0.32786885245901637,0.4098360655737705,0.4426229508196721,0.18032786885245902
2.1,S2.1_TtoI_2_S1toS2,LightGBM,456,61,61,"{'n_estimators': 100, 'max_depth': 6, 'learning_rate': 0.05, 'num_leaves': 31, 'min_child_samples': 20}",scenario_results_scenarios_2025-12-21_165745_early_stop/lightgbm_S2.1_TtoI_2_S1toS2_2025-12-21_165745_seed456_early_stop.pkl,1.0,1.0,1.0,1.0,1.0,1.0,1.0,1.0,1.0,1.0,1.0,1.0,1.0,0.08196721311475409,0.058469945355191254,0.058469945355191254,0.05054644808743169,0.05054644808743169,0.08196721311475409,0.08196721311475409,0.08196721311475409,0.21311475409836064,0.3442622950819672,0.3770491803278688,0.4426229508196721,0.08196721311475409
2.1,S2.1_TtoI_3_S1toS2,LightGBM,456,61,61,"{'n_estimators': 100, 'max_depth': 6, 'learning_rate': 0.05, 'num_leaves': 31, 'min_child_samples': 20}",scenario_results_scenarios_2025-12-21_165745_early_stop/lightgbm_S2.1_TtoI_3_S1toS2_2025-12-21_165745_seed456_early_stop.pkl,1.0,1.0,1.0,1.0,1.0,1.0,1.0,1.0,1.0,1.0,1.0,1.0,1.0,0.13114754098360656,0.11038251366120219,0.11038251366120219,0.10245901639344263,0.10245901639344263,0.13114754098360656,0.13114754098360656,0.13114754098360656,0.32786885245901637,0.39344262295081966,0.4426229508196721,0.5081967213114754,0.13114754098360656
2.1,S2.1_FtoI_1_S1toS2,ExtraTrees,456,61,61,"{'n_estimators': 100, 'max_depth': 10, 'min_samples_split': 2, 'min_samples_leaf': 1, 'max_features': 'sqrt', 'bootstrap': False, 'criterion': 'gini'}",scenario_results_scenarios_2025-12-21_165745_early_stop/extratrees_S2.1_FtoI_1_S1toS2_2025-12-21_165745_seed456_early_stop.pkl,1.0,1.0,1.0,1.0,1.0,1.0,1.0,1.0,1.0,1.0,1.0,1.0,1.0,0.21311475409836064,0.15956284153005462,0.15956284153005462,0.1412568306010929,0.1412568306010929,0.21311475409836064,0.21311475409836064,0.18032786885245902,0.36065573770491804,0.5081967213114754,0.5573770491803278,0.5737704918032787,0.14754098360655737
2.1,S2.1_FtoI_2_S1toS2,ExtraTrees,456,61,61,"{'n_estimators': 100, 'max_depth': 10, 'min_samples_split': 2, 'min_samples_leaf': 1, 'max_features': 'sqrt', 'bootstrap': False, 'criterion': 'gini'}",scenario_results_scenarios_2025-12-21_165745_early_stop/extratrees_S2.1_FtoI_2_S1toS2_2025-12-21_165745_seed456_early_stop.pkl,1.0,1.0,1.0,1.0,1.0,1.0,1.0,1.0,1.0,1.0,1.0,1.0,1.0,0.3442622950819672,0.2825136612021858,0.2825136612021858,0.2609289617486339,0.2609289617486339,0.3442622950819672,0.3442622950819672,0.36065573770491804,0.5409836065573771,0.7213114754098361,0.7540983606557377,0.7868852459016393,0.3442622950819672
2.1,S2.1_FtoI_3_S1toS2,ExtraTrees,456,61,61,"{'n_estimators': 100, 'max_depth': 10, 'min_samples_split': 2, 'min_samples_leaf': 1, 'max_features': 'sqrt', 'bootstrap': False, 'criterion': 'gini'}",scenario_results_scenarios_2025-12-21_165745_early_stop/extratrees_S2.1_FtoI_3_S1toS2_2025-12-21_165745_seed456_early_stop.pkl,1.0,1.0,1.0,1.0,1.0,1.0,1.0,1.0,1.0,1.0,1.0,1.0,1.0,0.45901639344262296,0.4,0.4,0.37896174863387977,0.37896174863387977,0.45901639344262296,0.45901639344262296,0.4262295081967213,0.5409836065573771,0.5737704918032787,0.639344262295082,0.6721311475409836,0.4262295081967213
2.1,S2.1_FtoT_1_S1toS2,ExtraTrees,456,61,61,"{'n_estimators': 100, 'max_depth': 10, 'min_samples_split': 2, 'min_samples_leaf': 1, 'max_features': 'sqrt', 'bootstrap': False, 'criterion': 'gini'}",scenario_results_scenarios_2025-12-21_165745_early_stop/extratrees_S2.1_FtoT_1_S1toS2_2025-12-21_165745_seed456_early_stop.pkl,1.0,1.0,1.0,1.0,1.0,1.0,1.0,1.0,1.0,1.0,1.0,1.0,1.0,0.21311475409836064,0.17759562841530052,0.17759562841530052,0.1612021857923497,0.1612021857923497,0.21311475409836064,0.21311475409836064,0.21311475409836064,0.4426229508196721,0.5081967213114754,0.6065573770491803,0.7213114754098361,0.19672131147540983
2.1,S2.1_FtoT_2_S1toS2,ExtraTrees,456,61,61,"{'n_estimators': 100, 'max_depth': 10, 'min_samples_split': 2, 'min_samples_leaf': 1, 'max_features': 'sqrt', 'bootstrap': False, 'criterion': 'gini'}",scenario_results_scenarios_2025-12-21_165745_early_stop/extratrees_S2.1_FtoT_2_S1toS2_2025-12-21_165745_seed456_early_stop.pkl,1.0,1.0,1.0,1.0,1.0,1.0,1.0,1.0,1.0,1.0,1.0,1.0,1.0,0.2459016393442623,0.1786885245901639,0.1786885245901639,0.15163934426229508,0.15163934426229508,0.2459016393442623,0.2459016393442623,0.2459016393442623,0.47540983606557374,0.5573770491803278,0.6229508196721312,0.6721311475409836,0.22950819672131148
2.1,S2.1_FtoT_3_S1toS2,ExtraTrees,456,61,61,"{'n_estimators': 100, 'max_depth': 10, 'min_samples_split': 2, 'min_samples_leaf': 1, 'max_features': 'sqrt', 'bootstrap': False, 'criterion': 'gini'}",scenario_results_scenarios_2025-12-21_165745_early_stop/extratrees_S2.1_FtoT_3_S1toS2_2025-12-21_165745_seed456_early_stop.pkl,1.0,1.0,1.0,1.0,1.0,1.0,1.0,1.0,1.0,1.0,1.0,1.0,1.0,0.3114754098360656,0.23224043715846993,0.23224043715846993,0.2,0.2,0.3114754098360656,0.3114754098360656,0.32786885245901637,0.5573770491803278,0.5737704918032787,0.6557377049180327,0.7049180327868853,0.29508196721311475
2.1,S2.1_ItoT_1_S1toS2,ExtraTrees,456,61,61,"{'n_estimators': 100, 'max_depth': 10, 'min_samples_split': 2, 'min_samples_leaf': 1, 'max_features': 'sqrt', 'bootstrap': False, 'criterion': 'gini'}",scenario_results_scenarios_2025-12-21_165745_early_stop/extratrees_S2.1_ItoT_1_S1toS2_2025-12-21_165745_seed456_early_stop.pkl,1.0,1.0,1.0,1.0,1.0,1.0,1.0,1.0,1.0,1.0,1.0,1.0,1.0,0.32786885245901637,0.25191256830601094,0.25191256830601094,0.22267759562841527,0.22267759562841527,0.32786885245901637,0.32786885245901637,0.29508196721311475,0.45901639344262296,0.5245901639344263,0.5737704918032787,0.6229508196721312,0.29508196721311475
2.1,S2.1_ItoT_2_S1toS2,ExtraTrees,456,61,61,"{'n_estimators': 100, 'max_depth': 10, 'min_samples_split': 2, 'min_samples_leaf': 1, 'max_features': 'sqrt', 'bootstrap': False, 'criterion': 'gini'}",scenario_results_scenarios_2025-12-21_165745_early_stop/extratrees_S2.1_ItoT_2_S1toS2_2025-12-21_165745_seed456_early_stop.pkl,1.0,1.0,1.0,1.0,1.0,1.0,1.0,1.0,1.0,1.0,1.0,1.0,1.0,0.32786885245901637,0.2568306010928962,0.2568306010928962,0.226775956284153,0.226775956284153,0.32786885245901637,0.32786885245901637,0.29508196721311475,0.5081967213114754,0.6721311475409836,0.7377049180327869,0.7868852459016393,0.29508196721311475
2.1,S2.1_ItoT_3_S1toS2,ExtraTrees,456,61,61,"{'n_estimators': 100, 'max_depth': 10, 'min_samples_split': 2, 'min_samples_leaf': 1, 'max_features': 'sqrt', 'bootstrap': False, 'criterion': 'gini'}",scenario_results_scenarios_2025-12-21_165745_early_stop/extratrees_S2.1_ItoT_3_S1toS2_2025-12-21_165745_seed456_early_stop.pkl,1.0,1.0,1.0,1.0,1.0,1.0,1.0,1.0,1.0,1.0,1.0,1.0,1.0,0.2786885245901639,0.20491803278688522,0.20491803278688522,0.1726775956284153,0.1726775956284153,0.2786885245901639,0.2786885245901639,0.29508196721311475,0.5081967213114754,0.6065573770491803,0.6229508196721312,0.639344262295082,0.26229508196721313
2.1,S2.1_ItoF_1_S1toS2,ExtraTrees,456,61,61,"{'n_estimators': 100, 'max_depth': 10, 'min_samples_split': 2, 'min_samples_leaf': 1, 'max_features': 'sqrt', 'bootstrap': False, 'criterion': 'gini'}",scenario_results_scenarios_2025-12-21_165745_early_stop/extratrees_S2.1_ItoF_1_S1toS2_2025-12-21_165745_seed456_early_stop.pkl,1.0,1.0,1.0,1.0,1.0,1.0,1.0,1.0,1.0,1.0,1.0,1.0,1.0,0.3114754098360656,0.24972677595628417,0.24972677595628417,0.22540983606557377,0.22540983606557377,0.3114754098360656,0.3114754098360656,0.29508196721311475,0.3770491803278688,0.47540983606557374,0.5901639344262295,0.6065573770491803,0.29508196721311475
2.1,S2.1_ItoF_2_S1toS2,ExtraTrees,456,61,61,"{'n_estimators': 100, 'max_depth': 10, 'min_samples_split': 2, 'min_samples_leaf': 1, 'max_features': 'sqrt', 'bootstrap': False, 'criterion': 'gini'}",scenario_results_scenarios_2025-12-21_165745_early_stop/extratrees_S2.1_ItoF_2_S1toS2_2025-12-21_165745_seed456_early_stop.pkl,1.0,1.0,1.0,1.0,1.0,1.0,1.0,1.0,1.0,1.0,1.0,1.0,1.0,0.36065573770491804,0.28961748633879786,0.28961748633879786,0.2595628415300546,0.2595628415300546,0.36065573770491804,0.36065573770491804,0.3114754098360656,0.47540983606557374,0.5573770491803278,0.6721311475409836,0.7049180327868853,0.29508196721311475
2.1,S2.1_ItoF_3_S1toS2,ExtraTrees,456,61,61,"{'n_estimators': 100, 'max_depth': 10, 'min_samples_split': 2, 'min_samples_leaf': 1, 'max_features': 'sqrt', 'bootstrap': False, 'criterion': 'gini'}",scenario_results_scenarios_2025-12-21_165745_early_stop/extratrees_S2.1_ItoF_3_S1toS2_2025-12-21_165745_seed456_early_stop.pkl,1.0,1.0,1.0,1.0,1.0,1.0,1.0,1.0,1.0,1.0,1.0,1.0,1.0,0.3114754098360656,0.22599531615925056,0.22599531615925056,0.19125683060109291,0.19125683060109291,0.3114754098360656,0.3114754098360656,0.2786885245901639,0.5081967213114754,0.5737704918032787,0.6885245901639344,0.6885245901639344,0.2786885245901639
2.1,S2.1_TtoF_1_S1toS2,ExtraTrees,456,61,61,"{'n_estimators': 100, 'max_depth': 10, 'min_samples_split': 2, 'min_samples_leaf': 1, 'max_features': 'sqrt', 'bootstrap': False, 'criterion': 'gini'}",scenario_results_scenarios_2025-12-21_165745_early_stop/extratrees_S2.1_TtoF_1_S1toS2_2025-12-21_165745_seed456_early_stop.pkl,1.0,1.0,1.0,1.0,1.0,1.0,1.0,1.0,1.0,1.0,1.0,1.0,1.0,0.2459016393442623,0.1912568306010929,0.1912568306010929,0.173224043715847,0.173224043715847,0.2459016393442623,0.2459016393442623,0.2786885245901639,0.4262295081967213,0.5573770491803278,0.6557377049180327,0.7049180327868853,0.2459016393442623
2.1,S2.1_TtoF_2_S1toS2,ExtraTrees,456,61,61,"{'n_estimators': 100, 'max_depth': 10, 'min_samples_split': 2, 'min_samples_leaf': 1, 'max_features': 'sqrt', 'bootstrap': False, 'criterion': 'gini'}",scenario_results_scenarios_2025-12-21_165745_early_stop/extratrees_S2.1_TtoF_2_S1toS2_2025-12-21_165745_seed456_early_stop.pkl,1.0,1.0,1.0,1.0,1.0,1.0,1.0,1.0,1.0,1.0,1.0,1.0,1.0,0.3114754098360656,0.23224043715846993,0.23224043715846993,0.20273224043715848,0.20273224043715848,0.3114754098360656,0.3114754098360656,0.3114754098360656,0.4918032786885246,0.5737704918032787,0.6721311475409836,0.7213114754098361,0.2786885245901639
2.1,S2.1_TtoF_3_S1toS2,ExtraTrees,456,61,61,"{'n_estimators': 100, 'max_depth': 10, 'min_samples_split': 2, 'min_samples_leaf': 1, 'max_features': 'sqrt', 'bootstrap': False, 'criterion': 'gini'}",scenario_results_scenarios_2025-12-21_165745_early_stop/extratrees_S2.1_TtoF_3_S1toS2_2025-12-21_165745_seed456_early_stop.pkl,1.0,1.0,1.0,1.0,1.0,1.0,1.0,1.0,1.0,1.0,1.0,1.0,1.0,0.3770491803278688,0.2852459016393443,0.2852459016393443,0.24726775956284153,0.24726775956284153,0.3770491803278688,0.3770491803278688,0.36065573770491804,0.5573770491803278,0.6721311475409836,0.7377049180327869,0.7704918032786885,0.3442622950819672
2.1,S2.1_TtoI_1_S1toS2,ExtraTrees,456,61,61,"{'n_estimators': 100, 'max_depth': 10, 'min_samples_split': 2, 'min_samples_leaf': 1, 'max_features': 'sqrt', 'bootstrap': False, 'criterion': 'gini'}",scenario_results_scenarios_2025-12-21_165745_early_stop/extratrees_S2.1_TtoI_1_S1toS2_2025-12-21_165745_seed456_early_stop.pkl,1.0,1.0,1.0,1.0,1.0,1.0,1.0,1.0,1.0,1.0,1.0,1.0,1.0,0.2459016393442623,0.19125683060109286,0.19125683060109286,0.16666666666666666,0.16666666666666666,0.2459016393442623,0.2459016393442623,0.22950819672131148,0.4262295081967213,0.5409836065573771,0.5737704918032787,0.6557377049180327,0.22950819672131148
2.1,S2.1_TtoI_2_S1toS2,ExtraTrees,456,61,61,"{'n_estimators': 100, 'max_depth': 10, 'min_samples_split': 2, 'min_samples_leaf': 1, 'max_features': 'sqrt', 'bootstrap': False, 'criterion': 'gini'}",scenario_results_scenarios_2025-12-21_165745_early_stop/extratrees_S2.1_TtoI_2_S1toS2_2025-12-21_165745_seed456_early_stop.pkl,1.0,1.0,1.0,1.0,1.0,1.0,1.0,1.0,1.0,1.0,1.0,1.0,1.0,0.3114754098360656,0.24153005464480876,0.24153005464480876,0.21448087431693988,0.21448087431693988,0.3114754098360656,0.3114754098360656,0.3114754098360656,0.4262295081967213,0.5081967213114754,0.5901639344262295,0.7049180327868853,0.29508196721311475
2.1,S2.1_TtoI_3_S1toS2,ExtraTrees,456,61,61,"{'n_estimators': 100, 'max_depth': 10, 'min_samples_split': 2, 'min_samples_leaf': 1, 'max_features': 'sqrt', 'bootstrap': False, 'criterion': 'gini'}",scenario_results_scenarios_2025-12-21_165745_early_stop/extratrees_S2.1_TtoI_3_S1toS2_2025-12-21_165745_seed456_early_stop.pkl,1.0,1.0,1.0,1.0,1.0,1.0,1.0,1.0,1.0,1.0,1.0,1.0,1.0,0.32786885245901637,0.27704918032786885,0.27704918032786885,0.25546448087431695,0.25546448087431695,0.32786885245901637,0.32786885245901637,0.3442622950819672,0.5409836065573771,0.6229508196721312,0.6721311475409836,0.7049180327868853,0.32786885245901637
2.2,S2.2_FtoI_1_S2toS1,RandomForest,42,61,61,"{'n_estimators': 100, 'max_depth': 10, 'min_samples_split': 2, 'min_samples_leaf': 1, 'max_features': 'sqrt', 'bootstrap': True}",scenario_results_scenarios_2025-12-21_165745_early_stop/randomforest_S2.2_FtoI_1_S2toS1_2025-12-21_165745_seed42_early_stop.pkl,1.0,1.0,1.0,1.0,1.0,1.0,1.0,1.0,1.0,1.0,1.0,1.0,1.0,0.21311475409836064,0.1404371584699453,0.1404371584699453,0.11065573770491802,0.11065573770491802,0.21311475409836064,0.21311475409836064,0.22950819672131148,0.32786885245901637,0.45901639344262296,0.5573770491803278,0.5901639344262295,0.21311475409836064
2.2,S2.2_FtoI_2_S2toS1,RandomForest,42,61,61,"{'n_estimators': 100, 'max_depth': 10, 'min_samples_split': 2, 'min_samples_leaf': 1, 'max_features': 'sqrt', 'bootstrap': True}",scenario_results_scenarios_2025-12-21_165745_early_stop/randomforest_S2.2_FtoI_2_S2toS1_2025-12-21_165745_seed42_early_stop.pkl,1.0,1.0,1.0,1.0,1.0,1.0,1.0,1.0,1.0,1.0,1.0,1.0,1.0,0.3114754098360656,0.2398907103825136,0.2398907103825136,0.21311475409836064,0.21311475409836064,0.3114754098360656,0.3114754098360656,0.2786885245901639,0.45901639344262296,0.5409836065573771,0.5573770491803278,0.5901639344262295,0.2786885245901639
2.2,S2.2_FtoI_3_S2toS1,RandomForest,42,61,61,"{'n_estimators': 100, 'max_depth': 10, 'min_samples_split': 2, 'min_samples_leaf': 1, 'max_features': 'sqrt', 'bootstrap': True}",scenario_results_scenarios_2025-12-21_165745_early_stop/randomforest_S2.2_FtoI_3_S2toS1_2025-12-21_165745_seed42_early_stop.pkl,1.0,1.0,1.0,1.0,1.0,1.0,1.0,1.0,1.0,1.0,1.0,1.0,1.0,0.2786885245901639,0.1918032786885246,0.1918032786885246,0.1598360655737705,0.1598360655737705,0.2786885245901639,0.2786885245901639,0.2786885245901639,0.39344262295081966,0.5081967213114754,0.5573770491803278,0.6229508196721312,0.26229508196721313
2.2,S2.2_FtoT_1_S2toS1,RandomForest,42,61,61,"{'n_estimators': 100, 'max_depth': 10, 'min_samples_split': 2, 'min_samples_leaf': 1, 'max_features': 'sqrt', 'bootstrap': True}",scenario_results_scenarios_2025-12-21_165745_early_stop/randomforest_S2.2_FtoT_1_S2toS1_2025-12-21_165745_seed42_early_stop.pkl,1.0,1.0,1.0,1.0,1.0,1.0,1.0,1.0,1.0,1.0,1.0,1.0,1.0,0.22950819672131148,0.18415300546448085,0.18415300546448085,0.16530054644808742,0.16530054644808742,0.22950819672131148,0.22950819672131148,0.21311475409836064,0.29508196721311475,0.4098360655737705,0.5245901639344263,0.6065573770491803,0.21311475409836064
2.2,S2.2_FtoT_2_S2toS1,RandomForest,42,61,61,"{'n_estimators': 100, 'max_depth': 10, 'min_samples_split': 2, 'min_samples_leaf': 1, 'max_features': 'sqrt', 'bootstrap': True}",scenario_results_scenarios_2025-12-21_165745_early_stop/randomforest_S2.2_FtoT_2_S2toS1_2025-12-21_165745_seed42_early_stop.pkl,1.0,1.0,1.0,1.0,1.0,1.0,1.0,1.0,1.0,1.0,1.0,1.0,1.0,0.3770491803278688,0.29508196721311475,0.29508196721311475,0.2628415300546448,0.2628415300546448,0.3770491803278688,0.3770491803278688,0.36065573770491804,0.4098360655737705,0.47540983606557374,0.5901639344262295,0.639344262295082,0.36065573770491804
2.2,S2.2_FtoT_3_S2toS1,RandomForest,42,61,61,"{'n_estimators': 100, 'max_depth': 10, 'min_samples_split': 2, 'min_samples_leaf': 1, 'max_features': 'sqrt', 'bootstrap': True}",scenario_results_scenarios_2025-12-21_165745_early_stop/randomforest_S2.2_FtoT_3_S2toS1_2025-12-21_165745_seed42_early_stop.pkl,1.0,1.0,1.0,1.0,1.0,1.0,1.0,1.0,1.0,1.0,1.0,1.0,1.0,0.21311475409836064,0.1516783762685402,0.1516783762685402,0.13114754098360656,0.13114754098360656,0.21311475409836064,0.21311475409836064,0.2459016393442623,0.32786885245901637,0.4098360655737705,0.5573770491803278,0.6721311475409836,0.21311475409836064
2.2,S2.2_ItoT_1_S2toS1,RandomForest,42,61,61,"{'n_estimators': 100, 'max_depth': 10, 'min_samples_split': 2, 'min_samples_leaf': 1, 'max_features': 'sqrt', 'bootstrap': True}",scenario_results_scenarios_2025-12-21_165745_early_stop/randomforest_S2.2_ItoT_1_S2toS1_2025-12-21_165745_seed42_early_stop.pkl,1.0,1.0,1.0,1.0,1.0,1.0,1.0,1.0,1.0,1.0,1.0,1.0,1.0,0.16393442622950818,0.1185792349726776,0.1185792349726776,0.09972677595628415,0.09972677595628415,0.16393442622950818,0.16393442622950818,0.18032786885245902,0.3114754098360656,0.4098360655737705,0.5081967213114754,0.5573770491803278,0.16393442622950818
2.2,S2.2_ItoT_2_S2toS1,RandomForest,42,61,61,"{'n_estimators': 100, 'max_depth': 10, 'min_samples_split': 2, 'min_samples_leaf': 1, 'max_features': 'sqrt', 'bootstrap': True}",scenario_results_scenarios_2025-12-21_165745_early_stop/randomforest_S2.2_ItoT_2_S2toS1_2025-12-21_165745_seed42_early_stop.pkl,1.0,1.0,1.0,1.0,1.0,1.0,1.0,1.0,1.0,1.0,1.0,1.0,1.0,0.21311475409836064,0.16502732240437154,0.16502732240437154,0.14617486338797814,0.14617486338797814,0.21311475409836064,0.21311475409836064,0.21311475409836064,0.32786885245901637,0.45901639344262296,0.5901639344262295,0.6065573770491803,0.21311475409836064
2.2,S2.2_ItoT_3_S2toS1,RandomForest,42,61,61,"{'n_estimators': 100, 'max_depth': 10, 'min_samples_split': 2, 'min_samples_leaf': 1, 'max_features': 'sqrt', 'bootstrap': True}",scenario_results_scenarios_2025-12-21_165745_early_stop/randomforest_S2.2_ItoT_3_S2toS1_2025-12-21_165745_seed42_early_stop.pkl,1.0,1.0,1.0,1.0,1.0,1.0,1.0,1.0,1.0,1.0,1.0,1.0,1.0,0.36065573770491804,0.3005464480874317,0.3005464480874317,0.27322404371584696,0.27322404371584696,0.36065573770491804,0.36065573770491804,0.36065573770491804,0.47540983606557374,0.5737704918032787,0.6557377049180327,0.7049180327868853,0.3442622950819672
2.2,S2.2_ItoF_1_S2toS1,RandomForest,42,61,61,"{'n_estimators': 100, 'max_depth': 10, 'min_samples_split': 2, 'min_samples_leaf': 1, 'max_features': 'sqrt', 'bootstrap': True}",scenario_results_scenarios_2025-12-21_165745_early_stop/randomforest_S2.2_ItoF_1_S2toS1_2025-12-21_165745_seed42_early_stop.pkl,1.0,1.0,1.0,1.0,1.0,1.0,1.0,1.0,1.0,1.0,1.0,1.0,1.0,0.21311475409836064,0.15683060109289618,0.15683060109289618,0.13524590163934427,0.13524590163934427,0.21311475409836064,0.21311475409836064,0.22950819672131148,0.32786885245901637,0.4098360655737705,0.4262295081967213,0.45901639344262296,0.21311475409836064
2.2,S2.2_ItoF_2_S2toS1,RandomForest,42,61,61,"{'n_estimators': 100, 'max_depth': 10, 'min_samples_split': 2, 'min_samples_leaf': 1, 'max_features': 'sqrt', 'bootstrap': True}",scenario_results_scenarios_2025-12-21_165745_early_stop/randomforest_S2.2_ItoF_2_S2toS1_2025-12-21_165745_seed42_early_stop.pkl,1.0,1.0,1.0,1.0,1.0,1.0,1.0,1.0,1.0,1.0,1.0,1.0,1.0,0.3114754098360656,0.24316939890710382,0.24316939890710382,0.21038251366120217,0.21038251366120217,0.3114754098360656,0.3114754098360656,0.29508196721311475,0.47540983606557374,0.5737704918032787,0.639344262295082,0.6721311475409836,0.29508196721311475
2.2,S2.2_ItoF_3_S2toS1,RandomForest,42,61,61,"{'n_estimators': 100, 'max_depth': 10, 'min_samples_split': 2, 'min_samples_leaf': 1, 'max_features': 'sqrt', 'bootstrap': True}",scenario_results_scenarios_2025-12-21_165745_early_stop/randomforest_S2.2_ItoF_3_S2toS1_2025-12-21_165745_seed42_early_stop.pkl,1.0,1.0,1.0,1.0,1.0,1.0,1.0,1.0,1.0,1.0,1.0,1.0,1.0,0.29508196721311475,0.2415300546448087,0.2415300546448087,0.2204918032786885,0.2204918032786885,0.29508196721311475,0.29508196721311475,0.29508196721311475,0.5081967213114754,0.5737704918032787,0.6557377049180327,0.6885245901639344,0.2786885245901639
2.2,S2.2_TtoF_1_S2toS1,RandomForest,42,61,61,"{'n_estimators': 100, 'max_depth': 10, 'min_samples_split': 2, 'min_samples_leaf': 1, 'max_features': 'sqrt', 'bootstrap': True}",scenario_results_scenarios_2025-12-21_165745_early_stop/randomforest_S2.2_TtoF_1_S2toS1_2025-12-21_165745_seed42_early_stop.pkl,1.0,1.0,1.0,1.0,1.0,1.0,1.0,1.0,1.0,1.0,1.0,1.0,1.0,0.22950819672131148,0.17431693989071037,0.17431693989071037,0.1557377049180328,0.1557377049180328,0.22950819672131148,0.22950819672131148,0.22950819672131148,0.3442622950819672,0.4262295081967213,0.4918032786885246,0.5573770491803278,0.22950819672131148
2.2,S2.2_TtoF_2_S2toS1,RandomForest,42,61,61,"{'n_estimators': 100, 'max_depth': 10, 'min_samples_split': 2, 'min_samples_leaf': 1, 'max_features': 'sqrt', 'bootstrap': True}",scenario_results_scenarios_2025-12-21_165745_early_stop/randomforest_S2.2_TtoF_2_S2toS1_2025-12-21_165745_seed42_early_stop.pkl,1.0,1.0,1.0,1.0,1.0,1.0,1.0,1.0,1.0,1.0,1.0,1.0,1.0,0.2459016393442623,0.18579234972677594,0.18579234972677594,0.15846994535519124,0.15846994535519124,0.2459016393442623,0.2459016393442623,0.2459016393442623,0.45901639344262296,0.5245901639344263,0.6065573770491803,0.639344262295082,0.22950819672131148
2.2,S2.2_TtoF_3_S2toS1,RandomForest,42,61,61,"{'n_estimators': 100, 'max_depth': 10, 'min_samples_split': 2, 'min_samples_leaf': 1, 'max_features': 'sqrt', 'bootstrap': True}",scenario_results_scenarios_2025-12-21_165745_early_stop/randomforest_S2.2_TtoF_3_S2toS1_2025-12-21_165745_seed42_early_stop.pkl,1.0,1.0,1.0,1.0,1.0,1.0,1.0,1.0,1.0,1.0,1.0,1.0,1.0,0.2786885245901639,0.21038251366120217,0.21038251366120217,0.18306010928961744,0.18306010928961744,0.2786885245901639,0.2786885245901639,0.2786885245901639,0.36065573770491804,0.4426229508196721,0.5409836065573771,0.5737704918032787,0.2786885245901639
2.2,S2.2_TtoI_1_S2toS1,RandomForest,42,61,61,"{'n_estimators': 100, 'max_depth': 10, 'min_samples_split': 2, 'min_samples_leaf': 1, 'max_features': 'sqrt', 'bootstrap': True}",scenario_results_scenarios_2025-12-21_165745_early_stop/randomforest_S2.2_TtoI_1_S2toS1_2025-12-21_165745_seed42_early_stop.pkl,1.0,1.0,1.0,1.0,1.0,1.0,1.0,1.0,1.0,1.0,1.0,1.0,1.0,0.21311475409836064,0.17486338797814208,0.17486338797814208,0.15846994535519124,0.15846994535519124,0.21311475409836064,0.21311475409836064,0.18032786885245902,0.3114754098360656,0.4098360655737705,0.5245901639344263,0.5901639344262295,0.18032786885245902
2.2,S2.2_TtoI_2_S2toS1,RandomForest,42,61,61,"{'n_estimators': 100, 'max_depth': 10, 'min_samples_split': 2, 'min_samples_leaf': 1, 'max_features': 'sqrt', 'bootstrap': True}",scenario_results_scenarios_2025-12-21_165745_early_stop/randomforest_S2.2_TtoI_2_S2toS1_2025-12-21_165745_seed42_early_stop.pkl,1.0,1.0,1.0,1.0,1.0,1.0,1.0,1.0,1.0,1.0,1.0,1.0,1.0,0.22950819672131148,0.17431693989071037,0.17431693989071037,0.15573770491803282,0.15573770491803282,0.22950819672131148,0.22950819672131148,0.22950819672131148,0.4098360655737705,0.5081967213114754,0.5737704918032787,0.639344262295082,0.19672131147540983
2.2,S2.2_TtoI_3_S2toS1,RandomForest,42,61,61,"{'n_estimators': 100, 'max_depth': 10, 'min_samples_split': 2, 'min_samples_leaf': 1, 'max_features': 'sqrt', 'bootstrap': True}",scenario_results_scenarios_2025-12-21_165745_early_stop/randomforest_S2.2_TtoI_3_S2toS1_2025-12-21_165745_seed42_early_stop.pkl,1.0,1.0,1.0,1.0,1.0,1.0,1.0,1.0,1.0,1.0,1.0,1.0,1.0,0.2459016393442623,0.19398907103825136,0.19398907103825136,0.17540983606557375,0.17540983606557375,0.2459016393442623,0.2459016393442623,0.2459016393442623,0.32786885245901637,0.4262295081967213,0.5081967213114754,0.5573770491803278,0.2459016393442623
2.2,S2.2_FtoI_1_S2toS1,XGBoost,42,61,61,"{'n_estimators': 1000, 'max_depth': 4, 'learning_rate': 0.05, 'subsample': 0.8, 'colsample_bytree': 0.8, 'reg_lambda': 1, 'device': 'cuda'}",scenario_results_scenarios_2025-12-21_165745_early_stop/xgboost_S2.2_FtoI_1_S2toS1_2025-12-21_165745_seed42_early_stop.pkl,0.01639344262295082,0.0005288207297726071,0.0005288207297726071,0.0002687449610319807,0.0002687449610319807,0.01639344262295082,0.01639344262295082,0.01639344262295082,0.03278688524590164,0.04918032786885246,0.06557377049180328,0.08196721311475409,0.0,0.01639344262295082,0.0005288207297726071,0.0005288207297726071,0.0002687449610319807,0.0002687449610319807,0.01639344262295082,0.01639344262295082,0.01639344262295082,0.03278688524590164,0.04918032786885246,0.06557377049180328,0.08196721311475409,0.0
2.2,S2.2_FtoI_2_S2toS1,XGBoost,42,61,61,"{'n_estimators': 1000, 'max_depth': 4, 'learning_rate': 0.05, 'subsample': 0.8, 'colsample_bytree': 0.8, 'reg_lambda': 1, 'device': 'cuda'}",scenario_results_scenarios_2025-12-21_165745_early_stop/xgboost_S2.2_FtoI_2_S2toS1_2025-12-21_165745_seed42_early_stop.pkl,0.01639344262295082,0.0005288207297726071,0.0005288207297726071,0.0002687449610319807,0.0002687449610319807,0.01639344262295082,0.01639344262295082,0.01639344262295082,0.03278688524590164,0.04918032786885246,0.06557377049180328,0.08196721311475409,0.0,0.01639344262295082,0.0005288207297726071,0.0005288207297726071,0.0002687449610319807,0.0002687449610319807,0.01639344262295082,0.01639344262295082,0.01639344262295082,0.03278688524590164,0.04918032786885246,0.06557377049180328,0.08196721311475409,0.0
2.2,S2.2_FtoI_3_S2toS1,XGBoost,42,61,61,"{'n_estimators': 1000, 'max_depth': 4, 'learning_rate': 0.05, 'subsample': 0.8, 'colsample_bytree': 0.8, 'reg_lambda': 1, 'device': 'cuda'}",scenario_results_scenarios_2025-12-21_165745_early_stop/xgboost_S2.2_FtoI_3_S2toS1_2025-12-21_165745_seed42_early_stop.pkl,0.01639344262295082,0.0005288207297726071,0.0005288207297726071,0.0002687449610319807,0.0002687449610319807,0.01639344262295082,0.01639344262295082,0.01639344262295082,0.03278688524590164,0.04918032786885246,0.06557377049180328,0.08196721311475409,0.0,0.01639344262295082,0.0005288207297726071,0.0005288207297726071,0.0002687449610319807,0.0002687449610319807,0.01639344262295082,0.01639344262295082,0.01639344262295082,0.03278688524590164,0.04918032786885246,0.06557377049180328,0.08196721311475409,0.0
2.2,S2.2_FtoT_1_S2toS1,XGBoost,42,61,61,"{'n_estimators': 1000, 'max_depth': 4, 'learning_rate': 0.05, 'subsample': 0.8, 'colsample_bytree': 0.8, 'reg_lambda': 1, 'device': 'cuda'}",scenario_results_scenarios_2025-12-21_165745_early_stop/xgboost_S2.2_FtoT_1_S2toS1_2025-12-21_165745_seed42_early_stop.pkl,0.01639344262295082,0.0005288207297726071,0.0005288207297726071,0.0002687449610319807,0.0002687449610319807,0.01639344262295082,0.01639344262295082,0.01639344262295082,0.03278688524590164,0.04918032786885246,0.06557377049180328,0.08196721311475409,0.0,0.01639344262295082,0.0005288207297726071,0.0005288207297726071,0.0002687449610319807,0.0002687449610319807,0.01639344262295082,0.01639344262295082,0.01639344262295082,0.03278688524590164,0.04918032786885246,0.06557377049180328,0.08196721311475409,0.0
2.2,S2.2_FtoT_2_S2toS1,XGBoost,42,61,61,"{'n_estimators': 1000, 'max_depth': 4, 'learning_rate': 0.05, 'subsample': 0.8, 'colsample_bytree': 0.8, 'reg_lambda': 1, 'device': 'cuda'}",scenario_results_scenarios_2025-12-21_165745_early_stop/xgboost_S2.2_FtoT_2_S2toS1_2025-12-21_165745_seed42_early_stop.pkl,0.01639344262295082,0.0005288207297726071,0.0005288207297726071,0.0002687449610319807,0.0002687449610319807,0.01639344262295082,0.01639344262295082,0.01639344262295082,0.03278688524590164,0.04918032786885246,0.06557377049180328,0.08196721311475409,0.0,0.01639344262295082,0.0005288207297726071,0.0005288207297726071,0.0002687449610319807,0.0002687449610319807,0.01639344262295082,0.01639344262295082,0.01639344262295082,0.03278688524590164,0.04918032786885246,0.06557377049180328,0.08196721311475409,0.0
2.2,S2.2_FtoT_3_S2toS1,XGBoost,42,61,61,"{'n_estimators': 1000, 'max_depth': 4, 'learning_rate': 0.05, 'subsample': 0.8, 'colsample_bytree': 0.8, 'reg_lambda': 1, 'device': 'cuda'}",scenario_results_scenarios_2025-12-21_165745_early_stop/xgboost_S2.2_FtoT_3_S2toS1_2025-12-21_165745_seed42_early_stop.pkl,0.01639344262295082,0.0005288207297726071,0.0005288207297726071,0.0002687449610319807,0.0002687449610319807,0.01639344262295082,0.01639344262295082,0.01639344262295082,0.03278688524590164,0.04918032786885246,0.06557377049180328,0.08196721311475409,0.0,0.01639344262295082,0.0005288207297726071,0.0005288207297726071,0.0002687449610319807,0.0002687449610319807,0.01639344262295082,0.01639344262295082,0.01639344262295082,0.03278688524590164,0.04918032786885246,0.06557377049180328,0.08196721311475409,0.0
2.2,S2.2_ItoT_1_S2toS1,XGBoost,42,61,61,"{'n_estimators': 1000, 'max_depth': 4, 'learning_rate': 0.05, 'subsample': 0.8, 'colsample_bytree': 0.8, 'reg_lambda': 1, 'device': 'cuda'}",scenario_results_scenarios_2025-12-21_165745_early_stop/xgboost_S2.2_ItoT_1_S2toS1_2025-12-21_165745_seed42_early_stop.pkl,0.01639344262295082,0.0005288207297726071,0.0005288207297726071,0.0002687449610319807,0.0002687449610319807,0.01639344262295082,0.01639344262295082,0.01639344262295082,0.03278688524590164,0.04918032786885246,0.06557377049180328,0.08196721311475409,0.0,0.01639344262295082,0.0005288207297726071,0.0005288207297726071,0.0002687449610319807,0.0002687449610319807,0.01639344262295082,0.01639344262295082,0.01639344262295082,0.03278688524590164,0.04918032786885246,0.06557377049180328,0.08196721311475409,0.0
2.2,S2.2_ItoT_2_S2toS1,XGBoost,42,61,61,"{'n_estimators': 1000, 'max_depth': 4, 'learning_rate': 0.05, 'subsample': 0.8, 'colsample_bytree': 0.8, 'reg_lambda': 1, 'device': 'cuda'}",scenario_results_scenarios_2025-12-21_165745_early_stop/xgboost_S2.2_ItoT_2_S2toS1_2025-12-21_165745_seed42_early_stop.pkl,0.01639344262295082,0.0005288207297726071,0.0005288207297726071,0.0002687449610319807,0.0002687449610319807,0.01639344262295082,0.01639344262295082,0.01639344262295082,0.03278688524590164,0.04918032786885246,0.06557377049180328,0.08196721311475409,0.0,0.01639344262295082,0.0005288207297726071,0.0005288207297726071,0.0002687449610319807,0.0002687449610319807,0.01639344262295082,0.01639344262295082,0.01639344262295082,0.03278688524590164,0.04918032786885246,0.06557377049180328,0.08196721311475409,0.0
2.2,S2.2_ItoT_3_S2toS1,XGBoost,42,61,61,"{'n_estimators': 1000, 'max_depth': 4, 'learning_rate': 0.05, 'subsample': 0.8, 'colsample_bytree': 0.8, 'reg_lambda': 1, 'device': 'cuda'}",scenario_results_scenarios_2025-12-21_165745_early_stop/xgboost_S2.2_ItoT_3_S2toS1_2025-12-21_165745_seed42_early_stop.pkl,0.01639344262295082,0.0005288207297726071,0.0005288207297726071,0.0002687449610319807,0.0002687449610319807,0.01639344262295082,0.01639344262295082,0.01639344262295082,0.03278688524590164,0.04918032786885246,0.06557377049180328,0.08196721311475409,0.0,0.01639344262295082,0.0005288207297726071,0.0005288207297726071,0.0002687449610319807,0.0002687449610319807,0.01639344262295082,0.01639344262295082,0.01639344262295082,0.03278688524590164,0.04918032786885246,0.06557377049180328,0.08196721311475409,0.0
2.2,S2.2_ItoF_1_S2toS1,XGBoost,42,61,61,"{'n_estimators': 1000, 'max_depth': 4, 'learning_rate': 0.05, 'subsample': 0.8, 'colsample_bytree': 0.8, 'reg_lambda': 1, 'device': 'cuda'}",scenario_results_scenarios_2025-12-21_165745_early_stop/xgboost_S2.2_ItoF_1_S2toS1_2025-12-21_165745_seed42_early_stop.pkl,0.01639344262295082,0.0005288207297726071,0.0005288207297726071,0.0002687449610319807,0.0002687449610319807,0.01639344262295082,0.01639344262295082,0.01639344262295082,0.03278688524590164,0.04918032786885246,0.06557377049180328,0.08196721311475409,0.0,0.01639344262295082,0.0005288207297726071,0.0005288207297726071,0.0002687449610319807,0.0002687449610319807,0.01639344262295082,0.01639344262295082,0.01639344262295082,0.03278688524590164,0.04918032786885246,0.06557377049180328,0.08196721311475409,0.0
2.2,S2.2_ItoF_2_S2toS1,XGBoost,42,61,61,"{'n_estimators': 1000, 'max_depth': 4, 'learning_rate': 0.05, 'subsample': 0.8, 'colsample_bytree': 0.8, 'reg_lambda': 1, 'device': 'cuda'}",scenario_results_scenarios_2025-12-21_165745_early_stop/xgboost_S2.2_ItoF_2_S2toS1_2025-12-21_165745_seed42_early_stop.pkl,0.01639344262295082,0.0005288207297726071,0.0005288207297726071,0.0002687449610319807,0.0002687449610319807,0.01639344262295082,0.01639344262295082,0.01639344262295082,0.03278688524590164,0.04918032786885246,0.06557377049180328,0.08196721311475409,0.0,0.01639344262295082,0.0005288207297726071,0.0005288207297726071,0.0002687449610319807,0.0002687449610319807,0.01639344262295082,0.01639344262295082,0.01639344262295082,0.03278688524590164,0.04918032786885246,0.06557377049180328,0.08196721311475409,0.0
2.2,S2.2_ItoF_3_S2toS1,XGBoost,42,61,61,"{'n_estimators': 1000, 'max_depth': 4, 'learning_rate': 0.05, 'subsample': 0.8, 'colsample_bytree': 0.8, 'reg_lambda': 1, 'device': 'cuda'}",scenario_results_scenarios_2025-12-21_165745_early_stop/xgboost_S2.2_ItoF_3_S2toS1_2025-12-21_165745_seed42_early_stop.pkl,0.01639344262295082,0.0005288207297726071,0.0005288207297726071,0.0002687449610319807,0.0002687449610319807,0.01639344262295082,0.01639344262295082,0.01639344262295082,0.03278688524590164,0.04918032786885246,0.06557377049180328,0.08196721311475409,0.0,0.01639344262295082,0.0005288207297726071,0.0005288207297726071,0.0002687449610319807,0.0002687449610319807,0.01639344262295082,0.01639344262295082,0.01639344262295082,0.03278688524590164,0.04918032786885246,0.06557377049180328,0.08196721311475409,0.0
2.2,S2.2_TtoF_1_S2toS1,XGBoost,42,61,61,"{'n_estimators': 1000, 'max_depth': 4, 'learning_rate': 0.05, 'subsample': 0.8, 'colsample_bytree': 0.8, 'reg_lambda': 1, 'device': 'cuda'}",scenario_results_scenarios_2025-12-21_165745_early_stop/xgboost_S2.2_TtoF_1_S2toS1_2025-12-21_165745_seed42_early_stop.pkl,0.01639344262295082,0.0005288207297726071,0.0005288207297726071,0.0002687449610319807,0.0002687449610319807,0.01639344262295082,0.01639344262295082,0.01639344262295082,0.03278688524590164,0.04918032786885246,0.06557377049180328,0.08196721311475409,0.0,0.01639344262295082,0.0005288207297726071,0.0005288207297726071,0.0002687449610319807,0.0002687449610319807,0.01639344262295082,0.01639344262295082,0.01639344262295082,0.03278688524590164,0.04918032786885246,0.06557377049180328,0.08196721311475409,0.0
2.2,S2.2_TtoF_2_S2toS1,XGBoost,42,61,61,"{'n_estimators': 1000, 'max_depth': 4, 'learning_rate': 0.05, 'subsample': 0.8, 'colsample_bytree': 0.8, 'reg_lambda': 1, 'device': 'cuda'}",scenario_results_scenarios_2025-12-21_165745_early_stop/xgboost_S2.2_TtoF_2_S2toS1_2025-12-21_165745_seed42_early_stop.pkl,0.01639344262295082,0.0005288207297726071,0.0005288207297726071,0.0002687449610319807,0.0002687449610319807,0.01639344262295082,0.01639344262295082,0.01639344262295082,0.03278688524590164,0.04918032786885246,0.06557377049180328,0.08196721311475409,0.0,0.01639344262295082,0.0005288207297726071,0.0005288207297726071,0.0002687449610319807,0.0002687449610319807,0.01639344262295082,0.01639344262295082,0.01639344262295082,0.03278688524590164,0.04918032786885246,0.06557377049180328,0.08196721311475409,0.0
2.2,S2.2_TtoF_3_S2toS1,XGBoost,42,61,61,"{'n_estimators': 1000, 'max_depth': 4, 'learning_rate': 0.05, 'subsample': 0.8, 'colsample_bytree': 0.8, 'reg_lambda': 1, 'device': 'cuda'}",scenario_results_scenarios_2025-12-21_165745_early_stop/xgboost_S2.2_TtoF_3_S2toS1_2025-12-21_165745_seed42_early_stop.pkl,0.01639344262295082,0.0005288207297726071,0.0005288207297726071,0.0002687449610319807,0.0002687449610319807,0.01639344262295082,0.01639344262295082,0.01639344262295082,0.03278688524590164,0.04918032786885246,0.06557377049180328,0.08196721311475409,0.0,0.01639344262295082,0.0005288207297726071,0.0005288207297726071,0.0002687449610319807,0.0002687449610319807,0.01639344262295082,0.01639344262295082,0.01639344262295082,0.03278688524590164,0.04918032786885246,0.06557377049180328,0.08196721311475409,0.0
2.2,S2.2_TtoI_1_S2toS1,XGBoost,42,61,61,"{'n_estimators': 1000, 'max_depth': 4, 'learning_rate': 0.05, 'subsample': 0.8, 'colsample_bytree': 0.8, 'reg_lambda': 1, 'device': 'cuda'}",scenario_results_scenarios_2025-12-21_165745_early_stop/xgboost_S2.2_TtoI_1_S2toS1_2025-12-21_165745_seed42_early_stop.pkl,0.01639344262295082,0.0005288207297726071,0.0005288207297726071,0.0002687449610319807,0.0002687449610319807,0.01639344262295082,0.01639344262295082,0.01639344262295082,0.03278688524590164,0.04918032786885246,0.06557377049180328,0.08196721311475409,0.0,0.01639344262295082,0.0005288207297726071,0.0005288207297726071,0.0002687449610319807,0.0002687449610319807,0.01639344262295082,0.01639344262295082,0.01639344262295082,0.03278688524590164,0.04918032786885246,0.06557377049180328,0.08196721311475409,0.0
2.2,S2.2_TtoI_2_S2toS1,XGBoost,42,61,61,"{'n_estimators': 1000, 'max_depth': 4, 'learning_rate': 0.05, 'subsample': 0.8, 'colsample_bytree': 0.8, 'reg_lambda': 1, 'device': 'cuda'}",scenario_results_scenarios_2025-12-21_165745_early_stop/xgboost_S2.2_TtoI_2_S2toS1_2025-12-21_165745_seed42_early_stop.pkl,0.01639344262295082,0.0005288207297726071,0.0005288207297726071,0.0002687449610319807,0.0002687449610319807,0.01639344262295082,0.01639344262295082,0.01639344262295082,0.03278688524590164,0.04918032786885246,0.06557377049180328,0.08196721311475409,0.0,0.01639344262295082,0.0005288207297726071,0.0005288207297726071,0.0002687449610319807,0.0002687449610319807,0.01639344262295082,0.01639344262295082,0.01639344262295082,0.03278688524590164,0.04918032786885246,0.06557377049180328,0.08196721311475409,0.0
2.2,S2.2_TtoI_3_S2toS1,XGBoost,42,61,61,"{'n_estimators': 1000, 'max_depth': 4, 'learning_rate': 0.05, 'subsample': 0.8, 'colsample_bytree': 0.8, 'reg_lambda': 1, 'device': 'cuda'}",scenario_results_scenarios_2025-12-21_165745_early_stop/xgboost_S2.2_TtoI_3_S2toS1_2025-12-21_165745_seed42_early_stop.pkl,0.01639344262295082,0.0005288207297726071,0.0005288207297726071,0.0002687449610319807,0.0002687449610319807,0.01639344262295082,0.01639344262295082,0.01639344262295082,0.03278688524590164,0.04918032786885246,0.06557377049180328,0.08196721311475409,0.0,0.01639344262295082,0.0005288207297726071,0.0005288207297726071,0.0002687449610319807,0.0002687449610319807,0.01639344262295082,0.01639344262295082,0.01639344262295082,0.03278688524590164,0.04918032786885246,0.06557377049180328,0.08196721311475409,0.0
2.2,S2.2_FtoI_1_S2toS1,CatBoost,42,61,61,"{'iterations': 1000, 'depth': 4, 'learning_rate': 0.05, 'l2_leaf_reg': 1, 'border_count': 32}",scenario_results_scenarios_2025-12-21_165745_early_stop/catboost_S2.2_FtoI_1_S2toS1_2025-12-21_165745_seed42_early_stop.pkl,1.0,1.0,1.0,1.0,1.0,1.0,1.0,1.0,1.0,1.0,1.0,1.0,1.0,0.2786885245901639,0.20710382513661202,0.20710382513661202,0.17759562841530052,0.17759562841530052,0.2786885245901639,0.2786885245901639,0.2786885245901639,0.4262295081967213,0.5409836065573771,0.6721311475409836,0.7049180327868853,0.2786885245901639
2.2,S2.2_FtoI_2_S2toS1,CatBoost,42,61,61,"{'iterations': 1000, 'depth': 4, 'learning_rate': 0.05, 'l2_leaf_reg': 1, 'border_count': 32}",scenario_results_scenarios_2025-12-21_165745_early_stop/catboost_S2.2_FtoI_2_S2toS1_2025-12-21_165745_seed42_early_stop.pkl,1.0,1.0,1.0,1.0,1.0,1.0,1.0,1.0,1.0,1.0,1.0,1.0,1.0,0.3770491803278688,0.30601092896174864,0.30601092896174864,0.27322404371584696,0.27322404371584696,0.3770491803278688,0.3770491803278688,0.3770491803278688,0.5081967213114754,0.639344262295082,0.7213114754098361,0.7377049180327869,0.3770491803278688
2.2,S2.2_FtoI_3_S2toS1,CatBoost,42,61,61,"{'iterations': 1000, 'depth': 4, 'learning_rate': 0.05, 'l2_leaf_reg': 1, 'border_count': 32}",scenario_results_scenarios_2025-12-21_165745_early_stop/catboost_S2.2_FtoI_3_S2toS1_2025-12-21_165745_seed42_early_stop.pkl,1.0,1.0,1.0,1.0,1.0,1.0,1.0,1.0,1.0,1.0,1.0,1.0,1.0,0.26229508196721313,0.20856102003642987,0.20856102003642987,0.19057377049180327,0.19057377049180327,0.26229508196721313,0.26229508196721313,0.26229508196721313,0.4262295081967213,0.5901639344262295,0.639344262295082,0.7213114754098361,0.26229508196721313
2.2,S2.2_FtoT_1_S2toS1,CatBoost,42,61,61,"{'iterations': 1000, 'depth': 4, 'learning_rate': 0.05, 'l2_leaf_reg': 1, 'border_count': 32}",scenario_results_scenarios_2025-12-21_165745_early_stop/catboost_S2.2_FtoT_1_S2toS1_2025-12-21_165745_seed42_early_stop.pkl,1.0,1.0,1.0,1.0,1.0,1.0,1.0,1.0,1.0,1.0,1.0,1.0,1.0,0.22950819672131148,0.1759562841530055,0.1759562841530055,0.1603825136612022,0.1603825136612022,0.22950819672131148,0.22950819672131148,0.22950819672131148,0.45901639344262296,0.5409836065573771,0.639344262295082,0.6885245901639344,0.22950819672131148
2.2,S2.2_FtoT_2_S2toS1,CatBoost,42,61,61,"{'iterations': 1000, 'depth': 4, 'learning_rate': 0.05, 'l2_leaf_reg': 1, 'border_count': 32}",scenario_results_scenarios_2025-12-21_165745_early_stop/catboost_S2.2_FtoT_2_S2toS1_2025-12-21_165745_seed42_early_stop.pkl,1.0,1.0,1.0,1.0,1.0,1.0,1.0,1.0,1.0,1.0,1.0,1.0,1.0,0.3442622950819672,0.26174863387978137,0.26174863387978137,0.22677595628415298,0.22677595628415298,0.3442622950819672,0.3442622950819672,0.3442622950819672,0.5081967213114754,0.639344262295082,0.7377049180327869,0.7704918032786885,0.3442622950819672
2.2,S2.2_FtoT_3_S2toS1,CatBoost,42,61,61,"{'iterations': 1000, 'depth': 4, 'learning_rate': 0.05, 'l2_leaf_reg': 1, 'border_count': 32}",scenario_results_scenarios_2025-12-21_165745_early_stop/catboost_S2.2_FtoT_3_S2toS1_2025-12-21_165745_seed42_early_stop.pkl,1.0,1.0,1.0,1.0,1.0,1.0,1.0,1.0,1.0,1.0,1.0,1.0,1.0,0.36065573770491804,0.2923497267759563,0.2923497267759563,0.26557377049180325,0.26557377049180325,0.36065573770491804,0.36065573770491804,0.36065573770491804,0.5737704918032787,0.639344262295082,0.6885245901639344,0.7213114754098361,0.36065573770491804
2.2,S2.2_ItoT_1_S2toS1,CatBoost,42,61,61,"{'iterations': 1000, 'depth': 4, 'learning_rate': 0.05, 'l2_leaf_reg': 1, 'border_count': 32}",scenario_results_scenarios_2025-12-21_165745_early_stop/catboost_S2.2_ItoT_1_S2toS1_2025-12-21_165745_seed42_early_stop.pkl,1.0,1.0,1.0,1.0,1.0,1.0,1.0,1.0,1.0,1.0,1.0,1.0,1.0,0.21311475409836064,0.16502732240437157,0.16502732240437157,0.14617486338797814,0.14617486338797814,0.21311475409836064,0.21311475409836064,0.21311475409836064,0.32786885245901637,0.4426229508196721,0.5245901639344263,0.5573770491803278,0.21311475409836064
2.2,S2.2_ItoT_2_S2toS1,CatBoost,42,61,61,"{'iterations': 1000, 'depth': 4, 'learning_rate': 0.05, 'l2_leaf_reg': 1, 'border_count': 32}",scenario_results_scenarios_2025-12-21_165745_early_stop/catboost_S2.2_ItoT_2_S2toS1_2025-12-21_165745_seed42_early_stop.pkl,1.0,1.0,1.0,1.0,1.0,1.0,1.0,1.0,1.0,1.0,1.0,1.0,1.0,0.3114754098360656,0.25136612021857924,0.25136612021857924,0.22404371584699456,0.22404371584699456,0.3114754098360656,0.3114754098360656,0.3114754098360656,0.5081967213114754,0.5901639344262295,0.6557377049180327,0.7704918032786885,0.3114754098360656
2.2,S2.2_ItoT_3_S2toS1,CatBoost,42,61,61,"{'iterations': 1000, 'depth': 4, 'learning_rate': 0.05, 'l2_leaf_reg': 1, 'border_count': 32}",scenario_results_scenarios_2025-12-21_165745_early_stop/catboost_S2.2_ItoT_3_S2toS1_2025-12-21_165745_seed42_early_stop.pkl,1.0,1.0,1.0,1.0,1.0,1.0,1.0,1.0,1.0,1.0,1.0,1.0,1.0,0.4262295081967213,0.34972677595628415,0.34972677595628415,0.314207650273224,0.314207650273224,0.4262295081967213,0.4262295081967213,0.4262295081967213,0.5409836065573771,0.6885245901639344,0.7377049180327869,0.8360655737704918,0.4262295081967213
2.2,S2.2_ItoF_1_S2toS1,CatBoost,42,61,61,"{'iterations': 1000, 'depth': 4, 'learning_rate': 0.05, 'l2_leaf_reg': 1, 'border_count': 32}",scenario_results_scenarios_2025-12-21_165745_early_stop/catboost_S2.2_ItoF_1_S2toS1_2025-12-21_165745_seed42_early_stop.pkl,1.0,1.0,1.0,1.0,1.0,1.0,1.0,1.0,1.0,1.0,1.0,1.0,1.0,0.21311475409836064,0.14590163934426228,0.14590163934426228,0.11885245901639342,0.11885245901639342,0.21311475409836064,0.21311475409836064,0.21311475409836064,0.3114754098360656,0.4426229508196721,0.5081967213114754,0.6065573770491803,0.21311475409836064
2.2,S2.2_ItoF_2_S2toS1,CatBoost,42,61,61,"{'iterations': 1000, 'depth': 4, 'learning_rate': 0.05, 'l2_leaf_reg': 1, 'border_count': 32}",scenario_results_scenarios_2025-12-21_165745_early_stop/catboost_S2.2_ItoF_2_S2toS1_2025-12-21_165745_seed42_early_stop.pkl,1.0,1.0,1.0,1.0,1.0,1.0,1.0,1.0,1.0,1.0,1.0,1.0,1.0,0.32786885245901637,0.27322404371584696,0.27322404371584696,0.25136612021857924,0.25136612021857924,0.32786885245901637,0.32786885245901637,0.32786885245901637,0.5245901639344263,0.6885245901639344,0.7377049180327869,0.8032786885245902,0.32786885245901637
2.2,S2.2_ItoF_3_S2toS1,CatBoost,42,61,61,"{'iterations': 1000, 'depth': 4, 'learning_rate': 0.05, 'l2_leaf_reg': 1, 'border_count': 32}",scenario_results_scenarios_2025-12-21_165745_early_stop/catboost_S2.2_ItoF_3_S2toS1_2025-12-21_165745_seed42_early_stop.pkl,1.0,1.0,1.0,1.0,1.0,1.0,1.0,1.0,1.0,1.0,1.0,1.0,1.0,0.3442622950819672,0.2797814207650273,0.2797814207650273,0.25546448087431695,0.25546448087431695,0.3442622950819672,0.3442622950819672,0.3442622950819672,0.47540983606557374,0.6229508196721312,0.6885245901639344,0.7377049180327869,0.3442622950819672
2.2,S2.2_TtoF_1_S2toS1,CatBoost,42,61,61,"{'iterations': 1000, 'depth': 4, 'learning_rate': 0.05, 'l2_leaf_reg': 1, 'border_count': 32}",scenario_results_scenarios_2025-12-21_165745_early_stop/catboost_S2.2_TtoF_1_S2toS1_2025-12-21_165745_seed42_early_stop.pkl,1.0,1.0,1.0,1.0,1.0,1.0,1.0,1.0,1.0,1.0,1.0,1.0,1.0,0.36065573770491804,0.2754098360655738,0.2754098360655738,0.24043715846994534,0.24043715846994534,0.36065573770491804,0.36065573770491804,0.36065573770491804,0.45901639344262296,0.5573770491803278,0.639344262295082,0.7049180327868853,0.36065573770491804
2.2,S2.2_TtoF_2_S2toS1,CatBoost,42,61,61,"{'iterations': 1000, 'depth': 4, 'learning_rate': 0.05, 'l2_leaf_reg': 1, 'border_count': 32}",scenario_results_scenarios_2025-12-21_165745_early_stop/catboost_S2.2_TtoF_2_S2toS1_2025-12-21_165745_seed42_early_stop.pkl,1.0,1.0,1.0,1.0,1.0,1.0,1.0,1.0,1.0,1.0,1.0,1.0,1.0,0.29508196721311475,0.20874316939890708,0.20874316939890708,0.17076502732240437,0.17076502732240437,0.29508196721311475,0.29508196721311475,0.29508196721311475,0.47540983606557374,0.5737704918032787,0.6229508196721312,0.6885245901639344,0.29508196721311475
2.2,S2.2_TtoF_3_S2toS1,CatBoost,42,61,61,"{'iterations': 1000, 'depth': 4, 'learning_rate': 0.05, 'l2_leaf_reg': 1, 'border_count': 32}",scenario_results_scenarios_2025-12-21_165745_early_stop/catboost_S2.2_TtoF_3_S2toS1_2025-12-21_165745_seed42_early_stop.pkl,1.0,1.0,1.0,1.0,1.0,1.0,1.0,1.0,1.0,1.0,1.0,1.0,1.0,0.3114754098360656,0.24972677595628415,0.24972677595628415,0.22540983606557377,0.22540983606557377,0.3114754098360656,0.3114754098360656,0.3114754098360656,0.47540983606557374,0.5737704918032787,0.639344262295082,0.7213114754098361,0.3114754098360656
2.2,S2.2_TtoI_1_S2toS1,CatBoost,42,61,61,"{'iterations': 1000, 'depth': 4, 'learning_rate': 0.05, 'l2_leaf_reg': 1, 'border_count': 32}",scenario_results_scenarios_2025-12-21_165745_early_stop/catboost_S2.2_TtoI_1_S2toS1_2025-12-21_165745_seed42_early_stop.pkl,1.0,1.0,1.0,1.0,1.0,1.0,1.0,1.0,1.0,1.0,1.0,1.0,1.0,0.21311475409836064,0.1612021857923497,0.1612021857923497,0.1426229508196721,0.1426229508196721,0.21311475409836064,0.21311475409836064,0.21311475409836064,0.4098360655737705,0.5901639344262295,0.6229508196721312,0.7213114754098361,0.21311475409836064
2.2,S2.2_TtoI_2_S2toS1,CatBoost,42,61,61,"{'iterations': 1000, 'depth': 4, 'learning_rate': 0.05, 'l2_leaf_reg': 1, 'border_count': 32}",scenario_results_scenarios_2025-12-21_165745_early_stop/catboost_S2.2_TtoI_2_S2toS1_2025-12-21_165745_seed42_early_stop.pkl,1.0,1.0,1.0,1.0,1.0,1.0,1.0,1.0,1.0,1.0,1.0,1.0,1.0,0.32786885245901637,0.2415300546448087,0.2415300546448087,0.20628415300546446,0.20628415300546446,0.32786885245901637,0.32786885245901637,0.32786885245901637,0.4426229508196721,0.4918032786885246,0.6065573770491803,0.6557377049180327,0.32786885245901637
2.2,S2.2_TtoI_3_S2toS1,CatBoost,42,61,61,"{'iterations': 1000, 'depth': 4, 'learning_rate': 0.05, 'l2_leaf_reg': 1, 'border_count': 32}",scenario_results_scenarios_2025-12-21_165745_early_stop/catboost_S2.2_TtoI_3_S2toS1_2025-12-21_165745_seed42_early_stop.pkl,1.0,1.0,1.0,1.0,1.0,1.0,1.0,1.0,1.0,1.0,1.0,1.0,1.0,0.2786885245901639,0.2185792349726776,0.2185792349726776,0.1939890710382514,0.1939890710382514,0.2786885245901639,0.2786885245901639,0.2786885245901639,0.47540983606557374,0.5081967213114754,0.5901639344262295,0.639344262295082,0.2786885245901639
2.2,S2.2_FtoI_1_S2toS1,NaiveBayes,42,61,61,"{'priors': None, 'var_smoothing': 1e-09}",scenario_results_scenarios_2025-12-21_165745_early_stop/naivebayes_S2.2_FtoI_1_S2toS1_2025-12-21_165745_seed42_early_stop.pkl,1.0,1.0,1.0,1.0,1.0,1.0,1.0,1.0,1.0,1.0,1.0,1.0,1.0,0.16393442622950818,0.12021857923497266,0.12021857923497266,0.10765027322404372,0.10765027322404372,0.16393442622950818,0.16393442622950818,0.16393442622950818,0.18032786885245902,0.19672131147540983,0.21311475409836064,0.22950819672131148,0.16393442622950818
2.2,S2.2_FtoI_2_S2toS1,NaiveBayes,42,61,61,"{'priors': None, 'var_smoothing': 1e-09}",scenario_results_scenarios_2025-12-21_165745_early_stop/naivebayes_S2.2_FtoI_2_S2toS1_2025-12-21_165745_seed42_early_stop.pkl,1.0,1.0,1.0,1.0,1.0,1.0,1.0,1.0,1.0,1.0,1.0,1.0,1.0,0.2459016393442623,0.19672131147540983,0.19672131147540983,0.1748633879781421,0.1748633879781421,0.2459016393442623,0.2459016393442623,0.2459016393442623,0.26229508196721313,0.2786885245901639,0.29508196721311475,0.3114754098360656,0.2459016393442623
2.2,S2.2_FtoI_3_S2toS1,NaiveBayes,42,61,61,"{'priors': None, 'var_smoothing': 1e-09}",scenario_results_scenarios_2025-12-21_165745_early_stop/naivebayes_S2.2_FtoI_3_S2toS1_2025-12-21_165745_seed42_early_stop.pkl,1.0,1.0,1.0,1.0,1.0,1.0,1.0,1.0,1.0,1.0,1.0,1.0,1.0,0.14754098360655737,0.08961748633879782,0.08961748633879782,0.0715846994535519,0.0715846994535519,0.14754098360655737,0.14754098360655737,0.14754098360655737,0.16393442622950818,0.18032786885245902,0.21311475409836064,0.21311475409836064,0.14754098360655737
2.2,S2.2_FtoT_1_S2toS1,NaiveBayes,42,61,61,"{'priors': None, 'var_smoothing': 1e-09}",scenario_results_scenarios_2025-12-21_165745_early_stop/naivebayes_S2.2_FtoT_1_S2toS1_2025-12-21_165745_seed42_early_stop.pkl,1.0,1.0,1.0,1.0,1.0,1.0,1.0,1.0,1.0,1.0,1.0,1.0,1.0,0.16393442622950818,0.10601092896174863,0.10601092896174863,0.08469945355191257,0.08469945355191257,0.16393442622950818,0.16393442622950818,0.16393442622950818,0.18032786885245902,0.19672131147540983,0.21311475409836064,0.22950819672131148,0.16393442622950818
2.2,S2.2_FtoT_2_S2toS1,NaiveBayes,42,61,61,"{'priors': None, 'var_smoothing': 1e-09}",scenario_results_scenarios_2025-12-21_165745_early_stop/naivebayes_S2.2_FtoT_2_S2toS1_2025-12-21_165745_seed42_early_stop.pkl,1.0,1.0,1.0,1.0,1.0,1.0,1.0,1.0,1.0,1.0,1.0,1.0,1.0,0.21311475409836064,0.1530054644808743,0.1530054644808743,0.1284153005464481,0.1284153005464481,0.21311475409836064,0.21311475409836064,0.21311475409836064,0.21311475409836064,0.22950819672131148,0.2459016393442623,0.2459016393442623,0.21311475409836064
2.2,S2.2_FtoT_3_S2toS1,NaiveBayes,42,61,61,"{'priors': None, 'var_smoothing': 1e-09}",scenario_results_scenarios_2025-12-21_165745_early_stop/naivebayes_S2.2_FtoT_3_S2toS1_2025-12-21_165745_seed42_early_stop.pkl,1.0,1.0,1.0,1.0,1.0,1.0,1.0,1.0,1.0,1.0,1.0,1.0,1.0,0.14754098360655737,0.08961748633879782,0.08961748633879782,0.07103825136612021,0.07103825136612021,0.14754098360655737,0.14754098360655737,0.14754098360655737,0.16393442622950818,0.18032786885245902,0.18032786885245902,0.19672131147540983,0.14754098360655737
2.2,S2.2_ItoT_1_S2toS1,NaiveBayes,42,61,61,"{'priors': None, 'var_smoothing': 1e-09}",scenario_results_scenarios_2025-12-21_165745_early_stop/naivebayes_S2.2_ItoT_1_S2toS1_2025-12-21_165745_seed42_early_stop.pkl,1.0,1.0,1.0,1.0,1.0,1.0,1.0,1.0,1.0,1.0,1.0,1.0,1.0,0.09836065573770492,0.05846994535519126,0.05846994535519126,0.04890710382513661,0.04890710382513661,0.09836065573770492,0.09836065573770492,0.09836065573770492,0.11475409836065574,0.13114754098360656,0.13114754098360656,0.14754098360655737,0.09836065573770492
2.2,S2.2_ItoT_2_S2toS1,NaiveBayes,42,61,61,"{'priors': None, 'var_smoothing': 1e-09}",scenario_results_scenarios_2025-12-21_165745_early_stop/naivebayes_S2.2_ItoT_2_S2toS1_2025-12-21_165745_seed42_early_stop.pkl,1.0,1.0,1.0,1.0,1.0,1.0,1.0,1.0,1.0,1.0,1.0,1.0,1.0,0.22950819672131148,0.16775956284153004,0.16775956284153004,0.14344262295081966,0.14344262295081966,0.22950819672131148,0.22950819672131148,0.22950819672131148,0.2459016393442623,0.26229508196721313,0.2786885245901639,0.29508196721311475,0.22950819672131148
2.2,S2.2_ItoT_3_S2toS1,NaiveBayes,42,61,61,"{'priors': None, 'var_smoothing': 1e-09}",scenario_results_scenarios_2025-12-21_165745_early_stop/naivebayes_S2.2_ItoT_3_S2toS1_2025-12-21_165745_seed42_early_stop.pkl,1.0,1.0,1.0,1.0,1.0,1.0,1.0,1.0,1.0,1.0,1.0,1.0,1.0,0.21311475409836064,0.1407103825136612,0.1407103825136612,0.11545667447306791,0.11545667447306791,0.21311475409836064,0.21311475409836064,0.21311475409836064,0.22950819672131148,0.2459016393442623,0.2459016393442623,0.26229508196721313,0.21311475409836064
2.2,S2.2_ItoF_1_S2toS1,NaiveBayes,42,61,61,"{'priors': None, 'var_smoothing': 1e-09}",scenario_results_scenarios_2025-12-21_165745_early_stop/naivebayes_S2.2_ItoF_1_S2toS1_2025-12-21_165745_seed42_early_stop.pkl,1.0,1.0,1.0,1.0,1.0,1.0,1.0,1.0,1.0,1.0,1.0,1.0,1.0,0.14754098360655737,0.1092896174863388,0.1092896174863388,0.09289617486338797,0.09289617486338797,0.14754098360655737,0.14754098360655737,0.14754098360655737,0.16393442622950818,0.16393442622950818,0.18032786885245902,0.19672131147540983,0.14754098360655737
2.2,S2.2_ItoF_2_S2toS1,NaiveBayes,42,61,61,"{'priors': None, 'var_smoothing': 1e-09}",scenario_results_scenarios_2025-12-21_165745_early_stop/naivebayes_S2.2_ItoF_2_S2toS1_2025-12-21_165745_seed42_early_stop.pkl,1.0,1.0,1.0,1.0,1.0,1.0,1.0,1.0,1.0,1.0,1.0,1.0,1.0,0.22950819672131148,0.15409836065573768,0.15409836065573768,0.12486338797814207,0.12486338797814207,0.22950819672131148,0.22950819672131148,0.22950819672131148,0.2459016393442623,0.26229508196721313,0.2786885245901639,0.29508196721311475,0.22950819672131148
2.2,S2.2_ItoF_3_S2toS1,NaiveBayes,42,61,61,"{'priors': None, 'var_smoothing': 1e-09}",scenario_results_scenarios_2025-12-21_165745_early_stop/naivebayes_S2.2_ItoF_3_S2toS1_2025-12-21_165745_seed42_early_stop.pkl,1.0,1.0,1.0,1.0,1.0,1.0,1.0,1.0,1.0,1.0,1.0,1.0,1.0,0.21311475409836064,0.1912568306010929,0.1912568306010929,0.18306010928961747,0.18306010928961747,0.21311475409836064,0.21311475409836064,0.21311475409836064,0.22950819672131148,0.22950819672131148,0.22950819672131148,0.2459016393442623,0.21311475409836064
2.2,S2.2_TtoF_1_S2toS1,NaiveBayes,42,61,61,"{'priors': None, 'var_smoothing': 1e-09}",scenario_results_scenarios_2025-12-21_165745_early_stop/naivebayes_S2.2_TtoF_1_S2toS1_2025-12-21_165745_seed42_early_stop.pkl,1.0,1.0,1.0,1.0,1.0,1.0,1.0,1.0,1.0,1.0,1.0,1.0,1.0,0.19672131147540983,0.15792349726775956,0.15792349726775956,0.1448087431693989,0.1448087431693989,0.19672131147540983,0.19672131147540983,0.19672131147540983,0.21311475409836064,0.22950819672131148,0.2459016393442623,0.26229508196721313,0.19672131147540983
2.2,S2.2_TtoF_2_S2toS1,NaiveBayes,42,61,61,"{'priors': None, 'var_smoothing': 1e-09}",scenario_results_scenarios_2025-12-21_165745_early_stop/naivebayes_S2.2_TtoF_2_S2toS1_2025-12-21_165745_seed42_early_stop.pkl,1.0,1.0,1.0,1.0,1.0,1.0,1.0,1.0,1.0,1.0,1.0,1.0,1.0,0.21311475409836064,0.1595628415300546,0.1595628415300546,0.1412568306010929,0.1412568306010929,0.21311475409836064,0.21311475409836064,0.21311475409836064,0.22950819672131148,0.2459016393442623,0.2459016393442623,0.2459016393442623,0.21311475409836064
2.2,S2.2_TtoF_3_S2toS1,NaiveBayes,42,61,61,"{'priors': None, 'var_smoothing': 1e-09}",scenario_results_scenarios_2025-12-21_165745_early_stop/naivebayes_S2.2_TtoF_3_S2toS1_2025-12-21_165745_seed42_early_stop.pkl,1.0,1.0,1.0,1.0,1.0,1.0,1.0,1.0,1.0,1.0,1.0,1.0,1.0,0.16393442622950818,0.1150663544106167,0.1150663544106167,0.09699453551912568,0.09699453551912568,0.16393442622950818,0.16393442622950818,0.16393442622950818,0.18032786885245902,0.19672131147540983,0.19672131147540983,0.21311475409836064,0.16393442622950818
2.2,S2.2_TtoI_1_S2toS1,NaiveBayes,42,61,61,"{'priors': None, 'var_smoothing': 1e-09}",scenario_results_scenarios_2025-12-21_165745_early_stop/naivebayes_S2.2_TtoI_1_S2toS1_2025-12-21_165745_seed42_early_stop.pkl,1.0,1.0,1.0,1.0,1.0,1.0,1.0,1.0,1.0,1.0,1.0,1.0,1.0,0.13114754098360656,0.09234972677595628,0.09234972677595628,0.07923497267759562,0.07923497267759562,0.13114754098360656,0.13114754098360656,0.13114754098360656,0.14754098360655737,0.16393442622950818,0.18032786885245902,0.19672131147540983,0.13114754098360656
2.2,S2.2_TtoI_2_S2toS1,NaiveBayes,42,61,61,"{'priors': None, 'var_smoothing': 1e-09}",scenario_results_scenarios_2025-12-21_165745_early_stop/naivebayes_S2.2_TtoI_2_S2toS1_2025-12-21_165745_seed42_early_stop.pkl,1.0,1.0,1.0,1.0,1.0,1.0,1.0,1.0,1.0,1.0,1.0,1.0,1.0,0.18032786885245902,0.11612021857923496,0.11612021857923496,0.09305230288836847,0.09305230288836847,0.18032786885245902,0.18032786885245902,0.18032786885245902,0.19672131147540983,0.21311475409836064,0.21311475409836064,0.22950819672131148,0.18032786885245902
2.2,S2.2_TtoI_3_S2toS1,NaiveBayes,42,61,61,"{'priors': None, 'var_smoothing': 1e-09}",scenario_results_scenarios_2025-12-21_165745_early_stop/naivebayes_S2.2_TtoI_3_S2toS1_2025-12-21_165745_seed42_early_stop.pkl,1.0,1.0,1.0,1.0,1.0,1.0,1.0,1.0,1.0,1.0,1.0,1.0,1.0,0.13114754098360656,0.09289617486338797,0.09289617486338797,0.07923497267759562,0.07923497267759562,0.13114754098360656,0.13114754098360656,0.13114754098360656,0.14754098360655737,0.16393442622950818,0.18032786885245902,0.19672131147540983,0.13114754098360656
2.2,S2.2_FtoI_1_S2toS1,LightGBM,42,61,61,"{'n_estimators': 100, 'max_depth': 6, 'learning_rate': 0.05, 'num_leaves': 31, 'min_child_samples': 20}",scenario_results_scenarios_2025-12-21_165745_early_stop/lightgbm_S2.2_FtoI_1_S2toS1_2025-12-21_165745_seed42_early_stop.pkl,1.0,1.0,1.0,1.0,1.0,1.0,1.0,1.0,1.0,1.0,1.0,1.0,1.0,0.18032786885245902,0.13224043715846995,0.13224043715846995,0.11338797814207649,0.11338797814207649,0.18032786885245902,0.18032786885245902,0.18032786885245902,0.26229508196721313,0.3114754098360656,0.3442622950819672,0.4262295081967213,0.18032786885245902
2.2,S2.2_FtoI_2_S2toS1,LightGBM,42,61,61,"{'n_estimators': 100, 'max_depth': 6, 'learning_rate': 0.05, 'num_leaves': 31, 'min_child_samples': 20}",scenario_results_scenarios_2025-12-21_165745_early_stop/lightgbm_S2.2_FtoI_2_S2toS1_2025-12-21_165745_seed42_early_stop.pkl,1.0,1.0,1.0,1.0,1.0,1.0,1.0,1.0,1.0,1.0,1.0,1.0,1.0,0.14754098360655737,0.09398907103825135,0.09398907103825135,0.07513661202185792,0.07513661202185792,0.14754098360655737,0.14754098360655737,0.14754098360655737,0.2459016393442623,0.32786885245901637,0.3442622950819672,0.39344262295081966,0.14754098360655737
2.2,S2.2_FtoI_3_S2toS1,LightGBM,42,61,61,"{'n_estimators': 100, 'max_depth': 6, 'learning_rate': 0.05, 'num_leaves': 31, 'min_child_samples': 20}",scenario_results_scenarios_2025-12-21_165745_early_stop/lightgbm_S2.2_FtoI_3_S2toS1_2025-12-21_165745_seed42_early_stop.pkl,1.0,1.0,1.0,1.0,1.0,1.0,1.0,1.0,1.0,1.0,1.0,1.0,1.0,0.14754098360655737,0.11202185792349727,0.11202185792349727,0.09836065573770492,0.09836065573770492,0.14754098360655737,0.14754098360655737,0.14754098360655737,0.18032786885245902,0.29508196721311475,0.3442622950819672,0.39344262295081966,0.14754098360655737
2.2,S2.2_FtoT_1_S2toS1,LightGBM,42,61,61,"{'n_estimators': 100, 'max_depth': 6, 'learning_rate': 0.05, 'num_leaves': 31, 'min_child_samples': 20}",scenario_results_scenarios_2025-12-21_165745_early_stop/lightgbm_S2.2_FtoT_1_S2toS1_2025-12-21_165745_seed42_early_stop.pkl,1.0,1.0,1.0,1.0,1.0,1.0,1.0,1.0,1.0,1.0,1.0,1.0,1.0,0.18032786885245902,0.1557377049180328,0.1557377049180328,0.1448087431693989,0.1448087431693989,0.18032786885245902,0.18032786885245902,0.18032786885245902,0.2786885245901639,0.36065573770491804,0.4098360655737705,0.47540983606557374,0.18032786885245902
2.2,S2.2_FtoT_2_S2toS1,LightGBM,42,61,61,"{'n_estimators': 100, 'max_depth': 6, 'learning_rate': 0.05, 'num_leaves': 31, 'min_child_samples': 20}",scenario_results_scenarios_2025-12-21_165745_early_stop/lightgbm_S2.2_FtoT_2_S2toS1_2025-12-21_165745_seed42_early_stop.pkl,1.0,1.0,1.0,1.0,1.0,1.0,1.0,1.0,1.0,1.0,1.0,1.0,1.0,0.16393442622950818,0.10874316939890712,0.10874316939890712,0.08743169398907104,0.08743169398907104,0.16393442622950818,0.16393442622950818,0.16393442622950818,0.22950819672131148,0.3114754098360656,0.3770491803278688,0.39344262295081966,0.16393442622950818
2.2,S2.2_FtoT_3_S2toS1,LightGBM,42,61,61,"{'n_estimators': 100, 'max_depth': 6, 'learning_rate': 0.05, 'num_leaves': 31, 'min_child_samples': 20}",scenario_results_scenarios_2025-12-21_165745_early_stop/lightgbm_S2.2_FtoT_3_S2toS1_2025-12-21_165745_seed42_early_stop.pkl,1.0,1.0,1.0,1.0,1.0,1.0,1.0,1.0,1.0,1.0,1.0,1.0,1.0,0.13114754098360656,0.1092896174863388,0.1092896174863388,0.10109289617486339,0.10109289617486339,0.13114754098360656,0.13114754098360656,0.13114754098360656,0.29508196721311475,0.32786885245901637,0.39344262295081966,0.5081967213114754,0.13114754098360656
2.2,S2.2_ItoT_1_S2toS1,LightGBM,42,61,61,"{'n_estimators': 100, 'max_depth': 6, 'learning_rate': 0.05, 'num_leaves': 31, 'min_child_samples': 20}",scenario_results_scenarios_2025-12-21_165745_early_stop/lightgbm_S2.2_ItoT_1_S2toS1_2025-12-21_165745_seed42_early_stop.pkl,1.0,1.0,1.0,1.0,1.0,1.0,1.0,1.0,1.0,1.0,1.0,1.0,1.0,0.18032786885245902,0.13770491803278687,0.13770491803278687,0.12158469945355192,0.12158469945355192,0.18032786885245902,0.18032786885245902,0.18032786885245902,0.22950819672131148,0.26229508196721313,0.36065573770491804,0.4098360655737705,0.18032786885245902
2.2,S2.2_ItoT_2_S2toS1,LightGBM,42,61,61,"{'n_estimators': 100, 'max_depth': 6, 'learning_rate': 0.05, 'num_leaves': 31, 'min_child_samples': 20}",scenario_results_scenarios_2025-12-21_165745_early_stop/lightgbm_S2.2_ItoT_2_S2toS1_2025-12-21_165745_seed42_early_stop.pkl,1.0,1.0,1.0,1.0,1.0,1.0,1.0,1.0,1.0,1.0,1.0,1.0,1.0,0.19672131147540983,0.13114754098360656,0.13114754098360656,0.10437158469945354,0.10437158469945354,0.19672131147540983,0.19672131147540983,0.19672131147540983,0.21311475409836064,0.26229508196721313,0.3442622950819672,0.3770491803278688,0.19672131147540983
2.2,S2.2_ItoT_3_S2toS1,LightGBM,42,61,61,"{'n_estimators': 100, 'max_depth': 6, 'learning_rate': 0.05, 'num_leaves': 31, 'min_child_samples': 20}",scenario_results_scenarios_2025-12-21_165745_early_stop/lightgbm_S2.2_ItoT_3_S2toS1_2025-12-21_165745_seed42_early_stop.pkl,1.0,1.0,1.0,1.0,1.0,1.0,1.0,1.0,1.0,1.0,1.0,1.0,1.0,0.2459016393442623,0.18415300546448085,0.18415300546448085,0.16311475409836065,0.16311475409836065,0.2459016393442623,0.2459016393442623,0.2459016393442623,0.3114754098360656,0.3442622950819672,0.4262295081967213,0.4918032786885246,0.2459016393442623
2.2,S2.2_ItoF_1_S2toS1,LightGBM,42,61,61,"{'n_estimators': 100, 'max_depth': 6, 'learning_rate': 0.05, 'num_leaves': 31, 'min_child_samples': 20}",scenario_results_scenarios_2025-12-21_165745_early_stop/lightgbm_S2.2_ItoF_1_S2toS1_2025-12-21_165745_seed42_early_stop.pkl,1.0,1.0,1.0,1.0,1.0,1.0,1.0,1.0,1.0,1.0,1.0,1.0,1.0,0.14754098360655737,0.12131147540983606,0.12131147540983606,0.11065573770491803,0.11065573770491803,0.14754098360655737,0.14754098360655737,0.14754098360655737,0.21311475409836064,0.29508196721311475,0.3442622950819672,0.4098360655737705,0.14754098360655737
2.2,S2.2_ItoF_2_S2toS1,LightGBM,42,61,61,"{'n_estimators': 100, 'max_depth': 6, 'learning_rate': 0.05, 'num_leaves': 31, 'min_child_samples': 20}",scenario_results_scenarios_2025-12-21_165745_early_stop/lightgbm_S2.2_ItoF_2_S2toS1_2025-12-21_165745_seed42_early_stop.pkl,1.0,1.0,1.0,1.0,1.0,1.0,1.0,1.0,1.0,1.0,1.0,1.0,1.0,0.19672131147540983,0.13224043715846995,0.13224043715846995,0.10792349726775956,0.10792349726775956,0.19672131147540983,0.19672131147540983,0.19672131147540983,0.36065573770491804,0.4426229508196721,0.47540983606557374,0.5573770491803278,0.19672131147540983
2.2,S2.2_ItoF_3_S2toS1,LightGBM,42,61,61,"{'n_estimators': 100, 'max_depth': 6, 'learning_rate': 0.05, 'num_leaves': 31, 'min_child_samples': 20}",scenario_results_scenarios_2025-12-21_165745_early_stop/lightgbm_S2.2_ItoF_3_S2toS1_2025-12-21_165745_seed42_early_stop.pkl,1.0,1.0,1.0,1.0,1.0,1.0,1.0,1.0,1.0,1.0,1.0,1.0,1.0,0.19672131147540983,0.15846994535519127,0.15846994535519127,0.14207650273224043,0.14207650273224043,0.19672131147540983,0.19672131147540983,0.19672131147540983,0.29508196721311475,0.4098360655737705,0.4426229508196721,0.5081967213114754,0.19672131147540983
2.2,S2.2_TtoF_1_S2toS1,LightGBM,42,61,61,"{'n_estimators': 100, 'max_depth': 6, 'learning_rate': 0.05, 'num_leaves': 31, 'min_child_samples': 20}",scenario_results_scenarios_2025-12-21_165745_early_stop/lightgbm_S2.2_TtoF_1_S2toS1_2025-12-21_165745_seed42_early_stop.pkl,1.0,1.0,1.0,1.0,1.0,1.0,1.0,1.0,1.0,1.0,1.0,1.0,1.0,0.13114754098360656,0.08032786885245902,0.08032786885245902,0.06420765027322405,0.06420765027322405,0.13114754098360656,0.13114754098360656,0.13114754098360656,0.26229508196721313,0.32786885245901637,0.4426229508196721,0.4918032786885246,0.13114754098360656
2.2,S2.2_TtoF_2_S2toS1,LightGBM,42,61,61,"{'n_estimators': 100, 'max_depth': 6, 'learning_rate': 0.05, 'num_leaves': 31, 'min_child_samples': 20}",scenario_results_scenarios_2025-12-21_165745_early_stop/lightgbm_S2.2_TtoF_2_S2toS1_2025-12-21_165745_seed42_early_stop.pkl,1.0,1.0,1.0,1.0,1.0,1.0,1.0,1.0,1.0,1.0,1.0,1.0,1.0,0.18032786885245902,0.13661202185792348,0.13661202185792348,0.12021857923497267,0.12021857923497267,0.18032786885245902,0.18032786885245902,0.18032786885245902,0.32786885245901637,0.3770491803278688,0.4426229508196721,0.4918032786885246,0.18032786885245902
2.2,S2.2_TtoF_3_S2toS1,LightGBM,42,61,61,"{'n_estimators': 100, 'max_depth': 6, 'learning_rate': 0.05, 'num_leaves': 31, 'min_child_samples': 20}",scenario_results_scenarios_2025-12-21_165745_early_stop/lightgbm_S2.2_TtoF_3_S2toS1_2025-12-21_165745_seed42_early_stop.pkl,1.0,1.0,1.0,1.0,1.0,1.0,1.0,1.0,1.0,1.0,1.0,1.0,1.0,0.18032786885245902,0.1371584699453552,0.1371584699453552,0.12431693989071038,0.12431693989071038,0.18032786885245902,0.18032786885245902,0.18032786885245902,0.3114754098360656,0.36065573770491804,0.39344262295081966,0.4262295081967213,0.18032786885245902
2.2,S2.2_TtoI_1_S2toS1,LightGBM,42,61,61,"{'n_estimators': 100, 'max_depth': 6, 'learning_rate': 0.05, 'num_leaves': 31, 'min_child_samples': 20}",scenario_results_scenarios_2025-12-21_165745_early_stop/lightgbm_S2.2_TtoI_1_S2toS1_2025-12-21_165745_seed42_early_stop.pkl,1.0,1.0,1.0,1.0,1.0,1.0,1.0,1.0,1.0,1.0,1.0,1.0,1.0,0.16393442622950818,0.12131147540983607,0.12131147540983607,0.10519125683060108,0.10519125683060108,0.16393442622950818,0.16393442622950818,0.16393442622950818,0.26229508196721313,0.32786885245901637,0.3770491803278688,0.4426229508196721,0.16393442622950818
2.2,S2.2_TtoI_2_S2toS1,LightGBM,42,61,61,"{'n_estimators': 100, 'max_depth': 6, 'learning_rate': 0.05, 'num_leaves': 31, 'min_child_samples': 20}",scenario_results_scenarios_2025-12-21_165745_early_stop/lightgbm_S2.2_TtoI_2_S2toS1_2025-12-21_165745_seed42_early_stop.pkl,1.0,1.0,1.0,1.0,1.0,1.0,1.0,1.0,1.0,1.0,1.0,1.0,1.0,0.16393442622950818,0.11147540983606558,0.11147540983606558,0.09289617486338797,0.09289617486338797,0.16393442622950818,0.16393442622950818,0.16393442622950818,0.22950819672131148,0.29508196721311475,0.4262295081967213,0.4918032786885246,0.16393442622950818
2.2,S2.2_TtoI_3_S2toS1,LightGBM,42,61,61,"{'n_estimators': 100, 'max_depth': 6, 'learning_rate': 0.05, 'num_leaves': 31, 'min_child_samples': 20}",scenario_results_scenarios_2025-12-21_165745_early_stop/lightgbm_S2.2_TtoI_3_S2toS1_2025-12-21_165745_seed42_early_stop.pkl,1.0,1.0,1.0,1.0,1.0,1.0,1.0,1.0,1.0,1.0,1.0,1.0,1.0,0.16393442622950818,0.11584699453551912,0.11584699453551912,0.09699453551912568,0.09699453551912568,0.16393442622950818,0.16393442622950818,0.16393442622950818,0.22950819672131148,0.3114754098360656,0.39344262295081966,0.47540983606557374,0.16393442622950818
2.2,S2.2_FtoI_1_S2toS1,ExtraTrees,42,61,61,"{'n_estimators': 100, 'max_depth': 10, 'min_samples_split': 2, 'min_samples_leaf': 1, 'max_features': 'sqrt', 'bootstrap': False, 'criterion': 'gini'}",scenario_results_scenarios_2025-12-21_165745_early_stop/extratrees_S2.2_FtoI_1_S2toS1_2025-12-21_165745_seed42_early_stop.pkl,1.0,1.0,1.0,1.0,1.0,1.0,1.0,1.0,1.0,1.0,1.0,1.0,1.0,0.32786885245901637,0.2595628415300546,0.2595628415300546,0.23224043715846993,0.23224043715846993,0.32786885245901637,0.32786885245901637,0.3114754098360656,0.4262295081967213,0.5081967213114754,0.5737704918032787,0.6229508196721312,0.3114754098360656
2.2,S2.2_FtoI_2_S2toS1,ExtraTrees,42,61,61,"{'n_estimators': 100, 'max_depth': 10, 'min_samples_split': 2, 'min_samples_leaf': 1, 'max_features': 'sqrt', 'bootstrap': False, 'criterion': 'gini'}",scenario_results_scenarios_2025-12-21_165745_early_stop/extratrees_S2.2_FtoI_2_S2toS1_2025-12-21_165745_seed42_early_stop.pkl,1.0,1.0,1.0,1.0,1.0,1.0,1.0,1.0,1.0,1.0,1.0,1.0,1.0,0.3770491803278688,0.3005464480874317,0.3005464480874317,0.2683060109289618,0.2683060109289618,0.3770491803278688,0.3770491803278688,0.36065573770491804,0.45901639344262296,0.5409836065573771,0.639344262295082,0.6721311475409836,0.36065573770491804
2.2,S2.2_FtoI_3_S2toS1,ExtraTrees,42,61,61,"{'n_estimators': 100, 'max_depth': 10, 'min_samples_split': 2, 'min_samples_leaf': 1, 'max_features': 'sqrt', 'bootstrap': False, 'criterion': 'gini'}",scenario_results_scenarios_2025-12-21_165745_early_stop/extratrees_S2.2_FtoI_3_S2toS1_2025-12-21_165745_seed42_early_stop.pkl,1.0,1.0,1.0,1.0,1.0,1.0,1.0,1.0,1.0,1.0,1.0,1.0,1.0,0.19672131147540983,0.13770491803278687,0.13770491803278687,0.11612021857923496,0.11612021857923496,0.19672131147540983,0.19672131147540983,0.19672131147540983,0.3442622950819672,0.47540983606557374,0.5573770491803278,0.639344262295082,0.18032786885245902
2.2,S2.2_FtoT_1_S2toS1,ExtraTrees,42,61,61,"{'n_estimators': 100, 'max_depth': 10, 'min_samples_split': 2, 'min_samples_leaf': 1, 'max_features': 'sqrt', 'bootstrap': False, 'criterion': 'gini'}",scenario_results_scenarios_2025-12-21_165745_early_stop/extratrees_S2.2_FtoT_1_S2toS1_2025-12-21_165745_seed42_early_stop.pkl,1.0,1.0,1.0,1.0,1.0,1.0,1.0,1.0,1.0,1.0,1.0,1.0,1.0,0.32786885245901637,0.26612021857923496,0.26612021857923496,0.2390710382513661,0.2390710382513661,0.32786885245901637,0.32786885245901637,0.29508196721311475,0.4262295081967213,0.5245901639344263,0.6065573770491803,0.6885245901639344,0.29508196721311475
2.2,S2.2_FtoT_2_S2toS1,ExtraTrees,42,61,61,"{'n_estimators': 100, 'max_depth': 10, 'min_samples_split': 2, 'min_samples_leaf': 1, 'max_features': 'sqrt', 'bootstrap': False, 'criterion': 'gini'}",scenario_results_scenarios_2025-12-21_165745_early_stop/extratrees_S2.2_FtoT_2_S2toS1_2025-12-21_165745_seed42_early_stop.pkl,1.0,1.0,1.0,1.0,1.0,1.0,1.0,1.0,1.0,1.0,1.0,1.0,1.0,0.3442622950819672,0.27704918032786885,0.27704918032786885,0.2505464480874317,0.2505464480874317,0.3442622950819672,0.3442622950819672,0.32786885245901637,0.47540983606557374,0.6065573770491803,0.6721311475409836,0.7213114754098361,0.32786885245901637
2.2,S2.2_FtoT_3_S2toS1,ExtraTrees,42,61,61,"{'n_estimators': 100, 'max_depth': 10, 'min_samples_split': 2, 'min_samples_leaf': 1, 'max_features': 'sqrt', 'bootstrap': False, 'criterion': 'gini'}",scenario_results_scenarios_2025-12-21_165745_early_stop/extratrees_S2.2_FtoT_3_S2toS1_2025-12-21_165745_seed42_early_stop.pkl,1.0,1.0,1.0,1.0,1.0,1.0,1.0,1.0,1.0,1.0,1.0,1.0,1.0,0.4098360655737705,0.3360655737704918,0.3360655737704918,0.30327868852459017,0.30327868852459017,0.4098360655737705,0.4098360655737705,0.4098360655737705,0.5573770491803278,0.6885245901639344,0.7540983606557377,0.7704918032786885,0.36065573770491804
2.2,S2.2_ItoT_1_S2toS1,ExtraTrees,42,61,61,"{'n_estimators': 100, 'max_depth': 10, 'min_samples_split': 2, 'min_samples_leaf': 1, 'max_features': 'sqrt', 'bootstrap': False, 'criterion': 'gini'}",scenario_results_scenarios_2025-12-21_165745_early_stop/extratrees_S2.2_ItoT_1_S2toS1_2025-12-21_165745_seed42_early_stop.pkl,1.0,1.0,1.0,1.0,1.0,1.0,1.0,1.0,1.0,1.0,1.0,1.0,1.0,0.2459016393442623,0.18688524590163935,0.18688524590163935,0.16584699453551913,0.16584699453551913,0.2459016393442623,0.2459016393442623,0.26229508196721313,0.4098360655737705,0.4918032786885246,0.639344262295082,0.6721311475409836,0.21311475409836064
2.2,S2.2_ItoT_2_S2toS1,ExtraTrees,42,61,61,"{'n_estimators': 100, 'max_depth': 10, 'min_samples_split': 2, 'min_samples_leaf': 1, 'max_features': 'sqrt', 'bootstrap': False, 'criterion': 'gini'}",scenario_results_scenarios_2025-12-21_165745_early_stop/extratrees_S2.2_ItoT_2_S2toS1_2025-12-21_165745_seed42_early_stop.pkl,1.0,1.0,1.0,1.0,1.0,1.0,1.0,1.0,1.0,1.0,1.0,1.0,1.0,0.29508196721311475,0.21451990632318502,0.21451990632318502,0.1890710382513661,0.1890710382513661,0.29508196721311475,0.29508196721311475,0.2459016393442623,0.4262295081967213,0.4918032786885246,0.6229508196721312,0.6557377049180327,0.22950819672131148
2.2,S2.2_ItoT_3_S2toS1,ExtraTrees,42,61,61,"{'n_estimators': 100, 'max_depth': 10, 'min_samples_split': 2, 'min_samples_leaf': 1, 'max_features': 'sqrt', 'bootstrap': False, 'criterion': 'gini'}",scenario_results_scenarios_2025-12-21_165745_early_stop/extratrees_S2.2_ItoT_3_S2toS1_2025-12-21_165745_seed42_early_stop.pkl,1.0,1.0,1.0,1.0,1.0,1.0,1.0,1.0,1.0,1.0,1.0,1.0,1.0,0.3770491803278688,0.3224043715846994,0.3224043715846994,0.3010928961748634,0.3010928961748634,0.3770491803278688,0.3770491803278688,0.39344262295081966,0.5409836065573771,0.6885245901639344,0.7213114754098361,0.7377049180327869,0.3770491803278688
2.2,S2.2_ItoF_1_S2toS1,ExtraTrees,42,61,61,"{'n_estimators': 100, 'max_depth': 10, 'min_samples_split': 2, 'min_samples_leaf': 1, 'max_features': 'sqrt', 'bootstrap': False, 'criterion': 'gini'}",scenario_results_scenarios_2025-12-21_165745_early_stop/extratrees_S2.2_ItoF_1_S2toS1_2025-12-21_165745_seed42_early_stop.pkl,1.0,1.0,1.0,1.0,1.0,1.0,1.0,1.0,1.0,1.0,1.0,1.0,1.0,0.19672131147540983,0.141295862607338,0.141295862607338,0.12021857923497267,0.12021857923497267,0.19672131147540983,0.19672131147540983,0.19672131147540983,0.3442622950819672,0.39344262295081966,0.4426229508196721,0.5245901639344263,0.19672131147540983
2.2,S2.2_ItoF_2_S2toS1,ExtraTrees,42,61,61,"{'n_estimators': 100, 'max_depth': 10, 'min_samples_split': 2, 'min_samples_leaf': 1, 'max_features': 'sqrt', 'bootstrap': False, 'criterion': 'gini'}",scenario_results_scenarios_2025-12-21_165745_early_stop/extratrees_S2.2_ItoF_2_S2toS1_2025-12-21_165745_seed42_early_stop.pkl,1.0,1.0,1.0,1.0,1.0,1.0,1.0,1.0,1.0,1.0,1.0,1.0,1.0,0.36065573770491804,0.2825136612021858,0.2825136612021858,0.2532786885245902,0.2532786885245902,0.36065573770491804,0.36065573770491804,0.3442622950819672,0.4918032786885246,0.639344262295082,0.6885245901639344,0.6885245901639344,0.3114754098360656
2.2,S2.2_ItoF_3_S2toS1,ExtraTrees,42,61,61,"{'n_estimators': 100, 'max_depth': 10, 'min_samples_split': 2, 'min_samples_leaf': 1, 'max_features': 'sqrt', 'bootstrap': False, 'criterion': 'gini'}",scenario_results_scenarios_2025-12-21_165745_early_stop/extratrees_S2.2_ItoF_3_S2toS1_2025-12-21_165745_seed42_early_stop.pkl,1.0,1.0,1.0,1.0,1.0,1.0,1.0,1.0,1.0,1.0,1.0,1.0,1.0,0.39344262295081966,0.31912568306010924,0.31912568306010924,0.2896174863387978,0.2896174863387978,0.39344262295081966,0.39344262295081966,0.4098360655737705,0.47540983606557374,0.5573770491803278,0.6065573770491803,0.6885245901639344,0.39344262295081966
2.2,S2.2_TtoF_1_S2toS1,ExtraTrees,42,61,61,"{'n_estimators': 100, 'max_depth': 10, 'min_samples_split': 2, 'min_samples_leaf': 1, 'max_features': 'sqrt', 'bootstrap': False, 'criterion': 'gini'}",scenario_results_scenarios_2025-12-21_165745_early_stop/extratrees_S2.2_TtoF_1_S2toS1_2025-12-21_165745_seed42_early_stop.pkl,1.0,1.0,1.0,1.0,1.0,1.0,1.0,1.0,1.0,1.0,1.0,1.0,1.0,0.3442622950819672,0.25409836065573765,0.25409836065573765,0.2191256830601093,0.2191256830601093,0.3442622950819672,0.3442622950819672,0.36065573770491804,0.5245901639344263,0.6065573770491803,0.6885245901639344,0.7049180327868853,0.32786885245901637
2.2,S2.2_TtoF_2_S2toS1,ExtraTrees,42,61,61,"{'n_estimators': 100, 'max_depth': 10, 'min_samples_split': 2, 'min_samples_leaf': 1, 'max_features': 'sqrt', 'bootstrap': False, 'criterion': 'gini'}",scenario_results_scenarios_2025-12-21_165745_early_stop/extratrees_S2.2_TtoF_2_S2toS1_2025-12-21_165745_seed42_early_stop.pkl,1.0,1.0,1.0,1.0,1.0,1.0,1.0,1.0,1.0,1.0,1.0,1.0,1.0,0.29508196721311475,0.219672131147541,0.219672131147541,0.18989071038251368,0.18989071038251368,0.29508196721311475,0.29508196721311475,0.29508196721311475,0.4262295081967213,0.5409836065573771,0.6721311475409836,0.7049180327868853,0.2786885245901639
2.2,S2.2_TtoF_3_S2toS1,ExtraTrees,42,61,61,"{'n_estimators': 100, 'max_depth': 10, 'min_samples_split': 2, 'min_samples_leaf': 1, 'max_features': 'sqrt', 'bootstrap': False, 'criterion': 'gini'}",scenario_results_scenarios_2025-12-21_165745_early_stop/extratrees_S2.2_TtoF_3_S2toS1_2025-12-21_165745_seed42_early_stop.pkl,1.0,1.0,1.0,1.0,1.0,1.0,1.0,1.0,1.0,1.0,1.0,1.0,1.0,0.36065573770491804,0.28415300546448086,0.28415300546448086,0.24863387978142076,0.24863387978142076,0.36065573770491804,0.36065573770491804,0.32786885245901637,0.4918032786885246,0.5737704918032787,0.6557377049180327,0.7213114754098361,0.3114754098360656
2.2,S2.2_TtoI_1_S2toS1,ExtraTrees,42,61,61,"{'n_estimators': 100, 'max_depth': 10, 'min_samples_split': 2, 'min_samples_leaf': 1, 'max_features': 'sqrt', 'bootstrap': False, 'criterion': 'gini'}",scenario_results_scenarios_2025-12-21_165745_early_stop/extratrees_S2.2_TtoI_1_S2toS1_2025-12-21_165745_seed42_early_stop.pkl,1.0,1.0,1.0,1.0,1.0,1.0,1.0,1.0,1.0,1.0,1.0,1.0,1.0,0.3114754098360656,0.24621389539422325,0.24621389539422325,0.22267759562841527,0.22267759562841527,0.3114754098360656,0.3114754098360656,0.2786885245901639,0.45901639344262296,0.639344262295082,0.6721311475409836,0.6721311475409836,0.2786885245901639
2.2,S2.2_TtoI_2_S2toS1,ExtraTrees,42,61,61,"{'n_estimators': 100, 'max_depth': 10, 'min_samples_split': 2, 'min_samples_leaf': 1, 'max_features': 'sqrt', 'bootstrap': False, 'criterion': 'gini'}",scenario_results_scenarios_2025-12-21_165745_early_stop/extratrees_S2.2_TtoI_2_S2toS1_2025-12-21_165745_seed42_early_stop.pkl,1.0,1.0,1.0,1.0,1.0,1.0,1.0,1.0,1.0,1.0,1.0,1.0,1.0,0.2786885245901639,0.2076502732240437,0.2076502732240437,0.17759562841530055,0.17759562841530055,0.2786885245901639,0.2786885245901639,0.2786885245901639,0.4918032786885246,0.5737704918032787,0.6557377049180327,0.7213114754098361,0.26229508196721313
2.2,S2.2_TtoI_3_S2toS1,ExtraTrees,42,61,61,"{'n_estimators': 100, 'max_depth': 10, 'min_samples_split': 2, 'min_samples_leaf': 1, 'max_features': 'sqrt', 'bootstrap': False, 'criterion': 'gini'}",scenario_results_scenarios_2025-12-21_165745_early_stop/extratrees_S2.2_TtoI_3_S2toS1_2025-12-21_165745_seed42_early_stop.pkl,1.0,1.0,1.0,1.0,1.0,1.0,1.0,1.0,1.0,1.0,1.0,1.0,1.0,0.32786885245901637,0.28415300546448086,0.28415300546448086,0.26229508196721313,0.26229508196721313,0.32786885245901637,0.32786885245901637,0.3114754098360656,0.47540983606557374,0.5901639344262295,0.6065573770491803,0.6721311475409836,0.3114754098360656
2.2,S2.2_FtoI_1_S2toS1,RandomForest,123,61,61,"{'n_estimators': 100, 'max_depth': 10, 'min_samples_split': 2, 'min_samples_leaf': 1, 'max_features': 'sqrt', 'bootstrap': True}",scenario_results_scenarios_2025-12-21_165745_early_stop/randomforest_S2.2_FtoI_1_S2toS1_2025-12-21_165745_seed123_early_stop.pkl,1.0,1.0,1.0,1.0,1.0,1.0,1.0,1.0,1.0,1.0,1.0,1.0,1.0,0.22950819672131148,0.16666666666666666,0.16666666666666666,0.13661202185792348,0.13661202185792348,0.22950819672131148,0.22950819672131148,0.22950819672131148,0.3442622950819672,0.45901639344262296,0.5081967213114754,0.5409836065573771,0.19672131147540983
2.2,S2.2_FtoI_2_S2toS1,RandomForest,123,61,61,"{'n_estimators': 100, 'max_depth': 10, 'min_samples_split': 2, 'min_samples_leaf': 1, 'max_features': 'sqrt', 'bootstrap': True}",scenario_results_scenarios_2025-12-21_165745_early_stop/randomforest_S2.2_FtoI_2_S2toS1_2025-12-21_165745_seed123_early_stop.pkl,1.0,1.0,1.0,1.0,1.0,1.0,1.0,1.0,1.0,1.0,1.0,1.0,1.0,0.2459016393442623,0.18852459016393439,0.18852459016393439,0.16393442622950818,0.16393442622950818,0.2459016393442623,0.2459016393442623,0.2459016393442623,0.32786885245901637,0.4426229508196721,0.5245901639344263,0.6065573770491803,0.2459016393442623
2.2,S2.2_FtoI_3_S2toS1,RandomForest,123,61,61,"{'n_estimators': 100, 'max_depth': 10, 'min_samples_split': 2, 'min_samples_leaf': 1, 'max_features': 'sqrt', 'bootstrap': True}",scenario_results_scenarios_2025-12-21_165745_early_stop/randomforest_S2.2_FtoI_3_S2toS1_2025-12-21_165745_seed123_early_stop.pkl,1.0,1.0,1.0,1.0,1.0,1.0,1.0,1.0,1.0,1.0,1.0,1.0,1.0,0.22950819672131148,0.17759562841530052,0.17759562841530052,0.15901639344262294,0.15901639344262294,0.22950819672131148,0.22950819672131148,0.22950819672131148,0.3442622950819672,0.45901639344262296,0.5081967213114754,0.5737704918032787,0.21311475409836064
2.2,S2.2_FtoT_1_S2toS1,RandomForest,123,61,61,"{'n_estimators': 100, 'max_depth': 10, 'min_samples_split': 2, 'min_samples_leaf': 1, 'max_features': 'sqrt', 'bootstrap': True}",scenario_results_scenarios_2025-12-21_165745_early_stop/randomforest_S2.2_FtoT_1_S2toS1_2025-12-21_165745_seed123_early_stop.pkl,1.0,1.0,1.0,1.0,1.0,1.0,1.0,1.0,1.0,1.0,1.0,1.0,1.0,0.11475409836065574,0.09289617486338797,0.09289617486338797,0.08469945355191257,0.08469945355191257,0.11475409836065574,0.11475409836065574,0.09836065573770492,0.2459016393442623,0.3770491803278688,0.47540983606557374,0.5409836065573771,0.09836065573770492
2.2,S2.2_FtoT_2_S2toS1,RandomForest,123,61,61,"{'n_estimators': 100, 'max_depth': 10, 'min_samples_split': 2, 'min_samples_leaf': 1, 'max_features': 'sqrt', 'bootstrap': True}",scenario_results_scenarios_2025-12-21_165745_early_stop/randomforest_S2.2_FtoT_2_S2toS1_2025-12-21_165745_seed123_early_stop.pkl,1.0,1.0,1.0,1.0,1.0,1.0,1.0,1.0,1.0,1.0,1.0,1.0,1.0,0.2786885245901639,0.20163934426229507,0.20163934426229507,0.1721311475409836,0.1721311475409836,0.2786885245901639,0.2786885245901639,0.3114754098360656,0.3442622950819672,0.47540983606557374,0.5573770491803278,0.5901639344262295,0.2786885245901639
2.2,S2.2_FtoT_3_S2toS1,RandomForest,123,61,61,"{'n_estimators': 100, 'max_depth': 10, 'min_samples_split': 2, 'min_samples_leaf': 1, 'max_features': 'sqrt', 'bootstrap': True}",scenario_results_scenarios_2025-12-21_165745_early_stop/randomforest_S2.2_FtoT_3_S2toS1_2025-12-21_165745_seed123_early_stop.pkl,1.0,1.0,1.0,1.0,1.0,1.0,1.0,1.0,1.0,1.0,1.0,1.0,1.0,0.32786885245901637,0.27704918032786885,0.27704918032786885,0.25546448087431695,0.25546448087431695,0.32786885245901637,0.32786885245901637,0.3114754098360656,0.39344262295081966,0.5081967213114754,0.6557377049180327,0.7213114754098361,0.29508196721311475
2.2,S2.2_ItoT_1_S2toS1,RandomForest,123,61,61,"{'n_estimators': 100, 'max_depth': 10, 'min_samples_split': 2, 'min_samples_leaf': 1, 'max_features': 'sqrt', 'bootstrap': True}",scenario_results_scenarios_2025-12-21_165745_early_stop/randomforest_S2.2_ItoT_1_S2toS1_2025-12-21_165745_seed123_early_stop.pkl,1.0,1.0,1.0,1.0,1.0,1.0,1.0,1.0,1.0,1.0,1.0,1.0,1.0,0.2459016393442623,0.19781420765027322,0.19781420765027322,0.17896174863387976,0.17896174863387976,0.2459016393442623,0.2459016393442623,0.2459016393442623,0.32786885245901637,0.47540983606557374,0.5081967213114754,0.5245901639344263,0.22950819672131148
2.2,S2.2_ItoT_2_S2toS1,RandomForest,123,61,61,"{'n_estimators': 100, 'max_depth': 10, 'min_samples_split': 2, 'min_samples_leaf': 1, 'max_features': 'sqrt', 'bootstrap': True}",scenario_results_scenarios_2025-12-21_165745_early_stop/randomforest_S2.2_ItoT_2_S2toS1_2025-12-21_165745_seed123_early_stop.pkl,1.0,1.0,1.0,1.0,1.0,1.0,1.0,1.0,1.0,1.0,1.0,1.0,1.0,0.2459016393442623,0.1786885245901639,0.1786885245901639,0.15163934426229508,0.15163934426229508,0.2459016393442623,0.2459016393442623,0.22950819672131148,0.32786885245901637,0.4262295081967213,0.5573770491803278,0.6065573770491803,0.22950819672131148
2.2,S2.2_ItoT_3_S2toS1,RandomForest,123,61,61,"{'n_estimators': 100, 'max_depth': 10, 'min_samples_split': 2, 'min_samples_leaf': 1, 'max_features': 'sqrt', 'bootstrap': True}",scenario_results_scenarios_2025-12-21_165745_early_stop/randomforest_S2.2_ItoT_3_S2toS1_2025-12-21_165745_seed123_early_stop.pkl,1.0,1.0,1.0,1.0,1.0,1.0,1.0,1.0,1.0,1.0,1.0,1.0,1.0,0.32786885245901637,0.23255269320843092,0.23255269320843092,0.19808743169398907,0.19808743169398907,0.32786885245901637,0.32786885245901637,0.3114754098360656,0.4262295081967213,0.5245901639344263,0.6229508196721312,0.6885245901639344,0.3114754098360656
2.2,S2.2_ItoF_1_S2toS1,RandomForest,123,61,61,"{'n_estimators': 100, 'max_depth': 10, 'min_samples_split': 2, 'min_samples_leaf': 1, 'max_features': 'sqrt', 'bootstrap': True}",scenario_results_scenarios_2025-12-21_165745_early_stop/randomforest_S2.2_ItoF_1_S2toS1_2025-12-21_165745_seed123_early_stop.pkl,1.0,1.0,1.0,1.0,1.0,1.0,1.0,1.0,1.0,1.0,1.0,1.0,1.0,0.19672131147540983,0.15683060109289615,0.15683060109289615,0.1407103825136612,0.1407103825136612,0.19672131147540983,0.19672131147540983,0.21311475409836064,0.26229508196721313,0.36065573770491804,0.4262295081967213,0.4918032786885246,0.19672131147540983
2.2,S2.2_ItoF_2_S2toS1,RandomForest,123,61,61,"{'n_estimators': 100, 'max_depth': 10, 'min_samples_split': 2, 'min_samples_leaf': 1, 'max_features': 'sqrt', 'bootstrap': True}",scenario_results_scenarios_2025-12-21_165745_early_stop/randomforest_S2.2_ItoF_2_S2toS1_2025-12-21_165745_seed123_early_stop.pkl,1.0,1.0,1.0,1.0,1.0,1.0,1.0,1.0,1.0,1.0,1.0,1.0,1.0,0.26229508196721313,0.1759562841530055,0.1759562841530055,0.14344262295081966,0.14344262295081966,0.26229508196721313,0.26229508196721313,0.2786885245901639,0.4098360655737705,0.5573770491803278,0.6065573770491803,0.6557377049180327,0.2459016393442623
2.2,S2.2_ItoF_3_S2toS1,RandomForest,123,61,61,"{'n_estimators': 100, 'max_depth': 10, 'min_samples_split': 2, 'min_samples_leaf': 1, 'max_features': 'sqrt', 'bootstrap': True}",scenario_results_scenarios_2025-12-21_165745_early_stop/randomforest_S2.2_ItoF_3_S2toS1_2025-12-21_165745_seed123_early_stop.pkl,1.0,1.0,1.0,1.0,1.0,1.0,1.0,1.0,1.0,1.0,1.0,1.0,1.0,0.26229508196721313,0.20874316939890708,0.20874316939890708,0.18442622950819673,0.18442622950819673,0.26229508196721313,0.26229508196721313,0.22950819672131148,0.45901639344262296,0.5245901639344263,0.5901639344262295,0.6229508196721312,0.22950819672131148
2.2,S2.2_TtoF_1_S2toS1,RandomForest,123,61,61,"{'n_estimators': 100, 'max_depth': 10, 'min_samples_split': 2, 'min_samples_leaf': 1, 'max_features': 'sqrt', 'bootstrap': True}",scenario_results_scenarios_2025-12-21_165745_early_stop/randomforest_S2.2_TtoF_1_S2toS1_2025-12-21_165745_seed123_early_stop.pkl,1.0,1.0,1.0,1.0,1.0,1.0,1.0,1.0,1.0,1.0,1.0,1.0,1.0,0.21311475409836064,0.17049180327868851,0.17049180327868851,0.15437158469945353,0.15437158469945353,0.21311475409836064,0.21311475409836064,0.21311475409836064,0.39344262295081966,0.45901639344262296,0.5573770491803278,0.639344262295082,0.21311475409836064
2.2,S2.2_TtoF_2_S2toS1,RandomForest,123,61,61,"{'n_estimators': 100, 'max_depth': 10, 'min_samples_split': 2, 'min_samples_leaf': 1, 'max_features': 'sqrt', 'bootstrap': True}",scenario_results_scenarios_2025-12-21_165745_early_stop/randomforest_S2.2_TtoF_2_S2toS1_2025-12-21_165745_seed123_early_stop.pkl,1.0,1.0,1.0,1.0,1.0,1.0,1.0,1.0,1.0,1.0,1.0,1.0,1.0,0.2459016393442623,0.17759562841530052,0.17759562841530052,0.15027322404371585,0.15027322404371585,0.2459016393442623,0.2459016393442623,0.22950819672131148,0.4262295081967213,0.5573770491803278,0.5901639344262295,0.6229508196721312,0.22950819672131148
2.2,S2.2_TtoF_3_S2toS1,RandomForest,123,61,61,"{'n_estimators': 100, 'max_depth': 10, 'min_samples_split': 2, 'min_samples_leaf': 1, 'max_features': 'sqrt', 'bootstrap': True}",scenario_results_scenarios_2025-12-21_165745_early_stop/randomforest_S2.2_TtoF_3_S2toS1_2025-12-21_165745_seed123_early_stop.pkl,1.0,1.0,1.0,1.0,1.0,1.0,1.0,1.0,1.0,1.0,1.0,1.0,1.0,0.21311475409836064,0.15683060109289615,0.15683060109289615,0.13524590163934427,0.13524590163934427,0.21311475409836064,0.21311475409836064,0.22950819672131148,0.4426229508196721,0.5245901639344263,0.5573770491803278,0.5901639344262295,0.19672131147540983
2.2,S2.2_TtoI_1_S2toS1,RandomForest,123,61,61,"{'n_estimators': 100, 'max_depth': 10, 'min_samples_split': 2, 'min_samples_leaf': 1, 'max_features': 'sqrt', 'bootstrap': True}",scenario_results_scenarios_2025-12-21_165745_early_stop/randomforest_S2.2_TtoI_1_S2toS1_2025-12-21_165745_seed123_early_stop.pkl,1.0,1.0,1.0,1.0,1.0,1.0,1.0,1.0,1.0,1.0,1.0,1.0,1.0,0.18032786885245902,0.13060109289617486,0.13060109289617486,0.11202185792349727,0.11202185792349727,0.18032786885245902,0.18032786885245902,0.16393442622950818,0.3114754098360656,0.4426229508196721,0.4918032786885246,0.5409836065573771,0.16393442622950818
2.2,S2.2_TtoI_2_S2toS1,RandomForest,123,61,61,"{'n_estimators': 100, 'max_depth': 10, 'min_samples_split': 2, 'min_samples_leaf': 1, 'max_features': 'sqrt', 'bootstrap': True}",scenario_results_scenarios_2025-12-21_165745_early_stop/randomforest_S2.2_TtoI_2_S2toS1_2025-12-21_165745_seed123_early_stop.pkl,1.0,1.0,1.0,1.0,1.0,1.0,1.0,1.0,1.0,1.0,1.0,1.0,1.0,0.22950819672131148,0.1622950819672131,0.1622950819672131,0.13524590163934427,0.13524590163934427,0.22950819672131148,0.22950819672131148,0.2459016393442623,0.3442622950819672,0.4426229508196721,0.5409836065573771,0.6065573770491803,0.22950819672131148
2.2,S2.2_TtoI_3_S2toS1,RandomForest,123,61,61,"{'n_estimators': 100, 'max_depth': 10, 'min_samples_split': 2, 'min_samples_leaf': 1, 'max_features': 'sqrt', 'bootstrap': True}",scenario_results_scenarios_2025-12-21_165745_early_stop/randomforest_S2.2_TtoI_3_S2toS1_2025-12-21_165745_seed123_early_stop.pkl,1.0,1.0,1.0,1.0,1.0,1.0,1.0,1.0,1.0,1.0,1.0,1.0,1.0,0.26229508196721313,0.19508196721311474,0.19508196721311474,0.17076502732240437,0.17076502732240437,0.26229508196721313,0.26229508196721313,0.26229508196721313,0.39344262295081966,0.47540983606557374,0.5081967213114754,0.5737704918032787,0.2459016393442623
2.2,S2.2_FtoI_1_S2toS1,XGBoost,123,61,61,"{'n_estimators': 1000, 'max_depth': 4, 'learning_rate': 0.05, 'subsample': 0.8, 'colsample_bytree': 0.8, 'reg_lambda': 1, 'device': 'cuda'}",scenario_results_scenarios_2025-12-21_165745_early_stop/xgboost_S2.2_FtoI_1_S2toS1_2025-12-21_165745_seed123_early_stop.pkl,0.01639344262295082,0.0005288207297726071,0.0005288207297726071,0.0002687449610319807,0.0002687449610319807,0.01639344262295082,0.01639344262295082,0.01639344262295082,0.03278688524590164,0.04918032786885246,0.06557377049180328,0.08196721311475409,0.01639344262295082,0.01639344262295082,0.0005288207297726071,0.0005288207297726071,0.0002687449610319807,0.0002687449610319807,0.01639344262295082,0.01639344262295082,0.01639344262295082,0.03278688524590164,0.04918032786885246,0.06557377049180328,0.08196721311475409,0.01639344262295082
2.2,S2.2_FtoI_2_S2toS1,XGBoost,123,61,61,"{'n_estimators': 1000, 'max_depth': 4, 'learning_rate': 0.05, 'subsample': 0.8, 'colsample_bytree': 0.8, 'reg_lambda': 1, 'device': 'cuda'}",scenario_results_scenarios_2025-12-21_165745_early_stop/xgboost_S2.2_FtoI_2_S2toS1_2025-12-21_165745_seed123_early_stop.pkl,0.01639344262295082,0.0005288207297726071,0.0005288207297726071,0.0002687449610319807,0.0002687449610319807,0.01639344262295082,0.01639344262295082,0.01639344262295082,0.03278688524590164,0.04918032786885246,0.06557377049180328,0.08196721311475409,0.01639344262295082,0.01639344262295082,0.0005288207297726071,0.0005288207297726071,0.0002687449610319807,0.0002687449610319807,0.01639344262295082,0.01639344262295082,0.01639344262295082,0.03278688524590164,0.04918032786885246,0.06557377049180328,0.08196721311475409,0.01639344262295082
2.2,S2.2_FtoI_3_S2toS1,XGBoost,123,61,61,"{'n_estimators': 1000, 'max_depth': 4, 'learning_rate': 0.05, 'subsample': 0.8, 'colsample_bytree': 0.8, 'reg_lambda': 1, 'device': 'cuda'}",scenario_results_scenarios_2025-12-21_165745_early_stop/xgboost_S2.2_FtoI_3_S2toS1_2025-12-21_165745_seed123_early_stop.pkl,0.01639344262295082,0.0005288207297726071,0.0005288207297726071,0.0002687449610319807,0.0002687449610319807,0.01639344262295082,0.01639344262295082,0.01639344262295082,0.03278688524590164,0.04918032786885246,0.06557377049180328,0.08196721311475409,0.01639344262295082,0.01639344262295082,0.0005288207297726071,0.0005288207297726071,0.0002687449610319807,0.0002687449610319807,0.01639344262295082,0.01639344262295082,0.01639344262295082,0.03278688524590164,0.04918032786885246,0.06557377049180328,0.08196721311475409,0.01639344262295082
2.2,S2.2_FtoT_1_S2toS1,XGBoost,123,61,61,"{'n_estimators': 1000, 'max_depth': 4, 'learning_rate': 0.05, 'subsample': 0.8, 'colsample_bytree': 0.8, 'reg_lambda': 1, 'device': 'cuda'}",scenario_results_scenarios_2025-12-21_165745_early_stop/xgboost_S2.2_FtoT_1_S2toS1_2025-12-21_165745_seed123_early_stop.pkl,0.01639344262295082,0.0005288207297726071,0.0005288207297726071,0.0002687449610319807,0.0002687449610319807,0.01639344262295082,0.01639344262295082,0.01639344262295082,0.03278688524590164,0.04918032786885246,0.06557377049180328,0.08196721311475409,0.01639344262295082,0.01639344262295082,0.0005288207297726071,0.0005288207297726071,0.0002687449610319807,0.0002687449610319807,0.01639344262295082,0.01639344262295082,0.01639344262295082,0.03278688524590164,0.04918032786885246,0.06557377049180328,0.08196721311475409,0.01639344262295082
2.2,S2.2_FtoT_2_S2toS1,XGBoost,123,61,61,"{'n_estimators': 1000, 'max_depth': 4, 'learning_rate': 0.05, 'subsample': 0.8, 'colsample_bytree': 0.8, 'reg_lambda': 1, 'device': 'cuda'}",scenario_results_scenarios_2025-12-21_165745_early_stop/xgboost_S2.2_FtoT_2_S2toS1_2025-12-21_165745_seed123_early_stop.pkl,0.01639344262295082,0.0005288207297726071,0.0005288207297726071,0.0002687449610319807,0.0002687449610319807,0.01639344262295082,0.01639344262295082,0.01639344262295082,0.03278688524590164,0.04918032786885246,0.06557377049180328,0.08196721311475409,0.01639344262295082,0.01639344262295082,0.0005288207297726071,0.0005288207297726071,0.0002687449610319807,0.0002687449610319807,0.01639344262295082,0.01639344262295082,0.01639344262295082,0.03278688524590164,0.04918032786885246,0.06557377049180328,0.08196721311475409,0.01639344262295082
2.2,S2.2_FtoT_3_S2toS1,XGBoost,123,61,61,"{'n_estimators': 1000, 'max_depth': 4, 'learning_rate': 0.05, 'subsample': 0.8, 'colsample_bytree': 0.8, 'reg_lambda': 1, 'device': 'cuda'}",scenario_results_scenarios_2025-12-21_165745_early_stop/xgboost_S2.2_FtoT_3_S2toS1_2025-12-21_165745_seed123_early_stop.pkl,0.01639344262295082,0.0005288207297726071,0.0005288207297726071,0.0002687449610319807,0.0002687449610319807,0.01639344262295082,0.01639344262295082,0.01639344262295082,0.03278688524590164,0.04918032786885246,0.06557377049180328,0.08196721311475409,0.01639344262295082,0.01639344262295082,0.0005288207297726071,0.0005288207297726071,0.0002687449610319807,0.0002687449610319807,0.01639344262295082,0.01639344262295082,0.01639344262295082,0.03278688524590164,0.04918032786885246,0.06557377049180328,0.08196721311475409,0.01639344262295082
2.2,S2.2_ItoT_1_S2toS1,XGBoost,123,61,61,"{'n_estimators': 1000, 'max_depth': 4, 'learning_rate': 0.05, 'subsample': 0.8, 'colsample_bytree': 0.8, 'reg_lambda': 1, 'device': 'cuda'}",scenario_results_scenarios_2025-12-21_165745_early_stop/xgboost_S2.2_ItoT_1_S2toS1_2025-12-21_165745_seed123_early_stop.pkl,0.01639344262295082,0.0005288207297726071,0.0005288207297726071,0.0002687449610319807,0.0002687449610319807,0.01639344262295082,0.01639344262295082,0.01639344262295082,0.03278688524590164,0.04918032786885246,0.06557377049180328,0.08196721311475409,0.01639344262295082,0.01639344262295082,0.0005288207297726071,0.0005288207297726071,0.0002687449610319807,0.0002687449610319807,0.01639344262295082,0.01639344262295082,0.01639344262295082,0.03278688524590164,0.04918032786885246,0.06557377049180328,0.08196721311475409,0.01639344262295082
2.2,S2.2_ItoT_2_S2toS1,XGBoost,123,61,61,"{'n_estimators': 1000, 'max_depth': 4, 'learning_rate': 0.05, 'subsample': 0.8, 'colsample_bytree': 0.8, 'reg_lambda': 1, 'device': 'cuda'}",scenario_results_scenarios_2025-12-21_165745_early_stop/xgboost_S2.2_ItoT_2_S2toS1_2025-12-21_165745_seed123_early_stop.pkl,0.01639344262295082,0.0005288207297726071,0.0005288207297726071,0.0002687449610319807,0.0002687449610319807,0.01639344262295082,0.01639344262295082,0.01639344262295082,0.03278688524590164,0.04918032786885246,0.06557377049180328,0.08196721311475409,0.01639344262295082,0.01639344262295082,0.0005288207297726071,0.0005288207297726071,0.0002687449610319807,0.0002687449610319807,0.01639344262295082,0.01639344262295082,0.01639344262295082,0.03278688524590164,0.04918032786885246,0.06557377049180328,0.08196721311475409,0.01639344262295082
2.2,S2.2_ItoT_3_S2toS1,XGBoost,123,61,61,"{'n_estimators': 1000, 'max_depth': 4, 'learning_rate': 0.05, 'subsample': 0.8, 'colsample_bytree': 0.8, 'reg_lambda': 1, 'device': 'cuda'}",scenario_results_scenarios_2025-12-21_165745_early_stop/xgboost_S2.2_ItoT_3_S2toS1_2025-12-21_165745_seed123_early_stop.pkl,0.01639344262295082,0.0005288207297726071,0.0005288207297726071,0.0002687449610319807,0.0002687449610319807,0.01639344262295082,0.01639344262295082,0.01639344262295082,0.03278688524590164,0.04918032786885246,0.06557377049180328,0.08196721311475409,0.01639344262295082,0.01639344262295082,0.0005288207297726071,0.0005288207297726071,0.0002687449610319807,0.0002687449610319807,0.01639344262295082,0.01639344262295082,0.01639344262295082,0.03278688524590164,0.04918032786885246,0.06557377049180328,0.08196721311475409,0.01639344262295082
2.2,S2.2_ItoF_1_S2toS1,XGBoost,123,61,61,"{'n_estimators': 1000, 'max_depth': 4, 'learning_rate': 0.05, 'subsample': 0.8, 'colsample_bytree': 0.8, 'reg_lambda': 1, 'device': 'cuda'}",scenario_results_scenarios_2025-12-21_165745_early_stop/xgboost_S2.2_ItoF_1_S2toS1_2025-12-21_165745_seed123_early_stop.pkl,0.01639344262295082,0.0005288207297726071,0.0005288207297726071,0.0002687449610319807,0.0002687449610319807,0.01639344262295082,0.01639344262295082,0.01639344262295082,0.03278688524590164,0.04918032786885246,0.06557377049180328,0.08196721311475409,0.01639344262295082,0.01639344262295082,0.0005288207297726071,0.0005288207297726071,0.0002687449610319807,0.0002687449610319807,0.01639344262295082,0.01639344262295082,0.01639344262295082,0.03278688524590164,0.04918032786885246,0.06557377049180328,0.08196721311475409,0.01639344262295082
2.2,S2.2_ItoF_2_S2toS1,XGBoost,123,61,61,"{'n_estimators': 1000, 'max_depth': 4, 'learning_rate': 0.05, 'subsample': 0.8, 'colsample_bytree': 0.8, 'reg_lambda': 1, 'device': 'cuda'}",scenario_results_scenarios_2025-12-21_165745_early_stop/xgboost_S2.2_ItoF_2_S2toS1_2025-12-21_165745_seed123_early_stop.pkl,0.01639344262295082,0.0005288207297726071,0.0005288207297726071,0.0002687449610319807,0.0002687449610319807,0.01639344262295082,0.01639344262295082,0.01639344262295082,0.03278688524590164,0.04918032786885246,0.06557377049180328,0.08196721311475409,0.01639344262295082,0.01639344262295082,0.0005288207297726071,0.0005288207297726071,0.0002687449610319807,0.0002687449610319807,0.01639344262295082,0.01639344262295082,0.01639344262295082,0.03278688524590164,0.04918032786885246,0.06557377049180328,0.08196721311475409,0.01639344262295082
2.2,S2.2_ItoF_3_S2toS1,XGBoost,123,61,61,"{'n_estimators': 1000, 'max_depth': 4, 'learning_rate': 0.05, 'subsample': 0.8, 'colsample_bytree': 0.8, 'reg_lambda': 1, 'device': 'cuda'}",scenario_results_scenarios_2025-12-21_165745_early_stop/xgboost_S2.2_ItoF_3_S2toS1_2025-12-21_165745_seed123_early_stop.pkl,0.01639344262295082,0.0005288207297726071,0.0005288207297726071,0.0002687449610319807,0.0002687449610319807,0.01639344262295082,0.01639344262295082,0.01639344262295082,0.03278688524590164,0.04918032786885246,0.06557377049180328,0.08196721311475409,0.01639344262295082,0.01639344262295082,0.0005288207297726071,0.0005288207297726071,0.0002687449610319807,0.0002687449610319807,0.01639344262295082,0.01639344262295082,0.01639344262295082,0.03278688524590164,0.04918032786885246,0.06557377049180328,0.08196721311475409,0.01639344262295082
2.2,S2.2_TtoF_1_S2toS1,XGBoost,123,61,61,"{'n_estimators': 1000, 'max_depth': 4, 'learning_rate': 0.05, 'subsample': 0.8, 'colsample_bytree': 0.8, 'reg_lambda': 1, 'device': 'cuda'}",scenario_results_scenarios_2025-12-21_165745_early_stop/xgboost_S2.2_TtoF_1_S2toS1_2025-12-21_165745_seed123_early_stop.pkl,0.01639344262295082,0.0005288207297726071,0.0005288207297726071,0.0002687449610319807,0.0002687449610319807,0.01639344262295082,0.01639344262295082,0.01639344262295082,0.03278688524590164,0.04918032786885246,0.06557377049180328,0.08196721311475409,0.01639344262295082,0.01639344262295082,0.0005288207297726071,0.0005288207297726071,0.0002687449610319807,0.0002687449610319807,0.01639344262295082,0.01639344262295082,0.01639344262295082,0.03278688524590164,0.04918032786885246,0.06557377049180328,0.08196721311475409,0.01639344262295082
2.2,S2.2_TtoF_2_S2toS1,XGBoost,123,61,61,"{'n_estimators': 1000, 'max_depth': 4, 'learning_rate': 0.05, 'subsample': 0.8, 'colsample_bytree': 0.8, 'reg_lambda': 1, 'device': 'cuda'}",scenario_results_scenarios_2025-12-21_165745_early_stop/xgboost_S2.2_TtoF_2_S2toS1_2025-12-21_165745_seed123_early_stop.pkl,0.01639344262295082,0.0005288207297726071,0.0005288207297726071,0.0002687449610319807,0.0002687449610319807,0.01639344262295082,0.01639344262295082,0.01639344262295082,0.03278688524590164,0.04918032786885246,0.06557377049180328,0.08196721311475409,0.01639344262295082,0.01639344262295082,0.0005288207297726071,0.0005288207297726071,0.0002687449610319807,0.0002687449610319807,0.01639344262295082,0.01639344262295082,0.01639344262295082,0.03278688524590164,0.04918032786885246,0.06557377049180328,0.08196721311475409,0.01639344262295082
2.2,S2.2_TtoF_3_S2toS1,XGBoost,123,61,61,"{'n_estimators': 1000, 'max_depth': 4, 'learning_rate': 0.05, 'subsample': 0.8, 'colsample_bytree': 0.8, 'reg_lambda': 1, 'device': 'cuda'}",scenario_results_scenarios_2025-12-21_165745_early_stop/xgboost_S2.2_TtoF_3_S2toS1_2025-12-21_165745_seed123_early_stop.pkl,0.01639344262295082,0.0005288207297726071,0.0005288207297726071,0.0002687449610319807,0.0002687449610319807,0.01639344262295082,0.01639344262295082,0.01639344262295082,0.03278688524590164,0.04918032786885246,0.06557377049180328,0.08196721311475409,0.01639344262295082,0.01639344262295082,0.0005288207297726071,0.0005288207297726071,0.0002687449610319807,0.0002687449610319807,0.01639344262295082,0.01639344262295082,0.01639344262295082,0.03278688524590164,0.04918032786885246,0.06557377049180328,0.08196721311475409,0.01639344262295082
2.2,S2.2_TtoI_1_S2toS1,XGBoost,123,61,61,"{'n_estimators': 1000, 'max_depth': 4, 'learning_rate': 0.05, 'subsample': 0.8, 'colsample_bytree': 0.8, 'reg_lambda': 1, 'device': 'cuda'}",scenario_results_scenarios_2025-12-21_165745_early_stop/xgboost_S2.2_TtoI_1_S2toS1_2025-12-21_165745_seed123_early_stop.pkl,0.01639344262295082,0.0005288207297726071,0.0005288207297726071,0.0002687449610319807,0.0002687449610319807,0.01639344262295082,0.01639344262295082,0.01639344262295082,0.03278688524590164,0.04918032786885246,0.06557377049180328,0.08196721311475409,0.01639344262295082,0.01639344262295082,0.0005288207297726071,0.0005288207297726071,0.0002687449610319807,0.0002687449610319807,0.01639344262295082,0.01639344262295082,0.01639344262295082,0.03278688524590164,0.04918032786885246,0.06557377049180328,0.08196721311475409,0.01639344262295082
2.2,S2.2_TtoI_2_S2toS1,XGBoost,123,61,61,"{'n_estimators': 1000, 'max_depth': 4, 'learning_rate': 0.05, 'subsample': 0.8, 'colsample_bytree': 0.8, 'reg_lambda': 1, 'device': 'cuda'}",scenario_results_scenarios_2025-12-21_165745_early_stop/xgboost_S2.2_TtoI_2_S2toS1_2025-12-21_165745_seed123_early_stop.pkl,0.01639344262295082,0.0005288207297726071,0.0005288207297726071,0.0002687449610319807,0.0002687449610319807,0.01639344262295082,0.01639344262295082,0.01639344262295082,0.03278688524590164,0.04918032786885246,0.06557377049180328,0.08196721311475409,0.01639344262295082,0.01639344262295082,0.0005288207297726071,0.0005288207297726071,0.0002687449610319807,0.0002687449610319807,0.01639344262295082,0.01639344262295082,0.01639344262295082,0.03278688524590164,0.04918032786885246,0.06557377049180328,0.08196721311475409,0.01639344262295082
2.2,S2.2_TtoI_3_S2toS1,XGBoost,123,61,61,"{'n_estimators': 1000, 'max_depth': 4, 'learning_rate': 0.05, 'subsample': 0.8, 'colsample_bytree': 0.8, 'reg_lambda': 1, 'device': 'cuda'}",scenario_results_scenarios_2025-12-21_165745_early_stop/xgboost_S2.2_TtoI_3_S2toS1_2025-12-21_165745_seed123_early_stop.pkl,0.01639344262295082,0.0005288207297726071,0.0005288207297726071,0.0002687449610319807,0.0002687449610319807,0.01639344262295082,0.01639344262295082,0.01639344262295082,0.03278688524590164,0.04918032786885246,0.06557377049180328,0.08196721311475409,0.01639344262295082,0.01639344262295082,0.0005288207297726071,0.0005288207297726071,0.0002687449610319807,0.0002687449610319807,0.01639344262295082,0.01639344262295082,0.01639344262295082,0.03278688524590164,0.04918032786885246,0.06557377049180328,0.08196721311475409,0.01639344262295082
2.2,S2.2_FtoI_1_S2toS1,CatBoost,123,61,61,"{'iterations': 1000, 'depth': 4, 'learning_rate': 0.05, 'l2_leaf_reg': 1, 'border_count': 32}",scenario_results_scenarios_2025-12-21_165745_early_stop/catboost_S2.2_FtoI_1_S2toS1_2025-12-21_165745_seed123_early_stop.pkl,1.0,1.0,1.0,1.0,1.0,1.0,1.0,1.0,1.0,1.0,1.0,1.0,1.0,0.32786885245901637,0.2590163934426229,0.2590163934426229,0.23224043715846993,0.23224043715846993,0.32786885245901637,0.32786885245901637,0.32786885245901637,0.47540983606557374,0.5573770491803278,0.6721311475409836,0.7213114754098361,0.32786885245901637
2.2,S2.2_FtoI_2_S2toS1,CatBoost,123,61,61,"{'iterations': 1000, 'depth': 4, 'learning_rate': 0.05, 'l2_leaf_reg': 1, 'border_count': 32}",scenario_results_scenarios_2025-12-21_165745_early_stop/catboost_S2.2_FtoI_2_S2toS1_2025-12-21_165745_seed123_early_stop.pkl,1.0,1.0,1.0,1.0,1.0,1.0,1.0,1.0,1.0,1.0,1.0,1.0,1.0,0.3442622950819672,0.260655737704918,0.260655737704918,0.22814207650273224,0.22814207650273224,0.3442622950819672,0.3442622950819672,0.3442622950819672,0.5081967213114754,0.5901639344262295,0.6557377049180327,0.7049180327868853,0.3442622950819672
2.2,S2.2_FtoI_3_S2toS1,CatBoost,123,61,61,"{'iterations': 1000, 'depth': 4, 'learning_rate': 0.05, 'l2_leaf_reg': 1, 'border_count': 32}",scenario_results_scenarios_2025-12-21_165745_early_stop/catboost_S2.2_FtoI_3_S2toS1_2025-12-21_165745_seed123_early_stop.pkl,1.0,1.0,1.0,1.0,1.0,1.0,1.0,1.0,1.0,1.0,1.0,1.0,1.0,0.2459016393442623,0.1912568306010929,0.1912568306010929,0.16721311475409834,0.16721311475409834,0.2459016393442623,0.2459016393442623,0.2459016393442623,0.4098360655737705,0.5573770491803278,0.639344262295082,0.7049180327868853,0.2459016393442623
2.2,S2.2_FtoT_1_S2toS1,CatBoost,123,61,61,"{'iterations': 1000, 'depth': 4, 'learning_rate': 0.05, 'l2_leaf_reg': 1, 'border_count': 32}",scenario_results_scenarios_2025-12-21_165745_early_stop/catboost_S2.2_FtoT_1_S2toS1_2025-12-21_165745_seed123_early_stop.pkl,1.0,1.0,1.0,1.0,1.0,1.0,1.0,1.0,1.0,1.0,1.0,1.0,1.0,0.2459016393442623,0.18688524590163932,0.18688524590163932,0.16584699453551913,0.16584699453551913,0.2459016393442623,0.2459016393442623,0.2459016393442623,0.4426229508196721,0.5573770491803278,0.639344262295082,0.6721311475409836,0.2459016393442623
2.2,S2.2_FtoT_2_S2toS1,CatBoost,123,61,61,"{'iterations': 1000, 'depth': 4, 'learning_rate': 0.05, 'l2_leaf_reg': 1, 'border_count': 32}",scenario_results_scenarios_2025-12-21_165745_early_stop/catboost_S2.2_FtoT_2_S2toS1_2025-12-21_165745_seed123_early_stop.pkl,1.0,1.0,1.0,1.0,1.0,1.0,1.0,1.0,1.0,1.0,1.0,1.0,1.0,0.36065573770491804,0.2786885245901639,0.2786885245901639,0.246448087431694,0.246448087431694,0.36065573770491804,0.36065573770491804,0.36065573770491804,0.5081967213114754,0.6557377049180327,0.7377049180327869,0.7704918032786885,0.36065573770491804
2.2,S2.2_FtoT_3_S2toS1,CatBoost,123,61,61,"{'iterations': 1000, 'depth': 4, 'learning_rate': 0.05, 'l2_leaf_reg': 1, 'border_count': 32}",scenario_results_scenarios_2025-12-21_165745_early_stop/catboost_S2.2_FtoT_3_S2toS1_2025-12-21_165745_seed123_early_stop.pkl,1.0,1.0,1.0,1.0,1.0,1.0,1.0,1.0,1.0,1.0,1.0,1.0,1.0,0.3770491803278688,0.29234972677595633,0.29234972677595633,0.25737704918032783,0.25737704918032783,0.3770491803278688,0.3770491803278688,0.3770491803278688,0.5245901639344263,0.6557377049180327,0.7377049180327869,0.7704918032786885,0.3770491803278688
2.2,S2.2_ItoT_1_S2toS1,CatBoost,123,61,61,"{'iterations': 1000, 'depth': 4, 'learning_rate': 0.05, 'l2_leaf_reg': 1, 'border_count': 32}",scenario_results_scenarios_2025-12-21_165745_early_stop/catboost_S2.2_ItoT_1_S2toS1_2025-12-21_165745_seed123_early_stop.pkl,1.0,1.0,1.0,1.0,1.0,1.0,1.0,1.0,1.0,1.0,1.0,1.0,1.0,0.18032786885245902,0.13934426229508196,0.13934426229508196,0.12295081967213115,0.12295081967213115,0.18032786885245902,0.18032786885245902,0.18032786885245902,0.36065573770491804,0.4426229508196721,0.5737704918032787,0.6721311475409836,0.18032786885245902
2.2,S2.2_ItoT_2_S2toS1,CatBoost,123,61,61,"{'iterations': 1000, 'depth': 4, 'learning_rate': 0.05, 'l2_leaf_reg': 1, 'border_count': 32}",scenario_results_scenarios_2025-12-21_165745_early_stop/catboost_S2.2_ItoT_2_S2toS1_2025-12-21_165745_seed123_early_stop.pkl,1.0,1.0,1.0,1.0,1.0,1.0,1.0,1.0,1.0,1.0,1.0,1.0,1.0,0.32786885245901637,0.2633879781420765,0.2633879781420765,0.2363387978142076,0.2363387978142076,0.32786885245901637,0.32786885245901637,0.32786885245901637,0.5737704918032787,0.6885245901639344,0.7049180327868853,0.7540983606557377,0.32786885245901637
2.2,S2.2_ItoT_3_S2toS1,CatBoost,123,61,61,"{'iterations': 1000, 'depth': 4, 'learning_rate': 0.05, 'l2_leaf_reg': 1, 'border_count': 32}",scenario_results_scenarios_2025-12-21_165745_early_stop/catboost_S2.2_ItoT_3_S2toS1_2025-12-21_165745_seed123_early_stop.pkl,1.0,1.0,1.0,1.0,1.0,1.0,1.0,1.0,1.0,1.0,1.0,1.0,1.0,0.36065573770491804,0.2863387978142077,0.2863387978142077,0.2540983606557377,0.2540983606557377,0.36065573770491804,0.36065573770491804,0.36065573770491804,0.5737704918032787,0.6557377049180327,0.7213114754098361,0.7704918032786885,0.36065573770491804
2.2,S2.2_ItoF_1_S2toS1,CatBoost,123,61,61,"{'iterations': 1000, 'depth': 4, 'learning_rate': 0.05, 'l2_leaf_reg': 1, 'border_count': 32}",scenario_results_scenarios_2025-12-21_165745_early_stop/catboost_S2.2_ItoF_1_S2toS1_2025-12-21_165745_seed123_early_stop.pkl,1.0,1.0,1.0,1.0,1.0,1.0,1.0,1.0,1.0,1.0,1.0,1.0,1.0,0.21311475409836064,0.14043715846994534,0.14043715846994534,0.11448087431693989,0.11448087431693989,0.21311475409836064,0.21311475409836064,0.21311475409836064,0.3442622950819672,0.4918032786885246,0.5245901639344263,0.5409836065573771,0.21311475409836064
2.2,S2.2_ItoF_2_S2toS1,CatBoost,123,61,61,"{'iterations': 1000, 'depth': 4, 'learning_rate': 0.05, 'l2_leaf_reg': 1, 'border_count': 32}",scenario_results_scenarios_2025-12-21_165745_early_stop/catboost_S2.2_ItoF_2_S2toS1_2025-12-21_165745_seed123_early_stop.pkl,1.0,1.0,1.0,1.0,1.0,1.0,1.0,1.0,1.0,1.0,1.0,1.0,1.0,0.3442622950819672,0.26151444184231065,0.26151444184231065,0.22404371584699453,0.22404371584699453,0.3442622950819672,0.3442622950819672,0.3442622950819672,0.4918032786885246,0.639344262295082,0.7213114754098361,0.7377049180327869,0.3442622950819672
2.2,S2.2_ItoF_3_S2toS1,CatBoost,123,61,61,"{'iterations': 1000, 'depth': 4, 'learning_rate': 0.05, 'l2_leaf_reg': 1, 'border_count': 32}",scenario_results_scenarios_2025-12-21_165745_early_stop/catboost_S2.2_ItoF_3_S2toS1_2025-12-21_165745_seed123_early_stop.pkl,1.0,1.0,1.0,1.0,1.0,1.0,1.0,1.0,1.0,1.0,1.0,1.0,1.0,0.4098360655737705,0.34972677595628415,0.34972677595628415,0.3224043715846994,0.3224043715846994,0.4098360655737705,0.4098360655737705,0.4098360655737705,0.5081967213114754,0.6065573770491803,0.6885245901639344,0.7377049180327869,0.4098360655737705
2.2,S2.2_TtoF_1_S2toS1,CatBoost,123,61,61,"{'iterations': 1000, 'depth': 4, 'learning_rate': 0.05, 'l2_leaf_reg': 1, 'border_count': 32}",scenario_results_scenarios_2025-12-21_165745_early_stop/catboost_S2.2_TtoF_1_S2toS1_2025-12-21_165745_seed123_early_stop.pkl,1.0,1.0,1.0,1.0,1.0,1.0,1.0,1.0,1.0,1.0,1.0,1.0,1.0,0.32786885245901637,0.24262295081967208,0.24262295081967208,0.2076502732240437,0.2076502732240437,0.32786885245901637,0.32786885245901637,0.32786885245901637,0.5245901639344263,0.5737704918032787,0.6557377049180327,0.7213114754098361,0.32786885245901637
2.2,S2.2_TtoF_2_S2toS1,CatBoost,123,61,61,"{'iterations': 1000, 'depth': 4, 'learning_rate': 0.05, 'l2_leaf_reg': 1, 'border_count': 32}",scenario_results_scenarios_2025-12-21_165745_early_stop/catboost_S2.2_TtoF_2_S2toS1_2025-12-21_165745_seed123_early_stop.pkl,1.0,1.0,1.0,1.0,1.0,1.0,1.0,1.0,1.0,1.0,1.0,1.0,1.0,0.29508196721311475,0.21857923497267756,0.21857923497267756,0.18579234972677597,0.18579234972677597,0.29508196721311475,0.29508196721311475,0.29508196721311475,0.45901639344262296,0.5901639344262295,0.6229508196721312,0.7213114754098361,0.29508196721311475
2.2,S2.2_TtoF_3_S2toS1,CatBoost,123,61,61,"{'iterations': 1000, 'depth': 4, 'learning_rate': 0.05, 'l2_leaf_reg': 1, 'border_count': 32}",scenario_results_scenarios_2025-12-21_165745_early_stop/catboost_S2.2_TtoF_3_S2toS1_2025-12-21_165745_seed123_early_stop.pkl,1.0,1.0,1.0,1.0,1.0,1.0,1.0,1.0,1.0,1.0,1.0,1.0,1.0,0.2459016393442623,0.17978142076502732,0.17978142076502732,0.1557377049180328,0.1557377049180328,0.2459016393442623,0.2459016393442623,0.2459016393442623,0.45901639344262296,0.5409836065573771,0.6229508196721312,0.7049180327868853,0.2459016393442623
2.2,S2.2_TtoI_1_S2toS1,CatBoost,123,61,61,"{'iterations': 1000, 'depth': 4, 'learning_rate': 0.05, 'l2_leaf_reg': 1, 'border_count': 32}",scenario_results_scenarios_2025-12-21_165745_early_stop/catboost_S2.2_TtoI_1_S2toS1_2025-12-21_165745_seed123_early_stop.pkl,1.0,1.0,1.0,1.0,1.0,1.0,1.0,1.0,1.0,1.0,1.0,1.0,1.0,0.2786885245901639,0.19726775956284154,0.19726775956284154,0.1680327868852459,0.1680327868852459,0.2786885245901639,0.2786885245901639,0.2786885245901639,0.4426229508196721,0.5573770491803278,0.6557377049180327,0.6885245901639344,0.2786885245901639
2.2,S2.2_TtoI_2_S2toS1,CatBoost,123,61,61,"{'iterations': 1000, 'depth': 4, 'learning_rate': 0.05, 'l2_leaf_reg': 1, 'border_count': 32}",scenario_results_scenarios_2025-12-21_165745_early_stop/catboost_S2.2_TtoI_2_S2toS1_2025-12-21_165745_seed123_early_stop.pkl,1.0,1.0,1.0,1.0,1.0,1.0,1.0,1.0,1.0,1.0,1.0,1.0,1.0,0.2786885245901639,0.19781420765027316,0.19781420765027316,0.16256830601092898,0.16256830601092898,0.2786885245901639,0.2786885245901639,0.2786885245901639,0.47540983606557374,0.5573770491803278,0.6229508196721312,0.6885245901639344,0.2786885245901639
2.2,S2.2_TtoI_3_S2toS1,CatBoost,123,61,61,"{'iterations': 1000, 'depth': 4, 'learning_rate': 0.05, 'l2_leaf_reg': 1, 'border_count': 32}",scenario_results_scenarios_2025-12-21_165745_early_stop/catboost_S2.2_TtoI_3_S2toS1_2025-12-21_165745_seed123_early_stop.pkl,1.0,1.0,1.0,1.0,1.0,1.0,1.0,1.0,1.0,1.0,1.0,1.0,1.0,0.26229508196721313,0.1918032786885246,0.1918032786885246,0.1680327868852459,0.1680327868852459,0.26229508196721313,0.26229508196721313,0.26229508196721313,0.45901639344262296,0.5081967213114754,0.5573770491803278,0.6229508196721312,0.26229508196721313
2.2,S2.2_FtoI_1_S2toS1,NaiveBayes,123,61,61,"{'priors': None, 'var_smoothing': 1e-09}",scenario_results_scenarios_2025-12-21_165745_early_stop/naivebayes_S2.2_FtoI_1_S2toS1_2025-12-21_165745_seed123_early_stop.pkl,1.0,1.0,1.0,1.0,1.0,1.0,1.0,1.0,1.0,1.0,1.0,1.0,1.0,0.16393442622950818,0.12021857923497266,0.12021857923497266,0.10765027322404372,0.10765027322404372,0.16393442622950818,0.16393442622950818,0.16393442622950818,0.18032786885245902,0.19672131147540983,0.21311475409836064,0.22950819672131148,0.16393442622950818
2.2,S2.2_FtoI_2_S2toS1,NaiveBayes,123,61,61,"{'priors': None, 'var_smoothing': 1e-09}",scenario_results_scenarios_2025-12-21_165745_early_stop/naivebayes_S2.2_FtoI_2_S2toS1_2025-12-21_165745_seed123_early_stop.pkl,1.0,1.0,1.0,1.0,1.0,1.0,1.0,1.0,1.0,1.0,1.0,1.0,1.0,0.2459016393442623,0.19672131147540983,0.19672131147540983,0.1748633879781421,0.1748633879781421,0.2459016393442623,0.2459016393442623,0.2459016393442623,0.26229508196721313,0.2786885245901639,0.29508196721311475,0.3114754098360656,0.2459016393442623
2.2,S2.2_FtoI_3_S2toS1,NaiveBayes,123,61,61,"{'priors': None, 'var_smoothing': 1e-09}",scenario_results_scenarios_2025-12-21_165745_early_stop/naivebayes_S2.2_FtoI_3_S2toS1_2025-12-21_165745_seed123_early_stop.pkl,1.0,1.0,1.0,1.0,1.0,1.0,1.0,1.0,1.0,1.0,1.0,1.0,1.0,0.14754098360655737,0.08961748633879782,0.08961748633879782,0.0715846994535519,0.0715846994535519,0.14754098360655737,0.14754098360655737,0.14754098360655737,0.16393442622950818,0.18032786885245902,0.21311475409836064,0.21311475409836064,0.14754098360655737
2.2,S2.2_FtoT_1_S2toS1,NaiveBayes,123,61,61,"{'priors': None, 'var_smoothing': 1e-09}",scenario_results_scenarios_2025-12-21_165745_early_stop/naivebayes_S2.2_FtoT_1_S2toS1_2025-12-21_165745_seed123_early_stop.pkl,1.0,1.0,1.0,1.0,1.0,1.0,1.0,1.0,1.0,1.0,1.0,1.0,1.0,0.16393442622950818,0.10601092896174863,0.10601092896174863,0.08469945355191257,0.08469945355191257,0.16393442622950818,0.16393442622950818,0.16393442622950818,0.18032786885245902,0.19672131147540983,0.21311475409836064,0.22950819672131148,0.16393442622950818
2.2,S2.2_FtoT_2_S2toS1,NaiveBayes,123,61,61,"{'priors': None, 'var_smoothing': 1e-09}",scenario_results_scenarios_2025-12-21_165745_early_stop/naivebayes_S2.2_FtoT_2_S2toS1_2025-12-21_165745_seed123_early_stop.pkl,1.0,1.0,1.0,1.0,1.0,1.0,1.0,1.0,1.0,1.0,1.0,1.0,1.0,0.21311475409836064,0.1530054644808743,0.1530054644808743,0.1284153005464481,0.1284153005464481,0.21311475409836064,0.21311475409836064,0.21311475409836064,0.21311475409836064,0.22950819672131148,0.2459016393442623,0.2459016393442623,0.21311475409836064
2.2,S2.2_FtoT_3_S2toS1,NaiveBayes,123,61,61,"{'priors': None, 'var_smoothing': 1e-09}",scenario_results_scenarios_2025-12-21_165745_early_stop/naivebayes_S2.2_FtoT_3_S2toS1_2025-12-21_165745_seed123_early_stop.pkl,1.0,1.0,1.0,1.0,1.0,1.0,1.0,1.0,1.0,1.0,1.0,1.0,1.0,0.14754098360655737,0.08961748633879782,0.08961748633879782,0.07103825136612021,0.07103825136612021,0.14754098360655737,0.14754098360655737,0.14754098360655737,0.16393442622950818,0.18032786885245902,0.18032786885245902,0.19672131147540983,0.14754098360655737
2.2,S2.2_ItoT_1_S2toS1,NaiveBayes,123,61,61,"{'priors': None, 'var_smoothing': 1e-09}",scenario_results_scenarios_2025-12-21_165745_early_stop/naivebayes_S2.2_ItoT_1_S2toS1_2025-12-21_165745_seed123_early_stop.pkl,1.0,1.0,1.0,1.0,1.0,1.0,1.0,1.0,1.0,1.0,1.0,1.0,1.0,0.09836065573770492,0.05846994535519126,0.05846994535519126,0.04890710382513661,0.04890710382513661,0.09836065573770492,0.09836065573770492,0.09836065573770492,0.11475409836065574,0.13114754098360656,0.13114754098360656,0.14754098360655737,0.09836065573770492
2.2,S2.2_ItoT_2_S2toS1,NaiveBayes,123,61,61,"{'priors': None, 'var_smoothing': 1e-09}",scenario_results_scenarios_2025-12-21_165745_early_stop/naivebayes_S2.2_ItoT_2_S2toS1_2025-12-21_165745_seed123_early_stop.pkl,1.0,1.0,1.0,1.0,1.0,1.0,1.0,1.0,1.0,1.0,1.0,1.0,1.0,0.22950819672131148,0.16775956284153004,0.16775956284153004,0.14344262295081966,0.14344262295081966,0.22950819672131148,0.22950819672131148,0.22950819672131148,0.2459016393442623,0.26229508196721313,0.2786885245901639,0.29508196721311475,0.22950819672131148
2.2,S2.2_ItoT_3_S2toS1,NaiveBayes,123,61,61,"{'priors': None, 'var_smoothing': 1e-09}",scenario_results_scenarios_2025-12-21_165745_early_stop/naivebayes_S2.2_ItoT_3_S2toS1_2025-12-21_165745_seed123_early_stop.pkl,1.0,1.0,1.0,1.0,1.0,1.0,1.0,1.0,1.0,1.0,1.0,1.0,1.0,0.21311475409836064,0.1407103825136612,0.1407103825136612,0.11545667447306791,0.11545667447306791,0.21311475409836064,0.21311475409836064,0.21311475409836064,0.22950819672131148,0.2459016393442623,0.2459016393442623,0.26229508196721313,0.21311475409836064
2.2,S2.2_ItoF_1_S2toS1,NaiveBayes,123,61,61,"{'priors': None, 'var_smoothing': 1e-09}",scenario_results_scenarios_2025-12-21_165745_early_stop/naivebayes_S2.2_ItoF_1_S2toS1_2025-12-21_165745_seed123_early_stop.pkl,1.0,1.0,1.0,1.0,1.0,1.0,1.0,1.0,1.0,1.0,1.0,1.0,1.0,0.14754098360655737,0.1092896174863388,0.1092896174863388,0.09289617486338797,0.09289617486338797,0.14754098360655737,0.14754098360655737,0.14754098360655737,0.16393442622950818,0.16393442622950818,0.18032786885245902,0.19672131147540983,0.14754098360655737
2.2,S2.2_ItoF_2_S2toS1,NaiveBayes,123,61,61,"{'priors': None, 'var_smoothing': 1e-09}",scenario_results_scenarios_2025-12-21_165745_early_stop/naivebayes_S2.2_ItoF_2_S2toS1_2025-12-21_165745_seed123_early_stop.pkl,1.0,1.0,1.0,1.0,1.0,1.0,1.0,1.0,1.0,1.0,1.0,1.0,1.0,0.22950819672131148,0.15409836065573768,0.15409836065573768,0.12486338797814207,0.12486338797814207,0.22950819672131148,0.22950819672131148,0.22950819672131148,0.2459016393442623,0.26229508196721313,0.2786885245901639,0.29508196721311475,0.22950819672131148
2.2,S2.2_ItoF_3_S2toS1,NaiveBayes,123,61,61,"{'priors': None, 'var_smoothing': 1e-09}",scenario_results_scenarios_2025-12-21_165745_early_stop/naivebayes_S2.2_ItoF_3_S2toS1_2025-12-21_165745_seed123_early_stop.pkl,1.0,1.0,1.0,1.0,1.0,1.0,1.0,1.0,1.0,1.0,1.0,1.0,1.0,0.21311475409836064,0.1912568306010929,0.1912568306010929,0.18306010928961747,0.18306010928961747,0.21311475409836064,0.21311475409836064,0.21311475409836064,0.22950819672131148,0.22950819672131148,0.22950819672131148,0.2459016393442623,0.21311475409836064
2.2,S2.2_TtoF_1_S2toS1,NaiveBayes,123,61,61,"{'priors': None, 'var_smoothing': 1e-09}",scenario_results_scenarios_2025-12-21_165745_early_stop/naivebayes_S2.2_TtoF_1_S2toS1_2025-12-21_165745_seed123_early_stop.pkl,1.0,1.0,1.0,1.0,1.0,1.0,1.0,1.0,1.0,1.0,1.0,1.0,1.0,0.19672131147540983,0.15792349726775956,0.15792349726775956,0.1448087431693989,0.1448087431693989,0.19672131147540983,0.19672131147540983,0.19672131147540983,0.21311475409836064,0.22950819672131148,0.2459016393442623,0.26229508196721313,0.19672131147540983
2.2,S2.2_TtoF_2_S2toS1,NaiveBayes,123,61,61,"{'priors': None, 'var_smoothing': 1e-09}",scenario_results_scenarios_2025-12-21_165745_early_stop/naivebayes_S2.2_TtoF_2_S2toS1_2025-12-21_165745_seed123_early_stop.pkl,1.0,1.0,1.0,1.0,1.0,1.0,1.0,1.0,1.0,1.0,1.0,1.0,1.0,0.21311475409836064,0.1595628415300546,0.1595628415300546,0.1412568306010929,0.1412568306010929,0.21311475409836064,0.21311475409836064,0.21311475409836064,0.22950819672131148,0.2459016393442623,0.2459016393442623,0.2459016393442623,0.21311475409836064
2.2,S2.2_TtoF_3_S2toS1,NaiveBayes,123,61,61,"{'priors': None, 'var_smoothing': 1e-09}",scenario_results_scenarios_2025-12-21_165745_early_stop/naivebayes_S2.2_TtoF_3_S2toS1_2025-12-21_165745_seed123_early_stop.pkl,1.0,1.0,1.0,1.0,1.0,1.0,1.0,1.0,1.0,1.0,1.0,1.0,1.0,0.16393442622950818,0.1150663544106167,0.1150663544106167,0.09699453551912568,0.09699453551912568,0.16393442622950818,0.16393442622950818,0.16393442622950818,0.18032786885245902,0.19672131147540983,0.19672131147540983,0.21311475409836064,0.16393442622950818
2.2,S2.2_TtoI_1_S2toS1,NaiveBayes,123,61,61,"{'priors': None, 'var_smoothing': 1e-09}",scenario_results_scenarios_2025-12-21_165745_early_stop/naivebayes_S2.2_TtoI_1_S2toS1_2025-12-21_165745_seed123_early_stop.pkl,1.0,1.0,1.0,1.0,1.0,1.0,1.0,1.0,1.0,1.0,1.0,1.0,1.0,0.13114754098360656,0.09234972677595628,0.09234972677595628,0.07923497267759562,0.07923497267759562,0.13114754098360656,0.13114754098360656,0.13114754098360656,0.14754098360655737,0.16393442622950818,0.18032786885245902,0.19672131147540983,0.13114754098360656
2.2,S2.2_TtoI_2_S2toS1,NaiveBayes,123,61,61,"{'priors': None, 'var_smoothing': 1e-09}",scenario_results_scenarios_2025-12-21_165745_early_stop/naivebayes_S2.2_TtoI_2_S2toS1_2025-12-21_165745_seed123_early_stop.pkl,1.0,1.0,1.0,1.0,1.0,1.0,1.0,1.0,1.0,1.0,1.0,1.0,1.0,0.18032786885245902,0.11612021857923496,0.11612021857923496,0.09305230288836847,0.09305230288836847,0.18032786885245902,0.18032786885245902,0.18032786885245902,0.19672131147540983,0.21311475409836064,0.21311475409836064,0.22950819672131148,0.18032786885245902
2.2,S2.2_TtoI_3_S2toS1,NaiveBayes,123,61,61,"{'priors': None, 'var_smoothing': 1e-09}",scenario_results_scenarios_2025-12-21_165745_early_stop/naivebayes_S2.2_TtoI_3_S2toS1_2025-12-21_165745_seed123_early_stop.pkl,1.0,1.0,1.0,1.0,1.0,1.0,1.0,1.0,1.0,1.0,1.0,1.0,1.0,0.13114754098360656,0.09289617486338797,0.09289617486338797,0.07923497267759562,0.07923497267759562,0.13114754098360656,0.13114754098360656,0.13114754098360656,0.14754098360655737,0.16393442622950818,0.18032786885245902,0.19672131147540983,0.13114754098360656
2.2,S2.2_FtoI_1_S2toS1,LightGBM,123,61,61,"{'n_estimators': 100, 'max_depth': 6, 'learning_rate': 0.05, 'num_leaves': 31, 'min_child_samples': 20}",scenario_results_scenarios_2025-12-21_165745_early_stop/lightgbm_S2.2_FtoI_1_S2toS1_2025-12-21_165745_seed123_early_stop.pkl,1.0,1.0,1.0,1.0,1.0,1.0,1.0,1.0,1.0,1.0,1.0,1.0,1.0,0.18032786885245902,0.13224043715846995,0.13224043715846995,0.11338797814207649,0.11338797814207649,0.18032786885245902,0.18032786885245902,0.18032786885245902,0.26229508196721313,0.3114754098360656,0.3442622950819672,0.4262295081967213,0.18032786885245902
2.2,S2.2_FtoI_2_S2toS1,LightGBM,123,61,61,"{'n_estimators': 100, 'max_depth': 6, 'learning_rate': 0.05, 'num_leaves': 31, 'min_child_samples': 20}",scenario_results_scenarios_2025-12-21_165745_early_stop/lightgbm_S2.2_FtoI_2_S2toS1_2025-12-21_165745_seed123_early_stop.pkl,1.0,1.0,1.0,1.0,1.0,1.0,1.0,1.0,1.0,1.0,1.0,1.0,1.0,0.14754098360655737,0.09398907103825135,0.09398907103825135,0.07513661202185792,0.07513661202185792,0.14754098360655737,0.14754098360655737,0.14754098360655737,0.2459016393442623,0.32786885245901637,0.3442622950819672,0.39344262295081966,0.14754098360655737
2.2,S2.2_FtoI_3_S2toS1,LightGBM,123,61,61,"{'n_estimators': 100, 'max_depth': 6, 'learning_rate': 0.05, 'num_leaves': 31, 'min_child_samples': 20}",scenario_results_scenarios_2025-12-21_165745_early_stop/lightgbm_S2.2_FtoI_3_S2toS1_2025-12-21_165745_seed123_early_stop.pkl,1.0,1.0,1.0,1.0,1.0,1.0,1.0,1.0,1.0,1.0,1.0,1.0,1.0,0.14754098360655737,0.11202185792349727,0.11202185792349727,0.09836065573770492,0.09836065573770492,0.14754098360655737,0.14754098360655737,0.14754098360655737,0.18032786885245902,0.29508196721311475,0.3442622950819672,0.39344262295081966,0.14754098360655737
2.2,S2.2_FtoT_1_S2toS1,LightGBM,123,61,61,"{'n_estimators': 100, 'max_depth': 6, 'learning_rate': 0.05, 'num_leaves': 31, 'min_child_samples': 20}",scenario_results_scenarios_2025-12-21_165745_early_stop/lightgbm_S2.2_FtoT_1_S2toS1_2025-12-21_165745_seed123_early_stop.pkl,1.0,1.0,1.0,1.0,1.0,1.0,1.0,1.0,1.0,1.0,1.0,1.0,1.0,0.18032786885245902,0.1557377049180328,0.1557377049180328,0.1448087431693989,0.1448087431693989,0.18032786885245902,0.18032786885245902,0.18032786885245902,0.2786885245901639,0.36065573770491804,0.4098360655737705,0.47540983606557374,0.18032786885245902
2.2,S2.2_FtoT_2_S2toS1,LightGBM,123,61,61,"{'n_estimators': 100, 'max_depth': 6, 'learning_rate': 0.05, 'num_leaves': 31, 'min_child_samples': 20}",scenario_results_scenarios_2025-12-21_165745_early_stop/lightgbm_S2.2_FtoT_2_S2toS1_2025-12-21_165745_seed123_early_stop.pkl,1.0,1.0,1.0,1.0,1.0,1.0,1.0,1.0,1.0,1.0,1.0,1.0,1.0,0.16393442622950818,0.10874316939890712,0.10874316939890712,0.08743169398907104,0.08743169398907104,0.16393442622950818,0.16393442622950818,0.16393442622950818,0.22950819672131148,0.3114754098360656,0.3770491803278688,0.39344262295081966,0.16393442622950818
2.2,S2.2_FtoT_3_S2toS1,LightGBM,123,61,61,"{'n_estimators': 100, 'max_depth': 6, 'learning_rate': 0.05, 'num_leaves': 31, 'min_child_samples': 20}",scenario_results_scenarios_2025-12-21_165745_early_stop/lightgbm_S2.2_FtoT_3_S2toS1_2025-12-21_165745_seed123_early_stop.pkl,1.0,1.0,1.0,1.0,1.0,1.0,1.0,1.0,1.0,1.0,1.0,1.0,1.0,0.13114754098360656,0.1092896174863388,0.1092896174863388,0.10109289617486339,0.10109289617486339,0.13114754098360656,0.13114754098360656,0.13114754098360656,0.29508196721311475,0.32786885245901637,0.39344262295081966,0.5081967213114754,0.13114754098360656
2.2,S2.2_ItoT_1_S2toS1,LightGBM,123,61,61,"{'n_estimators': 100, 'max_depth': 6, 'learning_rate': 0.05, 'num_leaves': 31, 'min_child_samples': 20}",scenario_results_scenarios_2025-12-21_165745_early_stop/lightgbm_S2.2_ItoT_1_S2toS1_2025-12-21_165745_seed123_early_stop.pkl,1.0,1.0,1.0,1.0,1.0,1.0,1.0,1.0,1.0,1.0,1.0,1.0,1.0,0.18032786885245902,0.13770491803278687,0.13770491803278687,0.12158469945355192,0.12158469945355192,0.18032786885245902,0.18032786885245902,0.18032786885245902,0.22950819672131148,0.26229508196721313,0.36065573770491804,0.4098360655737705,0.18032786885245902
2.2,S2.2_ItoT_2_S2toS1,LightGBM,123,61,61,"{'n_estimators': 100, 'max_depth': 6, 'learning_rate': 0.05, 'num_leaves': 31, 'min_child_samples': 20}",scenario_results_scenarios_2025-12-21_165745_early_stop/lightgbm_S2.2_ItoT_2_S2toS1_2025-12-21_165745_seed123_early_stop.pkl,1.0,1.0,1.0,1.0,1.0,1.0,1.0,1.0,1.0,1.0,1.0,1.0,1.0,0.19672131147540983,0.13114754098360656,0.13114754098360656,0.10437158469945354,0.10437158469945354,0.19672131147540983,0.19672131147540983,0.19672131147540983,0.21311475409836064,0.26229508196721313,0.3442622950819672,0.3770491803278688,0.19672131147540983
2.2,S2.2_ItoT_3_S2toS1,LightGBM,123,61,61,"{'n_estimators': 100, 'max_depth': 6, 'learning_rate': 0.05, 'num_leaves': 31, 'min_child_samples': 20}",scenario_results_scenarios_2025-12-21_165745_early_stop/lightgbm_S2.2_ItoT_3_S2toS1_2025-12-21_165745_seed123_early_stop.pkl,1.0,1.0,1.0,1.0,1.0,1.0,1.0,1.0,1.0,1.0,1.0,1.0,1.0,0.2459016393442623,0.18415300546448085,0.18415300546448085,0.16311475409836065,0.16311475409836065,0.2459016393442623,0.2459016393442623,0.2459016393442623,0.3114754098360656,0.3442622950819672,0.4262295081967213,0.4918032786885246,0.2459016393442623
2.2,S2.2_ItoF_1_S2toS1,LightGBM,123,61,61,"{'n_estimators': 100, 'max_depth': 6, 'learning_rate': 0.05, 'num_leaves': 31, 'min_child_samples': 20}",scenario_results_scenarios_2025-12-21_165745_early_stop/lightgbm_S2.2_ItoF_1_S2toS1_2025-12-21_165745_seed123_early_stop.pkl,1.0,1.0,1.0,1.0,1.0,1.0,1.0,1.0,1.0,1.0,1.0,1.0,1.0,0.14754098360655737,0.12131147540983606,0.12131147540983606,0.11065573770491803,0.11065573770491803,0.14754098360655737,0.14754098360655737,0.14754098360655737,0.21311475409836064,0.29508196721311475,0.3442622950819672,0.4098360655737705,0.14754098360655737
2.2,S2.2_ItoF_2_S2toS1,LightGBM,123,61,61,"{'n_estimators': 100, 'max_depth': 6, 'learning_rate': 0.05, 'num_leaves': 31, 'min_child_samples': 20}",scenario_results_scenarios_2025-12-21_165745_early_stop/lightgbm_S2.2_ItoF_2_S2toS1_2025-12-21_165745_seed123_early_stop.pkl,1.0,1.0,1.0,1.0,1.0,1.0,1.0,1.0,1.0,1.0,1.0,1.0,1.0,0.19672131147540983,0.13224043715846995,0.13224043715846995,0.10792349726775956,0.10792349726775956,0.19672131147540983,0.19672131147540983,0.19672131147540983,0.36065573770491804,0.4426229508196721,0.47540983606557374,0.5573770491803278,0.19672131147540983
2.2,S2.2_ItoF_3_S2toS1,LightGBM,123,61,61,"{'n_estimators': 100, 'max_depth': 6, 'learning_rate': 0.05, 'num_leaves': 31, 'min_child_samples': 20}",scenario_results_scenarios_2025-12-21_165745_early_stop/lightgbm_S2.2_ItoF_3_S2toS1_2025-12-21_165745_seed123_early_stop.pkl,1.0,1.0,1.0,1.0,1.0,1.0,1.0,1.0,1.0,1.0,1.0,1.0,1.0,0.19672131147540983,0.15846994535519127,0.15846994535519127,0.14207650273224043,0.14207650273224043,0.19672131147540983,0.19672131147540983,0.19672131147540983,0.29508196721311475,0.4098360655737705,0.4426229508196721,0.5081967213114754,0.19672131147540983
2.2,S2.2_TtoF_1_S2toS1,LightGBM,123,61,61,"{'n_estimators': 100, 'max_depth': 6, 'learning_rate': 0.05, 'num_leaves': 31, 'min_child_samples': 20}",scenario_results_scenarios_2025-12-21_165745_early_stop/lightgbm_S2.2_TtoF_1_S2toS1_2025-12-21_165745_seed123_early_stop.pkl,1.0,1.0,1.0,1.0,1.0,1.0,1.0,1.0,1.0,1.0,1.0,1.0,1.0,0.13114754098360656,0.08032786885245902,0.08032786885245902,0.06420765027322405,0.06420765027322405,0.13114754098360656,0.13114754098360656,0.13114754098360656,0.26229508196721313,0.32786885245901637,0.4426229508196721,0.4918032786885246,0.13114754098360656
2.2,S2.2_TtoF_2_S2toS1,LightGBM,123,61,61,"{'n_estimators': 100, 'max_depth': 6, 'learning_rate': 0.05, 'num_leaves': 31, 'min_child_samples': 20}",scenario_results_scenarios_2025-12-21_165745_early_stop/lightgbm_S2.2_TtoF_2_S2toS1_2025-12-21_165745_seed123_early_stop.pkl,1.0,1.0,1.0,1.0,1.0,1.0,1.0,1.0,1.0,1.0,1.0,1.0,1.0,0.18032786885245902,0.13661202185792348,0.13661202185792348,0.12021857923497267,0.12021857923497267,0.18032786885245902,0.18032786885245902,0.18032786885245902,0.32786885245901637,0.3770491803278688,0.4426229508196721,0.4918032786885246,0.18032786885245902
2.2,S2.2_TtoF_3_S2toS1,LightGBM,123,61,61,"{'n_estimators': 100, 'max_depth': 6, 'learning_rate': 0.05, 'num_leaves': 31, 'min_child_samples': 20}",scenario_results_scenarios_2025-12-21_165745_early_stop/lightgbm_S2.2_TtoF_3_S2toS1_2025-12-21_165745_seed123_early_stop.pkl,1.0,1.0,1.0,1.0,1.0,1.0,1.0,1.0,1.0,1.0,1.0,1.0,1.0,0.18032786885245902,0.1371584699453552,0.1371584699453552,0.12431693989071038,0.12431693989071038,0.18032786885245902,0.18032786885245902,0.18032786885245902,0.3114754098360656,0.36065573770491804,0.39344262295081966,0.4262295081967213,0.18032786885245902
2.2,S2.2_TtoI_1_S2toS1,LightGBM,123,61,61,"{'n_estimators': 100, 'max_depth': 6, 'learning_rate': 0.05, 'num_leaves': 31, 'min_child_samples': 20}",scenario_results_scenarios_2025-12-21_165745_early_stop/lightgbm_S2.2_TtoI_1_S2toS1_2025-12-21_165745_seed123_early_stop.pkl,1.0,1.0,1.0,1.0,1.0,1.0,1.0,1.0,1.0,1.0,1.0,1.0,1.0,0.16393442622950818,0.12131147540983607,0.12131147540983607,0.10519125683060108,0.10519125683060108,0.16393442622950818,0.16393442622950818,0.16393442622950818,0.26229508196721313,0.32786885245901637,0.3770491803278688,0.4426229508196721,0.16393442622950818
2.2,S2.2_TtoI_2_S2toS1,LightGBM,123,61,61,"{'n_estimators': 100, 'max_depth': 6, 'learning_rate': 0.05, 'num_leaves': 31, 'min_child_samples': 20}",scenario_results_scenarios_2025-12-21_165745_early_stop/lightgbm_S2.2_TtoI_2_S2toS1_2025-12-21_165745_seed123_early_stop.pkl,1.0,1.0,1.0,1.0,1.0,1.0,1.0,1.0,1.0,1.0,1.0,1.0,1.0,0.16393442622950818,0.11147540983606558,0.11147540983606558,0.09289617486338797,0.09289617486338797,0.16393442622950818,0.16393442622950818,0.16393442622950818,0.22950819672131148,0.29508196721311475,0.4262295081967213,0.4918032786885246,0.16393442622950818
2.2,S2.2_TtoI_3_S2toS1,LightGBM,123,61,61,"{'n_estimators': 100, 'max_depth': 6, 'learning_rate': 0.05, 'num_leaves': 31, 'min_child_samples': 20}",scenario_results_scenarios_2025-12-21_165745_early_stop/lightgbm_S2.2_TtoI_3_S2toS1_2025-12-21_165745_seed123_early_stop.pkl,1.0,1.0,1.0,1.0,1.0,1.0,1.0,1.0,1.0,1.0,1.0,1.0,1.0,0.16393442622950818,0.11584699453551912,0.11584699453551912,0.09699453551912568,0.09699453551912568,0.16393442622950818,0.16393442622950818,0.16393442622950818,0.22950819672131148,0.3114754098360656,0.39344262295081966,0.47540983606557374,0.16393442622950818
2.2,S2.2_FtoI_1_S2toS1,ExtraTrees,123,61,61,"{'n_estimators': 100, 'max_depth': 10, 'min_samples_split': 2, 'min_samples_leaf': 1, 'max_features': 'sqrt', 'bootstrap': False, 'criterion': 'gini'}",scenario_results_scenarios_2025-12-21_165745_early_stop/extratrees_S2.2_FtoI_1_S2toS1_2025-12-21_165745_seed123_early_stop.pkl,1.0,1.0,1.0,1.0,1.0,1.0,1.0,1.0,1.0,1.0,1.0,1.0,1.0,0.2786885245901639,0.21530054644808744,0.21530054644808744,0.1912568306010929,0.1912568306010929,0.2786885245901639,0.2786885245901639,0.29508196721311475,0.45901639344262296,0.5081967213114754,0.5409836065573771,0.6557377049180327,0.26229508196721313
2.2,S2.2_FtoI_2_S2toS1,ExtraTrees,123,61,61,"{'n_estimators': 100, 'max_depth': 10, 'min_samples_split': 2, 'min_samples_leaf': 1, 'max_features': 'sqrt', 'bootstrap': False, 'criterion': 'gini'}",scenario_results_scenarios_2025-12-21_165745_early_stop/extratrees_S2.2_FtoI_2_S2toS1_2025-12-21_165745_seed123_early_stop.pkl,1.0,1.0,1.0,1.0,1.0,1.0,1.0,1.0,1.0,1.0,1.0,1.0,1.0,0.29508196721311475,0.23770491803278687,0.23770491803278687,0.21366120218579232,0.21366120218579232,0.29508196721311475,0.29508196721311475,0.26229508196721313,0.4918032786885246,0.6065573770491803,0.6885245901639344,0.7377049180327869,0.26229508196721313
2.2,S2.2_FtoI_3_S2toS1,ExtraTrees,123,61,61,"{'n_estimators': 100, 'max_depth': 10, 'min_samples_split': 2, 'min_samples_leaf': 1, 'max_features': 'sqrt', 'bootstrap': False, 'criterion': 'gini'}",scenario_results_scenarios_2025-12-21_165745_early_stop/extratrees_S2.2_FtoI_3_S2toS1_2025-12-21_165745_seed123_early_stop.pkl,1.0,1.0,1.0,1.0,1.0,1.0,1.0,1.0,1.0,1.0,1.0,1.0,1.0,0.18032786885245902,0.14754098360655737,0.14754098360655737,0.1371584699453552,0.1371584699453552,0.18032786885245902,0.18032786885245902,0.19672131147540983,0.2786885245901639,0.36065573770491804,0.4426229508196721,0.5737704918032787,0.18032786885245902
2.2,S2.2_FtoT_1_S2toS1,ExtraTrees,123,61,61,"{'n_estimators': 100, 'max_depth': 10, 'min_samples_split': 2, 'min_samples_leaf': 1, 'max_features': 'sqrt', 'bootstrap': False, 'criterion': 'gini'}",scenario_results_scenarios_2025-12-21_165745_early_stop/extratrees_S2.2_FtoT_1_S2toS1_2025-12-21_165745_seed123_early_stop.pkl,1.0,1.0,1.0,1.0,1.0,1.0,1.0,1.0,1.0,1.0,1.0,1.0,1.0,0.2459016393442623,0.19071038251366118,0.19071038251366118,0.16939890710382513,0.16939890710382513,0.2459016393442623,0.2459016393442623,0.26229508196721313,0.3770491803278688,0.5245901639344263,0.5573770491803278,0.639344262295082,0.2459016393442623
2.2,S2.2_FtoT_2_S2toS1,ExtraTrees,123,61,61,"{'n_estimators': 100, 'max_depth': 10, 'min_samples_split': 2, 'min_samples_leaf': 1, 'max_features': 'sqrt', 'bootstrap': False, 'criterion': 'gini'}",scenario_results_scenarios_2025-12-21_165745_early_stop/extratrees_S2.2_FtoT_2_S2toS1_2025-12-21_165745_seed123_early_stop.pkl,1.0,1.0,1.0,1.0,1.0,1.0,1.0,1.0,1.0,1.0,1.0,1.0,1.0,0.3442622950819672,0.2797814207650273,0.2797814207650273,0.25601092896174865,0.25601092896174865,0.3442622950819672,0.3442622950819672,0.3442622950819672,0.5081967213114754,0.5901639344262295,0.6885245901639344,0.7049180327868853,0.32786885245901637
2.2,S2.2_FtoT_3_S2toS1,ExtraTrees,123,61,61,"{'n_estimators': 100, 'max_depth': 10, 'min_samples_split': 2, 'min_samples_leaf': 1, 'max_features': 'sqrt', 'bootstrap': False, 'criterion': 'gini'}",scenario_results_scenarios_2025-12-21_165745_early_stop/extratrees_S2.2_FtoT_3_S2toS1_2025-12-21_165745_seed123_early_stop.pkl,1.0,1.0,1.0,1.0,1.0,1.0,1.0,1.0,1.0,1.0,1.0,1.0,1.0,0.36065573770491804,0.2819672131147541,0.2819672131147541,0.2527322404371585,0.2527322404371585,0.36065573770491804,0.36065573770491804,0.3442622950819672,0.5573770491803278,0.6557377049180327,0.7377049180327869,0.7540983606557377,0.32786885245901637
2.2,S2.2_ItoT_1_S2toS1,ExtraTrees,123,61,61,"{'n_estimators': 100, 'max_depth': 10, 'min_samples_split': 2, 'min_samples_leaf': 1, 'max_features': 'sqrt', 'bootstrap': False, 'criterion': 'gini'}",scenario_results_scenarios_2025-12-21_165745_early_stop/extratrees_S2.2_ItoT_1_S2toS1_2025-12-21_165745_seed123_early_stop.pkl,1.0,1.0,1.0,1.0,1.0,1.0,1.0,1.0,1.0,1.0,1.0,1.0,1.0,0.2786885245901639,0.22513661202185792,0.22513661202185792,0.2068306010928962,0.2068306010928962,0.2786885245901639,0.2786885245901639,0.29508196721311475,0.4426229508196721,0.5737704918032787,0.6721311475409836,0.7540983606557377,0.2786885245901639
2.2,S2.2_ItoT_2_S2toS1,ExtraTrees,123,61,61,"{'n_estimators': 100, 'max_depth': 10, 'min_samples_split': 2, 'min_samples_leaf': 1, 'max_features': 'sqrt', 'bootstrap': False, 'criterion': 'gini'}",scenario_results_scenarios_2025-12-21_165745_early_stop/extratrees_S2.2_ItoT_2_S2toS1_2025-12-21_165745_seed123_early_stop.pkl,1.0,1.0,1.0,1.0,1.0,1.0,1.0,1.0,1.0,1.0,1.0,1.0,1.0,0.3114754098360656,0.23715846994535517,0.23715846994535517,0.2103825136612022,0.2103825136612022,0.3114754098360656,0.3114754098360656,0.3114754098360656,0.39344262295081966,0.5573770491803278,0.7213114754098361,0.7704918032786885,0.29508196721311475
2.2,S2.2_ItoT_3_S2toS1,ExtraTrees,123,61,61,"{'n_estimators': 100, 'max_depth': 10, 'min_samples_split': 2, 'min_samples_leaf': 1, 'max_features': 'sqrt', 'bootstrap': False, 'criterion': 'gini'}",scenario_results_scenarios_2025-12-21_165745_early_stop/extratrees_S2.2_ItoT_3_S2toS1_2025-12-21_165745_seed123_early_stop.pkl,1.0,1.0,1.0,1.0,1.0,1.0,1.0,1.0,1.0,1.0,1.0,1.0,1.0,0.36065573770491804,0.3180327868852459,0.3180327868852459,0.3019125683060109,0.3019125683060109,0.36065573770491804,0.36065573770491804,0.36065573770491804,0.5573770491803278,0.5901639344262295,0.6885245901639344,0.7049180327868853,0.36065573770491804
2.2,S2.2_ItoF_1_S2toS1,ExtraTrees,123,61,61,"{'n_estimators': 100, 'max_depth': 10, 'min_samples_split': 2, 'min_samples_leaf': 1, 'max_features': 'sqrt', 'bootstrap': False, 'criterion': 'gini'}",scenario_results_scenarios_2025-12-21_165745_early_stop/extratrees_S2.2_ItoF_1_S2toS1_2025-12-21_165745_seed123_early_stop.pkl,1.0,1.0,1.0,1.0,1.0,1.0,1.0,1.0,1.0,1.0,1.0,1.0,1.0,0.26229508196721313,0.2185792349726776,0.2185792349726776,0.20273224043715848,0.20273224043715848,0.26229508196721313,0.26229508196721313,0.26229508196721313,0.3442622950819672,0.4098360655737705,0.47540983606557374,0.5737704918032787,0.26229508196721313
2.2,S2.2_ItoF_2_S2toS1,ExtraTrees,123,61,61,"{'n_estimators': 100, 'max_depth': 10, 'min_samples_split': 2, 'min_samples_leaf': 1, 'max_features': 'sqrt', 'bootstrap': False, 'criterion': 'gini'}",scenario_results_scenarios_2025-12-21_165745_early_stop/extratrees_S2.2_ItoF_2_S2toS1_2025-12-21_165745_seed123_early_stop.pkl,1.0,1.0,1.0,1.0,1.0,1.0,1.0,1.0,1.0,1.0,1.0,1.0,1.0,0.32786885245901637,0.25519125683060107,0.25519125683060107,0.22540983606557377,0.22540983606557377,0.32786885245901637,0.32786885245901637,0.3114754098360656,0.5409836065573771,0.6721311475409836,0.7377049180327869,0.7704918032786885,0.2786885245901639
2.2,S2.2_ItoF_3_S2toS1,ExtraTrees,123,61,61,"{'n_estimators': 100, 'max_depth': 10, 'min_samples_split': 2, 'min_samples_leaf': 1, 'max_features': 'sqrt', 'bootstrap': False, 'criterion': 'gini'}",scenario_results_scenarios_2025-12-21_165745_early_stop/extratrees_S2.2_ItoF_3_S2toS1_2025-12-21_165745_seed123_early_stop.pkl,1.0,1.0,1.0,1.0,1.0,1.0,1.0,1.0,1.0,1.0,1.0,1.0,1.0,0.36065573770491804,0.287431693989071,0.287431693989071,0.2581967213114754,0.2581967213114754,0.36065573770491804,0.36065573770491804,0.36065573770491804,0.47540983606557374,0.5737704918032787,0.6557377049180327,0.6885245901639344,0.3442622950819672
2.2,S2.2_TtoF_1_S2toS1,ExtraTrees,123,61,61,"{'n_estimators': 100, 'max_depth': 10, 'min_samples_split': 2, 'min_samples_leaf': 1, 'max_features': 'sqrt', 'bootstrap': False, 'criterion': 'gini'}",scenario_results_scenarios_2025-12-21_165745_early_stop/extratrees_S2.2_TtoF_1_S2toS1_2025-12-21_165745_seed123_early_stop.pkl,1.0,1.0,1.0,1.0,1.0,1.0,1.0,1.0,1.0,1.0,1.0,1.0,1.0,0.32786885245901637,0.2622950819672131,0.2622950819672131,0.23770491803278687,0.23770491803278687,0.32786885245901637,0.32786885245901637,0.32786885245901637,0.47540983606557374,0.5245901639344263,0.5737704918032787,0.639344262295082,0.32786885245901637
2.2,S2.2_TtoF_2_S2toS1,ExtraTrees,123,61,61,"{'n_estimators': 100, 'max_depth': 10, 'min_samples_split': 2, 'min_samples_leaf': 1, 'max_features': 'sqrt', 'bootstrap': False, 'criterion': 'gini'}",scenario_results_scenarios_2025-12-21_165745_early_stop/extratrees_S2.2_TtoF_2_S2toS1_2025-12-21_165745_seed123_early_stop.pkl,1.0,1.0,1.0,1.0,1.0,1.0,1.0,1.0,1.0,1.0,1.0,1.0,1.0,0.2786885245901639,0.22404371584699453,0.22404371584699453,0.1994535519125683,0.1994535519125683,0.2786885245901639,0.2786885245901639,0.2459016393442623,0.47540983606557374,0.5409836065573771,0.6065573770491803,0.639344262295082,0.22950819672131148
2.2,S2.2_TtoF_3_S2toS1,ExtraTrees,123,61,61,"{'n_estimators': 100, 'max_depth': 10, 'min_samples_split': 2, 'min_samples_leaf': 1, 'max_features': 'sqrt', 'bootstrap': False, 'criterion': 'gini'}",scenario_results_scenarios_2025-12-21_165745_early_stop/extratrees_S2.2_TtoF_3_S2toS1_2025-12-21_165745_seed123_early_stop.pkl,1.0,1.0,1.0,1.0,1.0,1.0,1.0,1.0,1.0,1.0,1.0,1.0,1.0,0.3442622950819672,0.25792349726775954,0.25792349726775954,0.22595628415300542,0.22595628415300542,0.3442622950819672,0.3442622950819672,0.3442622950819672,0.5245901639344263,0.5901639344262295,0.639344262295082,0.7540983606557377,0.32786885245901637
2.2,S2.2_TtoI_1_S2toS1,ExtraTrees,123,61,61,"{'n_estimators': 100, 'max_depth': 10, 'min_samples_split': 2, 'min_samples_leaf': 1, 'max_features': 'sqrt', 'bootstrap': False, 'criterion': 'gini'}",scenario_results_scenarios_2025-12-21_165745_early_stop/extratrees_S2.2_TtoI_1_S2toS1_2025-12-21_165745_seed123_early_stop.pkl,1.0,1.0,1.0,1.0,1.0,1.0,1.0,1.0,1.0,1.0,1.0,1.0,1.0,0.22950819672131148,0.17049180327868851,0.17049180327868851,0.14945355191256832,0.14945355191256832,0.22950819672131148,0.22950819672131148,0.22950819672131148,0.39344262295081966,0.5573770491803278,0.6229508196721312,0.7049180327868853,0.22950819672131148
2.2,S2.2_TtoI_2_S2toS1,ExtraTrees,123,61,61,"{'n_estimators': 100, 'max_depth': 10, 'min_samples_split': 2, 'min_samples_leaf': 1, 'max_features': 'sqrt', 'bootstrap': False, 'criterion': 'gini'}",scenario_results_scenarios_2025-12-21_165745_early_stop/extratrees_S2.2_TtoI_2_S2toS1_2025-12-21_165745_seed123_early_stop.pkl,1.0,1.0,1.0,1.0,1.0,1.0,1.0,1.0,1.0,1.0,1.0,1.0,1.0,0.2786885245901639,0.2049180327868852,0.2049180327868852,0.1721311475409836,0.1721311475409836,0.2786885245901639,0.2786885245901639,0.2786885245901639,0.45901639344262296,0.5245901639344263,0.6065573770491803,0.6721311475409836,0.2459016393442623
2.2,S2.2_TtoI_3_S2toS1,ExtraTrees,123,61,61,"{'n_estimators': 100, 'max_depth': 10, 'min_samples_split': 2, 'min_samples_leaf': 1, 'max_features': 'sqrt', 'bootstrap': False, 'criterion': 'gini'}",scenario_results_scenarios_2025-12-21_165745_early_stop/extratrees_S2.2_TtoI_3_S2toS1_2025-12-21_165745_seed123_early_stop.pkl,1.0,1.0,1.0,1.0,1.0,1.0,1.0,1.0,1.0,1.0,1.0,1.0,1.0,0.4098360655737705,0.34153005464480873,0.34153005464480873,0.30874316939890706,0.30874316939890706,0.4098360655737705,0.4098360655737705,0.36065573770491804,0.5245901639344263,0.6065573770491803,0.6721311475409836,0.7704918032786885,0.3442622950819672
2.2,S2.2_FtoI_1_S2toS1,RandomForest,456,61,61,"{'n_estimators': 100, 'max_depth': 10, 'min_samples_split': 2, 'min_samples_leaf': 1, 'max_features': 'sqrt', 'bootstrap': True}",scenario_results_scenarios_2025-12-21_165745_early_stop/randomforest_S2.2_FtoI_1_S2toS1_2025-12-21_165745_seed456_early_stop.pkl,1.0,1.0,1.0,1.0,1.0,1.0,1.0,1.0,1.0,1.0,1.0,1.0,1.0,0.2459016393442623,0.16775956284153004,0.16775956284153004,0.13524590163934427,0.13524590163934427,0.2459016393442623,0.2459016393442623,0.26229508196721313,0.3442622950819672,0.47540983606557374,0.5409836065573771,0.5409836065573771,0.2459016393442623
2.2,S2.2_FtoI_2_S2toS1,RandomForest,456,61,61,"{'n_estimators': 100, 'max_depth': 10, 'min_samples_split': 2, 'min_samples_leaf': 1, 'max_features': 'sqrt', 'bootstrap': True}",scenario_results_scenarios_2025-12-21_165745_early_stop/randomforest_S2.2_FtoI_2_S2toS1_2025-12-21_165745_seed456_early_stop.pkl,1.0,1.0,1.0,1.0,1.0,1.0,1.0,1.0,1.0,1.0,1.0,1.0,1.0,0.2786885245901639,0.22950819672131145,0.22950819672131145,0.2076502732240437,0.2076502732240437,0.2786885245901639,0.2786885245901639,0.2786885245901639,0.3770491803278688,0.47540983606557374,0.5901639344262295,0.6229508196721312,0.26229508196721313
2.2,S2.2_FtoI_3_S2toS1,RandomForest,456,61,61,"{'n_estimators': 100, 'max_depth': 10, 'min_samples_split': 2, 'min_samples_leaf': 1, 'max_features': 'sqrt', 'bootstrap': True}",scenario_results_scenarios_2025-12-21_165745_early_stop/randomforest_S2.2_FtoI_3_S2toS1_2025-12-21_165745_seed456_early_stop.pkl,1.0,1.0,1.0,1.0,1.0,1.0,1.0,1.0,1.0,1.0,1.0,1.0,1.0,0.2459016393442623,0.1622950819672131,0.1622950819672131,0.130327868852459,0.130327868852459,0.2459016393442623,0.2459016393442623,0.2459016393442623,0.32786885245901637,0.4098360655737705,0.4918032786885246,0.5901639344262295,0.22950819672131148
2.2,S2.2_FtoT_1_S2toS1,RandomForest,456,61,61,"{'n_estimators': 100, 'max_depth': 10, 'min_samples_split': 2, 'min_samples_leaf': 1, 'max_features': 'sqrt', 'bootstrap': True}",scenario_results_scenarios_2025-12-21_165745_early_stop/randomforest_S2.2_FtoT_1_S2toS1_2025-12-21_165745_seed456_early_stop.pkl,1.0,1.0,1.0,1.0,1.0,1.0,1.0,1.0,1.0,1.0,1.0,1.0,1.0,0.16393442622950818,0.11584699453551912,0.11584699453551912,0.09699453551912568,0.09699453551912568,0.16393442622950818,0.16393442622950818,0.14754098360655737,0.26229508196721313,0.3770491803278688,0.4426229508196721,0.5245901639344263,0.14754098360655737
2.2,S2.2_FtoT_2_S2toS1,RandomForest,456,61,61,"{'n_estimators': 100, 'max_depth': 10, 'min_samples_split': 2, 'min_samples_leaf': 1, 'max_features': 'sqrt', 'bootstrap': True}",scenario_results_scenarios_2025-12-21_165745_early_stop/randomforest_S2.2_FtoT_2_S2toS1_2025-12-21_165745_seed456_early_stop.pkl,1.0,1.0,1.0,1.0,1.0,1.0,1.0,1.0,1.0,1.0,1.0,1.0,1.0,0.22950819672131148,0.17595628415300546,0.17595628415300546,0.15437158469945358,0.15437158469945358,0.22950819672131148,0.22950819672131148,0.22950819672131148,0.3770491803278688,0.4918032786885246,0.5409836065573771,0.6065573770491803,0.22950819672131148
2.2,S2.2_FtoT_3_S2toS1,RandomForest,456,61,61,"{'n_estimators': 100, 'max_depth': 10, 'min_samples_split': 2, 'min_samples_leaf': 1, 'max_features': 'sqrt', 'bootstrap': True}",scenario_results_scenarios_2025-12-21_165745_early_stop/randomforest_S2.2_FtoT_3_S2toS1_2025-12-21_165745_seed456_early_stop.pkl,1.0,1.0,1.0,1.0,1.0,1.0,1.0,1.0,1.0,1.0,1.0,1.0,1.0,0.32786885245901637,0.2644808743169399,0.2644808743169399,0.24043715846994537,0.24043715846994537,0.32786885245901637,0.32786885245901637,0.29508196721311475,0.4262295081967213,0.5409836065573771,0.6557377049180327,0.7213114754098361,0.2786885245901639
2.2,S2.2_ItoT_1_S2toS1,RandomForest,456,61,61,"{'n_estimators': 100, 'max_depth': 10, 'min_samples_split': 2, 'min_samples_leaf': 1, 'max_features': 'sqrt', 'bootstrap': True}",scenario_results_scenarios_2025-12-21_165745_early_stop/randomforest_S2.2_ItoT_1_S2toS1_2025-12-21_165745_seed456_early_stop.pkl,1.0,1.0,1.0,1.0,1.0,1.0,1.0,1.0,1.0,1.0,1.0,1.0,1.0,0.2459016393442623,0.1912568306010929,0.1912568306010929,0.16994535519125684,0.16994535519125684,0.2459016393442623,0.2459016393442623,0.19672131147540983,0.2786885245901639,0.3770491803278688,0.47540983606557374,0.5409836065573771,0.19672131147540983
2.2,S2.2_ItoT_2_S2toS1,RandomForest,456,61,61,"{'n_estimators': 100, 'max_depth': 10, 'min_samples_split': 2, 'min_samples_leaf': 1, 'max_features': 'sqrt', 'bootstrap': True}",scenario_results_scenarios_2025-12-21_165745_early_stop/randomforest_S2.2_ItoT_2_S2toS1_2025-12-21_165745_seed456_early_stop.pkl,1.0,1.0,1.0,1.0,1.0,1.0,1.0,1.0,1.0,1.0,1.0,1.0,1.0,0.3114754098360656,0.23333333333333328,0.23333333333333328,0.20081967213114754,0.20081967213114754,0.3114754098360656,0.3114754098360656,0.29508196721311475,0.4918032786885246,0.5245901639344263,0.5737704918032787,0.6229508196721312,0.29508196721311475
2.2,S2.2_ItoT_3_S2toS1,RandomForest,456,61,61,"{'n_estimators': 100, 'max_depth': 10, 'min_samples_split': 2, 'min_samples_leaf': 1, 'max_features': 'sqrt', 'bootstrap': True}",scenario_results_scenarios_2025-12-21_165745_early_stop/randomforest_S2.2_ItoT_3_S2toS1_2025-12-21_165745_seed456_early_stop.pkl,1.0,1.0,1.0,1.0,1.0,1.0,1.0,1.0,1.0,1.0,1.0,1.0,1.0,0.2786885245901639,0.21038251366120217,0.21038251366120217,0.18032786885245902,0.18032786885245902,0.2786885245901639,0.2786885245901639,0.29508196721311475,0.47540983606557374,0.5409836065573771,0.6065573770491803,0.6557377049180327,0.2786885245901639
2.2,S2.2_ItoF_1_S2toS1,RandomForest,456,61,61,"{'n_estimators': 100, 'max_depth': 10, 'min_samples_split': 2, 'min_samples_leaf': 1, 'max_features': 'sqrt', 'bootstrap': True}",scenario_results_scenarios_2025-12-21_165745_early_stop/randomforest_S2.2_ItoF_1_S2toS1_2025-12-21_165745_seed456_early_stop.pkl,1.0,1.0,1.0,1.0,1.0,1.0,1.0,1.0,1.0,1.0,1.0,1.0,1.0,0.16393442622950818,0.10874316939890712,0.10874316939890712,0.08743169398907104,0.08743169398907104,0.16393442622950818,0.16393442622950818,0.16393442622950818,0.19672131147540983,0.3114754098360656,0.39344262295081966,0.45901639344262296,0.14754098360655737
2.2,S2.2_ItoF_2_S2toS1,RandomForest,456,61,61,"{'n_estimators': 100, 'max_depth': 10, 'min_samples_split': 2, 'min_samples_leaf': 1, 'max_features': 'sqrt', 'bootstrap': True}",scenario_results_scenarios_2025-12-21_165745_early_stop/randomforest_S2.2_ItoF_2_S2toS1_2025-12-21_165745_seed456_early_stop.pkl,1.0,1.0,1.0,1.0,1.0,1.0,1.0,1.0,1.0,1.0,1.0,1.0,1.0,0.19672131147540983,0.14153005464480872,0.14153005464480872,0.12021857923497267,0.12021857923497267,0.19672131147540983,0.19672131147540983,0.21311475409836064,0.4262295081967213,0.5245901639344263,0.639344262295082,0.7377049180327869,0.19672131147540983
2.2,S2.2_ItoF_3_S2toS1,RandomForest,456,61,61,"{'n_estimators': 100, 'max_depth': 10, 'min_samples_split': 2, 'min_samples_leaf': 1, 'max_features': 'sqrt', 'bootstrap': True}",scenario_results_scenarios_2025-12-21_165745_early_stop/randomforest_S2.2_ItoF_3_S2toS1_2025-12-21_165745_seed456_early_stop.pkl,1.0,1.0,1.0,1.0,1.0,1.0,1.0,1.0,1.0,1.0,1.0,1.0,1.0,0.26229508196721313,0.22076502732240438,0.22076502732240438,0.20491803278688525,0.20491803278688525,0.26229508196721313,0.26229508196721313,0.22950819672131148,0.39344262295081966,0.4918032786885246,0.5573770491803278,0.6557377049180327,0.22950819672131148
2.2,S2.2_TtoF_1_S2toS1,RandomForest,456,61,61,"{'n_estimators': 100, 'max_depth': 10, 'min_samples_split': 2, 'min_samples_leaf': 1, 'max_features': 'sqrt', 'bootstrap': True}",scenario_results_scenarios_2025-12-21_165745_early_stop/randomforest_S2.2_TtoF_1_S2toS1_2025-12-21_165745_seed456_early_stop.pkl,1.0,1.0,1.0,1.0,1.0,1.0,1.0,1.0,1.0,1.0,1.0,1.0,1.0,0.2459016393442623,0.1989071038251366,0.1989071038251366,0.18360655737704917,0.18360655737704917,0.2459016393442623,0.2459016393442623,0.2459016393442623,0.36065573770491804,0.5081967213114754,0.5245901639344263,0.5737704918032787,0.22950819672131148
2.2,S2.2_TtoF_2_S2toS1,RandomForest,456,61,61,"{'n_estimators': 100, 'max_depth': 10, 'min_samples_split': 2, 'min_samples_leaf': 1, 'max_features': 'sqrt', 'bootstrap': True}",scenario_results_scenarios_2025-12-21_165745_early_stop/randomforest_S2.2_TtoF_2_S2toS1_2025-12-21_165745_seed456_early_stop.pkl,1.0,1.0,1.0,1.0,1.0,1.0,1.0,1.0,1.0,1.0,1.0,1.0,1.0,0.21311475409836064,0.15573770491803277,0.15573770491803277,0.133879781420765,0.133879781420765,0.21311475409836064,0.21311475409836064,0.26229508196721313,0.39344262295081966,0.5409836065573771,0.5573770491803278,0.5901639344262295,0.21311475409836064
2.2,S2.2_TtoF_3_S2toS1,RandomForest,456,61,61,"{'n_estimators': 100, 'max_depth': 10, 'min_samples_split': 2, 'min_samples_leaf': 1, 'max_features': 'sqrt', 'bootstrap': True}",scenario_results_scenarios_2025-12-21_165745_early_stop/randomforest_S2.2_TtoF_3_S2toS1_2025-12-21_165745_seed456_early_stop.pkl,1.0,1.0,1.0,1.0,1.0,1.0,1.0,1.0,1.0,1.0,1.0,1.0,1.0,0.21311475409836064,0.17049180327868854,0.17049180327868854,0.15437158469945353,0.15437158469945353,0.21311475409836064,0.21311475409836064,0.22950819672131148,0.3770491803278688,0.4262295081967213,0.47540983606557374,0.5573770491803278,0.21311475409836064
2.2,S2.2_TtoI_1_S2toS1,RandomForest,456,61,61,"{'n_estimators': 100, 'max_depth': 10, 'min_samples_split': 2, 'min_samples_leaf': 1, 'max_features': 'sqrt', 'bootstrap': True}",scenario_results_scenarios_2025-12-21_165745_early_stop/randomforest_S2.2_TtoI_1_S2toS1_2025-12-21_165745_seed456_early_stop.pkl,1.0,1.0,1.0,1.0,1.0,1.0,1.0,1.0,1.0,1.0,1.0,1.0,1.0,0.18032786885245902,0.12053083528493364,0.12053083528493364,0.09972677595628415,0.09972677595628415,0.18032786885245902,0.18032786885245902,0.22950819672131148,0.32786885245901637,0.4426229508196721,0.4918032786885246,0.5409836065573771,0.18032786885245902
2.2,S2.2_TtoI_2_S2toS1,RandomForest,456,61,61,"{'n_estimators': 100, 'max_depth': 10, 'min_samples_split': 2, 'min_samples_leaf': 1, 'max_features': 'sqrt', 'bootstrap': True}",scenario_results_scenarios_2025-12-21_165745_early_stop/randomforest_S2.2_TtoI_2_S2toS1_2025-12-21_165745_seed456_early_stop.pkl,1.0,1.0,1.0,1.0,1.0,1.0,1.0,1.0,1.0,1.0,1.0,1.0,1.0,0.16393442622950818,0.10054644808743171,0.10054644808743171,0.07978142076502731,0.07978142076502731,0.16393442622950818,0.16393442622950818,0.16393442622950818,0.4098360655737705,0.47540983606557374,0.5573770491803278,0.6229508196721312,0.13114754098360656
2.2,S2.2_TtoI_3_S2toS1,RandomForest,456,61,61,"{'n_estimators': 100, 'max_depth': 10, 'min_samples_split': 2, 'min_samples_leaf': 1, 'max_features': 'sqrt', 'bootstrap': True}",scenario_results_scenarios_2025-12-21_165745_early_stop/randomforest_S2.2_TtoI_3_S2toS1_2025-12-21_165745_seed456_early_stop.pkl,1.0,1.0,1.0,1.0,1.0,1.0,1.0,1.0,1.0,1.0,1.0,1.0,1.0,0.3114754098360656,0.23989071038251367,0.23989071038251367,0.2158469945355191,0.2158469945355191,0.3114754098360656,0.3114754098360656,0.3114754098360656,0.4098360655737705,0.45901639344262296,0.5409836065573771,0.5901639344262295,0.29508196721311475
2.2,S2.2_FtoI_1_S2toS1,XGBoost,456,61,61,"{'n_estimators': 1000, 'max_depth': 4, 'learning_rate': 0.05, 'subsample': 0.8, 'colsample_bytree': 0.8, 'reg_lambda': 1, 'device': 'cuda'}",scenario_results_scenarios_2025-12-21_165745_early_stop/xgboost_S2.2_FtoI_1_S2toS1_2025-12-21_165745_seed456_early_stop.pkl,0.01639344262295082,0.0005288207297726071,0.0005288207297726071,0.0002687449610319807,0.0002687449610319807,0.01639344262295082,0.01639344262295082,0.01639344262295082,0.03278688524590164,0.04918032786885246,0.06557377049180328,0.08196721311475409,0.0,0.01639344262295082,0.0005288207297726071,0.0005288207297726071,0.0002687449610319807,0.0002687449610319807,0.01639344262295082,0.01639344262295082,0.01639344262295082,0.03278688524590164,0.04918032786885246,0.06557377049180328,0.08196721311475409,0.0
2.2,S2.2_FtoI_2_S2toS1,XGBoost,456,61,61,"{'n_estimators': 1000, 'max_depth': 4, 'learning_rate': 0.05, 'subsample': 0.8, 'colsample_bytree': 0.8, 'reg_lambda': 1, 'device': 'cuda'}",scenario_results_scenarios_2025-12-21_165745_early_stop/xgboost_S2.2_FtoI_2_S2toS1_2025-12-21_165745_seed456_early_stop.pkl,0.01639344262295082,0.0005288207297726071,0.0005288207297726071,0.0002687449610319807,0.0002687449610319807,0.01639344262295082,0.01639344262295082,0.01639344262295082,0.03278688524590164,0.04918032786885246,0.06557377049180328,0.08196721311475409,0.0,0.01639344262295082,0.0005288207297726071,0.0005288207297726071,0.0002687449610319807,0.0002687449610319807,0.01639344262295082,0.01639344262295082,0.01639344262295082,0.03278688524590164,0.04918032786885246,0.06557377049180328,0.08196721311475409,0.0
2.2,S2.2_FtoI_3_S2toS1,XGBoost,456,61,61,"{'n_estimators': 1000, 'max_depth': 4, 'learning_rate': 0.05, 'subsample': 0.8, 'colsample_bytree': 0.8, 'reg_lambda': 1, 'device': 'cuda'}",scenario_results_scenarios_2025-12-21_165745_early_stop/xgboost_S2.2_FtoI_3_S2toS1_2025-12-21_165745_seed456_early_stop.pkl,0.01639344262295082,0.0005288207297726071,0.0005288207297726071,0.0002687449610319807,0.0002687449610319807,0.01639344262295082,0.01639344262295082,0.01639344262295082,0.03278688524590164,0.04918032786885246,0.06557377049180328,0.08196721311475409,0.0,0.01639344262295082,0.0005288207297726071,0.0005288207297726071,0.0002687449610319807,0.0002687449610319807,0.01639344262295082,0.01639344262295082,0.01639344262295082,0.03278688524590164,0.04918032786885246,0.06557377049180328,0.08196721311475409,0.0
2.2,S2.2_FtoT_1_S2toS1,XGBoost,456,61,61,"{'n_estimators': 1000, 'max_depth': 4, 'learning_rate': 0.05, 'subsample': 0.8, 'colsample_bytree': 0.8, 'reg_lambda': 1, 'device': 'cuda'}",scenario_results_scenarios_2025-12-21_165745_early_stop/xgboost_S2.2_FtoT_1_S2toS1_2025-12-21_165745_seed456_early_stop.pkl,0.01639344262295082,0.0005288207297726071,0.0005288207297726071,0.0002687449610319807,0.0002687449610319807,0.01639344262295082,0.01639344262295082,0.01639344262295082,0.03278688524590164,0.04918032786885246,0.06557377049180328,0.08196721311475409,0.0,0.01639344262295082,0.0005288207297726071,0.0005288207297726071,0.0002687449610319807,0.0002687449610319807,0.01639344262295082,0.01639344262295082,0.01639344262295082,0.03278688524590164,0.04918032786885246,0.06557377049180328,0.08196721311475409,0.0
2.2,S2.2_FtoT_2_S2toS1,XGBoost,456,61,61,"{'n_estimators': 1000, 'max_depth': 4, 'learning_rate': 0.05, 'subsample': 0.8, 'colsample_bytree': 0.8, 'reg_lambda': 1, 'device': 'cuda'}",scenario_results_scenarios_2025-12-21_165745_early_stop/xgboost_S2.2_FtoT_2_S2toS1_2025-12-21_165745_seed456_early_stop.pkl,0.01639344262295082,0.0005288207297726071,0.0005288207297726071,0.0002687449610319807,0.0002687449610319807,0.01639344262295082,0.01639344262295082,0.01639344262295082,0.03278688524590164,0.04918032786885246,0.06557377049180328,0.08196721311475409,0.0,0.01639344262295082,0.0005288207297726071,0.0005288207297726071,0.0002687449610319807,0.0002687449610319807,0.01639344262295082,0.01639344262295082,0.01639344262295082,0.03278688524590164,0.04918032786885246,0.06557377049180328,0.08196721311475409,0.0
2.2,S2.2_FtoT_3_S2toS1,XGBoost,456,61,61,"{'n_estimators': 1000, 'max_depth': 4, 'learning_rate': 0.05, 'subsample': 0.8, 'colsample_bytree': 0.8, 'reg_lambda': 1, 'device': 'cuda'}",scenario_results_scenarios_2025-12-21_165745_early_stop/xgboost_S2.2_FtoT_3_S2toS1_2025-12-21_165745_seed456_early_stop.pkl,0.01639344262295082,0.0005288207297726071,0.0005288207297726071,0.0002687449610319807,0.0002687449610319807,0.01639344262295082,0.01639344262295082,0.01639344262295082,0.03278688524590164,0.04918032786885246,0.06557377049180328,0.08196721311475409,0.0,0.01639344262295082,0.0005288207297726071,0.0005288207297726071,0.0002687449610319807,0.0002687449610319807,0.01639344262295082,0.01639344262295082,0.01639344262295082,0.03278688524590164,0.04918032786885246,0.06557377049180328,0.08196721311475409,0.0
2.2,S2.2_ItoT_1_S2toS1,XGBoost,456,61,61,"{'n_estimators': 1000, 'max_depth': 4, 'learning_rate': 0.05, 'subsample': 0.8, 'colsample_bytree': 0.8, 'reg_lambda': 1, 'device': 'cuda'}",scenario_results_scenarios_2025-12-21_165745_early_stop/xgboost_S2.2_ItoT_1_S2toS1_2025-12-21_165745_seed456_early_stop.pkl,0.01639344262295082,0.0005288207297726071,0.0005288207297726071,0.0002687449610319807,0.0002687449610319807,0.01639344262295082,0.01639344262295082,0.01639344262295082,0.03278688524590164,0.04918032786885246,0.06557377049180328,0.08196721311475409,0.0,0.01639344262295082,0.0005288207297726071,0.0005288207297726071,0.0002687449610319807,0.0002687449610319807,0.01639344262295082,0.01639344262295082,0.01639344262295082,0.03278688524590164,0.04918032786885246,0.06557377049180328,0.08196721311475409,0.0
2.2,S2.2_ItoT_2_S2toS1,XGBoost,456,61,61,"{'n_estimators': 1000, 'max_depth': 4, 'learning_rate': 0.05, 'subsample': 0.8, 'colsample_bytree': 0.8, 'reg_lambda': 1, 'device': 'cuda'}",scenario_results_scenarios_2025-12-21_165745_early_stop/xgboost_S2.2_ItoT_2_S2toS1_2025-12-21_165745_seed456_early_stop.pkl,0.01639344262295082,0.0005288207297726071,0.0005288207297726071,0.0002687449610319807,0.0002687449610319807,0.01639344262295082,0.01639344262295082,0.01639344262295082,0.03278688524590164,0.04918032786885246,0.06557377049180328,0.08196721311475409,0.0,0.01639344262295082,0.0005288207297726071,0.0005288207297726071,0.0002687449610319807,0.0002687449610319807,0.01639344262295082,0.01639344262295082,0.01639344262295082,0.03278688524590164,0.04918032786885246,0.06557377049180328,0.08196721311475409,0.0
2.2,S2.2_ItoT_3_S2toS1,XGBoost,456,61,61,"{'n_estimators': 1000, 'max_depth': 4, 'learning_rate': 0.05, 'subsample': 0.8, 'colsample_bytree': 0.8, 'reg_lambda': 1, 'device': 'cuda'}",scenario_results_scenarios_2025-12-21_165745_early_stop/xgboost_S2.2_ItoT_3_S2toS1_2025-12-21_165745_seed456_early_stop.pkl,0.01639344262295082,0.0005288207297726071,0.0005288207297726071,0.0002687449610319807,0.0002687449610319807,0.01639344262295082,0.01639344262295082,0.01639344262295082,0.03278688524590164,0.04918032786885246,0.06557377049180328,0.08196721311475409,0.0,0.01639344262295082,0.0005288207297726071,0.0005288207297726071,0.0002687449610319807,0.0002687449610319807,0.01639344262295082,0.01639344262295082,0.01639344262295082,0.03278688524590164,0.04918032786885246,0.06557377049180328,0.08196721311475409,0.0
2.2,S2.2_ItoF_1_S2toS1,XGBoost,456,61,61,"{'n_estimators': 1000, 'max_depth': 4, 'learning_rate': 0.05, 'subsample': 0.8, 'colsample_bytree': 0.8, 'reg_lambda': 1, 'device': 'cuda'}",scenario_results_scenarios_2025-12-21_165745_early_stop/xgboost_S2.2_ItoF_1_S2toS1_2025-12-21_165745_seed456_early_stop.pkl,0.01639344262295082,0.0005288207297726071,0.0005288207297726071,0.0002687449610319807,0.0002687449610319807,0.01639344262295082,0.01639344262295082,0.01639344262295082,0.03278688524590164,0.04918032786885246,0.06557377049180328,0.08196721311475409,0.0,0.01639344262295082,0.0005288207297726071,0.0005288207297726071,0.0002687449610319807,0.0002687449610319807,0.01639344262295082,0.01639344262295082,0.01639344262295082,0.03278688524590164,0.04918032786885246,0.06557377049180328,0.08196721311475409,0.0
2.2,S2.2_ItoF_2_S2toS1,XGBoost,456,61,61,"{'n_estimators': 1000, 'max_depth': 4, 'learning_rate': 0.05, 'subsample': 0.8, 'colsample_bytree': 0.8, 'reg_lambda': 1, 'device': 'cuda'}",scenario_results_scenarios_2025-12-21_165745_early_stop/xgboost_S2.2_ItoF_2_S2toS1_2025-12-21_165745_seed456_early_stop.pkl,0.01639344262295082,0.0005288207297726071,0.0005288207297726071,0.0002687449610319807,0.0002687449610319807,0.01639344262295082,0.01639344262295082,0.01639344262295082,0.03278688524590164,0.04918032786885246,0.06557377049180328,0.08196721311475409,0.0,0.01639344262295082,0.0005288207297726071,0.0005288207297726071,0.0002687449610319807,0.0002687449610319807,0.01639344262295082,0.01639344262295082,0.01639344262295082,0.03278688524590164,0.04918032786885246,0.06557377049180328,0.08196721311475409,0.0
2.2,S2.2_ItoF_3_S2toS1,XGBoost,456,61,61,"{'n_estimators': 1000, 'max_depth': 4, 'learning_rate': 0.05, 'subsample': 0.8, 'colsample_bytree': 0.8, 'reg_lambda': 1, 'device': 'cuda'}",scenario_results_scenarios_2025-12-21_165745_early_stop/xgboost_S2.2_ItoF_3_S2toS1_2025-12-21_165745_seed456_early_stop.pkl,0.01639344262295082,0.0005288207297726071,0.0005288207297726071,0.0002687449610319807,0.0002687449610319807,0.01639344262295082,0.01639344262295082,0.01639344262295082,0.03278688524590164,0.04918032786885246,0.06557377049180328,0.08196721311475409,0.0,0.01639344262295082,0.0005288207297726071,0.0005288207297726071,0.0002687449610319807,0.0002687449610319807,0.01639344262295082,0.01639344262295082,0.01639344262295082,0.03278688524590164,0.04918032786885246,0.06557377049180328,0.08196721311475409,0.0
2.2,S2.2_TtoF_1_S2toS1,XGBoost,456,61,61,"{'n_estimators': 1000, 'max_depth': 4, 'learning_rate': 0.05, 'subsample': 0.8, 'colsample_bytree': 0.8, 'reg_lambda': 1, 'device': 'cuda'}",scenario_results_scenarios_2025-12-21_165745_early_stop/xgboost_S2.2_TtoF_1_S2toS1_2025-12-21_165745_seed456_early_stop.pkl,0.01639344262295082,0.0005288207297726071,0.0005288207297726071,0.0002687449610319807,0.0002687449610319807,0.01639344262295082,0.01639344262295082,0.01639344262295082,0.03278688524590164,0.04918032786885246,0.06557377049180328,0.08196721311475409,0.0,0.01639344262295082,0.0005288207297726071,0.0005288207297726071,0.0002687449610319807,0.0002687449610319807,0.01639344262295082,0.01639344262295082,0.01639344262295082,0.03278688524590164,0.04918032786885246,0.06557377049180328,0.08196721311475409,0.0
2.2,S2.2_TtoF_2_S2toS1,XGBoost,456,61,61,"{'n_estimators': 1000, 'max_depth': 4, 'learning_rate': 0.05, 'subsample': 0.8, 'colsample_bytree': 0.8, 'reg_lambda': 1, 'device': 'cuda'}",scenario_results_scenarios_2025-12-21_165745_early_stop/xgboost_S2.2_TtoF_2_S2toS1_2025-12-21_165745_seed456_early_stop.pkl,0.01639344262295082,0.0005288207297726071,0.0005288207297726071,0.0002687449610319807,0.0002687449610319807,0.01639344262295082,0.01639344262295082,0.01639344262295082,0.03278688524590164,0.04918032786885246,0.06557377049180328,0.08196721311475409,0.0,0.01639344262295082,0.0005288207297726071,0.0005288207297726071,0.0002687449610319807,0.0002687449610319807,0.01639344262295082,0.01639344262295082,0.01639344262295082,0.03278688524590164,0.04918032786885246,0.06557377049180328,0.08196721311475409,0.0
2.2,S2.2_TtoF_3_S2toS1,XGBoost,456,61,61,"{'n_estimators': 1000, 'max_depth': 4, 'learning_rate': 0.05, 'subsample': 0.8, 'colsample_bytree': 0.8, 'reg_lambda': 1, 'device': 'cuda'}",scenario_results_scenarios_2025-12-21_165745_early_stop/xgboost_S2.2_TtoF_3_S2toS1_2025-12-21_165745_seed456_early_stop.pkl,0.01639344262295082,0.0005288207297726071,0.0005288207297726071,0.0002687449610319807,0.0002687449610319807,0.01639344262295082,0.01639344262295082,0.01639344262295082,0.03278688524590164,0.04918032786885246,0.06557377049180328,0.08196721311475409,0.0,0.01639344262295082,0.0005288207297726071,0.0005288207297726071,0.0002687449610319807,0.0002687449610319807,0.01639344262295082,0.01639344262295082,0.01639344262295082,0.03278688524590164,0.04918032786885246,0.06557377049180328,0.08196721311475409,0.0
2.2,S2.2_TtoI_1_S2toS1,XGBoost,456,61,61,"{'n_estimators': 1000, 'max_depth': 4, 'learning_rate': 0.05, 'subsample': 0.8, 'colsample_bytree': 0.8, 'reg_lambda': 1, 'device': 'cuda'}",scenario_results_scenarios_2025-12-21_165745_early_stop/xgboost_S2.2_TtoI_1_S2toS1_2025-12-21_165745_seed456_early_stop.pkl,0.01639344262295082,0.0005288207297726071,0.0005288207297726071,0.0002687449610319807,0.0002687449610319807,0.01639344262295082,0.01639344262295082,0.01639344262295082,0.03278688524590164,0.04918032786885246,0.06557377049180328,0.08196721311475409,0.0,0.01639344262295082,0.0005288207297726071,0.0005288207297726071,0.0002687449610319807,0.0002687449610319807,0.01639344262295082,0.01639344262295082,0.01639344262295082,0.03278688524590164,0.04918032786885246,0.06557377049180328,0.08196721311475409,0.0
2.2,S2.2_TtoI_2_S2toS1,XGBoost,456,61,61,"{'n_estimators': 1000, 'max_depth': 4, 'learning_rate': 0.05, 'subsample': 0.8, 'colsample_bytree': 0.8, 'reg_lambda': 1, 'device': 'cuda'}",scenario_results_scenarios_2025-12-21_165745_early_stop/xgboost_S2.2_TtoI_2_S2toS1_2025-12-21_165745_seed456_early_stop.pkl,0.01639344262295082,0.0005288207297726071,0.0005288207297726071,0.0002687449610319807,0.0002687449610319807,0.01639344262295082,0.01639344262295082,0.01639344262295082,0.03278688524590164,0.04918032786885246,0.06557377049180328,0.08196721311475409,0.0,0.01639344262295082,0.0005288207297726071,0.0005288207297726071,0.0002687449610319807,0.0002687449610319807,0.01639344262295082,0.01639344262295082,0.01639344262295082,0.03278688524590164,0.04918032786885246,0.06557377049180328,0.08196721311475409,0.0
2.2,S2.2_TtoI_3_S2toS1,XGBoost,456,61,61,"{'n_estimators': 1000, 'max_depth': 4, 'learning_rate': 0.05, 'subsample': 0.8, 'colsample_bytree': 0.8, 'reg_lambda': 1, 'device': 'cuda'}",scenario_results_scenarios_2025-12-21_165745_early_stop/xgboost_S2.2_TtoI_3_S2toS1_2025-12-21_165745_seed456_early_stop.pkl,0.01639344262295082,0.0005288207297726071,0.0005288207297726071,0.0002687449610319807,0.0002687449610319807,0.01639344262295082,0.01639344262295082,0.01639344262295082,0.03278688524590164,0.04918032786885246,0.06557377049180328,0.08196721311475409,0.0,0.01639344262295082,0.0005288207297726071,0.0005288207297726071,0.0002687449610319807,0.0002687449610319807,0.01639344262295082,0.01639344262295082,0.01639344262295082,0.03278688524590164,0.04918032786885246,0.06557377049180328,0.08196721311475409,0.0
2.2,S2.2_FtoI_1_S2toS1,CatBoost,456,61,61,"{'iterations': 1000, 'depth': 4, 'learning_rate': 0.05, 'l2_leaf_reg': 1, 'border_count': 32}",scenario_results_scenarios_2025-12-21_165745_early_stop/catboost_S2.2_FtoI_1_S2toS1_2025-12-21_165745_seed456_early_stop.pkl,1.0,1.0,1.0,1.0,1.0,1.0,1.0,1.0,1.0,1.0,1.0,1.0,1.0,0.29508196721311475,0.221623731459797,0.221623731459797,0.19262295081967212,0.19262295081967212,0.29508196721311475,0.29508196721311475,0.29508196721311475,0.4262295081967213,0.5409836065573771,0.5901639344262295,0.6229508196721312,0.29508196721311475
2.2,S2.2_FtoI_2_S2toS1,CatBoost,456,61,61,"{'iterations': 1000, 'depth': 4, 'learning_rate': 0.05, 'l2_leaf_reg': 1, 'border_count': 32}",scenario_results_scenarios_2025-12-21_165745_early_stop/catboost_S2.2_FtoI_2_S2toS1_2025-12-21_165745_seed456_early_stop.pkl,1.0,1.0,1.0,1.0,1.0,1.0,1.0,1.0,1.0,1.0,1.0,1.0,1.0,0.32786885245901637,0.24590163934426226,0.24590163934426226,0.2076502732240437,0.2076502732240437,0.32786885245901637,0.32786885245901637,0.32786885245901637,0.5081967213114754,0.6065573770491803,0.6229508196721312,0.7049180327868853,0.32786885245901637
2.2,S2.2_FtoI_3_S2toS1,CatBoost,456,61,61,"{'iterations': 1000, 'depth': 4, 'learning_rate': 0.05, 'l2_leaf_reg': 1, 'border_count': 32}",scenario_results_scenarios_2025-12-21_165745_early_stop/catboost_S2.2_FtoI_3_S2toS1_2025-12-21_165745_seed456_early_stop.pkl,1.0,1.0,1.0,1.0,1.0,1.0,1.0,1.0,1.0,1.0,1.0,1.0,1.0,0.2786885245901639,0.2185792349726776,0.2185792349726776,0.1912568306010929,0.1912568306010929,0.2786885245901639,0.2786885245901639,0.2786885245901639,0.4262295081967213,0.5573770491803278,0.6229508196721312,0.6721311475409836,0.2786885245901639
2.2,S2.2_FtoT_1_S2toS1,CatBoost,456,61,61,"{'iterations': 1000, 'depth': 4, 'learning_rate': 0.05, 'l2_leaf_reg': 1, 'border_count': 32}",scenario_results_scenarios_2025-12-21_165745_early_stop/catboost_S2.2_FtoT_1_S2toS1_2025-12-21_165745_seed456_early_stop.pkl,1.0,1.0,1.0,1.0,1.0,1.0,1.0,1.0,1.0,1.0,1.0,1.0,1.0,0.22950819672131148,0.1743169398907104,0.1743169398907104,0.15628415300546447,0.15628415300546447,0.22950819672131148,0.22950819672131148,0.22950819672131148,0.47540983606557374,0.5573770491803278,0.6557377049180327,0.7049180327868853,0.22950819672131148
2.2,S2.2_FtoT_2_S2toS1,CatBoost,456,61,61,"{'iterations': 1000, 'depth': 4, 'learning_rate': 0.05, 'l2_leaf_reg': 1, 'border_count': 32}",scenario_results_scenarios_2025-12-21_165745_early_stop/catboost_S2.2_FtoT_2_S2toS1_2025-12-21_165745_seed456_early_stop.pkl,1.0,1.0,1.0,1.0,1.0,1.0,1.0,1.0,1.0,1.0,1.0,1.0,1.0,0.3114754098360656,0.23060109289617484,0.23060109289617484,0.19863387978142077,0.19863387978142077,0.3114754098360656,0.3114754098360656,0.3114754098360656,0.4918032786885246,0.6229508196721312,0.7377049180327869,0.7868852459016393,0.3114754098360656
2.2,S2.2_FtoT_3_S2toS1,CatBoost,456,61,61,"{'iterations': 1000, 'depth': 4, 'learning_rate': 0.05, 'l2_leaf_reg': 1, 'border_count': 32}",scenario_results_scenarios_2025-12-21_165745_early_stop/catboost_S2.2_FtoT_3_S2toS1_2025-12-21_165745_seed456_early_stop.pkl,1.0,1.0,1.0,1.0,1.0,1.0,1.0,1.0,1.0,1.0,1.0,1.0,1.0,0.39344262295081966,0.3224043715846994,0.3224043715846994,0.292896174863388,0.292896174863388,0.39344262295081966,0.39344262295081966,0.39344262295081966,0.5737704918032787,0.6557377049180327,0.7213114754098361,0.7704918032786885,0.39344262295081966
2.2,S2.2_ItoT_1_S2toS1,CatBoost,456,61,61,"{'iterations': 1000, 'depth': 4, 'learning_rate': 0.05, 'l2_leaf_reg': 1, 'border_count': 32}",scenario_results_scenarios_2025-12-21_165745_early_stop/catboost_S2.2_ItoT_1_S2toS1_2025-12-21_165745_seed456_early_stop.pkl,1.0,1.0,1.0,1.0,1.0,1.0,1.0,1.0,1.0,1.0,1.0,1.0,1.0,0.18032786885245902,0.15027322404371585,0.15027322404371585,0.13661202185792348,0.13661202185792348,0.18032786885245902,0.18032786885245902,0.18032786885245902,0.3442622950819672,0.4426229508196721,0.5409836065573771,0.6229508196721312,0.18032786885245902
2.2,S2.2_ItoT_2_S2toS1,CatBoost,456,61,61,"{'iterations': 1000, 'depth': 4, 'learning_rate': 0.05, 'l2_leaf_reg': 1, 'border_count': 32}",scenario_results_scenarios_2025-12-21_165745_early_stop/catboost_S2.2_ItoT_2_S2toS1_2025-12-21_165745_seed456_early_stop.pkl,1.0,1.0,1.0,1.0,1.0,1.0,1.0,1.0,1.0,1.0,1.0,1.0,1.0,0.32786885245901637,0.26502732240437155,0.26502732240437155,0.2349726775956284,0.2349726775956284,0.32786885245901637,0.32786885245901637,0.32786885245901637,0.45901639344262296,0.6229508196721312,0.639344262295082,0.7213114754098361,0.32786885245901637
2.2,S2.2_ItoT_3_S2toS1,CatBoost,456,61,61,"{'iterations': 1000, 'depth': 4, 'learning_rate': 0.05, 'l2_leaf_reg': 1, 'border_count': 32}",scenario_results_scenarios_2025-12-21_165745_early_stop/catboost_S2.2_ItoT_3_S2toS1_2025-12-21_165745_seed456_early_stop.pkl,1.0,1.0,1.0,1.0,1.0,1.0,1.0,1.0,1.0,1.0,1.0,1.0,1.0,0.3114754098360656,0.23497267759562837,0.23497267759562837,0.20218579234972678,0.20218579234972678,0.3114754098360656,0.3114754098360656,0.3114754098360656,0.5245901639344263,0.6065573770491803,0.639344262295082,0.6721311475409836,0.3114754098360656
2.2,S2.2_ItoF_1_S2toS1,CatBoost,456,61,61,"{'iterations': 1000, 'depth': 4, 'learning_rate': 0.05, 'l2_leaf_reg': 1, 'border_count': 32}",scenario_results_scenarios_2025-12-21_165745_early_stop/catboost_S2.2_ItoF_1_S2toS1_2025-12-21_165745_seed456_early_stop.pkl,1.0,1.0,1.0,1.0,1.0,1.0,1.0,1.0,1.0,1.0,1.0,1.0,1.0,0.16393442622950818,0.12131147540983606,0.12131147540983606,0.10519125683060108,0.10519125683060108,0.16393442622950818,0.16393442622950818,0.16393442622950818,0.32786885245901637,0.45901639344262296,0.5409836065573771,0.6229508196721312,0.16393442622950818
2.2,S2.2_ItoF_2_S2toS1,CatBoost,456,61,61,"{'iterations': 1000, 'depth': 4, 'learning_rate': 0.05, 'l2_leaf_reg': 1, 'border_count': 32}",scenario_results_scenarios_2025-12-21_165745_early_stop/catboost_S2.2_ItoF_2_S2toS1_2025-12-21_165745_seed456_early_stop.pkl,1.0,1.0,1.0,1.0,1.0,1.0,1.0,1.0,1.0,1.0,1.0,1.0,1.0,0.3442622950819672,0.26502732240437155,0.26502732240437155,0.22677595628415298,0.22677595628415298,0.3442622950819672,0.3442622950819672,0.3442622950819672,0.47540983606557374,0.6229508196721312,0.6721311475409836,0.7213114754098361,0.3442622950819672
2.2,S2.2_ItoF_3_S2toS1,CatBoost,456,61,61,"{'iterations': 1000, 'depth': 4, 'learning_rate': 0.05, 'l2_leaf_reg': 1, 'border_count': 32}",scenario_results_scenarios_2025-12-21_165745_early_stop/catboost_S2.2_ItoF_3_S2toS1_2025-12-21_165745_seed456_early_stop.pkl,1.0,1.0,1.0,1.0,1.0,1.0,1.0,1.0,1.0,1.0,1.0,1.0,1.0,0.36065573770491804,0.29344262295081963,0.29344262295081963,0.26912568306010926,0.26912568306010926,0.36065573770491804,0.36065573770491804,0.36065573770491804,0.4426229508196721,0.639344262295082,0.6721311475409836,0.7213114754098361,0.36065573770491804
2.2,S2.2_TtoF_1_S2toS1,CatBoost,456,61,61,"{'iterations': 1000, 'depth': 4, 'learning_rate': 0.05, 'l2_leaf_reg': 1, 'border_count': 32}",scenario_results_scenarios_2025-12-21_165745_early_stop/catboost_S2.2_TtoF_1_S2toS1_2025-12-21_165745_seed456_early_stop.pkl,1.0,1.0,1.0,1.0,1.0,1.0,1.0,1.0,1.0,1.0,1.0,1.0,1.0,0.36065573770491804,0.2781420765027322,0.2781420765027322,0.24590163934426226,0.24590163934426226,0.36065573770491804,0.36065573770491804,0.36065573770491804,0.47540983606557374,0.5901639344262295,0.6065573770491803,0.6557377049180327,0.36065573770491804
2.2,S2.2_TtoF_2_S2toS1,CatBoost,456,61,61,"{'iterations': 1000, 'depth': 4, 'learning_rate': 0.05, 'l2_leaf_reg': 1, 'border_count': 32}",scenario_results_scenarios_2025-12-21_165745_early_stop/catboost_S2.2_TtoF_2_S2toS1_2025-12-21_165745_seed456_early_stop.pkl,1.0,1.0,1.0,1.0,1.0,1.0,1.0,1.0,1.0,1.0,1.0,1.0,1.0,0.26229508196721313,0.18852459016393436,0.18852459016393436,0.1557377049180328,0.1557377049180328,0.26229508196721313,0.26229508196721313,0.26229508196721313,0.4426229508196721,0.5081967213114754,0.639344262295082,0.7049180327868853,0.26229508196721313
2.2,S2.2_TtoF_3_S2toS1,CatBoost,456,61,61,"{'iterations': 1000, 'depth': 4, 'learning_rate': 0.05, 'l2_leaf_reg': 1, 'border_count': 32}",scenario_results_scenarios_2025-12-21_165745_early_stop/catboost_S2.2_TtoF_3_S2toS1_2025-12-21_165745_seed456_early_stop.pkl,1.0,1.0,1.0,1.0,1.0,1.0,1.0,1.0,1.0,1.0,1.0,1.0,1.0,0.2459016393442623,0.18579234972677594,0.18579234972677594,0.15846994535519124,0.15846994535519124,0.2459016393442623,0.2459016393442623,0.2459016393442623,0.45901639344262296,0.47540983606557374,0.5737704918032787,0.6885245901639344,0.2459016393442623
2.2,S2.2_TtoI_1_S2toS1,CatBoost,456,61,61,"{'iterations': 1000, 'depth': 4, 'learning_rate': 0.05, 'l2_leaf_reg': 1, 'border_count': 32}",scenario_results_scenarios_2025-12-21_165745_early_stop/catboost_S2.2_TtoI_1_S2toS1_2025-12-21_165745_seed456_early_stop.pkl,1.0,1.0,1.0,1.0,1.0,1.0,1.0,1.0,1.0,1.0,1.0,1.0,1.0,0.26229508196721313,0.2005464480874317,0.2005464480874317,0.1762295081967213,0.1762295081967213,0.26229508196721313,0.26229508196721313,0.26229508196721313,0.3770491803278688,0.5245901639344263,0.6229508196721312,0.6721311475409836,0.26229508196721313
2.2,S2.2_TtoI_2_S2toS1,CatBoost,456,61,61,"{'iterations': 1000, 'depth': 4, 'learning_rate': 0.05, 'l2_leaf_reg': 1, 'border_count': 32}",scenario_results_scenarios_2025-12-21_165745_early_stop/catboost_S2.2_TtoI_2_S2toS1_2025-12-21_165745_seed456_early_stop.pkl,1.0,1.0,1.0,1.0,1.0,1.0,1.0,1.0,1.0,1.0,1.0,1.0,1.0,0.29508196721311475,0.22677595628415298,0.22677595628415298,0.19672131147540983,0.19672131147540983,0.29508196721311475,0.29508196721311475,0.29508196721311475,0.4426229508196721,0.5081967213114754,0.5737704918032787,0.5901639344262295,0.29508196721311475
2.2,S2.2_TtoI_3_S2toS1,CatBoost,456,61,61,"{'iterations': 1000, 'depth': 4, 'learning_rate': 0.05, 'l2_leaf_reg': 1, 'border_count': 32}",scenario_results_scenarios_2025-12-21_165745_early_stop/catboost_S2.2_TtoI_3_S2toS1_2025-12-21_165745_seed456_early_stop.pkl,1.0,1.0,1.0,1.0,1.0,1.0,1.0,1.0,1.0,1.0,1.0,1.0,1.0,0.29508196721311475,0.2314597970335675,0.2314597970335675,0.2076502732240437,0.2076502732240437,0.29508196721311475,0.29508196721311475,0.29508196721311475,0.4262295081967213,0.4918032786885246,0.5573770491803278,0.5737704918032787,0.29508196721311475
2.2,S2.2_FtoI_1_S2toS1,NaiveBayes,456,61,61,"{'priors': None, 'var_smoothing': 1e-09}",scenario_results_scenarios_2025-12-21_165745_early_stop/naivebayes_S2.2_FtoI_1_S2toS1_2025-12-21_165745_seed456_early_stop.pkl,1.0,1.0,1.0,1.0,1.0,1.0,1.0,1.0,1.0,1.0,1.0,1.0,1.0,0.16393442622950818,0.12021857923497266,0.12021857923497266,0.10765027322404372,0.10765027322404372,0.16393442622950818,0.16393442622950818,0.16393442622950818,0.18032786885245902,0.19672131147540983,0.21311475409836064,0.22950819672131148,0.16393442622950818
2.2,S2.2_FtoI_2_S2toS1,NaiveBayes,456,61,61,"{'priors': None, 'var_smoothing': 1e-09}",scenario_results_scenarios_2025-12-21_165745_early_stop/naivebayes_S2.2_FtoI_2_S2toS1_2025-12-21_165745_seed456_early_stop.pkl,1.0,1.0,1.0,1.0,1.0,1.0,1.0,1.0,1.0,1.0,1.0,1.0,1.0,0.2459016393442623,0.19672131147540983,0.19672131147540983,0.1748633879781421,0.1748633879781421,0.2459016393442623,0.2459016393442623,0.2459016393442623,0.26229508196721313,0.2786885245901639,0.29508196721311475,0.3114754098360656,0.2459016393442623
2.2,S2.2_FtoI_3_S2toS1,NaiveBayes,456,61,61,"{'priors': None, 'var_smoothing': 1e-09}",scenario_results_scenarios_2025-12-21_165745_early_stop/naivebayes_S2.2_FtoI_3_S2toS1_2025-12-21_165745_seed456_early_stop.pkl,1.0,1.0,1.0,1.0,1.0,1.0,1.0,1.0,1.0,1.0,1.0,1.0,1.0,0.14754098360655737,0.08961748633879782,0.08961748633879782,0.0715846994535519,0.0715846994535519,0.14754098360655737,0.14754098360655737,0.14754098360655737,0.16393442622950818,0.18032786885245902,0.21311475409836064,0.21311475409836064,0.14754098360655737
2.2,S2.2_FtoT_1_S2toS1,NaiveBayes,456,61,61,"{'priors': None, 'var_smoothing': 1e-09}",scenario_results_scenarios_2025-12-21_165745_early_stop/naivebayes_S2.2_FtoT_1_S2toS1_2025-12-21_165745_seed456_early_stop.pkl,1.0,1.0,1.0,1.0,1.0,1.0,1.0,1.0,1.0,1.0,1.0,1.0,1.0,0.16393442622950818,0.10601092896174863,0.10601092896174863,0.08469945355191257,0.08469945355191257,0.16393442622950818,0.16393442622950818,0.16393442622950818,0.18032786885245902,0.19672131147540983,0.21311475409836064,0.22950819672131148,0.16393442622950818
2.2,S2.2_FtoT_2_S2toS1,NaiveBayes,456,61,61,"{'priors': None, 'var_smoothing': 1e-09}",scenario_results_scenarios_2025-12-21_165745_early_stop/naivebayes_S2.2_FtoT_2_S2toS1_2025-12-21_165745_seed456_early_stop.pkl,1.0,1.0,1.0,1.0,1.0,1.0,1.0,1.0,1.0,1.0,1.0,1.0,1.0,0.21311475409836064,0.1530054644808743,0.1530054644808743,0.1284153005464481,0.1284153005464481,0.21311475409836064,0.21311475409836064,0.21311475409836064,0.21311475409836064,0.22950819672131148,0.2459016393442623,0.2459016393442623,0.21311475409836064
2.2,S2.2_FtoT_3_S2toS1,NaiveBayes,456,61,61,"{'priors': None, 'var_smoothing': 1e-09}",scenario_results_scenarios_2025-12-21_165745_early_stop/naivebayes_S2.2_FtoT_3_S2toS1_2025-12-21_165745_seed456_early_stop.pkl,1.0,1.0,1.0,1.0,1.0,1.0,1.0,1.0,1.0,1.0,1.0,1.0,1.0,0.14754098360655737,0.08961748633879782,0.08961748633879782,0.07103825136612021,0.07103825136612021,0.14754098360655737,0.14754098360655737,0.14754098360655737,0.16393442622950818,0.18032786885245902,0.18032786885245902,0.19672131147540983,0.14754098360655737
2.2,S2.2_ItoT_1_S2toS1,NaiveBayes,456,61,61,"{'priors': None, 'var_smoothing': 1e-09}",scenario_results_scenarios_2025-12-21_165745_early_stop/naivebayes_S2.2_ItoT_1_S2toS1_2025-12-21_165745_seed456_early_stop.pkl,1.0,1.0,1.0,1.0,1.0,1.0,1.0,1.0,1.0,1.0,1.0,1.0,1.0,0.09836065573770492,0.05846994535519126,0.05846994535519126,0.04890710382513661,0.04890710382513661,0.09836065573770492,0.09836065573770492,0.09836065573770492,0.11475409836065574,0.13114754098360656,0.13114754098360656,0.14754098360655737,0.09836065573770492
2.2,S2.2_ItoT_2_S2toS1,NaiveBayes,456,61,61,"{'priors': None, 'var_smoothing': 1e-09}",scenario_results_scenarios_2025-12-21_165745_early_stop/naivebayes_S2.2_ItoT_2_S2toS1_2025-12-21_165745_seed456_early_stop.pkl,1.0,1.0,1.0,1.0,1.0,1.0,1.0,1.0,1.0,1.0,1.0,1.0,1.0,0.22950819672131148,0.16775956284153004,0.16775956284153004,0.14344262295081966,0.14344262295081966,0.22950819672131148,0.22950819672131148,0.22950819672131148,0.2459016393442623,0.26229508196721313,0.2786885245901639,0.29508196721311475,0.22950819672131148
2.2,S2.2_ItoT_3_S2toS1,NaiveBayes,456,61,61,"{'priors': None, 'var_smoothing': 1e-09}",scenario_results_scenarios_2025-12-21_165745_early_stop/naivebayes_S2.2_ItoT_3_S2toS1_2025-12-21_165745_seed456_early_stop.pkl,1.0,1.0,1.0,1.0,1.0,1.0,1.0,1.0,1.0,1.0,1.0,1.0,1.0,0.21311475409836064,0.1407103825136612,0.1407103825136612,0.11545667447306791,0.11545667447306791,0.21311475409836064,0.21311475409836064,0.21311475409836064,0.22950819672131148,0.2459016393442623,0.2459016393442623,0.26229508196721313,0.21311475409836064
2.2,S2.2_ItoF_1_S2toS1,NaiveBayes,456,61,61,"{'priors': None, 'var_smoothing': 1e-09}",scenario_results_scenarios_2025-12-21_165745_early_stop/naivebayes_S2.2_ItoF_1_S2toS1_2025-12-21_165745_seed456_early_stop.pkl,1.0,1.0,1.0,1.0,1.0,1.0,1.0,1.0,1.0,1.0,1.0,1.0,1.0,0.14754098360655737,0.1092896174863388,0.1092896174863388,0.09289617486338797,0.09289617486338797,0.14754098360655737,0.14754098360655737,0.14754098360655737,0.16393442622950818,0.16393442622950818,0.18032786885245902,0.19672131147540983,0.14754098360655737
2.2,S2.2_ItoF_2_S2toS1,NaiveBayes,456,61,61,"{'priors': None, 'var_smoothing': 1e-09}",scenario_results_scenarios_2025-12-21_165745_early_stop/naivebayes_S2.2_ItoF_2_S2toS1_2025-12-21_165745_seed456_early_stop.pkl,1.0,1.0,1.0,1.0,1.0,1.0,1.0,1.0,1.0,1.0,1.0,1.0,1.0,0.22950819672131148,0.15409836065573768,0.15409836065573768,0.12486338797814207,0.12486338797814207,0.22950819672131148,0.22950819672131148,0.22950819672131148,0.2459016393442623,0.26229508196721313,0.2786885245901639,0.29508196721311475,0.22950819672131148
2.2,S2.2_ItoF_3_S2toS1,NaiveBayes,456,61,61,"{'priors': None, 'var_smoothing': 1e-09}",scenario_results_scenarios_2025-12-21_165745_early_stop/naivebayes_S2.2_ItoF_3_S2toS1_2025-12-21_165745_seed456_early_stop.pkl,1.0,1.0,1.0,1.0,1.0,1.0,1.0,1.0,1.0,1.0,1.0,1.0,1.0,0.21311475409836064,0.1912568306010929,0.1912568306010929,0.18306010928961747,0.18306010928961747,0.21311475409836064,0.21311475409836064,0.21311475409836064,0.22950819672131148,0.22950819672131148,0.22950819672131148,0.2459016393442623,0.21311475409836064
2.2,S2.2_TtoF_1_S2toS1,NaiveBayes,456,61,61,"{'priors': None, 'var_smoothing': 1e-09}",scenario_results_scenarios_2025-12-21_165745_early_stop/naivebayes_S2.2_TtoF_1_S2toS1_2025-12-21_165745_seed456_early_stop.pkl,1.0,1.0,1.0,1.0,1.0,1.0,1.0,1.0,1.0,1.0,1.0,1.0,1.0,0.19672131147540983,0.15792349726775956,0.15792349726775956,0.1448087431693989,0.1448087431693989,0.19672131147540983,0.19672131147540983,0.19672131147540983,0.21311475409836064,0.22950819672131148,0.2459016393442623,0.26229508196721313,0.19672131147540983
2.2,S2.2_TtoF_2_S2toS1,NaiveBayes,456,61,61,"{'priors': None, 'var_smoothing': 1e-09}",scenario_results_scenarios_2025-12-21_165745_early_stop/naivebayes_S2.2_TtoF_2_S2toS1_2025-12-21_165745_seed456_early_stop.pkl,1.0,1.0,1.0,1.0,1.0,1.0,1.0,1.0,1.0,1.0,1.0,1.0,1.0,0.21311475409836064,0.1595628415300546,0.1595628415300546,0.1412568306010929,0.1412568306010929,0.21311475409836064,0.21311475409836064,0.21311475409836064,0.22950819672131148,0.2459016393442623,0.2459016393442623,0.2459016393442623,0.21311475409836064
2.2,S2.2_TtoF_3_S2toS1,NaiveBayes,456,61,61,"{'priors': None, 'var_smoothing': 1e-09}",scenario_results_scenarios_2025-12-21_165745_early_stop/naivebayes_S2.2_TtoF_3_S2toS1_2025-12-21_165745_seed456_early_stop.pkl,1.0,1.0,1.0,1.0,1.0,1.0,1.0,1.0,1.0,1.0,1.0,1.0,1.0,0.16393442622950818,0.1150663544106167,0.1150663544106167,0.09699453551912568,0.09699453551912568,0.16393442622950818,0.16393442622950818,0.16393442622950818,0.18032786885245902,0.19672131147540983,0.19672131147540983,0.21311475409836064,0.16393442622950818
2.2,S2.2_TtoI_1_S2toS1,NaiveBayes,456,61,61,"{'priors': None, 'var_smoothing': 1e-09}",scenario_results_scenarios_2025-12-21_165745_early_stop/naivebayes_S2.2_TtoI_1_S2toS1_2025-12-21_165745_seed456_early_stop.pkl,1.0,1.0,1.0,1.0,1.0,1.0,1.0,1.0,1.0,1.0,1.0,1.0,1.0,0.13114754098360656,0.09234972677595628,0.09234972677595628,0.07923497267759562,0.07923497267759562,0.13114754098360656,0.13114754098360656,0.13114754098360656,0.14754098360655737,0.16393442622950818,0.18032786885245902,0.19672131147540983,0.13114754098360656
2.2,S2.2_TtoI_2_S2toS1,NaiveBayes,456,61,61,"{'priors': None, 'var_smoothing': 1e-09}",scenario_results_scenarios_2025-12-21_165745_early_stop/naivebayes_S2.2_TtoI_2_S2toS1_2025-12-21_165745_seed456_early_stop.pkl,1.0,1.0,1.0,1.0,1.0,1.0,1.0,1.0,1.0,1.0,1.0,1.0,1.0,0.18032786885245902,0.11612021857923496,0.11612021857923496,0.09305230288836847,0.09305230288836847,0.18032786885245902,0.18032786885245902,0.18032786885245902,0.19672131147540983,0.21311475409836064,0.21311475409836064,0.22950819672131148,0.18032786885245902
2.2,S2.2_TtoI_3_S2toS1,NaiveBayes,456,61,61,"{'priors': None, 'var_smoothing': 1e-09}",scenario_results_scenarios_2025-12-21_165745_early_stop/naivebayes_S2.2_TtoI_3_S2toS1_2025-12-21_165745_seed456_early_stop.pkl,1.0,1.0,1.0,1.0,1.0,1.0,1.0,1.0,1.0,1.0,1.0,1.0,1.0,0.13114754098360656,0.09289617486338797,0.09289617486338797,0.07923497267759562,0.07923497267759562,0.13114754098360656,0.13114754098360656,0.13114754098360656,0.14754098360655737,0.16393442622950818,0.18032786885245902,0.19672131147540983,0.13114754098360656
2.2,S2.2_FtoI_1_S2toS1,LightGBM,456,61,61,"{'n_estimators': 100, 'max_depth': 6, 'learning_rate': 0.05, 'num_leaves': 31, 'min_child_samples': 20}",scenario_results_scenarios_2025-12-21_165745_early_stop/lightgbm_S2.2_FtoI_1_S2toS1_2025-12-21_165745_seed456_early_stop.pkl,1.0,1.0,1.0,1.0,1.0,1.0,1.0,1.0,1.0,1.0,1.0,1.0,1.0,0.18032786885245902,0.13224043715846995,0.13224043715846995,0.11338797814207649,0.11338797814207649,0.18032786885245902,0.18032786885245902,0.18032786885245902,0.26229508196721313,0.3114754098360656,0.3442622950819672,0.4262295081967213,0.18032786885245902
2.2,S2.2_FtoI_2_S2toS1,LightGBM,456,61,61,"{'n_estimators': 100, 'max_depth': 6, 'learning_rate': 0.05, 'num_leaves': 31, 'min_child_samples': 20}",scenario_results_scenarios_2025-12-21_165745_early_stop/lightgbm_S2.2_FtoI_2_S2toS1_2025-12-21_165745_seed456_early_stop.pkl,1.0,1.0,1.0,1.0,1.0,1.0,1.0,1.0,1.0,1.0,1.0,1.0,1.0,0.14754098360655737,0.09398907103825135,0.09398907103825135,0.07513661202185792,0.07513661202185792,0.14754098360655737,0.14754098360655737,0.14754098360655737,0.2459016393442623,0.32786885245901637,0.3442622950819672,0.39344262295081966,0.14754098360655737
2.2,S2.2_FtoI_3_S2toS1,LightGBM,456,61,61,"{'n_estimators': 100, 'max_depth': 6, 'learning_rate': 0.05, 'num_leaves': 31, 'min_child_samples': 20}",scenario_results_scenarios_2025-12-21_165745_early_stop/lightgbm_S2.2_FtoI_3_S2toS1_2025-12-21_165745_seed456_early_stop.pkl,1.0,1.0,1.0,1.0,1.0,1.0,1.0,1.0,1.0,1.0,1.0,1.0,1.0,0.14754098360655737,0.11202185792349727,0.11202185792349727,0.09836065573770492,0.09836065573770492,0.14754098360655737,0.14754098360655737,0.14754098360655737,0.18032786885245902,0.29508196721311475,0.3442622950819672,0.39344262295081966,0.14754098360655737
2.2,S2.2_FtoT_1_S2toS1,LightGBM,456,61,61,"{'n_estimators': 100, 'max_depth': 6, 'learning_rate': 0.05, 'num_leaves': 31, 'min_child_samples': 20}",scenario_results_scenarios_2025-12-21_165745_early_stop/lightgbm_S2.2_FtoT_1_S2toS1_2025-12-21_165745_seed456_early_stop.pkl,1.0,1.0,1.0,1.0,1.0,1.0,1.0,1.0,1.0,1.0,1.0,1.0,1.0,0.18032786885245902,0.1557377049180328,0.1557377049180328,0.1448087431693989,0.1448087431693989,0.18032786885245902,0.18032786885245902,0.18032786885245902,0.2786885245901639,0.36065573770491804,0.4098360655737705,0.47540983606557374,0.18032786885245902
2.2,S2.2_FtoT_2_S2toS1,LightGBM,456,61,61,"{'n_estimators': 100, 'max_depth': 6, 'learning_rate': 0.05, 'num_leaves': 31, 'min_child_samples': 20}",scenario_results_scenarios_2025-12-21_165745_early_stop/lightgbm_S2.2_FtoT_2_S2toS1_2025-12-21_165745_seed456_early_stop.pkl,1.0,1.0,1.0,1.0,1.0,1.0,1.0,1.0,1.0,1.0,1.0,1.0,1.0,0.16393442622950818,0.10874316939890712,0.10874316939890712,0.08743169398907104,0.08743169398907104,0.16393442622950818,0.16393442622950818,0.16393442622950818,0.22950819672131148,0.3114754098360656,0.3770491803278688,0.39344262295081966,0.16393442622950818
2.2,S2.2_FtoT_3_S2toS1,LightGBM,456,61,61,"{'n_estimators': 100, 'max_depth': 6, 'learning_rate': 0.05, 'num_leaves': 31, 'min_child_samples': 20}",scenario_results_scenarios_2025-12-21_165745_early_stop/lightgbm_S2.2_FtoT_3_S2toS1_2025-12-21_165745_seed456_early_stop.pkl,1.0,1.0,1.0,1.0,1.0,1.0,1.0,1.0,1.0,1.0,1.0,1.0,1.0,0.13114754098360656,0.1092896174863388,0.1092896174863388,0.10109289617486339,0.10109289617486339,0.13114754098360656,0.13114754098360656,0.13114754098360656,0.29508196721311475,0.32786885245901637,0.39344262295081966,0.5081967213114754,0.13114754098360656
2.2,S2.2_ItoT_1_S2toS1,LightGBM,456,61,61,"{'n_estimators': 100, 'max_depth': 6, 'learning_rate': 0.05, 'num_leaves': 31, 'min_child_samples': 20}",scenario_results_scenarios_2025-12-21_165745_early_stop/lightgbm_S2.2_ItoT_1_S2toS1_2025-12-21_165745_seed456_early_stop.pkl,1.0,1.0,1.0,1.0,1.0,1.0,1.0,1.0,1.0,1.0,1.0,1.0,1.0,0.18032786885245902,0.13770491803278687,0.13770491803278687,0.12158469945355192,0.12158469945355192,0.18032786885245902,0.18032786885245902,0.18032786885245902,0.22950819672131148,0.26229508196721313,0.36065573770491804,0.4098360655737705,0.18032786885245902
2.2,S2.2_ItoT_2_S2toS1,LightGBM,456,61,61,"{'n_estimators': 100, 'max_depth': 6, 'learning_rate': 0.05, 'num_leaves': 31, 'min_child_samples': 20}",scenario_results_scenarios_2025-12-21_165745_early_stop/lightgbm_S2.2_ItoT_2_S2toS1_2025-12-21_165745_seed456_early_stop.pkl,1.0,1.0,1.0,1.0,1.0,1.0,1.0,1.0,1.0,1.0,1.0,1.0,1.0,0.19672131147540983,0.13114754098360656,0.13114754098360656,0.10437158469945354,0.10437158469945354,0.19672131147540983,0.19672131147540983,0.19672131147540983,0.21311475409836064,0.26229508196721313,0.3442622950819672,0.3770491803278688,0.19672131147540983
2.2,S2.2_ItoT_3_S2toS1,LightGBM,456,61,61,"{'n_estimators': 100, 'max_depth': 6, 'learning_rate': 0.05, 'num_leaves': 31, 'min_child_samples': 20}",scenario_results_scenarios_2025-12-21_165745_early_stop/lightgbm_S2.2_ItoT_3_S2toS1_2025-12-21_165745_seed456_early_stop.pkl,1.0,1.0,1.0,1.0,1.0,1.0,1.0,1.0,1.0,1.0,1.0,1.0,1.0,0.2459016393442623,0.18415300546448085,0.18415300546448085,0.16311475409836065,0.16311475409836065,0.2459016393442623,0.2459016393442623,0.2459016393442623,0.3114754098360656,0.3442622950819672,0.4262295081967213,0.4918032786885246,0.2459016393442623
2.2,S2.2_ItoF_1_S2toS1,LightGBM,456,61,61,"{'n_estimators': 100, 'max_depth': 6, 'learning_rate': 0.05, 'num_leaves': 31, 'min_child_samples': 20}",scenario_results_scenarios_2025-12-21_165745_early_stop/lightgbm_S2.2_ItoF_1_S2toS1_2025-12-21_165745_seed456_early_stop.pkl,1.0,1.0,1.0,1.0,1.0,1.0,1.0,1.0,1.0,1.0,1.0,1.0,1.0,0.14754098360655737,0.12131147540983606,0.12131147540983606,0.11065573770491803,0.11065573770491803,0.14754098360655737,0.14754098360655737,0.14754098360655737,0.21311475409836064,0.29508196721311475,0.3442622950819672,0.4098360655737705,0.14754098360655737
2.2,S2.2_ItoF_2_S2toS1,LightGBM,456,61,61,"{'n_estimators': 100, 'max_depth': 6, 'learning_rate': 0.05, 'num_leaves': 31, 'min_child_samples': 20}",scenario_results_scenarios_2025-12-21_165745_early_stop/lightgbm_S2.2_ItoF_2_S2toS1_2025-12-21_165745_seed456_early_stop.pkl,1.0,1.0,1.0,1.0,1.0,1.0,1.0,1.0,1.0,1.0,1.0,1.0,1.0,0.19672131147540983,0.13224043715846995,0.13224043715846995,0.10792349726775956,0.10792349726775956,0.19672131147540983,0.19672131147540983,0.19672131147540983,0.36065573770491804,0.4426229508196721,0.47540983606557374,0.5573770491803278,0.19672131147540983
2.2,S2.2_ItoF_3_S2toS1,LightGBM,456,61,61,"{'n_estimators': 100, 'max_depth': 6, 'learning_rate': 0.05, 'num_leaves': 31, 'min_child_samples': 20}",scenario_results_scenarios_2025-12-21_165745_early_stop/lightgbm_S2.2_ItoF_3_S2toS1_2025-12-21_165745_seed456_early_stop.pkl,1.0,1.0,1.0,1.0,1.0,1.0,1.0,1.0,1.0,1.0,1.0,1.0,1.0,0.19672131147540983,0.15846994535519127,0.15846994535519127,0.14207650273224043,0.14207650273224043,0.19672131147540983,0.19672131147540983,0.19672131147540983,0.29508196721311475,0.4098360655737705,0.4426229508196721,0.5081967213114754,0.19672131147540983
2.2,S2.2_TtoF_1_S2toS1,LightGBM,456,61,61,"{'n_estimators': 100, 'max_depth': 6, 'learning_rate': 0.05, 'num_leaves': 31, 'min_child_samples': 20}",scenario_results_scenarios_2025-12-21_165745_early_stop/lightgbm_S2.2_TtoF_1_S2toS1_2025-12-21_165745_seed456_early_stop.pkl,1.0,1.0,1.0,1.0,1.0,1.0,1.0,1.0,1.0,1.0,1.0,1.0,1.0,0.13114754098360656,0.08032786885245902,0.08032786885245902,0.06420765027322405,0.06420765027322405,0.13114754098360656,0.13114754098360656,0.13114754098360656,0.26229508196721313,0.32786885245901637,0.4426229508196721,0.4918032786885246,0.13114754098360656
2.2,S2.2_TtoF_2_S2toS1,LightGBM,456,61,61,"{'n_estimators': 100, 'max_depth': 6, 'learning_rate': 0.05, 'num_leaves': 31, 'min_child_samples': 20}",scenario_results_scenarios_2025-12-21_165745_early_stop/lightgbm_S2.2_TtoF_2_S2toS1_2025-12-21_165745_seed456_early_stop.pkl,1.0,1.0,1.0,1.0,1.0,1.0,1.0,1.0,1.0,1.0,1.0,1.0,1.0,0.18032786885245902,0.13661202185792348,0.13661202185792348,0.12021857923497267,0.12021857923497267,0.18032786885245902,0.18032786885245902,0.18032786885245902,0.32786885245901637,0.3770491803278688,0.4426229508196721,0.4918032786885246,0.18032786885245902
2.2,S2.2_TtoF_3_S2toS1,LightGBM,456,61,61,"{'n_estimators': 100, 'max_depth': 6, 'learning_rate': 0.05, 'num_leaves': 31, 'min_child_samples': 20}",scenario_results_scenarios_2025-12-21_165745_early_stop/lightgbm_S2.2_TtoF_3_S2toS1_2025-12-21_165745_seed456_early_stop.pkl,1.0,1.0,1.0,1.0,1.0,1.0,1.0,1.0,1.0,1.0,1.0,1.0,1.0,0.18032786885245902,0.1371584699453552,0.1371584699453552,0.12431693989071038,0.12431693989071038,0.18032786885245902,0.18032786885245902,0.18032786885245902,0.3114754098360656,0.36065573770491804,0.39344262295081966,0.4262295081967213,0.18032786885245902
2.2,S2.2_TtoI_1_S2toS1,LightGBM,456,61,61,"{'n_estimators': 100, 'max_depth': 6, 'learning_rate': 0.05, 'num_leaves': 31, 'min_child_samples': 20}",scenario_results_scenarios_2025-12-21_165745_early_stop/lightgbm_S2.2_TtoI_1_S2toS1_2025-12-21_165745_seed456_early_stop.pkl,1.0,1.0,1.0,1.0,1.0,1.0,1.0,1.0,1.0,1.0,1.0,1.0,1.0,0.16393442622950818,0.12131147540983607,0.12131147540983607,0.10519125683060108,0.10519125683060108,0.16393442622950818,0.16393442622950818,0.16393442622950818,0.26229508196721313,0.32786885245901637,0.3770491803278688,0.4426229508196721,0.16393442622950818
2.2,S2.2_TtoI_2_S2toS1,LightGBM,456,61,61,"{'n_estimators': 100, 'max_depth': 6, 'learning_rate': 0.05, 'num_leaves': 31, 'min_child_samples': 20}",scenario_results_scenarios_2025-12-21_165745_early_stop/lightgbm_S2.2_TtoI_2_S2toS1_2025-12-21_165745_seed456_early_stop.pkl,1.0,1.0,1.0,1.0,1.0,1.0,1.0,1.0,1.0,1.0,1.0,1.0,1.0,0.16393442622950818,0.11147540983606558,0.11147540983606558,0.09289617486338797,0.09289617486338797,0.16393442622950818,0.16393442622950818,0.16393442622950818,0.22950819672131148,0.29508196721311475,0.4262295081967213,0.4918032786885246,0.16393442622950818
2.2,S2.2_TtoI_3_S2toS1,LightGBM,456,61,61,"{'n_estimators': 100, 'max_depth': 6, 'learning_rate': 0.05, 'num_leaves': 31, 'min_child_samples': 20}",scenario_results_scenarios_2025-12-21_165745_early_stop/lightgbm_S2.2_TtoI_3_S2toS1_2025-12-21_165745_seed456_early_stop.pkl,1.0,1.0,1.0,1.0,1.0,1.0,1.0,1.0,1.0,1.0,1.0,1.0,1.0,0.16393442622950818,0.11584699453551912,0.11584699453551912,0.09699453551912568,0.09699453551912568,0.16393442622950818,0.16393442622950818,0.16393442622950818,0.22950819672131148,0.3114754098360656,0.39344262295081966,0.47540983606557374,0.16393442622950818
2.2,S2.2_FtoI_1_S2toS1,ExtraTrees,456,61,61,"{'n_estimators': 100, 'max_depth': 10, 'min_samples_split': 2, 'min_samples_leaf': 1, 'max_features': 'sqrt', 'bootstrap': False, 'criterion': 'gini'}",scenario_results_scenarios_2025-12-21_165745_early_stop/extratrees_S2.2_FtoI_1_S2toS1_2025-12-21_165745_seed456_early_stop.pkl,1.0,1.0,1.0,1.0,1.0,1.0,1.0,1.0,1.0,1.0,1.0,1.0,1.0,0.2459016393442623,0.1786885245901639,0.1786885245901639,0.15437158469945353,0.15437158469945353,0.2459016393442623,0.2459016393442623,0.26229508196721313,0.39344262295081966,0.5409836065573771,0.5901639344262295,0.639344262295082,0.22950819672131148
2.2,S2.2_FtoI_2_S2toS1,ExtraTrees,456,61,61,"{'n_estimators': 100, 'max_depth': 10, 'min_samples_split': 2, 'min_samples_leaf': 1, 'max_features': 'sqrt', 'bootstrap': False, 'criterion': 'gini'}",scenario_results_scenarios_2025-12-21_165745_early_stop/extratrees_S2.2_FtoI_2_S2toS1_2025-12-21_165745_seed456_early_stop.pkl,1.0,1.0,1.0,1.0,1.0,1.0,1.0,1.0,1.0,1.0,1.0,1.0,1.0,0.3770491803278688,0.2808743169398907,0.2808743169398907,0.24043715846994534,0.24043715846994534,0.3770491803278688,0.3770491803278688,0.36065573770491804,0.5081967213114754,0.6065573770491803,0.639344262295082,0.7049180327868853,0.3442622950819672
2.2,S2.2_FtoI_3_S2toS1,ExtraTrees,456,61,61,"{'n_estimators': 100, 'max_depth': 10, 'min_samples_split': 2, 'min_samples_leaf': 1, 'max_features': 'sqrt', 'bootstrap': False, 'criterion': 'gini'}",scenario_results_scenarios_2025-12-21_165745_early_stop/extratrees_S2.2_FtoI_3_S2toS1_2025-12-21_165745_seed456_early_stop.pkl,1.0,1.0,1.0,1.0,1.0,1.0,1.0,1.0,1.0,1.0,1.0,1.0,1.0,0.2459016393442623,0.18032786885245902,0.18032786885245902,0.15628415300546447,0.15628415300546447,0.2459016393442623,0.2459016393442623,0.2459016393442623,0.4098360655737705,0.47540983606557374,0.5573770491803278,0.639344262295082,0.22950819672131148
2.2,S2.2_FtoT_1_S2toS1,ExtraTrees,456,61,61,"{'n_estimators': 100, 'max_depth': 10, 'min_samples_split': 2, 'min_samples_leaf': 1, 'max_features': 'sqrt', 'bootstrap': False, 'criterion': 'gini'}",scenario_results_scenarios_2025-12-21_165745_early_stop/extratrees_S2.2_FtoT_1_S2toS1_2025-12-21_165745_seed456_early_stop.pkl,1.0,1.0,1.0,1.0,1.0,1.0,1.0,1.0,1.0,1.0,1.0,1.0,1.0,0.2786885245901639,0.21147540983606555,0.21147540983606555,0.18169398907103823,0.18169398907103823,0.2786885245901639,0.2786885245901639,0.2786885245901639,0.3770491803278688,0.5081967213114754,0.6065573770491803,0.7213114754098361,0.2786885245901639
2.2,S2.2_FtoT_2_S2toS1,ExtraTrees,456,61,61,"{'n_estimators': 100, 'max_depth': 10, 'min_samples_split': 2, 'min_samples_leaf': 1, 'max_features': 'sqrt', 'bootstrap': False, 'criterion': 'gini'}",scenario_results_scenarios_2025-12-21_165745_early_stop/extratrees_S2.2_FtoT_2_S2toS1_2025-12-21_165745_seed456_early_stop.pkl,1.0,1.0,1.0,1.0,1.0,1.0,1.0,1.0,1.0,1.0,1.0,1.0,1.0,0.3114754098360656,0.21147540983606555,0.21147540983606555,0.17076502732240437,0.17076502732240437,0.3114754098360656,0.3114754098360656,0.2786885245901639,0.45901639344262296,0.5901639344262295,0.6721311475409836,0.7540983606557377,0.26229508196721313
2.2,S2.2_FtoT_3_S2toS1,ExtraTrees,456,61,61,"{'n_estimators': 100, 'max_depth': 10, 'min_samples_split': 2, 'min_samples_leaf': 1, 'max_features': 'sqrt', 'bootstrap': False, 'criterion': 'gini'}",scenario_results_scenarios_2025-12-21_165745_early_stop/extratrees_S2.2_FtoT_3_S2toS1_2025-12-21_165745_seed456_early_stop.pkl,1.0,1.0,1.0,1.0,1.0,1.0,1.0,1.0,1.0,1.0,1.0,1.0,1.0,0.32786885245901637,0.2442622950819672,0.2442622950819672,0.20901639344262296,0.20901639344262296,0.32786885245901637,0.32786885245901637,0.32786885245901637,0.5409836065573771,0.6229508196721312,0.7213114754098361,0.7377049180327869,0.3114754098360656
2.2,S2.2_ItoT_1_S2toS1,ExtraTrees,456,61,61,"{'n_estimators': 100, 'max_depth': 10, 'min_samples_split': 2, 'min_samples_leaf': 1, 'max_features': 'sqrt', 'bootstrap': False, 'criterion': 'gini'}",scenario_results_scenarios_2025-12-21_165745_early_stop/extratrees_S2.2_ItoT_1_S2toS1_2025-12-21_165745_seed456_early_stop.pkl,1.0,1.0,1.0,1.0,1.0,1.0,1.0,1.0,1.0,1.0,1.0,1.0,1.0,0.21311475409836064,0.16393442622950816,0.16393442622950816,0.14207650273224046,0.14207650273224046,0.21311475409836064,0.21311475409836064,0.21311475409836064,0.4098360655737705,0.5409836065573771,0.6065573770491803,0.6229508196721312,0.21311475409836064
2.2,S2.2_ItoT_2_S2toS1,ExtraTrees,456,61,61,"{'n_estimators': 100, 'max_depth': 10, 'min_samples_split': 2, 'min_samples_leaf': 1, 'max_features': 'sqrt', 'bootstrap': False, 'criterion': 'gini'}",scenario_results_scenarios_2025-12-21_165745_early_stop/extratrees_S2.2_ItoT_2_S2toS1_2025-12-21_165745_seed456_early_stop.pkl,1.0,1.0,1.0,1.0,1.0,1.0,1.0,1.0,1.0,1.0,1.0,1.0,1.0,0.3442622950819672,0.29508196721311475,0.29508196721311475,0.27322404371584696,0.27322404371584696,0.3442622950819672,0.3442622950819672,0.32786885245901637,0.5245901639344263,0.5901639344262295,0.639344262295082,0.7049180327868853,0.3114754098360656
2.2,S2.2_ItoT_3_S2toS1,ExtraTrees,456,61,61,"{'n_estimators': 100, 'max_depth': 10, 'min_samples_split': 2, 'min_samples_leaf': 1, 'max_features': 'sqrt', 'bootstrap': False, 'criterion': 'gini'}",scenario_results_scenarios_2025-12-21_165745_early_stop/extratrees_S2.2_ItoT_3_S2toS1_2025-12-21_165745_seed456_early_stop.pkl,1.0,1.0,1.0,1.0,1.0,1.0,1.0,1.0,1.0,1.0,1.0,1.0,1.0,0.3442622950819672,0.2786885245901639,0.2786885245901639,0.25136612021857924,0.25136612021857924,0.3442622950819672,0.3442622950819672,0.32786885245901637,0.5081967213114754,0.5901639344262295,0.6885245901639344,0.7377049180327869,0.32786885245901637
2.2,S2.2_ItoF_1_S2toS1,ExtraTrees,456,61,61,"{'n_estimators': 100, 'max_depth': 10, 'min_samples_split': 2, 'min_samples_leaf': 1, 'max_features': 'sqrt', 'bootstrap': False, 'criterion': 'gini'}",scenario_results_scenarios_2025-12-21_165745_early_stop/extratrees_S2.2_ItoF_1_S2toS1_2025-12-21_165745_seed456_early_stop.pkl,1.0,1.0,1.0,1.0,1.0,1.0,1.0,1.0,1.0,1.0,1.0,1.0,1.0,0.19672131147540983,0.14590163934426228,0.14590163934426228,0.12759562841530053,0.12759562841530053,0.19672131147540983,0.19672131147540983,0.19672131147540983,0.29508196721311475,0.3770491803278688,0.47540983606557374,0.47540983606557374,0.19672131147540983
2.2,S2.2_ItoF_2_S2toS1,ExtraTrees,456,61,61,"{'n_estimators': 100, 'max_depth': 10, 'min_samples_split': 2, 'min_samples_leaf': 1, 'max_features': 'sqrt', 'bootstrap': False, 'criterion': 'gini'}",scenario_results_scenarios_2025-12-21_165745_early_stop/extratrees_S2.2_ItoF_2_S2toS1_2025-12-21_165745_seed456_early_stop.pkl,1.0,1.0,1.0,1.0,1.0,1.0,1.0,1.0,1.0,1.0,1.0,1.0,1.0,0.3114754098360656,0.22240437158469945,0.22240437158469945,0.18442622950819673,0.18442622950819673,0.3114754098360656,0.3114754098360656,0.32786885245901637,0.5245901639344263,0.6229508196721312,0.6885245901639344,0.7377049180327869,0.3114754098360656
2.2,S2.2_ItoF_3_S2toS1,ExtraTrees,456,61,61,"{'n_estimators': 100, 'max_depth': 10, 'min_samples_split': 2, 'min_samples_leaf': 1, 'max_features': 'sqrt', 'bootstrap': False, 'criterion': 'gini'}",scenario_results_scenarios_2025-12-21_165745_early_stop/extratrees_S2.2_ItoF_3_S2toS1_2025-12-21_165745_seed456_early_stop.pkl,1.0,1.0,1.0,1.0,1.0,1.0,1.0,1.0,1.0,1.0,1.0,1.0,1.0,0.3442622950819672,0.25901639344262295,0.25901639344262295,0.22404371584699453,0.22404371584699453,0.3442622950819672,0.3442622950819672,0.3442622950819672,0.47540983606557374,0.5245901639344263,0.5409836065573771,0.6229508196721312,0.32786885245901637
2.2,S2.2_TtoF_1_S2toS1,ExtraTrees,456,61,61,"{'n_estimators': 100, 'max_depth': 10, 'min_samples_split': 2, 'min_samples_leaf': 1, 'max_features': 'sqrt', 'bootstrap': False, 'criterion': 'gini'}",scenario_results_scenarios_2025-12-21_165745_early_stop/extratrees_S2.2_TtoF_1_S2toS1_2025-12-21_165745_seed456_early_stop.pkl,1.0,1.0,1.0,1.0,1.0,1.0,1.0,1.0,1.0,1.0,1.0,1.0,1.0,0.2786885245901639,0.2180327868852459,0.2180327868852459,0.19999999999999998,0.19999999999999998,0.2786885245901639,0.2786885245901639,0.2786885245901639,0.45901639344262296,0.5245901639344263,0.6721311475409836,0.6885245901639344,0.26229508196721313
2.2,S2.2_TtoF_2_S2toS1,ExtraTrees,456,61,61,"{'n_estimators': 100, 'max_depth': 10, 'min_samples_split': 2, 'min_samples_leaf': 1, 'max_features': 'sqrt', 'bootstrap': False, 'criterion': 'gini'}",scenario_results_scenarios_2025-12-21_165745_early_stop/extratrees_S2.2_TtoF_2_S2toS1_2025-12-21_165745_seed456_early_stop.pkl,1.0,1.0,1.0,1.0,1.0,1.0,1.0,1.0,1.0,1.0,1.0,1.0,1.0,0.2786885245901639,0.22950819672131148,0.22950819672131148,0.2076502732240437,0.2076502732240437,0.2786885245901639,0.2786885245901639,0.22950819672131148,0.5081967213114754,0.6229508196721312,0.7049180327868853,0.7049180327868853,0.22950819672131148
2.2,S2.2_TtoF_3_S2toS1,ExtraTrees,456,61,61,"{'n_estimators': 100, 'max_depth': 10, 'min_samples_split': 2, 'min_samples_leaf': 1, 'max_features': 'sqrt', 'bootstrap': False, 'criterion': 'gini'}",scenario_results_scenarios_2025-12-21_165745_early_stop/extratrees_S2.2_TtoF_3_S2toS1_2025-12-21_165745_seed456_early_stop.pkl,1.0,1.0,1.0,1.0,1.0,1.0,1.0,1.0,1.0,1.0,1.0,1.0,1.0,0.4426229508196721,0.36885245901639346,0.36885245901639346,0.33879781420765026,0.33879781420765026,0.4426229508196721,0.4426229508196721,0.4098360655737705,0.5245901639344263,0.6065573770491803,0.6557377049180327,0.7704918032786885,0.4098360655737705
2.2,S2.2_TtoI_1_S2toS1,ExtraTrees,456,61,61,"{'n_estimators': 100, 'max_depth': 10, 'min_samples_split': 2, 'min_samples_leaf': 1, 'max_features': 'sqrt', 'bootstrap': False, 'criterion': 'gini'}",scenario_results_scenarios_2025-12-21_165745_early_stop/extratrees_S2.2_TtoI_1_S2toS1_2025-12-21_165745_seed456_early_stop.pkl,1.0,1.0,1.0,1.0,1.0,1.0,1.0,1.0,1.0,1.0,1.0,1.0,1.0,0.2786885245901639,0.19781420765027322,0.19781420765027322,0.16857923497267757,0.16857923497267757,0.2786885245901639,0.2786885245901639,0.32786885245901637,0.47540983606557374,0.5245901639344263,0.5901639344262295,0.639344262295082,0.2786885245901639
2.2,S2.2_TtoI_2_S2toS1,ExtraTrees,456,61,61,"{'n_estimators': 100, 'max_depth': 10, 'min_samples_split': 2, 'min_samples_leaf': 1, 'max_features': 'sqrt', 'bootstrap': False, 'criterion': 'gini'}",scenario_results_scenarios_2025-12-21_165745_early_stop/extratrees_S2.2_TtoI_2_S2toS1_2025-12-21_165745_seed456_early_stop.pkl,1.0,1.0,1.0,1.0,1.0,1.0,1.0,1.0,1.0,1.0,1.0,1.0,1.0,0.29508196721311475,0.23169398907103822,0.23169398907103822,0.2076502732240437,0.2076502732240437,0.29508196721311475,0.29508196721311475,0.29508196721311475,0.4262295081967213,0.5737704918032787,0.639344262295082,0.6885245901639344,0.29508196721311475
2.2,S2.2_TtoI_3_S2toS1,ExtraTrees,456,61,61,"{'n_estimators': 100, 'max_depth': 10, 'min_samples_split': 2, 'min_samples_leaf': 1, 'max_features': 'sqrt', 'bootstrap': False, 'criterion': 'gini'}",scenario_results_scenarios_2025-12-21_165745_early_stop/extratrees_S2.2_TtoI_3_S2toS1_2025-12-21_165745_seed456_early_stop.pkl,1.0,1.0,1.0,1.0,1.0,1.0,1.0,1.0,1.0,1.0,1.0,1.0,1.0,0.3442622950819672,0.27704918032786885,0.27704918032786885,0.25000000000000006,0.25000000000000006,0.3442622950819672,0.3442622950819672,0.3442622950819672,0.4918032786885246,0.6065573770491803,0.6229508196721312,0.6721311475409836,0.32786885245901637
3.1,S3.1_FtoI_1,RandomForest,42,122,122,"{'bootstrap': True, 'max_depth': 20, 'max_features': 'log2', 'min_samples_leaf': 2, 'min_samples_split': 2, 'n_estimators': 500}",scenario_results_scenarios_2025-12-21_165745_early_stop/randomforest_S3.1_FtoI_1_2025-12-21_165745_seed42_early_stop.pkl,1.0,1.0,1.0,1.0,1.0,1.0,1.0,1.0,1.0,1.0,1.0,1.0,1.0,0.4672131147540984,0.43622170179547226,0.43622170179547226,0.45846994535519126,0.45846994535519126,0.4672131147540984,0.4672131147540984,0.4672131147540984,0.6229508196721312,0.7622950819672131,0.8524590163934426,0.8852459016393442,0.4672131147540984
3.1,S3.1_FtoI_2,RandomForest,42,122,122,"{'bootstrap': True, 'max_depth': 10, 'max_features': 'log2', 'min_samples_leaf': 2, 'min_samples_split': 2, 'n_estimators': 300}",scenario_results_scenarios_2025-12-21_165745_early_stop/randomforest_S3.1_FtoI_2_2025-12-21_165745_seed42_early_stop.pkl,1.0,1.0,1.0,1.0,1.0,1.0,1.0,1.0,1.0,1.0,1.0,1.0,1.0,0.45081967213114754,0.39167317200104085,0.39167317200104085,0.39457455113192813,0.39457455113192813,0.45081967213114754,0.45081967213114754,0.45081967213114754,0.5819672131147541,0.7213114754098361,0.8360655737704918,0.9016393442622951,0.45081967213114754
3.1,S3.1_FtoI_3,RandomForest,42,122,122,"{'bootstrap': True, 'max_depth': 20, 'max_features': 'log2', 'min_samples_leaf': 1, 'min_samples_split': 2, 'n_estimators': 300}",scenario_results_scenarios_2025-12-21_165745_early_stop/randomforest_S3.1_FtoI_3_2025-12-21_165745_seed42_early_stop.pkl,1.0,1.0,1.0,1.0,1.0,1.0,1.0,1.0,1.0,1.0,1.0,1.0,1.0,0.45901639344262296,0.4282591725214676,0.4282591725214676,0.4415300546448087,0.4415300546448087,0.45901639344262296,0.45901639344262296,0.45901639344262296,0.6475409836065574,0.7622950819672131,0.8114754098360656,0.8770491803278688,0.45901639344262296
3.1,S3.1_FtoT_1,RandomForest,42,122,122,"{'bootstrap': True, 'max_depth': 20, 'max_features': 'log2', 'min_samples_leaf': 2, 'min_samples_split': 2, 'n_estimators': 500}",scenario_results_scenarios_2025-12-21_165745_early_stop/randomforest_S3.1_FtoT_1_2025-12-21_165745_seed42_early_stop.pkl,1.0,1.0,1.0,1.0,1.0,1.0,1.0,1.0,1.0,1.0,1.0,1.0,1.0,0.4098360655737705,0.372911787665886,0.372911787665886,0.39535519125683055,0.39535519125683055,0.4098360655737705,0.4098360655737705,0.4098360655737705,0.5983606557377049,0.6721311475409836,0.7704918032786885,0.8442622950819673,0.4098360655737705
3.1,S3.1_FtoT_2,RandomForest,42,122,122,"{'bootstrap': True, 'max_depth': 10, 'max_features': 'log2', 'min_samples_leaf': 2, 'min_samples_split': 2, 'n_estimators': 300}",scenario_results_scenarios_2025-12-21_165745_early_stop/randomforest_S3.1_FtoT_2_2025-12-21_165745_seed42_early_stop.pkl,1.0,1.0,1.0,1.0,1.0,1.0,1.0,1.0,1.0,1.0,1.0,1.0,1.0,0.45081967213114754,0.393624772313297,0.393624772313297,0.3910226385636222,0.3910226385636222,0.45081967213114754,0.45081967213114754,0.45081967213114754,0.5901639344262295,0.6885245901639344,0.7540983606557377,0.8278688524590164,0.45081967213114754
3.1,S3.1_FtoT_3,RandomForest,42,122,122,"{'bootstrap': True, 'max_depth': 20, 'max_features': 'log2', 'min_samples_leaf': 1, 'min_samples_split': 2, 'n_estimators': 300}",scenario_results_scenarios_2025-12-21_165745_early_stop/randomforest_S3.1_FtoT_3_2025-12-21_165745_seed42_early_stop.pkl,1.0,1.0,1.0,1.0,1.0,1.0,1.0,1.0,1.0,1.0,1.0,1.0,1.0,0.45901639344262296,0.40026021337496753,0.40026021337496753,0.40058548009367684,0.40058548009367684,0.45901639344262296,0.45901639344262296,0.45901639344262296,0.6557377049180327,0.7704918032786885,0.8442622950819673,0.8934426229508197,0.45901639344262296
3.1,S3.1_ItoT_1,RandomForest,42,122,122,"{'bootstrap': False, 'max_depth': None, 'max_features': 'sqrt', 'min_samples_leaf': 2, 'min_samples_split': 10, 'n_estimators': 300}",scenario_results_scenarios_2025-12-21_165745_early_stop/randomforest_S3.1_ItoT_1_2025-12-21_165745_seed42_early_stop.pkl,1.0,1.0,1.0,1.0,1.0,1.0,1.0,1.0,1.0,1.0,1.0,1.0,1.0,0.4180327868852459,0.37283372365339573,0.37283372365339573,0.38060109289617483,0.38060109289617483,0.4180327868852459,0.4180327868852459,0.4180327868852459,0.5655737704918032,0.680327868852459,0.8114754098360656,0.8442622950819673,0.4180327868852459
3.1,S3.1_ItoT_2,RandomForest,42,122,122,"{'bootstrap': True, 'max_depth': None, 'max_features': 'log2', 'min_samples_leaf': 1, 'min_samples_split': 2, 'n_estimators': 500}",scenario_results_scenarios_2025-12-21_165745_early_stop/randomforest_S3.1_ItoT_2_2025-12-21_165745_seed42_early_stop.pkl,1.0,1.0,1.0,1.0,1.0,1.0,1.0,1.0,1.0,1.0,1.0,1.0,1.0,0.4098360655737705,0.36260733801717404,0.36260733801717404,0.3530054644808743,0.3530054644808743,0.4098360655737705,0.4098360655737705,0.4098360655737705,0.6639344262295082,0.7459016393442623,0.7950819672131147,0.8524590163934426,0.4098360655737705
3.1,S3.1_ItoT_3,RandomForest,42,122,122,"{'bootstrap': True, 'max_depth': None, 'max_features': 'log2', 'min_samples_leaf': 1, 'min_samples_split': 2, 'n_estimators': 300}",scenario_results_scenarios_2025-12-21_165745_early_stop/randomforest_S3.1_ItoT_3_2025-12-21_165745_seed42_early_stop.pkl,1.0,1.0,1.0,1.0,1.0,1.0,1.0,1.0,1.0,1.0,1.0,1.0,1.0,0.4180327868852459,0.37525370804059327,0.37525370804059327,0.37868852459016394,0.37868852459016394,0.4180327868852459,0.4180327868852459,0.4344262295081967,0.6475409836065574,0.7459016393442623,0.8032786885245902,0.860655737704918,0.4180327868852459
3.1,S3.1_ItoF_1,RandomForest,42,122,122,"{'bootstrap': False, 'max_depth': None, 'max_features': 'sqrt', 'min_samples_leaf': 2, 'min_samples_split': 10, 'n_estimators': 300}",scenario_results_scenarios_2025-12-21_165745_early_stop/randomforest_S3.1_ItoF_1_2025-12-21_165745_seed42_early_stop.pkl,1.0,1.0,1.0,1.0,1.0,1.0,1.0,1.0,1.0,1.0,1.0,1.0,1.0,0.45901639344262296,0.42248243559718973,0.42248243559718973,0.43142076502732246,0.43142076502732246,0.45901639344262296,0.45901639344262296,0.45901639344262296,0.5819672131147541,0.7213114754098361,0.7868852459016393,0.819672131147541,0.45901639344262296
3.1,S3.1_ItoF_2,RandomForest,42,122,122,"{'bootstrap': True, 'max_depth': None, 'max_features': 'log2', 'min_samples_leaf': 1, 'min_samples_split': 2, 'n_estimators': 500}",scenario_results_scenarios_2025-12-21_165745_early_stop/randomforest_S3.1_ItoF_2_2025-12-21_165745_seed42_early_stop.pkl,1.0,1.0,1.0,1.0,1.0,1.0,1.0,1.0,1.0,1.0,1.0,1.0,1.0,0.5491803278688525,0.5202966432474629,0.5202966432474629,0.5653005464480875,0.5653005464480875,0.5491803278688525,0.5491803278688525,0.5491803278688525,0.7213114754098361,0.8360655737704918,0.8688524590163934,0.9098360655737705,0.5491803278688525
3.1,S3.1_ItoF_3,RandomForest,42,122,122,"{'bootstrap': True, 'max_depth': None, 'max_features': 'log2', 'min_samples_leaf': 1, 'min_samples_split': 2, 'n_estimators': 300}",scenario_results_scenarios_2025-12-21_165745_early_stop/randomforest_S3.1_ItoF_3_2025-12-21_165745_seed42_early_stop.pkl,1.0,1.0,1.0,1.0,1.0,1.0,1.0,1.0,1.0,1.0,1.0,1.0,1.0,0.4344262295081967,0.37730939370283634,0.37730939370283634,0.3814597970335675,0.3814597970335675,0.4344262295081967,0.4344262295081967,0.4344262295081967,0.5491803278688525,0.6557377049180327,0.7295081967213115,0.7868852459016393,0.4344262295081967
3.1,S3.1_TtoF_1,RandomForest,42,122,122,"{'bootstrap': True, 'max_depth': 20, 'max_features': 'log2', 'min_samples_leaf': 1, 'min_samples_split': 2, 'n_estimators': 500}",scenario_results_scenarios_2025-12-21_165745_early_stop/randomforest_S3.1_TtoF_1_2025-12-21_165745_seed42_early_stop.pkl,1.0,1.0,1.0,1.0,1.0,1.0,1.0,1.0,1.0,1.0,1.0,1.0,1.0,0.4262295081967213,0.39160811865729894,0.39160811865729894,0.4191256830601093,0.4191256830601093,0.4262295081967213,0.4262295081967213,0.4262295081967213,0.6475409836065574,0.7377049180327869,0.7950819672131147,0.8524590163934426,0.4262295081967213
3.1,S3.1_TtoF_2,RandomForest,42,122,122,"{'bootstrap': False, 'max_depth': None, 'max_features': 'log2', 'min_samples_leaf': 2, 'min_samples_split': 2, 'n_estimators': 300}",scenario_results_scenarios_2025-12-21_165745_early_stop/randomforest_S3.1_TtoF_2_2025-12-21_165745_seed42_early_stop.pkl,1.0,1.0,1.0,1.0,1.0,1.0,1.0,1.0,1.0,1.0,1.0,1.0,1.0,0.45901639344262296,0.4090554254488681,0.4090554254488681,0.4090163934426229,0.4090163934426229,0.45901639344262296,0.45901639344262296,0.45901639344262296,0.5983606557377049,0.7295081967213115,0.8032786885245902,0.8688524590163934,0.45901639344262296
3.1,S3.1_TtoF_3,RandomForest,42,122,122,"{'bootstrap': True, 'max_depth': None, 'max_features': 'log2', 'min_samples_leaf': 1, 'min_samples_split': 2, 'n_estimators': 100}",scenario_results_scenarios_2025-12-21_165745_early_stop/randomforest_S3.1_TtoF_3_2025-12-21_165745_seed42_early_stop.pkl,1.0,1.0,1.0,1.0,1.0,1.0,1.0,1.0,1.0,1.0,1.0,1.0,1.0,0.4426229508196721,0.4155347384855581,0.4155347384855581,0.4527322404371585,0.4527322404371585,0.4426229508196721,0.4426229508196721,0.48360655737704916,0.6557377049180327,0.7540983606557377,0.7950819672131147,0.8524590163934426,0.4180327868852459
3.1,S3.1_TtoI_1,RandomForest,42,122,122,"{'bootstrap': True, 'max_depth': 20, 'max_features': 'log2', 'min_samples_leaf': 1, 'min_samples_split': 2, 'n_estimators': 500}",scenario_results_scenarios_2025-12-21_165745_early_stop/randomforest_S3.1_TtoI_1_2025-12-21_165745_seed42_early_stop.pkl,1.0,1.0,1.0,1.0,1.0,1.0,1.0,1.0,1.0,1.0,1.0,1.0,1.0,0.48360655737704916,0.4500650533437419,0.4500650533437419,0.4740827478532396,0.4740827478532396,0.48360655737704916,0.48360655737704916,0.48360655737704916,0.5983606557377049,0.6885245901639344,0.7540983606557377,0.7950819672131147,0.48360655737704916
3.1,S3.1_TtoI_2,RandomForest,42,122,122,"{'bootstrap': False, 'max_depth': None, 'max_features': 'log2', 'min_samples_leaf': 2, 'min_samples_split': 2, 'n_estimators': 300}",scenario_results_scenarios_2025-12-21_165745_early_stop/randomforest_S3.1_TtoI_2_2025-12-21_165745_seed42_early_stop.pkl,1.0,1.0,1.0,1.0,1.0,1.0,1.0,1.0,1.0,1.0,1.0,1.0,1.0,0.5327868852459017,0.49125683060109293,0.49125683060109293,0.5095628415300546,0.5095628415300546,0.5327868852459017,0.5327868852459017,0.5409836065573771,0.7131147540983607,0.819672131147541,0.8852459016393442,0.9098360655737705,0.5327868852459017
3.1,S3.1_TtoI_3,RandomForest,42,122,122,"{'bootstrap': True, 'max_depth': None, 'max_features': 'log2', 'min_samples_leaf': 1, 'min_samples_split': 2, 'n_estimators': 100}",scenario_results_scenarios_2025-12-21_165745_early_stop/randomforest_S3.1_TtoI_3_2025-12-21_165745_seed42_early_stop.pkl,1.0,1.0,1.0,1.0,1.0,1.0,1.0,1.0,1.0,1.0,1.0,1.0,1.0,0.47540983606557374,0.4235753317720531,0.4235753317720531,0.4191256830601093,0.4191256830601093,0.47540983606557374,0.47540983606557374,0.5,0.680327868852459,0.7704918032786885,0.8114754098360656,0.8524590163934426,0.4672131147540984
3.1,S3.1_FtoI_1,XGBoost,42,122,122,"{'colsample_bytree': 0.8, 'device': 'cuda', 'learning_rate': 0.1, 'max_depth': 4, 'n_estimators': 1000, 'reg_lambda': 1, 'subsample': 0.8}",scenario_results_scenarios_2025-12-21_165745_early_stop/xgboost_S3.1_FtoI_1_2025-12-21_165745_seed42_early_stop.pkl,1.0,1.0,1.0,1.0,1.0,1.0,1.0,1.0,1.0,1.0,1.0,1.0,1.0,0.26229508196721313,0.21483216237314598,0.21483216237314598,0.20327868852459013,0.20327868852459013,0.26229508196721313,0.26229508196721313,0.26229508196721313,0.4016393442622951,0.5163934426229508,0.6229508196721312,0.6639344262295082,0.26229508196721313
3.1,S3.1_FtoI_2,XGBoost,42,122,122,"{'colsample_bytree': 0.8, 'device': 'cuda', 'learning_rate': 0.05, 'max_depth': 4, 'n_estimators': 1000, 'reg_lambda': 1, 'subsample': 0.8}",scenario_results_scenarios_2025-12-21_165745_early_stop/xgboost_S3.1_FtoI_2_2025-12-21_165745_seed42_early_stop.pkl,1.0,1.0,1.0,1.0,1.0,1.0,1.0,1.0,1.0,1.0,1.0,1.0,1.0,0.3770491803278688,0.35045537340619304,0.35045537340619304,0.38173302107728335,0.38173302107728335,0.3770491803278688,0.3770491803278688,0.3770491803278688,0.5409836065573771,0.6229508196721312,0.7131147540983607,0.7622950819672131,0.3770491803278688
3.1,S3.1_FtoI_3,XGBoost,42,122,122,"{'colsample_bytree': 0.8, 'device': 'cuda', 'learning_rate': 0.05, 'max_depth': 4, 'n_estimators': 1000, 'reg_lambda': 1, 'subsample': 0.8}",scenario_results_scenarios_2025-12-21_165745_early_stop/xgboost_S3.1_FtoI_3_2025-12-21_165745_seed42_early_stop.pkl,1.0,1.0,1.0,1.0,1.0,1.0,1.0,1.0,1.0,1.0,1.0,1.0,1.0,0.3114754098360656,0.27273082109147684,0.27273082109147684,0.2884335154826958,0.2884335154826958,0.3114754098360656,0.3114754098360656,0.3114754098360656,0.47540983606557374,0.5491803278688525,0.6639344262295082,0.7131147540983607,0.3114754098360656
3.1,S3.1_FtoT_1,XGBoost,42,122,122,"{'colsample_bytree': 0.8, 'device': 'cuda', 'learning_rate': 0.05, 'max_depth': 4, 'n_estimators': 1000, 'reg_lambda': 1, 'subsample': 0.8}",scenario_results_scenarios_2025-12-21_165745_early_stop/xgboost_S3.1_FtoT_1_2025-12-21_165745_seed42_early_stop.pkl,1.0,1.0,1.0,1.0,1.0,1.0,1.0,1.0,1.0,1.0,1.0,1.0,1.0,0.30327868852459017,0.26541764246682276,0.26541764246682276,0.26939890710382514,0.26939890710382514,0.30327868852459017,0.30327868852459017,0.30327868852459017,0.4672131147540984,0.6065573770491803,0.6557377049180327,0.7049180327868853,0.30327868852459017
3.1,S3.1_FtoT_2,XGBoost,42,122,122,"{'colsample_bytree': 0.8, 'device': 'cuda', 'learning_rate': 0.05, 'max_depth': 4, 'n_estimators': 1000, 'reg_lambda': 1, 'subsample': 0.8}",scenario_results_scenarios_2025-12-21_165745_early_stop/xgboost_S3.1_FtoT_2_2025-12-21_165745_seed42_early_stop.pkl,1.0,1.0,1.0,1.0,1.0,1.0,1.0,1.0,1.0,1.0,1.0,1.0,1.0,0.3524590163934426,0.3067135050741608,0.3067135050741608,0.2986338797814208,0.2986338797814208,0.3524590163934426,0.3524590163934426,0.3524590163934426,0.5491803278688525,0.6311475409836066,0.6885245901639344,0.7131147540983607,0.3524590163934426
3.1,S3.1_FtoT_3,XGBoost,42,122,122,"{'colsample_bytree': 0.8, 'device': 'cuda', 'learning_rate': 0.05, 'max_depth': 4, 'n_estimators': 1000, 'reg_lambda': 1, 'subsample': 0.8}",scenario_results_scenarios_2025-12-21_165745_early_stop/xgboost_S3.1_FtoT_3_2025-12-21_165745_seed42_early_stop.pkl,1.0,1.0,1.0,1.0,1.0,1.0,1.0,1.0,1.0,1.0,1.0,1.0,1.0,0.32786885245901637,0.2921155347384855,0.2921155347384855,0.2901639344262295,0.2901639344262295,0.32786885245901637,0.32786885245901637,0.32786885245901637,0.5163934426229508,0.639344262295082,0.7131147540983607,0.7704918032786885,0.32786885245901637
3.1,S3.1_ItoT_1,XGBoost,42,122,122,"{'colsample_bytree': 0.8, 'device': 'cuda', 'learning_rate': 0.05, 'max_depth': 4, 'n_estimators': 1000, 'reg_lambda': 1, 'subsample': 0.8}",scenario_results_scenarios_2025-12-21_165745_early_stop/xgboost_S3.1_ItoT_1_2025-12-21_165745_seed42_early_stop.pkl,1.0,1.0,1.0,1.0,1.0,1.0,1.0,1.0,1.0,1.0,1.0,1.0,1.0,0.3114754098360656,0.293559718969555,0.293559718969555,0.31311475409836065,0.31311475409836065,0.3114754098360656,0.3114754098360656,0.3114754098360656,0.4426229508196721,0.5655737704918032,0.6311475409836066,0.680327868852459,0.3114754098360656
3.1,S3.1_ItoT_2,XGBoost,42,122,122,"{'colsample_bytree': 0.8, 'device': 'cuda', 'learning_rate': 0.05, 'max_depth': 4, 'n_estimators': 1000, 'reg_lambda': 1, 'subsample': 0.8}",scenario_results_scenarios_2025-12-21_165745_early_stop/xgboost_S3.1_ItoT_2_2025-12-21_165745_seed42_early_stop.pkl,1.0,1.0,1.0,1.0,1.0,1.0,1.0,1.0,1.0,1.0,1.0,1.0,1.0,0.2540983606557377,0.2312256049960968,0.2312256049960968,0.24562841530054647,0.24562841530054647,0.2540983606557377,0.2540983606557377,0.2540983606557377,0.4672131147540984,0.5819672131147541,0.6721311475409836,0.7377049180327869,0.2540983606557377
3.1,S3.1_ItoT_3,XGBoost,42,122,122,"{'colsample_bytree': 0.8, 'device': 'cuda', 'learning_rate': 0.05, 'max_depth': 4, 'n_estimators': 1000, 'reg_lambda': 1, 'subsample': 0.8}",scenario_results_scenarios_2025-12-21_165745_early_stop/xgboost_S3.1_ItoT_3_2025-12-21_165745_seed42_early_stop.pkl,1.0,1.0,1.0,1.0,1.0,1.0,1.0,1.0,1.0,1.0,1.0,1.0,1.0,0.3524590163934426,0.32149362477231336,0.32149362477231336,0.3339188134270102,0.3339188134270102,0.3524590163934426,0.3524590163934426,0.3524590163934426,0.5163934426229508,0.6475409836065574,0.7131147540983607,0.7459016393442623,0.3524590163934426
3.1,S3.1_ItoF_1,XGBoost,42,122,122,"{'colsample_bytree': 0.8, 'device': 'cuda', 'learning_rate': 0.05, 'max_depth': 4, 'n_estimators': 1000, 'reg_lambda': 1, 'subsample': 0.8}",scenario_results_scenarios_2025-12-21_165745_early_stop/xgboost_S3.1_ItoF_1_2025-12-21_165745_seed42_early_stop.pkl,1.0,1.0,1.0,1.0,1.0,1.0,1.0,1.0,1.0,1.0,1.0,1.0,1.0,0.26229508196721313,0.22849336455893834,0.22849336455893834,0.24972677595628415,0.24972677595628415,0.26229508196721313,0.26229508196721313,0.26229508196721313,0.4098360655737705,0.5327868852459017,0.5819672131147541,0.680327868852459,0.26229508196721313
3.1,S3.1_ItoF_2,XGBoost,42,122,122,"{'colsample_bytree': 0.8, 'device': 'cuda', 'learning_rate': 0.05, 'max_depth': 4, 'n_estimators': 1000, 'reg_lambda': 1, 'subsample': 0.8}",scenario_results_scenarios_2025-12-21_165745_early_stop/xgboost_S3.1_ItoF_2_2025-12-21_165745_seed42_early_stop.pkl,1.0,1.0,1.0,1.0,1.0,1.0,1.0,1.0,1.0,1.0,1.0,1.0,1.0,0.36885245901639346,0.340424147801197,0.340424147801197,0.3596018735362998,0.3596018735362998,0.36885245901639346,0.36885245901639346,0.36885245901639346,0.5081967213114754,0.5819672131147541,0.6639344262295082,0.7049180327868853,0.36885245901639346
3.1,S3.1_ItoF_3,XGBoost,42,122,122,"{'colsample_bytree': 0.8, 'device': 'cuda', 'learning_rate': 0.05, 'max_depth': 4, 'n_estimators': 1000, 'reg_lambda': 1, 'subsample': 0.8}",scenario_results_scenarios_2025-12-21_165745_early_stop/xgboost_S3.1_ItoF_3_2025-12-21_165745_seed42_early_stop.pkl,1.0,1.0,1.0,1.0,1.0,1.0,1.0,1.0,1.0,1.0,1.0,1.0,1.0,0.3114754098360656,0.29164715066354413,0.29164715066354413,0.3131147540983607,0.3131147540983607,0.3114754098360656,0.3114754098360656,0.3114754098360656,0.4344262295081967,0.5491803278688525,0.6065573770491803,0.6721311475409836,0.3114754098360656
3.1,S3.1_TtoF_1,XGBoost,42,122,122,"{'colsample_bytree': 0.8, 'device': 'cuda', 'learning_rate': 0.05, 'max_depth': 4, 'n_estimators': 1000, 'reg_lambda': 1, 'subsample': 0.8}",scenario_results_scenarios_2025-12-21_165745_early_stop/xgboost_S3.1_TtoF_1_2025-12-21_165745_seed42_early_stop.pkl,1.0,1.0,1.0,1.0,1.0,1.0,1.0,1.0,1.0,1.0,1.0,1.0,1.0,0.319672131147541,0.2750195160031225,0.2750195160031225,0.27950819672131144,0.27950819672131144,0.319672131147541,0.319672131147541,0.319672131147541,0.45081967213114754,0.5901639344262295,0.6475409836065574,0.6967213114754098,0.319672131147541
3.1,S3.1_TtoF_2,XGBoost,42,122,122,"{'colsample_bytree': 0.8, 'device': 'cuda', 'learning_rate': 0.05, 'max_depth': 4, 'n_estimators': 1000, 'reg_lambda': 1, 'subsample': 0.8}",scenario_results_scenarios_2025-12-21_165745_early_stop/xgboost_S3.1_TtoF_2_2025-12-21_165745_seed42_early_stop.pkl,1.0,1.0,1.0,1.0,1.0,1.0,1.0,1.0,1.0,1.0,1.0,1.0,1.0,0.32786885245901637,0.3062190996617226,0.3062190996617226,0.3414129586260733,0.3414129586260733,0.32786885245901637,0.32786885245901637,0.32786885245901637,0.47540983606557374,0.5737704918032787,0.6229508196721312,0.6721311475409836,0.32786885245901637
3.1,S3.1_TtoF_3,XGBoost,42,122,122,"{'colsample_bytree': 0.8, 'device': 'cuda', 'learning_rate': 0.05, 'max_depth': 4, 'n_estimators': 1000, 'reg_lambda': 1, 'subsample': 0.8}",scenario_results_scenarios_2025-12-21_165745_early_stop/xgboost_S3.1_TtoF_3_2025-12-21_165745_seed42_early_stop.pkl,1.0,1.0,1.0,1.0,1.0,1.0,1.0,1.0,1.0,1.0,1.0,1.0,1.0,0.36065573770491804,0.3224043715846995,0.3224043715846995,0.32035519125683054,0.32035519125683054,0.36065573770491804,0.36065573770491804,0.36065573770491804,0.5,0.6147540983606558,0.7131147540983607,0.7540983606557377,0.36065573770491804
3.1,S3.1_TtoI_1,XGBoost,42,122,122,"{'colsample_bytree': 0.8, 'device': 'cuda', 'learning_rate': 0.05, 'max_depth': 4, 'n_estimators': 1000, 'reg_lambda': 1, 'subsample': 0.8}",scenario_results_scenarios_2025-12-21_165745_early_stop/xgboost_S3.1_TtoI_1_2025-12-21_165745_seed42_early_stop.pkl,1.0,1.0,1.0,1.0,1.0,1.0,1.0,1.0,1.0,1.0,1.0,1.0,1.0,0.2459016393442623,0.2201405152224824,0.2201405152224824,0.24043715846994537,0.24043715846994537,0.2459016393442623,0.2459016393442623,0.2459016393442623,0.45081967213114754,0.5655737704918032,0.6557377049180327,0.7377049180327869,0.2459016393442623
3.1,S3.1_TtoI_2,XGBoost,42,122,122,"{'colsample_bytree': 0.8, 'device': 'cuda', 'learning_rate': 0.05, 'max_depth': 4, 'n_estimators': 1000, 'reg_lambda': 1, 'subsample': 0.8}",scenario_results_scenarios_2025-12-21_165745_early_stop/xgboost_S3.1_TtoI_2_2025-12-21_165745_seed42_early_stop.pkl,1.0,1.0,1.0,1.0,1.0,1.0,1.0,1.0,1.0,1.0,1.0,1.0,1.0,0.36885245901639346,0.33590944574551124,0.33590944574551124,0.3254098360655738,0.3254098360655738,0.36885245901639346,0.36885245901639346,0.36885245901639346,0.5163934426229508,0.6065573770491803,0.6721311475409836,0.7049180327868853,0.36885245901639346
3.1,S3.1_TtoI_3,XGBoost,42,122,122,"{'colsample_bytree': 0.8, 'device': 'cuda', 'learning_rate': 0.05, 'max_depth': 4, 'n_estimators': 1000, 'reg_lambda': 1, 'subsample': 0.8}",scenario_results_scenarios_2025-12-21_165745_early_stop/xgboost_S3.1_TtoI_3_2025-12-21_165745_seed42_early_stop.pkl,1.0,1.0,1.0,1.0,1.0,1.0,1.0,1.0,1.0,1.0,1.0,1.0,1.0,0.32786885245901637,0.30663544106167057,0.30663544106167057,0.3180327868852459,0.3180327868852459,0.32786885245901637,0.32786885245901637,0.32786885245901637,0.5,0.6475409836065574,0.7295081967213115,0.7950819672131147,0.32786885245901637
3.1,S3.1_FtoI_1,CatBoost,42,122,122,"{'border_count': 32, 'depth': 6, 'iterations': 1000, 'l2_leaf_reg': 1, 'learning_rate': 0.1}",scenario_results_scenarios_2025-12-21_165745_early_stop/catboost_S3.1_FtoI_1_2025-12-21_165745_seed42_early_stop.pkl,1.0,1.0,1.0,1.0,1.0,1.0,1.0,1.0,1.0,1.0,1.0,1.0,1.0,0.4180327868852459,0.380952380952381,0.380952380952381,0.37814207650273224,0.37814207650273224,0.4180327868852459,0.4180327868852459,0.4180327868852459,0.5983606557377049,0.6967213114754098,0.7786885245901639,0.8524590163934426,0.4180327868852459
3.1,S3.1_FtoI_2,CatBoost,42,122,122,"{'border_count': 32, 'depth': 6, 'iterations': 1000, 'l2_leaf_reg': 1, 'learning_rate': 0.05}",scenario_results_scenarios_2025-12-21_165745_early_stop/catboost_S3.1_FtoI_2_2025-12-21_165745_seed42_early_stop.pkl,1.0,1.0,1.0,1.0,1.0,1.0,1.0,1.0,1.0,1.0,1.0,1.0,1.0,0.4918032786885246,0.45351288056206085,0.45351288056206085,0.46639344262295074,0.46639344262295074,0.4918032786885246,0.4918032786885246,0.4918032786885246,0.6639344262295082,0.7786885245901639,0.8688524590163934,0.8934426229508197,0.4918032786885246
3.1,S3.1_FtoI_3,CatBoost,42,122,122,"{'border_count': 64, 'depth': 4, 'iterations': 1000, 'l2_leaf_reg': 3, 'learning_rate': 0.05}",scenario_results_scenarios_2025-12-21_165745_early_stop/catboost_S3.1_FtoI_3_2025-12-21_165745_seed42_early_stop.pkl,1.0,1.0,1.0,1.0,1.0,1.0,1.0,1.0,1.0,1.0,1.0,1.0,1.0,0.4016393442622951,0.36260733801717404,0.36260733801717404,0.35983606557377046,0.35983606557377046,0.4016393442622951,0.4016393442622951,0.4016393442622951,0.6147540983606558,0.7868852459016393,0.8360655737704918,0.8852459016393442,0.4016393442622951
3.1,S3.1_FtoT_1,CatBoost,42,122,122,"{'border_count': 32, 'depth': 6, 'iterations': 1000, 'l2_leaf_reg': 1, 'learning_rate': 0.1}",scenario_results_scenarios_2025-12-21_165745_early_stop/catboost_S3.1_FtoT_1_2025-12-21_165745_seed42_early_stop.pkl,1.0,1.0,1.0,1.0,1.0,1.0,1.0,1.0,1.0,1.0,1.0,1.0,1.0,0.36885245901639346,0.3279729378090034,0.3279729378090034,0.3462138953942232,0.3462138953942232,0.36885245901639346,0.36885245901639346,0.36885245901639346,0.4918032786885246,0.639344262295082,0.7459016393442623,0.8278688524590164,0.36885245901639346
3.1,S3.1_FtoT_2,CatBoost,42,122,122,"{'border_count': 32, 'depth': 6, 'iterations': 1000, 'l2_leaf_reg': 1, 'learning_rate': 0.05}",scenario_results_scenarios_2025-12-21_165745_early_stop/catboost_S3.1_FtoT_2_2025-12-21_165745_seed42_early_stop.pkl,1.0,1.0,1.0,1.0,1.0,1.0,1.0,1.0,1.0,1.0,1.0,1.0,1.0,0.45081967213114754,0.4000780640124903,0.4000780640124903,0.40273224043715844,0.40273224043715844,0.45081967213114754,0.45081967213114754,0.45081967213114754,0.6229508196721312,0.7131147540983607,0.7704918032786885,0.8360655737704918,0.45081967213114754
3.1,S3.1_FtoT_3,CatBoost,42,122,122,"{'border_count': 64, 'depth': 4, 'iterations': 1000, 'l2_leaf_reg': 3, 'learning_rate': 0.05}",scenario_results_scenarios_2025-12-21_165745_early_stop/catboost_S3.1_FtoT_3_2025-12-21_165745_seed42_early_stop.pkl,1.0,1.0,1.0,1.0,1.0,1.0,1.0,1.0,1.0,1.0,1.0,1.0,1.0,0.5,0.4459797033567526,0.4459797033567526,0.4382513661202186,0.4382513661202186,0.5,0.5,0.5,0.7131147540983607,0.8360655737704918,0.8852459016393442,0.9262295081967213,0.5
3.1,S3.1_ItoT_1,CatBoost,42,122,122,"{'border_count': 64, 'depth': 6, 'iterations': 1000, 'l2_leaf_reg': 1, 'learning_rate': 0.1}",scenario_results_scenarios_2025-12-21_165745_early_stop/catboost_S3.1_ItoT_1_2025-12-21_165745_seed42_early_stop.pkl,1.0,1.0,1.0,1.0,1.0,1.0,1.0,1.0,1.0,1.0,1.0,1.0,1.0,0.4180327868852459,0.39957064793130365,0.39957064793130365,0.4346994535519126,0.4346994535519126,0.4180327868852459,0.4180327868852459,0.4180327868852459,0.5901639344262295,0.6967213114754098,0.7786885245901639,0.8360655737704918,0.4180327868852459
3.1,S3.1_ItoT_2,CatBoost,42,122,122,"{'border_count': 64, 'depth': 8, 'iterations': 1000, 'l2_leaf_reg': 1, 'learning_rate': 0.05}",scenario_results_scenarios_2025-12-21_165745_early_stop/catboost_S3.1_ItoT_2_2025-12-21_165745_seed42_early_stop.pkl,1.0,1.0,1.0,1.0,1.0,1.0,1.0,1.0,1.0,1.0,1.0,1.0,1.0,0.4426229508196721,0.38961748633879784,0.38961748633879784,0.37431693989071035,0.37431693989071035,0.4426229508196721,0.4426229508196721,0.4426229508196721,0.680327868852459,0.7622950819672131,0.819672131147541,0.8360655737704918,0.4426229508196721
3.1,S3.1_ItoT_3,CatBoost,42,122,122,"{'border_count': 32, 'depth': 8, 'iterations': 1000, 'l2_leaf_reg': 3, 'learning_rate': 0.05}",scenario_results_scenarios_2025-12-21_165745_early_stop/catboost_S3.1_ItoT_3_2025-12-21_165745_seed42_early_stop.pkl,1.0,1.0,1.0,1.0,1.0,1.0,1.0,1.0,1.0,1.0,1.0,1.0,1.0,0.45081967213114754,0.41018735362997655,0.41018735362997655,0.4341530054644808,0.4341530054644808,0.45081967213114754,0.45081967213114754,0.45081967213114754,0.6147540983606558,0.7540983606557377,0.8442622950819673,0.860655737704918,0.45081967213114754
3.1,S3.1_ItoF_1,CatBoost,42,122,122,"{'border_count': 64, 'depth': 6, 'iterations': 1000, 'l2_leaf_reg': 1, 'learning_rate': 0.1}",scenario_results_scenarios_2025-12-21_165745_early_stop/catboost_S3.1_ItoF_1_2025-12-21_165745_seed42_early_stop.pkl,1.0,1.0,1.0,1.0,1.0,1.0,1.0,1.0,1.0,1.0,1.0,1.0,1.0,0.4262295081967213,0.3970335675253708,0.3970335675253708,0.43196721311475406,0.43196721311475406,0.4262295081967213,0.4262295081967213,0.4262295081967213,0.5327868852459017,0.680327868852459,0.7622950819672131,0.8442622950819673,0.4262295081967213
3.1,S3.1_ItoF_2,CatBoost,42,122,122,"{'border_count': 64, 'depth': 8, 'iterations': 1000, 'l2_leaf_reg': 1, 'learning_rate': 0.05}",scenario_results_scenarios_2025-12-21_165745_early_stop/catboost_S3.1_ItoF_2_2025-12-21_165745_seed42_early_stop.pkl,1.0,1.0,1.0,1.0,1.0,1.0,1.0,1.0,1.0,1.0,1.0,1.0,1.0,0.45901639344262296,0.4174863387978142,0.4174863387978142,0.4193989071038251,0.4193989071038251,0.45901639344262296,0.45901639344262296,0.45901639344262296,0.6311475409836066,0.7540983606557377,0.7950819672131147,0.860655737704918,0.45901639344262296
3.1,S3.1_ItoF_3,CatBoost,42,122,122,"{'border_count': 32, 'depth': 8, 'iterations': 1000, 'l2_leaf_reg': 3, 'learning_rate': 0.05}",scenario_results_scenarios_2025-12-21_165745_early_stop/catboost_S3.1_ItoF_3_2025-12-21_165745_seed42_early_stop.pkl,1.0,1.0,1.0,1.0,1.0,1.0,1.0,1.0,1.0,1.0,1.0,1.0,1.0,0.4180327868852459,0.3789097059588863,0.3789097059588863,0.405503512880562,0.405503512880562,0.4180327868852459,0.4180327868852459,0.4180327868852459,0.5655737704918032,0.7213114754098361,0.8032786885245902,0.8360655737704918,0.4180327868852459
3.1,S3.1_TtoF_1,CatBoost,42,122,122,"{'border_count': 32, 'depth': 4, 'iterations': 1000, 'l2_leaf_reg': 1, 'learning_rate': 0.1}",scenario_results_scenarios_2025-12-21_165745_early_stop/catboost_S3.1_TtoF_1_2025-12-21_165745_seed42_early_stop.pkl,1.0,1.0,1.0,1.0,1.0,1.0,1.0,1.0,1.0,1.0,1.0,1.0,1.0,0.4426229508196721,0.4001821493624772,0.4001821493624772,0.4426619828259173,0.4426619828259173,0.4426229508196721,0.4426229508196721,0.4426229508196721,0.6229508196721312,0.7459016393442623,0.7704918032786885,0.8278688524590164,0.4426229508196721
3.1,S3.1_TtoF_2,CatBoost,42,122,122,"{'border_count': 32, 'depth': 4, 'iterations': 1000, 'l2_leaf_reg': 1, 'learning_rate': 0.05}",scenario_results_scenarios_2025-12-21_165745_early_stop/catboost_S3.1_TtoF_2_2025-12-21_165745_seed42_early_stop.pkl,1.0,1.0,1.0,1.0,1.0,1.0,1.0,1.0,1.0,1.0,1.0,1.0,1.0,0.4918032786885246,0.4281030444964872,0.4281030444964872,0.42540983606557375,0.42540983606557375,0.4918032786885246,0.4918032786885246,0.4918032786885246,0.6885245901639344,0.8114754098360656,0.8688524590163934,0.9016393442622951,0.4918032786885246
3.1,S3.1_TtoF_3,CatBoost,42,122,122,"{'border_count': 32, 'depth': 4, 'iterations': 1000, 'l2_leaf_reg': 1, 'learning_rate': 0.1}",scenario_results_scenarios_2025-12-21_165745_early_stop/catboost_S3.1_TtoF_3_2025-12-21_165745_seed42_early_stop.pkl,1.0,1.0,1.0,1.0,1.0,1.0,1.0,1.0,1.0,1.0,1.0,1.0,1.0,0.4918032786885246,0.4482045277127244,0.4482045277127244,0.46202185792349726,0.46202185792349726,0.4918032786885246,0.4918032786885246,0.4918032786885246,0.6721311475409836,0.819672131147541,0.860655737704918,0.9180327868852459,0.4918032786885246
3.1,S3.1_TtoI_1,CatBoost,42,122,122,"{'border_count': 32, 'depth': 4, 'iterations': 1000, 'l2_leaf_reg': 1, 'learning_rate': 0.1}",scenario_results_scenarios_2025-12-21_165745_early_stop/catboost_S3.1_TtoI_1_2025-12-21_165745_seed42_early_stop.pkl,1.0,1.0,1.0,1.0,1.0,1.0,1.0,1.0,1.0,1.0,1.0,1.0,1.0,0.39344262295081966,0.3668618266978923,0.3668618266978923,0.40437158469945356,0.40437158469945356,0.39344262295081966,0.39344262295081966,0.39344262295081966,0.5901639344262295,0.6721311475409836,0.7459016393442623,0.819672131147541,0.39344262295081966
3.1,S3.1_TtoI_2,CatBoost,42,122,122,"{'border_count': 32, 'depth': 4, 'iterations': 1000, 'l2_leaf_reg': 1, 'learning_rate': 0.05}",scenario_results_scenarios_2025-12-21_165745_early_stop/catboost_S3.1_TtoI_2_2025-12-21_165745_seed42_early_stop.pkl,1.0,1.0,1.0,1.0,1.0,1.0,1.0,1.0,1.0,1.0,1.0,1.0,1.0,0.5,0.4540983606557378,0.4540983606557378,0.46967213114754097,0.46967213114754097,0.5,0.5,0.5,0.6639344262295082,0.7704918032786885,0.8442622950819673,0.8852459016393442,0.5
3.1,S3.1_TtoI_3,CatBoost,42,122,122,"{'border_count': 32, 'depth': 4, 'iterations': 1000, 'l2_leaf_reg': 1, 'learning_rate': 0.1}",scenario_results_scenarios_2025-12-21_165745_early_stop/catboost_S3.1_TtoI_3_2025-12-21_165745_seed42_early_stop.pkl,1.0,1.0,1.0,1.0,1.0,1.0,1.0,1.0,1.0,1.0,1.0,1.0,1.0,0.5327868852459017,0.5000000000000001,0.5000000000000001,0.5218579234972678,0.5218579234972678,0.5327868852459017,0.5327868852459017,0.5327868852459017,0.6967213114754098,0.7622950819672131,0.8278688524590164,0.8770491803278688,0.5327868852459017
3.1,S3.1_FtoI_1,NaiveBayes,42,122,122,"{'priors': None, 'var_smoothing': 1e-09}",scenario_results_scenarios_2025-12-21_165745_early_stop/naivebayes_S3.1_FtoI_1_2025-12-21_165745_seed42_early_stop.pkl,1.0,1.0,1.0,1.0,1.0,1.0,1.0,1.0,1.0,1.0,1.0,1.0,1.0,0.02459016393442623,0.011462081833933092,0.011462081833933092,0.016664408616718602,0.016664408616718602,0.02459016393442623,0.02459016393442623,0.02459016393442623,0.09836065573770492,0.11475409836065574,0.12295081967213115,0.14754098360655737,0.02459016393442623
3.1,S3.1_FtoI_2,NaiveBayes,42,122,122,"{'priors': None, 'var_smoothing': 1e-09}",scenario_results_scenarios_2025-12-21_165745_early_stop/naivebayes_S3.1_FtoI_2_2025-12-21_165745_seed42_early_stop.pkl,1.0,1.0,1.0,1.0,1.0,1.0,1.0,1.0,1.0,1.0,1.0,1.0,1.0,0.13934426229508196,0.0965666056692804,0.0965666056692804,0.10428257053136512,0.10428257053136512,0.13934426229508196,0.13934426229508196,0.13934426229508196,0.1885245901639344,0.20491803278688525,0.22131147540983606,0.23770491803278687,0.13934426229508196
3.1,S3.1_FtoI_3,NaiveBayes,42,122,122,"{'priors': None, 'var_smoothing': 1e-09}",scenario_results_scenarios_2025-12-21_165745_early_stop/naivebayes_S3.1_FtoI_3_2025-12-21_165745_seed42_early_stop.pkl,1.0,1.0,1.0,1.0,1.0,1.0,1.0,1.0,1.0,1.0,1.0,1.0,1.0,0.05737704918032787,0.027884622966590177,0.027884622966590177,0.02963330457290768,0.02963330457290768,0.05737704918032787,0.05737704918032787,0.05737704918032787,0.11475409836065574,0.14754098360655737,0.1557377049180328,0.1557377049180328,0.05737704918032787
3.1,S3.1_FtoT_1,NaiveBayes,42,122,122,"{'priors': None, 'var_smoothing': 1e-09}",scenario_results_scenarios_2025-12-21_165745_early_stop/naivebayes_S3.1_FtoT_1_2025-12-21_165745_seed42_early_stop.pkl,1.0,1.0,1.0,1.0,1.0,1.0,1.0,1.0,1.0,1.0,1.0,1.0,1.0,0.040983606557377046,0.03061035472816523,0.03061035472816523,0.041266252119841716,0.041266252119841716,0.040983606557377046,0.040983606557377046,0.040983606557377046,0.08196721311475409,0.09836065573770492,0.09836065573770492,0.12295081967213115,0.040983606557377046
3.1,S3.1_FtoT_2,NaiveBayes,42,122,122,"{'priors': None, 'var_smoothing': 1e-09}",scenario_results_scenarios_2025-12-21_165745_early_stop/naivebayes_S3.1_FtoT_2_2025-12-21_165745_seed42_early_stop.pkl,1.0,1.0,1.0,1.0,1.0,1.0,1.0,1.0,1.0,1.0,1.0,1.0,1.0,0.11475409836065574,0.05922541266447182,0.05922541266447182,0.05739127136883823,0.05739127136883823,0.11475409836065574,0.11475409836065574,0.11475409836065574,0.16393442622950818,0.1885245901639344,0.19672131147540983,0.22131147540983606,0.11475409836065574
3.1,S3.1_FtoT_3,NaiveBayes,42,122,122,"{'priors': None, 'var_smoothing': 1e-09}",scenario_results_scenarios_2025-12-21_165745_early_stop/naivebayes_S3.1_FtoT_3_2025-12-21_165745_seed42_early_stop.pkl,1.0,1.0,1.0,1.0,1.0,1.0,1.0,1.0,1.0,1.0,1.0,1.0,1.0,0.05737704918032787,0.04875267284390592,0.04875267284390592,0.06167056986729118,0.06167056986729118,0.05737704918032787,0.05737704918032787,0.05737704918032787,0.11475409836065574,0.12295081967213115,0.13934426229508196,0.14754098360655737,0.05737704918032787
3.1,S3.1_ItoT_1,NaiveBayes,42,122,122,"{'priors': None, 'var_smoothing': 1e-09}",scenario_results_scenarios_2025-12-21_165745_early_stop/naivebayes_S3.1_ItoT_1_2025-12-21_165745_seed42_early_stop.pkl,1.0,1.0,1.0,1.0,1.0,1.0,1.0,1.0,1.0,1.0,1.0,1.0,1.0,0.12295081967213115,0.10047058650789571,0.10047058650789571,0.11950276419646566,0.11950276419646566,0.12295081967213115,0.12295081967213115,0.12295081967213115,0.14754098360655737,0.18032786885245902,0.19672131147540983,0.21311475409836064,0.12295081967213115
3.1,S3.1_ItoT_2,NaiveBayes,42,122,122,"{'priors': None, 'var_smoothing': 1e-09}",scenario_results_scenarios_2025-12-21_165745_early_stop/naivebayes_S3.1_ItoT_2_2025-12-21_165745_seed42_early_stop.pkl,1.0,1.0,1.0,1.0,1.0,1.0,1.0,1.0,1.0,1.0,1.0,1.0,1.0,0.09016393442622951,0.03821341516108811,0.03821341516108811,0.027752286286519656,0.027752286286519656,0.09016393442622951,0.09016393442622951,0.09016393442622951,0.11475409836065574,0.13114754098360656,0.14754098360655737,0.1721311475409836,0.09016393442622951
3.1,S3.1_ItoT_3,NaiveBayes,42,122,122,"{'priors': None, 'var_smoothing': 1e-09}",scenario_results_scenarios_2025-12-21_165745_early_stop/naivebayes_S3.1_ItoT_3_2025-12-21_165745_seed42_early_stop.pkl,1.0,1.0,1.0,1.0,1.0,1.0,1.0,1.0,1.0,1.0,1.0,1.0,1.0,0.12295081967213115,0.10598290598290597,0.10598290598290597,0.12355540634229159,0.12355540634229159,0.12295081967213115,0.12295081967213115,0.12295081967213115,0.19672131147540983,0.22950819672131148,0.23770491803278687,0.2459016393442623,0.12295081967213115
3.1,S3.1_ItoF_1,NaiveBayes,42,122,122,"{'priors': None, 'var_smoothing': 1e-09}",scenario_results_scenarios_2025-12-21_165745_early_stop/naivebayes_S3.1_ItoF_1_2025-12-21_165745_seed42_early_stop.pkl,1.0,1.0,1.0,1.0,1.0,1.0,1.0,1.0,1.0,1.0,1.0,1.0,1.0,0.13114754098360656,0.08923449644976825,0.08923449644976825,0.09208214203138833,0.09208214203138833,0.13114754098360656,0.13114754098360656,0.13114754098360656,0.13934426229508196,0.16393442622950818,0.1721311475409836,0.1885245901639344,0.13114754098360656
3.1,S3.1_ItoF_2,NaiveBayes,42,122,122,"{'priors': None, 'var_smoothing': 1e-09}",scenario_results_scenarios_2025-12-21_165745_early_stop/naivebayes_S3.1_ItoF_2_2025-12-21_165745_seed42_early_stop.pkl,1.0,1.0,1.0,1.0,1.0,1.0,1.0,1.0,1.0,1.0,1.0,1.0,1.0,0.09836065573770492,0.05271495646958364,0.05271495646958364,0.048454387770385514,0.048454387770385514,0.09836065573770492,0.09836065573770492,0.09836065573770492,0.16393442622950818,0.16393442622950818,0.18032786885245902,0.20491803278688525,0.09836065573770492
3.1,S3.1_ItoF_3,NaiveBayes,42,122,122,"{'priors': None, 'var_smoothing': 1e-09}",scenario_results_scenarios_2025-12-21_165745_early_stop/naivebayes_S3.1_ItoF_3_2025-12-21_165745_seed42_early_stop.pkl,1.0,1.0,1.0,1.0,1.0,1.0,1.0,1.0,1.0,1.0,1.0,1.0,1.0,0.13114754098360656,0.09980223783502472,0.09980223783502472,0.10414757492448154,0.10414757492448154,0.13114754098360656,0.13114754098360656,0.13114754098360656,0.1721311475409836,0.20491803278688525,0.20491803278688525,0.22131147540983606,0.13114754098360656
3.1,S3.1_TtoF_1,NaiveBayes,42,122,122,"{'priors': None, 'var_smoothing': 1e-09}",scenario_results_scenarios_2025-12-21_165745_early_stop/naivebayes_S3.1_TtoF_1_2025-12-21_165745_seed42_early_stop.pkl,1.0,1.0,1.0,1.0,1.0,1.0,1.0,1.0,1.0,1.0,1.0,1.0,1.0,0.12295081967213115,0.0871766024610769,0.0871766024610769,0.10580689802001277,0.10580689802001277,0.12295081967213115,0.12295081967213115,0.12295081967213115,0.13934426229508196,0.14754098360655737,0.18032786885245902,0.19672131147540983,0.12295081967213115
3.1,S3.1_TtoF_2,NaiveBayes,42,122,122,"{'priors': None, 'var_smoothing': 1e-09}",scenario_results_scenarios_2025-12-21_165745_early_stop/naivebayes_S3.1_TtoF_2_2025-12-21_165745_seed42_early_stop.pkl,1.0,1.0,1.0,1.0,1.0,1.0,1.0,1.0,1.0,1.0,1.0,1.0,1.0,0.07377049180327869,0.04930564115206047,0.04930564115206047,0.05397920615391436,0.05397920615391436,0.07377049180327869,0.07377049180327869,0.07377049180327869,0.10655737704918032,0.13114754098360656,0.13934426229508196,0.16393442622950818,0.07377049180327869
3.1,S3.1_TtoF_3,NaiveBayes,42,122,122,"{'priors': None, 'var_smoothing': 1e-09}",scenario_results_scenarios_2025-12-21_165745_early_stop/naivebayes_S3.1_TtoF_3_2025-12-21_165745_seed42_early_stop.pkl,1.0,1.0,1.0,1.0,1.0,1.0,1.0,1.0,1.0,1.0,1.0,1.0,1.0,0.09836065573770492,0.05658641535334336,0.05658641535334336,0.06333688169753744,0.06333688169753744,0.09836065573770492,0.09836065573770492,0.09836065573770492,0.13934426229508196,0.1557377049180328,0.1721311475409836,0.1721311475409836,0.09836065573770492
3.1,S3.1_TtoI_1,NaiveBayes,42,122,122,"{'priors': None, 'var_smoothing': 1e-09}",scenario_results_scenarios_2025-12-21_165745_early_stop/naivebayes_S3.1_TtoI_1_2025-12-21_165745_seed42_early_stop.pkl,1.0,1.0,1.0,1.0,1.0,1.0,1.0,1.0,1.0,1.0,1.0,1.0,1.0,0.13934426229508196,0.08435683927487206,0.08435683927487206,0.08546702841784809,0.08546702841784809,0.13934426229508196,0.13934426229508196,0.13934426229508196,0.16393442622950818,0.18032786885245902,0.21311475409836064,0.23770491803278687,0.13934426229508196
3.1,S3.1_TtoI_2,NaiveBayes,42,122,122,"{'priors': None, 'var_smoothing': 1e-09}",scenario_results_scenarios_2025-12-21_165745_early_stop/naivebayes_S3.1_TtoI_2_2025-12-21_165745_seed42_early_stop.pkl,1.0,1.0,1.0,1.0,1.0,1.0,1.0,1.0,1.0,1.0,1.0,1.0,1.0,0.09836065573770492,0.0642472479607191,0.0642472479607191,0.06664860708168757,0.06664860708168757,0.09836065573770492,0.09836065573770492,0.09836065573770492,0.11475409836065574,0.13934426229508196,0.16393442622950818,0.19672131147540983,0.09836065573770492
3.1,S3.1_TtoI_3,NaiveBayes,42,122,122,"{'priors': None, 'var_smoothing': 1e-09}",scenario_results_scenarios_2025-12-21_165745_early_stop/naivebayes_S3.1_TtoI_3_2025-12-21_165745_seed42_early_stop.pkl,1.0,1.0,1.0,1.0,1.0,1.0,1.0,1.0,1.0,1.0,1.0,1.0,1.0,0.10655737704918032,0.0585706035960417,0.0585706035960417,0.06292770824764478,0.06292770824764478,0.10655737704918032,0.10655737704918032,0.10655737704918032,0.14754098360655737,0.1885245901639344,0.21311475409836064,0.22950819672131148,0.10655737704918032
