iter	MultiClass
0	3.571479355
1	3.561147602
2	3.548669063
3	3.5392481
4	3.528075712
5	3.517341448
6	3.5054908
7	3.495673202
8	3.485060756
9	3.472335303
10	3.458954644
11	3.448549781
12	3.435877236
13	3.424232635
14	3.413776322
15	3.40326857
16	3.392845679
17	3.381625696
18	3.371469962
19	3.359975789
20	3.34878498
21	3.338575038
22	3.327193531
23	3.316400808
24	3.305915622
25	3.294566515
26	3.282050225
