model,experiment,random_seed,early_stopping,k_value,train_top_k_accuracy,test_top_k_accuracy,model_path,hyperparameters,timestamp
RandomForest,S1_vs_S2_P1,42,True,1,0.84375,0.5,experiment_results_statistical_IL_top_10_video_2025-08-14_220927_early_stop/randomforest_S1_vs_S2_P1_2025-08-14_220927_seed42_early_stop.pkl,"{'bootstrap': True, 'max_depth': 10, 'max_features': 'log2', 'min_samples_leaf': 1, 'min_samples_split': 2, 'n_estimators': 300}",2025-08-14_220927
RandomForest,S1_vs_S2_P1,42,True,2,0.9375,0.826530612244898,experiment_results_statistical_IL_top_10_video_2025-08-14_220927_early_stop/randomforest_S1_vs_S2_P1_2025-08-14_220927_seed42_early_stop.pkl,"{'bootstrap': True, 'max_depth': 10, 'max_features': 'log2', 'min_samples_leaf': 1, 'min_samples_split': 2, 'n_estimators': 300}",2025-08-14_220927
RandomForest,S1_vs_S2_P1,42,True,3,1.0,0.9693877551020408,experiment_results_statistical_IL_top_10_video_2025-08-14_220927_early_stop/randomforest_S1_vs_S2_P1_2025-08-14_220927_seed42_early_stop.pkl,"{'bootstrap': True, 'max_depth': 10, 'max_features': 'log2', 'min_samples_leaf': 1, 'min_samples_split': 2, 'n_estimators': 300}",2025-08-14_220927
RandomForest,S1_vs_S2_P1,42,True,4,1.0,0.9795918367346939,experiment_results_statistical_IL_top_10_video_2025-08-14_220927_early_stop/randomforest_S1_vs_S2_P1_2025-08-14_220927_seed42_early_stop.pkl,"{'bootstrap': True, 'max_depth': 10, 'max_features': 'log2', 'min_samples_leaf': 1, 'min_samples_split': 2, 'n_estimators': 300}",2025-08-14_220927
RandomForest,S1_vs_S2_P1,42,True,5,1.0,1.0,experiment_results_statistical_IL_top_10_video_2025-08-14_220927_early_stop/randomforest_S1_vs_S2_P1_2025-08-14_220927_seed42_early_stop.pkl,"{'bootstrap': True, 'max_depth': 10, 'max_features': 'log2', 'min_samples_leaf': 1, 'min_samples_split': 2, 'n_estimators': 300}",2025-08-14_220927
XGBoost,S1_vs_S2_P1,42,True,1,0.84375,0.21428571428571427,experiment_results_statistical_IL_top_10_video_2025-08-14_220927_early_stop/xgboost_S1_vs_S2_P1_2025-08-14_220927_seed42_early_stop.pkl,"{'colsample_bytree': 1.0, 'device': 'cpu', 'learning_rate': 0.05, 'max_depth': 4, 'n_estimators': 1000, 'reg_lambda': 3, 'subsample': 1.0}",2025-08-14_220927
XGBoost,S1_vs_S2_P1,42,True,2,0.9375,0.5408163265306123,experiment_results_statistical_IL_top_10_video_2025-08-14_220927_early_stop/xgboost_S1_vs_S2_P1_2025-08-14_220927_seed42_early_stop.pkl,"{'colsample_bytree': 1.0, 'device': 'cpu', 'learning_rate': 0.05, 'max_depth': 4, 'n_estimators': 1000, 'reg_lambda': 3, 'subsample': 1.0}",2025-08-14_220927
XGBoost,S1_vs_S2_P1,42,True,3,1.0,0.7040816326530612,experiment_results_statistical_IL_top_10_video_2025-08-14_220927_early_stop/xgboost_S1_vs_S2_P1_2025-08-14_220927_seed42_early_stop.pkl,"{'colsample_bytree': 1.0, 'device': 'cpu', 'learning_rate': 0.05, 'max_depth': 4, 'n_estimators': 1000, 'reg_lambda': 3, 'subsample': 1.0}",2025-08-14_220927
XGBoost,S1_vs_S2_P1,42,True,4,1.0,0.7857142857142857,experiment_results_statistical_IL_top_10_video_2025-08-14_220927_early_stop/xgboost_S1_vs_S2_P1_2025-08-14_220927_seed42_early_stop.pkl,"{'colsample_bytree': 1.0, 'device': 'cpu', 'learning_rate': 0.05, 'max_depth': 4, 'n_estimators': 1000, 'reg_lambda': 3, 'subsample': 1.0}",2025-08-14_220927
XGBoost,S1_vs_S2_P1,42,True,5,1.0,0.8979591836734694,experiment_results_statistical_IL_top_10_video_2025-08-14_220927_early_stop/xgboost_S1_vs_S2_P1_2025-08-14_220927_seed42_early_stop.pkl,"{'colsample_bytree': 1.0, 'device': 'cpu', 'learning_rate': 0.05, 'max_depth': 4, 'n_estimators': 1000, 'reg_lambda': 3, 'subsample': 1.0}",2025-08-14_220927
CatBoost,S1_vs_S2_P1,42,True,1,0.84375,0.5102040816326531,experiment_results_statistical_IL_top_10_video_2025-08-14_220927_early_stop/catboost_S1_vs_S2_P1_2025-08-14_220927_seed42_early_stop.pkl,"{'border_count': 32, 'depth': 4, 'iterations': 1000, 'l2_leaf_reg': 1, 'learning_rate': 0.1}",2025-08-14_220927
CatBoost,S1_vs_S2_P1,42,True,2,0.9375,0.7959183673469388,experiment_results_statistical_IL_top_10_video_2025-08-14_220927_early_stop/catboost_S1_vs_S2_P1_2025-08-14_220927_seed42_early_stop.pkl,"{'border_count': 32, 'depth': 4, 'iterations': 1000, 'l2_leaf_reg': 1, 'learning_rate': 0.1}",2025-08-14_220927
CatBoost,S1_vs_S2_P1,42,True,3,1.0,0.9693877551020408,experiment_results_statistical_IL_top_10_video_2025-08-14_220927_early_stop/catboost_S1_vs_S2_P1_2025-08-14_220927_seed42_early_stop.pkl,"{'border_count': 32, 'depth': 4, 'iterations': 1000, 'l2_leaf_reg': 1, 'learning_rate': 0.1}",2025-08-14_220927
CatBoost,S1_vs_S2_P1,42,True,4,1.0,0.9693877551020408,experiment_results_statistical_IL_top_10_video_2025-08-14_220927_early_stop/catboost_S1_vs_S2_P1_2025-08-14_220927_seed42_early_stop.pkl,"{'border_count': 32, 'depth': 4, 'iterations': 1000, 'l2_leaf_reg': 1, 'learning_rate': 0.1}",2025-08-14_220927
CatBoost,S1_vs_S2_P1,42,True,5,1.0,0.9897959183673469,experiment_results_statistical_IL_top_10_video_2025-08-14_220927_early_stop/catboost_S1_vs_S2_P1_2025-08-14_220927_seed42_early_stop.pkl,"{'border_count': 32, 'depth': 4, 'iterations': 1000, 'l2_leaf_reg': 1, 'learning_rate': 0.1}",2025-08-14_220927
SVM,S1_vs_S2_P1,42,True,1,0.4375,0.42857142857142855,experiment_results_statistical_IL_top_10_video_2025-08-14_220927_early_stop/svm_S1_vs_S2_P1_2025-08-14_220927_seed42_early_stop.pkl,"{'C': 10, 'decision_function_shape': 'ovo', 'gamma': 'scale', 'kernel': 'rbf'}",2025-08-14_220927
SVM,S1_vs_S2_P1,42,True,2,0.71875,0.673469387755102,experiment_results_statistical_IL_top_10_video_2025-08-14_220927_early_stop/svm_S1_vs_S2_P1_2025-08-14_220927_seed42_early_stop.pkl,"{'C': 10, 'decision_function_shape': 'ovo', 'gamma': 'scale', 'kernel': 'rbf'}",2025-08-14_220927
SVM,S1_vs_S2_P1,42,True,3,0.9375,0.8673469387755102,experiment_results_statistical_IL_top_10_video_2025-08-14_220927_early_stop/svm_S1_vs_S2_P1_2025-08-14_220927_seed42_early_stop.pkl,"{'C': 10, 'decision_function_shape': 'ovo', 'gamma': 'scale', 'kernel': 'rbf'}",2025-08-14_220927
SVM,S1_vs_S2_P1,42,True,4,1.0,0.9081632653061225,experiment_results_statistical_IL_top_10_video_2025-08-14_220927_early_stop/svm_S1_vs_S2_P1_2025-08-14_220927_seed42_early_stop.pkl,"{'C': 10, 'decision_function_shape': 'ovo', 'gamma': 'scale', 'kernel': 'rbf'}",2025-08-14_220927
SVM,S1_vs_S2_P1,42,True,5,1.0,0.9591836734693877,experiment_results_statistical_IL_top_10_video_2025-08-14_220927_early_stop/svm_S1_vs_S2_P1_2025-08-14_220927_seed42_early_stop.pkl,"{'C': 10, 'decision_function_shape': 'ovo', 'gamma': 'scale', 'kernel': 'rbf'}",2025-08-14_220927
MLP,S1_vs_S2_P1,42,True,1,0.09375,0.09183673469387756,experiment_results_statistical_IL_top_10_video_2025-08-14_220927_early_stop/mlp_S1_vs_S2_P1_2025-08-14_220927_seed42_early_stop.pkl,"{'activation': 'relu', 'alpha': 0.0001, 'batch_size': 36, 'early_stopping': True, 'hidden_layer_sizes': [50], 'learning_rate': 'constant', 'learning_rate_init': 0.001, 'max_iter': 2000, 'solver': 'adam'}",2025-08-14_220927
MLP,S1_vs_S2_P1,42,True,2,0.1875,0.1836734693877551,experiment_results_statistical_IL_top_10_video_2025-08-14_220927_early_stop/mlp_S1_vs_S2_P1_2025-08-14_220927_seed42_early_stop.pkl,"{'activation': 'relu', 'alpha': 0.0001, 'batch_size': 36, 'early_stopping': True, 'hidden_layer_sizes': [50], 'learning_rate': 'constant', 'learning_rate_init': 0.001, 'max_iter': 2000, 'solver': 'adam'}",2025-08-14_220927
MLP,S1_vs_S2_P1,42,True,3,0.25,0.2653061224489796,experiment_results_statistical_IL_top_10_video_2025-08-14_220927_early_stop/mlp_S1_vs_S2_P1_2025-08-14_220927_seed42_early_stop.pkl,"{'activation': 'relu', 'alpha': 0.0001, 'batch_size': 36, 'early_stopping': True, 'hidden_layer_sizes': [50], 'learning_rate': 'constant', 'learning_rate_init': 0.001, 'max_iter': 2000, 'solver': 'adam'}",2025-08-14_220927
MLP,S1_vs_S2_P1,42,True,4,0.34375,0.35714285714285715,experiment_results_statistical_IL_top_10_video_2025-08-14_220927_early_stop/mlp_S1_vs_S2_P1_2025-08-14_220927_seed42_early_stop.pkl,"{'activation': 'relu', 'alpha': 0.0001, 'batch_size': 36, 'early_stopping': True, 'hidden_layer_sizes': [50], 'learning_rate': 'constant', 'learning_rate_init': 0.001, 'max_iter': 2000, 'solver': 'adam'}",2025-08-14_220927
MLP,S1_vs_S2_P1,42,True,5,0.4375,0.4489795918367347,experiment_results_statistical_IL_top_10_video_2025-08-14_220927_early_stop/mlp_S1_vs_S2_P1_2025-08-14_220927_seed42_early_stop.pkl,"{'activation': 'relu', 'alpha': 0.0001, 'batch_size': 36, 'early_stopping': True, 'hidden_layer_sizes': [50], 'learning_rate': 'constant', 'learning_rate_init': 0.001, 'max_iter': 2000, 'solver': 'adam'}",2025-08-14_220927
NaiveBayes,S1_vs_S2_P1,42,True,1,0.84375,0.45918367346938777,experiment_results_statistical_IL_top_10_video_2025-08-14_220927_early_stop/naivebayes_S1_vs_S2_P1_2025-08-14_220927_seed42_early_stop.pkl,"{'priors': None, 'var_smoothing': 1e-09}",2025-08-14_220927
NaiveBayes,S1_vs_S2_P1,42,True,2,0.9375,0.6632653061224489,experiment_results_statistical_IL_top_10_video_2025-08-14_220927_early_stop/naivebayes_S1_vs_S2_P1_2025-08-14_220927_seed42_early_stop.pkl,"{'priors': None, 'var_smoothing': 1e-09}",2025-08-14_220927
NaiveBayes,S1_vs_S2_P1,42,True,3,1.0,0.8061224489795918,experiment_results_statistical_IL_top_10_video_2025-08-14_220927_early_stop/naivebayes_S1_vs_S2_P1_2025-08-14_220927_seed42_early_stop.pkl,"{'priors': None, 'var_smoothing': 1e-09}",2025-08-14_220927
NaiveBayes,S1_vs_S2_P1,42,True,4,1.0,0.826530612244898,experiment_results_statistical_IL_top_10_video_2025-08-14_220927_early_stop/naivebayes_S1_vs_S2_P1_2025-08-14_220927_seed42_early_stop.pkl,"{'priors': None, 'var_smoothing': 1e-09}",2025-08-14_220927
NaiveBayes,S1_vs_S2_P1,42,True,5,1.0,0.8469387755102041,experiment_results_statistical_IL_top_10_video_2025-08-14_220927_early_stop/naivebayes_S1_vs_S2_P1_2025-08-14_220927_seed42_early_stop.pkl,"{'priors': None, 'var_smoothing': 1e-09}",2025-08-14_220927
LightGBM,S1_vs_S2_P1,42,True,1,0.09375,0.09183673469387756,experiment_results_statistical_IL_top_10_video_2025-08-14_220927_early_stop/lightgbm_S1_vs_S2_P1_2025-08-14_220927_seed42_early_stop.pkl,"{'boosting_type': 'gbdt', 'class_weight': None, 'colsample_bytree': 1.0, 'importance_type': 'split', 'learning_rate': 0.1, 'max_depth': -1, 'min_child_samples': 20, 'min_child_weight': 0.001, 'min_split_gain': 0.0, 'n_estimators': 100, 'n_jobs': -1, 'num_leaves': 31, 'objective': None, 'random_state': 42, 'reg_alpha': 0.0, 'reg_lambda': 0.0, 'subsample': 1.0, 'subsample_for_bin': 200000, 'subsample_freq': 0, 'verbose': -1}",2025-08-14_220927
LightGBM,S1_vs_S2_P1,42,True,2,0.1875,0.1836734693877551,experiment_results_statistical_IL_top_10_video_2025-08-14_220927_early_stop/lightgbm_S1_vs_S2_P1_2025-08-14_220927_seed42_early_stop.pkl,"{'boosting_type': 'gbdt', 'class_weight': None, 'colsample_bytree': 1.0, 'importance_type': 'split', 'learning_rate': 0.1, 'max_depth': -1, 'min_child_samples': 20, 'min_child_weight': 0.001, 'min_split_gain': 0.0, 'n_estimators': 100, 'n_jobs': -1, 'num_leaves': 31, 'objective': None, 'random_state': 42, 'reg_alpha': 0.0, 'reg_lambda': 0.0, 'subsample': 1.0, 'subsample_for_bin': 200000, 'subsample_freq': 0, 'verbose': -1}",2025-08-14_220927
LightGBM,S1_vs_S2_P1,42,True,3,0.28125,0.2755102040816326,experiment_results_statistical_IL_top_10_video_2025-08-14_220927_early_stop/lightgbm_S1_vs_S2_P1_2025-08-14_220927_seed42_early_stop.pkl,"{'boosting_type': 'gbdt', 'class_weight': None, 'colsample_bytree': 1.0, 'importance_type': 'split', 'learning_rate': 0.1, 'max_depth': -1, 'min_child_samples': 20, 'min_child_weight': 0.001, 'min_split_gain': 0.0, 'n_estimators': 100, 'n_jobs': -1, 'num_leaves': 31, 'objective': None, 'random_state': 42, 'reg_alpha': 0.0, 'reg_lambda': 0.0, 'subsample': 1.0, 'subsample_for_bin': 200000, 'subsample_freq': 0, 'verbose': -1}",2025-08-14_220927
LightGBM,S1_vs_S2_P1,42,True,4,0.375,0.3673469387755102,experiment_results_statistical_IL_top_10_video_2025-08-14_220927_early_stop/lightgbm_S1_vs_S2_P1_2025-08-14_220927_seed42_early_stop.pkl,"{'boosting_type': 'gbdt', 'class_weight': None, 'colsample_bytree': 1.0, 'importance_type': 'split', 'learning_rate': 0.1, 'max_depth': -1, 'min_child_samples': 20, 'min_child_weight': 0.001, 'min_split_gain': 0.0, 'n_estimators': 100, 'n_jobs': -1, 'num_leaves': 31, 'objective': None, 'random_state': 42, 'reg_alpha': 0.0, 'reg_lambda': 0.0, 'subsample': 1.0, 'subsample_for_bin': 200000, 'subsample_freq': 0, 'verbose': -1}",2025-08-14_220927
LightGBM,S1_vs_S2_P1,42,True,5,0.46875,0.45918367346938777,experiment_results_statistical_IL_top_10_video_2025-08-14_220927_early_stop/lightgbm_S1_vs_S2_P1_2025-08-14_220927_seed42_early_stop.pkl,"{'boosting_type': 'gbdt', 'class_weight': None, 'colsample_bytree': 1.0, 'importance_type': 'split', 'learning_rate': 0.1, 'max_depth': -1, 'min_child_samples': 20, 'min_child_weight': 0.001, 'min_split_gain': 0.0, 'n_estimators': 100, 'n_jobs': -1, 'num_leaves': 31, 'objective': None, 'random_state': 42, 'reg_alpha': 0.0, 'reg_lambda': 0.0, 'subsample': 1.0, 'subsample_for_bin': 200000, 'subsample_freq': 0, 'verbose': -1}",2025-08-14_220927
ExtraTrees,S1_vs_S2_P1,42,True,1,0.84375,0.47959183673469385,experiment_results_statistical_IL_top_10_video_2025-08-14_220927_early_stop/extratrees_S1_vs_S2_P1_2025-08-14_220927_seed42_early_stop.pkl,"{'bootstrap': False, 'ccp_alpha': 0.0, 'class_weight': None, 'criterion': 'gini', 'max_depth': None, 'max_features': 'sqrt', 'max_leaf_nodes': None, 'max_samples': None, 'min_impurity_decrease': 0.0, 'min_samples_leaf': 1, 'min_samples_split': 2, 'min_weight_fraction_leaf': 0.0, 'monotonic_cst': None, 'n_estimators': 100, 'n_jobs': -1, 'oob_score': False, 'random_state': 42, 'verbose': 0, 'warm_start': False}",2025-08-14_220927
ExtraTrees,S1_vs_S2_P1,42,True,2,0.9375,0.8061224489795918,experiment_results_statistical_IL_top_10_video_2025-08-14_220927_early_stop/extratrees_S1_vs_S2_P1_2025-08-14_220927_seed42_early_stop.pkl,"{'bootstrap': False, 'ccp_alpha': 0.0, 'class_weight': None, 'criterion': 'gini', 'max_depth': None, 'max_features': 'sqrt', 'max_leaf_nodes': None, 'max_samples': None, 'min_impurity_decrease': 0.0, 'min_samples_leaf': 1, 'min_samples_split': 2, 'min_weight_fraction_leaf': 0.0, 'monotonic_cst': None, 'n_estimators': 100, 'n_jobs': -1, 'oob_score': False, 'random_state': 42, 'verbose': 0, 'warm_start': False}",2025-08-14_220927
ExtraTrees,S1_vs_S2_P1,42,True,3,1.0,0.9897959183673469,experiment_results_statistical_IL_top_10_video_2025-08-14_220927_early_stop/extratrees_S1_vs_S2_P1_2025-08-14_220927_seed42_early_stop.pkl,"{'bootstrap': False, 'ccp_alpha': 0.0, 'class_weight': None, 'criterion': 'gini', 'max_depth': None, 'max_features': 'sqrt', 'max_leaf_nodes': None, 'max_samples': None, 'min_impurity_decrease': 0.0, 'min_samples_leaf': 1, 'min_samples_split': 2, 'min_weight_fraction_leaf': 0.0, 'monotonic_cst': None, 'n_estimators': 100, 'n_jobs': -1, 'oob_score': False, 'random_state': 42, 'verbose': 0, 'warm_start': False}",2025-08-14_220927
ExtraTrees,S1_vs_S2_P1,42,True,4,1.0,1.0,experiment_results_statistical_IL_top_10_video_2025-08-14_220927_early_stop/extratrees_S1_vs_S2_P1_2025-08-14_220927_seed42_early_stop.pkl,"{'bootstrap': False, 'ccp_alpha': 0.0, 'class_weight': None, 'criterion': 'gini', 'max_depth': None, 'max_features': 'sqrt', 'max_leaf_nodes': None, 'max_samples': None, 'min_impurity_decrease': 0.0, 'min_samples_leaf': 1, 'min_samples_split': 2, 'min_weight_fraction_leaf': 0.0, 'monotonic_cst': None, 'n_estimators': 100, 'n_jobs': -1, 'oob_score': False, 'random_state': 42, 'verbose': 0, 'warm_start': False}",2025-08-14_220927
ExtraTrees,S1_vs_S2_P1,42,True,5,1.0,1.0,experiment_results_statistical_IL_top_10_video_2025-08-14_220927_early_stop/extratrees_S1_vs_S2_P1_2025-08-14_220927_seed42_early_stop.pkl,"{'bootstrap': False, 'ccp_alpha': 0.0, 'class_weight': None, 'criterion': 'gini', 'max_depth': None, 'max_features': 'sqrt', 'max_leaf_nodes': None, 'max_samples': None, 'min_impurity_decrease': 0.0, 'min_samples_leaf': 1, 'min_samples_split': 2, 'min_weight_fraction_leaf': 0.0, 'monotonic_cst': None, 'n_estimators': 100, 'n_jobs': -1, 'oob_score': False, 'random_state': 42, 'verbose': 0, 'warm_start': False}",2025-08-14_220927
GradientBoosting,S1_vs_S2_P1,42,True,1,0.84375,0.35714285714285715,experiment_results_statistical_IL_top_10_video_2025-08-14_220927_early_stop/gradientboosting_S1_vs_S2_P1_2025-08-14_220927_seed42_early_stop.pkl,"{'ccp_alpha': 0.0, 'criterion': 'friedman_mse', 'init': None, 'learning_rate': 0.1, 'loss': 'log_loss', 'max_depth': 3, 'max_features': None, 'max_leaf_nodes': None, 'min_impurity_decrease': 0.0, 'min_samples_leaf': 1, 'min_samples_split': 2, 'min_weight_fraction_leaf': 0.0, 'n_estimators': 100, 'n_iter_no_change': None, 'random_state': 42, 'subsample': 1.0, 'tol': 0.0001, 'validation_fraction': 0.1, 'verbose': 0, 'warm_start': False}",2025-08-14_220927
GradientBoosting,S1_vs_S2_P1,42,True,2,0.9375,0.6020408163265306,experiment_results_statistical_IL_top_10_video_2025-08-14_220927_early_stop/gradientboosting_S1_vs_S2_P1_2025-08-14_220927_seed42_early_stop.pkl,"{'ccp_alpha': 0.0, 'criterion': 'friedman_mse', 'init': None, 'learning_rate': 0.1, 'loss': 'log_loss', 'max_depth': 3, 'max_features': None, 'max_leaf_nodes': None, 'min_impurity_decrease': 0.0, 'min_samples_leaf': 1, 'min_samples_split': 2, 'min_weight_fraction_leaf': 0.0, 'n_estimators': 100, 'n_iter_no_change': None, 'random_state': 42, 'subsample': 1.0, 'tol': 0.0001, 'validation_fraction': 0.1, 'verbose': 0, 'warm_start': False}",2025-08-14_220927
GradientBoosting,S1_vs_S2_P1,42,True,3,1.0,0.7857142857142857,experiment_results_statistical_IL_top_10_video_2025-08-14_220927_early_stop/gradientboosting_S1_vs_S2_P1_2025-08-14_220927_seed42_early_stop.pkl,"{'ccp_alpha': 0.0, 'criterion': 'friedman_mse', 'init': None, 'learning_rate': 0.1, 'loss': 'log_loss', 'max_depth': 3, 'max_features': None, 'max_leaf_nodes': None, 'min_impurity_decrease': 0.0, 'min_samples_leaf': 1, 'min_samples_split': 2, 'min_weight_fraction_leaf': 0.0, 'n_estimators': 100, 'n_iter_no_change': None, 'random_state': 42, 'subsample': 1.0, 'tol': 0.0001, 'validation_fraction': 0.1, 'verbose': 0, 'warm_start': False}",2025-08-14_220927
GradientBoosting,S1_vs_S2_P1,42,True,4,1.0,0.8469387755102041,experiment_results_statistical_IL_top_10_video_2025-08-14_220927_early_stop/gradientboosting_S1_vs_S2_P1_2025-08-14_220927_seed42_early_stop.pkl,"{'ccp_alpha': 0.0, 'criterion': 'friedman_mse', 'init': None, 'learning_rate': 0.1, 'loss': 'log_loss', 'max_depth': 3, 'max_features': None, 'max_leaf_nodes': None, 'min_impurity_decrease': 0.0, 'min_samples_leaf': 1, 'min_samples_split': 2, 'min_weight_fraction_leaf': 0.0, 'n_estimators': 100, 'n_iter_no_change': None, 'random_state': 42, 'subsample': 1.0, 'tol': 0.0001, 'validation_fraction': 0.1, 'verbose': 0, 'warm_start': False}",2025-08-14_220927
GradientBoosting,S1_vs_S2_P1,42,True,5,1.0,0.8673469387755102,experiment_results_statistical_IL_top_10_video_2025-08-14_220927_early_stop/gradientboosting_S1_vs_S2_P1_2025-08-14_220927_seed42_early_stop.pkl,"{'ccp_alpha': 0.0, 'criterion': 'friedman_mse', 'init': None, 'learning_rate': 0.1, 'loss': 'log_loss', 'max_depth': 3, 'max_features': None, 'max_leaf_nodes': None, 'min_impurity_decrease': 0.0, 'min_samples_leaf': 1, 'min_samples_split': 2, 'min_weight_fraction_leaf': 0.0, 'n_estimators': 100, 'n_iter_no_change': None, 'random_state': 42, 'subsample': 1.0, 'tol': 0.0001, 'validation_fraction': 0.1, 'verbose': 0, 'warm_start': False}",2025-08-14_220927
KNN,S1_vs_S2_P1,42,True,1,0.40625,0.22448979591836735,experiment_results_statistical_IL_top_10_video_2025-08-14_220927_early_stop/knn_S1_vs_S2_P1_2025-08-14_220927_seed42_early_stop.pkl,"{'algorithm': 'auto', 'leaf_size': 30, 'metric': 'minkowski', 'metric_params': None, 'n_jobs': -1, 'n_neighbors': 5, 'p': 2, 'weights': 'uniform'}",2025-08-14_220927
KNN,S1_vs_S2_P1,42,True,2,0.75,0.5408163265306123,experiment_results_statistical_IL_top_10_video_2025-08-14_220927_early_stop/knn_S1_vs_S2_P1_2025-08-14_220927_seed42_early_stop.pkl,"{'algorithm': 'auto', 'leaf_size': 30, 'metric': 'minkowski', 'metric_params': None, 'n_jobs': -1, 'n_neighbors': 5, 'p': 2, 'weights': 'uniform'}",2025-08-14_220927
KNN,S1_vs_S2_P1,42,True,3,1.0,0.6632653061224489,experiment_results_statistical_IL_top_10_video_2025-08-14_220927_early_stop/knn_S1_vs_S2_P1_2025-08-14_220927_seed42_early_stop.pkl,"{'algorithm': 'auto', 'leaf_size': 30, 'metric': 'minkowski', 'metric_params': None, 'n_jobs': -1, 'n_neighbors': 5, 'p': 2, 'weights': 'uniform'}",2025-08-14_220927
KNN,S1_vs_S2_P1,42,True,4,1.0,0.7142857142857143,experiment_results_statistical_IL_top_10_video_2025-08-14_220927_early_stop/knn_S1_vs_S2_P1_2025-08-14_220927_seed42_early_stop.pkl,"{'algorithm': 'auto', 'leaf_size': 30, 'metric': 'minkowski', 'metric_params': None, 'n_jobs': -1, 'n_neighbors': 5, 'p': 2, 'weights': 'uniform'}",2025-08-14_220927
KNN,S1_vs_S2_P1,42,True,5,1.0,0.7448979591836735,experiment_results_statistical_IL_top_10_video_2025-08-14_220927_early_stop/knn_S1_vs_S2_P1_2025-08-14_220927_seed42_early_stop.pkl,"{'algorithm': 'auto', 'leaf_size': 30, 'metric': 'minkowski', 'metric_params': None, 'n_jobs': -1, 'n_neighbors': 5, 'p': 2, 'weights': 'uniform'}",2025-08-14_220927
LogisticRegression,S1_vs_S2_P1,42,True,1,0.5,0.2857142857142857,experiment_results_statistical_IL_top_10_video_2025-08-14_220927_early_stop/logisticregression_S1_vs_S2_P1_2025-08-14_220927_seed42_early_stop.pkl,"{'C': 1.0, 'class_weight': None, 'dual': False, 'fit_intercept': True, 'intercept_scaling': 1, 'l1_ratio': None, 'max_iter': 100, 'multi_class': 'deprecated', 'n_jobs': -1, 'penalty': 'l2', 'random_state': 42, 'solver': 'lbfgs', 'tol': 0.0001, 'verbose': 0, 'warm_start': False}",2025-08-14_220927
LogisticRegression,S1_vs_S2_P1,42,True,2,0.71875,0.5102040816326531,experiment_results_statistical_IL_top_10_video_2025-08-14_220927_early_stop/logisticregression_S1_vs_S2_P1_2025-08-14_220927_seed42_early_stop.pkl,"{'C': 1.0, 'class_weight': None, 'dual': False, 'fit_intercept': True, 'intercept_scaling': 1, 'l1_ratio': None, 'max_iter': 100, 'multi_class': 'deprecated', 'n_jobs': -1, 'penalty': 'l2', 'random_state': 42, 'solver': 'lbfgs', 'tol': 0.0001, 'verbose': 0, 'warm_start': False}",2025-08-14_220927
LogisticRegression,S1_vs_S2_P1,42,True,3,0.8125,0.6428571428571429,experiment_results_statistical_IL_top_10_video_2025-08-14_220927_early_stop/logisticregression_S1_vs_S2_P1_2025-08-14_220927_seed42_early_stop.pkl,"{'C': 1.0, 'class_weight': None, 'dual': False, 'fit_intercept': True, 'intercept_scaling': 1, 'l1_ratio': None, 'max_iter': 100, 'multi_class': 'deprecated', 'n_jobs': -1, 'penalty': 'l2', 'random_state': 42, 'solver': 'lbfgs', 'tol': 0.0001, 'verbose': 0, 'warm_start': False}",2025-08-14_220927
LogisticRegression,S1_vs_S2_P1,42,True,4,0.9375,0.8163265306122449,experiment_results_statistical_IL_top_10_video_2025-08-14_220927_early_stop/logisticregression_S1_vs_S2_P1_2025-08-14_220927_seed42_early_stop.pkl,"{'C': 1.0, 'class_weight': None, 'dual': False, 'fit_intercept': True, 'intercept_scaling': 1, 'l1_ratio': None, 'max_iter': 100, 'multi_class': 'deprecated', 'n_jobs': -1, 'penalty': 'l2', 'random_state': 42, 'solver': 'lbfgs', 'tol': 0.0001, 'verbose': 0, 'warm_start': False}",2025-08-14_220927
LogisticRegression,S1_vs_S2_P1,42,True,5,0.9375,0.8367346938775511,experiment_results_statistical_IL_top_10_video_2025-08-14_220927_early_stop/logisticregression_S1_vs_S2_P1_2025-08-14_220927_seed42_early_stop.pkl,"{'C': 1.0, 'class_weight': None, 'dual': False, 'fit_intercept': True, 'intercept_scaling': 1, 'l1_ratio': None, 'max_iter': 100, 'multi_class': 'deprecated', 'n_jobs': -1, 'penalty': 'l2', 'random_state': 42, 'solver': 'lbfgs', 'tol': 0.0001, 'verbose': 0, 'warm_start': False}",2025-08-14_220927
RandomForest,S1_vs_S2_P1,123,True,1,0.84375,0.42857142857142855,experiment_results_statistical_IL_top_10_video_2025-08-14_220927_early_stop/randomforest_S1_vs_S2_P1_2025-08-14_220927_seed123_early_stop.pkl,"{'bootstrap': False, 'max_depth': 10, 'max_features': 'sqrt', 'min_samples_leaf': 1, 'min_samples_split': 2, 'n_estimators': 300}",2025-08-14_220927
RandomForest,S1_vs_S2_P1,123,True,2,0.9375,0.7755102040816326,experiment_results_statistical_IL_top_10_video_2025-08-14_220927_early_stop/randomforest_S1_vs_S2_P1_2025-08-14_220927_seed123_early_stop.pkl,"{'bootstrap': False, 'max_depth': 10, 'max_features': 'sqrt', 'min_samples_leaf': 1, 'min_samples_split': 2, 'n_estimators': 300}",2025-08-14_220927
RandomForest,S1_vs_S2_P1,123,True,3,1.0,0.9183673469387755,experiment_results_statistical_IL_top_10_video_2025-08-14_220927_early_stop/randomforest_S1_vs_S2_P1_2025-08-14_220927_seed123_early_stop.pkl,"{'bootstrap': False, 'max_depth': 10, 'max_features': 'sqrt', 'min_samples_leaf': 1, 'min_samples_split': 2, 'n_estimators': 300}",2025-08-14_220927
RandomForest,S1_vs_S2_P1,123,True,4,1.0,0.9387755102040817,experiment_results_statistical_IL_top_10_video_2025-08-14_220927_early_stop/randomforest_S1_vs_S2_P1_2025-08-14_220927_seed123_early_stop.pkl,"{'bootstrap': False, 'max_depth': 10, 'max_features': 'sqrt', 'min_samples_leaf': 1, 'min_samples_split': 2, 'n_estimators': 300}",2025-08-14_220927
RandomForest,S1_vs_S2_P1,123,True,5,1.0,0.9591836734693877,experiment_results_statistical_IL_top_10_video_2025-08-14_220927_early_stop/randomforest_S1_vs_S2_P1_2025-08-14_220927_seed123_early_stop.pkl,"{'bootstrap': False, 'max_depth': 10, 'max_features': 'sqrt', 'min_samples_leaf': 1, 'min_samples_split': 2, 'n_estimators': 300}",2025-08-14_220927
XGBoost,S1_vs_S2_P1,123,True,1,0.84375,0.35714285714285715,experiment_results_statistical_IL_top_10_video_2025-08-14_220927_early_stop/xgboost_S1_vs_S2_P1_2025-08-14_220927_seed123_early_stop.pkl,"{'colsample_bytree': 0.8, 'device': 'cpu', 'learning_rate': 0.1, 'max_depth': 4, 'n_estimators': 1000, 'reg_lambda': 1, 'subsample': 1.0}",2025-08-14_220927
XGBoost,S1_vs_S2_P1,123,True,2,0.9375,0.6020408163265306,experiment_results_statistical_IL_top_10_video_2025-08-14_220927_early_stop/xgboost_S1_vs_S2_P1_2025-08-14_220927_seed123_early_stop.pkl,"{'colsample_bytree': 0.8, 'device': 'cpu', 'learning_rate': 0.1, 'max_depth': 4, 'n_estimators': 1000, 'reg_lambda': 1, 'subsample': 1.0}",2025-08-14_220927
XGBoost,S1_vs_S2_P1,123,True,3,1.0,0.8163265306122449,experiment_results_statistical_IL_top_10_video_2025-08-14_220927_early_stop/xgboost_S1_vs_S2_P1_2025-08-14_220927_seed123_early_stop.pkl,"{'colsample_bytree': 0.8, 'device': 'cpu', 'learning_rate': 0.1, 'max_depth': 4, 'n_estimators': 1000, 'reg_lambda': 1, 'subsample': 1.0}",2025-08-14_220927
XGBoost,S1_vs_S2_P1,123,True,4,1.0,0.8571428571428571,experiment_results_statistical_IL_top_10_video_2025-08-14_220927_early_stop/xgboost_S1_vs_S2_P1_2025-08-14_220927_seed123_early_stop.pkl,"{'colsample_bytree': 0.8, 'device': 'cpu', 'learning_rate': 0.1, 'max_depth': 4, 'n_estimators': 1000, 'reg_lambda': 1, 'subsample': 1.0}",2025-08-14_220927
XGBoost,S1_vs_S2_P1,123,True,5,1.0,0.8979591836734694,experiment_results_statistical_IL_top_10_video_2025-08-14_220927_early_stop/xgboost_S1_vs_S2_P1_2025-08-14_220927_seed123_early_stop.pkl,"{'colsample_bytree': 0.8, 'device': 'cpu', 'learning_rate': 0.1, 'max_depth': 4, 'n_estimators': 1000, 'reg_lambda': 1, 'subsample': 1.0}",2025-08-14_220927
CatBoost,S1_vs_S2_P1,123,True,1,0.84375,0.4897959183673469,experiment_results_statistical_IL_top_10_video_2025-08-14_220927_early_stop/catboost_S1_vs_S2_P1_2025-08-14_220927_seed123_early_stop.pkl,"{'border_count': 32, 'depth': 4, 'iterations': 1000, 'l2_leaf_reg': 1, 'learning_rate': 0.05}",2025-08-14_220927
CatBoost,S1_vs_S2_P1,123,True,2,0.9375,0.8061224489795918,experiment_results_statistical_IL_top_10_video_2025-08-14_220927_early_stop/catboost_S1_vs_S2_P1_2025-08-14_220927_seed123_early_stop.pkl,"{'border_count': 32, 'depth': 4, 'iterations': 1000, 'l2_leaf_reg': 1, 'learning_rate': 0.05}",2025-08-14_220927
CatBoost,S1_vs_S2_P1,123,True,3,1.0,0.9693877551020408,experiment_results_statistical_IL_top_10_video_2025-08-14_220927_early_stop/catboost_S1_vs_S2_P1_2025-08-14_220927_seed123_early_stop.pkl,"{'border_count': 32, 'depth': 4, 'iterations': 1000, 'l2_leaf_reg': 1, 'learning_rate': 0.05}",2025-08-14_220927
CatBoost,S1_vs_S2_P1,123,True,4,1.0,0.9897959183673469,experiment_results_statistical_IL_top_10_video_2025-08-14_220927_early_stop/catboost_S1_vs_S2_P1_2025-08-14_220927_seed123_early_stop.pkl,"{'border_count': 32, 'depth': 4, 'iterations': 1000, 'l2_leaf_reg': 1, 'learning_rate': 0.05}",2025-08-14_220927
CatBoost,S1_vs_S2_P1,123,True,5,1.0,0.9897959183673469,experiment_results_statistical_IL_top_10_video_2025-08-14_220927_early_stop/catboost_S1_vs_S2_P1_2025-08-14_220927_seed123_early_stop.pkl,"{'border_count': 32, 'depth': 4, 'iterations': 1000, 'l2_leaf_reg': 1, 'learning_rate': 0.05}",2025-08-14_220927
SVM,S1_vs_S2_P1,123,True,1,0.34375,0.336734693877551,experiment_results_statistical_IL_top_10_video_2025-08-14_220927_early_stop/svm_S1_vs_S2_P1_2025-08-14_220927_seed123_early_stop.pkl,"{'C': 10, 'decision_function_shape': 'ovo', 'gamma': 'scale', 'kernel': 'poly'}",2025-08-14_220927
SVM,S1_vs_S2_P1,123,True,2,0.625,0.6428571428571429,experiment_results_statistical_IL_top_10_video_2025-08-14_220927_early_stop/svm_S1_vs_S2_P1_2025-08-14_220927_seed123_early_stop.pkl,"{'C': 10, 'decision_function_shape': 'ovo', 'gamma': 'scale', 'kernel': 'poly'}",2025-08-14_220927
SVM,S1_vs_S2_P1,123,True,3,0.875,0.7959183673469388,experiment_results_statistical_IL_top_10_video_2025-08-14_220927_early_stop/svm_S1_vs_S2_P1_2025-08-14_220927_seed123_early_stop.pkl,"{'C': 10, 'decision_function_shape': 'ovo', 'gamma': 'scale', 'kernel': 'poly'}",2025-08-14_220927
SVM,S1_vs_S2_P1,123,True,4,0.90625,0.8469387755102041,experiment_results_statistical_IL_top_10_video_2025-08-14_220927_early_stop/svm_S1_vs_S2_P1_2025-08-14_220927_seed123_early_stop.pkl,"{'C': 10, 'decision_function_shape': 'ovo', 'gamma': 'scale', 'kernel': 'poly'}",2025-08-14_220927
SVM,S1_vs_S2_P1,123,True,5,0.9375,0.9285714285714286,experiment_results_statistical_IL_top_10_video_2025-08-14_220927_early_stop/svm_S1_vs_S2_P1_2025-08-14_220927_seed123_early_stop.pkl,"{'C': 10, 'decision_function_shape': 'ovo', 'gamma': 'scale', 'kernel': 'poly'}",2025-08-14_220927
MLP,S1_vs_S2_P1,123,True,1,0.09375,0.09183673469387756,experiment_results_statistical_IL_top_10_video_2025-08-14_220927_early_stop/mlp_S1_vs_S2_P1_2025-08-14_220927_seed123_early_stop.pkl,"{'activation': 'relu', 'alpha': 0.0001, 'batch_size': 36, 'early_stopping': True, 'hidden_layer_sizes': [100], 'learning_rate': 'constant', 'learning_rate_init': 0.001, 'max_iter': 2000, 'solver': 'adam'}",2025-08-14_220927
MLP,S1_vs_S2_P1,123,True,2,0.1875,0.1836734693877551,experiment_results_statistical_IL_top_10_video_2025-08-14_220927_early_stop/mlp_S1_vs_S2_P1_2025-08-14_220927_seed123_early_stop.pkl,"{'activation': 'relu', 'alpha': 0.0001, 'batch_size': 36, 'early_stopping': True, 'hidden_layer_sizes': [100], 'learning_rate': 'constant', 'learning_rate_init': 0.001, 'max_iter': 2000, 'solver': 'adam'}",2025-08-14_220927
MLP,S1_vs_S2_P1,123,True,3,0.28125,0.2755102040816326,experiment_results_statistical_IL_top_10_video_2025-08-14_220927_early_stop/mlp_S1_vs_S2_P1_2025-08-14_220927_seed123_early_stop.pkl,"{'activation': 'relu', 'alpha': 0.0001, 'batch_size': 36, 'early_stopping': True, 'hidden_layer_sizes': [100], 'learning_rate': 'constant', 'learning_rate_init': 0.001, 'max_iter': 2000, 'solver': 'adam'}",2025-08-14_220927
MLP,S1_vs_S2_P1,123,True,4,0.375,0.3673469387755102,experiment_results_statistical_IL_top_10_video_2025-08-14_220927_early_stop/mlp_S1_vs_S2_P1_2025-08-14_220927_seed123_early_stop.pkl,"{'activation': 'relu', 'alpha': 0.0001, 'batch_size': 36, 'early_stopping': True, 'hidden_layer_sizes': [100], 'learning_rate': 'constant', 'learning_rate_init': 0.001, 'max_iter': 2000, 'solver': 'adam'}",2025-08-14_220927
MLP,S1_vs_S2_P1,123,True,5,0.46875,0.45918367346938777,experiment_results_statistical_IL_top_10_video_2025-08-14_220927_early_stop/mlp_S1_vs_S2_P1_2025-08-14_220927_seed123_early_stop.pkl,"{'activation': 'relu', 'alpha': 0.0001, 'batch_size': 36, 'early_stopping': True, 'hidden_layer_sizes': [100], 'learning_rate': 'constant', 'learning_rate_init': 0.001, 'max_iter': 2000, 'solver': 'adam'}",2025-08-14_220927
NaiveBayes,S1_vs_S2_P1,123,True,1,0.84375,0.45918367346938777,experiment_results_statistical_IL_top_10_video_2025-08-14_220927_early_stop/naivebayes_S1_vs_S2_P1_2025-08-14_220927_seed123_early_stop.pkl,"{'priors': None, 'var_smoothing': 1e-09}",2025-08-14_220927
NaiveBayes,S1_vs_S2_P1,123,True,2,0.9375,0.6632653061224489,experiment_results_statistical_IL_top_10_video_2025-08-14_220927_early_stop/naivebayes_S1_vs_S2_P1_2025-08-14_220927_seed123_early_stop.pkl,"{'priors': None, 'var_smoothing': 1e-09}",2025-08-14_220927
NaiveBayes,S1_vs_S2_P1,123,True,3,1.0,0.8061224489795918,experiment_results_statistical_IL_top_10_video_2025-08-14_220927_early_stop/naivebayes_S1_vs_S2_P1_2025-08-14_220927_seed123_early_stop.pkl,"{'priors': None, 'var_smoothing': 1e-09}",2025-08-14_220927
NaiveBayes,S1_vs_S2_P1,123,True,4,1.0,0.826530612244898,experiment_results_statistical_IL_top_10_video_2025-08-14_220927_early_stop/naivebayes_S1_vs_S2_P1_2025-08-14_220927_seed123_early_stop.pkl,"{'priors': None, 'var_smoothing': 1e-09}",2025-08-14_220927
NaiveBayes,S1_vs_S2_P1,123,True,5,1.0,0.8469387755102041,experiment_results_statistical_IL_top_10_video_2025-08-14_220927_early_stop/naivebayes_S1_vs_S2_P1_2025-08-14_220927_seed123_early_stop.pkl,"{'priors': None, 'var_smoothing': 1e-09}",2025-08-14_220927
LightGBM,S1_vs_S2_P1,123,True,1,0.09375,0.09183673469387756,experiment_results_statistical_IL_top_10_video_2025-08-14_220927_early_stop/lightgbm_S1_vs_S2_P1_2025-08-14_220927_seed123_early_stop.pkl,"{'boosting_type': 'gbdt', 'class_weight': None, 'colsample_bytree': 1.0, 'importance_type': 'split', 'learning_rate': 0.1, 'max_depth': -1, 'min_child_samples': 20, 'min_child_weight': 0.001, 'min_split_gain': 0.0, 'n_estimators': 100, 'n_jobs': -1, 'num_leaves': 31, 'objective': None, 'random_state': 123, 'reg_alpha': 0.0, 'reg_lambda': 0.0, 'subsample': 1.0, 'subsample_for_bin': 200000, 'subsample_freq': 0, 'verbose': -1}",2025-08-14_220927
LightGBM,S1_vs_S2_P1,123,True,2,0.1875,0.1836734693877551,experiment_results_statistical_IL_top_10_video_2025-08-14_220927_early_stop/lightgbm_S1_vs_S2_P1_2025-08-14_220927_seed123_early_stop.pkl,"{'boosting_type': 'gbdt', 'class_weight': None, 'colsample_bytree': 1.0, 'importance_type': 'split', 'learning_rate': 0.1, 'max_depth': -1, 'min_child_samples': 20, 'min_child_weight': 0.001, 'min_split_gain': 0.0, 'n_estimators': 100, 'n_jobs': -1, 'num_leaves': 31, 'objective': None, 'random_state': 123, 'reg_alpha': 0.0, 'reg_lambda': 0.0, 'subsample': 1.0, 'subsample_for_bin': 200000, 'subsample_freq': 0, 'verbose': -1}",2025-08-14_220927
LightGBM,S1_vs_S2_P1,123,True,3,0.28125,0.2755102040816326,experiment_results_statistical_IL_top_10_video_2025-08-14_220927_early_stop/lightgbm_S1_vs_S2_P1_2025-08-14_220927_seed123_early_stop.pkl,"{'boosting_type': 'gbdt', 'class_weight': None, 'colsample_bytree': 1.0, 'importance_type': 'split', 'learning_rate': 0.1, 'max_depth': -1, 'min_child_samples': 20, 'min_child_weight': 0.001, 'min_split_gain': 0.0, 'n_estimators': 100, 'n_jobs': -1, 'num_leaves': 31, 'objective': None, 'random_state': 123, 'reg_alpha': 0.0, 'reg_lambda': 0.0, 'subsample': 1.0, 'subsample_for_bin': 200000, 'subsample_freq': 0, 'verbose': -1}",2025-08-14_220927
LightGBM,S1_vs_S2_P1,123,True,4,0.375,0.3673469387755102,experiment_results_statistical_IL_top_10_video_2025-08-14_220927_early_stop/lightgbm_S1_vs_S2_P1_2025-08-14_220927_seed123_early_stop.pkl,"{'boosting_type': 'gbdt', 'class_weight': None, 'colsample_bytree': 1.0, 'importance_type': 'split', 'learning_rate': 0.1, 'max_depth': -1, 'min_child_samples': 20, 'min_child_weight': 0.001, 'min_split_gain': 0.0, 'n_estimators': 100, 'n_jobs': -1, 'num_leaves': 31, 'objective': None, 'random_state': 123, 'reg_alpha': 0.0, 'reg_lambda': 0.0, 'subsample': 1.0, 'subsample_for_bin': 200000, 'subsample_freq': 0, 'verbose': -1}",2025-08-14_220927
LightGBM,S1_vs_S2_P1,123,True,5,0.46875,0.45918367346938777,experiment_results_statistical_IL_top_10_video_2025-08-14_220927_early_stop/lightgbm_S1_vs_S2_P1_2025-08-14_220927_seed123_early_stop.pkl,"{'boosting_type': 'gbdt', 'class_weight': None, 'colsample_bytree': 1.0, 'importance_type': 'split', 'learning_rate': 0.1, 'max_depth': -1, 'min_child_samples': 20, 'min_child_weight': 0.001, 'min_split_gain': 0.0, 'n_estimators': 100, 'n_jobs': -1, 'num_leaves': 31, 'objective': None, 'random_state': 123, 'reg_alpha': 0.0, 'reg_lambda': 0.0, 'subsample': 1.0, 'subsample_for_bin': 200000, 'subsample_freq': 0, 'verbose': -1}",2025-08-14_220927
ExtraTrees,S1_vs_S2_P1,123,True,1,0.84375,0.5102040816326531,experiment_results_statistical_IL_top_10_video_2025-08-14_220927_early_stop/extratrees_S1_vs_S2_P1_2025-08-14_220927_seed123_early_stop.pkl,"{'bootstrap': False, 'ccp_alpha': 0.0, 'class_weight': None, 'criterion': 'gini', 'max_depth': None, 'max_features': 'sqrt', 'max_leaf_nodes': None, 'max_samples': None, 'min_impurity_decrease': 0.0, 'min_samples_leaf': 1, 'min_samples_split': 2, 'min_weight_fraction_leaf': 0.0, 'monotonic_cst': None, 'n_estimators': 100, 'n_jobs': -1, 'oob_score': False, 'random_state': 123, 'verbose': 0, 'warm_start': False}",2025-08-14_220927
ExtraTrees,S1_vs_S2_P1,123,True,2,0.9375,0.7959183673469388,experiment_results_statistical_IL_top_10_video_2025-08-14_220927_early_stop/extratrees_S1_vs_S2_P1_2025-08-14_220927_seed123_early_stop.pkl,"{'bootstrap': False, 'ccp_alpha': 0.0, 'class_weight': None, 'criterion': 'gini', 'max_depth': None, 'max_features': 'sqrt', 'max_leaf_nodes': None, 'max_samples': None, 'min_impurity_decrease': 0.0, 'min_samples_leaf': 1, 'min_samples_split': 2, 'min_weight_fraction_leaf': 0.0, 'monotonic_cst': None, 'n_estimators': 100, 'n_jobs': -1, 'oob_score': False, 'random_state': 123, 'verbose': 0, 'warm_start': False}",2025-08-14_220927
ExtraTrees,S1_vs_S2_P1,123,True,3,1.0,0.9591836734693877,experiment_results_statistical_IL_top_10_video_2025-08-14_220927_early_stop/extratrees_S1_vs_S2_P1_2025-08-14_220927_seed123_early_stop.pkl,"{'bootstrap': False, 'ccp_alpha': 0.0, 'class_weight': None, 'criterion': 'gini', 'max_depth': None, 'max_features': 'sqrt', 'max_leaf_nodes': None, 'max_samples': None, 'min_impurity_decrease': 0.0, 'min_samples_leaf': 1, 'min_samples_split': 2, 'min_weight_fraction_leaf': 0.0, 'monotonic_cst': None, 'n_estimators': 100, 'n_jobs': -1, 'oob_score': False, 'random_state': 123, 'verbose': 0, 'warm_start': False}",2025-08-14_220927
ExtraTrees,S1_vs_S2_P1,123,True,4,1.0,0.9795918367346939,experiment_results_statistical_IL_top_10_video_2025-08-14_220927_early_stop/extratrees_S1_vs_S2_P1_2025-08-14_220927_seed123_early_stop.pkl,"{'bootstrap': False, 'ccp_alpha': 0.0, 'class_weight': None, 'criterion': 'gini', 'max_depth': None, 'max_features': 'sqrt', 'max_leaf_nodes': None, 'max_samples': None, 'min_impurity_decrease': 0.0, 'min_samples_leaf': 1, 'min_samples_split': 2, 'min_weight_fraction_leaf': 0.0, 'monotonic_cst': None, 'n_estimators': 100, 'n_jobs': -1, 'oob_score': False, 'random_state': 123, 'verbose': 0, 'warm_start': False}",2025-08-14_220927
ExtraTrees,S1_vs_S2_P1,123,True,5,1.0,1.0,experiment_results_statistical_IL_top_10_video_2025-08-14_220927_early_stop/extratrees_S1_vs_S2_P1_2025-08-14_220927_seed123_early_stop.pkl,"{'bootstrap': False, 'ccp_alpha': 0.0, 'class_weight': None, 'criterion': 'gini', 'max_depth': None, 'max_features': 'sqrt', 'max_leaf_nodes': None, 'max_samples': None, 'min_impurity_decrease': 0.0, 'min_samples_leaf': 1, 'min_samples_split': 2, 'min_weight_fraction_leaf': 0.0, 'monotonic_cst': None, 'n_estimators': 100, 'n_jobs': -1, 'oob_score': False, 'random_state': 123, 'verbose': 0, 'warm_start': False}",2025-08-14_220927
GradientBoosting,S1_vs_S2_P1,123,True,1,0.84375,0.3469387755102041,experiment_results_statistical_IL_top_10_video_2025-08-14_220927_early_stop/gradientboosting_S1_vs_S2_P1_2025-08-14_220927_seed123_early_stop.pkl,"{'ccp_alpha': 0.0, 'criterion': 'friedman_mse', 'init': None, 'learning_rate': 0.1, 'loss': 'log_loss', 'max_depth': 3, 'max_features': None, 'max_leaf_nodes': None, 'min_impurity_decrease': 0.0, 'min_samples_leaf': 1, 'min_samples_split': 2, 'min_weight_fraction_leaf': 0.0, 'n_estimators': 100, 'n_iter_no_change': None, 'random_state': 123, 'subsample': 1.0, 'tol': 0.0001, 'validation_fraction': 0.1, 'verbose': 0, 'warm_start': False}",2025-08-14_220927
GradientBoosting,S1_vs_S2_P1,123,True,2,0.9375,0.6020408163265306,experiment_results_statistical_IL_top_10_video_2025-08-14_220927_early_stop/gradientboosting_S1_vs_S2_P1_2025-08-14_220927_seed123_early_stop.pkl,"{'ccp_alpha': 0.0, 'criterion': 'friedman_mse', 'init': None, 'learning_rate': 0.1, 'loss': 'log_loss', 'max_depth': 3, 'max_features': None, 'max_leaf_nodes': None, 'min_impurity_decrease': 0.0, 'min_samples_leaf': 1, 'min_samples_split': 2, 'min_weight_fraction_leaf': 0.0, 'n_estimators': 100, 'n_iter_no_change': None, 'random_state': 123, 'subsample': 1.0, 'tol': 0.0001, 'validation_fraction': 0.1, 'verbose': 0, 'warm_start': False}",2025-08-14_220927
GradientBoosting,S1_vs_S2_P1,123,True,3,1.0,0.7653061224489796,experiment_results_statistical_IL_top_10_video_2025-08-14_220927_early_stop/gradientboosting_S1_vs_S2_P1_2025-08-14_220927_seed123_early_stop.pkl,"{'ccp_alpha': 0.0, 'criterion': 'friedman_mse', 'init': None, 'learning_rate': 0.1, 'loss': 'log_loss', 'max_depth': 3, 'max_features': None, 'max_leaf_nodes': None, 'min_impurity_decrease': 0.0, 'min_samples_leaf': 1, 'min_samples_split': 2, 'min_weight_fraction_leaf': 0.0, 'n_estimators': 100, 'n_iter_no_change': None, 'random_state': 123, 'subsample': 1.0, 'tol': 0.0001, 'validation_fraction': 0.1, 'verbose': 0, 'warm_start': False}",2025-08-14_220927
GradientBoosting,S1_vs_S2_P1,123,True,4,1.0,0.8469387755102041,experiment_results_statistical_IL_top_10_video_2025-08-14_220927_early_stop/gradientboosting_S1_vs_S2_P1_2025-08-14_220927_seed123_early_stop.pkl,"{'ccp_alpha': 0.0, 'criterion': 'friedman_mse', 'init': None, 'learning_rate': 0.1, 'loss': 'log_loss', 'max_depth': 3, 'max_features': None, 'max_leaf_nodes': None, 'min_impurity_decrease': 0.0, 'min_samples_leaf': 1, 'min_samples_split': 2, 'min_weight_fraction_leaf': 0.0, 'n_estimators': 100, 'n_iter_no_change': None, 'random_state': 123, 'subsample': 1.0, 'tol': 0.0001, 'validation_fraction': 0.1, 'verbose': 0, 'warm_start': False}",2025-08-14_220927
GradientBoosting,S1_vs_S2_P1,123,True,5,1.0,0.8673469387755102,experiment_results_statistical_IL_top_10_video_2025-08-14_220927_early_stop/gradientboosting_S1_vs_S2_P1_2025-08-14_220927_seed123_early_stop.pkl,"{'ccp_alpha': 0.0, 'criterion': 'friedman_mse', 'init': None, 'learning_rate': 0.1, 'loss': 'log_loss', 'max_depth': 3, 'max_features': None, 'max_leaf_nodes': None, 'min_impurity_decrease': 0.0, 'min_samples_leaf': 1, 'min_samples_split': 2, 'min_weight_fraction_leaf': 0.0, 'n_estimators': 100, 'n_iter_no_change': None, 'random_state': 123, 'subsample': 1.0, 'tol': 0.0001, 'validation_fraction': 0.1, 'verbose': 0, 'warm_start': False}",2025-08-14_220927
KNN,S1_vs_S2_P1,123,True,1,0.40625,0.22448979591836735,experiment_results_statistical_IL_top_10_video_2025-08-14_220927_early_stop/knn_S1_vs_S2_P1_2025-08-14_220927_seed123_early_stop.pkl,"{'algorithm': 'auto', 'leaf_size': 30, 'metric': 'minkowski', 'metric_params': None, 'n_jobs': -1, 'n_neighbors': 5, 'p': 2, 'weights': 'uniform'}",2025-08-14_220927
KNN,S1_vs_S2_P1,123,True,2,0.75,0.5408163265306123,experiment_results_statistical_IL_top_10_video_2025-08-14_220927_early_stop/knn_S1_vs_S2_P1_2025-08-14_220927_seed123_early_stop.pkl,"{'algorithm': 'auto', 'leaf_size': 30, 'metric': 'minkowski', 'metric_params': None, 'n_jobs': -1, 'n_neighbors': 5, 'p': 2, 'weights': 'uniform'}",2025-08-14_220927
KNN,S1_vs_S2_P1,123,True,3,1.0,0.6632653061224489,experiment_results_statistical_IL_top_10_video_2025-08-14_220927_early_stop/knn_S1_vs_S2_P1_2025-08-14_220927_seed123_early_stop.pkl,"{'algorithm': 'auto', 'leaf_size': 30, 'metric': 'minkowski', 'metric_params': None, 'n_jobs': -1, 'n_neighbors': 5, 'p': 2, 'weights': 'uniform'}",2025-08-14_220927
KNN,S1_vs_S2_P1,123,True,4,1.0,0.7142857142857143,experiment_results_statistical_IL_top_10_video_2025-08-14_220927_early_stop/knn_S1_vs_S2_P1_2025-08-14_220927_seed123_early_stop.pkl,"{'algorithm': 'auto', 'leaf_size': 30, 'metric': 'minkowski', 'metric_params': None, 'n_jobs': -1, 'n_neighbors': 5, 'p': 2, 'weights': 'uniform'}",2025-08-14_220927
KNN,S1_vs_S2_P1,123,True,5,1.0,0.7448979591836735,experiment_results_statistical_IL_top_10_video_2025-08-14_220927_early_stop/knn_S1_vs_S2_P1_2025-08-14_220927_seed123_early_stop.pkl,"{'algorithm': 'auto', 'leaf_size': 30, 'metric': 'minkowski', 'metric_params': None, 'n_jobs': -1, 'n_neighbors': 5, 'p': 2, 'weights': 'uniform'}",2025-08-14_220927
LogisticRegression,S1_vs_S2_P1,123,True,1,0.5,0.2857142857142857,experiment_results_statistical_IL_top_10_video_2025-08-14_220927_early_stop/logisticregression_S1_vs_S2_P1_2025-08-14_220927_seed123_early_stop.pkl,"{'C': 1.0, 'class_weight': None, 'dual': False, 'fit_intercept': True, 'intercept_scaling': 1, 'l1_ratio': None, 'max_iter': 100, 'multi_class': 'deprecated', 'n_jobs': -1, 'penalty': 'l2', 'random_state': 123, 'solver': 'lbfgs', 'tol': 0.0001, 'verbose': 0, 'warm_start': False}",2025-08-14_220927
LogisticRegression,S1_vs_S2_P1,123,True,2,0.71875,0.5102040816326531,experiment_results_statistical_IL_top_10_video_2025-08-14_220927_early_stop/logisticregression_S1_vs_S2_P1_2025-08-14_220927_seed123_early_stop.pkl,"{'C': 1.0, 'class_weight': None, 'dual': False, 'fit_intercept': True, 'intercept_scaling': 1, 'l1_ratio': None, 'max_iter': 100, 'multi_class': 'deprecated', 'n_jobs': -1, 'penalty': 'l2', 'random_state': 123, 'solver': 'lbfgs', 'tol': 0.0001, 'verbose': 0, 'warm_start': False}",2025-08-14_220927
LogisticRegression,S1_vs_S2_P1,123,True,3,0.8125,0.6428571428571429,experiment_results_statistical_IL_top_10_video_2025-08-14_220927_early_stop/logisticregression_S1_vs_S2_P1_2025-08-14_220927_seed123_early_stop.pkl,"{'C': 1.0, 'class_weight': None, 'dual': False, 'fit_intercept': True, 'intercept_scaling': 1, 'l1_ratio': None, 'max_iter': 100, 'multi_class': 'deprecated', 'n_jobs': -1, 'penalty': 'l2', 'random_state': 123, 'solver': 'lbfgs', 'tol': 0.0001, 'verbose': 0, 'warm_start': False}",2025-08-14_220927
LogisticRegression,S1_vs_S2_P1,123,True,4,0.9375,0.8163265306122449,experiment_results_statistical_IL_top_10_video_2025-08-14_220927_early_stop/logisticregression_S1_vs_S2_P1_2025-08-14_220927_seed123_early_stop.pkl,"{'C': 1.0, 'class_weight': None, 'dual': False, 'fit_intercept': True, 'intercept_scaling': 1, 'l1_ratio': None, 'max_iter': 100, 'multi_class': 'deprecated', 'n_jobs': -1, 'penalty': 'l2', 'random_state': 123, 'solver': 'lbfgs', 'tol': 0.0001, 'verbose': 0, 'warm_start': False}",2025-08-14_220927
LogisticRegression,S1_vs_S2_P1,123,True,5,0.9375,0.8367346938775511,experiment_results_statistical_IL_top_10_video_2025-08-14_220927_early_stop/logisticregression_S1_vs_S2_P1_2025-08-14_220927_seed123_early_stop.pkl,"{'C': 1.0, 'class_weight': None, 'dual': False, 'fit_intercept': True, 'intercept_scaling': 1, 'l1_ratio': None, 'max_iter': 100, 'multi_class': 'deprecated', 'n_jobs': -1, 'penalty': 'l2', 'random_state': 123, 'solver': 'lbfgs', 'tol': 0.0001, 'verbose': 0, 'warm_start': False}",2025-08-14_220927
RandomForest,S1_vs_S2_P1,456,True,1,0.84375,0.46938775510204084,experiment_results_statistical_IL_top_10_video_2025-08-14_220927_early_stop/randomforest_S1_vs_S2_P1_2025-08-14_220927_seed456_early_stop.pkl,"{'bootstrap': False, 'max_depth': 10, 'max_features': 'log2', 'min_samples_leaf': 1, 'min_samples_split': 2, 'n_estimators': 100}",2025-08-14_220927
RandomForest,S1_vs_S2_P1,456,True,2,0.9375,0.7551020408163265,experiment_results_statistical_IL_top_10_video_2025-08-14_220927_early_stop/randomforest_S1_vs_S2_P1_2025-08-14_220927_seed456_early_stop.pkl,"{'bootstrap': False, 'max_depth': 10, 'max_features': 'log2', 'min_samples_leaf': 1, 'min_samples_split': 2, 'n_estimators': 100}",2025-08-14_220927
RandomForest,S1_vs_S2_P1,456,True,3,1.0,0.9081632653061225,experiment_results_statistical_IL_top_10_video_2025-08-14_220927_early_stop/randomforest_S1_vs_S2_P1_2025-08-14_220927_seed456_early_stop.pkl,"{'bootstrap': False, 'max_depth': 10, 'max_features': 'log2', 'min_samples_leaf': 1, 'min_samples_split': 2, 'n_estimators': 100}",2025-08-14_220927
RandomForest,S1_vs_S2_P1,456,True,4,1.0,0.9489795918367347,experiment_results_statistical_IL_top_10_video_2025-08-14_220927_early_stop/randomforest_S1_vs_S2_P1_2025-08-14_220927_seed456_early_stop.pkl,"{'bootstrap': False, 'max_depth': 10, 'max_features': 'log2', 'min_samples_leaf': 1, 'min_samples_split': 2, 'n_estimators': 100}",2025-08-14_220927
RandomForest,S1_vs_S2_P1,456,True,5,1.0,0.9489795918367347,experiment_results_statistical_IL_top_10_video_2025-08-14_220927_early_stop/randomforest_S1_vs_S2_P1_2025-08-14_220927_seed456_early_stop.pkl,"{'bootstrap': False, 'max_depth': 10, 'max_features': 'log2', 'min_samples_leaf': 1, 'min_samples_split': 2, 'n_estimators': 100}",2025-08-14_220927
XGBoost,S1_vs_S2_P1,456,True,1,0.84375,0.3469387755102041,experiment_results_statistical_IL_top_10_video_2025-08-14_220927_early_stop/xgboost_S1_vs_S2_P1_2025-08-14_220927_seed456_early_stop.pkl,"{'colsample_bytree': 0.8, 'device': 'cpu', 'learning_rate': 0.05, 'max_depth': 4, 'n_estimators': 1000, 'reg_lambda': 1, 'subsample': 1.0}",2025-08-14_220927
XGBoost,S1_vs_S2_P1,456,True,2,0.9375,0.5918367346938775,experiment_results_statistical_IL_top_10_video_2025-08-14_220927_early_stop/xgboost_S1_vs_S2_P1_2025-08-14_220927_seed456_early_stop.pkl,"{'colsample_bytree': 0.8, 'device': 'cpu', 'learning_rate': 0.05, 'max_depth': 4, 'n_estimators': 1000, 'reg_lambda': 1, 'subsample': 1.0}",2025-08-14_220927
XGBoost,S1_vs_S2_P1,456,True,3,1.0,0.7653061224489796,experiment_results_statistical_IL_top_10_video_2025-08-14_220927_early_stop/xgboost_S1_vs_S2_P1_2025-08-14_220927_seed456_early_stop.pkl,"{'colsample_bytree': 0.8, 'device': 'cpu', 'learning_rate': 0.05, 'max_depth': 4, 'n_estimators': 1000, 'reg_lambda': 1, 'subsample': 1.0}",2025-08-14_220927
XGBoost,S1_vs_S2_P1,456,True,4,1.0,0.8163265306122449,experiment_results_statistical_IL_top_10_video_2025-08-14_220927_early_stop/xgboost_S1_vs_S2_P1_2025-08-14_220927_seed456_early_stop.pkl,"{'colsample_bytree': 0.8, 'device': 'cpu', 'learning_rate': 0.05, 'max_depth': 4, 'n_estimators': 1000, 'reg_lambda': 1, 'subsample': 1.0}",2025-08-14_220927
XGBoost,S1_vs_S2_P1,456,True,5,1.0,0.8979591836734694,experiment_results_statistical_IL_top_10_video_2025-08-14_220927_early_stop/xgboost_S1_vs_S2_P1_2025-08-14_220927_seed456_early_stop.pkl,"{'colsample_bytree': 0.8, 'device': 'cpu', 'learning_rate': 0.05, 'max_depth': 4, 'n_estimators': 1000, 'reg_lambda': 1, 'subsample': 1.0}",2025-08-14_220927
CatBoost,S1_vs_S2_P1,456,True,1,0.84375,0.46938775510204084,experiment_results_statistical_IL_top_10_video_2025-08-14_220927_early_stop/catboost_S1_vs_S2_P1_2025-08-14_220927_seed456_early_stop.pkl,"{'border_count': 32, 'depth': 6, 'iterations': 1000, 'l2_leaf_reg': 5, 'learning_rate': 0.1}",2025-08-14_220927
CatBoost,S1_vs_S2_P1,456,True,2,0.9375,0.7755102040816326,experiment_results_statistical_IL_top_10_video_2025-08-14_220927_early_stop/catboost_S1_vs_S2_P1_2025-08-14_220927_seed456_early_stop.pkl,"{'border_count': 32, 'depth': 6, 'iterations': 1000, 'l2_leaf_reg': 5, 'learning_rate': 0.1}",2025-08-14_220927
CatBoost,S1_vs_S2_P1,456,True,3,1.0,0.9591836734693877,experiment_results_statistical_IL_top_10_video_2025-08-14_220927_early_stop/catboost_S1_vs_S2_P1_2025-08-14_220927_seed456_early_stop.pkl,"{'border_count': 32, 'depth': 6, 'iterations': 1000, 'l2_leaf_reg': 5, 'learning_rate': 0.1}",2025-08-14_220927
CatBoost,S1_vs_S2_P1,456,True,4,1.0,0.9693877551020408,experiment_results_statistical_IL_top_10_video_2025-08-14_220927_early_stop/catboost_S1_vs_S2_P1_2025-08-14_220927_seed456_early_stop.pkl,"{'border_count': 32, 'depth': 6, 'iterations': 1000, 'l2_leaf_reg': 5, 'learning_rate': 0.1}",2025-08-14_220927
CatBoost,S1_vs_S2_P1,456,True,5,1.0,0.9795918367346939,experiment_results_statistical_IL_top_10_video_2025-08-14_220927_early_stop/catboost_S1_vs_S2_P1_2025-08-14_220927_seed456_early_stop.pkl,"{'border_count': 32, 'depth': 6, 'iterations': 1000, 'l2_leaf_reg': 5, 'learning_rate': 0.1}",2025-08-14_220927
SVM,S1_vs_S2_P1,456,True,1,0.375,0.4489795918367347,experiment_results_statistical_IL_top_10_video_2025-08-14_220927_early_stop/svm_S1_vs_S2_P1_2025-08-14_220927_seed456_early_stop.pkl,"{'C': 10, 'decision_function_shape': 'ovo', 'gamma': 'scale', 'kernel': 'rbf'}",2025-08-14_220927
SVM,S1_vs_S2_P1,456,True,2,0.625,0.673469387755102,experiment_results_statistical_IL_top_10_video_2025-08-14_220927_early_stop/svm_S1_vs_S2_P1_2025-08-14_220927_seed456_early_stop.pkl,"{'C': 10, 'decision_function_shape': 'ovo', 'gamma': 'scale', 'kernel': 'rbf'}",2025-08-14_220927
SVM,S1_vs_S2_P1,456,True,3,0.8125,0.8571428571428571,experiment_results_statistical_IL_top_10_video_2025-08-14_220927_early_stop/svm_S1_vs_S2_P1_2025-08-14_220927_seed456_early_stop.pkl,"{'C': 10, 'decision_function_shape': 'ovo', 'gamma': 'scale', 'kernel': 'rbf'}",2025-08-14_220927
SVM,S1_vs_S2_P1,456,True,4,0.8125,0.8979591836734694,experiment_results_statistical_IL_top_10_video_2025-08-14_220927_early_stop/svm_S1_vs_S2_P1_2025-08-14_220927_seed456_early_stop.pkl,"{'C': 10, 'decision_function_shape': 'ovo', 'gamma': 'scale', 'kernel': 'rbf'}",2025-08-14_220927
SVM,S1_vs_S2_P1,456,True,5,0.90625,0.9489795918367347,experiment_results_statistical_IL_top_10_video_2025-08-14_220927_early_stop/svm_S1_vs_S2_P1_2025-08-14_220927_seed456_early_stop.pkl,"{'C': 10, 'decision_function_shape': 'ovo', 'gamma': 'scale', 'kernel': 'rbf'}",2025-08-14_220927
MLP,S1_vs_S2_P1,456,True,1,0.09375,0.09183673469387756,experiment_results_statistical_IL_top_10_video_2025-08-14_220927_early_stop/mlp_S1_vs_S2_P1_2025-08-14_220927_seed456_early_stop.pkl,"{'activation': 'relu', 'alpha': 0.0001, 'batch_size': 36, 'early_stopping': True, 'hidden_layer_sizes': [50], 'learning_rate': 'constant', 'learning_rate_init': 0.001, 'max_iter': 2000, 'solver': 'adam'}",2025-08-14_220927
MLP,S1_vs_S2_P1,456,True,2,0.1875,0.1836734693877551,experiment_results_statistical_IL_top_10_video_2025-08-14_220927_early_stop/mlp_S1_vs_S2_P1_2025-08-14_220927_seed456_early_stop.pkl,"{'activation': 'relu', 'alpha': 0.0001, 'batch_size': 36, 'early_stopping': True, 'hidden_layer_sizes': [50], 'learning_rate': 'constant', 'learning_rate_init': 0.001, 'max_iter': 2000, 'solver': 'adam'}",2025-08-14_220927
MLP,S1_vs_S2_P1,456,True,3,0.28125,0.2755102040816326,experiment_results_statistical_IL_top_10_video_2025-08-14_220927_early_stop/mlp_S1_vs_S2_P1_2025-08-14_220927_seed456_early_stop.pkl,"{'activation': 'relu', 'alpha': 0.0001, 'batch_size': 36, 'early_stopping': True, 'hidden_layer_sizes': [50], 'learning_rate': 'constant', 'learning_rate_init': 0.001, 'max_iter': 2000, 'solver': 'adam'}",2025-08-14_220927
MLP,S1_vs_S2_P1,456,True,4,0.375,0.3673469387755102,experiment_results_statistical_IL_top_10_video_2025-08-14_220927_early_stop/mlp_S1_vs_S2_P1_2025-08-14_220927_seed456_early_stop.pkl,"{'activation': 'relu', 'alpha': 0.0001, 'batch_size': 36, 'early_stopping': True, 'hidden_layer_sizes': [50], 'learning_rate': 'constant', 'learning_rate_init': 0.001, 'max_iter': 2000, 'solver': 'adam'}",2025-08-14_220927
MLP,S1_vs_S2_P1,456,True,5,0.46875,0.45918367346938777,experiment_results_statistical_IL_top_10_video_2025-08-14_220927_early_stop/mlp_S1_vs_S2_P1_2025-08-14_220927_seed456_early_stop.pkl,"{'activation': 'relu', 'alpha': 0.0001, 'batch_size': 36, 'early_stopping': True, 'hidden_layer_sizes': [50], 'learning_rate': 'constant', 'learning_rate_init': 0.001, 'max_iter': 2000, 'solver': 'adam'}",2025-08-14_220927
NaiveBayes,S1_vs_S2_P1,456,True,1,0.84375,0.45918367346938777,experiment_results_statistical_IL_top_10_video_2025-08-14_220927_early_stop/naivebayes_S1_vs_S2_P1_2025-08-14_220927_seed456_early_stop.pkl,"{'priors': None, 'var_smoothing': 1e-09}",2025-08-14_220927
NaiveBayes,S1_vs_S2_P1,456,True,2,0.9375,0.6632653061224489,experiment_results_statistical_IL_top_10_video_2025-08-14_220927_early_stop/naivebayes_S1_vs_S2_P1_2025-08-14_220927_seed456_early_stop.pkl,"{'priors': None, 'var_smoothing': 1e-09}",2025-08-14_220927
NaiveBayes,S1_vs_S2_P1,456,True,3,1.0,0.8061224489795918,experiment_results_statistical_IL_top_10_video_2025-08-14_220927_early_stop/naivebayes_S1_vs_S2_P1_2025-08-14_220927_seed456_early_stop.pkl,"{'priors': None, 'var_smoothing': 1e-09}",2025-08-14_220927
NaiveBayes,S1_vs_S2_P1,456,True,4,1.0,0.826530612244898,experiment_results_statistical_IL_top_10_video_2025-08-14_220927_early_stop/naivebayes_S1_vs_S2_P1_2025-08-14_220927_seed456_early_stop.pkl,"{'priors': None, 'var_smoothing': 1e-09}",2025-08-14_220927
NaiveBayes,S1_vs_S2_P1,456,True,5,1.0,0.8469387755102041,experiment_results_statistical_IL_top_10_video_2025-08-14_220927_early_stop/naivebayes_S1_vs_S2_P1_2025-08-14_220927_seed456_early_stop.pkl,"{'priors': None, 'var_smoothing': 1e-09}",2025-08-14_220927
LightGBM,S1_vs_S2_P1,456,True,1,0.09375,0.09183673469387756,experiment_results_statistical_IL_top_10_video_2025-08-14_220927_early_stop/lightgbm_S1_vs_S2_P1_2025-08-14_220927_seed456_early_stop.pkl,"{'boosting_type': 'gbdt', 'class_weight': None, 'colsample_bytree': 1.0, 'importance_type': 'split', 'learning_rate': 0.1, 'max_depth': -1, 'min_child_samples': 20, 'min_child_weight': 0.001, 'min_split_gain': 0.0, 'n_estimators': 100, 'n_jobs': -1, 'num_leaves': 31, 'objective': None, 'random_state': 456, 'reg_alpha': 0.0, 'reg_lambda': 0.0, 'subsample': 1.0, 'subsample_for_bin': 200000, 'subsample_freq': 0, 'verbose': -1}",2025-08-14_220927
LightGBM,S1_vs_S2_P1,456,True,2,0.1875,0.1836734693877551,experiment_results_statistical_IL_top_10_video_2025-08-14_220927_early_stop/lightgbm_S1_vs_S2_P1_2025-08-14_220927_seed456_early_stop.pkl,"{'boosting_type': 'gbdt', 'class_weight': None, 'colsample_bytree': 1.0, 'importance_type': 'split', 'learning_rate': 0.1, 'max_depth': -1, 'min_child_samples': 20, 'min_child_weight': 0.001, 'min_split_gain': 0.0, 'n_estimators': 100, 'n_jobs': -1, 'num_leaves': 31, 'objective': None, 'random_state': 456, 'reg_alpha': 0.0, 'reg_lambda': 0.0, 'subsample': 1.0, 'subsample_for_bin': 200000, 'subsample_freq': 0, 'verbose': -1}",2025-08-14_220927
LightGBM,S1_vs_S2_P1,456,True,3,0.28125,0.2755102040816326,experiment_results_statistical_IL_top_10_video_2025-08-14_220927_early_stop/lightgbm_S1_vs_S2_P1_2025-08-14_220927_seed456_early_stop.pkl,"{'boosting_type': 'gbdt', 'class_weight': None, 'colsample_bytree': 1.0, 'importance_type': 'split', 'learning_rate': 0.1, 'max_depth': -1, 'min_child_samples': 20, 'min_child_weight': 0.001, 'min_split_gain': 0.0, 'n_estimators': 100, 'n_jobs': -1, 'num_leaves': 31, 'objective': None, 'random_state': 456, 'reg_alpha': 0.0, 'reg_lambda': 0.0, 'subsample': 1.0, 'subsample_for_bin': 200000, 'subsample_freq': 0, 'verbose': -1}",2025-08-14_220927
LightGBM,S1_vs_S2_P1,456,True,4,0.375,0.3673469387755102,experiment_results_statistical_IL_top_10_video_2025-08-14_220927_early_stop/lightgbm_S1_vs_S2_P1_2025-08-14_220927_seed456_early_stop.pkl,"{'boosting_type': 'gbdt', 'class_weight': None, 'colsample_bytree': 1.0, 'importance_type': 'split', 'learning_rate': 0.1, 'max_depth': -1, 'min_child_samples': 20, 'min_child_weight': 0.001, 'min_split_gain': 0.0, 'n_estimators': 100, 'n_jobs': -1, 'num_leaves': 31, 'objective': None, 'random_state': 456, 'reg_alpha': 0.0, 'reg_lambda': 0.0, 'subsample': 1.0, 'subsample_for_bin': 200000, 'subsample_freq': 0, 'verbose': -1}",2025-08-14_220927
LightGBM,S1_vs_S2_P1,456,True,5,0.46875,0.45918367346938777,experiment_results_statistical_IL_top_10_video_2025-08-14_220927_early_stop/lightgbm_S1_vs_S2_P1_2025-08-14_220927_seed456_early_stop.pkl,"{'boosting_type': 'gbdt', 'class_weight': None, 'colsample_bytree': 1.0, 'importance_type': 'split', 'learning_rate': 0.1, 'max_depth': -1, 'min_child_samples': 20, 'min_child_weight': 0.001, 'min_split_gain': 0.0, 'n_estimators': 100, 'n_jobs': -1, 'num_leaves': 31, 'objective': None, 'random_state': 456, 'reg_alpha': 0.0, 'reg_lambda': 0.0, 'subsample': 1.0, 'subsample_for_bin': 200000, 'subsample_freq': 0, 'verbose': -1}",2025-08-14_220927
ExtraTrees,S1_vs_S2_P1,456,True,1,0.84375,0.47959183673469385,experiment_results_statistical_IL_top_10_video_2025-08-14_220927_early_stop/extratrees_S1_vs_S2_P1_2025-08-14_220927_seed456_early_stop.pkl,"{'bootstrap': False, 'ccp_alpha': 0.0, 'class_weight': None, 'criterion': 'gini', 'max_depth': None, 'max_features': 'sqrt', 'max_leaf_nodes': None, 'max_samples': None, 'min_impurity_decrease': 0.0, 'min_samples_leaf': 1, 'min_samples_split': 2, 'min_weight_fraction_leaf': 0.0, 'monotonic_cst': None, 'n_estimators': 100, 'n_jobs': -1, 'oob_score': False, 'random_state': 456, 'verbose': 0, 'warm_start': False}",2025-08-14_220927
ExtraTrees,S1_vs_S2_P1,456,True,2,0.9375,0.8367346938775511,experiment_results_statistical_IL_top_10_video_2025-08-14_220927_early_stop/extratrees_S1_vs_S2_P1_2025-08-14_220927_seed456_early_stop.pkl,"{'bootstrap': False, 'ccp_alpha': 0.0, 'class_weight': None, 'criterion': 'gini', 'max_depth': None, 'max_features': 'sqrt', 'max_leaf_nodes': None, 'max_samples': None, 'min_impurity_decrease': 0.0, 'min_samples_leaf': 1, 'min_samples_split': 2, 'min_weight_fraction_leaf': 0.0, 'monotonic_cst': None, 'n_estimators': 100, 'n_jobs': -1, 'oob_score': False, 'random_state': 456, 'verbose': 0, 'warm_start': False}",2025-08-14_220927
ExtraTrees,S1_vs_S2_P1,456,True,3,1.0,0.9897959183673469,experiment_results_statistical_IL_top_10_video_2025-08-14_220927_early_stop/extratrees_S1_vs_S2_P1_2025-08-14_220927_seed456_early_stop.pkl,"{'bootstrap': False, 'ccp_alpha': 0.0, 'class_weight': None, 'criterion': 'gini', 'max_depth': None, 'max_features': 'sqrt', 'max_leaf_nodes': None, 'max_samples': None, 'min_impurity_decrease': 0.0, 'min_samples_leaf': 1, 'min_samples_split': 2, 'min_weight_fraction_leaf': 0.0, 'monotonic_cst': None, 'n_estimators': 100, 'n_jobs': -1, 'oob_score': False, 'random_state': 456, 'verbose': 0, 'warm_start': False}",2025-08-14_220927
ExtraTrees,S1_vs_S2_P1,456,True,4,1.0,1.0,experiment_results_statistical_IL_top_10_video_2025-08-14_220927_early_stop/extratrees_S1_vs_S2_P1_2025-08-14_220927_seed456_early_stop.pkl,"{'bootstrap': False, 'ccp_alpha': 0.0, 'class_weight': None, 'criterion': 'gini', 'max_depth': None, 'max_features': 'sqrt', 'max_leaf_nodes': None, 'max_samples': None, 'min_impurity_decrease': 0.0, 'min_samples_leaf': 1, 'min_samples_split': 2, 'min_weight_fraction_leaf': 0.0, 'monotonic_cst': None, 'n_estimators': 100, 'n_jobs': -1, 'oob_score': False, 'random_state': 456, 'verbose': 0, 'warm_start': False}",2025-08-14_220927
ExtraTrees,S1_vs_S2_P1,456,True,5,1.0,1.0,experiment_results_statistical_IL_top_10_video_2025-08-14_220927_early_stop/extratrees_S1_vs_S2_P1_2025-08-14_220927_seed456_early_stop.pkl,"{'bootstrap': False, 'ccp_alpha': 0.0, 'class_weight': None, 'criterion': 'gini', 'max_depth': None, 'max_features': 'sqrt', 'max_leaf_nodes': None, 'max_samples': None, 'min_impurity_decrease': 0.0, 'min_samples_leaf': 1, 'min_samples_split': 2, 'min_weight_fraction_leaf': 0.0, 'monotonic_cst': None, 'n_estimators': 100, 'n_jobs': -1, 'oob_score': False, 'random_state': 456, 'verbose': 0, 'warm_start': False}",2025-08-14_220927
GradientBoosting,S1_vs_S2_P1,456,True,1,0.84375,0.3469387755102041,experiment_results_statistical_IL_top_10_video_2025-08-14_220927_early_stop/gradientboosting_S1_vs_S2_P1_2025-08-14_220927_seed456_early_stop.pkl,"{'ccp_alpha': 0.0, 'criterion': 'friedman_mse', 'init': None, 'learning_rate': 0.1, 'loss': 'log_loss', 'max_depth': 3, 'max_features': None, 'max_leaf_nodes': None, 'min_impurity_decrease': 0.0, 'min_samples_leaf': 1, 'min_samples_split': 2, 'min_weight_fraction_leaf': 0.0, 'n_estimators': 100, 'n_iter_no_change': None, 'random_state': 456, 'subsample': 1.0, 'tol': 0.0001, 'validation_fraction': 0.1, 'verbose': 0, 'warm_start': False}",2025-08-14_220927
GradientBoosting,S1_vs_S2_P1,456,True,2,0.9375,0.6224489795918368,experiment_results_statistical_IL_top_10_video_2025-08-14_220927_early_stop/gradientboosting_S1_vs_S2_P1_2025-08-14_220927_seed456_early_stop.pkl,"{'ccp_alpha': 0.0, 'criterion': 'friedman_mse', 'init': None, 'learning_rate': 0.1, 'loss': 'log_loss', 'max_depth': 3, 'max_features': None, 'max_leaf_nodes': None, 'min_impurity_decrease': 0.0, 'min_samples_leaf': 1, 'min_samples_split': 2, 'min_weight_fraction_leaf': 0.0, 'n_estimators': 100, 'n_iter_no_change': None, 'random_state': 456, 'subsample': 1.0, 'tol': 0.0001, 'validation_fraction': 0.1, 'verbose': 0, 'warm_start': False}",2025-08-14_220927
GradientBoosting,S1_vs_S2_P1,456,True,3,1.0,0.7653061224489796,experiment_results_statistical_IL_top_10_video_2025-08-14_220927_early_stop/gradientboosting_S1_vs_S2_P1_2025-08-14_220927_seed456_early_stop.pkl,"{'ccp_alpha': 0.0, 'criterion': 'friedman_mse', 'init': None, 'learning_rate': 0.1, 'loss': 'log_loss', 'max_depth': 3, 'max_features': None, 'max_leaf_nodes': None, 'min_impurity_decrease': 0.0, 'min_samples_leaf': 1, 'min_samples_split': 2, 'min_weight_fraction_leaf': 0.0, 'n_estimators': 100, 'n_iter_no_change': None, 'random_state': 456, 'subsample': 1.0, 'tol': 0.0001, 'validation_fraction': 0.1, 'verbose': 0, 'warm_start': False}",2025-08-14_220927
GradientBoosting,S1_vs_S2_P1,456,True,4,1.0,0.8469387755102041,experiment_results_statistical_IL_top_10_video_2025-08-14_220927_early_stop/gradientboosting_S1_vs_S2_P1_2025-08-14_220927_seed456_early_stop.pkl,"{'ccp_alpha': 0.0, 'criterion': 'friedman_mse', 'init': None, 'learning_rate': 0.1, 'loss': 'log_loss', 'max_depth': 3, 'max_features': None, 'max_leaf_nodes': None, 'min_impurity_decrease': 0.0, 'min_samples_leaf': 1, 'min_samples_split': 2, 'min_weight_fraction_leaf': 0.0, 'n_estimators': 100, 'n_iter_no_change': None, 'random_state': 456, 'subsample': 1.0, 'tol': 0.0001, 'validation_fraction': 0.1, 'verbose': 0, 'warm_start': False}",2025-08-14_220927
GradientBoosting,S1_vs_S2_P1,456,True,5,1.0,0.8673469387755102,experiment_results_statistical_IL_top_10_video_2025-08-14_220927_early_stop/gradientboosting_S1_vs_S2_P1_2025-08-14_220927_seed456_early_stop.pkl,"{'ccp_alpha': 0.0, 'criterion': 'friedman_mse', 'init': None, 'learning_rate': 0.1, 'loss': 'log_loss', 'max_depth': 3, 'max_features': None, 'max_leaf_nodes': None, 'min_impurity_decrease': 0.0, 'min_samples_leaf': 1, 'min_samples_split': 2, 'min_weight_fraction_leaf': 0.0, 'n_estimators': 100, 'n_iter_no_change': None, 'random_state': 456, 'subsample': 1.0, 'tol': 0.0001, 'validation_fraction': 0.1, 'verbose': 0, 'warm_start': False}",2025-08-14_220927
KNN,S1_vs_S2_P1,456,True,1,0.40625,0.22448979591836735,experiment_results_statistical_IL_top_10_video_2025-08-14_220927_early_stop/knn_S1_vs_S2_P1_2025-08-14_220927_seed456_early_stop.pkl,"{'algorithm': 'auto', 'leaf_size': 30, 'metric': 'minkowski', 'metric_params': None, 'n_jobs': -1, 'n_neighbors': 5, 'p': 2, 'weights': 'uniform'}",2025-08-14_220927
KNN,S1_vs_S2_P1,456,True,2,0.75,0.5408163265306123,experiment_results_statistical_IL_top_10_video_2025-08-14_220927_early_stop/knn_S1_vs_S2_P1_2025-08-14_220927_seed456_early_stop.pkl,"{'algorithm': 'auto', 'leaf_size': 30, 'metric': 'minkowski', 'metric_params': None, 'n_jobs': -1, 'n_neighbors': 5, 'p': 2, 'weights': 'uniform'}",2025-08-14_220927
KNN,S1_vs_S2_P1,456,True,3,1.0,0.6632653061224489,experiment_results_statistical_IL_top_10_video_2025-08-14_220927_early_stop/knn_S1_vs_S2_P1_2025-08-14_220927_seed456_early_stop.pkl,"{'algorithm': 'auto', 'leaf_size': 30, 'metric': 'minkowski', 'metric_params': None, 'n_jobs': -1, 'n_neighbors': 5, 'p': 2, 'weights': 'uniform'}",2025-08-14_220927
KNN,S1_vs_S2_P1,456,True,4,1.0,0.7142857142857143,experiment_results_statistical_IL_top_10_video_2025-08-14_220927_early_stop/knn_S1_vs_S2_P1_2025-08-14_220927_seed456_early_stop.pkl,"{'algorithm': 'auto', 'leaf_size': 30, 'metric': 'minkowski', 'metric_params': None, 'n_jobs': -1, 'n_neighbors': 5, 'p': 2, 'weights': 'uniform'}",2025-08-14_220927
KNN,S1_vs_S2_P1,456,True,5,1.0,0.7448979591836735,experiment_results_statistical_IL_top_10_video_2025-08-14_220927_early_stop/knn_S1_vs_S2_P1_2025-08-14_220927_seed456_early_stop.pkl,"{'algorithm': 'auto', 'leaf_size': 30, 'metric': 'minkowski', 'metric_params': None, 'n_jobs': -1, 'n_neighbors': 5, 'p': 2, 'weights': 'uniform'}",2025-08-14_220927
LogisticRegression,S1_vs_S2_P1,456,True,1,0.5,0.2857142857142857,experiment_results_statistical_IL_top_10_video_2025-08-14_220927_early_stop/logisticregression_S1_vs_S2_P1_2025-08-14_220927_seed456_early_stop.pkl,"{'C': 1.0, 'class_weight': None, 'dual': False, 'fit_intercept': True, 'intercept_scaling': 1, 'l1_ratio': None, 'max_iter': 100, 'multi_class': 'deprecated', 'n_jobs': -1, 'penalty': 'l2', 'random_state': 456, 'solver': 'lbfgs', 'tol': 0.0001, 'verbose': 0, 'warm_start': False}",2025-08-14_220927
LogisticRegression,S1_vs_S2_P1,456,True,2,0.71875,0.5102040816326531,experiment_results_statistical_IL_top_10_video_2025-08-14_220927_early_stop/logisticregression_S1_vs_S2_P1_2025-08-14_220927_seed456_early_stop.pkl,"{'C': 1.0, 'class_weight': None, 'dual': False, 'fit_intercept': True, 'intercept_scaling': 1, 'l1_ratio': None, 'max_iter': 100, 'multi_class': 'deprecated', 'n_jobs': -1, 'penalty': 'l2', 'random_state': 456, 'solver': 'lbfgs', 'tol': 0.0001, 'verbose': 0, 'warm_start': False}",2025-08-14_220927
LogisticRegression,S1_vs_S2_P1,456,True,3,0.8125,0.6428571428571429,experiment_results_statistical_IL_top_10_video_2025-08-14_220927_early_stop/logisticregression_S1_vs_S2_P1_2025-08-14_220927_seed456_early_stop.pkl,"{'C': 1.0, 'class_weight': None, 'dual': False, 'fit_intercept': True, 'intercept_scaling': 1, 'l1_ratio': None, 'max_iter': 100, 'multi_class': 'deprecated', 'n_jobs': -1, 'penalty': 'l2', 'random_state': 456, 'solver': 'lbfgs', 'tol': 0.0001, 'verbose': 0, 'warm_start': False}",2025-08-14_220927
LogisticRegression,S1_vs_S2_P1,456,True,4,0.9375,0.8163265306122449,experiment_results_statistical_IL_top_10_video_2025-08-14_220927_early_stop/logisticregression_S1_vs_S2_P1_2025-08-14_220927_seed456_early_stop.pkl,"{'C': 1.0, 'class_weight': None, 'dual': False, 'fit_intercept': True, 'intercept_scaling': 1, 'l1_ratio': None, 'max_iter': 100, 'multi_class': 'deprecated', 'n_jobs': -1, 'penalty': 'l2', 'random_state': 456, 'solver': 'lbfgs', 'tol': 0.0001, 'verbose': 0, 'warm_start': False}",2025-08-14_220927
LogisticRegression,S1_vs_S2_P1,456,True,5,0.9375,0.8367346938775511,experiment_results_statistical_IL_top_10_video_2025-08-14_220927_early_stop/logisticregression_S1_vs_S2_P1_2025-08-14_220927_seed456_early_stop.pkl,"{'C': 1.0, 'class_weight': None, 'dual': False, 'fit_intercept': True, 'intercept_scaling': 1, 'l1_ratio': None, 'max_iter': 100, 'multi_class': 'deprecated', 'n_jobs': -1, 'penalty': 'l2', 'random_state': 456, 'solver': 'lbfgs', 'tol': 0.0001, 'verbose': 0, 'warm_start': False}",2025-08-14_220927
RandomForest,S1_vs_S2_P2,42,True,1,0.84375,0.6326530612244898,experiment_results_statistical_IL_top_10_video_2025-08-14_220927_early_stop/randomforest_S1_vs_S2_P2_2025-08-14_220927_seed42_early_stop.pkl,"{'bootstrap': True, 'max_depth': 10, 'max_features': 'sqrt', 'min_samples_leaf': 1, 'min_samples_split': 2, 'n_estimators': 100}",2025-08-14_220927
RandomForest,S1_vs_S2_P2,42,True,2,0.9375,0.826530612244898,experiment_results_statistical_IL_top_10_video_2025-08-14_220927_early_stop/randomforest_S1_vs_S2_P2_2025-08-14_220927_seed42_early_stop.pkl,"{'bootstrap': True, 'max_depth': 10, 'max_features': 'sqrt', 'min_samples_leaf': 1, 'min_samples_split': 2, 'n_estimators': 100}",2025-08-14_220927
RandomForest,S1_vs_S2_P2,42,True,3,1.0,0.9795918367346939,experiment_results_statistical_IL_top_10_video_2025-08-14_220927_early_stop/randomforest_S1_vs_S2_P2_2025-08-14_220927_seed42_early_stop.pkl,"{'bootstrap': True, 'max_depth': 10, 'max_features': 'sqrt', 'min_samples_leaf': 1, 'min_samples_split': 2, 'n_estimators': 100}",2025-08-14_220927
RandomForest,S1_vs_S2_P2,42,True,4,1.0,0.9897959183673469,experiment_results_statistical_IL_top_10_video_2025-08-14_220927_early_stop/randomforest_S1_vs_S2_P2_2025-08-14_220927_seed42_early_stop.pkl,"{'bootstrap': True, 'max_depth': 10, 'max_features': 'sqrt', 'min_samples_leaf': 1, 'min_samples_split': 2, 'n_estimators': 100}",2025-08-14_220927
RandomForest,S1_vs_S2_P2,42,True,5,1.0,1.0,experiment_results_statistical_IL_top_10_video_2025-08-14_220927_early_stop/randomforest_S1_vs_S2_P2_2025-08-14_220927_seed42_early_stop.pkl,"{'bootstrap': True, 'max_depth': 10, 'max_features': 'sqrt', 'min_samples_leaf': 1, 'min_samples_split': 2, 'n_estimators': 100}",2025-08-14_220927
XGBoost,S1_vs_S2_P2,42,True,1,0.84375,0.5510204081632653,experiment_results_statistical_IL_top_10_video_2025-08-14_220927_early_stop/xgboost_S1_vs_S2_P2_2025-08-14_220927_seed42_early_stop.pkl,"{'colsample_bytree': 0.8, 'device': 'cpu', 'learning_rate': 0.05, 'max_depth': 4, 'n_estimators': 1000, 'reg_lambda': 1, 'subsample': 1.0}",2025-08-14_220927
XGBoost,S1_vs_S2_P2,42,True,2,0.9375,0.7959183673469388,experiment_results_statistical_IL_top_10_video_2025-08-14_220927_early_stop/xgboost_S1_vs_S2_P2_2025-08-14_220927_seed42_early_stop.pkl,"{'colsample_bytree': 0.8, 'device': 'cpu', 'learning_rate': 0.05, 'max_depth': 4, 'n_estimators': 1000, 'reg_lambda': 1, 'subsample': 1.0}",2025-08-14_220927
XGBoost,S1_vs_S2_P2,42,True,3,1.0,0.9081632653061225,experiment_results_statistical_IL_top_10_video_2025-08-14_220927_early_stop/xgboost_S1_vs_S2_P2_2025-08-14_220927_seed42_early_stop.pkl,"{'colsample_bytree': 0.8, 'device': 'cpu', 'learning_rate': 0.05, 'max_depth': 4, 'n_estimators': 1000, 'reg_lambda': 1, 'subsample': 1.0}",2025-08-14_220927
XGBoost,S1_vs_S2_P2,42,True,4,1.0,0.9285714285714286,experiment_results_statistical_IL_top_10_video_2025-08-14_220927_early_stop/xgboost_S1_vs_S2_P2_2025-08-14_220927_seed42_early_stop.pkl,"{'colsample_bytree': 0.8, 'device': 'cpu', 'learning_rate': 0.05, 'max_depth': 4, 'n_estimators': 1000, 'reg_lambda': 1, 'subsample': 1.0}",2025-08-14_220927
XGBoost,S1_vs_S2_P2,42,True,5,1.0,0.9489795918367347,experiment_results_statistical_IL_top_10_video_2025-08-14_220927_early_stop/xgboost_S1_vs_S2_P2_2025-08-14_220927_seed42_early_stop.pkl,"{'colsample_bytree': 0.8, 'device': 'cpu', 'learning_rate': 0.05, 'max_depth': 4, 'n_estimators': 1000, 'reg_lambda': 1, 'subsample': 1.0}",2025-08-14_220927
CatBoost,S1_vs_S2_P2,42,True,1,0.84375,0.6020408163265306,experiment_results_statistical_IL_top_10_video_2025-08-14_220927_early_stop/catboost_S1_vs_S2_P2_2025-08-14_220927_seed42_early_stop.pkl,"{'border_count': 32, 'depth': 6, 'iterations': 1000, 'l2_leaf_reg': 5, 'learning_rate': 0.05}",2025-08-14_220927
CatBoost,S1_vs_S2_P2,42,True,2,0.9375,0.8367346938775511,experiment_results_statistical_IL_top_10_video_2025-08-14_220927_early_stop/catboost_S1_vs_S2_P2_2025-08-14_220927_seed42_early_stop.pkl,"{'border_count': 32, 'depth': 6, 'iterations': 1000, 'l2_leaf_reg': 5, 'learning_rate': 0.05}",2025-08-14_220927
CatBoost,S1_vs_S2_P2,42,True,3,1.0,0.9693877551020408,experiment_results_statistical_IL_top_10_video_2025-08-14_220927_early_stop/catboost_S1_vs_S2_P2_2025-08-14_220927_seed42_early_stop.pkl,"{'border_count': 32, 'depth': 6, 'iterations': 1000, 'l2_leaf_reg': 5, 'learning_rate': 0.05}",2025-08-14_220927
CatBoost,S1_vs_S2_P2,42,True,4,1.0,0.9693877551020408,experiment_results_statistical_IL_top_10_video_2025-08-14_220927_early_stop/catboost_S1_vs_S2_P2_2025-08-14_220927_seed42_early_stop.pkl,"{'border_count': 32, 'depth': 6, 'iterations': 1000, 'l2_leaf_reg': 5, 'learning_rate': 0.05}",2025-08-14_220927
CatBoost,S1_vs_S2_P2,42,True,5,1.0,0.9795918367346939,experiment_results_statistical_IL_top_10_video_2025-08-14_220927_early_stop/catboost_S1_vs_S2_P2_2025-08-14_220927_seed42_early_stop.pkl,"{'border_count': 32, 'depth': 6, 'iterations': 1000, 'l2_leaf_reg': 5, 'learning_rate': 0.05}",2025-08-14_220927
SVM,S1_vs_S2_P2,42,True,1,0.625,0.3979591836734694,experiment_results_statistical_IL_top_10_video_2025-08-14_220927_early_stop/svm_S1_vs_S2_P2_2025-08-14_220927_seed42_early_stop.pkl,"{'C': 10, 'decision_function_shape': 'ovo', 'gamma': 'scale', 'kernel': 'rbf'}",2025-08-14_220927
SVM,S1_vs_S2_P2,42,True,2,0.8125,0.6428571428571429,experiment_results_statistical_IL_top_10_video_2025-08-14_220927_early_stop/svm_S1_vs_S2_P2_2025-08-14_220927_seed42_early_stop.pkl,"{'C': 10, 'decision_function_shape': 'ovo', 'gamma': 'scale', 'kernel': 'rbf'}",2025-08-14_220927
SVM,S1_vs_S2_P2,42,True,3,1.0,0.8367346938775511,experiment_results_statistical_IL_top_10_video_2025-08-14_220927_early_stop/svm_S1_vs_S2_P2_2025-08-14_220927_seed42_early_stop.pkl,"{'C': 10, 'decision_function_shape': 'ovo', 'gamma': 'scale', 'kernel': 'rbf'}",2025-08-14_220927
SVM,S1_vs_S2_P2,42,True,4,1.0,0.9183673469387755,experiment_results_statistical_IL_top_10_video_2025-08-14_220927_early_stop/svm_S1_vs_S2_P2_2025-08-14_220927_seed42_early_stop.pkl,"{'C': 10, 'decision_function_shape': 'ovo', 'gamma': 'scale', 'kernel': 'rbf'}",2025-08-14_220927
SVM,S1_vs_S2_P2,42,True,5,1.0,0.9693877551020408,experiment_results_statistical_IL_top_10_video_2025-08-14_220927_early_stop/svm_S1_vs_S2_P2_2025-08-14_220927_seed42_early_stop.pkl,"{'C': 10, 'decision_function_shape': 'ovo', 'gamma': 'scale', 'kernel': 'rbf'}",2025-08-14_220927
MLP,S1_vs_S2_P2,42,True,1,0.09375,0.09183673469387756,experiment_results_statistical_IL_top_10_video_2025-08-14_220927_early_stop/mlp_S1_vs_S2_P2_2025-08-14_220927_seed42_early_stop.pkl,"{'activation': 'relu', 'alpha': 0.0001, 'batch_size': 36, 'early_stopping': True, 'hidden_layer_sizes': [50], 'learning_rate': 'constant', 'learning_rate_init': 0.001, 'max_iter': 2000, 'solver': 'adam'}",2025-08-14_220927
MLP,S1_vs_S2_P2,42,True,2,0.15625,0.1836734693877551,experiment_results_statistical_IL_top_10_video_2025-08-14_220927_early_stop/mlp_S1_vs_S2_P2_2025-08-14_220927_seed42_early_stop.pkl,"{'activation': 'relu', 'alpha': 0.0001, 'batch_size': 36, 'early_stopping': True, 'hidden_layer_sizes': [50], 'learning_rate': 'constant', 'learning_rate_init': 0.001, 'max_iter': 2000, 'solver': 'adam'}",2025-08-14_220927
MLP,S1_vs_S2_P2,42,True,3,0.25,0.2653061224489796,experiment_results_statistical_IL_top_10_video_2025-08-14_220927_early_stop/mlp_S1_vs_S2_P2_2025-08-14_220927_seed42_early_stop.pkl,"{'activation': 'relu', 'alpha': 0.0001, 'batch_size': 36, 'early_stopping': True, 'hidden_layer_sizes': [50], 'learning_rate': 'constant', 'learning_rate_init': 0.001, 'max_iter': 2000, 'solver': 'adam'}",2025-08-14_220927
MLP,S1_vs_S2_P2,42,True,4,0.34375,0.35714285714285715,experiment_results_statistical_IL_top_10_video_2025-08-14_220927_early_stop/mlp_S1_vs_S2_P2_2025-08-14_220927_seed42_early_stop.pkl,"{'activation': 'relu', 'alpha': 0.0001, 'batch_size': 36, 'early_stopping': True, 'hidden_layer_sizes': [50], 'learning_rate': 'constant', 'learning_rate_init': 0.001, 'max_iter': 2000, 'solver': 'adam'}",2025-08-14_220927
MLP,S1_vs_S2_P2,42,True,5,0.4375,0.4489795918367347,experiment_results_statistical_IL_top_10_video_2025-08-14_220927_early_stop/mlp_S1_vs_S2_P2_2025-08-14_220927_seed42_early_stop.pkl,"{'activation': 'relu', 'alpha': 0.0001, 'batch_size': 36, 'early_stopping': True, 'hidden_layer_sizes': [50], 'learning_rate': 'constant', 'learning_rate_init': 0.001, 'max_iter': 2000, 'solver': 'adam'}",2025-08-14_220927
NaiveBayes,S1_vs_S2_P2,42,True,1,0.84375,0.3673469387755102,experiment_results_statistical_IL_top_10_video_2025-08-14_220927_early_stop/naivebayes_S1_vs_S2_P2_2025-08-14_220927_seed42_early_stop.pkl,"{'priors': None, 'var_smoothing': 1e-09}",2025-08-14_220927
NaiveBayes,S1_vs_S2_P2,42,True,2,0.9375,0.5816326530612245,experiment_results_statistical_IL_top_10_video_2025-08-14_220927_early_stop/naivebayes_S1_vs_S2_P2_2025-08-14_220927_seed42_early_stop.pkl,"{'priors': None, 'var_smoothing': 1e-09}",2025-08-14_220927
NaiveBayes,S1_vs_S2_P2,42,True,3,1.0,0.8469387755102041,experiment_results_statistical_IL_top_10_video_2025-08-14_220927_early_stop/naivebayes_S1_vs_S2_P2_2025-08-14_220927_seed42_early_stop.pkl,"{'priors': None, 'var_smoothing': 1e-09}",2025-08-14_220927
NaiveBayes,S1_vs_S2_P2,42,True,4,1.0,0.8979591836734694,experiment_results_statistical_IL_top_10_video_2025-08-14_220927_early_stop/naivebayes_S1_vs_S2_P2_2025-08-14_220927_seed42_early_stop.pkl,"{'priors': None, 'var_smoothing': 1e-09}",2025-08-14_220927
NaiveBayes,S1_vs_S2_P2,42,True,5,1.0,0.9081632653061225,experiment_results_statistical_IL_top_10_video_2025-08-14_220927_early_stop/naivebayes_S1_vs_S2_P2_2025-08-14_220927_seed42_early_stop.pkl,"{'priors': None, 'var_smoothing': 1e-09}",2025-08-14_220927
LightGBM,S1_vs_S2_P2,42,True,1,0.09375,0.08163265306122448,experiment_results_statistical_IL_top_10_video_2025-08-14_220927_early_stop/lightgbm_S1_vs_S2_P2_2025-08-14_220927_seed42_early_stop.pkl,"{'boosting_type': 'gbdt', 'class_weight': None, 'colsample_bytree': 1.0, 'importance_type': 'split', 'learning_rate': 0.1, 'max_depth': -1, 'min_child_samples': 20, 'min_child_weight': 0.001, 'min_split_gain': 0.0, 'n_estimators': 100, 'n_jobs': -1, 'num_leaves': 31, 'objective': None, 'random_state': 42, 'reg_alpha': 0.0, 'reg_lambda': 0.0, 'subsample': 1.0, 'subsample_for_bin': 200000, 'subsample_freq': 0, 'verbose': -1}",2025-08-14_220927
LightGBM,S1_vs_S2_P2,42,True,2,0.1875,0.17346938775510204,experiment_results_statistical_IL_top_10_video_2025-08-14_220927_early_stop/lightgbm_S1_vs_S2_P2_2025-08-14_220927_seed42_early_stop.pkl,"{'boosting_type': 'gbdt', 'class_weight': None, 'colsample_bytree': 1.0, 'importance_type': 'split', 'learning_rate': 0.1, 'max_depth': -1, 'min_child_samples': 20, 'min_child_weight': 0.001, 'min_split_gain': 0.0, 'n_estimators': 100, 'n_jobs': -1, 'num_leaves': 31, 'objective': None, 'random_state': 42, 'reg_alpha': 0.0, 'reg_lambda': 0.0, 'subsample': 1.0, 'subsample_for_bin': 200000, 'subsample_freq': 0, 'verbose': -1}",2025-08-14_220927
LightGBM,S1_vs_S2_P2,42,True,3,0.28125,0.2653061224489796,experiment_results_statistical_IL_top_10_video_2025-08-14_220927_early_stop/lightgbm_S1_vs_S2_P2_2025-08-14_220927_seed42_early_stop.pkl,"{'boosting_type': 'gbdt', 'class_weight': None, 'colsample_bytree': 1.0, 'importance_type': 'split', 'learning_rate': 0.1, 'max_depth': -1, 'min_child_samples': 20, 'min_child_weight': 0.001, 'min_split_gain': 0.0, 'n_estimators': 100, 'n_jobs': -1, 'num_leaves': 31, 'objective': None, 'random_state': 42, 'reg_alpha': 0.0, 'reg_lambda': 0.0, 'subsample': 1.0, 'subsample_for_bin': 200000, 'subsample_freq': 0, 'verbose': -1}",2025-08-14_220927
LightGBM,S1_vs_S2_P2,42,True,4,0.375,0.35714285714285715,experiment_results_statistical_IL_top_10_video_2025-08-14_220927_early_stop/lightgbm_S1_vs_S2_P2_2025-08-14_220927_seed42_early_stop.pkl,"{'boosting_type': 'gbdt', 'class_weight': None, 'colsample_bytree': 1.0, 'importance_type': 'split', 'learning_rate': 0.1, 'max_depth': -1, 'min_child_samples': 20, 'min_child_weight': 0.001, 'min_split_gain': 0.0, 'n_estimators': 100, 'n_jobs': -1, 'num_leaves': 31, 'objective': None, 'random_state': 42, 'reg_alpha': 0.0, 'reg_lambda': 0.0, 'subsample': 1.0, 'subsample_for_bin': 200000, 'subsample_freq': 0, 'verbose': -1}",2025-08-14_220927
LightGBM,S1_vs_S2_P2,42,True,5,0.46875,0.4489795918367347,experiment_results_statistical_IL_top_10_video_2025-08-14_220927_early_stop/lightgbm_S1_vs_S2_P2_2025-08-14_220927_seed42_early_stop.pkl,"{'boosting_type': 'gbdt', 'class_weight': None, 'colsample_bytree': 1.0, 'importance_type': 'split', 'learning_rate': 0.1, 'max_depth': -1, 'min_child_samples': 20, 'min_child_weight': 0.001, 'min_split_gain': 0.0, 'n_estimators': 100, 'n_jobs': -1, 'num_leaves': 31, 'objective': None, 'random_state': 42, 'reg_alpha': 0.0, 'reg_lambda': 0.0, 'subsample': 1.0, 'subsample_for_bin': 200000, 'subsample_freq': 0, 'verbose': -1}",2025-08-14_220927
ExtraTrees,S1_vs_S2_P2,42,True,1,0.84375,0.5612244897959183,experiment_results_statistical_IL_top_10_video_2025-08-14_220927_early_stop/extratrees_S1_vs_S2_P2_2025-08-14_220927_seed42_early_stop.pkl,"{'bootstrap': False, 'ccp_alpha': 0.0, 'class_weight': None, 'criterion': 'gini', 'max_depth': None, 'max_features': 'sqrt', 'max_leaf_nodes': None, 'max_samples': None, 'min_impurity_decrease': 0.0, 'min_samples_leaf': 1, 'min_samples_split': 2, 'min_weight_fraction_leaf': 0.0, 'monotonic_cst': None, 'n_estimators': 100, 'n_jobs': -1, 'oob_score': False, 'random_state': 42, 'verbose': 0, 'warm_start': False}",2025-08-14_220927
ExtraTrees,S1_vs_S2_P2,42,True,2,0.9375,0.8163265306122449,experiment_results_statistical_IL_top_10_video_2025-08-14_220927_early_stop/extratrees_S1_vs_S2_P2_2025-08-14_220927_seed42_early_stop.pkl,"{'bootstrap': False, 'ccp_alpha': 0.0, 'class_weight': None, 'criterion': 'gini', 'max_depth': None, 'max_features': 'sqrt', 'max_leaf_nodes': None, 'max_samples': None, 'min_impurity_decrease': 0.0, 'min_samples_leaf': 1, 'min_samples_split': 2, 'min_weight_fraction_leaf': 0.0, 'monotonic_cst': None, 'n_estimators': 100, 'n_jobs': -1, 'oob_score': False, 'random_state': 42, 'verbose': 0, 'warm_start': False}",2025-08-14_220927
ExtraTrees,S1_vs_S2_P2,42,True,3,1.0,0.9693877551020408,experiment_results_statistical_IL_top_10_video_2025-08-14_220927_early_stop/extratrees_S1_vs_S2_P2_2025-08-14_220927_seed42_early_stop.pkl,"{'bootstrap': False, 'ccp_alpha': 0.0, 'class_weight': None, 'criterion': 'gini', 'max_depth': None, 'max_features': 'sqrt', 'max_leaf_nodes': None, 'max_samples': None, 'min_impurity_decrease': 0.0, 'min_samples_leaf': 1, 'min_samples_split': 2, 'min_weight_fraction_leaf': 0.0, 'monotonic_cst': None, 'n_estimators': 100, 'n_jobs': -1, 'oob_score': False, 'random_state': 42, 'verbose': 0, 'warm_start': False}",2025-08-14_220927
ExtraTrees,S1_vs_S2_P2,42,True,4,1.0,0.9795918367346939,experiment_results_statistical_IL_top_10_video_2025-08-14_220927_early_stop/extratrees_S1_vs_S2_P2_2025-08-14_220927_seed42_early_stop.pkl,"{'bootstrap': False, 'ccp_alpha': 0.0, 'class_weight': None, 'criterion': 'gini', 'max_depth': None, 'max_features': 'sqrt', 'max_leaf_nodes': None, 'max_samples': None, 'min_impurity_decrease': 0.0, 'min_samples_leaf': 1, 'min_samples_split': 2, 'min_weight_fraction_leaf': 0.0, 'monotonic_cst': None, 'n_estimators': 100, 'n_jobs': -1, 'oob_score': False, 'random_state': 42, 'verbose': 0, 'warm_start': False}",2025-08-14_220927
ExtraTrees,S1_vs_S2_P2,42,True,5,1.0,0.9795918367346939,experiment_results_statistical_IL_top_10_video_2025-08-14_220927_early_stop/extratrees_S1_vs_S2_P2_2025-08-14_220927_seed42_early_stop.pkl,"{'bootstrap': False, 'ccp_alpha': 0.0, 'class_weight': None, 'criterion': 'gini', 'max_depth': None, 'max_features': 'sqrt', 'max_leaf_nodes': None, 'max_samples': None, 'min_impurity_decrease': 0.0, 'min_samples_leaf': 1, 'min_samples_split': 2, 'min_weight_fraction_leaf': 0.0, 'monotonic_cst': None, 'n_estimators': 100, 'n_jobs': -1, 'oob_score': False, 'random_state': 42, 'verbose': 0, 'warm_start': False}",2025-08-14_220927
GradientBoosting,S1_vs_S2_P2,42,True,1,0.84375,0.3163265306122449,experiment_results_statistical_IL_top_10_video_2025-08-14_220927_early_stop/gradientboosting_S1_vs_S2_P2_2025-08-14_220927_seed42_early_stop.pkl,"{'ccp_alpha': 0.0, 'criterion': 'friedman_mse', 'init': None, 'learning_rate': 0.1, 'loss': 'log_loss', 'max_depth': 3, 'max_features': None, 'max_leaf_nodes': None, 'min_impurity_decrease': 0.0, 'min_samples_leaf': 1, 'min_samples_split': 2, 'min_weight_fraction_leaf': 0.0, 'n_estimators': 100, 'n_iter_no_change': None, 'random_state': 42, 'subsample': 1.0, 'tol': 0.0001, 'validation_fraction': 0.1, 'verbose': 0, 'warm_start': False}",2025-08-14_220927
GradientBoosting,S1_vs_S2_P2,42,True,2,0.9375,0.5306122448979592,experiment_results_statistical_IL_top_10_video_2025-08-14_220927_early_stop/gradientboosting_S1_vs_S2_P2_2025-08-14_220927_seed42_early_stop.pkl,"{'ccp_alpha': 0.0, 'criterion': 'friedman_mse', 'init': None, 'learning_rate': 0.1, 'loss': 'log_loss', 'max_depth': 3, 'max_features': None, 'max_leaf_nodes': None, 'min_impurity_decrease': 0.0, 'min_samples_leaf': 1, 'min_samples_split': 2, 'min_weight_fraction_leaf': 0.0, 'n_estimators': 100, 'n_iter_no_change': None, 'random_state': 42, 'subsample': 1.0, 'tol': 0.0001, 'validation_fraction': 0.1, 'verbose': 0, 'warm_start': False}",2025-08-14_220927
GradientBoosting,S1_vs_S2_P2,42,True,3,1.0,0.7244897959183674,experiment_results_statistical_IL_top_10_video_2025-08-14_220927_early_stop/gradientboosting_S1_vs_S2_P2_2025-08-14_220927_seed42_early_stop.pkl,"{'ccp_alpha': 0.0, 'criterion': 'friedman_mse', 'init': None, 'learning_rate': 0.1, 'loss': 'log_loss', 'max_depth': 3, 'max_features': None, 'max_leaf_nodes': None, 'min_impurity_decrease': 0.0, 'min_samples_leaf': 1, 'min_samples_split': 2, 'min_weight_fraction_leaf': 0.0, 'n_estimators': 100, 'n_iter_no_change': None, 'random_state': 42, 'subsample': 1.0, 'tol': 0.0001, 'validation_fraction': 0.1, 'verbose': 0, 'warm_start': False}",2025-08-14_220927
GradientBoosting,S1_vs_S2_P2,42,True,4,1.0,0.7653061224489796,experiment_results_statistical_IL_top_10_video_2025-08-14_220927_early_stop/gradientboosting_S1_vs_S2_P2_2025-08-14_220927_seed42_early_stop.pkl,"{'ccp_alpha': 0.0, 'criterion': 'friedman_mse', 'init': None, 'learning_rate': 0.1, 'loss': 'log_loss', 'max_depth': 3, 'max_features': None, 'max_leaf_nodes': None, 'min_impurity_decrease': 0.0, 'min_samples_leaf': 1, 'min_samples_split': 2, 'min_weight_fraction_leaf': 0.0, 'n_estimators': 100, 'n_iter_no_change': None, 'random_state': 42, 'subsample': 1.0, 'tol': 0.0001, 'validation_fraction': 0.1, 'verbose': 0, 'warm_start': False}",2025-08-14_220927
GradientBoosting,S1_vs_S2_P2,42,True,5,1.0,0.7857142857142857,experiment_results_statistical_IL_top_10_video_2025-08-14_220927_early_stop/gradientboosting_S1_vs_S2_P2_2025-08-14_220927_seed42_early_stop.pkl,"{'ccp_alpha': 0.0, 'criterion': 'friedman_mse', 'init': None, 'learning_rate': 0.1, 'loss': 'log_loss', 'max_depth': 3, 'max_features': None, 'max_leaf_nodes': None, 'min_impurity_decrease': 0.0, 'min_samples_leaf': 1, 'min_samples_split': 2, 'min_weight_fraction_leaf': 0.0, 'n_estimators': 100, 'n_iter_no_change': None, 'random_state': 42, 'subsample': 1.0, 'tol': 0.0001, 'validation_fraction': 0.1, 'verbose': 0, 'warm_start': False}",2025-08-14_220927
KNN,S1_vs_S2_P2,42,True,1,0.34375,0.2653061224489796,experiment_results_statistical_IL_top_10_video_2025-08-14_220927_early_stop/knn_S1_vs_S2_P2_2025-08-14_220927_seed42_early_stop.pkl,"{'algorithm': 'auto', 'leaf_size': 30, 'metric': 'minkowski', 'metric_params': None, 'n_jobs': -1, 'n_neighbors': 5, 'p': 2, 'weights': 'uniform'}",2025-08-14_220927
KNN,S1_vs_S2_P2,42,True,2,0.65625,0.5306122448979592,experiment_results_statistical_IL_top_10_video_2025-08-14_220927_early_stop/knn_S1_vs_S2_P2_2025-08-14_220927_seed42_early_stop.pkl,"{'algorithm': 'auto', 'leaf_size': 30, 'metric': 'minkowski', 'metric_params': None, 'n_jobs': -1, 'n_neighbors': 5, 'p': 2, 'weights': 'uniform'}",2025-08-14_220927
KNN,S1_vs_S2_P2,42,True,3,0.96875,0.7040816326530612,experiment_results_statistical_IL_top_10_video_2025-08-14_220927_early_stop/knn_S1_vs_S2_P2_2025-08-14_220927_seed42_early_stop.pkl,"{'algorithm': 'auto', 'leaf_size': 30, 'metric': 'minkowski', 'metric_params': None, 'n_jobs': -1, 'n_neighbors': 5, 'p': 2, 'weights': 'uniform'}",2025-08-14_220927
KNN,S1_vs_S2_P2,42,True,4,1.0,0.7653061224489796,experiment_results_statistical_IL_top_10_video_2025-08-14_220927_early_stop/knn_S1_vs_S2_P2_2025-08-14_220927_seed42_early_stop.pkl,"{'algorithm': 'auto', 'leaf_size': 30, 'metric': 'minkowski', 'metric_params': None, 'n_jobs': -1, 'n_neighbors': 5, 'p': 2, 'weights': 'uniform'}",2025-08-14_220927
KNN,S1_vs_S2_P2,42,True,5,1.0,0.7959183673469388,experiment_results_statistical_IL_top_10_video_2025-08-14_220927_early_stop/knn_S1_vs_S2_P2_2025-08-14_220927_seed42_early_stop.pkl,"{'algorithm': 'auto', 'leaf_size': 30, 'metric': 'minkowski', 'metric_params': None, 'n_jobs': -1, 'n_neighbors': 5, 'p': 2, 'weights': 'uniform'}",2025-08-14_220927
LogisticRegression,S1_vs_S2_P2,42,True,1,0.4375,0.24489795918367346,experiment_results_statistical_IL_top_10_video_2025-08-14_220927_early_stop/logisticregression_S1_vs_S2_P2_2025-08-14_220927_seed42_early_stop.pkl,"{'C': 1.0, 'class_weight': None, 'dual': False, 'fit_intercept': True, 'intercept_scaling': 1, 'l1_ratio': None, 'max_iter': 100, 'multi_class': 'deprecated', 'n_jobs': -1, 'penalty': 'l2', 'random_state': 42, 'solver': 'lbfgs', 'tol': 0.0001, 'verbose': 0, 'warm_start': False}",2025-08-14_220927
LogisticRegression,S1_vs_S2_P2,42,True,2,0.6875,0.45918367346938777,experiment_results_statistical_IL_top_10_video_2025-08-14_220927_early_stop/logisticregression_S1_vs_S2_P2_2025-08-14_220927_seed42_early_stop.pkl,"{'C': 1.0, 'class_weight': None, 'dual': False, 'fit_intercept': True, 'intercept_scaling': 1, 'l1_ratio': None, 'max_iter': 100, 'multi_class': 'deprecated', 'n_jobs': -1, 'penalty': 'l2', 'random_state': 42, 'solver': 'lbfgs', 'tol': 0.0001, 'verbose': 0, 'warm_start': False}",2025-08-14_220927
LogisticRegression,S1_vs_S2_P2,42,True,3,0.8125,0.6020408163265306,experiment_results_statistical_IL_top_10_video_2025-08-14_220927_early_stop/logisticregression_S1_vs_S2_P2_2025-08-14_220927_seed42_early_stop.pkl,"{'C': 1.0, 'class_weight': None, 'dual': False, 'fit_intercept': True, 'intercept_scaling': 1, 'l1_ratio': None, 'max_iter': 100, 'multi_class': 'deprecated', 'n_jobs': -1, 'penalty': 'l2', 'random_state': 42, 'solver': 'lbfgs', 'tol': 0.0001, 'verbose': 0, 'warm_start': False}",2025-08-14_220927
LogisticRegression,S1_vs_S2_P2,42,True,4,0.90625,0.7448979591836735,experiment_results_statistical_IL_top_10_video_2025-08-14_220927_early_stop/logisticregression_S1_vs_S2_P2_2025-08-14_220927_seed42_early_stop.pkl,"{'C': 1.0, 'class_weight': None, 'dual': False, 'fit_intercept': True, 'intercept_scaling': 1, 'l1_ratio': None, 'max_iter': 100, 'multi_class': 'deprecated', 'n_jobs': -1, 'penalty': 'l2', 'random_state': 42, 'solver': 'lbfgs', 'tol': 0.0001, 'verbose': 0, 'warm_start': False}",2025-08-14_220927
LogisticRegression,S1_vs_S2_P2,42,True,5,0.9375,0.7959183673469388,experiment_results_statistical_IL_top_10_video_2025-08-14_220927_early_stop/logisticregression_S1_vs_S2_P2_2025-08-14_220927_seed42_early_stop.pkl,"{'C': 1.0, 'class_weight': None, 'dual': False, 'fit_intercept': True, 'intercept_scaling': 1, 'l1_ratio': None, 'max_iter': 100, 'multi_class': 'deprecated', 'n_jobs': -1, 'penalty': 'l2', 'random_state': 42, 'solver': 'lbfgs', 'tol': 0.0001, 'verbose': 0, 'warm_start': False}",2025-08-14_220927
RandomForest,S1_vs_S2_P2,123,True,1,0.84375,0.6326530612244898,experiment_results_statistical_IL_top_10_video_2025-08-14_220927_early_stop/randomforest_S1_vs_S2_P2_2025-08-14_220927_seed123_early_stop.pkl,"{'bootstrap': True, 'max_depth': 10, 'max_features': 'sqrt', 'min_samples_leaf': 1, 'min_samples_split': 2, 'n_estimators': 500}",2025-08-14_220927
RandomForest,S1_vs_S2_P2,123,True,2,0.9375,0.8469387755102041,experiment_results_statistical_IL_top_10_video_2025-08-14_220927_early_stop/randomforest_S1_vs_S2_P2_2025-08-14_220927_seed123_early_stop.pkl,"{'bootstrap': True, 'max_depth': 10, 'max_features': 'sqrt', 'min_samples_leaf': 1, 'min_samples_split': 2, 'n_estimators': 500}",2025-08-14_220927
RandomForest,S1_vs_S2_P2,123,True,3,1.0,0.9693877551020408,experiment_results_statistical_IL_top_10_video_2025-08-14_220927_early_stop/randomforest_S1_vs_S2_P2_2025-08-14_220927_seed123_early_stop.pkl,"{'bootstrap': True, 'max_depth': 10, 'max_features': 'sqrt', 'min_samples_leaf': 1, 'min_samples_split': 2, 'n_estimators': 500}",2025-08-14_220927
RandomForest,S1_vs_S2_P2,123,True,4,1.0,0.9693877551020408,experiment_results_statistical_IL_top_10_video_2025-08-14_220927_early_stop/randomforest_S1_vs_S2_P2_2025-08-14_220927_seed123_early_stop.pkl,"{'bootstrap': True, 'max_depth': 10, 'max_features': 'sqrt', 'min_samples_leaf': 1, 'min_samples_split': 2, 'n_estimators': 500}",2025-08-14_220927
RandomForest,S1_vs_S2_P2,123,True,5,1.0,0.9795918367346939,experiment_results_statistical_IL_top_10_video_2025-08-14_220927_early_stop/randomforest_S1_vs_S2_P2_2025-08-14_220927_seed123_early_stop.pkl,"{'bootstrap': True, 'max_depth': 10, 'max_features': 'sqrt', 'min_samples_leaf': 1, 'min_samples_split': 2, 'n_estimators': 500}",2025-08-14_220927
XGBoost,S1_vs_S2_P2,123,True,1,0.84375,0.5612244897959183,experiment_results_statistical_IL_top_10_video_2025-08-14_220927_early_stop/xgboost_S1_vs_S2_P2_2025-08-14_220927_seed123_early_stop.pkl,"{'colsample_bytree': 0.8, 'device': 'cpu', 'learning_rate': 0.1, 'max_depth': 4, 'n_estimators': 1000, 'reg_lambda': 1, 'subsample': 0.8}",2025-08-14_220927
XGBoost,S1_vs_S2_P2,123,True,2,0.9375,0.8061224489795918,experiment_results_statistical_IL_top_10_video_2025-08-14_220927_early_stop/xgboost_S1_vs_S2_P2_2025-08-14_220927_seed123_early_stop.pkl,"{'colsample_bytree': 0.8, 'device': 'cpu', 'learning_rate': 0.1, 'max_depth': 4, 'n_estimators': 1000, 'reg_lambda': 1, 'subsample': 0.8}",2025-08-14_220927
XGBoost,S1_vs_S2_P2,123,True,3,1.0,0.9183673469387755,experiment_results_statistical_IL_top_10_video_2025-08-14_220927_early_stop/xgboost_S1_vs_S2_P2_2025-08-14_220927_seed123_early_stop.pkl,"{'colsample_bytree': 0.8, 'device': 'cpu', 'learning_rate': 0.1, 'max_depth': 4, 'n_estimators': 1000, 'reg_lambda': 1, 'subsample': 0.8}",2025-08-14_220927
XGBoost,S1_vs_S2_P2,123,True,4,1.0,0.9489795918367347,experiment_results_statistical_IL_top_10_video_2025-08-14_220927_early_stop/xgboost_S1_vs_S2_P2_2025-08-14_220927_seed123_early_stop.pkl,"{'colsample_bytree': 0.8, 'device': 'cpu', 'learning_rate': 0.1, 'max_depth': 4, 'n_estimators': 1000, 'reg_lambda': 1, 'subsample': 0.8}",2025-08-14_220927
XGBoost,S1_vs_S2_P2,123,True,5,1.0,0.9591836734693877,experiment_results_statistical_IL_top_10_video_2025-08-14_220927_early_stop/xgboost_S1_vs_S2_P2_2025-08-14_220927_seed123_early_stop.pkl,"{'colsample_bytree': 0.8, 'device': 'cpu', 'learning_rate': 0.1, 'max_depth': 4, 'n_estimators': 1000, 'reg_lambda': 1, 'subsample': 0.8}",2025-08-14_220927
CatBoost,S1_vs_S2_P2,123,True,1,0.84375,0.5816326530612245,experiment_results_statistical_IL_top_10_video_2025-08-14_220927_early_stop/catboost_S1_vs_S2_P2_2025-08-14_220927_seed123_early_stop.pkl,"{'border_count': 32, 'depth': 8, 'iterations': 1000, 'l2_leaf_reg': 1, 'learning_rate': 0.1}",2025-08-14_220927
CatBoost,S1_vs_S2_P2,123,True,2,0.9375,0.826530612244898,experiment_results_statistical_IL_top_10_video_2025-08-14_220927_early_stop/catboost_S1_vs_S2_P2_2025-08-14_220927_seed123_early_stop.pkl,"{'border_count': 32, 'depth': 8, 'iterations': 1000, 'l2_leaf_reg': 1, 'learning_rate': 0.1}",2025-08-14_220927
CatBoost,S1_vs_S2_P2,123,True,3,1.0,0.9489795918367347,experiment_results_statistical_IL_top_10_video_2025-08-14_220927_early_stop/catboost_S1_vs_S2_P2_2025-08-14_220927_seed123_early_stop.pkl,"{'border_count': 32, 'depth': 8, 'iterations': 1000, 'l2_leaf_reg': 1, 'learning_rate': 0.1}",2025-08-14_220927
CatBoost,S1_vs_S2_P2,123,True,4,1.0,0.9693877551020408,experiment_results_statistical_IL_top_10_video_2025-08-14_220927_early_stop/catboost_S1_vs_S2_P2_2025-08-14_220927_seed123_early_stop.pkl,"{'border_count': 32, 'depth': 8, 'iterations': 1000, 'l2_leaf_reg': 1, 'learning_rate': 0.1}",2025-08-14_220927
CatBoost,S1_vs_S2_P2,123,True,5,1.0,0.9897959183673469,experiment_results_statistical_IL_top_10_video_2025-08-14_220927_early_stop/catboost_S1_vs_S2_P2_2025-08-14_220927_seed123_early_stop.pkl,"{'border_count': 32, 'depth': 8, 'iterations': 1000, 'l2_leaf_reg': 1, 'learning_rate': 0.1}",2025-08-14_220927
SVM,S1_vs_S2_P2,123,True,1,0.625,0.3877551020408163,experiment_results_statistical_IL_top_10_video_2025-08-14_220927_early_stop/svm_S1_vs_S2_P2_2025-08-14_220927_seed123_early_stop.pkl,"{'C': 100, 'decision_function_shape': 'ovo', 'gamma': 'scale', 'kernel': 'poly'}",2025-08-14_220927
SVM,S1_vs_S2_P2,123,True,2,0.875,0.6326530612244898,experiment_results_statistical_IL_top_10_video_2025-08-14_220927_early_stop/svm_S1_vs_S2_P2_2025-08-14_220927_seed123_early_stop.pkl,"{'C': 100, 'decision_function_shape': 'ovo', 'gamma': 'scale', 'kernel': 'poly'}",2025-08-14_220927
SVM,S1_vs_S2_P2,123,True,3,1.0,0.7857142857142857,experiment_results_statistical_IL_top_10_video_2025-08-14_220927_early_stop/svm_S1_vs_S2_P2_2025-08-14_220927_seed123_early_stop.pkl,"{'C': 100, 'decision_function_shape': 'ovo', 'gamma': 'scale', 'kernel': 'poly'}",2025-08-14_220927
SVM,S1_vs_S2_P2,123,True,4,1.0,0.826530612244898,experiment_results_statistical_IL_top_10_video_2025-08-14_220927_early_stop/svm_S1_vs_S2_P2_2025-08-14_220927_seed123_early_stop.pkl,"{'C': 100, 'decision_function_shape': 'ovo', 'gamma': 'scale', 'kernel': 'poly'}",2025-08-14_220927
SVM,S1_vs_S2_P2,123,True,5,1.0,0.8979591836734694,experiment_results_statistical_IL_top_10_video_2025-08-14_220927_early_stop/svm_S1_vs_S2_P2_2025-08-14_220927_seed123_early_stop.pkl,"{'C': 100, 'decision_function_shape': 'ovo', 'gamma': 'scale', 'kernel': 'poly'}",2025-08-14_220927
MLP,S1_vs_S2_P2,123,True,1,0.09375,0.08163265306122448,experiment_results_statistical_IL_top_10_video_2025-08-14_220927_early_stop/mlp_S1_vs_S2_P2_2025-08-14_220927_seed123_early_stop.pkl,"{'activation': 'relu', 'alpha': 0.0001, 'batch_size': 36, 'early_stopping': True, 'hidden_layer_sizes': [50], 'learning_rate': 'constant', 'learning_rate_init': 0.001, 'max_iter': 2000, 'solver': 'adam'}",2025-08-14_220927
MLP,S1_vs_S2_P2,123,True,2,0.1875,0.17346938775510204,experiment_results_statistical_IL_top_10_video_2025-08-14_220927_early_stop/mlp_S1_vs_S2_P2_2025-08-14_220927_seed123_early_stop.pkl,"{'activation': 'relu', 'alpha': 0.0001, 'batch_size': 36, 'early_stopping': True, 'hidden_layer_sizes': [50], 'learning_rate': 'constant', 'learning_rate_init': 0.001, 'max_iter': 2000, 'solver': 'adam'}",2025-08-14_220927
MLP,S1_vs_S2_P2,123,True,3,0.28125,0.2653061224489796,experiment_results_statistical_IL_top_10_video_2025-08-14_220927_early_stop/mlp_S1_vs_S2_P2_2025-08-14_220927_seed123_early_stop.pkl,"{'activation': 'relu', 'alpha': 0.0001, 'batch_size': 36, 'early_stopping': True, 'hidden_layer_sizes': [50], 'learning_rate': 'constant', 'learning_rate_init': 0.001, 'max_iter': 2000, 'solver': 'adam'}",2025-08-14_220927
MLP,S1_vs_S2_P2,123,True,4,0.375,0.35714285714285715,experiment_results_statistical_IL_top_10_video_2025-08-14_220927_early_stop/mlp_S1_vs_S2_P2_2025-08-14_220927_seed123_early_stop.pkl,"{'activation': 'relu', 'alpha': 0.0001, 'batch_size': 36, 'early_stopping': True, 'hidden_layer_sizes': [50], 'learning_rate': 'constant', 'learning_rate_init': 0.001, 'max_iter': 2000, 'solver': 'adam'}",2025-08-14_220927
MLP,S1_vs_S2_P2,123,True,5,0.46875,0.4489795918367347,experiment_results_statistical_IL_top_10_video_2025-08-14_220927_early_stop/mlp_S1_vs_S2_P2_2025-08-14_220927_seed123_early_stop.pkl,"{'activation': 'relu', 'alpha': 0.0001, 'batch_size': 36, 'early_stopping': True, 'hidden_layer_sizes': [50], 'learning_rate': 'constant', 'learning_rate_init': 0.001, 'max_iter': 2000, 'solver': 'adam'}",2025-08-14_220927
NaiveBayes,S1_vs_S2_P2,123,True,1,0.84375,0.3673469387755102,experiment_results_statistical_IL_top_10_video_2025-08-14_220927_early_stop/naivebayes_S1_vs_S2_P2_2025-08-14_220927_seed123_early_stop.pkl,"{'priors': None, 'var_smoothing': 1e-09}",2025-08-14_220927
NaiveBayes,S1_vs_S2_P2,123,True,2,0.9375,0.5816326530612245,experiment_results_statistical_IL_top_10_video_2025-08-14_220927_early_stop/naivebayes_S1_vs_S2_P2_2025-08-14_220927_seed123_early_stop.pkl,"{'priors': None, 'var_smoothing': 1e-09}",2025-08-14_220927
NaiveBayes,S1_vs_S2_P2,123,True,3,1.0,0.8469387755102041,experiment_results_statistical_IL_top_10_video_2025-08-14_220927_early_stop/naivebayes_S1_vs_S2_P2_2025-08-14_220927_seed123_early_stop.pkl,"{'priors': None, 'var_smoothing': 1e-09}",2025-08-14_220927
NaiveBayes,S1_vs_S2_P2,123,True,4,1.0,0.8979591836734694,experiment_results_statistical_IL_top_10_video_2025-08-14_220927_early_stop/naivebayes_S1_vs_S2_P2_2025-08-14_220927_seed123_early_stop.pkl,"{'priors': None, 'var_smoothing': 1e-09}",2025-08-14_220927
NaiveBayes,S1_vs_S2_P2,123,True,5,1.0,0.9081632653061225,experiment_results_statistical_IL_top_10_video_2025-08-14_220927_early_stop/naivebayes_S1_vs_S2_P2_2025-08-14_220927_seed123_early_stop.pkl,"{'priors': None, 'var_smoothing': 1e-09}",2025-08-14_220927
LightGBM,S1_vs_S2_P2,123,True,1,0.09375,0.08163265306122448,experiment_results_statistical_IL_top_10_video_2025-08-14_220927_early_stop/lightgbm_S1_vs_S2_P2_2025-08-14_220927_seed123_early_stop.pkl,"{'boosting_type': 'gbdt', 'class_weight': None, 'colsample_bytree': 1.0, 'importance_type': 'split', 'learning_rate': 0.1, 'max_depth': -1, 'min_child_samples': 20, 'min_child_weight': 0.001, 'min_split_gain': 0.0, 'n_estimators': 100, 'n_jobs': -1, 'num_leaves': 31, 'objective': None, 'random_state': 123, 'reg_alpha': 0.0, 'reg_lambda': 0.0, 'subsample': 1.0, 'subsample_for_bin': 200000, 'subsample_freq': 0, 'verbose': -1}",2025-08-14_220927
LightGBM,S1_vs_S2_P2,123,True,2,0.1875,0.17346938775510204,experiment_results_statistical_IL_top_10_video_2025-08-14_220927_early_stop/lightgbm_S1_vs_S2_P2_2025-08-14_220927_seed123_early_stop.pkl,"{'boosting_type': 'gbdt', 'class_weight': None, 'colsample_bytree': 1.0, 'importance_type': 'split', 'learning_rate': 0.1, 'max_depth': -1, 'min_child_samples': 20, 'min_child_weight': 0.001, 'min_split_gain': 0.0, 'n_estimators': 100, 'n_jobs': -1, 'num_leaves': 31, 'objective': None, 'random_state': 123, 'reg_alpha': 0.0, 'reg_lambda': 0.0, 'subsample': 1.0, 'subsample_for_bin': 200000, 'subsample_freq': 0, 'verbose': -1}",2025-08-14_220927
LightGBM,S1_vs_S2_P2,123,True,3,0.28125,0.2653061224489796,experiment_results_statistical_IL_top_10_video_2025-08-14_220927_early_stop/lightgbm_S1_vs_S2_P2_2025-08-14_220927_seed123_early_stop.pkl,"{'boosting_type': 'gbdt', 'class_weight': None, 'colsample_bytree': 1.0, 'importance_type': 'split', 'learning_rate': 0.1, 'max_depth': -1, 'min_child_samples': 20, 'min_child_weight': 0.001, 'min_split_gain': 0.0, 'n_estimators': 100, 'n_jobs': -1, 'num_leaves': 31, 'objective': None, 'random_state': 123, 'reg_alpha': 0.0, 'reg_lambda': 0.0, 'subsample': 1.0, 'subsample_for_bin': 200000, 'subsample_freq': 0, 'verbose': -1}",2025-08-14_220927
LightGBM,S1_vs_S2_P2,123,True,4,0.375,0.35714285714285715,experiment_results_statistical_IL_top_10_video_2025-08-14_220927_early_stop/lightgbm_S1_vs_S2_P2_2025-08-14_220927_seed123_early_stop.pkl,"{'boosting_type': 'gbdt', 'class_weight': None, 'colsample_bytree': 1.0, 'importance_type': 'split', 'learning_rate': 0.1, 'max_depth': -1, 'min_child_samples': 20, 'min_child_weight': 0.001, 'min_split_gain': 0.0, 'n_estimators': 100, 'n_jobs': -1, 'num_leaves': 31, 'objective': None, 'random_state': 123, 'reg_alpha': 0.0, 'reg_lambda': 0.0, 'subsample': 1.0, 'subsample_for_bin': 200000, 'subsample_freq': 0, 'verbose': -1}",2025-08-14_220927
LightGBM,S1_vs_S2_P2,123,True,5,0.46875,0.4489795918367347,experiment_results_statistical_IL_top_10_video_2025-08-14_220927_early_stop/lightgbm_S1_vs_S2_P2_2025-08-14_220927_seed123_early_stop.pkl,"{'boosting_type': 'gbdt', 'class_weight': None, 'colsample_bytree': 1.0, 'importance_type': 'split', 'learning_rate': 0.1, 'max_depth': -1, 'min_child_samples': 20, 'min_child_weight': 0.001, 'min_split_gain': 0.0, 'n_estimators': 100, 'n_jobs': -1, 'num_leaves': 31, 'objective': None, 'random_state': 123, 'reg_alpha': 0.0, 'reg_lambda': 0.0, 'subsample': 1.0, 'subsample_for_bin': 200000, 'subsample_freq': 0, 'verbose': -1}",2025-08-14_220927
ExtraTrees,S1_vs_S2_P2,123,True,1,0.84375,0.5918367346938775,experiment_results_statistical_IL_top_10_video_2025-08-14_220927_early_stop/extratrees_S1_vs_S2_P2_2025-08-14_220927_seed123_early_stop.pkl,"{'bootstrap': False, 'ccp_alpha': 0.0, 'class_weight': None, 'criterion': 'gini', 'max_depth': None, 'max_features': 'sqrt', 'max_leaf_nodes': None, 'max_samples': None, 'min_impurity_decrease': 0.0, 'min_samples_leaf': 1, 'min_samples_split': 2, 'min_weight_fraction_leaf': 0.0, 'monotonic_cst': None, 'n_estimators': 100, 'n_jobs': -1, 'oob_score': False, 'random_state': 123, 'verbose': 0, 'warm_start': False}",2025-08-14_220927
ExtraTrees,S1_vs_S2_P2,123,True,2,0.9375,0.8367346938775511,experiment_results_statistical_IL_top_10_video_2025-08-14_220927_early_stop/extratrees_S1_vs_S2_P2_2025-08-14_220927_seed123_early_stop.pkl,"{'bootstrap': False, 'ccp_alpha': 0.0, 'class_weight': None, 'criterion': 'gini', 'max_depth': None, 'max_features': 'sqrt', 'max_leaf_nodes': None, 'max_samples': None, 'min_impurity_decrease': 0.0, 'min_samples_leaf': 1, 'min_samples_split': 2, 'min_weight_fraction_leaf': 0.0, 'monotonic_cst': None, 'n_estimators': 100, 'n_jobs': -1, 'oob_score': False, 'random_state': 123, 'verbose': 0, 'warm_start': False}",2025-08-14_220927
ExtraTrees,S1_vs_S2_P2,123,True,3,1.0,0.9591836734693877,experiment_results_statistical_IL_top_10_video_2025-08-14_220927_early_stop/extratrees_S1_vs_S2_P2_2025-08-14_220927_seed123_early_stop.pkl,"{'bootstrap': False, 'ccp_alpha': 0.0, 'class_weight': None, 'criterion': 'gini', 'max_depth': None, 'max_features': 'sqrt', 'max_leaf_nodes': None, 'max_samples': None, 'min_impurity_decrease': 0.0, 'min_samples_leaf': 1, 'min_samples_split': 2, 'min_weight_fraction_leaf': 0.0, 'monotonic_cst': None, 'n_estimators': 100, 'n_jobs': -1, 'oob_score': False, 'random_state': 123, 'verbose': 0, 'warm_start': False}",2025-08-14_220927
ExtraTrees,S1_vs_S2_P2,123,True,4,1.0,0.9795918367346939,experiment_results_statistical_IL_top_10_video_2025-08-14_220927_early_stop/extratrees_S1_vs_S2_P2_2025-08-14_220927_seed123_early_stop.pkl,"{'bootstrap': False, 'ccp_alpha': 0.0, 'class_weight': None, 'criterion': 'gini', 'max_depth': None, 'max_features': 'sqrt', 'max_leaf_nodes': None, 'max_samples': None, 'min_impurity_decrease': 0.0, 'min_samples_leaf': 1, 'min_samples_split': 2, 'min_weight_fraction_leaf': 0.0, 'monotonic_cst': None, 'n_estimators': 100, 'n_jobs': -1, 'oob_score': False, 'random_state': 123, 'verbose': 0, 'warm_start': False}",2025-08-14_220927
ExtraTrees,S1_vs_S2_P2,123,True,5,1.0,0.9795918367346939,experiment_results_statistical_IL_top_10_video_2025-08-14_220927_early_stop/extratrees_S1_vs_S2_P2_2025-08-14_220927_seed123_early_stop.pkl,"{'bootstrap': False, 'ccp_alpha': 0.0, 'class_weight': None, 'criterion': 'gini', 'max_depth': None, 'max_features': 'sqrt', 'max_leaf_nodes': None, 'max_samples': None, 'min_impurity_decrease': 0.0, 'min_samples_leaf': 1, 'min_samples_split': 2, 'min_weight_fraction_leaf': 0.0, 'monotonic_cst': None, 'n_estimators': 100, 'n_jobs': -1, 'oob_score': False, 'random_state': 123, 'verbose': 0, 'warm_start': False}",2025-08-14_220927
GradientBoosting,S1_vs_S2_P2,123,True,1,0.84375,0.30612244897959184,experiment_results_statistical_IL_top_10_video_2025-08-14_220927_early_stop/gradientboosting_S1_vs_S2_P2_2025-08-14_220927_seed123_early_stop.pkl,"{'ccp_alpha': 0.0, 'criterion': 'friedman_mse', 'init': None, 'learning_rate': 0.1, 'loss': 'log_loss', 'max_depth': 3, 'max_features': None, 'max_leaf_nodes': None, 'min_impurity_decrease': 0.0, 'min_samples_leaf': 1, 'min_samples_split': 2, 'min_weight_fraction_leaf': 0.0, 'n_estimators': 100, 'n_iter_no_change': None, 'random_state': 123, 'subsample': 1.0, 'tol': 0.0001, 'validation_fraction': 0.1, 'verbose': 0, 'warm_start': False}",2025-08-14_220927
GradientBoosting,S1_vs_S2_P2,123,True,2,0.9375,0.5102040816326531,experiment_results_statistical_IL_top_10_video_2025-08-14_220927_early_stop/gradientboosting_S1_vs_S2_P2_2025-08-14_220927_seed123_early_stop.pkl,"{'ccp_alpha': 0.0, 'criterion': 'friedman_mse', 'init': None, 'learning_rate': 0.1, 'loss': 'log_loss', 'max_depth': 3, 'max_features': None, 'max_leaf_nodes': None, 'min_impurity_decrease': 0.0, 'min_samples_leaf': 1, 'min_samples_split': 2, 'min_weight_fraction_leaf': 0.0, 'n_estimators': 100, 'n_iter_no_change': None, 'random_state': 123, 'subsample': 1.0, 'tol': 0.0001, 'validation_fraction': 0.1, 'verbose': 0, 'warm_start': False}",2025-08-14_220927
GradientBoosting,S1_vs_S2_P2,123,True,3,1.0,0.6836734693877551,experiment_results_statistical_IL_top_10_video_2025-08-14_220927_early_stop/gradientboosting_S1_vs_S2_P2_2025-08-14_220927_seed123_early_stop.pkl,"{'ccp_alpha': 0.0, 'criterion': 'friedman_mse', 'init': None, 'learning_rate': 0.1, 'loss': 'log_loss', 'max_depth': 3, 'max_features': None, 'max_leaf_nodes': None, 'min_impurity_decrease': 0.0, 'min_samples_leaf': 1, 'min_samples_split': 2, 'min_weight_fraction_leaf': 0.0, 'n_estimators': 100, 'n_iter_no_change': None, 'random_state': 123, 'subsample': 1.0, 'tol': 0.0001, 'validation_fraction': 0.1, 'verbose': 0, 'warm_start': False}",2025-08-14_220927
GradientBoosting,S1_vs_S2_P2,123,True,4,1.0,0.7448979591836735,experiment_results_statistical_IL_top_10_video_2025-08-14_220927_early_stop/gradientboosting_S1_vs_S2_P2_2025-08-14_220927_seed123_early_stop.pkl,"{'ccp_alpha': 0.0, 'criterion': 'friedman_mse', 'init': None, 'learning_rate': 0.1, 'loss': 'log_loss', 'max_depth': 3, 'max_features': None, 'max_leaf_nodes': None, 'min_impurity_decrease': 0.0, 'min_samples_leaf': 1, 'min_samples_split': 2, 'min_weight_fraction_leaf': 0.0, 'n_estimators': 100, 'n_iter_no_change': None, 'random_state': 123, 'subsample': 1.0, 'tol': 0.0001, 'validation_fraction': 0.1, 'verbose': 0, 'warm_start': False}",2025-08-14_220927
GradientBoosting,S1_vs_S2_P2,123,True,5,1.0,0.7551020408163265,experiment_results_statistical_IL_top_10_video_2025-08-14_220927_early_stop/gradientboosting_S1_vs_S2_P2_2025-08-14_220927_seed123_early_stop.pkl,"{'ccp_alpha': 0.0, 'criterion': 'friedman_mse', 'init': None, 'learning_rate': 0.1, 'loss': 'log_loss', 'max_depth': 3, 'max_features': None, 'max_leaf_nodes': None, 'min_impurity_decrease': 0.0, 'min_samples_leaf': 1, 'min_samples_split': 2, 'min_weight_fraction_leaf': 0.0, 'n_estimators': 100, 'n_iter_no_change': None, 'random_state': 123, 'subsample': 1.0, 'tol': 0.0001, 'validation_fraction': 0.1, 'verbose': 0, 'warm_start': False}",2025-08-14_220927
KNN,S1_vs_S2_P2,123,True,1,0.34375,0.2653061224489796,experiment_results_statistical_IL_top_10_video_2025-08-14_220927_early_stop/knn_S1_vs_S2_P2_2025-08-14_220927_seed123_early_stop.pkl,"{'algorithm': 'auto', 'leaf_size': 30, 'metric': 'minkowski', 'metric_params': None, 'n_jobs': -1, 'n_neighbors': 5, 'p': 2, 'weights': 'uniform'}",2025-08-14_220927
KNN,S1_vs_S2_P2,123,True,2,0.65625,0.5306122448979592,experiment_results_statistical_IL_top_10_video_2025-08-14_220927_early_stop/knn_S1_vs_S2_P2_2025-08-14_220927_seed123_early_stop.pkl,"{'algorithm': 'auto', 'leaf_size': 30, 'metric': 'minkowski', 'metric_params': None, 'n_jobs': -1, 'n_neighbors': 5, 'p': 2, 'weights': 'uniform'}",2025-08-14_220927
KNN,S1_vs_S2_P2,123,True,3,0.96875,0.7040816326530612,experiment_results_statistical_IL_top_10_video_2025-08-14_220927_early_stop/knn_S1_vs_S2_P2_2025-08-14_220927_seed123_early_stop.pkl,"{'algorithm': 'auto', 'leaf_size': 30, 'metric': 'minkowski', 'metric_params': None, 'n_jobs': -1, 'n_neighbors': 5, 'p': 2, 'weights': 'uniform'}",2025-08-14_220927
KNN,S1_vs_S2_P2,123,True,4,1.0,0.7653061224489796,experiment_results_statistical_IL_top_10_video_2025-08-14_220927_early_stop/knn_S1_vs_S2_P2_2025-08-14_220927_seed123_early_stop.pkl,"{'algorithm': 'auto', 'leaf_size': 30, 'metric': 'minkowski', 'metric_params': None, 'n_jobs': -1, 'n_neighbors': 5, 'p': 2, 'weights': 'uniform'}",2025-08-14_220927
KNN,S1_vs_S2_P2,123,True,5,1.0,0.7959183673469388,experiment_results_statistical_IL_top_10_video_2025-08-14_220927_early_stop/knn_S1_vs_S2_P2_2025-08-14_220927_seed123_early_stop.pkl,"{'algorithm': 'auto', 'leaf_size': 30, 'metric': 'minkowski', 'metric_params': None, 'n_jobs': -1, 'n_neighbors': 5, 'p': 2, 'weights': 'uniform'}",2025-08-14_220927
LogisticRegression,S1_vs_S2_P2,123,True,1,0.4375,0.24489795918367346,experiment_results_statistical_IL_top_10_video_2025-08-14_220927_early_stop/logisticregression_S1_vs_S2_P2_2025-08-14_220927_seed123_early_stop.pkl,"{'C': 1.0, 'class_weight': None, 'dual': False, 'fit_intercept': True, 'intercept_scaling': 1, 'l1_ratio': None, 'max_iter': 100, 'multi_class': 'deprecated', 'n_jobs': -1, 'penalty': 'l2', 'random_state': 123, 'solver': 'lbfgs', 'tol': 0.0001, 'verbose': 0, 'warm_start': False}",2025-08-14_220927
LogisticRegression,S1_vs_S2_P2,123,True,2,0.6875,0.45918367346938777,experiment_results_statistical_IL_top_10_video_2025-08-14_220927_early_stop/logisticregression_S1_vs_S2_P2_2025-08-14_220927_seed123_early_stop.pkl,"{'C': 1.0, 'class_weight': None, 'dual': False, 'fit_intercept': True, 'intercept_scaling': 1, 'l1_ratio': None, 'max_iter': 100, 'multi_class': 'deprecated', 'n_jobs': -1, 'penalty': 'l2', 'random_state': 123, 'solver': 'lbfgs', 'tol': 0.0001, 'verbose': 0, 'warm_start': False}",2025-08-14_220927
LogisticRegression,S1_vs_S2_P2,123,True,3,0.8125,0.6020408163265306,experiment_results_statistical_IL_top_10_video_2025-08-14_220927_early_stop/logisticregression_S1_vs_S2_P2_2025-08-14_220927_seed123_early_stop.pkl,"{'C': 1.0, 'class_weight': None, 'dual': False, 'fit_intercept': True, 'intercept_scaling': 1, 'l1_ratio': None, 'max_iter': 100, 'multi_class': 'deprecated', 'n_jobs': -1, 'penalty': 'l2', 'random_state': 123, 'solver': 'lbfgs', 'tol': 0.0001, 'verbose': 0, 'warm_start': False}",2025-08-14_220927
LogisticRegression,S1_vs_S2_P2,123,True,4,0.90625,0.7448979591836735,experiment_results_statistical_IL_top_10_video_2025-08-14_220927_early_stop/logisticregression_S1_vs_S2_P2_2025-08-14_220927_seed123_early_stop.pkl,"{'C': 1.0, 'class_weight': None, 'dual': False, 'fit_intercept': True, 'intercept_scaling': 1, 'l1_ratio': None, 'max_iter': 100, 'multi_class': 'deprecated', 'n_jobs': -1, 'penalty': 'l2', 'random_state': 123, 'solver': 'lbfgs', 'tol': 0.0001, 'verbose': 0, 'warm_start': False}",2025-08-14_220927
LogisticRegression,S1_vs_S2_P2,123,True,5,0.9375,0.7959183673469388,experiment_results_statistical_IL_top_10_video_2025-08-14_220927_early_stop/logisticregression_S1_vs_S2_P2_2025-08-14_220927_seed123_early_stop.pkl,"{'C': 1.0, 'class_weight': None, 'dual': False, 'fit_intercept': True, 'intercept_scaling': 1, 'l1_ratio': None, 'max_iter': 100, 'multi_class': 'deprecated', 'n_jobs': -1, 'penalty': 'l2', 'random_state': 123, 'solver': 'lbfgs', 'tol': 0.0001, 'verbose': 0, 'warm_start': False}",2025-08-14_220927
RandomForest,S1_vs_S2_P2,456,True,1,0.84375,0.5816326530612245,experiment_results_statistical_IL_top_10_video_2025-08-14_220927_early_stop/randomforest_S1_vs_S2_P2_2025-08-14_220927_seed456_early_stop.pkl,"{'bootstrap': True, 'max_depth': 10, 'max_features': 'sqrt', 'min_samples_leaf': 1, 'min_samples_split': 2, 'n_estimators': 100}",2025-08-14_220927
RandomForest,S1_vs_S2_P2,456,True,2,0.9375,0.8469387755102041,experiment_results_statistical_IL_top_10_video_2025-08-14_220927_early_stop/randomforest_S1_vs_S2_P2_2025-08-14_220927_seed456_early_stop.pkl,"{'bootstrap': True, 'max_depth': 10, 'max_features': 'sqrt', 'min_samples_leaf': 1, 'min_samples_split': 2, 'n_estimators': 100}",2025-08-14_220927
RandomForest,S1_vs_S2_P2,456,True,3,1.0,0.9897959183673469,experiment_results_statistical_IL_top_10_video_2025-08-14_220927_early_stop/randomforest_S1_vs_S2_P2_2025-08-14_220927_seed456_early_stop.pkl,"{'bootstrap': True, 'max_depth': 10, 'max_features': 'sqrt', 'min_samples_leaf': 1, 'min_samples_split': 2, 'n_estimators': 100}",2025-08-14_220927
RandomForest,S1_vs_S2_P2,456,True,4,1.0,1.0,experiment_results_statistical_IL_top_10_video_2025-08-14_220927_early_stop/randomforest_S1_vs_S2_P2_2025-08-14_220927_seed456_early_stop.pkl,"{'bootstrap': True, 'max_depth': 10, 'max_features': 'sqrt', 'min_samples_leaf': 1, 'min_samples_split': 2, 'n_estimators': 100}",2025-08-14_220927
RandomForest,S1_vs_S2_P2,456,True,5,1.0,1.0,experiment_results_statistical_IL_top_10_video_2025-08-14_220927_early_stop/randomforest_S1_vs_S2_P2_2025-08-14_220927_seed456_early_stop.pkl,"{'bootstrap': True, 'max_depth': 10, 'max_features': 'sqrt', 'min_samples_leaf': 1, 'min_samples_split': 2, 'n_estimators': 100}",2025-08-14_220927
XGBoost,S1_vs_S2_P2,456,True,1,0.84375,0.5510204081632653,experiment_results_statistical_IL_top_10_video_2025-08-14_220927_early_stop/xgboost_S1_vs_S2_P2_2025-08-14_220927_seed456_early_stop.pkl,"{'colsample_bytree': 0.8, 'device': 'cpu', 'learning_rate': 0.05, 'max_depth': 4, 'n_estimators': 1000, 'reg_lambda': 1, 'subsample': 1.0}",2025-08-14_220927
XGBoost,S1_vs_S2_P2,456,True,2,0.9375,0.7959183673469388,experiment_results_statistical_IL_top_10_video_2025-08-14_220927_early_stop/xgboost_S1_vs_S2_P2_2025-08-14_220927_seed456_early_stop.pkl,"{'colsample_bytree': 0.8, 'device': 'cpu', 'learning_rate': 0.05, 'max_depth': 4, 'n_estimators': 1000, 'reg_lambda': 1, 'subsample': 1.0}",2025-08-14_220927
XGBoost,S1_vs_S2_P2,456,True,3,1.0,0.9183673469387755,experiment_results_statistical_IL_top_10_video_2025-08-14_220927_early_stop/xgboost_S1_vs_S2_P2_2025-08-14_220927_seed456_early_stop.pkl,"{'colsample_bytree': 0.8, 'device': 'cpu', 'learning_rate': 0.05, 'max_depth': 4, 'n_estimators': 1000, 'reg_lambda': 1, 'subsample': 1.0}",2025-08-14_220927
XGBoost,S1_vs_S2_P2,456,True,4,1.0,0.9387755102040817,experiment_results_statistical_IL_top_10_video_2025-08-14_220927_early_stop/xgboost_S1_vs_S2_P2_2025-08-14_220927_seed456_early_stop.pkl,"{'colsample_bytree': 0.8, 'device': 'cpu', 'learning_rate': 0.05, 'max_depth': 4, 'n_estimators': 1000, 'reg_lambda': 1, 'subsample': 1.0}",2025-08-14_220927
XGBoost,S1_vs_S2_P2,456,True,5,1.0,0.9489795918367347,experiment_results_statistical_IL_top_10_video_2025-08-14_220927_early_stop/xgboost_S1_vs_S2_P2_2025-08-14_220927_seed456_early_stop.pkl,"{'colsample_bytree': 0.8, 'device': 'cpu', 'learning_rate': 0.05, 'max_depth': 4, 'n_estimators': 1000, 'reg_lambda': 1, 'subsample': 1.0}",2025-08-14_220927
CatBoost,S1_vs_S2_P2,456,True,1,0.84375,0.6122448979591837,experiment_results_statistical_IL_top_10_video_2025-08-14_220927_early_stop/catboost_S1_vs_S2_P2_2025-08-14_220927_seed456_early_stop.pkl,"{'border_count': 32, 'depth': 6, 'iterations': 1000, 'l2_leaf_reg': 5, 'learning_rate': 0.05}",2025-08-14_220927
CatBoost,S1_vs_S2_P2,456,True,2,0.9375,0.8469387755102041,experiment_results_statistical_IL_top_10_video_2025-08-14_220927_early_stop/catboost_S1_vs_S2_P2_2025-08-14_220927_seed456_early_stop.pkl,"{'border_count': 32, 'depth': 6, 'iterations': 1000, 'l2_leaf_reg': 5, 'learning_rate': 0.05}",2025-08-14_220927
CatBoost,S1_vs_S2_P2,456,True,3,1.0,0.9795918367346939,experiment_results_statistical_IL_top_10_video_2025-08-14_220927_early_stop/catboost_S1_vs_S2_P2_2025-08-14_220927_seed456_early_stop.pkl,"{'border_count': 32, 'depth': 6, 'iterations': 1000, 'l2_leaf_reg': 5, 'learning_rate': 0.05}",2025-08-14_220927
CatBoost,S1_vs_S2_P2,456,True,4,1.0,0.9795918367346939,experiment_results_statistical_IL_top_10_video_2025-08-14_220927_early_stop/catboost_S1_vs_S2_P2_2025-08-14_220927_seed456_early_stop.pkl,"{'border_count': 32, 'depth': 6, 'iterations': 1000, 'l2_leaf_reg': 5, 'learning_rate': 0.05}",2025-08-14_220927
CatBoost,S1_vs_S2_P2,456,True,5,1.0,0.9897959183673469,experiment_results_statistical_IL_top_10_video_2025-08-14_220927_early_stop/catboost_S1_vs_S2_P2_2025-08-14_220927_seed456_early_stop.pkl,"{'border_count': 32, 'depth': 6, 'iterations': 1000, 'l2_leaf_reg': 5, 'learning_rate': 0.05}",2025-08-14_220927
SVM,S1_vs_S2_P2,456,True,1,0.21875,0.21428571428571427,experiment_results_statistical_IL_top_10_video_2025-08-14_220927_early_stop/svm_S1_vs_S2_P2_2025-08-14_220927_seed456_early_stop.pkl,"{'C': 10, 'decision_function_shape': 'ovo', 'gamma': 'scale', 'kernel': 'rbf'}",2025-08-14_220927
SVM,S1_vs_S2_P2,456,True,2,0.375,0.46938775510204084,experiment_results_statistical_IL_top_10_video_2025-08-14_220927_early_stop/svm_S1_vs_S2_P2_2025-08-14_220927_seed456_early_stop.pkl,"{'C': 10, 'decision_function_shape': 'ovo', 'gamma': 'scale', 'kernel': 'rbf'}",2025-08-14_220927
SVM,S1_vs_S2_P2,456,True,3,0.53125,0.6938775510204082,experiment_results_statistical_IL_top_10_video_2025-08-14_220927_early_stop/svm_S1_vs_S2_P2_2025-08-14_220927_seed456_early_stop.pkl,"{'C': 10, 'decision_function_shape': 'ovo', 'gamma': 'scale', 'kernel': 'rbf'}",2025-08-14_220927
SVM,S1_vs_S2_P2,456,True,4,0.6875,0.8673469387755102,experiment_results_statistical_IL_top_10_video_2025-08-14_220927_early_stop/svm_S1_vs_S2_P2_2025-08-14_220927_seed456_early_stop.pkl,"{'C': 10, 'decision_function_shape': 'ovo', 'gamma': 'scale', 'kernel': 'rbf'}",2025-08-14_220927
SVM,S1_vs_S2_P2,456,True,5,0.8125,0.9183673469387755,experiment_results_statistical_IL_top_10_video_2025-08-14_220927_early_stop/svm_S1_vs_S2_P2_2025-08-14_220927_seed456_early_stop.pkl,"{'C': 10, 'decision_function_shape': 'ovo', 'gamma': 'scale', 'kernel': 'rbf'}",2025-08-14_220927
MLP,S1_vs_S2_P2,456,True,1,0.09375,0.09183673469387756,experiment_results_statistical_IL_top_10_video_2025-08-14_220927_early_stop/mlp_S1_vs_S2_P2_2025-08-14_220927_seed456_early_stop.pkl,"{'activation': 'relu', 'alpha': 0.0001, 'batch_size': 36, 'early_stopping': True, 'hidden_layer_sizes': [50], 'learning_rate': 'constant', 'learning_rate_init': 0.001, 'max_iter': 2000, 'solver': 'adam'}",2025-08-14_220927
MLP,S1_vs_S2_P2,456,True,2,0.15625,0.1836734693877551,experiment_results_statistical_IL_top_10_video_2025-08-14_220927_early_stop/mlp_S1_vs_S2_P2_2025-08-14_220927_seed456_early_stop.pkl,"{'activation': 'relu', 'alpha': 0.0001, 'batch_size': 36, 'early_stopping': True, 'hidden_layer_sizes': [50], 'learning_rate': 'constant', 'learning_rate_init': 0.001, 'max_iter': 2000, 'solver': 'adam'}",2025-08-14_220927
MLP,S1_vs_S2_P2,456,True,3,0.25,0.2755102040816326,experiment_results_statistical_IL_top_10_video_2025-08-14_220927_early_stop/mlp_S1_vs_S2_P2_2025-08-14_220927_seed456_early_stop.pkl,"{'activation': 'relu', 'alpha': 0.0001, 'batch_size': 36, 'early_stopping': True, 'hidden_layer_sizes': [50], 'learning_rate': 'constant', 'learning_rate_init': 0.001, 'max_iter': 2000, 'solver': 'adam'}",2025-08-14_220927
MLP,S1_vs_S2_P2,456,True,4,0.34375,0.3673469387755102,experiment_results_statistical_IL_top_10_video_2025-08-14_220927_early_stop/mlp_S1_vs_S2_P2_2025-08-14_220927_seed456_early_stop.pkl,"{'activation': 'relu', 'alpha': 0.0001, 'batch_size': 36, 'early_stopping': True, 'hidden_layer_sizes': [50], 'learning_rate': 'constant', 'learning_rate_init': 0.001, 'max_iter': 2000, 'solver': 'adam'}",2025-08-14_220927
MLP,S1_vs_S2_P2,456,True,5,0.4375,0.45918367346938777,experiment_results_statistical_IL_top_10_video_2025-08-14_220927_early_stop/mlp_S1_vs_S2_P2_2025-08-14_220927_seed456_early_stop.pkl,"{'activation': 'relu', 'alpha': 0.0001, 'batch_size': 36, 'early_stopping': True, 'hidden_layer_sizes': [50], 'learning_rate': 'constant', 'learning_rate_init': 0.001, 'max_iter': 2000, 'solver': 'adam'}",2025-08-14_220927
NaiveBayes,S1_vs_S2_P2,456,True,1,0.84375,0.3673469387755102,experiment_results_statistical_IL_top_10_video_2025-08-14_220927_early_stop/naivebayes_S1_vs_S2_P2_2025-08-14_220927_seed456_early_stop.pkl,"{'priors': None, 'var_smoothing': 1e-09}",2025-08-14_220927
NaiveBayes,S1_vs_S2_P2,456,True,2,0.9375,0.5816326530612245,experiment_results_statistical_IL_top_10_video_2025-08-14_220927_early_stop/naivebayes_S1_vs_S2_P2_2025-08-14_220927_seed456_early_stop.pkl,"{'priors': None, 'var_smoothing': 1e-09}",2025-08-14_220927
NaiveBayes,S1_vs_S2_P2,456,True,3,1.0,0.8469387755102041,experiment_results_statistical_IL_top_10_video_2025-08-14_220927_early_stop/naivebayes_S1_vs_S2_P2_2025-08-14_220927_seed456_early_stop.pkl,"{'priors': None, 'var_smoothing': 1e-09}",2025-08-14_220927
NaiveBayes,S1_vs_S2_P2,456,True,4,1.0,0.8979591836734694,experiment_results_statistical_IL_top_10_video_2025-08-14_220927_early_stop/naivebayes_S1_vs_S2_P2_2025-08-14_220927_seed456_early_stop.pkl,"{'priors': None, 'var_smoothing': 1e-09}",2025-08-14_220927
NaiveBayes,S1_vs_S2_P2,456,True,5,1.0,0.9081632653061225,experiment_results_statistical_IL_top_10_video_2025-08-14_220927_early_stop/naivebayes_S1_vs_S2_P2_2025-08-14_220927_seed456_early_stop.pkl,"{'priors': None, 'var_smoothing': 1e-09}",2025-08-14_220927
LightGBM,S1_vs_S2_P2,456,True,1,0.09375,0.08163265306122448,experiment_results_statistical_IL_top_10_video_2025-08-14_220927_early_stop/lightgbm_S1_vs_S2_P2_2025-08-14_220927_seed456_early_stop.pkl,"{'boosting_type': 'gbdt', 'class_weight': None, 'colsample_bytree': 1.0, 'importance_type': 'split', 'learning_rate': 0.1, 'max_depth': -1, 'min_child_samples': 20, 'min_child_weight': 0.001, 'min_split_gain': 0.0, 'n_estimators': 100, 'n_jobs': -1, 'num_leaves': 31, 'objective': None, 'random_state': 456, 'reg_alpha': 0.0, 'reg_lambda': 0.0, 'subsample': 1.0, 'subsample_for_bin': 200000, 'subsample_freq': 0, 'verbose': -1}",2025-08-14_220927
LightGBM,S1_vs_S2_P2,456,True,2,0.1875,0.17346938775510204,experiment_results_statistical_IL_top_10_video_2025-08-14_220927_early_stop/lightgbm_S1_vs_S2_P2_2025-08-14_220927_seed456_early_stop.pkl,"{'boosting_type': 'gbdt', 'class_weight': None, 'colsample_bytree': 1.0, 'importance_type': 'split', 'learning_rate': 0.1, 'max_depth': -1, 'min_child_samples': 20, 'min_child_weight': 0.001, 'min_split_gain': 0.0, 'n_estimators': 100, 'n_jobs': -1, 'num_leaves': 31, 'objective': None, 'random_state': 456, 'reg_alpha': 0.0, 'reg_lambda': 0.0, 'subsample': 1.0, 'subsample_for_bin': 200000, 'subsample_freq': 0, 'verbose': -1}",2025-08-14_220927
LightGBM,S1_vs_S2_P2,456,True,3,0.28125,0.2653061224489796,experiment_results_statistical_IL_top_10_video_2025-08-14_220927_early_stop/lightgbm_S1_vs_S2_P2_2025-08-14_220927_seed456_early_stop.pkl,"{'boosting_type': 'gbdt', 'class_weight': None, 'colsample_bytree': 1.0, 'importance_type': 'split', 'learning_rate': 0.1, 'max_depth': -1, 'min_child_samples': 20, 'min_child_weight': 0.001, 'min_split_gain': 0.0, 'n_estimators': 100, 'n_jobs': -1, 'num_leaves': 31, 'objective': None, 'random_state': 456, 'reg_alpha': 0.0, 'reg_lambda': 0.0, 'subsample': 1.0, 'subsample_for_bin': 200000, 'subsample_freq': 0, 'verbose': -1}",2025-08-14_220927
LightGBM,S1_vs_S2_P2,456,True,4,0.375,0.35714285714285715,experiment_results_statistical_IL_top_10_video_2025-08-14_220927_early_stop/lightgbm_S1_vs_S2_P2_2025-08-14_220927_seed456_early_stop.pkl,"{'boosting_type': 'gbdt', 'class_weight': None, 'colsample_bytree': 1.0, 'importance_type': 'split', 'learning_rate': 0.1, 'max_depth': -1, 'min_child_samples': 20, 'min_child_weight': 0.001, 'min_split_gain': 0.0, 'n_estimators': 100, 'n_jobs': -1, 'num_leaves': 31, 'objective': None, 'random_state': 456, 'reg_alpha': 0.0, 'reg_lambda': 0.0, 'subsample': 1.0, 'subsample_for_bin': 200000, 'subsample_freq': 0, 'verbose': -1}",2025-08-14_220927
LightGBM,S1_vs_S2_P2,456,True,5,0.46875,0.4489795918367347,experiment_results_statistical_IL_top_10_video_2025-08-14_220927_early_stop/lightgbm_S1_vs_S2_P2_2025-08-14_220927_seed456_early_stop.pkl,"{'boosting_type': 'gbdt', 'class_weight': None, 'colsample_bytree': 1.0, 'importance_type': 'split', 'learning_rate': 0.1, 'max_depth': -1, 'min_child_samples': 20, 'min_child_weight': 0.001, 'min_split_gain': 0.0, 'n_estimators': 100, 'n_jobs': -1, 'num_leaves': 31, 'objective': None, 'random_state': 456, 'reg_alpha': 0.0, 'reg_lambda': 0.0, 'subsample': 1.0, 'subsample_for_bin': 200000, 'subsample_freq': 0, 'verbose': -1}",2025-08-14_220927
ExtraTrees,S1_vs_S2_P2,456,True,1,0.84375,0.5612244897959183,experiment_results_statistical_IL_top_10_video_2025-08-14_220927_early_stop/extratrees_S1_vs_S2_P2_2025-08-14_220927_seed456_early_stop.pkl,"{'bootstrap': False, 'ccp_alpha': 0.0, 'class_weight': None, 'criterion': 'gini', 'max_depth': None, 'max_features': 'sqrt', 'max_leaf_nodes': None, 'max_samples': None, 'min_impurity_decrease': 0.0, 'min_samples_leaf': 1, 'min_samples_split': 2, 'min_weight_fraction_leaf': 0.0, 'monotonic_cst': None, 'n_estimators': 100, 'n_jobs': -1, 'oob_score': False, 'random_state': 456, 'verbose': 0, 'warm_start': False}",2025-08-14_220927
ExtraTrees,S1_vs_S2_P2,456,True,2,0.9375,0.8469387755102041,experiment_results_statistical_IL_top_10_video_2025-08-14_220927_early_stop/extratrees_S1_vs_S2_P2_2025-08-14_220927_seed456_early_stop.pkl,"{'bootstrap': False, 'ccp_alpha': 0.0, 'class_weight': None, 'criterion': 'gini', 'max_depth': None, 'max_features': 'sqrt', 'max_leaf_nodes': None, 'max_samples': None, 'min_impurity_decrease': 0.0, 'min_samples_leaf': 1, 'min_samples_split': 2, 'min_weight_fraction_leaf': 0.0, 'monotonic_cst': None, 'n_estimators': 100, 'n_jobs': -1, 'oob_score': False, 'random_state': 456, 'verbose': 0, 'warm_start': False}",2025-08-14_220927
ExtraTrees,S1_vs_S2_P2,456,True,3,1.0,0.9591836734693877,experiment_results_statistical_IL_top_10_video_2025-08-14_220927_early_stop/extratrees_S1_vs_S2_P2_2025-08-14_220927_seed456_early_stop.pkl,"{'bootstrap': False, 'ccp_alpha': 0.0, 'class_weight': None, 'criterion': 'gini', 'max_depth': None, 'max_features': 'sqrt', 'max_leaf_nodes': None, 'max_samples': None, 'min_impurity_decrease': 0.0, 'min_samples_leaf': 1, 'min_samples_split': 2, 'min_weight_fraction_leaf': 0.0, 'monotonic_cst': None, 'n_estimators': 100, 'n_jobs': -1, 'oob_score': False, 'random_state': 456, 'verbose': 0, 'warm_start': False}",2025-08-14_220927
ExtraTrees,S1_vs_S2_P2,456,True,4,1.0,0.9795918367346939,experiment_results_statistical_IL_top_10_video_2025-08-14_220927_early_stop/extratrees_S1_vs_S2_P2_2025-08-14_220927_seed456_early_stop.pkl,"{'bootstrap': False, 'ccp_alpha': 0.0, 'class_weight': None, 'criterion': 'gini', 'max_depth': None, 'max_features': 'sqrt', 'max_leaf_nodes': None, 'max_samples': None, 'min_impurity_decrease': 0.0, 'min_samples_leaf': 1, 'min_samples_split': 2, 'min_weight_fraction_leaf': 0.0, 'monotonic_cst': None, 'n_estimators': 100, 'n_jobs': -1, 'oob_score': False, 'random_state': 456, 'verbose': 0, 'warm_start': False}",2025-08-14_220927
ExtraTrees,S1_vs_S2_P2,456,True,5,1.0,0.9897959183673469,experiment_results_statistical_IL_top_10_video_2025-08-14_220927_early_stop/extratrees_S1_vs_S2_P2_2025-08-14_220927_seed456_early_stop.pkl,"{'bootstrap': False, 'ccp_alpha': 0.0, 'class_weight': None, 'criterion': 'gini', 'max_depth': None, 'max_features': 'sqrt', 'max_leaf_nodes': None, 'max_samples': None, 'min_impurity_decrease': 0.0, 'min_samples_leaf': 1, 'min_samples_split': 2, 'min_weight_fraction_leaf': 0.0, 'monotonic_cst': None, 'n_estimators': 100, 'n_jobs': -1, 'oob_score': False, 'random_state': 456, 'verbose': 0, 'warm_start': False}",2025-08-14_220927
GradientBoosting,S1_vs_S2_P2,456,True,1,0.84375,0.30612244897959184,experiment_results_statistical_IL_top_10_video_2025-08-14_220927_early_stop/gradientboosting_S1_vs_S2_P2_2025-08-14_220927_seed456_early_stop.pkl,"{'ccp_alpha': 0.0, 'criterion': 'friedman_mse', 'init': None, 'learning_rate': 0.1, 'loss': 'log_loss', 'max_depth': 3, 'max_features': None, 'max_leaf_nodes': None, 'min_impurity_decrease': 0.0, 'min_samples_leaf': 1, 'min_samples_split': 2, 'min_weight_fraction_leaf': 0.0, 'n_estimators': 100, 'n_iter_no_change': None, 'random_state': 456, 'subsample': 1.0, 'tol': 0.0001, 'validation_fraction': 0.1, 'verbose': 0, 'warm_start': False}",2025-08-14_220927
GradientBoosting,S1_vs_S2_P2,456,True,2,0.9375,0.5204081632653061,experiment_results_statistical_IL_top_10_video_2025-08-14_220927_early_stop/gradientboosting_S1_vs_S2_P2_2025-08-14_220927_seed456_early_stop.pkl,"{'ccp_alpha': 0.0, 'criterion': 'friedman_mse', 'init': None, 'learning_rate': 0.1, 'loss': 'log_loss', 'max_depth': 3, 'max_features': None, 'max_leaf_nodes': None, 'min_impurity_decrease': 0.0, 'min_samples_leaf': 1, 'min_samples_split': 2, 'min_weight_fraction_leaf': 0.0, 'n_estimators': 100, 'n_iter_no_change': None, 'random_state': 456, 'subsample': 1.0, 'tol': 0.0001, 'validation_fraction': 0.1, 'verbose': 0, 'warm_start': False}",2025-08-14_220927
GradientBoosting,S1_vs_S2_P2,456,True,3,1.0,0.7040816326530612,experiment_results_statistical_IL_top_10_video_2025-08-14_220927_early_stop/gradientboosting_S1_vs_S2_P2_2025-08-14_220927_seed456_early_stop.pkl,"{'ccp_alpha': 0.0, 'criterion': 'friedman_mse', 'init': None, 'learning_rate': 0.1, 'loss': 'log_loss', 'max_depth': 3, 'max_features': None, 'max_leaf_nodes': None, 'min_impurity_decrease': 0.0, 'min_samples_leaf': 1, 'min_samples_split': 2, 'min_weight_fraction_leaf': 0.0, 'n_estimators': 100, 'n_iter_no_change': None, 'random_state': 456, 'subsample': 1.0, 'tol': 0.0001, 'validation_fraction': 0.1, 'verbose': 0, 'warm_start': False}",2025-08-14_220927
GradientBoosting,S1_vs_S2_P2,456,True,4,1.0,0.7551020408163265,experiment_results_statistical_IL_top_10_video_2025-08-14_220927_early_stop/gradientboosting_S1_vs_S2_P2_2025-08-14_220927_seed456_early_stop.pkl,"{'ccp_alpha': 0.0, 'criterion': 'friedman_mse', 'init': None, 'learning_rate': 0.1, 'loss': 'log_loss', 'max_depth': 3, 'max_features': None, 'max_leaf_nodes': None, 'min_impurity_decrease': 0.0, 'min_samples_leaf': 1, 'min_samples_split': 2, 'min_weight_fraction_leaf': 0.0, 'n_estimators': 100, 'n_iter_no_change': None, 'random_state': 456, 'subsample': 1.0, 'tol': 0.0001, 'validation_fraction': 0.1, 'verbose': 0, 'warm_start': False}",2025-08-14_220927
GradientBoosting,S1_vs_S2_P2,456,True,5,1.0,0.7653061224489796,experiment_results_statistical_IL_top_10_video_2025-08-14_220927_early_stop/gradientboosting_S1_vs_S2_P2_2025-08-14_220927_seed456_early_stop.pkl,"{'ccp_alpha': 0.0, 'criterion': 'friedman_mse', 'init': None, 'learning_rate': 0.1, 'loss': 'log_loss', 'max_depth': 3, 'max_features': None, 'max_leaf_nodes': None, 'min_impurity_decrease': 0.0, 'min_samples_leaf': 1, 'min_samples_split': 2, 'min_weight_fraction_leaf': 0.0, 'n_estimators': 100, 'n_iter_no_change': None, 'random_state': 456, 'subsample': 1.0, 'tol': 0.0001, 'validation_fraction': 0.1, 'verbose': 0, 'warm_start': False}",2025-08-14_220927
KNN,S1_vs_S2_P2,456,True,1,0.34375,0.2653061224489796,experiment_results_statistical_IL_top_10_video_2025-08-14_220927_early_stop/knn_S1_vs_S2_P2_2025-08-14_220927_seed456_early_stop.pkl,"{'algorithm': 'auto', 'leaf_size': 30, 'metric': 'minkowski', 'metric_params': None, 'n_jobs': -1, 'n_neighbors': 5, 'p': 2, 'weights': 'uniform'}",2025-08-14_220927
KNN,S1_vs_S2_P2,456,True,2,0.65625,0.5306122448979592,experiment_results_statistical_IL_top_10_video_2025-08-14_220927_early_stop/knn_S1_vs_S2_P2_2025-08-14_220927_seed456_early_stop.pkl,"{'algorithm': 'auto', 'leaf_size': 30, 'metric': 'minkowski', 'metric_params': None, 'n_jobs': -1, 'n_neighbors': 5, 'p': 2, 'weights': 'uniform'}",2025-08-14_220927
KNN,S1_vs_S2_P2,456,True,3,0.96875,0.7040816326530612,experiment_results_statistical_IL_top_10_video_2025-08-14_220927_early_stop/knn_S1_vs_S2_P2_2025-08-14_220927_seed456_early_stop.pkl,"{'algorithm': 'auto', 'leaf_size': 30, 'metric': 'minkowski', 'metric_params': None, 'n_jobs': -1, 'n_neighbors': 5, 'p': 2, 'weights': 'uniform'}",2025-08-14_220927
KNN,S1_vs_S2_P2,456,True,4,1.0,0.7653061224489796,experiment_results_statistical_IL_top_10_video_2025-08-14_220927_early_stop/knn_S1_vs_S2_P2_2025-08-14_220927_seed456_early_stop.pkl,"{'algorithm': 'auto', 'leaf_size': 30, 'metric': 'minkowski', 'metric_params': None, 'n_jobs': -1, 'n_neighbors': 5, 'p': 2, 'weights': 'uniform'}",2025-08-14_220927
KNN,S1_vs_S2_P2,456,True,5,1.0,0.7959183673469388,experiment_results_statistical_IL_top_10_video_2025-08-14_220927_early_stop/knn_S1_vs_S2_P2_2025-08-14_220927_seed456_early_stop.pkl,"{'algorithm': 'auto', 'leaf_size': 30, 'metric': 'minkowski', 'metric_params': None, 'n_jobs': -1, 'n_neighbors': 5, 'p': 2, 'weights': 'uniform'}",2025-08-14_220927
LogisticRegression,S1_vs_S2_P2,456,True,1,0.4375,0.24489795918367346,experiment_results_statistical_IL_top_10_video_2025-08-14_220927_early_stop/logisticregression_S1_vs_S2_P2_2025-08-14_220927_seed456_early_stop.pkl,"{'C': 1.0, 'class_weight': None, 'dual': False, 'fit_intercept': True, 'intercept_scaling': 1, 'l1_ratio': None, 'max_iter': 100, 'multi_class': 'deprecated', 'n_jobs': -1, 'penalty': 'l2', 'random_state': 456, 'solver': 'lbfgs', 'tol': 0.0001, 'verbose': 0, 'warm_start': False}",2025-08-14_220927
LogisticRegression,S1_vs_S2_P2,456,True,2,0.6875,0.45918367346938777,experiment_results_statistical_IL_top_10_video_2025-08-14_220927_early_stop/logisticregression_S1_vs_S2_P2_2025-08-14_220927_seed456_early_stop.pkl,"{'C': 1.0, 'class_weight': None, 'dual': False, 'fit_intercept': True, 'intercept_scaling': 1, 'l1_ratio': None, 'max_iter': 100, 'multi_class': 'deprecated', 'n_jobs': -1, 'penalty': 'l2', 'random_state': 456, 'solver': 'lbfgs', 'tol': 0.0001, 'verbose': 0, 'warm_start': False}",2025-08-14_220927
LogisticRegression,S1_vs_S2_P2,456,True,3,0.8125,0.6020408163265306,experiment_results_statistical_IL_top_10_video_2025-08-14_220927_early_stop/logisticregression_S1_vs_S2_P2_2025-08-14_220927_seed456_early_stop.pkl,"{'C': 1.0, 'class_weight': None, 'dual': False, 'fit_intercept': True, 'intercept_scaling': 1, 'l1_ratio': None, 'max_iter': 100, 'multi_class': 'deprecated', 'n_jobs': -1, 'penalty': 'l2', 'random_state': 456, 'solver': 'lbfgs', 'tol': 0.0001, 'verbose': 0, 'warm_start': False}",2025-08-14_220927
LogisticRegression,S1_vs_S2_P2,456,True,4,0.90625,0.7448979591836735,experiment_results_statistical_IL_top_10_video_2025-08-14_220927_early_stop/logisticregression_S1_vs_S2_P2_2025-08-14_220927_seed456_early_stop.pkl,"{'C': 1.0, 'class_weight': None, 'dual': False, 'fit_intercept': True, 'intercept_scaling': 1, 'l1_ratio': None, 'max_iter': 100, 'multi_class': 'deprecated', 'n_jobs': -1, 'penalty': 'l2', 'random_state': 456, 'solver': 'lbfgs', 'tol': 0.0001, 'verbose': 0, 'warm_start': False}",2025-08-14_220927
LogisticRegression,S1_vs_S2_P2,456,True,5,0.9375,0.7959183673469388,experiment_results_statistical_IL_top_10_video_2025-08-14_220927_early_stop/logisticregression_S1_vs_S2_P2_2025-08-14_220927_seed456_early_stop.pkl,"{'C': 1.0, 'class_weight': None, 'dual': False, 'fit_intercept': True, 'intercept_scaling': 1, 'l1_ratio': None, 'max_iter': 100, 'multi_class': 'deprecated', 'n_jobs': -1, 'penalty': 'l2', 'random_state': 456, 'solver': 'lbfgs', 'tol': 0.0001, 'verbose': 0, 'warm_start': False}",2025-08-14_220927
RandomForest,S1_vs_S2_P3,42,True,1,0.9,0.5306122448979592,experiment_results_statistical_IL_top_10_video_2025-08-14_220927_early_stop/randomforest_S1_vs_S2_P3_2025-08-14_220927_seed42_early_stop.pkl,"{'bootstrap': True, 'ccp_alpha': 0.0, 'class_weight': None, 'criterion': 'gini', 'max_depth': None, 'max_features': 'sqrt', 'max_leaf_nodes': None, 'max_samples': None, 'min_impurity_decrease': 0.0, 'min_samples_leaf': 1, 'min_samples_split': 2, 'min_weight_fraction_leaf': 0.0, 'monotonic_cst': None, 'n_estimators': 100, 'n_jobs': -1, 'oob_score': False, 'random_state': 42, 'verbose': 0, 'warm_start': False}",2025-08-14_220927
RandomForest,S1_vs_S2_P3,42,True,2,0.9666666666666667,0.7959183673469388,experiment_results_statistical_IL_top_10_video_2025-08-14_220927_early_stop/randomforest_S1_vs_S2_P3_2025-08-14_220927_seed42_early_stop.pkl,"{'bootstrap': True, 'ccp_alpha': 0.0, 'class_weight': None, 'criterion': 'gini', 'max_depth': None, 'max_features': 'sqrt', 'max_leaf_nodes': None, 'max_samples': None, 'min_impurity_decrease': 0.0, 'min_samples_leaf': 1, 'min_samples_split': 2, 'min_weight_fraction_leaf': 0.0, 'monotonic_cst': None, 'n_estimators': 100, 'n_jobs': -1, 'oob_score': False, 'random_state': 42, 'verbose': 0, 'warm_start': False}",2025-08-14_220927
RandomForest,S1_vs_S2_P3,42,True,3,1.0,0.9693877551020408,experiment_results_statistical_IL_top_10_video_2025-08-14_220927_early_stop/randomforest_S1_vs_S2_P3_2025-08-14_220927_seed42_early_stop.pkl,"{'bootstrap': True, 'ccp_alpha': 0.0, 'class_weight': None, 'criterion': 'gini', 'max_depth': None, 'max_features': 'sqrt', 'max_leaf_nodes': None, 'max_samples': None, 'min_impurity_decrease': 0.0, 'min_samples_leaf': 1, 'min_samples_split': 2, 'min_weight_fraction_leaf': 0.0, 'monotonic_cst': None, 'n_estimators': 100, 'n_jobs': -1, 'oob_score': False, 'random_state': 42, 'verbose': 0, 'warm_start': False}",2025-08-14_220927
RandomForest,S1_vs_S2_P3,42,True,4,1.0,0.9795918367346939,experiment_results_statistical_IL_top_10_video_2025-08-14_220927_early_stop/randomforest_S1_vs_S2_P3_2025-08-14_220927_seed42_early_stop.pkl,"{'bootstrap': True, 'ccp_alpha': 0.0, 'class_weight': None, 'criterion': 'gini', 'max_depth': None, 'max_features': 'sqrt', 'max_leaf_nodes': None, 'max_samples': None, 'min_impurity_decrease': 0.0, 'min_samples_leaf': 1, 'min_samples_split': 2, 'min_weight_fraction_leaf': 0.0, 'monotonic_cst': None, 'n_estimators': 100, 'n_jobs': -1, 'oob_score': False, 'random_state': 42, 'verbose': 0, 'warm_start': False}",2025-08-14_220927
RandomForest,S1_vs_S2_P3,42,True,5,1.0,0.9795918367346939,experiment_results_statistical_IL_top_10_video_2025-08-14_220927_early_stop/randomforest_S1_vs_S2_P3_2025-08-14_220927_seed42_early_stop.pkl,"{'bootstrap': True, 'ccp_alpha': 0.0, 'class_weight': None, 'criterion': 'gini', 'max_depth': None, 'max_features': 'sqrt', 'max_leaf_nodes': None, 'max_samples': None, 'min_impurity_decrease': 0.0, 'min_samples_leaf': 1, 'min_samples_split': 2, 'min_weight_fraction_leaf': 0.0, 'monotonic_cst': None, 'n_estimators': 100, 'n_jobs': -1, 'oob_score': False, 'random_state': 42, 'verbose': 0, 'warm_start': False}",2025-08-14_220927
SVM,S1_vs_S2_P3,42,True,1,0.1,0.15306122448979592,experiment_results_statistical_IL_top_10_video_2025-08-14_220927_early_stop/svm_S1_vs_S2_P3_2025-08-14_220927_seed42_early_stop.pkl,"{'C': 1.0, 'break_ties': False, 'cache_size': 200, 'class_weight': None, 'coef0': 0.0, 'decision_function_shape': 'ovr', 'degree': 3, 'gamma': 'scale', 'kernel': 'rbf', 'max_iter': -1, 'probability': True, 'random_state': 42, 'shrinking': True, 'tol': 0.001, 'verbose': False}",2025-08-14_220927
SVM,S1_vs_S2_P3,42,True,2,0.1,0.20408163265306123,experiment_results_statistical_IL_top_10_video_2025-08-14_220927_early_stop/svm_S1_vs_S2_P3_2025-08-14_220927_seed42_early_stop.pkl,"{'C': 1.0, 'break_ties': False, 'cache_size': 200, 'class_weight': None, 'coef0': 0.0, 'decision_function_shape': 'ovr', 'degree': 3, 'gamma': 'scale', 'kernel': 'rbf', 'max_iter': -1, 'probability': True, 'random_state': 42, 'shrinking': True, 'tol': 0.001, 'verbose': False}",2025-08-14_220927
SVM,S1_vs_S2_P3,42,True,3,0.1,0.21428571428571427,experiment_results_statistical_IL_top_10_video_2025-08-14_220927_early_stop/svm_S1_vs_S2_P3_2025-08-14_220927_seed42_early_stop.pkl,"{'C': 1.0, 'break_ties': False, 'cache_size': 200, 'class_weight': None, 'coef0': 0.0, 'decision_function_shape': 'ovr', 'degree': 3, 'gamma': 'scale', 'kernel': 'rbf', 'max_iter': -1, 'probability': True, 'random_state': 42, 'shrinking': True, 'tol': 0.001, 'verbose': False}",2025-08-14_220927
SVM,S1_vs_S2_P3,42,True,4,0.1,0.2653061224489796,experiment_results_statistical_IL_top_10_video_2025-08-14_220927_early_stop/svm_S1_vs_S2_P3_2025-08-14_220927_seed42_early_stop.pkl,"{'C': 1.0, 'break_ties': False, 'cache_size': 200, 'class_weight': None, 'coef0': 0.0, 'decision_function_shape': 'ovr', 'degree': 3, 'gamma': 'scale', 'kernel': 'rbf', 'max_iter': -1, 'probability': True, 'random_state': 42, 'shrinking': True, 'tol': 0.001, 'verbose': False}",2025-08-14_220927
SVM,S1_vs_S2_P3,42,True,5,0.1,0.3469387755102041,experiment_results_statistical_IL_top_10_video_2025-08-14_220927_early_stop/svm_S1_vs_S2_P3_2025-08-14_220927_seed42_early_stop.pkl,"{'C': 1.0, 'break_ties': False, 'cache_size': 200, 'class_weight': None, 'coef0': 0.0, 'decision_function_shape': 'ovr', 'degree': 3, 'gamma': 'scale', 'kernel': 'rbf', 'max_iter': -1, 'probability': True, 'random_state': 42, 'shrinking': True, 'tol': 0.001, 'verbose': False}",2025-08-14_220927
MLP,S1_vs_S2_P3,42,True,1,0.1,0.09183673469387756,experiment_results_statistical_IL_top_10_video_2025-08-14_220927_early_stop/mlp_S1_vs_S2_P3_2025-08-14_220927_seed42_early_stop.pkl,"{'activation': 'relu', 'alpha': 0.0001, 'batch_size': 'auto', 'beta_1': 0.9, 'beta_2': 0.999, 'early_stopping': False, 'epsilon': 1e-08, 'hidden_layer_sizes': (100,), 'learning_rate': 'constant', 'learning_rate_init': 0.001, 'max_fun': 15000, 'max_iter': 200, 'momentum': 0.9, 'n_iter_no_change': 10, 'nesterovs_momentum': True, 'power_t': 0.5, 'random_state': 42, 'shuffle': True, 'solver': 'adam', 'tol': 0.0001, 'validation_fraction': 0.1, 'verbose': False, 'warm_start': False}",2025-08-14_220927
MLP,S1_vs_S2_P3,42,True,2,0.2,0.1836734693877551,experiment_results_statistical_IL_top_10_video_2025-08-14_220927_early_stop/mlp_S1_vs_S2_P3_2025-08-14_220927_seed42_early_stop.pkl,"{'activation': 'relu', 'alpha': 0.0001, 'batch_size': 'auto', 'beta_1': 0.9, 'beta_2': 0.999, 'early_stopping': False, 'epsilon': 1e-08, 'hidden_layer_sizes': (100,), 'learning_rate': 'constant', 'learning_rate_init': 0.001, 'max_fun': 15000, 'max_iter': 200, 'momentum': 0.9, 'n_iter_no_change': 10, 'nesterovs_momentum': True, 'power_t': 0.5, 'random_state': 42, 'shuffle': True, 'solver': 'adam', 'tol': 0.0001, 'validation_fraction': 0.1, 'verbose': False, 'warm_start': False}",2025-08-14_220927
MLP,S1_vs_S2_P3,42,True,3,0.3,0.2755102040816326,experiment_results_statistical_IL_top_10_video_2025-08-14_220927_early_stop/mlp_S1_vs_S2_P3_2025-08-14_220927_seed42_early_stop.pkl,"{'activation': 'relu', 'alpha': 0.0001, 'batch_size': 'auto', 'beta_1': 0.9, 'beta_2': 0.999, 'early_stopping': False, 'epsilon': 1e-08, 'hidden_layer_sizes': (100,), 'learning_rate': 'constant', 'learning_rate_init': 0.001, 'max_fun': 15000, 'max_iter': 200, 'momentum': 0.9, 'n_iter_no_change': 10, 'nesterovs_momentum': True, 'power_t': 0.5, 'random_state': 42, 'shuffle': True, 'solver': 'adam', 'tol': 0.0001, 'validation_fraction': 0.1, 'verbose': False, 'warm_start': False}",2025-08-14_220927
MLP,S1_vs_S2_P3,42,True,4,0.4,0.3673469387755102,experiment_results_statistical_IL_top_10_video_2025-08-14_220927_early_stop/mlp_S1_vs_S2_P3_2025-08-14_220927_seed42_early_stop.pkl,"{'activation': 'relu', 'alpha': 0.0001, 'batch_size': 'auto', 'beta_1': 0.9, 'beta_2': 0.999, 'early_stopping': False, 'epsilon': 1e-08, 'hidden_layer_sizes': (100,), 'learning_rate': 'constant', 'learning_rate_init': 0.001, 'max_fun': 15000, 'max_iter': 200, 'momentum': 0.9, 'n_iter_no_change': 10, 'nesterovs_momentum': True, 'power_t': 0.5, 'random_state': 42, 'shuffle': True, 'solver': 'adam', 'tol': 0.0001, 'validation_fraction': 0.1, 'verbose': False, 'warm_start': False}",2025-08-14_220927
MLP,S1_vs_S2_P3,42,True,5,0.5,0.45918367346938777,experiment_results_statistical_IL_top_10_video_2025-08-14_220927_early_stop/mlp_S1_vs_S2_P3_2025-08-14_220927_seed42_early_stop.pkl,"{'activation': 'relu', 'alpha': 0.0001, 'batch_size': 'auto', 'beta_1': 0.9, 'beta_2': 0.999, 'early_stopping': False, 'epsilon': 1e-08, 'hidden_layer_sizes': (100,), 'learning_rate': 'constant', 'learning_rate_init': 0.001, 'max_fun': 15000, 'max_iter': 200, 'momentum': 0.9, 'n_iter_no_change': 10, 'nesterovs_momentum': True, 'power_t': 0.5, 'random_state': 42, 'shuffle': True, 'solver': 'adam', 'tol': 0.0001, 'validation_fraction': 0.1, 'verbose': False, 'warm_start': False}",2025-08-14_220927
NaiveBayes,S1_vs_S2_P3,42,True,1,0.9,0.4387755102040816,experiment_results_statistical_IL_top_10_video_2025-08-14_220927_early_stop/naivebayes_S1_vs_S2_P3_2025-08-14_220927_seed42_early_stop.pkl,"{'priors': None, 'var_smoothing': 1e-09}",2025-08-14_220927
NaiveBayes,S1_vs_S2_P3,42,True,2,0.9666666666666667,0.6224489795918368,experiment_results_statistical_IL_top_10_video_2025-08-14_220927_early_stop/naivebayes_S1_vs_S2_P3_2025-08-14_220927_seed42_early_stop.pkl,"{'priors': None, 'var_smoothing': 1e-09}",2025-08-14_220927
NaiveBayes,S1_vs_S2_P3,42,True,3,1.0,0.7959183673469388,experiment_results_statistical_IL_top_10_video_2025-08-14_220927_early_stop/naivebayes_S1_vs_S2_P3_2025-08-14_220927_seed42_early_stop.pkl,"{'priors': None, 'var_smoothing': 1e-09}",2025-08-14_220927
NaiveBayes,S1_vs_S2_P3,42,True,4,1.0,0.8571428571428571,experiment_results_statistical_IL_top_10_video_2025-08-14_220927_early_stop/naivebayes_S1_vs_S2_P3_2025-08-14_220927_seed42_early_stop.pkl,"{'priors': None, 'var_smoothing': 1e-09}",2025-08-14_220927
NaiveBayes,S1_vs_S2_P3,42,True,5,1.0,0.8775510204081632,experiment_results_statistical_IL_top_10_video_2025-08-14_220927_early_stop/naivebayes_S1_vs_S2_P3_2025-08-14_220927_seed42_early_stop.pkl,"{'priors': None, 'var_smoothing': 1e-09}",2025-08-14_220927
LightGBM,S1_vs_S2_P3,42,True,1,0.1,0.09183673469387756,experiment_results_statistical_IL_top_10_video_2025-08-14_220927_early_stop/lightgbm_S1_vs_S2_P3_2025-08-14_220927_seed42_early_stop.pkl,"{'boosting_type': 'gbdt', 'class_weight': None, 'colsample_bytree': 1.0, 'importance_type': 'split', 'learning_rate': 0.1, 'max_depth': -1, 'min_child_samples': 20, 'min_child_weight': 0.001, 'min_split_gain': 0.0, 'n_estimators': 100, 'n_jobs': -1, 'num_leaves': 31, 'objective': None, 'random_state': 42, 'reg_alpha': 0.0, 'reg_lambda': 0.0, 'subsample': 1.0, 'subsample_for_bin': 200000, 'subsample_freq': 0, 'verbose': -1}",2025-08-14_220927
LightGBM,S1_vs_S2_P3,42,True,2,0.2,0.1836734693877551,experiment_results_statistical_IL_top_10_video_2025-08-14_220927_early_stop/lightgbm_S1_vs_S2_P3_2025-08-14_220927_seed42_early_stop.pkl,"{'boosting_type': 'gbdt', 'class_weight': None, 'colsample_bytree': 1.0, 'importance_type': 'split', 'learning_rate': 0.1, 'max_depth': -1, 'min_child_samples': 20, 'min_child_weight': 0.001, 'min_split_gain': 0.0, 'n_estimators': 100, 'n_jobs': -1, 'num_leaves': 31, 'objective': None, 'random_state': 42, 'reg_alpha': 0.0, 'reg_lambda': 0.0, 'subsample': 1.0, 'subsample_for_bin': 200000, 'subsample_freq': 0, 'verbose': -1}",2025-08-14_220927
LightGBM,S1_vs_S2_P3,42,True,3,0.3,0.2755102040816326,experiment_results_statistical_IL_top_10_video_2025-08-14_220927_early_stop/lightgbm_S1_vs_S2_P3_2025-08-14_220927_seed42_early_stop.pkl,"{'boosting_type': 'gbdt', 'class_weight': None, 'colsample_bytree': 1.0, 'importance_type': 'split', 'learning_rate': 0.1, 'max_depth': -1, 'min_child_samples': 20, 'min_child_weight': 0.001, 'min_split_gain': 0.0, 'n_estimators': 100, 'n_jobs': -1, 'num_leaves': 31, 'objective': None, 'random_state': 42, 'reg_alpha': 0.0, 'reg_lambda': 0.0, 'subsample': 1.0, 'subsample_for_bin': 200000, 'subsample_freq': 0, 'verbose': -1}",2025-08-14_220927
LightGBM,S1_vs_S2_P3,42,True,4,0.4,0.3673469387755102,experiment_results_statistical_IL_top_10_video_2025-08-14_220927_early_stop/lightgbm_S1_vs_S2_P3_2025-08-14_220927_seed42_early_stop.pkl,"{'boosting_type': 'gbdt', 'class_weight': None, 'colsample_bytree': 1.0, 'importance_type': 'split', 'learning_rate': 0.1, 'max_depth': -1, 'min_child_samples': 20, 'min_child_weight': 0.001, 'min_split_gain': 0.0, 'n_estimators': 100, 'n_jobs': -1, 'num_leaves': 31, 'objective': None, 'random_state': 42, 'reg_alpha': 0.0, 'reg_lambda': 0.0, 'subsample': 1.0, 'subsample_for_bin': 200000, 'subsample_freq': 0, 'verbose': -1}",2025-08-14_220927
LightGBM,S1_vs_S2_P3,42,True,5,0.5,0.45918367346938777,experiment_results_statistical_IL_top_10_video_2025-08-14_220927_early_stop/lightgbm_S1_vs_S2_P3_2025-08-14_220927_seed42_early_stop.pkl,"{'boosting_type': 'gbdt', 'class_weight': None, 'colsample_bytree': 1.0, 'importance_type': 'split', 'learning_rate': 0.1, 'max_depth': -1, 'min_child_samples': 20, 'min_child_weight': 0.001, 'min_split_gain': 0.0, 'n_estimators': 100, 'n_jobs': -1, 'num_leaves': 31, 'objective': None, 'random_state': 42, 'reg_alpha': 0.0, 'reg_lambda': 0.0, 'subsample': 1.0, 'subsample_for_bin': 200000, 'subsample_freq': 0, 'verbose': -1}",2025-08-14_220927
ExtraTrees,S1_vs_S2_P3,42,True,1,0.9,0.5204081632653061,experiment_results_statistical_IL_top_10_video_2025-08-14_220927_early_stop/extratrees_S1_vs_S2_P3_2025-08-14_220927_seed42_early_stop.pkl,"{'bootstrap': False, 'ccp_alpha': 0.0, 'class_weight': None, 'criterion': 'gini', 'max_depth': None, 'max_features': 'sqrt', 'max_leaf_nodes': None, 'max_samples': None, 'min_impurity_decrease': 0.0, 'min_samples_leaf': 1, 'min_samples_split': 2, 'min_weight_fraction_leaf': 0.0, 'monotonic_cst': None, 'n_estimators': 100, 'n_jobs': -1, 'oob_score': False, 'random_state': 42, 'verbose': 0, 'warm_start': False}",2025-08-14_220927
ExtraTrees,S1_vs_S2_P3,42,True,2,0.9666666666666667,0.7959183673469388,experiment_results_statistical_IL_top_10_video_2025-08-14_220927_early_stop/extratrees_S1_vs_S2_P3_2025-08-14_220927_seed42_early_stop.pkl,"{'bootstrap': False, 'ccp_alpha': 0.0, 'class_weight': None, 'criterion': 'gini', 'max_depth': None, 'max_features': 'sqrt', 'max_leaf_nodes': None, 'max_samples': None, 'min_impurity_decrease': 0.0, 'min_samples_leaf': 1, 'min_samples_split': 2, 'min_weight_fraction_leaf': 0.0, 'monotonic_cst': None, 'n_estimators': 100, 'n_jobs': -1, 'oob_score': False, 'random_state': 42, 'verbose': 0, 'warm_start': False}",2025-08-14_220927
ExtraTrees,S1_vs_S2_P3,42,True,3,1.0,0.9897959183673469,experiment_results_statistical_IL_top_10_video_2025-08-14_220927_early_stop/extratrees_S1_vs_S2_P3_2025-08-14_220927_seed42_early_stop.pkl,"{'bootstrap': False, 'ccp_alpha': 0.0, 'class_weight': None, 'criterion': 'gini', 'max_depth': None, 'max_features': 'sqrt', 'max_leaf_nodes': None, 'max_samples': None, 'min_impurity_decrease': 0.0, 'min_samples_leaf': 1, 'min_samples_split': 2, 'min_weight_fraction_leaf': 0.0, 'monotonic_cst': None, 'n_estimators': 100, 'n_jobs': -1, 'oob_score': False, 'random_state': 42, 'verbose': 0, 'warm_start': False}",2025-08-14_220927
ExtraTrees,S1_vs_S2_P3,42,True,4,1.0,0.9897959183673469,experiment_results_statistical_IL_top_10_video_2025-08-14_220927_early_stop/extratrees_S1_vs_S2_P3_2025-08-14_220927_seed42_early_stop.pkl,"{'bootstrap': False, 'ccp_alpha': 0.0, 'class_weight': None, 'criterion': 'gini', 'max_depth': None, 'max_features': 'sqrt', 'max_leaf_nodes': None, 'max_samples': None, 'min_impurity_decrease': 0.0, 'min_samples_leaf': 1, 'min_samples_split': 2, 'min_weight_fraction_leaf': 0.0, 'monotonic_cst': None, 'n_estimators': 100, 'n_jobs': -1, 'oob_score': False, 'random_state': 42, 'verbose': 0, 'warm_start': False}",2025-08-14_220927
ExtraTrees,S1_vs_S2_P3,42,True,5,1.0,0.9897959183673469,experiment_results_statistical_IL_top_10_video_2025-08-14_220927_early_stop/extratrees_S1_vs_S2_P3_2025-08-14_220927_seed42_early_stop.pkl,"{'bootstrap': False, 'ccp_alpha': 0.0, 'class_weight': None, 'criterion': 'gini', 'max_depth': None, 'max_features': 'sqrt', 'max_leaf_nodes': None, 'max_samples': None, 'min_impurity_decrease': 0.0, 'min_samples_leaf': 1, 'min_samples_split': 2, 'min_weight_fraction_leaf': 0.0, 'monotonic_cst': None, 'n_estimators': 100, 'n_jobs': -1, 'oob_score': False, 'random_state': 42, 'verbose': 0, 'warm_start': False}",2025-08-14_220927
GradientBoosting,S1_vs_S2_P3,42,True,1,0.9,0.3877551020408163,experiment_results_statistical_IL_top_10_video_2025-08-14_220927_early_stop/gradientboosting_S1_vs_S2_P3_2025-08-14_220927_seed42_early_stop.pkl,"{'ccp_alpha': 0.0, 'criterion': 'friedman_mse', 'init': None, 'learning_rate': 0.1, 'loss': 'log_loss', 'max_depth': 3, 'max_features': None, 'max_leaf_nodes': None, 'min_impurity_decrease': 0.0, 'min_samples_leaf': 1, 'min_samples_split': 2, 'min_weight_fraction_leaf': 0.0, 'n_estimators': 100, 'n_iter_no_change': None, 'random_state': 42, 'subsample': 1.0, 'tol': 0.0001, 'validation_fraction': 0.1, 'verbose': 0, 'warm_start': False}",2025-08-14_220927
GradientBoosting,S1_vs_S2_P3,42,True,2,0.9666666666666667,0.5714285714285714,experiment_results_statistical_IL_top_10_video_2025-08-14_220927_early_stop/gradientboosting_S1_vs_S2_P3_2025-08-14_220927_seed42_early_stop.pkl,"{'ccp_alpha': 0.0, 'criterion': 'friedman_mse', 'init': None, 'learning_rate': 0.1, 'loss': 'log_loss', 'max_depth': 3, 'max_features': None, 'max_leaf_nodes': None, 'min_impurity_decrease': 0.0, 'min_samples_leaf': 1, 'min_samples_split': 2, 'min_weight_fraction_leaf': 0.0, 'n_estimators': 100, 'n_iter_no_change': None, 'random_state': 42, 'subsample': 1.0, 'tol': 0.0001, 'validation_fraction': 0.1, 'verbose': 0, 'warm_start': False}",2025-08-14_220927
GradientBoosting,S1_vs_S2_P3,42,True,3,1.0,0.7040816326530612,experiment_results_statistical_IL_top_10_video_2025-08-14_220927_early_stop/gradientboosting_S1_vs_S2_P3_2025-08-14_220927_seed42_early_stop.pkl,"{'ccp_alpha': 0.0, 'criterion': 'friedman_mse', 'init': None, 'learning_rate': 0.1, 'loss': 'log_loss', 'max_depth': 3, 'max_features': None, 'max_leaf_nodes': None, 'min_impurity_decrease': 0.0, 'min_samples_leaf': 1, 'min_samples_split': 2, 'min_weight_fraction_leaf': 0.0, 'n_estimators': 100, 'n_iter_no_change': None, 'random_state': 42, 'subsample': 1.0, 'tol': 0.0001, 'validation_fraction': 0.1, 'verbose': 0, 'warm_start': False}",2025-08-14_220927
GradientBoosting,S1_vs_S2_P3,42,True,4,1.0,0.7448979591836735,experiment_results_statistical_IL_top_10_video_2025-08-14_220927_early_stop/gradientboosting_S1_vs_S2_P3_2025-08-14_220927_seed42_early_stop.pkl,"{'ccp_alpha': 0.0, 'criterion': 'friedman_mse', 'init': None, 'learning_rate': 0.1, 'loss': 'log_loss', 'max_depth': 3, 'max_features': None, 'max_leaf_nodes': None, 'min_impurity_decrease': 0.0, 'min_samples_leaf': 1, 'min_samples_split': 2, 'min_weight_fraction_leaf': 0.0, 'n_estimators': 100, 'n_iter_no_change': None, 'random_state': 42, 'subsample': 1.0, 'tol': 0.0001, 'validation_fraction': 0.1, 'verbose': 0, 'warm_start': False}",2025-08-14_220927
GradientBoosting,S1_vs_S2_P3,42,True,5,1.0,0.8163265306122449,experiment_results_statistical_IL_top_10_video_2025-08-14_220927_early_stop/gradientboosting_S1_vs_S2_P3_2025-08-14_220927_seed42_early_stop.pkl,"{'ccp_alpha': 0.0, 'criterion': 'friedman_mse', 'init': None, 'learning_rate': 0.1, 'loss': 'log_loss', 'max_depth': 3, 'max_features': None, 'max_leaf_nodes': None, 'min_impurity_decrease': 0.0, 'min_samples_leaf': 1, 'min_samples_split': 2, 'min_weight_fraction_leaf': 0.0, 'n_estimators': 100, 'n_iter_no_change': None, 'random_state': 42, 'subsample': 1.0, 'tol': 0.0001, 'validation_fraction': 0.1, 'verbose': 0, 'warm_start': False}",2025-08-14_220927
KNN,S1_vs_S2_P3,42,True,1,0.4,0.29591836734693877,experiment_results_statistical_IL_top_10_video_2025-08-14_220927_early_stop/knn_S1_vs_S2_P3_2025-08-14_220927_seed42_early_stop.pkl,"{'algorithm': 'auto', 'leaf_size': 30, 'metric': 'minkowski', 'metric_params': None, 'n_jobs': -1, 'n_neighbors': 5, 'p': 2, 'weights': 'uniform'}",2025-08-14_220927
KNN,S1_vs_S2_P3,42,True,2,0.6333333333333333,0.5102040816326531,experiment_results_statistical_IL_top_10_video_2025-08-14_220927_early_stop/knn_S1_vs_S2_P3_2025-08-14_220927_seed42_early_stop.pkl,"{'algorithm': 'auto', 'leaf_size': 30, 'metric': 'minkowski', 'metric_params': None, 'n_jobs': -1, 'n_neighbors': 5, 'p': 2, 'weights': 'uniform'}",2025-08-14_220927
KNN,S1_vs_S2_P3,42,True,3,0.8333333333333334,0.7040816326530612,experiment_results_statistical_IL_top_10_video_2025-08-14_220927_early_stop/knn_S1_vs_S2_P3_2025-08-14_220927_seed42_early_stop.pkl,"{'algorithm': 'auto', 'leaf_size': 30, 'metric': 'minkowski', 'metric_params': None, 'n_jobs': -1, 'n_neighbors': 5, 'p': 2, 'weights': 'uniform'}",2025-08-14_220927
KNN,S1_vs_S2_P3,42,True,4,1.0,0.7653061224489796,experiment_results_statistical_IL_top_10_video_2025-08-14_220927_early_stop/knn_S1_vs_S2_P3_2025-08-14_220927_seed42_early_stop.pkl,"{'algorithm': 'auto', 'leaf_size': 30, 'metric': 'minkowski', 'metric_params': None, 'n_jobs': -1, 'n_neighbors': 5, 'p': 2, 'weights': 'uniform'}",2025-08-14_220927
KNN,S1_vs_S2_P3,42,True,5,1.0,0.8367346938775511,experiment_results_statistical_IL_top_10_video_2025-08-14_220927_early_stop/knn_S1_vs_S2_P3_2025-08-14_220927_seed42_early_stop.pkl,"{'algorithm': 'auto', 'leaf_size': 30, 'metric': 'minkowski', 'metric_params': None, 'n_jobs': -1, 'n_neighbors': 5, 'p': 2, 'weights': 'uniform'}",2025-08-14_220927
LogisticRegression,S1_vs_S2_P3,42,True,1,0.5333333333333333,0.2653061224489796,experiment_results_statistical_IL_top_10_video_2025-08-14_220927_early_stop/logisticregression_S1_vs_S2_P3_2025-08-14_220927_seed42_early_stop.pkl,"{'C': 1.0, 'class_weight': None, 'dual': False, 'fit_intercept': True, 'intercept_scaling': 1, 'l1_ratio': None, 'max_iter': 100, 'multi_class': 'deprecated', 'n_jobs': -1, 'penalty': 'l2', 'random_state': 42, 'solver': 'lbfgs', 'tol': 0.0001, 'verbose': 0, 'warm_start': False}",2025-08-14_220927
LogisticRegression,S1_vs_S2_P3,42,True,2,0.7666666666666667,0.5306122448979592,experiment_results_statistical_IL_top_10_video_2025-08-14_220927_early_stop/logisticregression_S1_vs_S2_P3_2025-08-14_220927_seed42_early_stop.pkl,"{'C': 1.0, 'class_weight': None, 'dual': False, 'fit_intercept': True, 'intercept_scaling': 1, 'l1_ratio': None, 'max_iter': 100, 'multi_class': 'deprecated', 'n_jobs': -1, 'penalty': 'l2', 'random_state': 42, 'solver': 'lbfgs', 'tol': 0.0001, 'verbose': 0, 'warm_start': False}",2025-08-14_220927
LogisticRegression,S1_vs_S2_P3,42,True,3,0.7666666666666667,0.6224489795918368,experiment_results_statistical_IL_top_10_video_2025-08-14_220927_early_stop/logisticregression_S1_vs_S2_P3_2025-08-14_220927_seed42_early_stop.pkl,"{'C': 1.0, 'class_weight': None, 'dual': False, 'fit_intercept': True, 'intercept_scaling': 1, 'l1_ratio': None, 'max_iter': 100, 'multi_class': 'deprecated', 'n_jobs': -1, 'penalty': 'l2', 'random_state': 42, 'solver': 'lbfgs', 'tol': 0.0001, 'verbose': 0, 'warm_start': False}",2025-08-14_220927
LogisticRegression,S1_vs_S2_P3,42,True,4,0.7666666666666667,0.673469387755102,experiment_results_statistical_IL_top_10_video_2025-08-14_220927_early_stop/logisticregression_S1_vs_S2_P3_2025-08-14_220927_seed42_early_stop.pkl,"{'C': 1.0, 'class_weight': None, 'dual': False, 'fit_intercept': True, 'intercept_scaling': 1, 'l1_ratio': None, 'max_iter': 100, 'multi_class': 'deprecated', 'n_jobs': -1, 'penalty': 'l2', 'random_state': 42, 'solver': 'lbfgs', 'tol': 0.0001, 'verbose': 0, 'warm_start': False}",2025-08-14_220927
LogisticRegression,S1_vs_S2_P3,42,True,5,0.8,0.6938775510204082,experiment_results_statistical_IL_top_10_video_2025-08-14_220927_early_stop/logisticregression_S1_vs_S2_P3_2025-08-14_220927_seed42_early_stop.pkl,"{'C': 1.0, 'class_weight': None, 'dual': False, 'fit_intercept': True, 'intercept_scaling': 1, 'l1_ratio': None, 'max_iter': 100, 'multi_class': 'deprecated', 'n_jobs': -1, 'penalty': 'l2', 'random_state': 42, 'solver': 'lbfgs', 'tol': 0.0001, 'verbose': 0, 'warm_start': False}",2025-08-14_220927
RandomForest,S1_vs_S2_P3,123,True,1,0.9,0.5204081632653061,experiment_results_statistical_IL_top_10_video_2025-08-14_220927_early_stop/randomforest_S1_vs_S2_P3_2025-08-14_220927_seed123_early_stop.pkl,"{'bootstrap': True, 'ccp_alpha': 0.0, 'class_weight': None, 'criterion': 'gini', 'max_depth': None, 'max_features': 'sqrt', 'max_leaf_nodes': None, 'max_samples': None, 'min_impurity_decrease': 0.0, 'min_samples_leaf': 1, 'min_samples_split': 2, 'min_weight_fraction_leaf': 0.0, 'monotonic_cst': None, 'n_estimators': 100, 'n_jobs': -1, 'oob_score': False, 'random_state': 123, 'verbose': 0, 'warm_start': False}",2025-08-14_220927
RandomForest,S1_vs_S2_P3,123,True,2,0.9666666666666667,0.7857142857142857,experiment_results_statistical_IL_top_10_video_2025-08-14_220927_early_stop/randomforest_S1_vs_S2_P3_2025-08-14_220927_seed123_early_stop.pkl,"{'bootstrap': True, 'ccp_alpha': 0.0, 'class_weight': None, 'criterion': 'gini', 'max_depth': None, 'max_features': 'sqrt', 'max_leaf_nodes': None, 'max_samples': None, 'min_impurity_decrease': 0.0, 'min_samples_leaf': 1, 'min_samples_split': 2, 'min_weight_fraction_leaf': 0.0, 'monotonic_cst': None, 'n_estimators': 100, 'n_jobs': -1, 'oob_score': False, 'random_state': 123, 'verbose': 0, 'warm_start': False}",2025-08-14_220927
RandomForest,S1_vs_S2_P3,123,True,3,1.0,0.9693877551020408,experiment_results_statistical_IL_top_10_video_2025-08-14_220927_early_stop/randomforest_S1_vs_S2_P3_2025-08-14_220927_seed123_early_stop.pkl,"{'bootstrap': True, 'ccp_alpha': 0.0, 'class_weight': None, 'criterion': 'gini', 'max_depth': None, 'max_features': 'sqrt', 'max_leaf_nodes': None, 'max_samples': None, 'min_impurity_decrease': 0.0, 'min_samples_leaf': 1, 'min_samples_split': 2, 'min_weight_fraction_leaf': 0.0, 'monotonic_cst': None, 'n_estimators': 100, 'n_jobs': -1, 'oob_score': False, 'random_state': 123, 'verbose': 0, 'warm_start': False}",2025-08-14_220927
RandomForest,S1_vs_S2_P3,123,True,4,1.0,1.0,experiment_results_statistical_IL_top_10_video_2025-08-14_220927_early_stop/randomforest_S1_vs_S2_P3_2025-08-14_220927_seed123_early_stop.pkl,"{'bootstrap': True, 'ccp_alpha': 0.0, 'class_weight': None, 'criterion': 'gini', 'max_depth': None, 'max_features': 'sqrt', 'max_leaf_nodes': None, 'max_samples': None, 'min_impurity_decrease': 0.0, 'min_samples_leaf': 1, 'min_samples_split': 2, 'min_weight_fraction_leaf': 0.0, 'monotonic_cst': None, 'n_estimators': 100, 'n_jobs': -1, 'oob_score': False, 'random_state': 123, 'verbose': 0, 'warm_start': False}",2025-08-14_220927
RandomForest,S1_vs_S2_P3,123,True,5,1.0,1.0,experiment_results_statistical_IL_top_10_video_2025-08-14_220927_early_stop/randomforest_S1_vs_S2_P3_2025-08-14_220927_seed123_early_stop.pkl,"{'bootstrap': True, 'ccp_alpha': 0.0, 'class_weight': None, 'criterion': 'gini', 'max_depth': None, 'max_features': 'sqrt', 'max_leaf_nodes': None, 'max_samples': None, 'min_impurity_decrease': 0.0, 'min_samples_leaf': 1, 'min_samples_split': 2, 'min_weight_fraction_leaf': 0.0, 'monotonic_cst': None, 'n_estimators': 100, 'n_jobs': -1, 'oob_score': False, 'random_state': 123, 'verbose': 0, 'warm_start': False}",2025-08-14_220927
SVM,S1_vs_S2_P3,123,True,1,0.1,0.1326530612244898,experiment_results_statistical_IL_top_10_video_2025-08-14_220927_early_stop/svm_S1_vs_S2_P3_2025-08-14_220927_seed123_early_stop.pkl,"{'C': 1.0, 'break_ties': False, 'cache_size': 200, 'class_weight': None, 'coef0': 0.0, 'decision_function_shape': 'ovr', 'degree': 3, 'gamma': 'scale', 'kernel': 'rbf', 'max_iter': -1, 'probability': True, 'random_state': 123, 'shrinking': True, 'tol': 0.001, 'verbose': False}",2025-08-14_220927
SVM,S1_vs_S2_P3,123,True,2,0.1,0.21428571428571427,experiment_results_statistical_IL_top_10_video_2025-08-14_220927_early_stop/svm_S1_vs_S2_P3_2025-08-14_220927_seed123_early_stop.pkl,"{'C': 1.0, 'break_ties': False, 'cache_size': 200, 'class_weight': None, 'coef0': 0.0, 'decision_function_shape': 'ovr', 'degree': 3, 'gamma': 'scale', 'kernel': 'rbf', 'max_iter': -1, 'probability': True, 'random_state': 123, 'shrinking': True, 'tol': 0.001, 'verbose': False}",2025-08-14_220927
SVM,S1_vs_S2_P3,123,True,3,0.1,0.22448979591836735,experiment_results_statistical_IL_top_10_video_2025-08-14_220927_early_stop/svm_S1_vs_S2_P3_2025-08-14_220927_seed123_early_stop.pkl,"{'C': 1.0, 'break_ties': False, 'cache_size': 200, 'class_weight': None, 'coef0': 0.0, 'decision_function_shape': 'ovr', 'degree': 3, 'gamma': 'scale', 'kernel': 'rbf', 'max_iter': -1, 'probability': True, 'random_state': 123, 'shrinking': True, 'tol': 0.001, 'verbose': False}",2025-08-14_220927
SVM,S1_vs_S2_P3,123,True,4,0.1,0.2653061224489796,experiment_results_statistical_IL_top_10_video_2025-08-14_220927_early_stop/svm_S1_vs_S2_P3_2025-08-14_220927_seed123_early_stop.pkl,"{'C': 1.0, 'break_ties': False, 'cache_size': 200, 'class_weight': None, 'coef0': 0.0, 'decision_function_shape': 'ovr', 'degree': 3, 'gamma': 'scale', 'kernel': 'rbf', 'max_iter': -1, 'probability': True, 'random_state': 123, 'shrinking': True, 'tol': 0.001, 'verbose': False}",2025-08-14_220927
SVM,S1_vs_S2_P3,123,True,5,0.1,0.336734693877551,experiment_results_statistical_IL_top_10_video_2025-08-14_220927_early_stop/svm_S1_vs_S2_P3_2025-08-14_220927_seed123_early_stop.pkl,"{'C': 1.0, 'break_ties': False, 'cache_size': 200, 'class_weight': None, 'coef0': 0.0, 'decision_function_shape': 'ovr', 'degree': 3, 'gamma': 'scale', 'kernel': 'rbf', 'max_iter': -1, 'probability': True, 'random_state': 123, 'shrinking': True, 'tol': 0.001, 'verbose': False}",2025-08-14_220927
MLP,S1_vs_S2_P3,123,True,1,0.1,0.09183673469387756,experiment_results_statistical_IL_top_10_video_2025-08-14_220927_early_stop/mlp_S1_vs_S2_P3_2025-08-14_220927_seed123_early_stop.pkl,"{'activation': 'relu', 'alpha': 0.0001, 'batch_size': 'auto', 'beta_1': 0.9, 'beta_2': 0.999, 'early_stopping': False, 'epsilon': 1e-08, 'hidden_layer_sizes': (100,), 'learning_rate': 'constant', 'learning_rate_init': 0.001, 'max_fun': 15000, 'max_iter': 200, 'momentum': 0.9, 'n_iter_no_change': 10, 'nesterovs_momentum': True, 'power_t': 0.5, 'random_state': 123, 'shuffle': True, 'solver': 'adam', 'tol': 0.0001, 'validation_fraction': 0.1, 'verbose': False, 'warm_start': False}",2025-08-14_220927
MLP,S1_vs_S2_P3,123,True,2,0.2,0.1836734693877551,experiment_results_statistical_IL_top_10_video_2025-08-14_220927_early_stop/mlp_S1_vs_S2_P3_2025-08-14_220927_seed123_early_stop.pkl,"{'activation': 'relu', 'alpha': 0.0001, 'batch_size': 'auto', 'beta_1': 0.9, 'beta_2': 0.999, 'early_stopping': False, 'epsilon': 1e-08, 'hidden_layer_sizes': (100,), 'learning_rate': 'constant', 'learning_rate_init': 0.001, 'max_fun': 15000, 'max_iter': 200, 'momentum': 0.9, 'n_iter_no_change': 10, 'nesterovs_momentum': True, 'power_t': 0.5, 'random_state': 123, 'shuffle': True, 'solver': 'adam', 'tol': 0.0001, 'validation_fraction': 0.1, 'verbose': False, 'warm_start': False}",2025-08-14_220927
MLP,S1_vs_S2_P3,123,True,3,0.3,0.2755102040816326,experiment_results_statistical_IL_top_10_video_2025-08-14_220927_early_stop/mlp_S1_vs_S2_P3_2025-08-14_220927_seed123_early_stop.pkl,"{'activation': 'relu', 'alpha': 0.0001, 'batch_size': 'auto', 'beta_1': 0.9, 'beta_2': 0.999, 'early_stopping': False, 'epsilon': 1e-08, 'hidden_layer_sizes': (100,), 'learning_rate': 'constant', 'learning_rate_init': 0.001, 'max_fun': 15000, 'max_iter': 200, 'momentum': 0.9, 'n_iter_no_change': 10, 'nesterovs_momentum': True, 'power_t': 0.5, 'random_state': 123, 'shuffle': True, 'solver': 'adam', 'tol': 0.0001, 'validation_fraction': 0.1, 'verbose': False, 'warm_start': False}",2025-08-14_220927
MLP,S1_vs_S2_P3,123,True,4,0.4,0.3673469387755102,experiment_results_statistical_IL_top_10_video_2025-08-14_220927_early_stop/mlp_S1_vs_S2_P3_2025-08-14_220927_seed123_early_stop.pkl,"{'activation': 'relu', 'alpha': 0.0001, 'batch_size': 'auto', 'beta_1': 0.9, 'beta_2': 0.999, 'early_stopping': False, 'epsilon': 1e-08, 'hidden_layer_sizes': (100,), 'learning_rate': 'constant', 'learning_rate_init': 0.001, 'max_fun': 15000, 'max_iter': 200, 'momentum': 0.9, 'n_iter_no_change': 10, 'nesterovs_momentum': True, 'power_t': 0.5, 'random_state': 123, 'shuffle': True, 'solver': 'adam', 'tol': 0.0001, 'validation_fraction': 0.1, 'verbose': False, 'warm_start': False}",2025-08-14_220927
MLP,S1_vs_S2_P3,123,True,5,0.5,0.45918367346938777,experiment_results_statistical_IL_top_10_video_2025-08-14_220927_early_stop/mlp_S1_vs_S2_P3_2025-08-14_220927_seed123_early_stop.pkl,"{'activation': 'relu', 'alpha': 0.0001, 'batch_size': 'auto', 'beta_1': 0.9, 'beta_2': 0.999, 'early_stopping': False, 'epsilon': 1e-08, 'hidden_layer_sizes': (100,), 'learning_rate': 'constant', 'learning_rate_init': 0.001, 'max_fun': 15000, 'max_iter': 200, 'momentum': 0.9, 'n_iter_no_change': 10, 'nesterovs_momentum': True, 'power_t': 0.5, 'random_state': 123, 'shuffle': True, 'solver': 'adam', 'tol': 0.0001, 'validation_fraction': 0.1, 'verbose': False, 'warm_start': False}",2025-08-14_220927
NaiveBayes,S1_vs_S2_P3,123,True,1,0.9,0.4387755102040816,experiment_results_statistical_IL_top_10_video_2025-08-14_220927_early_stop/naivebayes_S1_vs_S2_P3_2025-08-14_220927_seed123_early_stop.pkl,"{'priors': None, 'var_smoothing': 1e-09}",2025-08-14_220927
NaiveBayes,S1_vs_S2_P3,123,True,2,0.9666666666666667,0.6224489795918368,experiment_results_statistical_IL_top_10_video_2025-08-14_220927_early_stop/naivebayes_S1_vs_S2_P3_2025-08-14_220927_seed123_early_stop.pkl,"{'priors': None, 'var_smoothing': 1e-09}",2025-08-14_220927
NaiveBayes,S1_vs_S2_P3,123,True,3,1.0,0.7959183673469388,experiment_results_statistical_IL_top_10_video_2025-08-14_220927_early_stop/naivebayes_S1_vs_S2_P3_2025-08-14_220927_seed123_early_stop.pkl,"{'priors': None, 'var_smoothing': 1e-09}",2025-08-14_220927
NaiveBayes,S1_vs_S2_P3,123,True,4,1.0,0.8571428571428571,experiment_results_statistical_IL_top_10_video_2025-08-14_220927_early_stop/naivebayes_S1_vs_S2_P3_2025-08-14_220927_seed123_early_stop.pkl,"{'priors': None, 'var_smoothing': 1e-09}",2025-08-14_220927
NaiveBayes,S1_vs_S2_P3,123,True,5,1.0,0.8775510204081632,experiment_results_statistical_IL_top_10_video_2025-08-14_220927_early_stop/naivebayes_S1_vs_S2_P3_2025-08-14_220927_seed123_early_stop.pkl,"{'priors': None, 'var_smoothing': 1e-09}",2025-08-14_220927
LightGBM,S1_vs_S2_P3,123,True,1,0.1,0.09183673469387756,experiment_results_statistical_IL_top_10_video_2025-08-14_220927_early_stop/lightgbm_S1_vs_S2_P3_2025-08-14_220927_seed123_early_stop.pkl,"{'boosting_type': 'gbdt', 'class_weight': None, 'colsample_bytree': 1.0, 'importance_type': 'split', 'learning_rate': 0.1, 'max_depth': -1, 'min_child_samples': 20, 'min_child_weight': 0.001, 'min_split_gain': 0.0, 'n_estimators': 100, 'n_jobs': -1, 'num_leaves': 31, 'objective': None, 'random_state': 123, 'reg_alpha': 0.0, 'reg_lambda': 0.0, 'subsample': 1.0, 'subsample_for_bin': 200000, 'subsample_freq': 0, 'verbose': -1}",2025-08-14_220927
LightGBM,S1_vs_S2_P3,123,True,2,0.2,0.1836734693877551,experiment_results_statistical_IL_top_10_video_2025-08-14_220927_early_stop/lightgbm_S1_vs_S2_P3_2025-08-14_220927_seed123_early_stop.pkl,"{'boosting_type': 'gbdt', 'class_weight': None, 'colsample_bytree': 1.0, 'importance_type': 'split', 'learning_rate': 0.1, 'max_depth': -1, 'min_child_samples': 20, 'min_child_weight': 0.001, 'min_split_gain': 0.0, 'n_estimators': 100, 'n_jobs': -1, 'num_leaves': 31, 'objective': None, 'random_state': 123, 'reg_alpha': 0.0, 'reg_lambda': 0.0, 'subsample': 1.0, 'subsample_for_bin': 200000, 'subsample_freq': 0, 'verbose': -1}",2025-08-14_220927
LightGBM,S1_vs_S2_P3,123,True,3,0.3,0.2755102040816326,experiment_results_statistical_IL_top_10_video_2025-08-14_220927_early_stop/lightgbm_S1_vs_S2_P3_2025-08-14_220927_seed123_early_stop.pkl,"{'boosting_type': 'gbdt', 'class_weight': None, 'colsample_bytree': 1.0, 'importance_type': 'split', 'learning_rate': 0.1, 'max_depth': -1, 'min_child_samples': 20, 'min_child_weight': 0.001, 'min_split_gain': 0.0, 'n_estimators': 100, 'n_jobs': -1, 'num_leaves': 31, 'objective': None, 'random_state': 123, 'reg_alpha': 0.0, 'reg_lambda': 0.0, 'subsample': 1.0, 'subsample_for_bin': 200000, 'subsample_freq': 0, 'verbose': -1}",2025-08-14_220927
LightGBM,S1_vs_S2_P3,123,True,4,0.4,0.3673469387755102,experiment_results_statistical_IL_top_10_video_2025-08-14_220927_early_stop/lightgbm_S1_vs_S2_P3_2025-08-14_220927_seed123_early_stop.pkl,"{'boosting_type': 'gbdt', 'class_weight': None, 'colsample_bytree': 1.0, 'importance_type': 'split', 'learning_rate': 0.1, 'max_depth': -1, 'min_child_samples': 20, 'min_child_weight': 0.001, 'min_split_gain': 0.0, 'n_estimators': 100, 'n_jobs': -1, 'num_leaves': 31, 'objective': None, 'random_state': 123, 'reg_alpha': 0.0, 'reg_lambda': 0.0, 'subsample': 1.0, 'subsample_for_bin': 200000, 'subsample_freq': 0, 'verbose': -1}",2025-08-14_220927
LightGBM,S1_vs_S2_P3,123,True,5,0.5,0.45918367346938777,experiment_results_statistical_IL_top_10_video_2025-08-14_220927_early_stop/lightgbm_S1_vs_S2_P3_2025-08-14_220927_seed123_early_stop.pkl,"{'boosting_type': 'gbdt', 'class_weight': None, 'colsample_bytree': 1.0, 'importance_type': 'split', 'learning_rate': 0.1, 'max_depth': -1, 'min_child_samples': 20, 'min_child_weight': 0.001, 'min_split_gain': 0.0, 'n_estimators': 100, 'n_jobs': -1, 'num_leaves': 31, 'objective': None, 'random_state': 123, 'reg_alpha': 0.0, 'reg_lambda': 0.0, 'subsample': 1.0, 'subsample_for_bin': 200000, 'subsample_freq': 0, 'verbose': -1}",2025-08-14_220927
ExtraTrees,S1_vs_S2_P3,123,True,1,0.9,0.5102040816326531,experiment_results_statistical_IL_top_10_video_2025-08-14_220927_early_stop/extratrees_S1_vs_S2_P3_2025-08-14_220927_seed123_early_stop.pkl,"{'bootstrap': False, 'ccp_alpha': 0.0, 'class_weight': None, 'criterion': 'gini', 'max_depth': None, 'max_features': 'sqrt', 'max_leaf_nodes': None, 'max_samples': None, 'min_impurity_decrease': 0.0, 'min_samples_leaf': 1, 'min_samples_split': 2, 'min_weight_fraction_leaf': 0.0, 'monotonic_cst': None, 'n_estimators': 100, 'n_jobs': -1, 'oob_score': False, 'random_state': 123, 'verbose': 0, 'warm_start': False}",2025-08-14_220927
ExtraTrees,S1_vs_S2_P3,123,True,2,0.9666666666666667,0.826530612244898,experiment_results_statistical_IL_top_10_video_2025-08-14_220927_early_stop/extratrees_S1_vs_S2_P3_2025-08-14_220927_seed123_early_stop.pkl,"{'bootstrap': False, 'ccp_alpha': 0.0, 'class_weight': None, 'criterion': 'gini', 'max_depth': None, 'max_features': 'sqrt', 'max_leaf_nodes': None, 'max_samples': None, 'min_impurity_decrease': 0.0, 'min_samples_leaf': 1, 'min_samples_split': 2, 'min_weight_fraction_leaf': 0.0, 'monotonic_cst': None, 'n_estimators': 100, 'n_jobs': -1, 'oob_score': False, 'random_state': 123, 'verbose': 0, 'warm_start': False}",2025-08-14_220927
ExtraTrees,S1_vs_S2_P3,123,True,3,1.0,0.9693877551020408,experiment_results_statistical_IL_top_10_video_2025-08-14_220927_early_stop/extratrees_S1_vs_S2_P3_2025-08-14_220927_seed123_early_stop.pkl,"{'bootstrap': False, 'ccp_alpha': 0.0, 'class_weight': None, 'criterion': 'gini', 'max_depth': None, 'max_features': 'sqrt', 'max_leaf_nodes': None, 'max_samples': None, 'min_impurity_decrease': 0.0, 'min_samples_leaf': 1, 'min_samples_split': 2, 'min_weight_fraction_leaf': 0.0, 'monotonic_cst': None, 'n_estimators': 100, 'n_jobs': -1, 'oob_score': False, 'random_state': 123, 'verbose': 0, 'warm_start': False}",2025-08-14_220927
ExtraTrees,S1_vs_S2_P3,123,True,4,1.0,0.9897959183673469,experiment_results_statistical_IL_top_10_video_2025-08-14_220927_early_stop/extratrees_S1_vs_S2_P3_2025-08-14_220927_seed123_early_stop.pkl,"{'bootstrap': False, 'ccp_alpha': 0.0, 'class_weight': None, 'criterion': 'gini', 'max_depth': None, 'max_features': 'sqrt', 'max_leaf_nodes': None, 'max_samples': None, 'min_impurity_decrease': 0.0, 'min_samples_leaf': 1, 'min_samples_split': 2, 'min_weight_fraction_leaf': 0.0, 'monotonic_cst': None, 'n_estimators': 100, 'n_jobs': -1, 'oob_score': False, 'random_state': 123, 'verbose': 0, 'warm_start': False}",2025-08-14_220927
ExtraTrees,S1_vs_S2_P3,123,True,5,1.0,1.0,experiment_results_statistical_IL_top_10_video_2025-08-14_220927_early_stop/extratrees_S1_vs_S2_P3_2025-08-14_220927_seed123_early_stop.pkl,"{'bootstrap': False, 'ccp_alpha': 0.0, 'class_weight': None, 'criterion': 'gini', 'max_depth': None, 'max_features': 'sqrt', 'max_leaf_nodes': None, 'max_samples': None, 'min_impurity_decrease': 0.0, 'min_samples_leaf': 1, 'min_samples_split': 2, 'min_weight_fraction_leaf': 0.0, 'monotonic_cst': None, 'n_estimators': 100, 'n_jobs': -1, 'oob_score': False, 'random_state': 123, 'verbose': 0, 'warm_start': False}",2025-08-14_220927
GradientBoosting,S1_vs_S2_P3,123,True,1,0.9,0.37755102040816324,experiment_results_statistical_IL_top_10_video_2025-08-14_220927_early_stop/gradientboosting_S1_vs_S2_P3_2025-08-14_220927_seed123_early_stop.pkl,"{'ccp_alpha': 0.0, 'criterion': 'friedman_mse', 'init': None, 'learning_rate': 0.1, 'loss': 'log_loss', 'max_depth': 3, 'max_features': None, 'max_leaf_nodes': None, 'min_impurity_decrease': 0.0, 'min_samples_leaf': 1, 'min_samples_split': 2, 'min_weight_fraction_leaf': 0.0, 'n_estimators': 100, 'n_iter_no_change': None, 'random_state': 123, 'subsample': 1.0, 'tol': 0.0001, 'validation_fraction': 0.1, 'verbose': 0, 'warm_start': False}",2025-08-14_220927
GradientBoosting,S1_vs_S2_P3,123,True,2,0.9666666666666667,0.5714285714285714,experiment_results_statistical_IL_top_10_video_2025-08-14_220927_early_stop/gradientboosting_S1_vs_S2_P3_2025-08-14_220927_seed123_early_stop.pkl,"{'ccp_alpha': 0.0, 'criterion': 'friedman_mse', 'init': None, 'learning_rate': 0.1, 'loss': 'log_loss', 'max_depth': 3, 'max_features': None, 'max_leaf_nodes': None, 'min_impurity_decrease': 0.0, 'min_samples_leaf': 1, 'min_samples_split': 2, 'min_weight_fraction_leaf': 0.0, 'n_estimators': 100, 'n_iter_no_change': None, 'random_state': 123, 'subsample': 1.0, 'tol': 0.0001, 'validation_fraction': 0.1, 'verbose': 0, 'warm_start': False}",2025-08-14_220927
GradientBoosting,S1_vs_S2_P3,123,True,3,1.0,0.7142857142857143,experiment_results_statistical_IL_top_10_video_2025-08-14_220927_early_stop/gradientboosting_S1_vs_S2_P3_2025-08-14_220927_seed123_early_stop.pkl,"{'ccp_alpha': 0.0, 'criterion': 'friedman_mse', 'init': None, 'learning_rate': 0.1, 'loss': 'log_loss', 'max_depth': 3, 'max_features': None, 'max_leaf_nodes': None, 'min_impurity_decrease': 0.0, 'min_samples_leaf': 1, 'min_samples_split': 2, 'min_weight_fraction_leaf': 0.0, 'n_estimators': 100, 'n_iter_no_change': None, 'random_state': 123, 'subsample': 1.0, 'tol': 0.0001, 'validation_fraction': 0.1, 'verbose': 0, 'warm_start': False}",2025-08-14_220927
GradientBoosting,S1_vs_S2_P3,123,True,4,1.0,0.7448979591836735,experiment_results_statistical_IL_top_10_video_2025-08-14_220927_early_stop/gradientboosting_S1_vs_S2_P3_2025-08-14_220927_seed123_early_stop.pkl,"{'ccp_alpha': 0.0, 'criterion': 'friedman_mse', 'init': None, 'learning_rate': 0.1, 'loss': 'log_loss', 'max_depth': 3, 'max_features': None, 'max_leaf_nodes': None, 'min_impurity_decrease': 0.0, 'min_samples_leaf': 1, 'min_samples_split': 2, 'min_weight_fraction_leaf': 0.0, 'n_estimators': 100, 'n_iter_no_change': None, 'random_state': 123, 'subsample': 1.0, 'tol': 0.0001, 'validation_fraction': 0.1, 'verbose': 0, 'warm_start': False}",2025-08-14_220927
GradientBoosting,S1_vs_S2_P3,123,True,5,1.0,0.8163265306122449,experiment_results_statistical_IL_top_10_video_2025-08-14_220927_early_stop/gradientboosting_S1_vs_S2_P3_2025-08-14_220927_seed123_early_stop.pkl,"{'ccp_alpha': 0.0, 'criterion': 'friedman_mse', 'init': None, 'learning_rate': 0.1, 'loss': 'log_loss', 'max_depth': 3, 'max_features': None, 'max_leaf_nodes': None, 'min_impurity_decrease': 0.0, 'min_samples_leaf': 1, 'min_samples_split': 2, 'min_weight_fraction_leaf': 0.0, 'n_estimators': 100, 'n_iter_no_change': None, 'random_state': 123, 'subsample': 1.0, 'tol': 0.0001, 'validation_fraction': 0.1, 'verbose': 0, 'warm_start': False}",2025-08-14_220927
KNN,S1_vs_S2_P3,123,True,1,0.4,0.29591836734693877,experiment_results_statistical_IL_top_10_video_2025-08-14_220927_early_stop/knn_S1_vs_S2_P3_2025-08-14_220927_seed123_early_stop.pkl,"{'algorithm': 'auto', 'leaf_size': 30, 'metric': 'minkowski', 'metric_params': None, 'n_jobs': -1, 'n_neighbors': 5, 'p': 2, 'weights': 'uniform'}",2025-08-14_220927
KNN,S1_vs_S2_P3,123,True,2,0.6333333333333333,0.5102040816326531,experiment_results_statistical_IL_top_10_video_2025-08-14_220927_early_stop/knn_S1_vs_S2_P3_2025-08-14_220927_seed123_early_stop.pkl,"{'algorithm': 'auto', 'leaf_size': 30, 'metric': 'minkowski', 'metric_params': None, 'n_jobs': -1, 'n_neighbors': 5, 'p': 2, 'weights': 'uniform'}",2025-08-14_220927
KNN,S1_vs_S2_P3,123,True,3,0.8333333333333334,0.7040816326530612,experiment_results_statistical_IL_top_10_video_2025-08-14_220927_early_stop/knn_S1_vs_S2_P3_2025-08-14_220927_seed123_early_stop.pkl,"{'algorithm': 'auto', 'leaf_size': 30, 'metric': 'minkowski', 'metric_params': None, 'n_jobs': -1, 'n_neighbors': 5, 'p': 2, 'weights': 'uniform'}",2025-08-14_220927
KNN,S1_vs_S2_P3,123,True,4,1.0,0.7653061224489796,experiment_results_statistical_IL_top_10_video_2025-08-14_220927_early_stop/knn_S1_vs_S2_P3_2025-08-14_220927_seed123_early_stop.pkl,"{'algorithm': 'auto', 'leaf_size': 30, 'metric': 'minkowski', 'metric_params': None, 'n_jobs': -1, 'n_neighbors': 5, 'p': 2, 'weights': 'uniform'}",2025-08-14_220927
KNN,S1_vs_S2_P3,123,True,5,1.0,0.8367346938775511,experiment_results_statistical_IL_top_10_video_2025-08-14_220927_early_stop/knn_S1_vs_S2_P3_2025-08-14_220927_seed123_early_stop.pkl,"{'algorithm': 'auto', 'leaf_size': 30, 'metric': 'minkowski', 'metric_params': None, 'n_jobs': -1, 'n_neighbors': 5, 'p': 2, 'weights': 'uniform'}",2025-08-14_220927
LogisticRegression,S1_vs_S2_P3,123,True,1,0.5333333333333333,0.2653061224489796,experiment_results_statistical_IL_top_10_video_2025-08-14_220927_early_stop/logisticregression_S1_vs_S2_P3_2025-08-14_220927_seed123_early_stop.pkl,"{'C': 1.0, 'class_weight': None, 'dual': False, 'fit_intercept': True, 'intercept_scaling': 1, 'l1_ratio': None, 'max_iter': 100, 'multi_class': 'deprecated', 'n_jobs': -1, 'penalty': 'l2', 'random_state': 123, 'solver': 'lbfgs', 'tol': 0.0001, 'verbose': 0, 'warm_start': False}",2025-08-14_220927
LogisticRegression,S1_vs_S2_P3,123,True,2,0.7666666666666667,0.5306122448979592,experiment_results_statistical_IL_top_10_video_2025-08-14_220927_early_stop/logisticregression_S1_vs_S2_P3_2025-08-14_220927_seed123_early_stop.pkl,"{'C': 1.0, 'class_weight': None, 'dual': False, 'fit_intercept': True, 'intercept_scaling': 1, 'l1_ratio': None, 'max_iter': 100, 'multi_class': 'deprecated', 'n_jobs': -1, 'penalty': 'l2', 'random_state': 123, 'solver': 'lbfgs', 'tol': 0.0001, 'verbose': 0, 'warm_start': False}",2025-08-14_220927
LogisticRegression,S1_vs_S2_P3,123,True,3,0.7666666666666667,0.6224489795918368,experiment_results_statistical_IL_top_10_video_2025-08-14_220927_early_stop/logisticregression_S1_vs_S2_P3_2025-08-14_220927_seed123_early_stop.pkl,"{'C': 1.0, 'class_weight': None, 'dual': False, 'fit_intercept': True, 'intercept_scaling': 1, 'l1_ratio': None, 'max_iter': 100, 'multi_class': 'deprecated', 'n_jobs': -1, 'penalty': 'l2', 'random_state': 123, 'solver': 'lbfgs', 'tol': 0.0001, 'verbose': 0, 'warm_start': False}",2025-08-14_220927
LogisticRegression,S1_vs_S2_P3,123,True,4,0.7666666666666667,0.673469387755102,experiment_results_statistical_IL_top_10_video_2025-08-14_220927_early_stop/logisticregression_S1_vs_S2_P3_2025-08-14_220927_seed123_early_stop.pkl,"{'C': 1.0, 'class_weight': None, 'dual': False, 'fit_intercept': True, 'intercept_scaling': 1, 'l1_ratio': None, 'max_iter': 100, 'multi_class': 'deprecated', 'n_jobs': -1, 'penalty': 'l2', 'random_state': 123, 'solver': 'lbfgs', 'tol': 0.0001, 'verbose': 0, 'warm_start': False}",2025-08-14_220927
LogisticRegression,S1_vs_S2_P3,123,True,5,0.8,0.6938775510204082,experiment_results_statistical_IL_top_10_video_2025-08-14_220927_early_stop/logisticregression_S1_vs_S2_P3_2025-08-14_220927_seed123_early_stop.pkl,"{'C': 1.0, 'class_weight': None, 'dual': False, 'fit_intercept': True, 'intercept_scaling': 1, 'l1_ratio': None, 'max_iter': 100, 'multi_class': 'deprecated', 'n_jobs': -1, 'penalty': 'l2', 'random_state': 123, 'solver': 'lbfgs', 'tol': 0.0001, 'verbose': 0, 'warm_start': False}",2025-08-14_220927
RandomForest,S1_vs_S2_P3,456,True,1,0.9,0.5918367346938775,experiment_results_statistical_IL_top_10_video_2025-08-14_220927_early_stop/randomforest_S1_vs_S2_P3_2025-08-14_220927_seed456_early_stop.pkl,"{'bootstrap': True, 'ccp_alpha': 0.0, 'class_weight': None, 'criterion': 'gini', 'max_depth': None, 'max_features': 'sqrt', 'max_leaf_nodes': None, 'max_samples': None, 'min_impurity_decrease': 0.0, 'min_samples_leaf': 1, 'min_samples_split': 2, 'min_weight_fraction_leaf': 0.0, 'monotonic_cst': None, 'n_estimators': 100, 'n_jobs': -1, 'oob_score': False, 'random_state': 456, 'verbose': 0, 'warm_start': False}",2025-08-14_220927
RandomForest,S1_vs_S2_P3,456,True,2,0.9666666666666667,0.8163265306122449,experiment_results_statistical_IL_top_10_video_2025-08-14_220927_early_stop/randomforest_S1_vs_S2_P3_2025-08-14_220927_seed456_early_stop.pkl,"{'bootstrap': True, 'ccp_alpha': 0.0, 'class_weight': None, 'criterion': 'gini', 'max_depth': None, 'max_features': 'sqrt', 'max_leaf_nodes': None, 'max_samples': None, 'min_impurity_decrease': 0.0, 'min_samples_leaf': 1, 'min_samples_split': 2, 'min_weight_fraction_leaf': 0.0, 'monotonic_cst': None, 'n_estimators': 100, 'n_jobs': -1, 'oob_score': False, 'random_state': 456, 'verbose': 0, 'warm_start': False}",2025-08-14_220927
RandomForest,S1_vs_S2_P3,456,True,3,1.0,0.9489795918367347,experiment_results_statistical_IL_top_10_video_2025-08-14_220927_early_stop/randomforest_S1_vs_S2_P3_2025-08-14_220927_seed456_early_stop.pkl,"{'bootstrap': True, 'ccp_alpha': 0.0, 'class_weight': None, 'criterion': 'gini', 'max_depth': None, 'max_features': 'sqrt', 'max_leaf_nodes': None, 'max_samples': None, 'min_impurity_decrease': 0.0, 'min_samples_leaf': 1, 'min_samples_split': 2, 'min_weight_fraction_leaf': 0.0, 'monotonic_cst': None, 'n_estimators': 100, 'n_jobs': -1, 'oob_score': False, 'random_state': 456, 'verbose': 0, 'warm_start': False}",2025-08-14_220927
RandomForest,S1_vs_S2_P3,456,True,4,1.0,0.9591836734693877,experiment_results_statistical_IL_top_10_video_2025-08-14_220927_early_stop/randomforest_S1_vs_S2_P3_2025-08-14_220927_seed456_early_stop.pkl,"{'bootstrap': True, 'ccp_alpha': 0.0, 'class_weight': None, 'criterion': 'gini', 'max_depth': None, 'max_features': 'sqrt', 'max_leaf_nodes': None, 'max_samples': None, 'min_impurity_decrease': 0.0, 'min_samples_leaf': 1, 'min_samples_split': 2, 'min_weight_fraction_leaf': 0.0, 'monotonic_cst': None, 'n_estimators': 100, 'n_jobs': -1, 'oob_score': False, 'random_state': 456, 'verbose': 0, 'warm_start': False}",2025-08-14_220927
RandomForest,S1_vs_S2_P3,456,True,5,1.0,0.9795918367346939,experiment_results_statistical_IL_top_10_video_2025-08-14_220927_early_stop/randomforest_S1_vs_S2_P3_2025-08-14_220927_seed456_early_stop.pkl,"{'bootstrap': True, 'ccp_alpha': 0.0, 'class_weight': None, 'criterion': 'gini', 'max_depth': None, 'max_features': 'sqrt', 'max_leaf_nodes': None, 'max_samples': None, 'min_impurity_decrease': 0.0, 'min_samples_leaf': 1, 'min_samples_split': 2, 'min_weight_fraction_leaf': 0.0, 'monotonic_cst': None, 'n_estimators': 100, 'n_jobs': -1, 'oob_score': False, 'random_state': 456, 'verbose': 0, 'warm_start': False}",2025-08-14_220927
SVM,S1_vs_S2_P3,456,True,1,0.0,0.07142857142857142,experiment_results_statistical_IL_top_10_video_2025-08-14_220927_early_stop/svm_S1_vs_S2_P3_2025-08-14_220927_seed456_early_stop.pkl,"{'C': 1.0, 'break_ties': False, 'cache_size': 200, 'class_weight': None, 'coef0': 0.0, 'decision_function_shape': 'ovr', 'degree': 3, 'gamma': 'scale', 'kernel': 'rbf', 'max_iter': -1, 'probability': True, 'random_state': 456, 'shrinking': True, 'tol': 0.001, 'verbose': False}",2025-08-14_220927
SVM,S1_vs_S2_P3,456,True,2,0.06666666666666667,0.09183673469387756,experiment_results_statistical_IL_top_10_video_2025-08-14_220927_early_stop/svm_S1_vs_S2_P3_2025-08-14_220927_seed456_early_stop.pkl,"{'C': 1.0, 'break_ties': False, 'cache_size': 200, 'class_weight': None, 'coef0': 0.0, 'decision_function_shape': 'ovr', 'degree': 3, 'gamma': 'scale', 'kernel': 'rbf', 'max_iter': -1, 'probability': True, 'random_state': 456, 'shrinking': True, 'tol': 0.001, 'verbose': False}",2025-08-14_220927
SVM,S1_vs_S2_P3,456,True,3,0.1,0.12244897959183673,experiment_results_statistical_IL_top_10_video_2025-08-14_220927_early_stop/svm_S1_vs_S2_P3_2025-08-14_220927_seed456_early_stop.pkl,"{'C': 1.0, 'break_ties': False, 'cache_size': 200, 'class_weight': None, 'coef0': 0.0, 'decision_function_shape': 'ovr', 'degree': 3, 'gamma': 'scale', 'kernel': 'rbf', 'max_iter': -1, 'probability': True, 'random_state': 456, 'shrinking': True, 'tol': 0.001, 'verbose': False}",2025-08-14_220927
SVM,S1_vs_S2_P3,456,True,4,0.1,0.16326530612244897,experiment_results_statistical_IL_top_10_video_2025-08-14_220927_early_stop/svm_S1_vs_S2_P3_2025-08-14_220927_seed456_early_stop.pkl,"{'C': 1.0, 'break_ties': False, 'cache_size': 200, 'class_weight': None, 'coef0': 0.0, 'decision_function_shape': 'ovr', 'degree': 3, 'gamma': 'scale', 'kernel': 'rbf', 'max_iter': -1, 'probability': True, 'random_state': 456, 'shrinking': True, 'tol': 0.001, 'verbose': False}",2025-08-14_220927
SVM,S1_vs_S2_P3,456,True,5,0.1,0.21428571428571427,experiment_results_statistical_IL_top_10_video_2025-08-14_220927_early_stop/svm_S1_vs_S2_P3_2025-08-14_220927_seed456_early_stop.pkl,"{'C': 1.0, 'break_ties': False, 'cache_size': 200, 'class_weight': None, 'coef0': 0.0, 'decision_function_shape': 'ovr', 'degree': 3, 'gamma': 'scale', 'kernel': 'rbf', 'max_iter': -1, 'probability': True, 'random_state': 456, 'shrinking': True, 'tol': 0.001, 'verbose': False}",2025-08-14_220927
MLP,S1_vs_S2_P3,456,True,1,0.1,0.09183673469387756,experiment_results_statistical_IL_top_10_video_2025-08-14_220927_early_stop/mlp_S1_vs_S2_P3_2025-08-14_220927_seed456_early_stop.pkl,"{'activation': 'relu', 'alpha': 0.0001, 'batch_size': 'auto', 'beta_1': 0.9, 'beta_2': 0.999, 'early_stopping': False, 'epsilon': 1e-08, 'hidden_layer_sizes': (100,), 'learning_rate': 'constant', 'learning_rate_init': 0.001, 'max_fun': 15000, 'max_iter': 200, 'momentum': 0.9, 'n_iter_no_change': 10, 'nesterovs_momentum': True, 'power_t': 0.5, 'random_state': 456, 'shuffle': True, 'solver': 'adam', 'tol': 0.0001, 'validation_fraction': 0.1, 'verbose': False, 'warm_start': False}",2025-08-14_220927
MLP,S1_vs_S2_P3,456,True,2,0.2,0.1836734693877551,experiment_results_statistical_IL_top_10_video_2025-08-14_220927_early_stop/mlp_S1_vs_S2_P3_2025-08-14_220927_seed456_early_stop.pkl,"{'activation': 'relu', 'alpha': 0.0001, 'batch_size': 'auto', 'beta_1': 0.9, 'beta_2': 0.999, 'early_stopping': False, 'epsilon': 1e-08, 'hidden_layer_sizes': (100,), 'learning_rate': 'constant', 'learning_rate_init': 0.001, 'max_fun': 15000, 'max_iter': 200, 'momentum': 0.9, 'n_iter_no_change': 10, 'nesterovs_momentum': True, 'power_t': 0.5, 'random_state': 456, 'shuffle': True, 'solver': 'adam', 'tol': 0.0001, 'validation_fraction': 0.1, 'verbose': False, 'warm_start': False}",2025-08-14_220927
MLP,S1_vs_S2_P3,456,True,3,0.36666666666666664,0.3163265306122449,experiment_results_statistical_IL_top_10_video_2025-08-14_220927_early_stop/mlp_S1_vs_S2_P3_2025-08-14_220927_seed456_early_stop.pkl,"{'activation': 'relu', 'alpha': 0.0001, 'batch_size': 'auto', 'beta_1': 0.9, 'beta_2': 0.999, 'early_stopping': False, 'epsilon': 1e-08, 'hidden_layer_sizes': (100,), 'learning_rate': 'constant', 'learning_rate_init': 0.001, 'max_fun': 15000, 'max_iter': 200, 'momentum': 0.9, 'n_iter_no_change': 10, 'nesterovs_momentum': True, 'power_t': 0.5, 'random_state': 456, 'shuffle': True, 'solver': 'adam', 'tol': 0.0001, 'validation_fraction': 0.1, 'verbose': False, 'warm_start': False}",2025-08-14_220927
MLP,S1_vs_S2_P3,456,True,4,0.4,0.3673469387755102,experiment_results_statistical_IL_top_10_video_2025-08-14_220927_early_stop/mlp_S1_vs_S2_P3_2025-08-14_220927_seed456_early_stop.pkl,"{'activation': 'relu', 'alpha': 0.0001, 'batch_size': 'auto', 'beta_1': 0.9, 'beta_2': 0.999, 'early_stopping': False, 'epsilon': 1e-08, 'hidden_layer_sizes': (100,), 'learning_rate': 'constant', 'learning_rate_init': 0.001, 'max_fun': 15000, 'max_iter': 200, 'momentum': 0.9, 'n_iter_no_change': 10, 'nesterovs_momentum': True, 'power_t': 0.5, 'random_state': 456, 'shuffle': True, 'solver': 'adam', 'tol': 0.0001, 'validation_fraction': 0.1, 'verbose': False, 'warm_start': False}",2025-08-14_220927
MLP,S1_vs_S2_P3,456,True,5,0.5,0.45918367346938777,experiment_results_statistical_IL_top_10_video_2025-08-14_220927_early_stop/mlp_S1_vs_S2_P3_2025-08-14_220927_seed456_early_stop.pkl,"{'activation': 'relu', 'alpha': 0.0001, 'batch_size': 'auto', 'beta_1': 0.9, 'beta_2': 0.999, 'early_stopping': False, 'epsilon': 1e-08, 'hidden_layer_sizes': (100,), 'learning_rate': 'constant', 'learning_rate_init': 0.001, 'max_fun': 15000, 'max_iter': 200, 'momentum': 0.9, 'n_iter_no_change': 10, 'nesterovs_momentum': True, 'power_t': 0.5, 'random_state': 456, 'shuffle': True, 'solver': 'adam', 'tol': 0.0001, 'validation_fraction': 0.1, 'verbose': False, 'warm_start': False}",2025-08-14_220927
NaiveBayes,S1_vs_S2_P3,456,True,1,0.9,0.4387755102040816,experiment_results_statistical_IL_top_10_video_2025-08-14_220927_early_stop/naivebayes_S1_vs_S2_P3_2025-08-14_220927_seed456_early_stop.pkl,"{'priors': None, 'var_smoothing': 1e-09}",2025-08-14_220927
NaiveBayes,S1_vs_S2_P3,456,True,2,0.9666666666666667,0.6224489795918368,experiment_results_statistical_IL_top_10_video_2025-08-14_220927_early_stop/naivebayes_S1_vs_S2_P3_2025-08-14_220927_seed456_early_stop.pkl,"{'priors': None, 'var_smoothing': 1e-09}",2025-08-14_220927
NaiveBayes,S1_vs_S2_P3,456,True,3,1.0,0.7959183673469388,experiment_results_statistical_IL_top_10_video_2025-08-14_220927_early_stop/naivebayes_S1_vs_S2_P3_2025-08-14_220927_seed456_early_stop.pkl,"{'priors': None, 'var_smoothing': 1e-09}",2025-08-14_220927
NaiveBayes,S1_vs_S2_P3,456,True,4,1.0,0.8571428571428571,experiment_results_statistical_IL_top_10_video_2025-08-14_220927_early_stop/naivebayes_S1_vs_S2_P3_2025-08-14_220927_seed456_early_stop.pkl,"{'priors': None, 'var_smoothing': 1e-09}",2025-08-14_220927
NaiveBayes,S1_vs_S2_P3,456,True,5,1.0,0.8775510204081632,experiment_results_statistical_IL_top_10_video_2025-08-14_220927_early_stop/naivebayes_S1_vs_S2_P3_2025-08-14_220927_seed456_early_stop.pkl,"{'priors': None, 'var_smoothing': 1e-09}",2025-08-14_220927
LightGBM,S1_vs_S2_P3,456,True,1,0.1,0.09183673469387756,experiment_results_statistical_IL_top_10_video_2025-08-14_220927_early_stop/lightgbm_S1_vs_S2_P3_2025-08-14_220927_seed456_early_stop.pkl,"{'boosting_type': 'gbdt', 'class_weight': None, 'colsample_bytree': 1.0, 'importance_type': 'split', 'learning_rate': 0.1, 'max_depth': -1, 'min_child_samples': 20, 'min_child_weight': 0.001, 'min_split_gain': 0.0, 'n_estimators': 100, 'n_jobs': -1, 'num_leaves': 31, 'objective': None, 'random_state': 456, 'reg_alpha': 0.0, 'reg_lambda': 0.0, 'subsample': 1.0, 'subsample_for_bin': 200000, 'subsample_freq': 0, 'verbose': -1}",2025-08-14_220927
LightGBM,S1_vs_S2_P3,456,True,2,0.2,0.1836734693877551,experiment_results_statistical_IL_top_10_video_2025-08-14_220927_early_stop/lightgbm_S1_vs_S2_P3_2025-08-14_220927_seed456_early_stop.pkl,"{'boosting_type': 'gbdt', 'class_weight': None, 'colsample_bytree': 1.0, 'importance_type': 'split', 'learning_rate': 0.1, 'max_depth': -1, 'min_child_samples': 20, 'min_child_weight': 0.001, 'min_split_gain': 0.0, 'n_estimators': 100, 'n_jobs': -1, 'num_leaves': 31, 'objective': None, 'random_state': 456, 'reg_alpha': 0.0, 'reg_lambda': 0.0, 'subsample': 1.0, 'subsample_for_bin': 200000, 'subsample_freq': 0, 'verbose': -1}",2025-08-14_220927
LightGBM,S1_vs_S2_P3,456,True,3,0.3,0.2755102040816326,experiment_results_statistical_IL_top_10_video_2025-08-14_220927_early_stop/lightgbm_S1_vs_S2_P3_2025-08-14_220927_seed456_early_stop.pkl,"{'boosting_type': 'gbdt', 'class_weight': None, 'colsample_bytree': 1.0, 'importance_type': 'split', 'learning_rate': 0.1, 'max_depth': -1, 'min_child_samples': 20, 'min_child_weight': 0.001, 'min_split_gain': 0.0, 'n_estimators': 100, 'n_jobs': -1, 'num_leaves': 31, 'objective': None, 'random_state': 456, 'reg_alpha': 0.0, 'reg_lambda': 0.0, 'subsample': 1.0, 'subsample_for_bin': 200000, 'subsample_freq': 0, 'verbose': -1}",2025-08-14_220927
LightGBM,S1_vs_S2_P3,456,True,4,0.4,0.3673469387755102,experiment_results_statistical_IL_top_10_video_2025-08-14_220927_early_stop/lightgbm_S1_vs_S2_P3_2025-08-14_220927_seed456_early_stop.pkl,"{'boosting_type': 'gbdt', 'class_weight': None, 'colsample_bytree': 1.0, 'importance_type': 'split', 'learning_rate': 0.1, 'max_depth': -1, 'min_child_samples': 20, 'min_child_weight': 0.001, 'min_split_gain': 0.0, 'n_estimators': 100, 'n_jobs': -1, 'num_leaves': 31, 'objective': None, 'random_state': 456, 'reg_alpha': 0.0, 'reg_lambda': 0.0, 'subsample': 1.0, 'subsample_for_bin': 200000, 'subsample_freq': 0, 'verbose': -1}",2025-08-14_220927
LightGBM,S1_vs_S2_P3,456,True,5,0.5,0.45918367346938777,experiment_results_statistical_IL_top_10_video_2025-08-14_220927_early_stop/lightgbm_S1_vs_S2_P3_2025-08-14_220927_seed456_early_stop.pkl,"{'boosting_type': 'gbdt', 'class_weight': None, 'colsample_bytree': 1.0, 'importance_type': 'split', 'learning_rate': 0.1, 'max_depth': -1, 'min_child_samples': 20, 'min_child_weight': 0.001, 'min_split_gain': 0.0, 'n_estimators': 100, 'n_jobs': -1, 'num_leaves': 31, 'objective': None, 'random_state': 456, 'reg_alpha': 0.0, 'reg_lambda': 0.0, 'subsample': 1.0, 'subsample_for_bin': 200000, 'subsample_freq': 0, 'verbose': -1}",2025-08-14_220927
ExtraTrees,S1_vs_S2_P3,456,True,1,0.9,0.5102040816326531,experiment_results_statistical_IL_top_10_video_2025-08-14_220927_early_stop/extratrees_S1_vs_S2_P3_2025-08-14_220927_seed456_early_stop.pkl,"{'bootstrap': False, 'ccp_alpha': 0.0, 'class_weight': None, 'criterion': 'gini', 'max_depth': None, 'max_features': 'sqrt', 'max_leaf_nodes': None, 'max_samples': None, 'min_impurity_decrease': 0.0, 'min_samples_leaf': 1, 'min_samples_split': 2, 'min_weight_fraction_leaf': 0.0, 'monotonic_cst': None, 'n_estimators': 100, 'n_jobs': -1, 'oob_score': False, 'random_state': 456, 'verbose': 0, 'warm_start': False}",2025-08-14_220927
ExtraTrees,S1_vs_S2_P3,456,True,2,0.9666666666666667,0.8163265306122449,experiment_results_statistical_IL_top_10_video_2025-08-14_220927_early_stop/extratrees_S1_vs_S2_P3_2025-08-14_220927_seed456_early_stop.pkl,"{'bootstrap': False, 'ccp_alpha': 0.0, 'class_weight': None, 'criterion': 'gini', 'max_depth': None, 'max_features': 'sqrt', 'max_leaf_nodes': None, 'max_samples': None, 'min_impurity_decrease': 0.0, 'min_samples_leaf': 1, 'min_samples_split': 2, 'min_weight_fraction_leaf': 0.0, 'monotonic_cst': None, 'n_estimators': 100, 'n_jobs': -1, 'oob_score': False, 'random_state': 456, 'verbose': 0, 'warm_start': False}",2025-08-14_220927
ExtraTrees,S1_vs_S2_P3,456,True,3,1.0,0.9897959183673469,experiment_results_statistical_IL_top_10_video_2025-08-14_220927_early_stop/extratrees_S1_vs_S2_P3_2025-08-14_220927_seed456_early_stop.pkl,"{'bootstrap': False, 'ccp_alpha': 0.0, 'class_weight': None, 'criterion': 'gini', 'max_depth': None, 'max_features': 'sqrt', 'max_leaf_nodes': None, 'max_samples': None, 'min_impurity_decrease': 0.0, 'min_samples_leaf': 1, 'min_samples_split': 2, 'min_weight_fraction_leaf': 0.0, 'monotonic_cst': None, 'n_estimators': 100, 'n_jobs': -1, 'oob_score': False, 'random_state': 456, 'verbose': 0, 'warm_start': False}",2025-08-14_220927
ExtraTrees,S1_vs_S2_P3,456,True,4,1.0,0.9897959183673469,experiment_results_statistical_IL_top_10_video_2025-08-14_220927_early_stop/extratrees_S1_vs_S2_P3_2025-08-14_220927_seed456_early_stop.pkl,"{'bootstrap': False, 'ccp_alpha': 0.0, 'class_weight': None, 'criterion': 'gini', 'max_depth': None, 'max_features': 'sqrt', 'max_leaf_nodes': None, 'max_samples': None, 'min_impurity_decrease': 0.0, 'min_samples_leaf': 1, 'min_samples_split': 2, 'min_weight_fraction_leaf': 0.0, 'monotonic_cst': None, 'n_estimators': 100, 'n_jobs': -1, 'oob_score': False, 'random_state': 456, 'verbose': 0, 'warm_start': False}",2025-08-14_220927
ExtraTrees,S1_vs_S2_P3,456,True,5,1.0,1.0,experiment_results_statistical_IL_top_10_video_2025-08-14_220927_early_stop/extratrees_S1_vs_S2_P3_2025-08-14_220927_seed456_early_stop.pkl,"{'bootstrap': False, 'ccp_alpha': 0.0, 'class_weight': None, 'criterion': 'gini', 'max_depth': None, 'max_features': 'sqrt', 'max_leaf_nodes': None, 'max_samples': None, 'min_impurity_decrease': 0.0, 'min_samples_leaf': 1, 'min_samples_split': 2, 'min_weight_fraction_leaf': 0.0, 'monotonic_cst': None, 'n_estimators': 100, 'n_jobs': -1, 'oob_score': False, 'random_state': 456, 'verbose': 0, 'warm_start': False}",2025-08-14_220927
GradientBoosting,S1_vs_S2_P3,456,True,1,0.9,0.3877551020408163,experiment_results_statistical_IL_top_10_video_2025-08-14_220927_early_stop/gradientboosting_S1_vs_S2_P3_2025-08-14_220927_seed456_early_stop.pkl,"{'ccp_alpha': 0.0, 'criterion': 'friedman_mse', 'init': None, 'learning_rate': 0.1, 'loss': 'log_loss', 'max_depth': 3, 'max_features': None, 'max_leaf_nodes': None, 'min_impurity_decrease': 0.0, 'min_samples_leaf': 1, 'min_samples_split': 2, 'min_weight_fraction_leaf': 0.0, 'n_estimators': 100, 'n_iter_no_change': None, 'random_state': 456, 'subsample': 1.0, 'tol': 0.0001, 'validation_fraction': 0.1, 'verbose': 0, 'warm_start': False}",2025-08-14_220927
GradientBoosting,S1_vs_S2_P3,456,True,2,0.9666666666666667,0.5918367346938775,experiment_results_statistical_IL_top_10_video_2025-08-14_220927_early_stop/gradientboosting_S1_vs_S2_P3_2025-08-14_220927_seed456_early_stop.pkl,"{'ccp_alpha': 0.0, 'criterion': 'friedman_mse', 'init': None, 'learning_rate': 0.1, 'loss': 'log_loss', 'max_depth': 3, 'max_features': None, 'max_leaf_nodes': None, 'min_impurity_decrease': 0.0, 'min_samples_leaf': 1, 'min_samples_split': 2, 'min_weight_fraction_leaf': 0.0, 'n_estimators': 100, 'n_iter_no_change': None, 'random_state': 456, 'subsample': 1.0, 'tol': 0.0001, 'validation_fraction': 0.1, 'verbose': 0, 'warm_start': False}",2025-08-14_220927
GradientBoosting,S1_vs_S2_P3,456,True,3,1.0,0.6836734693877551,experiment_results_statistical_IL_top_10_video_2025-08-14_220927_early_stop/gradientboosting_S1_vs_S2_P3_2025-08-14_220927_seed456_early_stop.pkl,"{'ccp_alpha': 0.0, 'criterion': 'friedman_mse', 'init': None, 'learning_rate': 0.1, 'loss': 'log_loss', 'max_depth': 3, 'max_features': None, 'max_leaf_nodes': None, 'min_impurity_decrease': 0.0, 'min_samples_leaf': 1, 'min_samples_split': 2, 'min_weight_fraction_leaf': 0.0, 'n_estimators': 100, 'n_iter_no_change': None, 'random_state': 456, 'subsample': 1.0, 'tol': 0.0001, 'validation_fraction': 0.1, 'verbose': 0, 'warm_start': False}",2025-08-14_220927
GradientBoosting,S1_vs_S2_P3,456,True,4,1.0,0.7857142857142857,experiment_results_statistical_IL_top_10_video_2025-08-14_220927_early_stop/gradientboosting_S1_vs_S2_P3_2025-08-14_220927_seed456_early_stop.pkl,"{'ccp_alpha': 0.0, 'criterion': 'friedman_mse', 'init': None, 'learning_rate': 0.1, 'loss': 'log_loss', 'max_depth': 3, 'max_features': None, 'max_leaf_nodes': None, 'min_impurity_decrease': 0.0, 'min_samples_leaf': 1, 'min_samples_split': 2, 'min_weight_fraction_leaf': 0.0, 'n_estimators': 100, 'n_iter_no_change': None, 'random_state': 456, 'subsample': 1.0, 'tol': 0.0001, 'validation_fraction': 0.1, 'verbose': 0, 'warm_start': False}",2025-08-14_220927
GradientBoosting,S1_vs_S2_P3,456,True,5,1.0,0.826530612244898,experiment_results_statistical_IL_top_10_video_2025-08-14_220927_early_stop/gradientboosting_S1_vs_S2_P3_2025-08-14_220927_seed456_early_stop.pkl,"{'ccp_alpha': 0.0, 'criterion': 'friedman_mse', 'init': None, 'learning_rate': 0.1, 'loss': 'log_loss', 'max_depth': 3, 'max_features': None, 'max_leaf_nodes': None, 'min_impurity_decrease': 0.0, 'min_samples_leaf': 1, 'min_samples_split': 2, 'min_weight_fraction_leaf': 0.0, 'n_estimators': 100, 'n_iter_no_change': None, 'random_state': 456, 'subsample': 1.0, 'tol': 0.0001, 'validation_fraction': 0.1, 'verbose': 0, 'warm_start': False}",2025-08-14_220927
KNN,S1_vs_S2_P3,456,True,1,0.4,0.29591836734693877,experiment_results_statistical_IL_top_10_video_2025-08-14_220927_early_stop/knn_S1_vs_S2_P3_2025-08-14_220927_seed456_early_stop.pkl,"{'algorithm': 'auto', 'leaf_size': 30, 'metric': 'minkowski', 'metric_params': None, 'n_jobs': -1, 'n_neighbors': 5, 'p': 2, 'weights': 'uniform'}",2025-08-14_220927
KNN,S1_vs_S2_P3,456,True,2,0.6333333333333333,0.5102040816326531,experiment_results_statistical_IL_top_10_video_2025-08-14_220927_early_stop/knn_S1_vs_S2_P3_2025-08-14_220927_seed456_early_stop.pkl,"{'algorithm': 'auto', 'leaf_size': 30, 'metric': 'minkowski', 'metric_params': None, 'n_jobs': -1, 'n_neighbors': 5, 'p': 2, 'weights': 'uniform'}",2025-08-14_220927
KNN,S1_vs_S2_P3,456,True,3,0.8333333333333334,0.7040816326530612,experiment_results_statistical_IL_top_10_video_2025-08-14_220927_early_stop/knn_S1_vs_S2_P3_2025-08-14_220927_seed456_early_stop.pkl,"{'algorithm': 'auto', 'leaf_size': 30, 'metric': 'minkowski', 'metric_params': None, 'n_jobs': -1, 'n_neighbors': 5, 'p': 2, 'weights': 'uniform'}",2025-08-14_220927
KNN,S1_vs_S2_P3,456,True,4,1.0,0.7653061224489796,experiment_results_statistical_IL_top_10_video_2025-08-14_220927_early_stop/knn_S1_vs_S2_P3_2025-08-14_220927_seed456_early_stop.pkl,"{'algorithm': 'auto', 'leaf_size': 30, 'metric': 'minkowski', 'metric_params': None, 'n_jobs': -1, 'n_neighbors': 5, 'p': 2, 'weights': 'uniform'}",2025-08-14_220927
KNN,S1_vs_S2_P3,456,True,5,1.0,0.8367346938775511,experiment_results_statistical_IL_top_10_video_2025-08-14_220927_early_stop/knn_S1_vs_S2_P3_2025-08-14_220927_seed456_early_stop.pkl,"{'algorithm': 'auto', 'leaf_size': 30, 'metric': 'minkowski', 'metric_params': None, 'n_jobs': -1, 'n_neighbors': 5, 'p': 2, 'weights': 'uniform'}",2025-08-14_220927
LogisticRegression,S1_vs_S2_P3,456,True,1,0.5333333333333333,0.2653061224489796,experiment_results_statistical_IL_top_10_video_2025-08-14_220927_early_stop/logisticregression_S1_vs_S2_P3_2025-08-14_220927_seed456_early_stop.pkl,"{'C': 1.0, 'class_weight': None, 'dual': False, 'fit_intercept': True, 'intercept_scaling': 1, 'l1_ratio': None, 'max_iter': 100, 'multi_class': 'deprecated', 'n_jobs': -1, 'penalty': 'l2', 'random_state': 456, 'solver': 'lbfgs', 'tol': 0.0001, 'verbose': 0, 'warm_start': False}",2025-08-14_220927
LogisticRegression,S1_vs_S2_P3,456,True,2,0.7666666666666667,0.5306122448979592,experiment_results_statistical_IL_top_10_video_2025-08-14_220927_early_stop/logisticregression_S1_vs_S2_P3_2025-08-14_220927_seed456_early_stop.pkl,"{'C': 1.0, 'class_weight': None, 'dual': False, 'fit_intercept': True, 'intercept_scaling': 1, 'l1_ratio': None, 'max_iter': 100, 'multi_class': 'deprecated', 'n_jobs': -1, 'penalty': 'l2', 'random_state': 456, 'solver': 'lbfgs', 'tol': 0.0001, 'verbose': 0, 'warm_start': False}",2025-08-14_220927
LogisticRegression,S1_vs_S2_P3,456,True,3,0.7666666666666667,0.6224489795918368,experiment_results_statistical_IL_top_10_video_2025-08-14_220927_early_stop/logisticregression_S1_vs_S2_P3_2025-08-14_220927_seed456_early_stop.pkl,"{'C': 1.0, 'class_weight': None, 'dual': False, 'fit_intercept': True, 'intercept_scaling': 1, 'l1_ratio': None, 'max_iter': 100, 'multi_class': 'deprecated', 'n_jobs': -1, 'penalty': 'l2', 'random_state': 456, 'solver': 'lbfgs', 'tol': 0.0001, 'verbose': 0, 'warm_start': False}",2025-08-14_220927
LogisticRegression,S1_vs_S2_P3,456,True,4,0.7666666666666667,0.673469387755102,experiment_results_statistical_IL_top_10_video_2025-08-14_220927_early_stop/logisticregression_S1_vs_S2_P3_2025-08-14_220927_seed456_early_stop.pkl,"{'C': 1.0, 'class_weight': None, 'dual': False, 'fit_intercept': True, 'intercept_scaling': 1, 'l1_ratio': None, 'max_iter': 100, 'multi_class': 'deprecated', 'n_jobs': -1, 'penalty': 'l2', 'random_state': 456, 'solver': 'lbfgs', 'tol': 0.0001, 'verbose': 0, 'warm_start': False}",2025-08-14_220927
LogisticRegression,S1_vs_S2_P3,456,True,5,0.8,0.6938775510204082,experiment_results_statistical_IL_top_10_video_2025-08-14_220927_early_stop/logisticregression_S1_vs_S2_P3_2025-08-14_220927_seed456_early_stop.pkl,"{'C': 1.0, 'class_weight': None, 'dual': False, 'fit_intercept': True, 'intercept_scaling': 1, 'l1_ratio': None, 'max_iter': 100, 'multi_class': 'deprecated', 'n_jobs': -1, 'penalty': 'l2', 'random_state': 456, 'solver': 'lbfgs', 'tol': 0.0001, 'verbose': 0, 'warm_start': False}",2025-08-14_220927
RandomForest,S1_vs_S2_All,42,True,1,0.8617021276595744,0.5816326530612245,experiment_results_statistical_IL_top_10_video_2025-08-14_220927_early_stop/randomforest_S1_vs_S2_All_2025-08-14_220927_seed42_early_stop.pkl,"{'bootstrap': True, 'max_depth': 10, 'max_features': 'log2', 'min_samples_leaf': 1, 'min_samples_split': 2, 'n_estimators': 100}",2025-08-14_220927
RandomForest,S1_vs_S2_All,42,True,2,0.9361702127659575,0.826530612244898,experiment_results_statistical_IL_top_10_video_2025-08-14_220927_early_stop/randomforest_S1_vs_S2_All_2025-08-14_220927_seed42_early_stop.pkl,"{'bootstrap': True, 'max_depth': 10, 'max_features': 'log2', 'min_samples_leaf': 1, 'min_samples_split': 2, 'n_estimators': 100}",2025-08-14_220927
RandomForest,S1_vs_S2_All,42,True,3,1.0,0.9795918367346939,experiment_results_statistical_IL_top_10_video_2025-08-14_220927_early_stop/randomforest_S1_vs_S2_All_2025-08-14_220927_seed42_early_stop.pkl,"{'bootstrap': True, 'max_depth': 10, 'max_features': 'log2', 'min_samples_leaf': 1, 'min_samples_split': 2, 'n_estimators': 100}",2025-08-14_220927
RandomForest,S1_vs_S2_All,42,True,4,1.0,1.0,experiment_results_statistical_IL_top_10_video_2025-08-14_220927_early_stop/randomforest_S1_vs_S2_All_2025-08-14_220927_seed42_early_stop.pkl,"{'bootstrap': True, 'max_depth': 10, 'max_features': 'log2', 'min_samples_leaf': 1, 'min_samples_split': 2, 'n_estimators': 100}",2025-08-14_220927
RandomForest,S1_vs_S2_All,42,True,5,1.0,1.0,experiment_results_statistical_IL_top_10_video_2025-08-14_220927_early_stop/randomforest_S1_vs_S2_All_2025-08-14_220927_seed42_early_stop.pkl,"{'bootstrap': True, 'max_depth': 10, 'max_features': 'log2', 'min_samples_leaf': 1, 'min_samples_split': 2, 'n_estimators': 100}",2025-08-14_220927
XGBoost,S1_vs_S2_All,42,True,1,0.8617021276595744,0.5612244897959183,experiment_results_statistical_IL_top_10_video_2025-08-14_220927_early_stop/xgboost_S1_vs_S2_All_2025-08-14_220927_seed42_early_stop.pkl,"{'colsample_bytree': 0.8, 'device': 'cpu', 'learning_rate': 0.1, 'max_depth': 4, 'n_estimators': 1000, 'reg_lambda': 3, 'subsample': 0.8}",2025-08-14_220927
XGBoost,S1_vs_S2_All,42,True,2,0.9361702127659575,0.8469387755102041,experiment_results_statistical_IL_top_10_video_2025-08-14_220927_early_stop/xgboost_S1_vs_S2_All_2025-08-14_220927_seed42_early_stop.pkl,"{'colsample_bytree': 0.8, 'device': 'cpu', 'learning_rate': 0.1, 'max_depth': 4, 'n_estimators': 1000, 'reg_lambda': 3, 'subsample': 0.8}",2025-08-14_220927
XGBoost,S1_vs_S2_All,42,True,3,1.0,0.9693877551020408,experiment_results_statistical_IL_top_10_video_2025-08-14_220927_early_stop/xgboost_S1_vs_S2_All_2025-08-14_220927_seed42_early_stop.pkl,"{'colsample_bytree': 0.8, 'device': 'cpu', 'learning_rate': 0.1, 'max_depth': 4, 'n_estimators': 1000, 'reg_lambda': 3, 'subsample': 0.8}",2025-08-14_220927
XGBoost,S1_vs_S2_All,42,True,4,1.0,0.9693877551020408,experiment_results_statistical_IL_top_10_video_2025-08-14_220927_early_stop/xgboost_S1_vs_S2_All_2025-08-14_220927_seed42_early_stop.pkl,"{'colsample_bytree': 0.8, 'device': 'cpu', 'learning_rate': 0.1, 'max_depth': 4, 'n_estimators': 1000, 'reg_lambda': 3, 'subsample': 0.8}",2025-08-14_220927
XGBoost,S1_vs_S2_All,42,True,5,1.0,0.9897959183673469,experiment_results_statistical_IL_top_10_video_2025-08-14_220927_early_stop/xgboost_S1_vs_S2_All_2025-08-14_220927_seed42_early_stop.pkl,"{'colsample_bytree': 0.8, 'device': 'cpu', 'learning_rate': 0.1, 'max_depth': 4, 'n_estimators': 1000, 'reg_lambda': 3, 'subsample': 0.8}",2025-08-14_220927
CatBoost,S1_vs_S2_All,42,True,1,0.8617021276595744,0.5816326530612245,experiment_results_statistical_IL_top_10_video_2025-08-14_220927_early_stop/catboost_S1_vs_S2_All_2025-08-14_220927_seed42_early_stop.pkl,"{'border_count': 64, 'depth': 4, 'iterations': 1000, 'l2_leaf_reg': 1, 'learning_rate': 0.1}",2025-08-14_220927
CatBoost,S1_vs_S2_All,42,True,2,0.9361702127659575,0.8775510204081632,experiment_results_statistical_IL_top_10_video_2025-08-14_220927_early_stop/catboost_S1_vs_S2_All_2025-08-14_220927_seed42_early_stop.pkl,"{'border_count': 64, 'depth': 4, 'iterations': 1000, 'l2_leaf_reg': 1, 'learning_rate': 0.1}",2025-08-14_220927
CatBoost,S1_vs_S2_All,42,True,3,1.0,1.0,experiment_results_statistical_IL_top_10_video_2025-08-14_220927_early_stop/catboost_S1_vs_S2_All_2025-08-14_220927_seed42_early_stop.pkl,"{'border_count': 64, 'depth': 4, 'iterations': 1000, 'l2_leaf_reg': 1, 'learning_rate': 0.1}",2025-08-14_220927
CatBoost,S1_vs_S2_All,42,True,4,1.0,1.0,experiment_results_statistical_IL_top_10_video_2025-08-14_220927_early_stop/catboost_S1_vs_S2_All_2025-08-14_220927_seed42_early_stop.pkl,"{'border_count': 64, 'depth': 4, 'iterations': 1000, 'l2_leaf_reg': 1, 'learning_rate': 0.1}",2025-08-14_220927
CatBoost,S1_vs_S2_All,42,True,5,1.0,1.0,experiment_results_statistical_IL_top_10_video_2025-08-14_220927_early_stop/catboost_S1_vs_S2_All_2025-08-14_220927_seed42_early_stop.pkl,"{'border_count': 64, 'depth': 4, 'iterations': 1000, 'l2_leaf_reg': 1, 'learning_rate': 0.1}",2025-08-14_220927
SVM,S1_vs_S2_All,42,True,1,0.5531914893617021,0.46938775510204084,experiment_results_statistical_IL_top_10_video_2025-08-14_220927_early_stop/svm_S1_vs_S2_All_2025-08-14_220927_seed42_early_stop.pkl,"{'C': 10, 'decision_function_shape': 'ovo', 'gamma': 'scale', 'kernel': 'rbf'}",2025-08-14_220927
SVM,S1_vs_S2_All,42,True,2,0.851063829787234,0.7346938775510204,experiment_results_statistical_IL_top_10_video_2025-08-14_220927_early_stop/svm_S1_vs_S2_All_2025-08-14_220927_seed42_early_stop.pkl,"{'C': 10, 'decision_function_shape': 'ovo', 'gamma': 'scale', 'kernel': 'rbf'}",2025-08-14_220927
SVM,S1_vs_S2_All,42,True,3,1.0,0.9489795918367347,experiment_results_statistical_IL_top_10_video_2025-08-14_220927_early_stop/svm_S1_vs_S2_All_2025-08-14_220927_seed42_early_stop.pkl,"{'C': 10, 'decision_function_shape': 'ovo', 'gamma': 'scale', 'kernel': 'rbf'}",2025-08-14_220927
SVM,S1_vs_S2_All,42,True,4,1.0,0.9795918367346939,experiment_results_statistical_IL_top_10_video_2025-08-14_220927_early_stop/svm_S1_vs_S2_All_2025-08-14_220927_seed42_early_stop.pkl,"{'C': 10, 'decision_function_shape': 'ovo', 'gamma': 'scale', 'kernel': 'rbf'}",2025-08-14_220927
SVM,S1_vs_S2_All,42,True,5,1.0,0.9897959183673469,experiment_results_statistical_IL_top_10_video_2025-08-14_220927_early_stop/svm_S1_vs_S2_All_2025-08-14_220927_seed42_early_stop.pkl,"{'C': 10, 'decision_function_shape': 'ovo', 'gamma': 'scale', 'kernel': 'rbf'}",2025-08-14_220927
MLP,S1_vs_S2_All,42,True,1,0.09574468085106383,0.09183673469387756,experiment_results_statistical_IL_top_10_video_2025-08-14_220927_early_stop/mlp_S1_vs_S2_All_2025-08-14_220927_seed42_early_stop.pkl,"{'activation': 'relu', 'alpha': 0.0001, 'batch_size': 36, 'early_stopping': True, 'hidden_layer_sizes': [50], 'learning_rate': 'constant', 'learning_rate_init': 0.001, 'max_iter': 2000, 'solver': 'adam'}",2025-08-14_220927
MLP,S1_vs_S2_All,42,True,2,0.1702127659574468,0.1836734693877551,experiment_results_statistical_IL_top_10_video_2025-08-14_220927_early_stop/mlp_S1_vs_S2_All_2025-08-14_220927_seed42_early_stop.pkl,"{'activation': 'relu', 'alpha': 0.0001, 'batch_size': 36, 'early_stopping': True, 'hidden_layer_sizes': [50], 'learning_rate': 'constant', 'learning_rate_init': 0.001, 'max_iter': 2000, 'solver': 'adam'}",2025-08-14_220927
MLP,S1_vs_S2_All,42,True,3,0.23404255319148937,0.2653061224489796,experiment_results_statistical_IL_top_10_video_2025-08-14_220927_early_stop/mlp_S1_vs_S2_All_2025-08-14_220927_seed42_early_stop.pkl,"{'activation': 'relu', 'alpha': 0.0001, 'batch_size': 36, 'early_stopping': True, 'hidden_layer_sizes': [50], 'learning_rate': 'constant', 'learning_rate_init': 0.001, 'max_iter': 2000, 'solver': 'adam'}",2025-08-14_220927
MLP,S1_vs_S2_All,42,True,4,0.32978723404255317,0.35714285714285715,experiment_results_statistical_IL_top_10_video_2025-08-14_220927_early_stop/mlp_S1_vs_S2_All_2025-08-14_220927_seed42_early_stop.pkl,"{'activation': 'relu', 'alpha': 0.0001, 'batch_size': 36, 'early_stopping': True, 'hidden_layer_sizes': [50], 'learning_rate': 'constant', 'learning_rate_init': 0.001, 'max_iter': 2000, 'solver': 'adam'}",2025-08-14_220927
MLP,S1_vs_S2_All,42,True,5,0.425531914893617,0.4489795918367347,experiment_results_statistical_IL_top_10_video_2025-08-14_220927_early_stop/mlp_S1_vs_S2_All_2025-08-14_220927_seed42_early_stop.pkl,"{'activation': 'relu', 'alpha': 0.0001, 'batch_size': 36, 'early_stopping': True, 'hidden_layer_sizes': [50], 'learning_rate': 'constant', 'learning_rate_init': 0.001, 'max_iter': 2000, 'solver': 'adam'}",2025-08-14_220927
NaiveBayes,S1_vs_S2_All,42,True,1,0.8404255319148937,0.5306122448979592,experiment_results_statistical_IL_top_10_video_2025-08-14_220927_early_stop/naivebayes_S1_vs_S2_All_2025-08-14_220927_seed42_early_stop.pkl,"{'priors': None, 'var_smoothing': 1e-09}",2025-08-14_220927
NaiveBayes,S1_vs_S2_All,42,True,2,0.9361702127659575,0.7653061224489796,experiment_results_statistical_IL_top_10_video_2025-08-14_220927_early_stop/naivebayes_S1_vs_S2_All_2025-08-14_220927_seed42_early_stop.pkl,"{'priors': None, 'var_smoothing': 1e-09}",2025-08-14_220927
NaiveBayes,S1_vs_S2_All,42,True,3,1.0,0.9183673469387755,experiment_results_statistical_IL_top_10_video_2025-08-14_220927_early_stop/naivebayes_S1_vs_S2_All_2025-08-14_220927_seed42_early_stop.pkl,"{'priors': None, 'var_smoothing': 1e-09}",2025-08-14_220927
NaiveBayes,S1_vs_S2_All,42,True,4,1.0,0.9387755102040817,experiment_results_statistical_IL_top_10_video_2025-08-14_220927_early_stop/naivebayes_S1_vs_S2_All_2025-08-14_220927_seed42_early_stop.pkl,"{'priors': None, 'var_smoothing': 1e-09}",2025-08-14_220927
NaiveBayes,S1_vs_S2_All,42,True,5,1.0,0.9591836734693877,experiment_results_statistical_IL_top_10_video_2025-08-14_220927_early_stop/naivebayes_S1_vs_S2_All_2025-08-14_220927_seed42_early_stop.pkl,"{'priors': None, 'var_smoothing': 1e-09}",2025-08-14_220927
LightGBM,S1_vs_S2_All,42,True,1,0.8617021276595744,0.5612244897959183,experiment_results_statistical_IL_top_10_video_2025-08-14_220927_early_stop/lightgbm_S1_vs_S2_All_2025-08-14_220927_seed42_early_stop.pkl,"{'boosting_type': 'gbdt', 'class_weight': None, 'colsample_bytree': 1.0, 'importance_type': 'split', 'learning_rate': 0.1, 'max_depth': -1, 'min_child_samples': 20, 'min_child_weight': 0.001, 'min_split_gain': 0.0, 'n_estimators': 100, 'n_jobs': -1, 'num_leaves': 31, 'objective': None, 'random_state': 42, 'reg_alpha': 0.0, 'reg_lambda': 0.0, 'subsample': 1.0, 'subsample_for_bin': 200000, 'subsample_freq': 0, 'verbose': -1}",2025-08-14_220927
LightGBM,S1_vs_S2_All,42,True,2,0.9361702127659575,0.7755102040816326,experiment_results_statistical_IL_top_10_video_2025-08-14_220927_early_stop/lightgbm_S1_vs_S2_All_2025-08-14_220927_seed42_early_stop.pkl,"{'boosting_type': 'gbdt', 'class_weight': None, 'colsample_bytree': 1.0, 'importance_type': 'split', 'learning_rate': 0.1, 'max_depth': -1, 'min_child_samples': 20, 'min_child_weight': 0.001, 'min_split_gain': 0.0, 'n_estimators': 100, 'n_jobs': -1, 'num_leaves': 31, 'objective': None, 'random_state': 42, 'reg_alpha': 0.0, 'reg_lambda': 0.0, 'subsample': 1.0, 'subsample_for_bin': 200000, 'subsample_freq': 0, 'verbose': -1}",2025-08-14_220927
LightGBM,S1_vs_S2_All,42,True,3,1.0,0.9081632653061225,experiment_results_statistical_IL_top_10_video_2025-08-14_220927_early_stop/lightgbm_S1_vs_S2_All_2025-08-14_220927_seed42_early_stop.pkl,"{'boosting_type': 'gbdt', 'class_weight': None, 'colsample_bytree': 1.0, 'importance_type': 'split', 'learning_rate': 0.1, 'max_depth': -1, 'min_child_samples': 20, 'min_child_weight': 0.001, 'min_split_gain': 0.0, 'n_estimators': 100, 'n_jobs': -1, 'num_leaves': 31, 'objective': None, 'random_state': 42, 'reg_alpha': 0.0, 'reg_lambda': 0.0, 'subsample': 1.0, 'subsample_for_bin': 200000, 'subsample_freq': 0, 'verbose': -1}",2025-08-14_220927
LightGBM,S1_vs_S2_All,42,True,4,1.0,0.9285714285714286,experiment_results_statistical_IL_top_10_video_2025-08-14_220927_early_stop/lightgbm_S1_vs_S2_All_2025-08-14_220927_seed42_early_stop.pkl,"{'boosting_type': 'gbdt', 'class_weight': None, 'colsample_bytree': 1.0, 'importance_type': 'split', 'learning_rate': 0.1, 'max_depth': -1, 'min_child_samples': 20, 'min_child_weight': 0.001, 'min_split_gain': 0.0, 'n_estimators': 100, 'n_jobs': -1, 'num_leaves': 31, 'objective': None, 'random_state': 42, 'reg_alpha': 0.0, 'reg_lambda': 0.0, 'subsample': 1.0, 'subsample_for_bin': 200000, 'subsample_freq': 0, 'verbose': -1}",2025-08-14_220927
LightGBM,S1_vs_S2_All,42,True,5,1.0,0.9591836734693877,experiment_results_statistical_IL_top_10_video_2025-08-14_220927_early_stop/lightgbm_S1_vs_S2_All_2025-08-14_220927_seed42_early_stop.pkl,"{'boosting_type': 'gbdt', 'class_weight': None, 'colsample_bytree': 1.0, 'importance_type': 'split', 'learning_rate': 0.1, 'max_depth': -1, 'min_child_samples': 20, 'min_child_weight': 0.001, 'min_split_gain': 0.0, 'n_estimators': 100, 'n_jobs': -1, 'num_leaves': 31, 'objective': None, 'random_state': 42, 'reg_alpha': 0.0, 'reg_lambda': 0.0, 'subsample': 1.0, 'subsample_for_bin': 200000, 'subsample_freq': 0, 'verbose': -1}",2025-08-14_220927
ExtraTrees,S1_vs_S2_All,42,True,1,0.8617021276595744,0.6632653061224489,experiment_results_statistical_IL_top_10_video_2025-08-14_220927_early_stop/extratrees_S1_vs_S2_All_2025-08-14_220927_seed42_early_stop.pkl,"{'bootstrap': False, 'ccp_alpha': 0.0, 'class_weight': None, 'criterion': 'gini', 'max_depth': None, 'max_features': 'sqrt', 'max_leaf_nodes': None, 'max_samples': None, 'min_impurity_decrease': 0.0, 'min_samples_leaf': 1, 'min_samples_split': 2, 'min_weight_fraction_leaf': 0.0, 'monotonic_cst': None, 'n_estimators': 100, 'n_jobs': -1, 'oob_score': False, 'random_state': 42, 'verbose': 0, 'warm_start': False}",2025-08-14_220927
ExtraTrees,S1_vs_S2_All,42,True,2,0.9361702127659575,0.8775510204081632,experiment_results_statistical_IL_top_10_video_2025-08-14_220927_early_stop/extratrees_S1_vs_S2_All_2025-08-14_220927_seed42_early_stop.pkl,"{'bootstrap': False, 'ccp_alpha': 0.0, 'class_weight': None, 'criterion': 'gini', 'max_depth': None, 'max_features': 'sqrt', 'max_leaf_nodes': None, 'max_samples': None, 'min_impurity_decrease': 0.0, 'min_samples_leaf': 1, 'min_samples_split': 2, 'min_weight_fraction_leaf': 0.0, 'monotonic_cst': None, 'n_estimators': 100, 'n_jobs': -1, 'oob_score': False, 'random_state': 42, 'verbose': 0, 'warm_start': False}",2025-08-14_220927
ExtraTrees,S1_vs_S2_All,42,True,3,1.0,0.9897959183673469,experiment_results_statistical_IL_top_10_video_2025-08-14_220927_early_stop/extratrees_S1_vs_S2_All_2025-08-14_220927_seed42_early_stop.pkl,"{'bootstrap': False, 'ccp_alpha': 0.0, 'class_weight': None, 'criterion': 'gini', 'max_depth': None, 'max_features': 'sqrt', 'max_leaf_nodes': None, 'max_samples': None, 'min_impurity_decrease': 0.0, 'min_samples_leaf': 1, 'min_samples_split': 2, 'min_weight_fraction_leaf': 0.0, 'monotonic_cst': None, 'n_estimators': 100, 'n_jobs': -1, 'oob_score': False, 'random_state': 42, 'verbose': 0, 'warm_start': False}",2025-08-14_220927
ExtraTrees,S1_vs_S2_All,42,True,4,1.0,0.9897959183673469,experiment_results_statistical_IL_top_10_video_2025-08-14_220927_early_stop/extratrees_S1_vs_S2_All_2025-08-14_220927_seed42_early_stop.pkl,"{'bootstrap': False, 'ccp_alpha': 0.0, 'class_weight': None, 'criterion': 'gini', 'max_depth': None, 'max_features': 'sqrt', 'max_leaf_nodes': None, 'max_samples': None, 'min_impurity_decrease': 0.0, 'min_samples_leaf': 1, 'min_samples_split': 2, 'min_weight_fraction_leaf': 0.0, 'monotonic_cst': None, 'n_estimators': 100, 'n_jobs': -1, 'oob_score': False, 'random_state': 42, 'verbose': 0, 'warm_start': False}",2025-08-14_220927
ExtraTrees,S1_vs_S2_All,42,True,5,1.0,1.0,experiment_results_statistical_IL_top_10_video_2025-08-14_220927_early_stop/extratrees_S1_vs_S2_All_2025-08-14_220927_seed42_early_stop.pkl,"{'bootstrap': False, 'ccp_alpha': 0.0, 'class_weight': None, 'criterion': 'gini', 'max_depth': None, 'max_features': 'sqrt', 'max_leaf_nodes': None, 'max_samples': None, 'min_impurity_decrease': 0.0, 'min_samples_leaf': 1, 'min_samples_split': 2, 'min_weight_fraction_leaf': 0.0, 'monotonic_cst': None, 'n_estimators': 100, 'n_jobs': -1, 'oob_score': False, 'random_state': 42, 'verbose': 0, 'warm_start': False}",2025-08-14_220927
GradientBoosting,S1_vs_S2_All,42,True,1,0.8617021276595744,0.5510204081632653,experiment_results_statistical_IL_top_10_video_2025-08-14_220927_early_stop/gradientboosting_S1_vs_S2_All_2025-08-14_220927_seed42_early_stop.pkl,"{'ccp_alpha': 0.0, 'criterion': 'friedman_mse', 'init': None, 'learning_rate': 0.1, 'loss': 'log_loss', 'max_depth': 3, 'max_features': None, 'max_leaf_nodes': None, 'min_impurity_decrease': 0.0, 'min_samples_leaf': 1, 'min_samples_split': 2, 'min_weight_fraction_leaf': 0.0, 'n_estimators': 100, 'n_iter_no_change': None, 'random_state': 42, 'subsample': 1.0, 'tol': 0.0001, 'validation_fraction': 0.1, 'verbose': 0, 'warm_start': False}",2025-08-14_220927
GradientBoosting,S1_vs_S2_All,42,True,2,0.9361702127659575,0.7755102040816326,experiment_results_statistical_IL_top_10_video_2025-08-14_220927_early_stop/gradientboosting_S1_vs_S2_All_2025-08-14_220927_seed42_early_stop.pkl,"{'ccp_alpha': 0.0, 'criterion': 'friedman_mse', 'init': None, 'learning_rate': 0.1, 'loss': 'log_loss', 'max_depth': 3, 'max_features': None, 'max_leaf_nodes': None, 'min_impurity_decrease': 0.0, 'min_samples_leaf': 1, 'min_samples_split': 2, 'min_weight_fraction_leaf': 0.0, 'n_estimators': 100, 'n_iter_no_change': None, 'random_state': 42, 'subsample': 1.0, 'tol': 0.0001, 'validation_fraction': 0.1, 'verbose': 0, 'warm_start': False}",2025-08-14_220927
GradientBoosting,S1_vs_S2_All,42,True,3,1.0,0.9591836734693877,experiment_results_statistical_IL_top_10_video_2025-08-14_220927_early_stop/gradientboosting_S1_vs_S2_All_2025-08-14_220927_seed42_early_stop.pkl,"{'ccp_alpha': 0.0, 'criterion': 'friedman_mse', 'init': None, 'learning_rate': 0.1, 'loss': 'log_loss', 'max_depth': 3, 'max_features': None, 'max_leaf_nodes': None, 'min_impurity_decrease': 0.0, 'min_samples_leaf': 1, 'min_samples_split': 2, 'min_weight_fraction_leaf': 0.0, 'n_estimators': 100, 'n_iter_no_change': None, 'random_state': 42, 'subsample': 1.0, 'tol': 0.0001, 'validation_fraction': 0.1, 'verbose': 0, 'warm_start': False}",2025-08-14_220927
GradientBoosting,S1_vs_S2_All,42,True,4,1.0,0.9795918367346939,experiment_results_statistical_IL_top_10_video_2025-08-14_220927_early_stop/gradientboosting_S1_vs_S2_All_2025-08-14_220927_seed42_early_stop.pkl,"{'ccp_alpha': 0.0, 'criterion': 'friedman_mse', 'init': None, 'learning_rate': 0.1, 'loss': 'log_loss', 'max_depth': 3, 'max_features': None, 'max_leaf_nodes': None, 'min_impurity_decrease': 0.0, 'min_samples_leaf': 1, 'min_samples_split': 2, 'min_weight_fraction_leaf': 0.0, 'n_estimators': 100, 'n_iter_no_change': None, 'random_state': 42, 'subsample': 1.0, 'tol': 0.0001, 'validation_fraction': 0.1, 'verbose': 0, 'warm_start': False}",2025-08-14_220927
GradientBoosting,S1_vs_S2_All,42,True,5,1.0,0.9795918367346939,experiment_results_statistical_IL_top_10_video_2025-08-14_220927_early_stop/gradientboosting_S1_vs_S2_All_2025-08-14_220927_seed42_early_stop.pkl,"{'ccp_alpha': 0.0, 'criterion': 'friedman_mse', 'init': None, 'learning_rate': 0.1, 'loss': 'log_loss', 'max_depth': 3, 'max_features': None, 'max_leaf_nodes': None, 'min_impurity_decrease': 0.0, 'min_samples_leaf': 1, 'min_samples_split': 2, 'min_weight_fraction_leaf': 0.0, 'n_estimators': 100, 'n_iter_no_change': None, 'random_state': 42, 'subsample': 1.0, 'tol': 0.0001, 'validation_fraction': 0.1, 'verbose': 0, 'warm_start': False}",2025-08-14_220927
KNN,S1_vs_S2_All,42,True,1,0.48936170212765956,0.3877551020408163,experiment_results_statistical_IL_top_10_video_2025-08-14_220927_early_stop/knn_S1_vs_S2_All_2025-08-14_220927_seed42_early_stop.pkl,"{'algorithm': 'auto', 'leaf_size': 30, 'metric': 'minkowski', 'metric_params': None, 'n_jobs': -1, 'n_neighbors': 5, 'p': 2, 'weights': 'uniform'}",2025-08-14_220927
KNN,S1_vs_S2_All,42,True,2,0.7978723404255319,0.6632653061224489,experiment_results_statistical_IL_top_10_video_2025-08-14_220927_early_stop/knn_S1_vs_S2_All_2025-08-14_220927_seed42_early_stop.pkl,"{'algorithm': 'auto', 'leaf_size': 30, 'metric': 'minkowski', 'metric_params': None, 'n_jobs': -1, 'n_neighbors': 5, 'p': 2, 'weights': 'uniform'}",2025-08-14_220927
KNN,S1_vs_S2_All,42,True,3,0.8617021276595744,0.7346938775510204,experiment_results_statistical_IL_top_10_video_2025-08-14_220927_early_stop/knn_S1_vs_S2_All_2025-08-14_220927_seed42_early_stop.pkl,"{'algorithm': 'auto', 'leaf_size': 30, 'metric': 'minkowski', 'metric_params': None, 'n_jobs': -1, 'n_neighbors': 5, 'p': 2, 'weights': 'uniform'}",2025-08-14_220927
KNN,S1_vs_S2_All,42,True,4,0.9042553191489362,0.7653061224489796,experiment_results_statistical_IL_top_10_video_2025-08-14_220927_early_stop/knn_S1_vs_S2_All_2025-08-14_220927_seed42_early_stop.pkl,"{'algorithm': 'auto', 'leaf_size': 30, 'metric': 'minkowski', 'metric_params': None, 'n_jobs': -1, 'n_neighbors': 5, 'p': 2, 'weights': 'uniform'}",2025-08-14_220927
KNN,S1_vs_S2_All,42,True,5,0.9042553191489362,0.8061224489795918,experiment_results_statistical_IL_top_10_video_2025-08-14_220927_early_stop/knn_S1_vs_S2_All_2025-08-14_220927_seed42_early_stop.pkl,"{'algorithm': 'auto', 'leaf_size': 30, 'metric': 'minkowski', 'metric_params': None, 'n_jobs': -1, 'n_neighbors': 5, 'p': 2, 'weights': 'uniform'}",2025-08-14_220927
LogisticRegression,S1_vs_S2_All,42,True,1,0.30851063829787234,0.22448979591836735,experiment_results_statistical_IL_top_10_video_2025-08-14_220927_early_stop/logisticregression_S1_vs_S2_All_2025-08-14_220927_seed42_early_stop.pkl,"{'C': 1.0, 'class_weight': None, 'dual': False, 'fit_intercept': True, 'intercept_scaling': 1, 'l1_ratio': None, 'max_iter': 100, 'multi_class': 'deprecated', 'n_jobs': -1, 'penalty': 'l2', 'random_state': 42, 'solver': 'lbfgs', 'tol': 0.0001, 'verbose': 0, 'warm_start': False}",2025-08-14_220927
LogisticRegression,S1_vs_S2_All,42,True,2,0.6170212765957447,0.47959183673469385,experiment_results_statistical_IL_top_10_video_2025-08-14_220927_early_stop/logisticregression_S1_vs_S2_All_2025-08-14_220927_seed42_early_stop.pkl,"{'C': 1.0, 'class_weight': None, 'dual': False, 'fit_intercept': True, 'intercept_scaling': 1, 'l1_ratio': None, 'max_iter': 100, 'multi_class': 'deprecated', 'n_jobs': -1, 'penalty': 'l2', 'random_state': 42, 'solver': 'lbfgs', 'tol': 0.0001, 'verbose': 0, 'warm_start': False}",2025-08-14_220927
LogisticRegression,S1_vs_S2_All,42,True,3,0.8191489361702128,0.6530612244897959,experiment_results_statistical_IL_top_10_video_2025-08-14_220927_early_stop/logisticregression_S1_vs_S2_All_2025-08-14_220927_seed42_early_stop.pkl,"{'C': 1.0, 'class_weight': None, 'dual': False, 'fit_intercept': True, 'intercept_scaling': 1, 'l1_ratio': None, 'max_iter': 100, 'multi_class': 'deprecated', 'n_jobs': -1, 'penalty': 'l2', 'random_state': 42, 'solver': 'lbfgs', 'tol': 0.0001, 'verbose': 0, 'warm_start': False}",2025-08-14_220927
LogisticRegression,S1_vs_S2_All,42,True,4,0.8404255319148937,0.7244897959183674,experiment_results_statistical_IL_top_10_video_2025-08-14_220927_early_stop/logisticregression_S1_vs_S2_All_2025-08-14_220927_seed42_early_stop.pkl,"{'C': 1.0, 'class_weight': None, 'dual': False, 'fit_intercept': True, 'intercept_scaling': 1, 'l1_ratio': None, 'max_iter': 100, 'multi_class': 'deprecated', 'n_jobs': -1, 'penalty': 'l2', 'random_state': 42, 'solver': 'lbfgs', 'tol': 0.0001, 'verbose': 0, 'warm_start': False}",2025-08-14_220927
LogisticRegression,S1_vs_S2_All,42,True,5,0.8404255319148937,0.7653061224489796,experiment_results_statistical_IL_top_10_video_2025-08-14_220927_early_stop/logisticregression_S1_vs_S2_All_2025-08-14_220927_seed42_early_stop.pkl,"{'C': 1.0, 'class_weight': None, 'dual': False, 'fit_intercept': True, 'intercept_scaling': 1, 'l1_ratio': None, 'max_iter': 100, 'multi_class': 'deprecated', 'n_jobs': -1, 'penalty': 'l2', 'random_state': 42, 'solver': 'lbfgs', 'tol': 0.0001, 'verbose': 0, 'warm_start': False}",2025-08-14_220927
RandomForest,S1_vs_S2_All,123,True,1,0.8617021276595744,0.6326530612244898,experiment_results_statistical_IL_top_10_video_2025-08-14_220927_early_stop/randomforest_S1_vs_S2_All_2025-08-14_220927_seed123_early_stop.pkl,"{'bootstrap': True, 'max_depth': 10, 'max_features': 'sqrt', 'min_samples_leaf': 1, 'min_samples_split': 2, 'n_estimators': 100}",2025-08-14_220927
RandomForest,S1_vs_S2_All,123,True,2,0.9361702127659575,0.8163265306122449,experiment_results_statistical_IL_top_10_video_2025-08-14_220927_early_stop/randomforest_S1_vs_S2_All_2025-08-14_220927_seed123_early_stop.pkl,"{'bootstrap': True, 'max_depth': 10, 'max_features': 'sqrt', 'min_samples_leaf': 1, 'min_samples_split': 2, 'n_estimators': 100}",2025-08-14_220927
RandomForest,S1_vs_S2_All,123,True,3,1.0,0.9591836734693877,experiment_results_statistical_IL_top_10_video_2025-08-14_220927_early_stop/randomforest_S1_vs_S2_All_2025-08-14_220927_seed123_early_stop.pkl,"{'bootstrap': True, 'max_depth': 10, 'max_features': 'sqrt', 'min_samples_leaf': 1, 'min_samples_split': 2, 'n_estimators': 100}",2025-08-14_220927
RandomForest,S1_vs_S2_All,123,True,4,1.0,1.0,experiment_results_statistical_IL_top_10_video_2025-08-14_220927_early_stop/randomforest_S1_vs_S2_All_2025-08-14_220927_seed123_early_stop.pkl,"{'bootstrap': True, 'max_depth': 10, 'max_features': 'sqrt', 'min_samples_leaf': 1, 'min_samples_split': 2, 'n_estimators': 100}",2025-08-14_220927
RandomForest,S1_vs_S2_All,123,True,5,1.0,1.0,experiment_results_statistical_IL_top_10_video_2025-08-14_220927_early_stop/randomforest_S1_vs_S2_All_2025-08-14_220927_seed123_early_stop.pkl,"{'bootstrap': True, 'max_depth': 10, 'max_features': 'sqrt', 'min_samples_leaf': 1, 'min_samples_split': 2, 'n_estimators': 100}",2025-08-14_220927
XGBoost,S1_vs_S2_All,123,True,1,0.8617021276595744,0.5510204081632653,experiment_results_statistical_IL_top_10_video_2025-08-14_220927_early_stop/xgboost_S1_vs_S2_All_2025-08-14_220927_seed123_early_stop.pkl,"{'colsample_bytree': 0.8, 'device': 'cpu', 'learning_rate': 0.1, 'max_depth': 4, 'n_estimators': 1000, 'reg_lambda': 3, 'subsample': 0.8}",2025-08-14_220927
XGBoost,S1_vs_S2_All,123,True,2,0.9361702127659575,0.8469387755102041,experiment_results_statistical_IL_top_10_video_2025-08-14_220927_early_stop/xgboost_S1_vs_S2_All_2025-08-14_220927_seed123_early_stop.pkl,"{'colsample_bytree': 0.8, 'device': 'cpu', 'learning_rate': 0.1, 'max_depth': 4, 'n_estimators': 1000, 'reg_lambda': 3, 'subsample': 0.8}",2025-08-14_220927
XGBoost,S1_vs_S2_All,123,True,3,1.0,0.9693877551020408,experiment_results_statistical_IL_top_10_video_2025-08-14_220927_early_stop/xgboost_S1_vs_S2_All_2025-08-14_220927_seed123_early_stop.pkl,"{'colsample_bytree': 0.8, 'device': 'cpu', 'learning_rate': 0.1, 'max_depth': 4, 'n_estimators': 1000, 'reg_lambda': 3, 'subsample': 0.8}",2025-08-14_220927
XGBoost,S1_vs_S2_All,123,True,4,1.0,0.9795918367346939,experiment_results_statistical_IL_top_10_video_2025-08-14_220927_early_stop/xgboost_S1_vs_S2_All_2025-08-14_220927_seed123_early_stop.pkl,"{'colsample_bytree': 0.8, 'device': 'cpu', 'learning_rate': 0.1, 'max_depth': 4, 'n_estimators': 1000, 'reg_lambda': 3, 'subsample': 0.8}",2025-08-14_220927
XGBoost,S1_vs_S2_All,123,True,5,1.0,0.9897959183673469,experiment_results_statistical_IL_top_10_video_2025-08-14_220927_early_stop/xgboost_S1_vs_S2_All_2025-08-14_220927_seed123_early_stop.pkl,"{'colsample_bytree': 0.8, 'device': 'cpu', 'learning_rate': 0.1, 'max_depth': 4, 'n_estimators': 1000, 'reg_lambda': 3, 'subsample': 0.8}",2025-08-14_220927
CatBoost,S1_vs_S2_All,123,True,1,0.8617021276595744,0.6224489795918368,experiment_results_statistical_IL_top_10_video_2025-08-14_220927_early_stop/catboost_S1_vs_S2_All_2025-08-14_220927_seed123_early_stop.pkl,"{'border_count': 64, 'depth': 8, 'iterations': 1000, 'l2_leaf_reg': 5, 'learning_rate': 0.1}",2025-08-14_220927
CatBoost,S1_vs_S2_All,123,True,2,0.9361702127659575,0.8673469387755102,experiment_results_statistical_IL_top_10_video_2025-08-14_220927_early_stop/catboost_S1_vs_S2_All_2025-08-14_220927_seed123_early_stop.pkl,"{'border_count': 64, 'depth': 8, 'iterations': 1000, 'l2_leaf_reg': 5, 'learning_rate': 0.1}",2025-08-14_220927
CatBoost,S1_vs_S2_All,123,True,3,1.0,0.9897959183673469,experiment_results_statistical_IL_top_10_video_2025-08-14_220927_early_stop/catboost_S1_vs_S2_All_2025-08-14_220927_seed123_early_stop.pkl,"{'border_count': 64, 'depth': 8, 'iterations': 1000, 'l2_leaf_reg': 5, 'learning_rate': 0.1}",2025-08-14_220927
CatBoost,S1_vs_S2_All,123,True,4,1.0,0.9897959183673469,experiment_results_statistical_IL_top_10_video_2025-08-14_220927_early_stop/catboost_S1_vs_S2_All_2025-08-14_220927_seed123_early_stop.pkl,"{'border_count': 64, 'depth': 8, 'iterations': 1000, 'l2_leaf_reg': 5, 'learning_rate': 0.1}",2025-08-14_220927
CatBoost,S1_vs_S2_All,123,True,5,1.0,0.9897959183673469,experiment_results_statistical_IL_top_10_video_2025-08-14_220927_early_stop/catboost_S1_vs_S2_All_2025-08-14_220927_seed123_early_stop.pkl,"{'border_count': 64, 'depth': 8, 'iterations': 1000, 'l2_leaf_reg': 5, 'learning_rate': 0.1}",2025-08-14_220927
SVM,S1_vs_S2_All,123,True,1,0.40425531914893614,0.4489795918367347,experiment_results_statistical_IL_top_10_video_2025-08-14_220927_early_stop/svm_S1_vs_S2_All_2025-08-14_220927_seed123_early_stop.pkl,"{'C': 100, 'decision_function_shape': 'ovo', 'gamma': 'scale', 'kernel': 'rbf'}",2025-08-14_220927
SVM,S1_vs_S2_All,123,True,2,0.723404255319149,0.7346938775510204,experiment_results_statistical_IL_top_10_video_2025-08-14_220927_early_stop/svm_S1_vs_S2_All_2025-08-14_220927_seed123_early_stop.pkl,"{'C': 100, 'decision_function_shape': 'ovo', 'gamma': 'scale', 'kernel': 'rbf'}",2025-08-14_220927
SVM,S1_vs_S2_All,123,True,3,1.0,0.9387755102040817,experiment_results_statistical_IL_top_10_video_2025-08-14_220927_early_stop/svm_S1_vs_S2_All_2025-08-14_220927_seed123_early_stop.pkl,"{'C': 100, 'decision_function_shape': 'ovo', 'gamma': 'scale', 'kernel': 'rbf'}",2025-08-14_220927
SVM,S1_vs_S2_All,123,True,4,1.0,0.9693877551020408,experiment_results_statistical_IL_top_10_video_2025-08-14_220927_early_stop/svm_S1_vs_S2_All_2025-08-14_220927_seed123_early_stop.pkl,"{'C': 100, 'decision_function_shape': 'ovo', 'gamma': 'scale', 'kernel': 'rbf'}",2025-08-14_220927
SVM,S1_vs_S2_All,123,True,5,1.0,0.9897959183673469,experiment_results_statistical_IL_top_10_video_2025-08-14_220927_early_stop/svm_S1_vs_S2_All_2025-08-14_220927_seed123_early_stop.pkl,"{'C': 100, 'decision_function_shape': 'ovo', 'gamma': 'scale', 'kernel': 'rbf'}",2025-08-14_220927
MLP,S1_vs_S2_All,123,True,1,0.09574468085106383,0.09183673469387756,experiment_results_statistical_IL_top_10_video_2025-08-14_220927_early_stop/mlp_S1_vs_S2_All_2025-08-14_220927_seed123_early_stop.pkl,"{'activation': 'relu', 'alpha': 0.0001, 'batch_size': 36, 'early_stopping': True, 'hidden_layer_sizes': [100], 'learning_rate': 'constant', 'learning_rate_init': 0.001, 'max_iter': 2000, 'solver': 'adam'}",2025-08-14_220927
MLP,S1_vs_S2_All,123,True,2,0.19148936170212766,0.1836734693877551,experiment_results_statistical_IL_top_10_video_2025-08-14_220927_early_stop/mlp_S1_vs_S2_All_2025-08-14_220927_seed123_early_stop.pkl,"{'activation': 'relu', 'alpha': 0.0001, 'batch_size': 36, 'early_stopping': True, 'hidden_layer_sizes': [100], 'learning_rate': 'constant', 'learning_rate_init': 0.001, 'max_iter': 2000, 'solver': 'adam'}",2025-08-14_220927
MLP,S1_vs_S2_All,123,True,3,0.2872340425531915,0.2755102040816326,experiment_results_statistical_IL_top_10_video_2025-08-14_220927_early_stop/mlp_S1_vs_S2_All_2025-08-14_220927_seed123_early_stop.pkl,"{'activation': 'relu', 'alpha': 0.0001, 'batch_size': 36, 'early_stopping': True, 'hidden_layer_sizes': [100], 'learning_rate': 'constant', 'learning_rate_init': 0.001, 'max_iter': 2000, 'solver': 'adam'}",2025-08-14_220927
MLP,S1_vs_S2_All,123,True,4,0.3829787234042553,0.3673469387755102,experiment_results_statistical_IL_top_10_video_2025-08-14_220927_early_stop/mlp_S1_vs_S2_All_2025-08-14_220927_seed123_early_stop.pkl,"{'activation': 'relu', 'alpha': 0.0001, 'batch_size': 36, 'early_stopping': True, 'hidden_layer_sizes': [100], 'learning_rate': 'constant', 'learning_rate_init': 0.001, 'max_iter': 2000, 'solver': 'adam'}",2025-08-14_220927
MLP,S1_vs_S2_All,123,True,5,0.4787234042553192,0.45918367346938777,experiment_results_statistical_IL_top_10_video_2025-08-14_220927_early_stop/mlp_S1_vs_S2_All_2025-08-14_220927_seed123_early_stop.pkl,"{'activation': 'relu', 'alpha': 0.0001, 'batch_size': 36, 'early_stopping': True, 'hidden_layer_sizes': [100], 'learning_rate': 'constant', 'learning_rate_init': 0.001, 'max_iter': 2000, 'solver': 'adam'}",2025-08-14_220927
NaiveBayes,S1_vs_S2_All,123,True,1,0.8404255319148937,0.5306122448979592,experiment_results_statistical_IL_top_10_video_2025-08-14_220927_early_stop/naivebayes_S1_vs_S2_All_2025-08-14_220927_seed123_early_stop.pkl,"{'priors': None, 'var_smoothing': 1e-09}",2025-08-14_220927
NaiveBayes,S1_vs_S2_All,123,True,2,0.9361702127659575,0.7653061224489796,experiment_results_statistical_IL_top_10_video_2025-08-14_220927_early_stop/naivebayes_S1_vs_S2_All_2025-08-14_220927_seed123_early_stop.pkl,"{'priors': None, 'var_smoothing': 1e-09}",2025-08-14_220927
NaiveBayes,S1_vs_S2_All,123,True,3,1.0,0.9183673469387755,experiment_results_statistical_IL_top_10_video_2025-08-14_220927_early_stop/naivebayes_S1_vs_S2_All_2025-08-14_220927_seed123_early_stop.pkl,"{'priors': None, 'var_smoothing': 1e-09}",2025-08-14_220927
NaiveBayes,S1_vs_S2_All,123,True,4,1.0,0.9387755102040817,experiment_results_statistical_IL_top_10_video_2025-08-14_220927_early_stop/naivebayes_S1_vs_S2_All_2025-08-14_220927_seed123_early_stop.pkl,"{'priors': None, 'var_smoothing': 1e-09}",2025-08-14_220927
NaiveBayes,S1_vs_S2_All,123,True,5,1.0,0.9591836734693877,experiment_results_statistical_IL_top_10_video_2025-08-14_220927_early_stop/naivebayes_S1_vs_S2_All_2025-08-14_220927_seed123_early_stop.pkl,"{'priors': None, 'var_smoothing': 1e-09}",2025-08-14_220927
LightGBM,S1_vs_S2_All,123,True,1,0.8617021276595744,0.5612244897959183,experiment_results_statistical_IL_top_10_video_2025-08-14_220927_early_stop/lightgbm_S1_vs_S2_All_2025-08-14_220927_seed123_early_stop.pkl,"{'boosting_type': 'gbdt', 'class_weight': None, 'colsample_bytree': 1.0, 'importance_type': 'split', 'learning_rate': 0.1, 'max_depth': -1, 'min_child_samples': 20, 'min_child_weight': 0.001, 'min_split_gain': 0.0, 'n_estimators': 100, 'n_jobs': -1, 'num_leaves': 31, 'objective': None, 'random_state': 123, 'reg_alpha': 0.0, 'reg_lambda': 0.0, 'subsample': 1.0, 'subsample_for_bin': 200000, 'subsample_freq': 0, 'verbose': -1}",2025-08-14_220927
LightGBM,S1_vs_S2_All,123,True,2,0.9361702127659575,0.7755102040816326,experiment_results_statistical_IL_top_10_video_2025-08-14_220927_early_stop/lightgbm_S1_vs_S2_All_2025-08-14_220927_seed123_early_stop.pkl,"{'boosting_type': 'gbdt', 'class_weight': None, 'colsample_bytree': 1.0, 'importance_type': 'split', 'learning_rate': 0.1, 'max_depth': -1, 'min_child_samples': 20, 'min_child_weight': 0.001, 'min_split_gain': 0.0, 'n_estimators': 100, 'n_jobs': -1, 'num_leaves': 31, 'objective': None, 'random_state': 123, 'reg_alpha': 0.0, 'reg_lambda': 0.0, 'subsample': 1.0, 'subsample_for_bin': 200000, 'subsample_freq': 0, 'verbose': -1}",2025-08-14_220927
LightGBM,S1_vs_S2_All,123,True,3,1.0,0.9081632653061225,experiment_results_statistical_IL_top_10_video_2025-08-14_220927_early_stop/lightgbm_S1_vs_S2_All_2025-08-14_220927_seed123_early_stop.pkl,"{'boosting_type': 'gbdt', 'class_weight': None, 'colsample_bytree': 1.0, 'importance_type': 'split', 'learning_rate': 0.1, 'max_depth': -1, 'min_child_samples': 20, 'min_child_weight': 0.001, 'min_split_gain': 0.0, 'n_estimators': 100, 'n_jobs': -1, 'num_leaves': 31, 'objective': None, 'random_state': 123, 'reg_alpha': 0.0, 'reg_lambda': 0.0, 'subsample': 1.0, 'subsample_for_bin': 200000, 'subsample_freq': 0, 'verbose': -1}",2025-08-14_220927
LightGBM,S1_vs_S2_All,123,True,4,1.0,0.9285714285714286,experiment_results_statistical_IL_top_10_video_2025-08-14_220927_early_stop/lightgbm_S1_vs_S2_All_2025-08-14_220927_seed123_early_stop.pkl,"{'boosting_type': 'gbdt', 'class_weight': None, 'colsample_bytree': 1.0, 'importance_type': 'split', 'learning_rate': 0.1, 'max_depth': -1, 'min_child_samples': 20, 'min_child_weight': 0.001, 'min_split_gain': 0.0, 'n_estimators': 100, 'n_jobs': -1, 'num_leaves': 31, 'objective': None, 'random_state': 123, 'reg_alpha': 0.0, 'reg_lambda': 0.0, 'subsample': 1.0, 'subsample_for_bin': 200000, 'subsample_freq': 0, 'verbose': -1}",2025-08-14_220927
LightGBM,S1_vs_S2_All,123,True,5,1.0,0.9591836734693877,experiment_results_statistical_IL_top_10_video_2025-08-14_220927_early_stop/lightgbm_S1_vs_S2_All_2025-08-14_220927_seed123_early_stop.pkl,"{'boosting_type': 'gbdt', 'class_weight': None, 'colsample_bytree': 1.0, 'importance_type': 'split', 'learning_rate': 0.1, 'max_depth': -1, 'min_child_samples': 20, 'min_child_weight': 0.001, 'min_split_gain': 0.0, 'n_estimators': 100, 'n_jobs': -1, 'num_leaves': 31, 'objective': None, 'random_state': 123, 'reg_alpha': 0.0, 'reg_lambda': 0.0, 'subsample': 1.0, 'subsample_for_bin': 200000, 'subsample_freq': 0, 'verbose': -1}",2025-08-14_220927
ExtraTrees,S1_vs_S2_All,123,True,1,0.8617021276595744,0.6020408163265306,experiment_results_statistical_IL_top_10_video_2025-08-14_220927_early_stop/extratrees_S1_vs_S2_All_2025-08-14_220927_seed123_early_stop.pkl,"{'bootstrap': False, 'ccp_alpha': 0.0, 'class_weight': None, 'criterion': 'gini', 'max_depth': None, 'max_features': 'sqrt', 'max_leaf_nodes': None, 'max_samples': None, 'min_impurity_decrease': 0.0, 'min_samples_leaf': 1, 'min_samples_split': 2, 'min_weight_fraction_leaf': 0.0, 'monotonic_cst': None, 'n_estimators': 100, 'n_jobs': -1, 'oob_score': False, 'random_state': 123, 'verbose': 0, 'warm_start': False}",2025-08-14_220927
ExtraTrees,S1_vs_S2_All,123,True,2,0.9361702127659575,0.8571428571428571,experiment_results_statistical_IL_top_10_video_2025-08-14_220927_early_stop/extratrees_S1_vs_S2_All_2025-08-14_220927_seed123_early_stop.pkl,"{'bootstrap': False, 'ccp_alpha': 0.0, 'class_weight': None, 'criterion': 'gini', 'max_depth': None, 'max_features': 'sqrt', 'max_leaf_nodes': None, 'max_samples': None, 'min_impurity_decrease': 0.0, 'min_samples_leaf': 1, 'min_samples_split': 2, 'min_weight_fraction_leaf': 0.0, 'monotonic_cst': None, 'n_estimators': 100, 'n_jobs': -1, 'oob_score': False, 'random_state': 123, 'verbose': 0, 'warm_start': False}",2025-08-14_220927
ExtraTrees,S1_vs_S2_All,123,True,3,1.0,1.0,experiment_results_statistical_IL_top_10_video_2025-08-14_220927_early_stop/extratrees_S1_vs_S2_All_2025-08-14_220927_seed123_early_stop.pkl,"{'bootstrap': False, 'ccp_alpha': 0.0, 'class_weight': None, 'criterion': 'gini', 'max_depth': None, 'max_features': 'sqrt', 'max_leaf_nodes': None, 'max_samples': None, 'min_impurity_decrease': 0.0, 'min_samples_leaf': 1, 'min_samples_split': 2, 'min_weight_fraction_leaf': 0.0, 'monotonic_cst': None, 'n_estimators': 100, 'n_jobs': -1, 'oob_score': False, 'random_state': 123, 'verbose': 0, 'warm_start': False}",2025-08-14_220927
ExtraTrees,S1_vs_S2_All,123,True,4,1.0,1.0,experiment_results_statistical_IL_top_10_video_2025-08-14_220927_early_stop/extratrees_S1_vs_S2_All_2025-08-14_220927_seed123_early_stop.pkl,"{'bootstrap': False, 'ccp_alpha': 0.0, 'class_weight': None, 'criterion': 'gini', 'max_depth': None, 'max_features': 'sqrt', 'max_leaf_nodes': None, 'max_samples': None, 'min_impurity_decrease': 0.0, 'min_samples_leaf': 1, 'min_samples_split': 2, 'min_weight_fraction_leaf': 0.0, 'monotonic_cst': None, 'n_estimators': 100, 'n_jobs': -1, 'oob_score': False, 'random_state': 123, 'verbose': 0, 'warm_start': False}",2025-08-14_220927
ExtraTrees,S1_vs_S2_All,123,True,5,1.0,1.0,experiment_results_statistical_IL_top_10_video_2025-08-14_220927_early_stop/extratrees_S1_vs_S2_All_2025-08-14_220927_seed123_early_stop.pkl,"{'bootstrap': False, 'ccp_alpha': 0.0, 'class_weight': None, 'criterion': 'gini', 'max_depth': None, 'max_features': 'sqrt', 'max_leaf_nodes': None, 'max_samples': None, 'min_impurity_decrease': 0.0, 'min_samples_leaf': 1, 'min_samples_split': 2, 'min_weight_fraction_leaf': 0.0, 'monotonic_cst': None, 'n_estimators': 100, 'n_jobs': -1, 'oob_score': False, 'random_state': 123, 'verbose': 0, 'warm_start': False}",2025-08-14_220927
GradientBoosting,S1_vs_S2_All,123,True,1,0.8617021276595744,0.5408163265306123,experiment_results_statistical_IL_top_10_video_2025-08-14_220927_early_stop/gradientboosting_S1_vs_S2_All_2025-08-14_220927_seed123_early_stop.pkl,"{'ccp_alpha': 0.0, 'criterion': 'friedman_mse', 'init': None, 'learning_rate': 0.1, 'loss': 'log_loss', 'max_depth': 3, 'max_features': None, 'max_leaf_nodes': None, 'min_impurity_decrease': 0.0, 'min_samples_leaf': 1, 'min_samples_split': 2, 'min_weight_fraction_leaf': 0.0, 'n_estimators': 100, 'n_iter_no_change': None, 'random_state': 123, 'subsample': 1.0, 'tol': 0.0001, 'validation_fraction': 0.1, 'verbose': 0, 'warm_start': False}",2025-08-14_220927
GradientBoosting,S1_vs_S2_All,123,True,2,0.9361702127659575,0.7857142857142857,experiment_results_statistical_IL_top_10_video_2025-08-14_220927_early_stop/gradientboosting_S1_vs_S2_All_2025-08-14_220927_seed123_early_stop.pkl,"{'ccp_alpha': 0.0, 'criterion': 'friedman_mse', 'init': None, 'learning_rate': 0.1, 'loss': 'log_loss', 'max_depth': 3, 'max_features': None, 'max_leaf_nodes': None, 'min_impurity_decrease': 0.0, 'min_samples_leaf': 1, 'min_samples_split': 2, 'min_weight_fraction_leaf': 0.0, 'n_estimators': 100, 'n_iter_no_change': None, 'random_state': 123, 'subsample': 1.0, 'tol': 0.0001, 'validation_fraction': 0.1, 'verbose': 0, 'warm_start': False}",2025-08-14_220927
GradientBoosting,S1_vs_S2_All,123,True,3,1.0,0.9591836734693877,experiment_results_statistical_IL_top_10_video_2025-08-14_220927_early_stop/gradientboosting_S1_vs_S2_All_2025-08-14_220927_seed123_early_stop.pkl,"{'ccp_alpha': 0.0, 'criterion': 'friedman_mse', 'init': None, 'learning_rate': 0.1, 'loss': 'log_loss', 'max_depth': 3, 'max_features': None, 'max_leaf_nodes': None, 'min_impurity_decrease': 0.0, 'min_samples_leaf': 1, 'min_samples_split': 2, 'min_weight_fraction_leaf': 0.0, 'n_estimators': 100, 'n_iter_no_change': None, 'random_state': 123, 'subsample': 1.0, 'tol': 0.0001, 'validation_fraction': 0.1, 'verbose': 0, 'warm_start': False}",2025-08-14_220927
GradientBoosting,S1_vs_S2_All,123,True,4,1.0,0.9795918367346939,experiment_results_statistical_IL_top_10_video_2025-08-14_220927_early_stop/gradientboosting_S1_vs_S2_All_2025-08-14_220927_seed123_early_stop.pkl,"{'ccp_alpha': 0.0, 'criterion': 'friedman_mse', 'init': None, 'learning_rate': 0.1, 'loss': 'log_loss', 'max_depth': 3, 'max_features': None, 'max_leaf_nodes': None, 'min_impurity_decrease': 0.0, 'min_samples_leaf': 1, 'min_samples_split': 2, 'min_weight_fraction_leaf': 0.0, 'n_estimators': 100, 'n_iter_no_change': None, 'random_state': 123, 'subsample': 1.0, 'tol': 0.0001, 'validation_fraction': 0.1, 'verbose': 0, 'warm_start': False}",2025-08-14_220927
GradientBoosting,S1_vs_S2_All,123,True,5,1.0,0.9795918367346939,experiment_results_statistical_IL_top_10_video_2025-08-14_220927_early_stop/gradientboosting_S1_vs_S2_All_2025-08-14_220927_seed123_early_stop.pkl,"{'ccp_alpha': 0.0, 'criterion': 'friedman_mse', 'init': None, 'learning_rate': 0.1, 'loss': 'log_loss', 'max_depth': 3, 'max_features': None, 'max_leaf_nodes': None, 'min_impurity_decrease': 0.0, 'min_samples_leaf': 1, 'min_samples_split': 2, 'min_weight_fraction_leaf': 0.0, 'n_estimators': 100, 'n_iter_no_change': None, 'random_state': 123, 'subsample': 1.0, 'tol': 0.0001, 'validation_fraction': 0.1, 'verbose': 0, 'warm_start': False}",2025-08-14_220927
KNN,S1_vs_S2_All,123,True,1,0.48936170212765956,0.3877551020408163,experiment_results_statistical_IL_top_10_video_2025-08-14_220927_early_stop/knn_S1_vs_S2_All_2025-08-14_220927_seed123_early_stop.pkl,"{'algorithm': 'auto', 'leaf_size': 30, 'metric': 'minkowski', 'metric_params': None, 'n_jobs': -1, 'n_neighbors': 5, 'p': 2, 'weights': 'uniform'}",2025-08-14_220927
KNN,S1_vs_S2_All,123,True,2,0.7978723404255319,0.6632653061224489,experiment_results_statistical_IL_top_10_video_2025-08-14_220927_early_stop/knn_S1_vs_S2_All_2025-08-14_220927_seed123_early_stop.pkl,"{'algorithm': 'auto', 'leaf_size': 30, 'metric': 'minkowski', 'metric_params': None, 'n_jobs': -1, 'n_neighbors': 5, 'p': 2, 'weights': 'uniform'}",2025-08-14_220927
KNN,S1_vs_S2_All,123,True,3,0.8617021276595744,0.7346938775510204,experiment_results_statistical_IL_top_10_video_2025-08-14_220927_early_stop/knn_S1_vs_S2_All_2025-08-14_220927_seed123_early_stop.pkl,"{'algorithm': 'auto', 'leaf_size': 30, 'metric': 'minkowski', 'metric_params': None, 'n_jobs': -1, 'n_neighbors': 5, 'p': 2, 'weights': 'uniform'}",2025-08-14_220927
KNN,S1_vs_S2_All,123,True,4,0.9042553191489362,0.7653061224489796,experiment_results_statistical_IL_top_10_video_2025-08-14_220927_early_stop/knn_S1_vs_S2_All_2025-08-14_220927_seed123_early_stop.pkl,"{'algorithm': 'auto', 'leaf_size': 30, 'metric': 'minkowski', 'metric_params': None, 'n_jobs': -1, 'n_neighbors': 5, 'p': 2, 'weights': 'uniform'}",2025-08-14_220927
KNN,S1_vs_S2_All,123,True,5,0.9042553191489362,0.8061224489795918,experiment_results_statistical_IL_top_10_video_2025-08-14_220927_early_stop/knn_S1_vs_S2_All_2025-08-14_220927_seed123_early_stop.pkl,"{'algorithm': 'auto', 'leaf_size': 30, 'metric': 'minkowski', 'metric_params': None, 'n_jobs': -1, 'n_neighbors': 5, 'p': 2, 'weights': 'uniform'}",2025-08-14_220927
LogisticRegression,S1_vs_S2_All,123,True,1,0.30851063829787234,0.22448979591836735,experiment_results_statistical_IL_top_10_video_2025-08-14_220927_early_stop/logisticregression_S1_vs_S2_All_2025-08-14_220927_seed123_early_stop.pkl,"{'C': 1.0, 'class_weight': None, 'dual': False, 'fit_intercept': True, 'intercept_scaling': 1, 'l1_ratio': None, 'max_iter': 100, 'multi_class': 'deprecated', 'n_jobs': -1, 'penalty': 'l2', 'random_state': 123, 'solver': 'lbfgs', 'tol': 0.0001, 'verbose': 0, 'warm_start': False}",2025-08-14_220927
LogisticRegression,S1_vs_S2_All,123,True,2,0.6170212765957447,0.47959183673469385,experiment_results_statistical_IL_top_10_video_2025-08-14_220927_early_stop/logisticregression_S1_vs_S2_All_2025-08-14_220927_seed123_early_stop.pkl,"{'C': 1.0, 'class_weight': None, 'dual': False, 'fit_intercept': True, 'intercept_scaling': 1, 'l1_ratio': None, 'max_iter': 100, 'multi_class': 'deprecated', 'n_jobs': -1, 'penalty': 'l2', 'random_state': 123, 'solver': 'lbfgs', 'tol': 0.0001, 'verbose': 0, 'warm_start': False}",2025-08-14_220927
LogisticRegression,S1_vs_S2_All,123,True,3,0.8191489361702128,0.6530612244897959,experiment_results_statistical_IL_top_10_video_2025-08-14_220927_early_stop/logisticregression_S1_vs_S2_All_2025-08-14_220927_seed123_early_stop.pkl,"{'C': 1.0, 'class_weight': None, 'dual': False, 'fit_intercept': True, 'intercept_scaling': 1, 'l1_ratio': None, 'max_iter': 100, 'multi_class': 'deprecated', 'n_jobs': -1, 'penalty': 'l2', 'random_state': 123, 'solver': 'lbfgs', 'tol': 0.0001, 'verbose': 0, 'warm_start': False}",2025-08-14_220927
LogisticRegression,S1_vs_S2_All,123,True,4,0.8404255319148937,0.7244897959183674,experiment_results_statistical_IL_top_10_video_2025-08-14_220927_early_stop/logisticregression_S1_vs_S2_All_2025-08-14_220927_seed123_early_stop.pkl,"{'C': 1.0, 'class_weight': None, 'dual': False, 'fit_intercept': True, 'intercept_scaling': 1, 'l1_ratio': None, 'max_iter': 100, 'multi_class': 'deprecated', 'n_jobs': -1, 'penalty': 'l2', 'random_state': 123, 'solver': 'lbfgs', 'tol': 0.0001, 'verbose': 0, 'warm_start': False}",2025-08-14_220927
LogisticRegression,S1_vs_S2_All,123,True,5,0.8404255319148937,0.7653061224489796,experiment_results_statistical_IL_top_10_video_2025-08-14_220927_early_stop/logisticregression_S1_vs_S2_All_2025-08-14_220927_seed123_early_stop.pkl,"{'C': 1.0, 'class_weight': None, 'dual': False, 'fit_intercept': True, 'intercept_scaling': 1, 'l1_ratio': None, 'max_iter': 100, 'multi_class': 'deprecated', 'n_jobs': -1, 'penalty': 'l2', 'random_state': 123, 'solver': 'lbfgs', 'tol': 0.0001, 'verbose': 0, 'warm_start': False}",2025-08-14_220927
RandomForest,S1_vs_S2_All,456,True,1,0.8617021276595744,0.6224489795918368,experiment_results_statistical_IL_top_10_video_2025-08-14_220927_early_stop/randomforest_S1_vs_S2_All_2025-08-14_220927_seed456_early_stop.pkl,"{'bootstrap': True, 'max_depth': 10, 'max_features': 'sqrt', 'min_samples_leaf': 2, 'min_samples_split': 2, 'n_estimators': 500}",2025-08-14_220927
RandomForest,S1_vs_S2_All,456,True,2,0.9361702127659575,0.8571428571428571,experiment_results_statistical_IL_top_10_video_2025-08-14_220927_early_stop/randomforest_S1_vs_S2_All_2025-08-14_220927_seed456_early_stop.pkl,"{'bootstrap': True, 'max_depth': 10, 'max_features': 'sqrt', 'min_samples_leaf': 2, 'min_samples_split': 2, 'n_estimators': 500}",2025-08-14_220927
RandomForest,S1_vs_S2_All,456,True,3,1.0,0.9897959183673469,experiment_results_statistical_IL_top_10_video_2025-08-14_220927_early_stop/randomforest_S1_vs_S2_All_2025-08-14_220927_seed456_early_stop.pkl,"{'bootstrap': True, 'max_depth': 10, 'max_features': 'sqrt', 'min_samples_leaf': 2, 'min_samples_split': 2, 'n_estimators': 500}",2025-08-14_220927
RandomForest,S1_vs_S2_All,456,True,4,1.0,0.9897959183673469,experiment_results_statistical_IL_top_10_video_2025-08-14_220927_early_stop/randomforest_S1_vs_S2_All_2025-08-14_220927_seed456_early_stop.pkl,"{'bootstrap': True, 'max_depth': 10, 'max_features': 'sqrt', 'min_samples_leaf': 2, 'min_samples_split': 2, 'n_estimators': 500}",2025-08-14_220927
RandomForest,S1_vs_S2_All,456,True,5,1.0,1.0,experiment_results_statistical_IL_top_10_video_2025-08-14_220927_early_stop/randomforest_S1_vs_S2_All_2025-08-14_220927_seed456_early_stop.pkl,"{'bootstrap': True, 'max_depth': 10, 'max_features': 'sqrt', 'min_samples_leaf': 2, 'min_samples_split': 2, 'n_estimators': 500}",2025-08-14_220927
XGBoost,S1_vs_S2_All,456,True,1,0.8617021276595744,0.5918367346938775,experiment_results_statistical_IL_top_10_video_2025-08-14_220927_early_stop/xgboost_S1_vs_S2_All_2025-08-14_220927_seed456_early_stop.pkl,"{'colsample_bytree': 0.8, 'device': 'cpu', 'learning_rate': 0.1, 'max_depth': 4, 'n_estimators': 1000, 'reg_lambda': 1, 'subsample': 0.8}",2025-08-14_220927
XGBoost,S1_vs_S2_All,456,True,2,0.9361702127659575,0.8367346938775511,experiment_results_statistical_IL_top_10_video_2025-08-14_220927_early_stop/xgboost_S1_vs_S2_All_2025-08-14_220927_seed456_early_stop.pkl,"{'colsample_bytree': 0.8, 'device': 'cpu', 'learning_rate': 0.1, 'max_depth': 4, 'n_estimators': 1000, 'reg_lambda': 1, 'subsample': 0.8}",2025-08-14_220927
XGBoost,S1_vs_S2_All,456,True,3,1.0,0.9591836734693877,experiment_results_statistical_IL_top_10_video_2025-08-14_220927_early_stop/xgboost_S1_vs_S2_All_2025-08-14_220927_seed456_early_stop.pkl,"{'colsample_bytree': 0.8, 'device': 'cpu', 'learning_rate': 0.1, 'max_depth': 4, 'n_estimators': 1000, 'reg_lambda': 1, 'subsample': 0.8}",2025-08-14_220927
XGBoost,S1_vs_S2_All,456,True,4,1.0,0.9591836734693877,experiment_results_statistical_IL_top_10_video_2025-08-14_220927_early_stop/xgboost_S1_vs_S2_All_2025-08-14_220927_seed456_early_stop.pkl,"{'colsample_bytree': 0.8, 'device': 'cpu', 'learning_rate': 0.1, 'max_depth': 4, 'n_estimators': 1000, 'reg_lambda': 1, 'subsample': 0.8}",2025-08-14_220927
XGBoost,S1_vs_S2_All,456,True,5,1.0,0.9795918367346939,experiment_results_statistical_IL_top_10_video_2025-08-14_220927_early_stop/xgboost_S1_vs_S2_All_2025-08-14_220927_seed456_early_stop.pkl,"{'colsample_bytree': 0.8, 'device': 'cpu', 'learning_rate': 0.1, 'max_depth': 4, 'n_estimators': 1000, 'reg_lambda': 1, 'subsample': 0.8}",2025-08-14_220927
CatBoost,S1_vs_S2_All,456,True,1,0.8617021276595744,0.5714285714285714,experiment_results_statistical_IL_top_10_video_2025-08-14_220927_early_stop/catboost_S1_vs_S2_All_2025-08-14_220927_seed456_early_stop.pkl,"{'border_count': 32, 'depth': 4, 'iterations': 1000, 'l2_leaf_reg': 3, 'learning_rate': 0.05}",2025-08-14_220927
CatBoost,S1_vs_S2_All,456,True,2,0.9361702127659575,0.8775510204081632,experiment_results_statistical_IL_top_10_video_2025-08-14_220927_early_stop/catboost_S1_vs_S2_All_2025-08-14_220927_seed456_early_stop.pkl,"{'border_count': 32, 'depth': 4, 'iterations': 1000, 'l2_leaf_reg': 3, 'learning_rate': 0.05}",2025-08-14_220927
CatBoost,S1_vs_S2_All,456,True,3,1.0,1.0,experiment_results_statistical_IL_top_10_video_2025-08-14_220927_early_stop/catboost_S1_vs_S2_All_2025-08-14_220927_seed456_early_stop.pkl,"{'border_count': 32, 'depth': 4, 'iterations': 1000, 'l2_leaf_reg': 3, 'learning_rate': 0.05}",2025-08-14_220927
CatBoost,S1_vs_S2_All,456,True,4,1.0,1.0,experiment_results_statistical_IL_top_10_video_2025-08-14_220927_early_stop/catboost_S1_vs_S2_All_2025-08-14_220927_seed456_early_stop.pkl,"{'border_count': 32, 'depth': 4, 'iterations': 1000, 'l2_leaf_reg': 3, 'learning_rate': 0.05}",2025-08-14_220927
CatBoost,S1_vs_S2_All,456,True,5,1.0,1.0,experiment_results_statistical_IL_top_10_video_2025-08-14_220927_early_stop/catboost_S1_vs_S2_All_2025-08-14_220927_seed456_early_stop.pkl,"{'border_count': 32, 'depth': 4, 'iterations': 1000, 'l2_leaf_reg': 3, 'learning_rate': 0.05}",2025-08-14_220927
SVM,S1_vs_S2_All,456,True,1,0.4787234042553192,0.45918367346938777,experiment_results_statistical_IL_top_10_video_2025-08-14_220927_early_stop/svm_S1_vs_S2_All_2025-08-14_220927_seed456_early_stop.pkl,"{'C': 100, 'decision_function_shape': 'ovo', 'gamma': 'scale', 'kernel': 'rbf'}",2025-08-14_220927
SVM,S1_vs_S2_All,456,True,2,0.7872340425531915,0.7244897959183674,experiment_results_statistical_IL_top_10_video_2025-08-14_220927_early_stop/svm_S1_vs_S2_All_2025-08-14_220927_seed456_early_stop.pkl,"{'C': 100, 'decision_function_shape': 'ovo', 'gamma': 'scale', 'kernel': 'rbf'}",2025-08-14_220927
SVM,S1_vs_S2_All,456,True,3,1.0,0.9489795918367347,experiment_results_statistical_IL_top_10_video_2025-08-14_220927_early_stop/svm_S1_vs_S2_All_2025-08-14_220927_seed456_early_stop.pkl,"{'C': 100, 'decision_function_shape': 'ovo', 'gamma': 'scale', 'kernel': 'rbf'}",2025-08-14_220927
SVM,S1_vs_S2_All,456,True,4,1.0,0.9897959183673469,experiment_results_statistical_IL_top_10_video_2025-08-14_220927_early_stop/svm_S1_vs_S2_All_2025-08-14_220927_seed456_early_stop.pkl,"{'C': 100, 'decision_function_shape': 'ovo', 'gamma': 'scale', 'kernel': 'rbf'}",2025-08-14_220927
SVM,S1_vs_S2_All,456,True,5,1.0,0.9897959183673469,experiment_results_statistical_IL_top_10_video_2025-08-14_220927_early_stop/svm_S1_vs_S2_All_2025-08-14_220927_seed456_early_stop.pkl,"{'C': 100, 'decision_function_shape': 'ovo', 'gamma': 'scale', 'kernel': 'rbf'}",2025-08-14_220927
MLP,S1_vs_S2_All,456,True,1,0.09574468085106383,0.09183673469387756,experiment_results_statistical_IL_top_10_video_2025-08-14_220927_early_stop/mlp_S1_vs_S2_All_2025-08-14_220927_seed456_early_stop.pkl,"{'activation': 'tanh', 'alpha': 0.0001, 'batch_size': 1, 'early_stopping': True, 'hidden_layer_sizes': [50, 50], 'learning_rate': 'constant', 'learning_rate_init': 0.01, 'max_iter': 2000, 'solver': 'adam'}",2025-08-14_220927
MLP,S1_vs_S2_All,456,True,2,0.19148936170212766,0.1836734693877551,experiment_results_statistical_IL_top_10_video_2025-08-14_220927_early_stop/mlp_S1_vs_S2_All_2025-08-14_220927_seed456_early_stop.pkl,"{'activation': 'tanh', 'alpha': 0.0001, 'batch_size': 1, 'early_stopping': True, 'hidden_layer_sizes': [50, 50], 'learning_rate': 'constant', 'learning_rate_init': 0.01, 'max_iter': 2000, 'solver': 'adam'}",2025-08-14_220927
MLP,S1_vs_S2_All,456,True,3,0.2872340425531915,0.2755102040816326,experiment_results_statistical_IL_top_10_video_2025-08-14_220927_early_stop/mlp_S1_vs_S2_All_2025-08-14_220927_seed456_early_stop.pkl,"{'activation': 'tanh', 'alpha': 0.0001, 'batch_size': 1, 'early_stopping': True, 'hidden_layer_sizes': [50, 50], 'learning_rate': 'constant', 'learning_rate_init': 0.01, 'max_iter': 2000, 'solver': 'adam'}",2025-08-14_220927
MLP,S1_vs_S2_All,456,True,4,0.3829787234042553,0.3673469387755102,experiment_results_statistical_IL_top_10_video_2025-08-14_220927_early_stop/mlp_S1_vs_S2_All_2025-08-14_220927_seed456_early_stop.pkl,"{'activation': 'tanh', 'alpha': 0.0001, 'batch_size': 1, 'early_stopping': True, 'hidden_layer_sizes': [50, 50], 'learning_rate': 'constant', 'learning_rate_init': 0.01, 'max_iter': 2000, 'solver': 'adam'}",2025-08-14_220927
MLP,S1_vs_S2_All,456,True,5,0.4787234042553192,0.45918367346938777,experiment_results_statistical_IL_top_10_video_2025-08-14_220927_early_stop/mlp_S1_vs_S2_All_2025-08-14_220927_seed456_early_stop.pkl,"{'activation': 'tanh', 'alpha': 0.0001, 'batch_size': 1, 'early_stopping': True, 'hidden_layer_sizes': [50, 50], 'learning_rate': 'constant', 'learning_rate_init': 0.01, 'max_iter': 2000, 'solver': 'adam'}",2025-08-14_220927
NaiveBayes,S1_vs_S2_All,456,True,1,0.8404255319148937,0.5306122448979592,experiment_results_statistical_IL_top_10_video_2025-08-14_220927_early_stop/naivebayes_S1_vs_S2_All_2025-08-14_220927_seed456_early_stop.pkl,"{'priors': None, 'var_smoothing': 1e-09}",2025-08-14_220927
NaiveBayes,S1_vs_S2_All,456,True,2,0.9361702127659575,0.7653061224489796,experiment_results_statistical_IL_top_10_video_2025-08-14_220927_early_stop/naivebayes_S1_vs_S2_All_2025-08-14_220927_seed456_early_stop.pkl,"{'priors': None, 'var_smoothing': 1e-09}",2025-08-14_220927
NaiveBayes,S1_vs_S2_All,456,True,3,1.0,0.9183673469387755,experiment_results_statistical_IL_top_10_video_2025-08-14_220927_early_stop/naivebayes_S1_vs_S2_All_2025-08-14_220927_seed456_early_stop.pkl,"{'priors': None, 'var_smoothing': 1e-09}",2025-08-14_220927
NaiveBayes,S1_vs_S2_All,456,True,4,1.0,0.9387755102040817,experiment_results_statistical_IL_top_10_video_2025-08-14_220927_early_stop/naivebayes_S1_vs_S2_All_2025-08-14_220927_seed456_early_stop.pkl,"{'priors': None, 'var_smoothing': 1e-09}",2025-08-14_220927
NaiveBayes,S1_vs_S2_All,456,True,5,1.0,0.9591836734693877,experiment_results_statistical_IL_top_10_video_2025-08-14_220927_early_stop/naivebayes_S1_vs_S2_All_2025-08-14_220927_seed456_early_stop.pkl,"{'priors': None, 'var_smoothing': 1e-09}",2025-08-14_220927
LightGBM,S1_vs_S2_All,456,True,1,0.8617021276595744,0.5612244897959183,experiment_results_statistical_IL_top_10_video_2025-08-14_220927_early_stop/lightgbm_S1_vs_S2_All_2025-08-14_220927_seed456_early_stop.pkl,"{'boosting_type': 'gbdt', 'class_weight': None, 'colsample_bytree': 1.0, 'importance_type': 'split', 'learning_rate': 0.1, 'max_depth': -1, 'min_child_samples': 20, 'min_child_weight': 0.001, 'min_split_gain': 0.0, 'n_estimators': 100, 'n_jobs': -1, 'num_leaves': 31, 'objective': None, 'random_state': 456, 'reg_alpha': 0.0, 'reg_lambda': 0.0, 'subsample': 1.0, 'subsample_for_bin': 200000, 'subsample_freq': 0, 'verbose': -1}",2025-08-14_220927
LightGBM,S1_vs_S2_All,456,True,2,0.9361702127659575,0.7755102040816326,experiment_results_statistical_IL_top_10_video_2025-08-14_220927_early_stop/lightgbm_S1_vs_S2_All_2025-08-14_220927_seed456_early_stop.pkl,"{'boosting_type': 'gbdt', 'class_weight': None, 'colsample_bytree': 1.0, 'importance_type': 'split', 'learning_rate': 0.1, 'max_depth': -1, 'min_child_samples': 20, 'min_child_weight': 0.001, 'min_split_gain': 0.0, 'n_estimators': 100, 'n_jobs': -1, 'num_leaves': 31, 'objective': None, 'random_state': 456, 'reg_alpha': 0.0, 'reg_lambda': 0.0, 'subsample': 1.0, 'subsample_for_bin': 200000, 'subsample_freq': 0, 'verbose': -1}",2025-08-14_220927
LightGBM,S1_vs_S2_All,456,True,3,1.0,0.9081632653061225,experiment_results_statistical_IL_top_10_video_2025-08-14_220927_early_stop/lightgbm_S1_vs_S2_All_2025-08-14_220927_seed456_early_stop.pkl,"{'boosting_type': 'gbdt', 'class_weight': None, 'colsample_bytree': 1.0, 'importance_type': 'split', 'learning_rate': 0.1, 'max_depth': -1, 'min_child_samples': 20, 'min_child_weight': 0.001, 'min_split_gain': 0.0, 'n_estimators': 100, 'n_jobs': -1, 'num_leaves': 31, 'objective': None, 'random_state': 456, 'reg_alpha': 0.0, 'reg_lambda': 0.0, 'subsample': 1.0, 'subsample_for_bin': 200000, 'subsample_freq': 0, 'verbose': -1}",2025-08-14_220927
LightGBM,S1_vs_S2_All,456,True,4,1.0,0.9285714285714286,experiment_results_statistical_IL_top_10_video_2025-08-14_220927_early_stop/lightgbm_S1_vs_S2_All_2025-08-14_220927_seed456_early_stop.pkl,"{'boosting_type': 'gbdt', 'class_weight': None, 'colsample_bytree': 1.0, 'importance_type': 'split', 'learning_rate': 0.1, 'max_depth': -1, 'min_child_samples': 20, 'min_child_weight': 0.001, 'min_split_gain': 0.0, 'n_estimators': 100, 'n_jobs': -1, 'num_leaves': 31, 'objective': None, 'random_state': 456, 'reg_alpha': 0.0, 'reg_lambda': 0.0, 'subsample': 1.0, 'subsample_for_bin': 200000, 'subsample_freq': 0, 'verbose': -1}",2025-08-14_220927
LightGBM,S1_vs_S2_All,456,True,5,1.0,0.9591836734693877,experiment_results_statistical_IL_top_10_video_2025-08-14_220927_early_stop/lightgbm_S1_vs_S2_All_2025-08-14_220927_seed456_early_stop.pkl,"{'boosting_type': 'gbdt', 'class_weight': None, 'colsample_bytree': 1.0, 'importance_type': 'split', 'learning_rate': 0.1, 'max_depth': -1, 'min_child_samples': 20, 'min_child_weight': 0.001, 'min_split_gain': 0.0, 'n_estimators': 100, 'n_jobs': -1, 'num_leaves': 31, 'objective': None, 'random_state': 456, 'reg_alpha': 0.0, 'reg_lambda': 0.0, 'subsample': 1.0, 'subsample_for_bin': 200000, 'subsample_freq': 0, 'verbose': -1}",2025-08-14_220927
ExtraTrees,S1_vs_S2_All,456,True,1,0.8617021276595744,0.6020408163265306,experiment_results_statistical_IL_top_10_video_2025-08-14_220927_early_stop/extratrees_S1_vs_S2_All_2025-08-14_220927_seed456_early_stop.pkl,"{'bootstrap': False, 'ccp_alpha': 0.0, 'class_weight': None, 'criterion': 'gini', 'max_depth': None, 'max_features': 'sqrt', 'max_leaf_nodes': None, 'max_samples': None, 'min_impurity_decrease': 0.0, 'min_samples_leaf': 1, 'min_samples_split': 2, 'min_weight_fraction_leaf': 0.0, 'monotonic_cst': None, 'n_estimators': 100, 'n_jobs': -1, 'oob_score': False, 'random_state': 456, 'verbose': 0, 'warm_start': False}",2025-08-14_220927
ExtraTrees,S1_vs_S2_All,456,True,2,0.9361702127659575,0.8571428571428571,experiment_results_statistical_IL_top_10_video_2025-08-14_220927_early_stop/extratrees_S1_vs_S2_All_2025-08-14_220927_seed456_early_stop.pkl,"{'bootstrap': False, 'ccp_alpha': 0.0, 'class_weight': None, 'criterion': 'gini', 'max_depth': None, 'max_features': 'sqrt', 'max_leaf_nodes': None, 'max_samples': None, 'min_impurity_decrease': 0.0, 'min_samples_leaf': 1, 'min_samples_split': 2, 'min_weight_fraction_leaf': 0.0, 'monotonic_cst': None, 'n_estimators': 100, 'n_jobs': -1, 'oob_score': False, 'random_state': 456, 'verbose': 0, 'warm_start': False}",2025-08-14_220927
ExtraTrees,S1_vs_S2_All,456,True,3,1.0,0.9897959183673469,experiment_results_statistical_IL_top_10_video_2025-08-14_220927_early_stop/extratrees_S1_vs_S2_All_2025-08-14_220927_seed456_early_stop.pkl,"{'bootstrap': False, 'ccp_alpha': 0.0, 'class_weight': None, 'criterion': 'gini', 'max_depth': None, 'max_features': 'sqrt', 'max_leaf_nodes': None, 'max_samples': None, 'min_impurity_decrease': 0.0, 'min_samples_leaf': 1, 'min_samples_split': 2, 'min_weight_fraction_leaf': 0.0, 'monotonic_cst': None, 'n_estimators': 100, 'n_jobs': -1, 'oob_score': False, 'random_state': 456, 'verbose': 0, 'warm_start': False}",2025-08-14_220927
ExtraTrees,S1_vs_S2_All,456,True,4,1.0,1.0,experiment_results_statistical_IL_top_10_video_2025-08-14_220927_early_stop/extratrees_S1_vs_S2_All_2025-08-14_220927_seed456_early_stop.pkl,"{'bootstrap': False, 'ccp_alpha': 0.0, 'class_weight': None, 'criterion': 'gini', 'max_depth': None, 'max_features': 'sqrt', 'max_leaf_nodes': None, 'max_samples': None, 'min_impurity_decrease': 0.0, 'min_samples_leaf': 1, 'min_samples_split': 2, 'min_weight_fraction_leaf': 0.0, 'monotonic_cst': None, 'n_estimators': 100, 'n_jobs': -1, 'oob_score': False, 'random_state': 456, 'verbose': 0, 'warm_start': False}",2025-08-14_220927
ExtraTrees,S1_vs_S2_All,456,True,5,1.0,1.0,experiment_results_statistical_IL_top_10_video_2025-08-14_220927_early_stop/extratrees_S1_vs_S2_All_2025-08-14_220927_seed456_early_stop.pkl,"{'bootstrap': False, 'ccp_alpha': 0.0, 'class_weight': None, 'criterion': 'gini', 'max_depth': None, 'max_features': 'sqrt', 'max_leaf_nodes': None, 'max_samples': None, 'min_impurity_decrease': 0.0, 'min_samples_leaf': 1, 'min_samples_split': 2, 'min_weight_fraction_leaf': 0.0, 'monotonic_cst': None, 'n_estimators': 100, 'n_jobs': -1, 'oob_score': False, 'random_state': 456, 'verbose': 0, 'warm_start': False}",2025-08-14_220927
GradientBoosting,S1_vs_S2_All,456,True,1,0.8617021276595744,0.5408163265306123,experiment_results_statistical_IL_top_10_video_2025-08-14_220927_early_stop/gradientboosting_S1_vs_S2_All_2025-08-14_220927_seed456_early_stop.pkl,"{'ccp_alpha': 0.0, 'criterion': 'friedman_mse', 'init': None, 'learning_rate': 0.1, 'loss': 'log_loss', 'max_depth': 3, 'max_features': None, 'max_leaf_nodes': None, 'min_impurity_decrease': 0.0, 'min_samples_leaf': 1, 'min_samples_split': 2, 'min_weight_fraction_leaf': 0.0, 'n_estimators': 100, 'n_iter_no_change': None, 'random_state': 456, 'subsample': 1.0, 'tol': 0.0001, 'validation_fraction': 0.1, 'verbose': 0, 'warm_start': False}",2025-08-14_220927
GradientBoosting,S1_vs_S2_All,456,True,2,0.9361702127659575,0.7653061224489796,experiment_results_statistical_IL_top_10_video_2025-08-14_220927_early_stop/gradientboosting_S1_vs_S2_All_2025-08-14_220927_seed456_early_stop.pkl,"{'ccp_alpha': 0.0, 'criterion': 'friedman_mse', 'init': None, 'learning_rate': 0.1, 'loss': 'log_loss', 'max_depth': 3, 'max_features': None, 'max_leaf_nodes': None, 'min_impurity_decrease': 0.0, 'min_samples_leaf': 1, 'min_samples_split': 2, 'min_weight_fraction_leaf': 0.0, 'n_estimators': 100, 'n_iter_no_change': None, 'random_state': 456, 'subsample': 1.0, 'tol': 0.0001, 'validation_fraction': 0.1, 'verbose': 0, 'warm_start': False}",2025-08-14_220927
GradientBoosting,S1_vs_S2_All,456,True,3,1.0,0.9489795918367347,experiment_results_statistical_IL_top_10_video_2025-08-14_220927_early_stop/gradientboosting_S1_vs_S2_All_2025-08-14_220927_seed456_early_stop.pkl,"{'ccp_alpha': 0.0, 'criterion': 'friedman_mse', 'init': None, 'learning_rate': 0.1, 'loss': 'log_loss', 'max_depth': 3, 'max_features': None, 'max_leaf_nodes': None, 'min_impurity_decrease': 0.0, 'min_samples_leaf': 1, 'min_samples_split': 2, 'min_weight_fraction_leaf': 0.0, 'n_estimators': 100, 'n_iter_no_change': None, 'random_state': 456, 'subsample': 1.0, 'tol': 0.0001, 'validation_fraction': 0.1, 'verbose': 0, 'warm_start': False}",2025-08-14_220927
GradientBoosting,S1_vs_S2_All,456,True,4,1.0,0.9795918367346939,experiment_results_statistical_IL_top_10_video_2025-08-14_220927_early_stop/gradientboosting_S1_vs_S2_All_2025-08-14_220927_seed456_early_stop.pkl,"{'ccp_alpha': 0.0, 'criterion': 'friedman_mse', 'init': None, 'learning_rate': 0.1, 'loss': 'log_loss', 'max_depth': 3, 'max_features': None, 'max_leaf_nodes': None, 'min_impurity_decrease': 0.0, 'min_samples_leaf': 1, 'min_samples_split': 2, 'min_weight_fraction_leaf': 0.0, 'n_estimators': 100, 'n_iter_no_change': None, 'random_state': 456, 'subsample': 1.0, 'tol': 0.0001, 'validation_fraction': 0.1, 'verbose': 0, 'warm_start': False}",2025-08-14_220927
GradientBoosting,S1_vs_S2_All,456,True,5,1.0,0.9795918367346939,experiment_results_statistical_IL_top_10_video_2025-08-14_220927_early_stop/gradientboosting_S1_vs_S2_All_2025-08-14_220927_seed456_early_stop.pkl,"{'ccp_alpha': 0.0, 'criterion': 'friedman_mse', 'init': None, 'learning_rate': 0.1, 'loss': 'log_loss', 'max_depth': 3, 'max_features': None, 'max_leaf_nodes': None, 'min_impurity_decrease': 0.0, 'min_samples_leaf': 1, 'min_samples_split': 2, 'min_weight_fraction_leaf': 0.0, 'n_estimators': 100, 'n_iter_no_change': None, 'random_state': 456, 'subsample': 1.0, 'tol': 0.0001, 'validation_fraction': 0.1, 'verbose': 0, 'warm_start': False}",2025-08-14_220927
KNN,S1_vs_S2_All,456,True,1,0.48936170212765956,0.3877551020408163,experiment_results_statistical_IL_top_10_video_2025-08-14_220927_early_stop/knn_S1_vs_S2_All_2025-08-14_220927_seed456_early_stop.pkl,"{'algorithm': 'auto', 'leaf_size': 30, 'metric': 'minkowski', 'metric_params': None, 'n_jobs': -1, 'n_neighbors': 5, 'p': 2, 'weights': 'uniform'}",2025-08-14_220927
KNN,S1_vs_S2_All,456,True,2,0.7978723404255319,0.6632653061224489,experiment_results_statistical_IL_top_10_video_2025-08-14_220927_early_stop/knn_S1_vs_S2_All_2025-08-14_220927_seed456_early_stop.pkl,"{'algorithm': 'auto', 'leaf_size': 30, 'metric': 'minkowski', 'metric_params': None, 'n_jobs': -1, 'n_neighbors': 5, 'p': 2, 'weights': 'uniform'}",2025-08-14_220927
KNN,S1_vs_S2_All,456,True,3,0.8617021276595744,0.7346938775510204,experiment_results_statistical_IL_top_10_video_2025-08-14_220927_early_stop/knn_S1_vs_S2_All_2025-08-14_220927_seed456_early_stop.pkl,"{'algorithm': 'auto', 'leaf_size': 30, 'metric': 'minkowski', 'metric_params': None, 'n_jobs': -1, 'n_neighbors': 5, 'p': 2, 'weights': 'uniform'}",2025-08-14_220927
KNN,S1_vs_S2_All,456,True,4,0.9042553191489362,0.7653061224489796,experiment_results_statistical_IL_top_10_video_2025-08-14_220927_early_stop/knn_S1_vs_S2_All_2025-08-14_220927_seed456_early_stop.pkl,"{'algorithm': 'auto', 'leaf_size': 30, 'metric': 'minkowski', 'metric_params': None, 'n_jobs': -1, 'n_neighbors': 5, 'p': 2, 'weights': 'uniform'}",2025-08-14_220927
KNN,S1_vs_S2_All,456,True,5,0.9042553191489362,0.8061224489795918,experiment_results_statistical_IL_top_10_video_2025-08-14_220927_early_stop/knn_S1_vs_S2_All_2025-08-14_220927_seed456_early_stop.pkl,"{'algorithm': 'auto', 'leaf_size': 30, 'metric': 'minkowski', 'metric_params': None, 'n_jobs': -1, 'n_neighbors': 5, 'p': 2, 'weights': 'uniform'}",2025-08-14_220927
LogisticRegression,S1_vs_S2_All,456,True,1,0.30851063829787234,0.22448979591836735,experiment_results_statistical_IL_top_10_video_2025-08-14_220927_early_stop/logisticregression_S1_vs_S2_All_2025-08-14_220927_seed456_early_stop.pkl,"{'C': 1.0, 'class_weight': None, 'dual': False, 'fit_intercept': True, 'intercept_scaling': 1, 'l1_ratio': None, 'max_iter': 100, 'multi_class': 'deprecated', 'n_jobs': -1, 'penalty': 'l2', 'random_state': 456, 'solver': 'lbfgs', 'tol': 0.0001, 'verbose': 0, 'warm_start': False}",2025-08-14_220927
LogisticRegression,S1_vs_S2_All,456,True,2,0.6170212765957447,0.47959183673469385,experiment_results_statistical_IL_top_10_video_2025-08-14_220927_early_stop/logisticregression_S1_vs_S2_All_2025-08-14_220927_seed456_early_stop.pkl,"{'C': 1.0, 'class_weight': None, 'dual': False, 'fit_intercept': True, 'intercept_scaling': 1, 'l1_ratio': None, 'max_iter': 100, 'multi_class': 'deprecated', 'n_jobs': -1, 'penalty': 'l2', 'random_state': 456, 'solver': 'lbfgs', 'tol': 0.0001, 'verbose': 0, 'warm_start': False}",2025-08-14_220927
LogisticRegression,S1_vs_S2_All,456,True,3,0.8191489361702128,0.6530612244897959,experiment_results_statistical_IL_top_10_video_2025-08-14_220927_early_stop/logisticregression_S1_vs_S2_All_2025-08-14_220927_seed456_early_stop.pkl,"{'C': 1.0, 'class_weight': None, 'dual': False, 'fit_intercept': True, 'intercept_scaling': 1, 'l1_ratio': None, 'max_iter': 100, 'multi_class': 'deprecated', 'n_jobs': -1, 'penalty': 'l2', 'random_state': 456, 'solver': 'lbfgs', 'tol': 0.0001, 'verbose': 0, 'warm_start': False}",2025-08-14_220927
LogisticRegression,S1_vs_S2_All,456,True,4,0.8404255319148937,0.7244897959183674,experiment_results_statistical_IL_top_10_video_2025-08-14_220927_early_stop/logisticregression_S1_vs_S2_All_2025-08-14_220927_seed456_early_stop.pkl,"{'C': 1.0, 'class_weight': None, 'dual': False, 'fit_intercept': True, 'intercept_scaling': 1, 'l1_ratio': None, 'max_iter': 100, 'multi_class': 'deprecated', 'n_jobs': -1, 'penalty': 'l2', 'random_state': 456, 'solver': 'lbfgs', 'tol': 0.0001, 'verbose': 0, 'warm_start': False}",2025-08-14_220927
LogisticRegression,S1_vs_S2_All,456,True,5,0.8404255319148937,0.7653061224489796,experiment_results_statistical_IL_top_10_video_2025-08-14_220927_early_stop/logisticregression_S1_vs_S2_All_2025-08-14_220927_seed456_early_stop.pkl,"{'C': 1.0, 'class_weight': None, 'dual': False, 'fit_intercept': True, 'intercept_scaling': 1, 'l1_ratio': None, 'max_iter': 100, 'multi_class': 'deprecated', 'n_jobs': -1, 'penalty': 'l2', 'random_state': 456, 'solver': 'lbfgs', 'tol': 0.0001, 'verbose': 0, 'warm_start': False}",2025-08-14_220927
RandomForest,FI_vs_T,42,True,1,0.8372093023255814,0.6666666666666666,experiment_results_statistical_IL_top_10_video_2025-08-14_220927_early_stop/randomforest_FI_vs_T_2025-08-14_220927_seed42_early_stop.pkl,"{'bootstrap': True, 'max_depth': 10, 'max_features': 'sqrt', 'min_samples_leaf': 1, 'min_samples_split': 10, 'n_estimators': 300}",2025-08-14_220927
RandomForest,FI_vs_T,42,True,2,0.9224806201550387,0.8571428571428571,experiment_results_statistical_IL_top_10_video_2025-08-14_220927_early_stop/randomforest_FI_vs_T_2025-08-14_220927_seed42_early_stop.pkl,"{'bootstrap': True, 'max_depth': 10, 'max_features': 'sqrt', 'min_samples_leaf': 1, 'min_samples_split': 10, 'n_estimators': 300}",2025-08-14_220927
RandomForest,FI_vs_T,42,True,3,1.0,0.9841269841269841,experiment_results_statistical_IL_top_10_video_2025-08-14_220927_early_stop/randomforest_FI_vs_T_2025-08-14_220927_seed42_early_stop.pkl,"{'bootstrap': True, 'max_depth': 10, 'max_features': 'sqrt', 'min_samples_leaf': 1, 'min_samples_split': 10, 'n_estimators': 300}",2025-08-14_220927
RandomForest,FI_vs_T,42,True,4,1.0,0.9841269841269841,experiment_results_statistical_IL_top_10_video_2025-08-14_220927_early_stop/randomforest_FI_vs_T_2025-08-14_220927_seed42_early_stop.pkl,"{'bootstrap': True, 'max_depth': 10, 'max_features': 'sqrt', 'min_samples_leaf': 1, 'min_samples_split': 10, 'n_estimators': 300}",2025-08-14_220927
RandomForest,FI_vs_T,42,True,5,1.0,0.9841269841269841,experiment_results_statistical_IL_top_10_video_2025-08-14_220927_early_stop/randomforest_FI_vs_T_2025-08-14_220927_seed42_early_stop.pkl,"{'bootstrap': True, 'max_depth': 10, 'max_features': 'sqrt', 'min_samples_leaf': 1, 'min_samples_split': 10, 'n_estimators': 300}",2025-08-14_220927
XGBoost,FI_vs_T,42,True,1,0.8372093023255814,0.6349206349206349,experiment_results_statistical_IL_top_10_video_2025-08-14_220927_early_stop/xgboost_FI_vs_T_2025-08-14_220927_seed42_early_stop.pkl,"{'colsample_bytree': 1.0, 'device': 'cpu', 'learning_rate': 0.1, 'max_depth': 4, 'n_estimators': 1000, 'reg_lambda': 1, 'subsample': 0.8}",2025-08-14_220927
XGBoost,FI_vs_T,42,True,2,0.9224806201550387,0.8253968253968254,experiment_results_statistical_IL_top_10_video_2025-08-14_220927_early_stop/xgboost_FI_vs_T_2025-08-14_220927_seed42_early_stop.pkl,"{'colsample_bytree': 1.0, 'device': 'cpu', 'learning_rate': 0.1, 'max_depth': 4, 'n_estimators': 1000, 'reg_lambda': 1, 'subsample': 0.8}",2025-08-14_220927
XGBoost,FI_vs_T,42,True,3,1.0,0.9841269841269841,experiment_results_statistical_IL_top_10_video_2025-08-14_220927_early_stop/xgboost_FI_vs_T_2025-08-14_220927_seed42_early_stop.pkl,"{'colsample_bytree': 1.0, 'device': 'cpu', 'learning_rate': 0.1, 'max_depth': 4, 'n_estimators': 1000, 'reg_lambda': 1, 'subsample': 0.8}",2025-08-14_220927
XGBoost,FI_vs_T,42,True,4,1.0,1.0,experiment_results_statistical_IL_top_10_video_2025-08-14_220927_early_stop/xgboost_FI_vs_T_2025-08-14_220927_seed42_early_stop.pkl,"{'colsample_bytree': 1.0, 'device': 'cpu', 'learning_rate': 0.1, 'max_depth': 4, 'n_estimators': 1000, 'reg_lambda': 1, 'subsample': 0.8}",2025-08-14_220927
XGBoost,FI_vs_T,42,True,5,1.0,1.0,experiment_results_statistical_IL_top_10_video_2025-08-14_220927_early_stop/xgboost_FI_vs_T_2025-08-14_220927_seed42_early_stop.pkl,"{'colsample_bytree': 1.0, 'device': 'cpu', 'learning_rate': 0.1, 'max_depth': 4, 'n_estimators': 1000, 'reg_lambda': 1, 'subsample': 0.8}",2025-08-14_220927
CatBoost,FI_vs_T,42,True,1,0.8372093023255814,0.5873015873015873,experiment_results_statistical_IL_top_10_video_2025-08-14_220927_early_stop/catboost_FI_vs_T_2025-08-14_220927_seed42_early_stop.pkl,"{'border_count': 32, 'depth': 4, 'iterations': 1000, 'l2_leaf_reg': 1, 'learning_rate': 0.05}",2025-08-14_220927
CatBoost,FI_vs_T,42,True,2,0.9224806201550387,0.8571428571428571,experiment_results_statistical_IL_top_10_video_2025-08-14_220927_early_stop/catboost_FI_vs_T_2025-08-14_220927_seed42_early_stop.pkl,"{'border_count': 32, 'depth': 4, 'iterations': 1000, 'l2_leaf_reg': 1, 'learning_rate': 0.05}",2025-08-14_220927
CatBoost,FI_vs_T,42,True,3,1.0,1.0,experiment_results_statistical_IL_top_10_video_2025-08-14_220927_early_stop/catboost_FI_vs_T_2025-08-14_220927_seed42_early_stop.pkl,"{'border_count': 32, 'depth': 4, 'iterations': 1000, 'l2_leaf_reg': 1, 'learning_rate': 0.05}",2025-08-14_220927
CatBoost,FI_vs_T,42,True,4,1.0,1.0,experiment_results_statistical_IL_top_10_video_2025-08-14_220927_early_stop/catboost_FI_vs_T_2025-08-14_220927_seed42_early_stop.pkl,"{'border_count': 32, 'depth': 4, 'iterations': 1000, 'l2_leaf_reg': 1, 'learning_rate': 0.05}",2025-08-14_220927
CatBoost,FI_vs_T,42,True,5,1.0,1.0,experiment_results_statistical_IL_top_10_video_2025-08-14_220927_early_stop/catboost_FI_vs_T_2025-08-14_220927_seed42_early_stop.pkl,"{'border_count': 32, 'depth': 4, 'iterations': 1000, 'l2_leaf_reg': 1, 'learning_rate': 0.05}",2025-08-14_220927
SVM,FI_vs_T,42,True,1,0.4883720930232558,0.42857142857142855,experiment_results_statistical_IL_top_10_video_2025-08-14_220927_early_stop/svm_FI_vs_T_2025-08-14_220927_seed42_early_stop.pkl,"{'C': 1, 'decision_function_shape': 'ovo', 'gamma': 'scale', 'kernel': 'rbf'}",2025-08-14_220927
SVM,FI_vs_T,42,True,2,0.8294573643410853,0.7142857142857143,experiment_results_statistical_IL_top_10_video_2025-08-14_220927_early_stop/svm_FI_vs_T_2025-08-14_220927_seed42_early_stop.pkl,"{'C': 1, 'decision_function_shape': 'ovo', 'gamma': 'scale', 'kernel': 'rbf'}",2025-08-14_220927
SVM,FI_vs_T,42,True,3,1.0,0.9206349206349206,experiment_results_statistical_IL_top_10_video_2025-08-14_220927_early_stop/svm_FI_vs_T_2025-08-14_220927_seed42_early_stop.pkl,"{'C': 1, 'decision_function_shape': 'ovo', 'gamma': 'scale', 'kernel': 'rbf'}",2025-08-14_220927
SVM,FI_vs_T,42,True,4,1.0,0.9523809523809523,experiment_results_statistical_IL_top_10_video_2025-08-14_220927_early_stop/svm_FI_vs_T_2025-08-14_220927_seed42_early_stop.pkl,"{'C': 1, 'decision_function_shape': 'ovo', 'gamma': 'scale', 'kernel': 'rbf'}",2025-08-14_220927
SVM,FI_vs_T,42,True,5,1.0,0.9682539682539683,experiment_results_statistical_IL_top_10_video_2025-08-14_220927_early_stop/svm_FI_vs_T_2025-08-14_220927_seed42_early_stop.pkl,"{'C': 1, 'decision_function_shape': 'ovo', 'gamma': 'scale', 'kernel': 'rbf'}",2025-08-14_220927
MLP,FI_vs_T,42,True,1,0.09302325581395349,0.09523809523809523,experiment_results_statistical_IL_top_10_video_2025-08-14_220927_early_stop/mlp_FI_vs_T_2025-08-14_220927_seed42_early_stop.pkl,"{'activation': 'relu', 'alpha': 0.0001, 'batch_size': 36, 'early_stopping': True, 'hidden_layer_sizes': [50], 'learning_rate': 'constant', 'learning_rate_init': 0.001, 'max_iter': 2000, 'solver': 'adam'}",2025-08-14_220927
MLP,FI_vs_T,42,True,2,0.17829457364341086,0.1746031746031746,experiment_results_statistical_IL_top_10_video_2025-08-14_220927_early_stop/mlp_FI_vs_T_2025-08-14_220927_seed42_early_stop.pkl,"{'activation': 'relu', 'alpha': 0.0001, 'batch_size': 36, 'early_stopping': True, 'hidden_layer_sizes': [50], 'learning_rate': 'constant', 'learning_rate_init': 0.001, 'max_iter': 2000, 'solver': 'adam'}",2025-08-14_220927
MLP,FI_vs_T,42,True,3,0.2558139534883721,0.23809523809523808,experiment_results_statistical_IL_top_10_video_2025-08-14_220927_early_stop/mlp_FI_vs_T_2025-08-14_220927_seed42_early_stop.pkl,"{'activation': 'relu', 'alpha': 0.0001, 'batch_size': 36, 'early_stopping': True, 'hidden_layer_sizes': [50], 'learning_rate': 'constant', 'learning_rate_init': 0.001, 'max_iter': 2000, 'solver': 'adam'}",2025-08-14_220927
MLP,FI_vs_T,42,True,4,0.3488372093023256,0.3333333333333333,experiment_results_statistical_IL_top_10_video_2025-08-14_220927_early_stop/mlp_FI_vs_T_2025-08-14_220927_seed42_early_stop.pkl,"{'activation': 'relu', 'alpha': 0.0001, 'batch_size': 36, 'early_stopping': True, 'hidden_layer_sizes': [50], 'learning_rate': 'constant', 'learning_rate_init': 0.001, 'max_iter': 2000, 'solver': 'adam'}",2025-08-14_220927
MLP,FI_vs_T,42,True,5,0.4418604651162791,0.42857142857142855,experiment_results_statistical_IL_top_10_video_2025-08-14_220927_early_stop/mlp_FI_vs_T_2025-08-14_220927_seed42_early_stop.pkl,"{'activation': 'relu', 'alpha': 0.0001, 'batch_size': 36, 'early_stopping': True, 'hidden_layer_sizes': [50], 'learning_rate': 'constant', 'learning_rate_init': 0.001, 'max_iter': 2000, 'solver': 'adam'}",2025-08-14_220927
NaiveBayes,FI_vs_T,42,True,1,0.7751937984496124,0.5079365079365079,experiment_results_statistical_IL_top_10_video_2025-08-14_220927_early_stop/naivebayes_FI_vs_T_2025-08-14_220927_seed42_early_stop.pkl,"{'priors': None, 'var_smoothing': 1e-09}",2025-08-14_220927
NaiveBayes,FI_vs_T,42,True,2,0.9069767441860465,0.7619047619047619,experiment_results_statistical_IL_top_10_video_2025-08-14_220927_early_stop/naivebayes_FI_vs_T_2025-08-14_220927_seed42_early_stop.pkl,"{'priors': None, 'var_smoothing': 1e-09}",2025-08-14_220927
NaiveBayes,FI_vs_T,42,True,3,1.0,0.8888888888888888,experiment_results_statistical_IL_top_10_video_2025-08-14_220927_early_stop/naivebayes_FI_vs_T_2025-08-14_220927_seed42_early_stop.pkl,"{'priors': None, 'var_smoothing': 1e-09}",2025-08-14_220927
NaiveBayes,FI_vs_T,42,True,4,1.0,0.9047619047619048,experiment_results_statistical_IL_top_10_video_2025-08-14_220927_early_stop/naivebayes_FI_vs_T_2025-08-14_220927_seed42_early_stop.pkl,"{'priors': None, 'var_smoothing': 1e-09}",2025-08-14_220927
NaiveBayes,FI_vs_T,42,True,5,1.0,0.9523809523809523,experiment_results_statistical_IL_top_10_video_2025-08-14_220927_early_stop/naivebayes_FI_vs_T_2025-08-14_220927_seed42_early_stop.pkl,"{'priors': None, 'var_smoothing': 1e-09}",2025-08-14_220927
LightGBM,FI_vs_T,42,True,1,0.8372093023255814,0.6190476190476191,experiment_results_statistical_IL_top_10_video_2025-08-14_220927_early_stop/lightgbm_FI_vs_T_2025-08-14_220927_seed42_early_stop.pkl,"{'boosting_type': 'gbdt', 'class_weight': None, 'colsample_bytree': 1.0, 'importance_type': 'split', 'learning_rate': 0.1, 'max_depth': -1, 'min_child_samples': 20, 'min_child_weight': 0.001, 'min_split_gain': 0.0, 'n_estimators': 100, 'n_jobs': -1, 'num_leaves': 31, 'objective': None, 'random_state': 42, 'reg_alpha': 0.0, 'reg_lambda': 0.0, 'subsample': 1.0, 'subsample_for_bin': 200000, 'subsample_freq': 0, 'verbose': -1}",2025-08-14_220927
LightGBM,FI_vs_T,42,True,2,0.9224806201550387,0.8888888888888888,experiment_results_statistical_IL_top_10_video_2025-08-14_220927_early_stop/lightgbm_FI_vs_T_2025-08-14_220927_seed42_early_stop.pkl,"{'boosting_type': 'gbdt', 'class_weight': None, 'colsample_bytree': 1.0, 'importance_type': 'split', 'learning_rate': 0.1, 'max_depth': -1, 'min_child_samples': 20, 'min_child_weight': 0.001, 'min_split_gain': 0.0, 'n_estimators': 100, 'n_jobs': -1, 'num_leaves': 31, 'objective': None, 'random_state': 42, 'reg_alpha': 0.0, 'reg_lambda': 0.0, 'subsample': 1.0, 'subsample_for_bin': 200000, 'subsample_freq': 0, 'verbose': -1}",2025-08-14_220927
LightGBM,FI_vs_T,42,True,3,1.0,0.9841269841269841,experiment_results_statistical_IL_top_10_video_2025-08-14_220927_early_stop/lightgbm_FI_vs_T_2025-08-14_220927_seed42_early_stop.pkl,"{'boosting_type': 'gbdt', 'class_weight': None, 'colsample_bytree': 1.0, 'importance_type': 'split', 'learning_rate': 0.1, 'max_depth': -1, 'min_child_samples': 20, 'min_child_weight': 0.001, 'min_split_gain': 0.0, 'n_estimators': 100, 'n_jobs': -1, 'num_leaves': 31, 'objective': None, 'random_state': 42, 'reg_alpha': 0.0, 'reg_lambda': 0.0, 'subsample': 1.0, 'subsample_for_bin': 200000, 'subsample_freq': 0, 'verbose': -1}",2025-08-14_220927
LightGBM,FI_vs_T,42,True,4,1.0,0.9841269841269841,experiment_results_statistical_IL_top_10_video_2025-08-14_220927_early_stop/lightgbm_FI_vs_T_2025-08-14_220927_seed42_early_stop.pkl,"{'boosting_type': 'gbdt', 'class_weight': None, 'colsample_bytree': 1.0, 'importance_type': 'split', 'learning_rate': 0.1, 'max_depth': -1, 'min_child_samples': 20, 'min_child_weight': 0.001, 'min_split_gain': 0.0, 'n_estimators': 100, 'n_jobs': -1, 'num_leaves': 31, 'objective': None, 'random_state': 42, 'reg_alpha': 0.0, 'reg_lambda': 0.0, 'subsample': 1.0, 'subsample_for_bin': 200000, 'subsample_freq': 0, 'verbose': -1}",2025-08-14_220927
LightGBM,FI_vs_T,42,True,5,1.0,1.0,experiment_results_statistical_IL_top_10_video_2025-08-14_220927_early_stop/lightgbm_FI_vs_T_2025-08-14_220927_seed42_early_stop.pkl,"{'boosting_type': 'gbdt', 'class_weight': None, 'colsample_bytree': 1.0, 'importance_type': 'split', 'learning_rate': 0.1, 'max_depth': -1, 'min_child_samples': 20, 'min_child_weight': 0.001, 'min_split_gain': 0.0, 'n_estimators': 100, 'n_jobs': -1, 'num_leaves': 31, 'objective': None, 'random_state': 42, 'reg_alpha': 0.0, 'reg_lambda': 0.0, 'subsample': 1.0, 'subsample_for_bin': 200000, 'subsample_freq': 0, 'verbose': -1}",2025-08-14_220927
ExtraTrees,FI_vs_T,42,True,1,0.8372093023255814,0.6031746031746031,experiment_results_statistical_IL_top_10_video_2025-08-14_220927_early_stop/extratrees_FI_vs_T_2025-08-14_220927_seed42_early_stop.pkl,"{'bootstrap': False, 'ccp_alpha': 0.0, 'class_weight': None, 'criterion': 'gini', 'max_depth': None, 'max_features': 'sqrt', 'max_leaf_nodes': None, 'max_samples': None, 'min_impurity_decrease': 0.0, 'min_samples_leaf': 1, 'min_samples_split': 2, 'min_weight_fraction_leaf': 0.0, 'monotonic_cst': None, 'n_estimators': 100, 'n_jobs': -1, 'oob_score': False, 'random_state': 42, 'verbose': 0, 'warm_start': False}",2025-08-14_220927
ExtraTrees,FI_vs_T,42,True,2,0.9224806201550387,0.8888888888888888,experiment_results_statistical_IL_top_10_video_2025-08-14_220927_early_stop/extratrees_FI_vs_T_2025-08-14_220927_seed42_early_stop.pkl,"{'bootstrap': False, 'ccp_alpha': 0.0, 'class_weight': None, 'criterion': 'gini', 'max_depth': None, 'max_features': 'sqrt', 'max_leaf_nodes': None, 'max_samples': None, 'min_impurity_decrease': 0.0, 'min_samples_leaf': 1, 'min_samples_split': 2, 'min_weight_fraction_leaf': 0.0, 'monotonic_cst': None, 'n_estimators': 100, 'n_jobs': -1, 'oob_score': False, 'random_state': 42, 'verbose': 0, 'warm_start': False}",2025-08-14_220927
ExtraTrees,FI_vs_T,42,True,3,1.0,1.0,experiment_results_statistical_IL_top_10_video_2025-08-14_220927_early_stop/extratrees_FI_vs_T_2025-08-14_220927_seed42_early_stop.pkl,"{'bootstrap': False, 'ccp_alpha': 0.0, 'class_weight': None, 'criterion': 'gini', 'max_depth': None, 'max_features': 'sqrt', 'max_leaf_nodes': None, 'max_samples': None, 'min_impurity_decrease': 0.0, 'min_samples_leaf': 1, 'min_samples_split': 2, 'min_weight_fraction_leaf': 0.0, 'monotonic_cst': None, 'n_estimators': 100, 'n_jobs': -1, 'oob_score': False, 'random_state': 42, 'verbose': 0, 'warm_start': False}",2025-08-14_220927
ExtraTrees,FI_vs_T,42,True,4,1.0,1.0,experiment_results_statistical_IL_top_10_video_2025-08-14_220927_early_stop/extratrees_FI_vs_T_2025-08-14_220927_seed42_early_stop.pkl,"{'bootstrap': False, 'ccp_alpha': 0.0, 'class_weight': None, 'criterion': 'gini', 'max_depth': None, 'max_features': 'sqrt', 'max_leaf_nodes': None, 'max_samples': None, 'min_impurity_decrease': 0.0, 'min_samples_leaf': 1, 'min_samples_split': 2, 'min_weight_fraction_leaf': 0.0, 'monotonic_cst': None, 'n_estimators': 100, 'n_jobs': -1, 'oob_score': False, 'random_state': 42, 'verbose': 0, 'warm_start': False}",2025-08-14_220927
ExtraTrees,FI_vs_T,42,True,5,1.0,1.0,experiment_results_statistical_IL_top_10_video_2025-08-14_220927_early_stop/extratrees_FI_vs_T_2025-08-14_220927_seed42_early_stop.pkl,"{'bootstrap': False, 'ccp_alpha': 0.0, 'class_weight': None, 'criterion': 'gini', 'max_depth': None, 'max_features': 'sqrt', 'max_leaf_nodes': None, 'max_samples': None, 'min_impurity_decrease': 0.0, 'min_samples_leaf': 1, 'min_samples_split': 2, 'min_weight_fraction_leaf': 0.0, 'monotonic_cst': None, 'n_estimators': 100, 'n_jobs': -1, 'oob_score': False, 'random_state': 42, 'verbose': 0, 'warm_start': False}",2025-08-14_220927
GradientBoosting,FI_vs_T,42,True,1,0.8372093023255814,0.5873015873015873,experiment_results_statistical_IL_top_10_video_2025-08-14_220927_early_stop/gradientboosting_FI_vs_T_2025-08-14_220927_seed42_early_stop.pkl,"{'ccp_alpha': 0.0, 'criterion': 'friedman_mse', 'init': None, 'learning_rate': 0.1, 'loss': 'log_loss', 'max_depth': 3, 'max_features': None, 'max_leaf_nodes': None, 'min_impurity_decrease': 0.0, 'min_samples_leaf': 1, 'min_samples_split': 2, 'min_weight_fraction_leaf': 0.0, 'n_estimators': 100, 'n_iter_no_change': None, 'random_state': 42, 'subsample': 1.0, 'tol': 0.0001, 'validation_fraction': 0.1, 'verbose': 0, 'warm_start': False}",2025-08-14_220927
GradientBoosting,FI_vs_T,42,True,2,0.9224806201550387,0.7619047619047619,experiment_results_statistical_IL_top_10_video_2025-08-14_220927_early_stop/gradientboosting_FI_vs_T_2025-08-14_220927_seed42_early_stop.pkl,"{'ccp_alpha': 0.0, 'criterion': 'friedman_mse', 'init': None, 'learning_rate': 0.1, 'loss': 'log_loss', 'max_depth': 3, 'max_features': None, 'max_leaf_nodes': None, 'min_impurity_decrease': 0.0, 'min_samples_leaf': 1, 'min_samples_split': 2, 'min_weight_fraction_leaf': 0.0, 'n_estimators': 100, 'n_iter_no_change': None, 'random_state': 42, 'subsample': 1.0, 'tol': 0.0001, 'validation_fraction': 0.1, 'verbose': 0, 'warm_start': False}",2025-08-14_220927
GradientBoosting,FI_vs_T,42,True,3,1.0,0.9365079365079365,experiment_results_statistical_IL_top_10_video_2025-08-14_220927_early_stop/gradientboosting_FI_vs_T_2025-08-14_220927_seed42_early_stop.pkl,"{'ccp_alpha': 0.0, 'criterion': 'friedman_mse', 'init': None, 'learning_rate': 0.1, 'loss': 'log_loss', 'max_depth': 3, 'max_features': None, 'max_leaf_nodes': None, 'min_impurity_decrease': 0.0, 'min_samples_leaf': 1, 'min_samples_split': 2, 'min_weight_fraction_leaf': 0.0, 'n_estimators': 100, 'n_iter_no_change': None, 'random_state': 42, 'subsample': 1.0, 'tol': 0.0001, 'validation_fraction': 0.1, 'verbose': 0, 'warm_start': False}",2025-08-14_220927
GradientBoosting,FI_vs_T,42,True,4,1.0,1.0,experiment_results_statistical_IL_top_10_video_2025-08-14_220927_early_stop/gradientboosting_FI_vs_T_2025-08-14_220927_seed42_early_stop.pkl,"{'ccp_alpha': 0.0, 'criterion': 'friedman_mse', 'init': None, 'learning_rate': 0.1, 'loss': 'log_loss', 'max_depth': 3, 'max_features': None, 'max_leaf_nodes': None, 'min_impurity_decrease': 0.0, 'min_samples_leaf': 1, 'min_samples_split': 2, 'min_weight_fraction_leaf': 0.0, 'n_estimators': 100, 'n_iter_no_change': None, 'random_state': 42, 'subsample': 1.0, 'tol': 0.0001, 'validation_fraction': 0.1, 'verbose': 0, 'warm_start': False}",2025-08-14_220927
GradientBoosting,FI_vs_T,42,True,5,1.0,1.0,experiment_results_statistical_IL_top_10_video_2025-08-14_220927_early_stop/gradientboosting_FI_vs_T_2025-08-14_220927_seed42_early_stop.pkl,"{'ccp_alpha': 0.0, 'criterion': 'friedman_mse', 'init': None, 'learning_rate': 0.1, 'loss': 'log_loss', 'max_depth': 3, 'max_features': None, 'max_leaf_nodes': None, 'min_impurity_decrease': 0.0, 'min_samples_leaf': 1, 'min_samples_split': 2, 'min_weight_fraction_leaf': 0.0, 'n_estimators': 100, 'n_iter_no_change': None, 'random_state': 42, 'subsample': 1.0, 'tol': 0.0001, 'validation_fraction': 0.1, 'verbose': 0, 'warm_start': False}",2025-08-14_220927
KNN,FI_vs_T,42,True,1,0.5503875968992248,0.49206349206349204,experiment_results_statistical_IL_top_10_video_2025-08-14_220927_early_stop/knn_FI_vs_T_2025-08-14_220927_seed42_early_stop.pkl,"{'algorithm': 'auto', 'leaf_size': 30, 'metric': 'minkowski', 'metric_params': None, 'n_jobs': -1, 'n_neighbors': 5, 'p': 2, 'weights': 'uniform'}",2025-08-14_220927
KNN,FI_vs_T,42,True,2,0.8372093023255814,0.7619047619047619,experiment_results_statistical_IL_top_10_video_2025-08-14_220927_early_stop/knn_FI_vs_T_2025-08-14_220927_seed42_early_stop.pkl,"{'algorithm': 'auto', 'leaf_size': 30, 'metric': 'minkowski', 'metric_params': None, 'n_jobs': -1, 'n_neighbors': 5, 'p': 2, 'weights': 'uniform'}",2025-08-14_220927
KNN,FI_vs_T,42,True,3,0.8914728682170543,0.7936507936507936,experiment_results_statistical_IL_top_10_video_2025-08-14_220927_early_stop/knn_FI_vs_T_2025-08-14_220927_seed42_early_stop.pkl,"{'algorithm': 'auto', 'leaf_size': 30, 'metric': 'minkowski', 'metric_params': None, 'n_jobs': -1, 'n_neighbors': 5, 'p': 2, 'weights': 'uniform'}",2025-08-14_220927
KNN,FI_vs_T,42,True,4,0.9069767441860465,0.8095238095238095,experiment_results_statistical_IL_top_10_video_2025-08-14_220927_early_stop/knn_FI_vs_T_2025-08-14_220927_seed42_early_stop.pkl,"{'algorithm': 'auto', 'leaf_size': 30, 'metric': 'minkowski', 'metric_params': None, 'n_jobs': -1, 'n_neighbors': 5, 'p': 2, 'weights': 'uniform'}",2025-08-14_220927
KNN,FI_vs_T,42,True,5,0.9069767441860465,0.8095238095238095,experiment_results_statistical_IL_top_10_video_2025-08-14_220927_early_stop/knn_FI_vs_T_2025-08-14_220927_seed42_early_stop.pkl,"{'algorithm': 'auto', 'leaf_size': 30, 'metric': 'minkowski', 'metric_params': None, 'n_jobs': -1, 'n_neighbors': 5, 'p': 2, 'weights': 'uniform'}",2025-08-14_220927
LogisticRegression,FI_vs_T,42,True,1,0.27906976744186046,0.23809523809523808,experiment_results_statistical_IL_top_10_video_2025-08-14_220927_early_stop/logisticregression_FI_vs_T_2025-08-14_220927_seed42_early_stop.pkl,"{'C': 1.0, 'class_weight': None, 'dual': False, 'fit_intercept': True, 'intercept_scaling': 1, 'l1_ratio': None, 'max_iter': 100, 'multi_class': 'deprecated', 'n_jobs': -1, 'penalty': 'l2', 'random_state': 42, 'solver': 'lbfgs', 'tol': 0.0001, 'verbose': 0, 'warm_start': False}",2025-08-14_220927
LogisticRegression,FI_vs_T,42,True,2,0.5426356589147286,0.47619047619047616,experiment_results_statistical_IL_top_10_video_2025-08-14_220927_early_stop/logisticregression_FI_vs_T_2025-08-14_220927_seed42_early_stop.pkl,"{'C': 1.0, 'class_weight': None, 'dual': False, 'fit_intercept': True, 'intercept_scaling': 1, 'l1_ratio': None, 'max_iter': 100, 'multi_class': 'deprecated', 'n_jobs': -1, 'penalty': 'l2', 'random_state': 42, 'solver': 'lbfgs', 'tol': 0.0001, 'verbose': 0, 'warm_start': False}",2025-08-14_220927
LogisticRegression,FI_vs_T,42,True,3,0.7441860465116279,0.6349206349206349,experiment_results_statistical_IL_top_10_video_2025-08-14_220927_early_stop/logisticregression_FI_vs_T_2025-08-14_220927_seed42_early_stop.pkl,"{'C': 1.0, 'class_weight': None, 'dual': False, 'fit_intercept': True, 'intercept_scaling': 1, 'l1_ratio': None, 'max_iter': 100, 'multi_class': 'deprecated', 'n_jobs': -1, 'penalty': 'l2', 'random_state': 42, 'solver': 'lbfgs', 'tol': 0.0001, 'verbose': 0, 'warm_start': False}",2025-08-14_220927
LogisticRegression,FI_vs_T,42,True,4,0.7751937984496124,0.6825396825396826,experiment_results_statistical_IL_top_10_video_2025-08-14_220927_early_stop/logisticregression_FI_vs_T_2025-08-14_220927_seed42_early_stop.pkl,"{'C': 1.0, 'class_weight': None, 'dual': False, 'fit_intercept': True, 'intercept_scaling': 1, 'l1_ratio': None, 'max_iter': 100, 'multi_class': 'deprecated', 'n_jobs': -1, 'penalty': 'l2', 'random_state': 42, 'solver': 'lbfgs', 'tol': 0.0001, 'verbose': 0, 'warm_start': False}",2025-08-14_220927
LogisticRegression,FI_vs_T,42,True,5,0.7906976744186046,0.746031746031746,experiment_results_statistical_IL_top_10_video_2025-08-14_220927_early_stop/logisticregression_FI_vs_T_2025-08-14_220927_seed42_early_stop.pkl,"{'C': 1.0, 'class_weight': None, 'dual': False, 'fit_intercept': True, 'intercept_scaling': 1, 'l1_ratio': None, 'max_iter': 100, 'multi_class': 'deprecated', 'n_jobs': -1, 'penalty': 'l2', 'random_state': 42, 'solver': 'lbfgs', 'tol': 0.0001, 'verbose': 0, 'warm_start': False}",2025-08-14_220927
RandomForest,FI_vs_T,123,True,1,0.8372093023255814,0.6349206349206349,experiment_results_statistical_IL_top_10_video_2025-08-14_220927_early_stop/randomforest_FI_vs_T_2025-08-14_220927_seed123_early_stop.pkl,"{'bootstrap': True, 'max_depth': 10, 'max_features': 'sqrt', 'min_samples_leaf': 1, 'min_samples_split': 2, 'n_estimators': 100}",2025-08-14_220927
RandomForest,FI_vs_T,123,True,2,0.9224806201550387,0.8571428571428571,experiment_results_statistical_IL_top_10_video_2025-08-14_220927_early_stop/randomforest_FI_vs_T_2025-08-14_220927_seed123_early_stop.pkl,"{'bootstrap': True, 'max_depth': 10, 'max_features': 'sqrt', 'min_samples_leaf': 1, 'min_samples_split': 2, 'n_estimators': 100}",2025-08-14_220927
RandomForest,FI_vs_T,123,True,3,1.0,0.9682539682539683,experiment_results_statistical_IL_top_10_video_2025-08-14_220927_early_stop/randomforest_FI_vs_T_2025-08-14_220927_seed123_early_stop.pkl,"{'bootstrap': True, 'max_depth': 10, 'max_features': 'sqrt', 'min_samples_leaf': 1, 'min_samples_split': 2, 'n_estimators': 100}",2025-08-14_220927
RandomForest,FI_vs_T,123,True,4,1.0,0.9841269841269841,experiment_results_statistical_IL_top_10_video_2025-08-14_220927_early_stop/randomforest_FI_vs_T_2025-08-14_220927_seed123_early_stop.pkl,"{'bootstrap': True, 'max_depth': 10, 'max_features': 'sqrt', 'min_samples_leaf': 1, 'min_samples_split': 2, 'n_estimators': 100}",2025-08-14_220927
RandomForest,FI_vs_T,123,True,5,1.0,1.0,experiment_results_statistical_IL_top_10_video_2025-08-14_220927_early_stop/randomforest_FI_vs_T_2025-08-14_220927_seed123_early_stop.pkl,"{'bootstrap': True, 'max_depth': 10, 'max_features': 'sqrt', 'min_samples_leaf': 1, 'min_samples_split': 2, 'n_estimators': 100}",2025-08-14_220927
XGBoost,FI_vs_T,123,True,1,0.8372093023255814,0.6190476190476191,experiment_results_statistical_IL_top_10_video_2025-08-14_220927_early_stop/xgboost_FI_vs_T_2025-08-14_220927_seed123_early_stop.pkl,"{'colsample_bytree': 0.8, 'device': 'cpu', 'learning_rate': 0.1, 'max_depth': 4, 'n_estimators': 1000, 'reg_lambda': 1, 'subsample': 0.8}",2025-08-14_220927
XGBoost,FI_vs_T,123,True,2,0.9224806201550387,0.8571428571428571,experiment_results_statistical_IL_top_10_video_2025-08-14_220927_early_stop/xgboost_FI_vs_T_2025-08-14_220927_seed123_early_stop.pkl,"{'colsample_bytree': 0.8, 'device': 'cpu', 'learning_rate': 0.1, 'max_depth': 4, 'n_estimators': 1000, 'reg_lambda': 1, 'subsample': 0.8}",2025-08-14_220927
XGBoost,FI_vs_T,123,True,3,1.0,0.9682539682539683,experiment_results_statistical_IL_top_10_video_2025-08-14_220927_early_stop/xgboost_FI_vs_T_2025-08-14_220927_seed123_early_stop.pkl,"{'colsample_bytree': 0.8, 'device': 'cpu', 'learning_rate': 0.1, 'max_depth': 4, 'n_estimators': 1000, 'reg_lambda': 1, 'subsample': 0.8}",2025-08-14_220927
XGBoost,FI_vs_T,123,True,4,1.0,1.0,experiment_results_statistical_IL_top_10_video_2025-08-14_220927_early_stop/xgboost_FI_vs_T_2025-08-14_220927_seed123_early_stop.pkl,"{'colsample_bytree': 0.8, 'device': 'cpu', 'learning_rate': 0.1, 'max_depth': 4, 'n_estimators': 1000, 'reg_lambda': 1, 'subsample': 0.8}",2025-08-14_220927
XGBoost,FI_vs_T,123,True,5,1.0,1.0,experiment_results_statistical_IL_top_10_video_2025-08-14_220927_early_stop/xgboost_FI_vs_T_2025-08-14_220927_seed123_early_stop.pkl,"{'colsample_bytree': 0.8, 'device': 'cpu', 'learning_rate': 0.1, 'max_depth': 4, 'n_estimators': 1000, 'reg_lambda': 1, 'subsample': 0.8}",2025-08-14_220927
CatBoost,FI_vs_T,123,True,1,0.8372093023255814,0.5873015873015873,experiment_results_statistical_IL_top_10_video_2025-08-14_220927_early_stop/catboost_FI_vs_T_2025-08-14_220927_seed123_early_stop.pkl,"{'border_count': 64, 'depth': 8, 'iterations': 1000, 'l2_leaf_reg': 5, 'learning_rate': 0.05}",2025-08-14_220927
CatBoost,FI_vs_T,123,True,2,0.9224806201550387,0.9047619047619048,experiment_results_statistical_IL_top_10_video_2025-08-14_220927_early_stop/catboost_FI_vs_T_2025-08-14_220927_seed123_early_stop.pkl,"{'border_count': 64, 'depth': 8, 'iterations': 1000, 'l2_leaf_reg': 5, 'learning_rate': 0.05}",2025-08-14_220927
CatBoost,FI_vs_T,123,True,3,1.0,0.9841269841269841,experiment_results_statistical_IL_top_10_video_2025-08-14_220927_early_stop/catboost_FI_vs_T_2025-08-14_220927_seed123_early_stop.pkl,"{'border_count': 64, 'depth': 8, 'iterations': 1000, 'l2_leaf_reg': 5, 'learning_rate': 0.05}",2025-08-14_220927
CatBoost,FI_vs_T,123,True,4,1.0,1.0,experiment_results_statistical_IL_top_10_video_2025-08-14_220927_early_stop/catboost_FI_vs_T_2025-08-14_220927_seed123_early_stop.pkl,"{'border_count': 64, 'depth': 8, 'iterations': 1000, 'l2_leaf_reg': 5, 'learning_rate': 0.05}",2025-08-14_220927
CatBoost,FI_vs_T,123,True,5,1.0,1.0,experiment_results_statistical_IL_top_10_video_2025-08-14_220927_early_stop/catboost_FI_vs_T_2025-08-14_220927_seed123_early_stop.pkl,"{'border_count': 64, 'depth': 8, 'iterations': 1000, 'l2_leaf_reg': 5, 'learning_rate': 0.05}",2025-08-14_220927
SVM,FI_vs_T,123,True,1,0.6589147286821705,0.5555555555555556,experiment_results_statistical_IL_top_10_video_2025-08-14_220927_early_stop/svm_FI_vs_T_2025-08-14_220927_seed123_early_stop.pkl,"{'C': 100, 'decision_function_shape': 'ovo', 'gamma': 'scale', 'kernel': 'rbf'}",2025-08-14_220927
SVM,FI_vs_T,123,True,2,0.9147286821705426,0.7777777777777778,experiment_results_statistical_IL_top_10_video_2025-08-14_220927_early_stop/svm_FI_vs_T_2025-08-14_220927_seed123_early_stop.pkl,"{'C': 100, 'decision_function_shape': 'ovo', 'gamma': 'scale', 'kernel': 'rbf'}",2025-08-14_220927
SVM,FI_vs_T,123,True,3,1.0,0.9523809523809523,experiment_results_statistical_IL_top_10_video_2025-08-14_220927_early_stop/svm_FI_vs_T_2025-08-14_220927_seed123_early_stop.pkl,"{'C': 100, 'decision_function_shape': 'ovo', 'gamma': 'scale', 'kernel': 'rbf'}",2025-08-14_220927
SVM,FI_vs_T,123,True,4,1.0,0.9523809523809523,experiment_results_statistical_IL_top_10_video_2025-08-14_220927_early_stop/svm_FI_vs_T_2025-08-14_220927_seed123_early_stop.pkl,"{'C': 100, 'decision_function_shape': 'ovo', 'gamma': 'scale', 'kernel': 'rbf'}",2025-08-14_220927
SVM,FI_vs_T,123,True,5,1.0,0.9682539682539683,experiment_results_statistical_IL_top_10_video_2025-08-14_220927_early_stop/svm_FI_vs_T_2025-08-14_220927_seed123_early_stop.pkl,"{'C': 100, 'decision_function_shape': 'ovo', 'gamma': 'scale', 'kernel': 'rbf'}",2025-08-14_220927
MLP,FI_vs_T,123,True,1,0.09302325581395349,0.09523809523809523,experiment_results_statistical_IL_top_10_video_2025-08-14_220927_early_stop/mlp_FI_vs_T_2025-08-14_220927_seed123_early_stop.pkl,"{'activation': 'relu', 'alpha': 0.0001, 'batch_size': 36, 'early_stopping': True, 'hidden_layer_sizes': [100], 'learning_rate': 'constant', 'learning_rate_init': 0.001, 'max_iter': 2000, 'solver': 'adam'}",2025-08-14_220927
MLP,FI_vs_T,123,True,2,0.18604651162790697,0.19047619047619047,experiment_results_statistical_IL_top_10_video_2025-08-14_220927_early_stop/mlp_FI_vs_T_2025-08-14_220927_seed123_early_stop.pkl,"{'activation': 'relu', 'alpha': 0.0001, 'batch_size': 36, 'early_stopping': True, 'hidden_layer_sizes': [100], 'learning_rate': 'constant', 'learning_rate_init': 0.001, 'max_iter': 2000, 'solver': 'adam'}",2025-08-14_220927
MLP,FI_vs_T,123,True,3,0.27906976744186046,0.2857142857142857,experiment_results_statistical_IL_top_10_video_2025-08-14_220927_early_stop/mlp_FI_vs_T_2025-08-14_220927_seed123_early_stop.pkl,"{'activation': 'relu', 'alpha': 0.0001, 'batch_size': 36, 'early_stopping': True, 'hidden_layer_sizes': [100], 'learning_rate': 'constant', 'learning_rate_init': 0.001, 'max_iter': 2000, 'solver': 'adam'}",2025-08-14_220927
MLP,FI_vs_T,123,True,4,0.37209302325581395,0.38095238095238093,experiment_results_statistical_IL_top_10_video_2025-08-14_220927_early_stop/mlp_FI_vs_T_2025-08-14_220927_seed123_early_stop.pkl,"{'activation': 'relu', 'alpha': 0.0001, 'batch_size': 36, 'early_stopping': True, 'hidden_layer_sizes': [100], 'learning_rate': 'constant', 'learning_rate_init': 0.001, 'max_iter': 2000, 'solver': 'adam'}",2025-08-14_220927
MLP,FI_vs_T,123,True,5,0.46511627906976744,0.47619047619047616,experiment_results_statistical_IL_top_10_video_2025-08-14_220927_early_stop/mlp_FI_vs_T_2025-08-14_220927_seed123_early_stop.pkl,"{'activation': 'relu', 'alpha': 0.0001, 'batch_size': 36, 'early_stopping': True, 'hidden_layer_sizes': [100], 'learning_rate': 'constant', 'learning_rate_init': 0.001, 'max_iter': 2000, 'solver': 'adam'}",2025-08-14_220927
NaiveBayes,FI_vs_T,123,True,1,0.7751937984496124,0.5079365079365079,experiment_results_statistical_IL_top_10_video_2025-08-14_220927_early_stop/naivebayes_FI_vs_T_2025-08-14_220927_seed123_early_stop.pkl,"{'priors': None, 'var_smoothing': 1e-09}",2025-08-14_220927
NaiveBayes,FI_vs_T,123,True,2,0.9069767441860465,0.7619047619047619,experiment_results_statistical_IL_top_10_video_2025-08-14_220927_early_stop/naivebayes_FI_vs_T_2025-08-14_220927_seed123_early_stop.pkl,"{'priors': None, 'var_smoothing': 1e-09}",2025-08-14_220927
NaiveBayes,FI_vs_T,123,True,3,1.0,0.8888888888888888,experiment_results_statistical_IL_top_10_video_2025-08-14_220927_early_stop/naivebayes_FI_vs_T_2025-08-14_220927_seed123_early_stop.pkl,"{'priors': None, 'var_smoothing': 1e-09}",2025-08-14_220927
NaiveBayes,FI_vs_T,123,True,4,1.0,0.9047619047619048,experiment_results_statistical_IL_top_10_video_2025-08-14_220927_early_stop/naivebayes_FI_vs_T_2025-08-14_220927_seed123_early_stop.pkl,"{'priors': None, 'var_smoothing': 1e-09}",2025-08-14_220927
NaiveBayes,FI_vs_T,123,True,5,1.0,0.9523809523809523,experiment_results_statistical_IL_top_10_video_2025-08-14_220927_early_stop/naivebayes_FI_vs_T_2025-08-14_220927_seed123_early_stop.pkl,"{'priors': None, 'var_smoothing': 1e-09}",2025-08-14_220927
LightGBM,FI_vs_T,123,True,1,0.8372093023255814,0.6190476190476191,experiment_results_statistical_IL_top_10_video_2025-08-14_220927_early_stop/lightgbm_FI_vs_T_2025-08-14_220927_seed123_early_stop.pkl,"{'boosting_type': 'gbdt', 'class_weight': None, 'colsample_bytree': 1.0, 'importance_type': 'split', 'learning_rate': 0.1, 'max_depth': -1, 'min_child_samples': 20, 'min_child_weight': 0.001, 'min_split_gain': 0.0, 'n_estimators': 100, 'n_jobs': -1, 'num_leaves': 31, 'objective': None, 'random_state': 123, 'reg_alpha': 0.0, 'reg_lambda': 0.0, 'subsample': 1.0, 'subsample_for_bin': 200000, 'subsample_freq': 0, 'verbose': -1}",2025-08-14_220927
LightGBM,FI_vs_T,123,True,2,0.9224806201550387,0.8888888888888888,experiment_results_statistical_IL_top_10_video_2025-08-14_220927_early_stop/lightgbm_FI_vs_T_2025-08-14_220927_seed123_early_stop.pkl,"{'boosting_type': 'gbdt', 'class_weight': None, 'colsample_bytree': 1.0, 'importance_type': 'split', 'learning_rate': 0.1, 'max_depth': -1, 'min_child_samples': 20, 'min_child_weight': 0.001, 'min_split_gain': 0.0, 'n_estimators': 100, 'n_jobs': -1, 'num_leaves': 31, 'objective': None, 'random_state': 123, 'reg_alpha': 0.0, 'reg_lambda': 0.0, 'subsample': 1.0, 'subsample_for_bin': 200000, 'subsample_freq': 0, 'verbose': -1}",2025-08-14_220927
LightGBM,FI_vs_T,123,True,3,1.0,0.9841269841269841,experiment_results_statistical_IL_top_10_video_2025-08-14_220927_early_stop/lightgbm_FI_vs_T_2025-08-14_220927_seed123_early_stop.pkl,"{'boosting_type': 'gbdt', 'class_weight': None, 'colsample_bytree': 1.0, 'importance_type': 'split', 'learning_rate': 0.1, 'max_depth': -1, 'min_child_samples': 20, 'min_child_weight': 0.001, 'min_split_gain': 0.0, 'n_estimators': 100, 'n_jobs': -1, 'num_leaves': 31, 'objective': None, 'random_state': 123, 'reg_alpha': 0.0, 'reg_lambda': 0.0, 'subsample': 1.0, 'subsample_for_bin': 200000, 'subsample_freq': 0, 'verbose': -1}",2025-08-14_220927
LightGBM,FI_vs_T,123,True,4,1.0,0.9841269841269841,experiment_results_statistical_IL_top_10_video_2025-08-14_220927_early_stop/lightgbm_FI_vs_T_2025-08-14_220927_seed123_early_stop.pkl,"{'boosting_type': 'gbdt', 'class_weight': None, 'colsample_bytree': 1.0, 'importance_type': 'split', 'learning_rate': 0.1, 'max_depth': -1, 'min_child_samples': 20, 'min_child_weight': 0.001, 'min_split_gain': 0.0, 'n_estimators': 100, 'n_jobs': -1, 'num_leaves': 31, 'objective': None, 'random_state': 123, 'reg_alpha': 0.0, 'reg_lambda': 0.0, 'subsample': 1.0, 'subsample_for_bin': 200000, 'subsample_freq': 0, 'verbose': -1}",2025-08-14_220927
LightGBM,FI_vs_T,123,True,5,1.0,1.0,experiment_results_statistical_IL_top_10_video_2025-08-14_220927_early_stop/lightgbm_FI_vs_T_2025-08-14_220927_seed123_early_stop.pkl,"{'boosting_type': 'gbdt', 'class_weight': None, 'colsample_bytree': 1.0, 'importance_type': 'split', 'learning_rate': 0.1, 'max_depth': -1, 'min_child_samples': 20, 'min_child_weight': 0.001, 'min_split_gain': 0.0, 'n_estimators': 100, 'n_jobs': -1, 'num_leaves': 31, 'objective': None, 'random_state': 123, 'reg_alpha': 0.0, 'reg_lambda': 0.0, 'subsample': 1.0, 'subsample_for_bin': 200000, 'subsample_freq': 0, 'verbose': -1}",2025-08-14_220927
ExtraTrees,FI_vs_T,123,True,1,0.8372093023255814,0.6349206349206349,experiment_results_statistical_IL_top_10_video_2025-08-14_220927_early_stop/extratrees_FI_vs_T_2025-08-14_220927_seed123_early_stop.pkl,"{'bootstrap': False, 'ccp_alpha': 0.0, 'class_weight': None, 'criterion': 'gini', 'max_depth': None, 'max_features': 'sqrt', 'max_leaf_nodes': None, 'max_samples': None, 'min_impurity_decrease': 0.0, 'min_samples_leaf': 1, 'min_samples_split': 2, 'min_weight_fraction_leaf': 0.0, 'monotonic_cst': None, 'n_estimators': 100, 'n_jobs': -1, 'oob_score': False, 'random_state': 123, 'verbose': 0, 'warm_start': False}",2025-08-14_220927
ExtraTrees,FI_vs_T,123,True,2,0.9224806201550387,0.9047619047619048,experiment_results_statistical_IL_top_10_video_2025-08-14_220927_early_stop/extratrees_FI_vs_T_2025-08-14_220927_seed123_early_stop.pkl,"{'bootstrap': False, 'ccp_alpha': 0.0, 'class_weight': None, 'criterion': 'gini', 'max_depth': None, 'max_features': 'sqrt', 'max_leaf_nodes': None, 'max_samples': None, 'min_impurity_decrease': 0.0, 'min_samples_leaf': 1, 'min_samples_split': 2, 'min_weight_fraction_leaf': 0.0, 'monotonic_cst': None, 'n_estimators': 100, 'n_jobs': -1, 'oob_score': False, 'random_state': 123, 'verbose': 0, 'warm_start': False}",2025-08-14_220927
ExtraTrees,FI_vs_T,123,True,3,1.0,1.0,experiment_results_statistical_IL_top_10_video_2025-08-14_220927_early_stop/extratrees_FI_vs_T_2025-08-14_220927_seed123_early_stop.pkl,"{'bootstrap': False, 'ccp_alpha': 0.0, 'class_weight': None, 'criterion': 'gini', 'max_depth': None, 'max_features': 'sqrt', 'max_leaf_nodes': None, 'max_samples': None, 'min_impurity_decrease': 0.0, 'min_samples_leaf': 1, 'min_samples_split': 2, 'min_weight_fraction_leaf': 0.0, 'monotonic_cst': None, 'n_estimators': 100, 'n_jobs': -1, 'oob_score': False, 'random_state': 123, 'verbose': 0, 'warm_start': False}",2025-08-14_220927
ExtraTrees,FI_vs_T,123,True,4,1.0,1.0,experiment_results_statistical_IL_top_10_video_2025-08-14_220927_early_stop/extratrees_FI_vs_T_2025-08-14_220927_seed123_early_stop.pkl,"{'bootstrap': False, 'ccp_alpha': 0.0, 'class_weight': None, 'criterion': 'gini', 'max_depth': None, 'max_features': 'sqrt', 'max_leaf_nodes': None, 'max_samples': None, 'min_impurity_decrease': 0.0, 'min_samples_leaf': 1, 'min_samples_split': 2, 'min_weight_fraction_leaf': 0.0, 'monotonic_cst': None, 'n_estimators': 100, 'n_jobs': -1, 'oob_score': False, 'random_state': 123, 'verbose': 0, 'warm_start': False}",2025-08-14_220927
ExtraTrees,FI_vs_T,123,True,5,1.0,1.0,experiment_results_statistical_IL_top_10_video_2025-08-14_220927_early_stop/extratrees_FI_vs_T_2025-08-14_220927_seed123_early_stop.pkl,"{'bootstrap': False, 'ccp_alpha': 0.0, 'class_weight': None, 'criterion': 'gini', 'max_depth': None, 'max_features': 'sqrt', 'max_leaf_nodes': None, 'max_samples': None, 'min_impurity_decrease': 0.0, 'min_samples_leaf': 1, 'min_samples_split': 2, 'min_weight_fraction_leaf': 0.0, 'monotonic_cst': None, 'n_estimators': 100, 'n_jobs': -1, 'oob_score': False, 'random_state': 123, 'verbose': 0, 'warm_start': False}",2025-08-14_220927
GradientBoosting,FI_vs_T,123,True,1,0.8372093023255814,0.6031746031746031,experiment_results_statistical_IL_top_10_video_2025-08-14_220927_early_stop/gradientboosting_FI_vs_T_2025-08-14_220927_seed123_early_stop.pkl,"{'ccp_alpha': 0.0, 'criterion': 'friedman_mse', 'init': None, 'learning_rate': 0.1, 'loss': 'log_loss', 'max_depth': 3, 'max_features': None, 'max_leaf_nodes': None, 'min_impurity_decrease': 0.0, 'min_samples_leaf': 1, 'min_samples_split': 2, 'min_weight_fraction_leaf': 0.0, 'n_estimators': 100, 'n_iter_no_change': None, 'random_state': 123, 'subsample': 1.0, 'tol': 0.0001, 'validation_fraction': 0.1, 'verbose': 0, 'warm_start': False}",2025-08-14_220927
GradientBoosting,FI_vs_T,123,True,2,0.9224806201550387,0.7619047619047619,experiment_results_statistical_IL_top_10_video_2025-08-14_220927_early_stop/gradientboosting_FI_vs_T_2025-08-14_220927_seed123_early_stop.pkl,"{'ccp_alpha': 0.0, 'criterion': 'friedman_mse', 'init': None, 'learning_rate': 0.1, 'loss': 'log_loss', 'max_depth': 3, 'max_features': None, 'max_leaf_nodes': None, 'min_impurity_decrease': 0.0, 'min_samples_leaf': 1, 'min_samples_split': 2, 'min_weight_fraction_leaf': 0.0, 'n_estimators': 100, 'n_iter_no_change': None, 'random_state': 123, 'subsample': 1.0, 'tol': 0.0001, 'validation_fraction': 0.1, 'verbose': 0, 'warm_start': False}",2025-08-14_220927
GradientBoosting,FI_vs_T,123,True,3,1.0,0.9523809523809523,experiment_results_statistical_IL_top_10_video_2025-08-14_220927_early_stop/gradientboosting_FI_vs_T_2025-08-14_220927_seed123_early_stop.pkl,"{'ccp_alpha': 0.0, 'criterion': 'friedman_mse', 'init': None, 'learning_rate': 0.1, 'loss': 'log_loss', 'max_depth': 3, 'max_features': None, 'max_leaf_nodes': None, 'min_impurity_decrease': 0.0, 'min_samples_leaf': 1, 'min_samples_split': 2, 'min_weight_fraction_leaf': 0.0, 'n_estimators': 100, 'n_iter_no_change': None, 'random_state': 123, 'subsample': 1.0, 'tol': 0.0001, 'validation_fraction': 0.1, 'verbose': 0, 'warm_start': False}",2025-08-14_220927
GradientBoosting,FI_vs_T,123,True,4,1.0,1.0,experiment_results_statistical_IL_top_10_video_2025-08-14_220927_early_stop/gradientboosting_FI_vs_T_2025-08-14_220927_seed123_early_stop.pkl,"{'ccp_alpha': 0.0, 'criterion': 'friedman_mse', 'init': None, 'learning_rate': 0.1, 'loss': 'log_loss', 'max_depth': 3, 'max_features': None, 'max_leaf_nodes': None, 'min_impurity_decrease': 0.0, 'min_samples_leaf': 1, 'min_samples_split': 2, 'min_weight_fraction_leaf': 0.0, 'n_estimators': 100, 'n_iter_no_change': None, 'random_state': 123, 'subsample': 1.0, 'tol': 0.0001, 'validation_fraction': 0.1, 'verbose': 0, 'warm_start': False}",2025-08-14_220927
GradientBoosting,FI_vs_T,123,True,5,1.0,1.0,experiment_results_statistical_IL_top_10_video_2025-08-14_220927_early_stop/gradientboosting_FI_vs_T_2025-08-14_220927_seed123_early_stop.pkl,"{'ccp_alpha': 0.0, 'criterion': 'friedman_mse', 'init': None, 'learning_rate': 0.1, 'loss': 'log_loss', 'max_depth': 3, 'max_features': None, 'max_leaf_nodes': None, 'min_impurity_decrease': 0.0, 'min_samples_leaf': 1, 'min_samples_split': 2, 'min_weight_fraction_leaf': 0.0, 'n_estimators': 100, 'n_iter_no_change': None, 'random_state': 123, 'subsample': 1.0, 'tol': 0.0001, 'validation_fraction': 0.1, 'verbose': 0, 'warm_start': False}",2025-08-14_220927
KNN,FI_vs_T,123,True,1,0.5503875968992248,0.49206349206349204,experiment_results_statistical_IL_top_10_video_2025-08-14_220927_early_stop/knn_FI_vs_T_2025-08-14_220927_seed123_early_stop.pkl,"{'algorithm': 'auto', 'leaf_size': 30, 'metric': 'minkowski', 'metric_params': None, 'n_jobs': -1, 'n_neighbors': 5, 'p': 2, 'weights': 'uniform'}",2025-08-14_220927
KNN,FI_vs_T,123,True,2,0.8372093023255814,0.7619047619047619,experiment_results_statistical_IL_top_10_video_2025-08-14_220927_early_stop/knn_FI_vs_T_2025-08-14_220927_seed123_early_stop.pkl,"{'algorithm': 'auto', 'leaf_size': 30, 'metric': 'minkowski', 'metric_params': None, 'n_jobs': -1, 'n_neighbors': 5, 'p': 2, 'weights': 'uniform'}",2025-08-14_220927
KNN,FI_vs_T,123,True,3,0.8914728682170543,0.7936507936507936,experiment_results_statistical_IL_top_10_video_2025-08-14_220927_early_stop/knn_FI_vs_T_2025-08-14_220927_seed123_early_stop.pkl,"{'algorithm': 'auto', 'leaf_size': 30, 'metric': 'minkowski', 'metric_params': None, 'n_jobs': -1, 'n_neighbors': 5, 'p': 2, 'weights': 'uniform'}",2025-08-14_220927
KNN,FI_vs_T,123,True,4,0.9069767441860465,0.8095238095238095,experiment_results_statistical_IL_top_10_video_2025-08-14_220927_early_stop/knn_FI_vs_T_2025-08-14_220927_seed123_early_stop.pkl,"{'algorithm': 'auto', 'leaf_size': 30, 'metric': 'minkowski', 'metric_params': None, 'n_jobs': -1, 'n_neighbors': 5, 'p': 2, 'weights': 'uniform'}",2025-08-14_220927
KNN,FI_vs_T,123,True,5,0.9069767441860465,0.8095238095238095,experiment_results_statistical_IL_top_10_video_2025-08-14_220927_early_stop/knn_FI_vs_T_2025-08-14_220927_seed123_early_stop.pkl,"{'algorithm': 'auto', 'leaf_size': 30, 'metric': 'minkowski', 'metric_params': None, 'n_jobs': -1, 'n_neighbors': 5, 'p': 2, 'weights': 'uniform'}",2025-08-14_220927
LogisticRegression,FI_vs_T,123,True,1,0.27906976744186046,0.23809523809523808,experiment_results_statistical_IL_top_10_video_2025-08-14_220927_early_stop/logisticregression_FI_vs_T_2025-08-14_220927_seed123_early_stop.pkl,"{'C': 1.0, 'class_weight': None, 'dual': False, 'fit_intercept': True, 'intercept_scaling': 1, 'l1_ratio': None, 'max_iter': 100, 'multi_class': 'deprecated', 'n_jobs': -1, 'penalty': 'l2', 'random_state': 123, 'solver': 'lbfgs', 'tol': 0.0001, 'verbose': 0, 'warm_start': False}",2025-08-14_220927
LogisticRegression,FI_vs_T,123,True,2,0.5426356589147286,0.47619047619047616,experiment_results_statistical_IL_top_10_video_2025-08-14_220927_early_stop/logisticregression_FI_vs_T_2025-08-14_220927_seed123_early_stop.pkl,"{'C': 1.0, 'class_weight': None, 'dual': False, 'fit_intercept': True, 'intercept_scaling': 1, 'l1_ratio': None, 'max_iter': 100, 'multi_class': 'deprecated', 'n_jobs': -1, 'penalty': 'l2', 'random_state': 123, 'solver': 'lbfgs', 'tol': 0.0001, 'verbose': 0, 'warm_start': False}",2025-08-14_220927
LogisticRegression,FI_vs_T,123,True,3,0.7441860465116279,0.6349206349206349,experiment_results_statistical_IL_top_10_video_2025-08-14_220927_early_stop/logisticregression_FI_vs_T_2025-08-14_220927_seed123_early_stop.pkl,"{'C': 1.0, 'class_weight': None, 'dual': False, 'fit_intercept': True, 'intercept_scaling': 1, 'l1_ratio': None, 'max_iter': 100, 'multi_class': 'deprecated', 'n_jobs': -1, 'penalty': 'l2', 'random_state': 123, 'solver': 'lbfgs', 'tol': 0.0001, 'verbose': 0, 'warm_start': False}",2025-08-14_220927
LogisticRegression,FI_vs_T,123,True,4,0.7751937984496124,0.6825396825396826,experiment_results_statistical_IL_top_10_video_2025-08-14_220927_early_stop/logisticregression_FI_vs_T_2025-08-14_220927_seed123_early_stop.pkl,"{'C': 1.0, 'class_weight': None, 'dual': False, 'fit_intercept': True, 'intercept_scaling': 1, 'l1_ratio': None, 'max_iter': 100, 'multi_class': 'deprecated', 'n_jobs': -1, 'penalty': 'l2', 'random_state': 123, 'solver': 'lbfgs', 'tol': 0.0001, 'verbose': 0, 'warm_start': False}",2025-08-14_220927
LogisticRegression,FI_vs_T,123,True,5,0.7906976744186046,0.746031746031746,experiment_results_statistical_IL_top_10_video_2025-08-14_220927_early_stop/logisticregression_FI_vs_T_2025-08-14_220927_seed123_early_stop.pkl,"{'C': 1.0, 'class_weight': None, 'dual': False, 'fit_intercept': True, 'intercept_scaling': 1, 'l1_ratio': None, 'max_iter': 100, 'multi_class': 'deprecated', 'n_jobs': -1, 'penalty': 'l2', 'random_state': 123, 'solver': 'lbfgs', 'tol': 0.0001, 'verbose': 0, 'warm_start': False}",2025-08-14_220927
RandomForest,FI_vs_T,456,True,1,0.8372093023255814,0.6666666666666666,experiment_results_statistical_IL_top_10_video_2025-08-14_220927_early_stop/randomforest_FI_vs_T_2025-08-14_220927_seed456_early_stop.pkl,"{'bootstrap': True, 'max_depth': 10, 'max_features': 'log2', 'min_samples_leaf': 2, 'min_samples_split': 2, 'n_estimators': 100}",2025-08-14_220927
RandomForest,FI_vs_T,456,True,2,0.9224806201550387,0.8888888888888888,experiment_results_statistical_IL_top_10_video_2025-08-14_220927_early_stop/randomforest_FI_vs_T_2025-08-14_220927_seed456_early_stop.pkl,"{'bootstrap': True, 'max_depth': 10, 'max_features': 'log2', 'min_samples_leaf': 2, 'min_samples_split': 2, 'n_estimators': 100}",2025-08-14_220927
RandomForest,FI_vs_T,456,True,3,1.0,0.9841269841269841,experiment_results_statistical_IL_top_10_video_2025-08-14_220927_early_stop/randomforest_FI_vs_T_2025-08-14_220927_seed456_early_stop.pkl,"{'bootstrap': True, 'max_depth': 10, 'max_features': 'log2', 'min_samples_leaf': 2, 'min_samples_split': 2, 'n_estimators': 100}",2025-08-14_220927
RandomForest,FI_vs_T,456,True,4,1.0,1.0,experiment_results_statistical_IL_top_10_video_2025-08-14_220927_early_stop/randomforest_FI_vs_T_2025-08-14_220927_seed456_early_stop.pkl,"{'bootstrap': True, 'max_depth': 10, 'max_features': 'log2', 'min_samples_leaf': 2, 'min_samples_split': 2, 'n_estimators': 100}",2025-08-14_220927
RandomForest,FI_vs_T,456,True,5,1.0,1.0,experiment_results_statistical_IL_top_10_video_2025-08-14_220927_early_stop/randomforest_FI_vs_T_2025-08-14_220927_seed456_early_stop.pkl,"{'bootstrap': True, 'max_depth': 10, 'max_features': 'log2', 'min_samples_leaf': 2, 'min_samples_split': 2, 'n_estimators': 100}",2025-08-14_220927
XGBoost,FI_vs_T,456,True,1,0.8372093023255814,0.6190476190476191,experiment_results_statistical_IL_top_10_video_2025-08-14_220927_early_stop/xgboost_FI_vs_T_2025-08-14_220927_seed456_early_stop.pkl,"{'colsample_bytree': 0.8, 'device': 'cpu', 'learning_rate': 0.05, 'max_depth': 4, 'n_estimators': 1000, 'reg_lambda': 1, 'subsample': 0.8}",2025-08-14_220927
XGBoost,FI_vs_T,456,True,2,0.9224806201550387,0.8253968253968254,experiment_results_statistical_IL_top_10_video_2025-08-14_220927_early_stop/xgboost_FI_vs_T_2025-08-14_220927_seed456_early_stop.pkl,"{'colsample_bytree': 0.8, 'device': 'cpu', 'learning_rate': 0.05, 'max_depth': 4, 'n_estimators': 1000, 'reg_lambda': 1, 'subsample': 0.8}",2025-08-14_220927
XGBoost,FI_vs_T,456,True,3,1.0,0.9841269841269841,experiment_results_statistical_IL_top_10_video_2025-08-14_220927_early_stop/xgboost_FI_vs_T_2025-08-14_220927_seed456_early_stop.pkl,"{'colsample_bytree': 0.8, 'device': 'cpu', 'learning_rate': 0.05, 'max_depth': 4, 'n_estimators': 1000, 'reg_lambda': 1, 'subsample': 0.8}",2025-08-14_220927
XGBoost,FI_vs_T,456,True,4,1.0,1.0,experiment_results_statistical_IL_top_10_video_2025-08-14_220927_early_stop/xgboost_FI_vs_T_2025-08-14_220927_seed456_early_stop.pkl,"{'colsample_bytree': 0.8, 'device': 'cpu', 'learning_rate': 0.05, 'max_depth': 4, 'n_estimators': 1000, 'reg_lambda': 1, 'subsample': 0.8}",2025-08-14_220927
XGBoost,FI_vs_T,456,True,5,1.0,1.0,experiment_results_statistical_IL_top_10_video_2025-08-14_220927_early_stop/xgboost_FI_vs_T_2025-08-14_220927_seed456_early_stop.pkl,"{'colsample_bytree': 0.8, 'device': 'cpu', 'learning_rate': 0.05, 'max_depth': 4, 'n_estimators': 1000, 'reg_lambda': 1, 'subsample': 0.8}",2025-08-14_220927
CatBoost,FI_vs_T,456,True,1,0.8372093023255814,0.5555555555555556,experiment_results_statistical_IL_top_10_video_2025-08-14_220927_early_stop/catboost_FI_vs_T_2025-08-14_220927_seed456_early_stop.pkl,"{'border_count': 32, 'depth': 6, 'iterations': 1000, 'l2_leaf_reg': 1, 'learning_rate': 0.1}",2025-08-14_220927
CatBoost,FI_vs_T,456,True,2,0.9224806201550387,0.8571428571428571,experiment_results_statistical_IL_top_10_video_2025-08-14_220927_early_stop/catboost_FI_vs_T_2025-08-14_220927_seed456_early_stop.pkl,"{'border_count': 32, 'depth': 6, 'iterations': 1000, 'l2_leaf_reg': 1, 'learning_rate': 0.1}",2025-08-14_220927
CatBoost,FI_vs_T,456,True,3,1.0,0.9841269841269841,experiment_results_statistical_IL_top_10_video_2025-08-14_220927_early_stop/catboost_FI_vs_T_2025-08-14_220927_seed456_early_stop.pkl,"{'border_count': 32, 'depth': 6, 'iterations': 1000, 'l2_leaf_reg': 1, 'learning_rate': 0.1}",2025-08-14_220927
CatBoost,FI_vs_T,456,True,4,1.0,1.0,experiment_results_statistical_IL_top_10_video_2025-08-14_220927_early_stop/catboost_FI_vs_T_2025-08-14_220927_seed456_early_stop.pkl,"{'border_count': 32, 'depth': 6, 'iterations': 1000, 'l2_leaf_reg': 1, 'learning_rate': 0.1}",2025-08-14_220927
CatBoost,FI_vs_T,456,True,5,1.0,1.0,experiment_results_statistical_IL_top_10_video_2025-08-14_220927_early_stop/catboost_FI_vs_T_2025-08-14_220927_seed456_early_stop.pkl,"{'border_count': 32, 'depth': 6, 'iterations': 1000, 'l2_leaf_reg': 1, 'learning_rate': 0.1}",2025-08-14_220927
SVM,FI_vs_T,456,True,1,0.6821705426356589,0.5714285714285714,experiment_results_statistical_IL_top_10_video_2025-08-14_220927_early_stop/svm_FI_vs_T_2025-08-14_220927_seed456_early_stop.pkl,"{'C': 10, 'decision_function_shape': 'ovo', 'gamma': 'scale', 'kernel': 'rbf'}",2025-08-14_220927
SVM,FI_vs_T,456,True,2,0.9069767441860465,0.7777777777777778,experiment_results_statistical_IL_top_10_video_2025-08-14_220927_early_stop/svm_FI_vs_T_2025-08-14_220927_seed456_early_stop.pkl,"{'C': 10, 'decision_function_shape': 'ovo', 'gamma': 'scale', 'kernel': 'rbf'}",2025-08-14_220927
SVM,FI_vs_T,456,True,3,1.0,0.9523809523809523,experiment_results_statistical_IL_top_10_video_2025-08-14_220927_early_stop/svm_FI_vs_T_2025-08-14_220927_seed456_early_stop.pkl,"{'C': 10, 'decision_function_shape': 'ovo', 'gamma': 'scale', 'kernel': 'rbf'}",2025-08-14_220927
SVM,FI_vs_T,456,True,4,1.0,0.9523809523809523,experiment_results_statistical_IL_top_10_video_2025-08-14_220927_early_stop/svm_FI_vs_T_2025-08-14_220927_seed456_early_stop.pkl,"{'C': 10, 'decision_function_shape': 'ovo', 'gamma': 'scale', 'kernel': 'rbf'}",2025-08-14_220927
SVM,FI_vs_T,456,True,5,1.0,0.9523809523809523,experiment_results_statistical_IL_top_10_video_2025-08-14_220927_early_stop/svm_FI_vs_T_2025-08-14_220927_seed456_early_stop.pkl,"{'C': 10, 'decision_function_shape': 'ovo', 'gamma': 'scale', 'kernel': 'rbf'}",2025-08-14_220927
MLP,FI_vs_T,456,True,1,0.09302325581395349,0.09523809523809523,experiment_results_statistical_IL_top_10_video_2025-08-14_220927_early_stop/mlp_FI_vs_T_2025-08-14_220927_seed456_early_stop.pkl,"{'activation': 'relu', 'alpha': 0.0001, 'batch_size': 36, 'early_stopping': True, 'hidden_layer_sizes': [50], 'learning_rate': 'constant', 'learning_rate_init': 0.001, 'max_iter': 2000, 'solver': 'adam'}",2025-08-14_220927
MLP,FI_vs_T,456,True,2,0.18604651162790697,0.19047619047619047,experiment_results_statistical_IL_top_10_video_2025-08-14_220927_early_stop/mlp_FI_vs_T_2025-08-14_220927_seed456_early_stop.pkl,"{'activation': 'relu', 'alpha': 0.0001, 'batch_size': 36, 'early_stopping': True, 'hidden_layer_sizes': [50], 'learning_rate': 'constant', 'learning_rate_init': 0.001, 'max_iter': 2000, 'solver': 'adam'}",2025-08-14_220927
MLP,FI_vs_T,456,True,3,0.2713178294573643,0.2698412698412698,experiment_results_statistical_IL_top_10_video_2025-08-14_220927_early_stop/mlp_FI_vs_T_2025-08-14_220927_seed456_early_stop.pkl,"{'activation': 'relu', 'alpha': 0.0001, 'batch_size': 36, 'early_stopping': True, 'hidden_layer_sizes': [50], 'learning_rate': 'constant', 'learning_rate_init': 0.001, 'max_iter': 2000, 'solver': 'adam'}",2025-08-14_220927
MLP,FI_vs_T,456,True,4,0.3643410852713178,0.36507936507936506,experiment_results_statistical_IL_top_10_video_2025-08-14_220927_early_stop/mlp_FI_vs_T_2025-08-14_220927_seed456_early_stop.pkl,"{'activation': 'relu', 'alpha': 0.0001, 'batch_size': 36, 'early_stopping': True, 'hidden_layer_sizes': [50], 'learning_rate': 'constant', 'learning_rate_init': 0.001, 'max_iter': 2000, 'solver': 'adam'}",2025-08-14_220927
MLP,FI_vs_T,456,True,5,0.4573643410852713,0.4603174603174603,experiment_results_statistical_IL_top_10_video_2025-08-14_220927_early_stop/mlp_FI_vs_T_2025-08-14_220927_seed456_early_stop.pkl,"{'activation': 'relu', 'alpha': 0.0001, 'batch_size': 36, 'early_stopping': True, 'hidden_layer_sizes': [50], 'learning_rate': 'constant', 'learning_rate_init': 0.001, 'max_iter': 2000, 'solver': 'adam'}",2025-08-14_220927
NaiveBayes,FI_vs_T,456,True,1,0.7751937984496124,0.5079365079365079,experiment_results_statistical_IL_top_10_video_2025-08-14_220927_early_stop/naivebayes_FI_vs_T_2025-08-14_220927_seed456_early_stop.pkl,"{'priors': None, 'var_smoothing': 1e-09}",2025-08-14_220927
NaiveBayes,FI_vs_T,456,True,2,0.9069767441860465,0.7619047619047619,experiment_results_statistical_IL_top_10_video_2025-08-14_220927_early_stop/naivebayes_FI_vs_T_2025-08-14_220927_seed456_early_stop.pkl,"{'priors': None, 'var_smoothing': 1e-09}",2025-08-14_220927
NaiveBayes,FI_vs_T,456,True,3,1.0,0.8888888888888888,experiment_results_statistical_IL_top_10_video_2025-08-14_220927_early_stop/naivebayes_FI_vs_T_2025-08-14_220927_seed456_early_stop.pkl,"{'priors': None, 'var_smoothing': 1e-09}",2025-08-14_220927
NaiveBayes,FI_vs_T,456,True,4,1.0,0.9047619047619048,experiment_results_statistical_IL_top_10_video_2025-08-14_220927_early_stop/naivebayes_FI_vs_T_2025-08-14_220927_seed456_early_stop.pkl,"{'priors': None, 'var_smoothing': 1e-09}",2025-08-14_220927
NaiveBayes,FI_vs_T,456,True,5,1.0,0.9523809523809523,experiment_results_statistical_IL_top_10_video_2025-08-14_220927_early_stop/naivebayes_FI_vs_T_2025-08-14_220927_seed456_early_stop.pkl,"{'priors': None, 'var_smoothing': 1e-09}",2025-08-14_220927
LightGBM,FI_vs_T,456,True,1,0.8372093023255814,0.6190476190476191,experiment_results_statistical_IL_top_10_video_2025-08-14_220927_early_stop/lightgbm_FI_vs_T_2025-08-14_220927_seed456_early_stop.pkl,"{'boosting_type': 'gbdt', 'class_weight': None, 'colsample_bytree': 1.0, 'importance_type': 'split', 'learning_rate': 0.1, 'max_depth': -1, 'min_child_samples': 20, 'min_child_weight': 0.001, 'min_split_gain': 0.0, 'n_estimators': 100, 'n_jobs': -1, 'num_leaves': 31, 'objective': None, 'random_state': 456, 'reg_alpha': 0.0, 'reg_lambda': 0.0, 'subsample': 1.0, 'subsample_for_bin': 200000, 'subsample_freq': 0, 'verbose': -1}",2025-08-14_220927
LightGBM,FI_vs_T,456,True,2,0.9224806201550387,0.8888888888888888,experiment_results_statistical_IL_top_10_video_2025-08-14_220927_early_stop/lightgbm_FI_vs_T_2025-08-14_220927_seed456_early_stop.pkl,"{'boosting_type': 'gbdt', 'class_weight': None, 'colsample_bytree': 1.0, 'importance_type': 'split', 'learning_rate': 0.1, 'max_depth': -1, 'min_child_samples': 20, 'min_child_weight': 0.001, 'min_split_gain': 0.0, 'n_estimators': 100, 'n_jobs': -1, 'num_leaves': 31, 'objective': None, 'random_state': 456, 'reg_alpha': 0.0, 'reg_lambda': 0.0, 'subsample': 1.0, 'subsample_for_bin': 200000, 'subsample_freq': 0, 'verbose': -1}",2025-08-14_220927
LightGBM,FI_vs_T,456,True,3,1.0,0.9841269841269841,experiment_results_statistical_IL_top_10_video_2025-08-14_220927_early_stop/lightgbm_FI_vs_T_2025-08-14_220927_seed456_early_stop.pkl,"{'boosting_type': 'gbdt', 'class_weight': None, 'colsample_bytree': 1.0, 'importance_type': 'split', 'learning_rate': 0.1, 'max_depth': -1, 'min_child_samples': 20, 'min_child_weight': 0.001, 'min_split_gain': 0.0, 'n_estimators': 100, 'n_jobs': -1, 'num_leaves': 31, 'objective': None, 'random_state': 456, 'reg_alpha': 0.0, 'reg_lambda': 0.0, 'subsample': 1.0, 'subsample_for_bin': 200000, 'subsample_freq': 0, 'verbose': -1}",2025-08-14_220927
LightGBM,FI_vs_T,456,True,4,1.0,0.9841269841269841,experiment_results_statistical_IL_top_10_video_2025-08-14_220927_early_stop/lightgbm_FI_vs_T_2025-08-14_220927_seed456_early_stop.pkl,"{'boosting_type': 'gbdt', 'class_weight': None, 'colsample_bytree': 1.0, 'importance_type': 'split', 'learning_rate': 0.1, 'max_depth': -1, 'min_child_samples': 20, 'min_child_weight': 0.001, 'min_split_gain': 0.0, 'n_estimators': 100, 'n_jobs': -1, 'num_leaves': 31, 'objective': None, 'random_state': 456, 'reg_alpha': 0.0, 'reg_lambda': 0.0, 'subsample': 1.0, 'subsample_for_bin': 200000, 'subsample_freq': 0, 'verbose': -1}",2025-08-14_220927
LightGBM,FI_vs_T,456,True,5,1.0,1.0,experiment_results_statistical_IL_top_10_video_2025-08-14_220927_early_stop/lightgbm_FI_vs_T_2025-08-14_220927_seed456_early_stop.pkl,"{'boosting_type': 'gbdt', 'class_weight': None, 'colsample_bytree': 1.0, 'importance_type': 'split', 'learning_rate': 0.1, 'max_depth': -1, 'min_child_samples': 20, 'min_child_weight': 0.001, 'min_split_gain': 0.0, 'n_estimators': 100, 'n_jobs': -1, 'num_leaves': 31, 'objective': None, 'random_state': 456, 'reg_alpha': 0.0, 'reg_lambda': 0.0, 'subsample': 1.0, 'subsample_for_bin': 200000, 'subsample_freq': 0, 'verbose': -1}",2025-08-14_220927
ExtraTrees,FI_vs_T,456,True,1,0.8372093023255814,0.6031746031746031,experiment_results_statistical_IL_top_10_video_2025-08-14_220927_early_stop/extratrees_FI_vs_T_2025-08-14_220927_seed456_early_stop.pkl,"{'bootstrap': False, 'ccp_alpha': 0.0, 'class_weight': None, 'criterion': 'gini', 'max_depth': None, 'max_features': 'sqrt', 'max_leaf_nodes': None, 'max_samples': None, 'min_impurity_decrease': 0.0, 'min_samples_leaf': 1, 'min_samples_split': 2, 'min_weight_fraction_leaf': 0.0, 'monotonic_cst': None, 'n_estimators': 100, 'n_jobs': -1, 'oob_score': False, 'random_state': 456, 'verbose': 0, 'warm_start': False}",2025-08-14_220927
ExtraTrees,FI_vs_T,456,True,2,0.9224806201550387,0.873015873015873,experiment_results_statistical_IL_top_10_video_2025-08-14_220927_early_stop/extratrees_FI_vs_T_2025-08-14_220927_seed456_early_stop.pkl,"{'bootstrap': False, 'ccp_alpha': 0.0, 'class_weight': None, 'criterion': 'gini', 'max_depth': None, 'max_features': 'sqrt', 'max_leaf_nodes': None, 'max_samples': None, 'min_impurity_decrease': 0.0, 'min_samples_leaf': 1, 'min_samples_split': 2, 'min_weight_fraction_leaf': 0.0, 'monotonic_cst': None, 'n_estimators': 100, 'n_jobs': -1, 'oob_score': False, 'random_state': 456, 'verbose': 0, 'warm_start': False}",2025-08-14_220927
ExtraTrees,FI_vs_T,456,True,3,1.0,0.9841269841269841,experiment_results_statistical_IL_top_10_video_2025-08-14_220927_early_stop/extratrees_FI_vs_T_2025-08-14_220927_seed456_early_stop.pkl,"{'bootstrap': False, 'ccp_alpha': 0.0, 'class_weight': None, 'criterion': 'gini', 'max_depth': None, 'max_features': 'sqrt', 'max_leaf_nodes': None, 'max_samples': None, 'min_impurity_decrease': 0.0, 'min_samples_leaf': 1, 'min_samples_split': 2, 'min_weight_fraction_leaf': 0.0, 'monotonic_cst': None, 'n_estimators': 100, 'n_jobs': -1, 'oob_score': False, 'random_state': 456, 'verbose': 0, 'warm_start': False}",2025-08-14_220927
ExtraTrees,FI_vs_T,456,True,4,1.0,1.0,experiment_results_statistical_IL_top_10_video_2025-08-14_220927_early_stop/extratrees_FI_vs_T_2025-08-14_220927_seed456_early_stop.pkl,"{'bootstrap': False, 'ccp_alpha': 0.0, 'class_weight': None, 'criterion': 'gini', 'max_depth': None, 'max_features': 'sqrt', 'max_leaf_nodes': None, 'max_samples': None, 'min_impurity_decrease': 0.0, 'min_samples_leaf': 1, 'min_samples_split': 2, 'min_weight_fraction_leaf': 0.0, 'monotonic_cst': None, 'n_estimators': 100, 'n_jobs': -1, 'oob_score': False, 'random_state': 456, 'verbose': 0, 'warm_start': False}",2025-08-14_220927
ExtraTrees,FI_vs_T,456,True,5,1.0,1.0,experiment_results_statistical_IL_top_10_video_2025-08-14_220927_early_stop/extratrees_FI_vs_T_2025-08-14_220927_seed456_early_stop.pkl,"{'bootstrap': False, 'ccp_alpha': 0.0, 'class_weight': None, 'criterion': 'gini', 'max_depth': None, 'max_features': 'sqrt', 'max_leaf_nodes': None, 'max_samples': None, 'min_impurity_decrease': 0.0, 'min_samples_leaf': 1, 'min_samples_split': 2, 'min_weight_fraction_leaf': 0.0, 'monotonic_cst': None, 'n_estimators': 100, 'n_jobs': -1, 'oob_score': False, 'random_state': 456, 'verbose': 0, 'warm_start': False}",2025-08-14_220927
GradientBoosting,FI_vs_T,456,True,1,0.8372093023255814,0.6031746031746031,experiment_results_statistical_IL_top_10_video_2025-08-14_220927_early_stop/gradientboosting_FI_vs_T_2025-08-14_220927_seed456_early_stop.pkl,"{'ccp_alpha': 0.0, 'criterion': 'friedman_mse', 'init': None, 'learning_rate': 0.1, 'loss': 'log_loss', 'max_depth': 3, 'max_features': None, 'max_leaf_nodes': None, 'min_impurity_decrease': 0.0, 'min_samples_leaf': 1, 'min_samples_split': 2, 'min_weight_fraction_leaf': 0.0, 'n_estimators': 100, 'n_iter_no_change': None, 'random_state': 456, 'subsample': 1.0, 'tol': 0.0001, 'validation_fraction': 0.1, 'verbose': 0, 'warm_start': False}",2025-08-14_220927
GradientBoosting,FI_vs_T,456,True,2,0.9224806201550387,0.7777777777777778,experiment_results_statistical_IL_top_10_video_2025-08-14_220927_early_stop/gradientboosting_FI_vs_T_2025-08-14_220927_seed456_early_stop.pkl,"{'ccp_alpha': 0.0, 'criterion': 'friedman_mse', 'init': None, 'learning_rate': 0.1, 'loss': 'log_loss', 'max_depth': 3, 'max_features': None, 'max_leaf_nodes': None, 'min_impurity_decrease': 0.0, 'min_samples_leaf': 1, 'min_samples_split': 2, 'min_weight_fraction_leaf': 0.0, 'n_estimators': 100, 'n_iter_no_change': None, 'random_state': 456, 'subsample': 1.0, 'tol': 0.0001, 'validation_fraction': 0.1, 'verbose': 0, 'warm_start': False}",2025-08-14_220927
GradientBoosting,FI_vs_T,456,True,3,1.0,0.9365079365079365,experiment_results_statistical_IL_top_10_video_2025-08-14_220927_early_stop/gradientboosting_FI_vs_T_2025-08-14_220927_seed456_early_stop.pkl,"{'ccp_alpha': 0.0, 'criterion': 'friedman_mse', 'init': None, 'learning_rate': 0.1, 'loss': 'log_loss', 'max_depth': 3, 'max_features': None, 'max_leaf_nodes': None, 'min_impurity_decrease': 0.0, 'min_samples_leaf': 1, 'min_samples_split': 2, 'min_weight_fraction_leaf': 0.0, 'n_estimators': 100, 'n_iter_no_change': None, 'random_state': 456, 'subsample': 1.0, 'tol': 0.0001, 'validation_fraction': 0.1, 'verbose': 0, 'warm_start': False}",2025-08-14_220927
GradientBoosting,FI_vs_T,456,True,4,1.0,1.0,experiment_results_statistical_IL_top_10_video_2025-08-14_220927_early_stop/gradientboosting_FI_vs_T_2025-08-14_220927_seed456_early_stop.pkl,"{'ccp_alpha': 0.0, 'criterion': 'friedman_mse', 'init': None, 'learning_rate': 0.1, 'loss': 'log_loss', 'max_depth': 3, 'max_features': None, 'max_leaf_nodes': None, 'min_impurity_decrease': 0.0, 'min_samples_leaf': 1, 'min_samples_split': 2, 'min_weight_fraction_leaf': 0.0, 'n_estimators': 100, 'n_iter_no_change': None, 'random_state': 456, 'subsample': 1.0, 'tol': 0.0001, 'validation_fraction': 0.1, 'verbose': 0, 'warm_start': False}",2025-08-14_220927
GradientBoosting,FI_vs_T,456,True,5,1.0,1.0,experiment_results_statistical_IL_top_10_video_2025-08-14_220927_early_stop/gradientboosting_FI_vs_T_2025-08-14_220927_seed456_early_stop.pkl,"{'ccp_alpha': 0.0, 'criterion': 'friedman_mse', 'init': None, 'learning_rate': 0.1, 'loss': 'log_loss', 'max_depth': 3, 'max_features': None, 'max_leaf_nodes': None, 'min_impurity_decrease': 0.0, 'min_samples_leaf': 1, 'min_samples_split': 2, 'min_weight_fraction_leaf': 0.0, 'n_estimators': 100, 'n_iter_no_change': None, 'random_state': 456, 'subsample': 1.0, 'tol': 0.0001, 'validation_fraction': 0.1, 'verbose': 0, 'warm_start': False}",2025-08-14_220927
KNN,FI_vs_T,456,True,1,0.5503875968992248,0.49206349206349204,experiment_results_statistical_IL_top_10_video_2025-08-14_220927_early_stop/knn_FI_vs_T_2025-08-14_220927_seed456_early_stop.pkl,"{'algorithm': 'auto', 'leaf_size': 30, 'metric': 'minkowski', 'metric_params': None, 'n_jobs': -1, 'n_neighbors': 5, 'p': 2, 'weights': 'uniform'}",2025-08-14_220927
KNN,FI_vs_T,456,True,2,0.8372093023255814,0.7619047619047619,experiment_results_statistical_IL_top_10_video_2025-08-14_220927_early_stop/knn_FI_vs_T_2025-08-14_220927_seed456_early_stop.pkl,"{'algorithm': 'auto', 'leaf_size': 30, 'metric': 'minkowski', 'metric_params': None, 'n_jobs': -1, 'n_neighbors': 5, 'p': 2, 'weights': 'uniform'}",2025-08-14_220927
KNN,FI_vs_T,456,True,3,0.8914728682170543,0.7936507936507936,experiment_results_statistical_IL_top_10_video_2025-08-14_220927_early_stop/knn_FI_vs_T_2025-08-14_220927_seed456_early_stop.pkl,"{'algorithm': 'auto', 'leaf_size': 30, 'metric': 'minkowski', 'metric_params': None, 'n_jobs': -1, 'n_neighbors': 5, 'p': 2, 'weights': 'uniform'}",2025-08-14_220927
KNN,FI_vs_T,456,True,4,0.9069767441860465,0.8095238095238095,experiment_results_statistical_IL_top_10_video_2025-08-14_220927_early_stop/knn_FI_vs_T_2025-08-14_220927_seed456_early_stop.pkl,"{'algorithm': 'auto', 'leaf_size': 30, 'metric': 'minkowski', 'metric_params': None, 'n_jobs': -1, 'n_neighbors': 5, 'p': 2, 'weights': 'uniform'}",2025-08-14_220927
KNN,FI_vs_T,456,True,5,0.9069767441860465,0.8095238095238095,experiment_results_statistical_IL_top_10_video_2025-08-14_220927_early_stop/knn_FI_vs_T_2025-08-14_220927_seed456_early_stop.pkl,"{'algorithm': 'auto', 'leaf_size': 30, 'metric': 'minkowski', 'metric_params': None, 'n_jobs': -1, 'n_neighbors': 5, 'p': 2, 'weights': 'uniform'}",2025-08-14_220927
LogisticRegression,FI_vs_T,456,True,1,0.27906976744186046,0.23809523809523808,experiment_results_statistical_IL_top_10_video_2025-08-14_220927_early_stop/logisticregression_FI_vs_T_2025-08-14_220927_seed456_early_stop.pkl,"{'C': 1.0, 'class_weight': None, 'dual': False, 'fit_intercept': True, 'intercept_scaling': 1, 'l1_ratio': None, 'max_iter': 100, 'multi_class': 'deprecated', 'n_jobs': -1, 'penalty': 'l2', 'random_state': 456, 'solver': 'lbfgs', 'tol': 0.0001, 'verbose': 0, 'warm_start': False}",2025-08-14_220927
LogisticRegression,FI_vs_T,456,True,2,0.5426356589147286,0.47619047619047616,experiment_results_statistical_IL_top_10_video_2025-08-14_220927_early_stop/logisticregression_FI_vs_T_2025-08-14_220927_seed456_early_stop.pkl,"{'C': 1.0, 'class_weight': None, 'dual': False, 'fit_intercept': True, 'intercept_scaling': 1, 'l1_ratio': None, 'max_iter': 100, 'multi_class': 'deprecated', 'n_jobs': -1, 'penalty': 'l2', 'random_state': 456, 'solver': 'lbfgs', 'tol': 0.0001, 'verbose': 0, 'warm_start': False}",2025-08-14_220927
LogisticRegression,FI_vs_T,456,True,3,0.7441860465116279,0.6349206349206349,experiment_results_statistical_IL_top_10_video_2025-08-14_220927_early_stop/logisticregression_FI_vs_T_2025-08-14_220927_seed456_early_stop.pkl,"{'C': 1.0, 'class_weight': None, 'dual': False, 'fit_intercept': True, 'intercept_scaling': 1, 'l1_ratio': None, 'max_iter': 100, 'multi_class': 'deprecated', 'n_jobs': -1, 'penalty': 'l2', 'random_state': 456, 'solver': 'lbfgs', 'tol': 0.0001, 'verbose': 0, 'warm_start': False}",2025-08-14_220927
LogisticRegression,FI_vs_T,456,True,4,0.7751937984496124,0.6825396825396826,experiment_results_statistical_IL_top_10_video_2025-08-14_220927_early_stop/logisticregression_FI_vs_T_2025-08-14_220927_seed456_early_stop.pkl,"{'C': 1.0, 'class_weight': None, 'dual': False, 'fit_intercept': True, 'intercept_scaling': 1, 'l1_ratio': None, 'max_iter': 100, 'multi_class': 'deprecated', 'n_jobs': -1, 'penalty': 'l2', 'random_state': 456, 'solver': 'lbfgs', 'tol': 0.0001, 'verbose': 0, 'warm_start': False}",2025-08-14_220927
LogisticRegression,FI_vs_T,456,True,5,0.7906976744186046,0.746031746031746,experiment_results_statistical_IL_top_10_video_2025-08-14_220927_early_stop/logisticregression_FI_vs_T_2025-08-14_220927_seed456_early_stop.pkl,"{'C': 1.0, 'class_weight': None, 'dual': False, 'fit_intercept': True, 'intercept_scaling': 1, 'l1_ratio': None, 'max_iter': 100, 'multi_class': 'deprecated', 'n_jobs': -1, 'penalty': 'l2', 'random_state': 456, 'solver': 'lbfgs', 'tol': 0.0001, 'verbose': 0, 'warm_start': False}",2025-08-14_220927
RandomForest,FT_vs_I,42,True,1,0.8503937007874016,0.6615384615384615,experiment_results_statistical_IL_top_10_video_2025-08-14_220927_early_stop/randomforest_FT_vs_I_2025-08-14_220927_seed42_early_stop.pkl,"{'bootstrap': True, 'max_depth': 10, 'max_features': 'log2', 'min_samples_leaf': 1, 'min_samples_split': 2, 'n_estimators': 300}",2025-08-14_220927
RandomForest,FT_vs_I,42,True,2,0.937007874015748,0.9076923076923077,experiment_results_statistical_IL_top_10_video_2025-08-14_220927_early_stop/randomforest_FT_vs_I_2025-08-14_220927_seed42_early_stop.pkl,"{'bootstrap': True, 'max_depth': 10, 'max_features': 'log2', 'min_samples_leaf': 1, 'min_samples_split': 2, 'n_estimators': 300}",2025-08-14_220927
RandomForest,FT_vs_I,42,True,3,1.0,1.0,experiment_results_statistical_IL_top_10_video_2025-08-14_220927_early_stop/randomforest_FT_vs_I_2025-08-14_220927_seed42_early_stop.pkl,"{'bootstrap': True, 'max_depth': 10, 'max_features': 'log2', 'min_samples_leaf': 1, 'min_samples_split': 2, 'n_estimators': 300}",2025-08-14_220927
RandomForest,FT_vs_I,42,True,4,1.0,1.0,experiment_results_statistical_IL_top_10_video_2025-08-14_220927_early_stop/randomforest_FT_vs_I_2025-08-14_220927_seed42_early_stop.pkl,"{'bootstrap': True, 'max_depth': 10, 'max_features': 'log2', 'min_samples_leaf': 1, 'min_samples_split': 2, 'n_estimators': 300}",2025-08-14_220927
RandomForest,FT_vs_I,42,True,5,1.0,1.0,experiment_results_statistical_IL_top_10_video_2025-08-14_220927_early_stop/randomforest_FT_vs_I_2025-08-14_220927_seed42_early_stop.pkl,"{'bootstrap': True, 'max_depth': 10, 'max_features': 'log2', 'min_samples_leaf': 1, 'min_samples_split': 2, 'n_estimators': 300}",2025-08-14_220927
XGBoost,FT_vs_I,42,True,1,0.8503937007874016,0.5692307692307692,experiment_results_statistical_IL_top_10_video_2025-08-14_220927_early_stop/xgboost_FT_vs_I_2025-08-14_220927_seed42_early_stop.pkl,"{'colsample_bytree': 0.8, 'device': 'cpu', 'learning_rate': 0.05, 'max_depth': 4, 'n_estimators': 1000, 'reg_lambda': 1, 'subsample': 0.8}",2025-08-14_220927
XGBoost,FT_vs_I,42,True,2,0.937007874015748,0.8615384615384616,experiment_results_statistical_IL_top_10_video_2025-08-14_220927_early_stop/xgboost_FT_vs_I_2025-08-14_220927_seed42_early_stop.pkl,"{'colsample_bytree': 0.8, 'device': 'cpu', 'learning_rate': 0.05, 'max_depth': 4, 'n_estimators': 1000, 'reg_lambda': 1, 'subsample': 0.8}",2025-08-14_220927
XGBoost,FT_vs_I,42,True,3,1.0,0.9846153846153847,experiment_results_statistical_IL_top_10_video_2025-08-14_220927_early_stop/xgboost_FT_vs_I_2025-08-14_220927_seed42_early_stop.pkl,"{'colsample_bytree': 0.8, 'device': 'cpu', 'learning_rate': 0.05, 'max_depth': 4, 'n_estimators': 1000, 'reg_lambda': 1, 'subsample': 0.8}",2025-08-14_220927
XGBoost,FT_vs_I,42,True,4,1.0,1.0,experiment_results_statistical_IL_top_10_video_2025-08-14_220927_early_stop/xgboost_FT_vs_I_2025-08-14_220927_seed42_early_stop.pkl,"{'colsample_bytree': 0.8, 'device': 'cpu', 'learning_rate': 0.05, 'max_depth': 4, 'n_estimators': 1000, 'reg_lambda': 1, 'subsample': 0.8}",2025-08-14_220927
XGBoost,FT_vs_I,42,True,5,1.0,1.0,experiment_results_statistical_IL_top_10_video_2025-08-14_220927_early_stop/xgboost_FT_vs_I_2025-08-14_220927_seed42_early_stop.pkl,"{'colsample_bytree': 0.8, 'device': 'cpu', 'learning_rate': 0.05, 'max_depth': 4, 'n_estimators': 1000, 'reg_lambda': 1, 'subsample': 0.8}",2025-08-14_220927
CatBoost,FT_vs_I,42,True,1,0.8503937007874016,0.6307692307692307,experiment_results_statistical_IL_top_10_video_2025-08-14_220927_early_stop/catboost_FT_vs_I_2025-08-14_220927_seed42_early_stop.pkl,"{'border_count': 32, 'depth': 4, 'iterations': 1000, 'l2_leaf_reg': 3, 'learning_rate': 0.05}",2025-08-14_220927
CatBoost,FT_vs_I,42,True,2,0.937007874015748,0.8923076923076924,experiment_results_statistical_IL_top_10_video_2025-08-14_220927_early_stop/catboost_FT_vs_I_2025-08-14_220927_seed42_early_stop.pkl,"{'border_count': 32, 'depth': 4, 'iterations': 1000, 'l2_leaf_reg': 3, 'learning_rate': 0.05}",2025-08-14_220927
CatBoost,FT_vs_I,42,True,3,1.0,1.0,experiment_results_statistical_IL_top_10_video_2025-08-14_220927_early_stop/catboost_FT_vs_I_2025-08-14_220927_seed42_early_stop.pkl,"{'border_count': 32, 'depth': 4, 'iterations': 1000, 'l2_leaf_reg': 3, 'learning_rate': 0.05}",2025-08-14_220927
CatBoost,FT_vs_I,42,True,4,1.0,1.0,experiment_results_statistical_IL_top_10_video_2025-08-14_220927_early_stop/catboost_FT_vs_I_2025-08-14_220927_seed42_early_stop.pkl,"{'border_count': 32, 'depth': 4, 'iterations': 1000, 'l2_leaf_reg': 3, 'learning_rate': 0.05}",2025-08-14_220927
CatBoost,FT_vs_I,42,True,5,1.0,1.0,experiment_results_statistical_IL_top_10_video_2025-08-14_220927_early_stop/catboost_FT_vs_I_2025-08-14_220927_seed42_early_stop.pkl,"{'border_count': 32, 'depth': 4, 'iterations': 1000, 'l2_leaf_reg': 3, 'learning_rate': 0.05}",2025-08-14_220927
SVM,FT_vs_I,42,True,1,0.48031496062992124,0.4461538461538462,experiment_results_statistical_IL_top_10_video_2025-08-14_220927_early_stop/svm_FT_vs_I_2025-08-14_220927_seed42_early_stop.pkl,"{'C': 1, 'decision_function_shape': 'ovo', 'gamma': 'scale', 'kernel': 'rbf'}",2025-08-14_220927
SVM,FT_vs_I,42,True,2,0.7007874015748031,0.7384615384615385,experiment_results_statistical_IL_top_10_video_2025-08-14_220927_early_stop/svm_FT_vs_I_2025-08-14_220927_seed42_early_stop.pkl,"{'C': 1, 'decision_function_shape': 'ovo', 'gamma': 'scale', 'kernel': 'rbf'}",2025-08-14_220927
SVM,FT_vs_I,42,True,3,1.0,0.9076923076923077,experiment_results_statistical_IL_top_10_video_2025-08-14_220927_early_stop/svm_FT_vs_I_2025-08-14_220927_seed42_early_stop.pkl,"{'C': 1, 'decision_function_shape': 'ovo', 'gamma': 'scale', 'kernel': 'rbf'}",2025-08-14_220927
SVM,FT_vs_I,42,True,4,1.0,0.9538461538461539,experiment_results_statistical_IL_top_10_video_2025-08-14_220927_early_stop/svm_FT_vs_I_2025-08-14_220927_seed42_early_stop.pkl,"{'C': 1, 'decision_function_shape': 'ovo', 'gamma': 'scale', 'kernel': 'rbf'}",2025-08-14_220927
SVM,FT_vs_I,42,True,5,1.0,0.9846153846153847,experiment_results_statistical_IL_top_10_video_2025-08-14_220927_early_stop/svm_FT_vs_I_2025-08-14_220927_seed42_early_stop.pkl,"{'C': 1, 'decision_function_shape': 'ovo', 'gamma': 'scale', 'kernel': 'rbf'}",2025-08-14_220927
MLP,FT_vs_I,42,True,1,0.09448818897637795,0.09230769230769231,experiment_results_statistical_IL_top_10_video_2025-08-14_220927_early_stop/mlp_FT_vs_I_2025-08-14_220927_seed42_early_stop.pkl,"{'activation': 'tanh', 'alpha': 0.0001, 'batch_size': 1, 'early_stopping': True, 'hidden_layer_sizes': [50], 'learning_rate': 'constant', 'learning_rate_init': 0.01, 'max_iter': 2000, 'solver': 'adam'}",2025-08-14_220927
MLP,FT_vs_I,42,True,2,0.1889763779527559,0.18461538461538463,experiment_results_statistical_IL_top_10_video_2025-08-14_220927_early_stop/mlp_FT_vs_I_2025-08-14_220927_seed42_early_stop.pkl,"{'activation': 'tanh', 'alpha': 0.0001, 'batch_size': 1, 'early_stopping': True, 'hidden_layer_sizes': [50], 'learning_rate': 'constant', 'learning_rate_init': 0.01, 'max_iter': 2000, 'solver': 'adam'}",2025-08-14_220927
MLP,FT_vs_I,42,True,3,0.28346456692913385,0.27692307692307694,experiment_results_statistical_IL_top_10_video_2025-08-14_220927_early_stop/mlp_FT_vs_I_2025-08-14_220927_seed42_early_stop.pkl,"{'activation': 'tanh', 'alpha': 0.0001, 'batch_size': 1, 'early_stopping': True, 'hidden_layer_sizes': [50], 'learning_rate': 'constant', 'learning_rate_init': 0.01, 'max_iter': 2000, 'solver': 'adam'}",2025-08-14_220927
MLP,FT_vs_I,42,True,4,0.3779527559055118,0.36923076923076925,experiment_results_statistical_IL_top_10_video_2025-08-14_220927_early_stop/mlp_FT_vs_I_2025-08-14_220927_seed42_early_stop.pkl,"{'activation': 'tanh', 'alpha': 0.0001, 'batch_size': 1, 'early_stopping': True, 'hidden_layer_sizes': [50], 'learning_rate': 'constant', 'learning_rate_init': 0.01, 'max_iter': 2000, 'solver': 'adam'}",2025-08-14_220927
MLP,FT_vs_I,42,True,5,0.47244094488188976,0.46153846153846156,experiment_results_statistical_IL_top_10_video_2025-08-14_220927_early_stop/mlp_FT_vs_I_2025-08-14_220927_seed42_early_stop.pkl,"{'activation': 'tanh', 'alpha': 0.0001, 'batch_size': 1, 'early_stopping': True, 'hidden_layer_sizes': [50], 'learning_rate': 'constant', 'learning_rate_init': 0.01, 'max_iter': 2000, 'solver': 'adam'}",2025-08-14_220927
NaiveBayes,FT_vs_I,42,True,1,0.7874015748031497,0.5384615384615384,experiment_results_statistical_IL_top_10_video_2025-08-14_220927_early_stop/naivebayes_FT_vs_I_2025-08-14_220927_seed42_early_stop.pkl,"{'priors': None, 'var_smoothing': 1e-09}",2025-08-14_220927
NaiveBayes,FT_vs_I,42,True,2,0.937007874015748,0.7538461538461538,experiment_results_statistical_IL_top_10_video_2025-08-14_220927_early_stop/naivebayes_FT_vs_I_2025-08-14_220927_seed42_early_stop.pkl,"{'priors': None, 'var_smoothing': 1e-09}",2025-08-14_220927
NaiveBayes,FT_vs_I,42,True,3,1.0,0.8769230769230769,experiment_results_statistical_IL_top_10_video_2025-08-14_220927_early_stop/naivebayes_FT_vs_I_2025-08-14_220927_seed42_early_stop.pkl,"{'priors': None, 'var_smoothing': 1e-09}",2025-08-14_220927
NaiveBayes,FT_vs_I,42,True,4,1.0,0.9076923076923077,experiment_results_statistical_IL_top_10_video_2025-08-14_220927_early_stop/naivebayes_FT_vs_I_2025-08-14_220927_seed42_early_stop.pkl,"{'priors': None, 'var_smoothing': 1e-09}",2025-08-14_220927
NaiveBayes,FT_vs_I,42,True,5,1.0,0.9538461538461539,experiment_results_statistical_IL_top_10_video_2025-08-14_220927_early_stop/naivebayes_FT_vs_I_2025-08-14_220927_seed42_early_stop.pkl,"{'priors': None, 'var_smoothing': 1e-09}",2025-08-14_220927
LightGBM,FT_vs_I,42,True,1,0.8503937007874016,0.5384615384615384,experiment_results_statistical_IL_top_10_video_2025-08-14_220927_early_stop/lightgbm_FT_vs_I_2025-08-14_220927_seed42_early_stop.pkl,"{'boosting_type': 'gbdt', 'class_weight': None, 'colsample_bytree': 1.0, 'importance_type': 'split', 'learning_rate': 0.1, 'max_depth': -1, 'min_child_samples': 20, 'min_child_weight': 0.001, 'min_split_gain': 0.0, 'n_estimators': 100, 'n_jobs': -1, 'num_leaves': 31, 'objective': None, 'random_state': 42, 'reg_alpha': 0.0, 'reg_lambda': 0.0, 'subsample': 1.0, 'subsample_for_bin': 200000, 'subsample_freq': 0, 'verbose': -1}",2025-08-14_220927
LightGBM,FT_vs_I,42,True,2,0.937007874015748,0.7538461538461538,experiment_results_statistical_IL_top_10_video_2025-08-14_220927_early_stop/lightgbm_FT_vs_I_2025-08-14_220927_seed42_early_stop.pkl,"{'boosting_type': 'gbdt', 'class_weight': None, 'colsample_bytree': 1.0, 'importance_type': 'split', 'learning_rate': 0.1, 'max_depth': -1, 'min_child_samples': 20, 'min_child_weight': 0.001, 'min_split_gain': 0.0, 'n_estimators': 100, 'n_jobs': -1, 'num_leaves': 31, 'objective': None, 'random_state': 42, 'reg_alpha': 0.0, 'reg_lambda': 0.0, 'subsample': 1.0, 'subsample_for_bin': 200000, 'subsample_freq': 0, 'verbose': -1}",2025-08-14_220927
LightGBM,FT_vs_I,42,True,3,1.0,0.8769230769230769,experiment_results_statistical_IL_top_10_video_2025-08-14_220927_early_stop/lightgbm_FT_vs_I_2025-08-14_220927_seed42_early_stop.pkl,"{'boosting_type': 'gbdt', 'class_weight': None, 'colsample_bytree': 1.0, 'importance_type': 'split', 'learning_rate': 0.1, 'max_depth': -1, 'min_child_samples': 20, 'min_child_weight': 0.001, 'min_split_gain': 0.0, 'n_estimators': 100, 'n_jobs': -1, 'num_leaves': 31, 'objective': None, 'random_state': 42, 'reg_alpha': 0.0, 'reg_lambda': 0.0, 'subsample': 1.0, 'subsample_for_bin': 200000, 'subsample_freq': 0, 'verbose': -1}",2025-08-14_220927
LightGBM,FT_vs_I,42,True,4,1.0,0.8769230769230769,experiment_results_statistical_IL_top_10_video_2025-08-14_220927_early_stop/lightgbm_FT_vs_I_2025-08-14_220927_seed42_early_stop.pkl,"{'boosting_type': 'gbdt', 'class_weight': None, 'colsample_bytree': 1.0, 'importance_type': 'split', 'learning_rate': 0.1, 'max_depth': -1, 'min_child_samples': 20, 'min_child_weight': 0.001, 'min_split_gain': 0.0, 'n_estimators': 100, 'n_jobs': -1, 'num_leaves': 31, 'objective': None, 'random_state': 42, 'reg_alpha': 0.0, 'reg_lambda': 0.0, 'subsample': 1.0, 'subsample_for_bin': 200000, 'subsample_freq': 0, 'verbose': -1}",2025-08-14_220927
LightGBM,FT_vs_I,42,True,5,1.0,0.9692307692307692,experiment_results_statistical_IL_top_10_video_2025-08-14_220927_early_stop/lightgbm_FT_vs_I_2025-08-14_220927_seed42_early_stop.pkl,"{'boosting_type': 'gbdt', 'class_weight': None, 'colsample_bytree': 1.0, 'importance_type': 'split', 'learning_rate': 0.1, 'max_depth': -1, 'min_child_samples': 20, 'min_child_weight': 0.001, 'min_split_gain': 0.0, 'n_estimators': 100, 'n_jobs': -1, 'num_leaves': 31, 'objective': None, 'random_state': 42, 'reg_alpha': 0.0, 'reg_lambda': 0.0, 'subsample': 1.0, 'subsample_for_bin': 200000, 'subsample_freq': 0, 'verbose': -1}",2025-08-14_220927
ExtraTrees,FT_vs_I,42,True,1,0.8503937007874016,0.6307692307692307,experiment_results_statistical_IL_top_10_video_2025-08-14_220927_early_stop/extratrees_FT_vs_I_2025-08-14_220927_seed42_early_stop.pkl,"{'bootstrap': False, 'ccp_alpha': 0.0, 'class_weight': None, 'criterion': 'gini', 'max_depth': None, 'max_features': 'sqrt', 'max_leaf_nodes': None, 'max_samples': None, 'min_impurity_decrease': 0.0, 'min_samples_leaf': 1, 'min_samples_split': 2, 'min_weight_fraction_leaf': 0.0, 'monotonic_cst': None, 'n_estimators': 100, 'n_jobs': -1, 'oob_score': False, 'random_state': 42, 'verbose': 0, 'warm_start': False}",2025-08-14_220927
ExtraTrees,FT_vs_I,42,True,2,0.937007874015748,0.8769230769230769,experiment_results_statistical_IL_top_10_video_2025-08-14_220927_early_stop/extratrees_FT_vs_I_2025-08-14_220927_seed42_early_stop.pkl,"{'bootstrap': False, 'ccp_alpha': 0.0, 'class_weight': None, 'criterion': 'gini', 'max_depth': None, 'max_features': 'sqrt', 'max_leaf_nodes': None, 'max_samples': None, 'min_impurity_decrease': 0.0, 'min_samples_leaf': 1, 'min_samples_split': 2, 'min_weight_fraction_leaf': 0.0, 'monotonic_cst': None, 'n_estimators': 100, 'n_jobs': -1, 'oob_score': False, 'random_state': 42, 'verbose': 0, 'warm_start': False}",2025-08-14_220927
ExtraTrees,FT_vs_I,42,True,3,1.0,1.0,experiment_results_statistical_IL_top_10_video_2025-08-14_220927_early_stop/extratrees_FT_vs_I_2025-08-14_220927_seed42_early_stop.pkl,"{'bootstrap': False, 'ccp_alpha': 0.0, 'class_weight': None, 'criterion': 'gini', 'max_depth': None, 'max_features': 'sqrt', 'max_leaf_nodes': None, 'max_samples': None, 'min_impurity_decrease': 0.0, 'min_samples_leaf': 1, 'min_samples_split': 2, 'min_weight_fraction_leaf': 0.0, 'monotonic_cst': None, 'n_estimators': 100, 'n_jobs': -1, 'oob_score': False, 'random_state': 42, 'verbose': 0, 'warm_start': False}",2025-08-14_220927
ExtraTrees,FT_vs_I,42,True,4,1.0,1.0,experiment_results_statistical_IL_top_10_video_2025-08-14_220927_early_stop/extratrees_FT_vs_I_2025-08-14_220927_seed42_early_stop.pkl,"{'bootstrap': False, 'ccp_alpha': 0.0, 'class_weight': None, 'criterion': 'gini', 'max_depth': None, 'max_features': 'sqrt', 'max_leaf_nodes': None, 'max_samples': None, 'min_impurity_decrease': 0.0, 'min_samples_leaf': 1, 'min_samples_split': 2, 'min_weight_fraction_leaf': 0.0, 'monotonic_cst': None, 'n_estimators': 100, 'n_jobs': -1, 'oob_score': False, 'random_state': 42, 'verbose': 0, 'warm_start': False}",2025-08-14_220927
ExtraTrees,FT_vs_I,42,True,5,1.0,1.0,experiment_results_statistical_IL_top_10_video_2025-08-14_220927_early_stop/extratrees_FT_vs_I_2025-08-14_220927_seed42_early_stop.pkl,"{'bootstrap': False, 'ccp_alpha': 0.0, 'class_weight': None, 'criterion': 'gini', 'max_depth': None, 'max_features': 'sqrt', 'max_leaf_nodes': None, 'max_samples': None, 'min_impurity_decrease': 0.0, 'min_samples_leaf': 1, 'min_samples_split': 2, 'min_weight_fraction_leaf': 0.0, 'monotonic_cst': None, 'n_estimators': 100, 'n_jobs': -1, 'oob_score': False, 'random_state': 42, 'verbose': 0, 'warm_start': False}",2025-08-14_220927
GradientBoosting,FT_vs_I,42,True,1,0.8503937007874016,0.5076923076923077,experiment_results_statistical_IL_top_10_video_2025-08-14_220927_early_stop/gradientboosting_FT_vs_I_2025-08-14_220927_seed42_early_stop.pkl,"{'ccp_alpha': 0.0, 'criterion': 'friedman_mse', 'init': None, 'learning_rate': 0.1, 'loss': 'log_loss', 'max_depth': 3, 'max_features': None, 'max_leaf_nodes': None, 'min_impurity_decrease': 0.0, 'min_samples_leaf': 1, 'min_samples_split': 2, 'min_weight_fraction_leaf': 0.0, 'n_estimators': 100, 'n_iter_no_change': None, 'random_state': 42, 'subsample': 1.0, 'tol': 0.0001, 'validation_fraction': 0.1, 'verbose': 0, 'warm_start': False}",2025-08-14_220927
GradientBoosting,FT_vs_I,42,True,2,0.937007874015748,0.7230769230769231,experiment_results_statistical_IL_top_10_video_2025-08-14_220927_early_stop/gradientboosting_FT_vs_I_2025-08-14_220927_seed42_early_stop.pkl,"{'ccp_alpha': 0.0, 'criterion': 'friedman_mse', 'init': None, 'learning_rate': 0.1, 'loss': 'log_loss', 'max_depth': 3, 'max_features': None, 'max_leaf_nodes': None, 'min_impurity_decrease': 0.0, 'min_samples_leaf': 1, 'min_samples_split': 2, 'min_weight_fraction_leaf': 0.0, 'n_estimators': 100, 'n_iter_no_change': None, 'random_state': 42, 'subsample': 1.0, 'tol': 0.0001, 'validation_fraction': 0.1, 'verbose': 0, 'warm_start': False}",2025-08-14_220927
GradientBoosting,FT_vs_I,42,True,3,1.0,0.8923076923076924,experiment_results_statistical_IL_top_10_video_2025-08-14_220927_early_stop/gradientboosting_FT_vs_I_2025-08-14_220927_seed42_early_stop.pkl,"{'ccp_alpha': 0.0, 'criterion': 'friedman_mse', 'init': None, 'learning_rate': 0.1, 'loss': 'log_loss', 'max_depth': 3, 'max_features': None, 'max_leaf_nodes': None, 'min_impurity_decrease': 0.0, 'min_samples_leaf': 1, 'min_samples_split': 2, 'min_weight_fraction_leaf': 0.0, 'n_estimators': 100, 'n_iter_no_change': None, 'random_state': 42, 'subsample': 1.0, 'tol': 0.0001, 'validation_fraction': 0.1, 'verbose': 0, 'warm_start': False}",2025-08-14_220927
GradientBoosting,FT_vs_I,42,True,4,1.0,0.9230769230769231,experiment_results_statistical_IL_top_10_video_2025-08-14_220927_early_stop/gradientboosting_FT_vs_I_2025-08-14_220927_seed42_early_stop.pkl,"{'ccp_alpha': 0.0, 'criterion': 'friedman_mse', 'init': None, 'learning_rate': 0.1, 'loss': 'log_loss', 'max_depth': 3, 'max_features': None, 'max_leaf_nodes': None, 'min_impurity_decrease': 0.0, 'min_samples_leaf': 1, 'min_samples_split': 2, 'min_weight_fraction_leaf': 0.0, 'n_estimators': 100, 'n_iter_no_change': None, 'random_state': 42, 'subsample': 1.0, 'tol': 0.0001, 'validation_fraction': 0.1, 'verbose': 0, 'warm_start': False}",2025-08-14_220927
GradientBoosting,FT_vs_I,42,True,5,1.0,0.9538461538461539,experiment_results_statistical_IL_top_10_video_2025-08-14_220927_early_stop/gradientboosting_FT_vs_I_2025-08-14_220927_seed42_early_stop.pkl,"{'ccp_alpha': 0.0, 'criterion': 'friedman_mse', 'init': None, 'learning_rate': 0.1, 'loss': 'log_loss', 'max_depth': 3, 'max_features': None, 'max_leaf_nodes': None, 'min_impurity_decrease': 0.0, 'min_samples_leaf': 1, 'min_samples_split': 2, 'min_weight_fraction_leaf': 0.0, 'n_estimators': 100, 'n_iter_no_change': None, 'random_state': 42, 'subsample': 1.0, 'tol': 0.0001, 'validation_fraction': 0.1, 'verbose': 0, 'warm_start': False}",2025-08-14_220927
KNN,FT_vs_I,42,True,1,0.5511811023622047,0.3384615384615385,experiment_results_statistical_IL_top_10_video_2025-08-14_220927_early_stop/knn_FT_vs_I_2025-08-14_220927_seed42_early_stop.pkl,"{'algorithm': 'auto', 'leaf_size': 30, 'metric': 'minkowski', 'metric_params': None, 'n_jobs': -1, 'n_neighbors': 5, 'p': 2, 'weights': 'uniform'}",2025-08-14_220927
KNN,FT_vs_I,42,True,2,0.7795275590551181,0.7230769230769231,experiment_results_statistical_IL_top_10_video_2025-08-14_220927_early_stop/knn_FT_vs_I_2025-08-14_220927_seed42_early_stop.pkl,"{'algorithm': 'auto', 'leaf_size': 30, 'metric': 'minkowski', 'metric_params': None, 'n_jobs': -1, 'n_neighbors': 5, 'p': 2, 'weights': 'uniform'}",2025-08-14_220927
KNN,FT_vs_I,42,True,3,0.8818897637795275,0.7538461538461538,experiment_results_statistical_IL_top_10_video_2025-08-14_220927_early_stop/knn_FT_vs_I_2025-08-14_220927_seed42_early_stop.pkl,"{'algorithm': 'auto', 'leaf_size': 30, 'metric': 'minkowski', 'metric_params': None, 'n_jobs': -1, 'n_neighbors': 5, 'p': 2, 'weights': 'uniform'}",2025-08-14_220927
KNN,FT_vs_I,42,True,4,0.905511811023622,0.8153846153846154,experiment_results_statistical_IL_top_10_video_2025-08-14_220927_early_stop/knn_FT_vs_I_2025-08-14_220927_seed42_early_stop.pkl,"{'algorithm': 'auto', 'leaf_size': 30, 'metric': 'minkowski', 'metric_params': None, 'n_jobs': -1, 'n_neighbors': 5, 'p': 2, 'weights': 'uniform'}",2025-08-14_220927
KNN,FT_vs_I,42,True,5,0.905511811023622,0.8307692307692308,experiment_results_statistical_IL_top_10_video_2025-08-14_220927_early_stop/knn_FT_vs_I_2025-08-14_220927_seed42_early_stop.pkl,"{'algorithm': 'auto', 'leaf_size': 30, 'metric': 'minkowski', 'metric_params': None, 'n_jobs': -1, 'n_neighbors': 5, 'p': 2, 'weights': 'uniform'}",2025-08-14_220927
LogisticRegression,FT_vs_I,42,True,1,0.3779527559055118,0.3076923076923077,experiment_results_statistical_IL_top_10_video_2025-08-14_220927_early_stop/logisticregression_FT_vs_I_2025-08-14_220927_seed42_early_stop.pkl,"{'C': 1.0, 'class_weight': None, 'dual': False, 'fit_intercept': True, 'intercept_scaling': 1, 'l1_ratio': None, 'max_iter': 100, 'multi_class': 'deprecated', 'n_jobs': -1, 'penalty': 'l2', 'random_state': 42, 'solver': 'lbfgs', 'tol': 0.0001, 'verbose': 0, 'warm_start': False}",2025-08-14_220927
LogisticRegression,FT_vs_I,42,True,2,0.6299212598425197,0.5538461538461539,experiment_results_statistical_IL_top_10_video_2025-08-14_220927_early_stop/logisticregression_FT_vs_I_2025-08-14_220927_seed42_early_stop.pkl,"{'C': 1.0, 'class_weight': None, 'dual': False, 'fit_intercept': True, 'intercept_scaling': 1, 'l1_ratio': None, 'max_iter': 100, 'multi_class': 'deprecated', 'n_jobs': -1, 'penalty': 'l2', 'random_state': 42, 'solver': 'lbfgs', 'tol': 0.0001, 'verbose': 0, 'warm_start': False}",2025-08-14_220927
LogisticRegression,FT_vs_I,42,True,3,0.7952755905511811,0.7384615384615385,experiment_results_statistical_IL_top_10_video_2025-08-14_220927_early_stop/logisticregression_FT_vs_I_2025-08-14_220927_seed42_early_stop.pkl,"{'C': 1.0, 'class_weight': None, 'dual': False, 'fit_intercept': True, 'intercept_scaling': 1, 'l1_ratio': None, 'max_iter': 100, 'multi_class': 'deprecated', 'n_jobs': -1, 'penalty': 'l2', 'random_state': 42, 'solver': 'lbfgs', 'tol': 0.0001, 'verbose': 0, 'warm_start': False}",2025-08-14_220927
LogisticRegression,FT_vs_I,42,True,4,0.8188976377952756,0.7692307692307693,experiment_results_statistical_IL_top_10_video_2025-08-14_220927_early_stop/logisticregression_FT_vs_I_2025-08-14_220927_seed42_early_stop.pkl,"{'C': 1.0, 'class_weight': None, 'dual': False, 'fit_intercept': True, 'intercept_scaling': 1, 'l1_ratio': None, 'max_iter': 100, 'multi_class': 'deprecated', 'n_jobs': -1, 'penalty': 'l2', 'random_state': 42, 'solver': 'lbfgs', 'tol': 0.0001, 'verbose': 0, 'warm_start': False}",2025-08-14_220927
LogisticRegression,FT_vs_I,42,True,5,0.8346456692913385,0.8153846153846154,experiment_results_statistical_IL_top_10_video_2025-08-14_220927_early_stop/logisticregression_FT_vs_I_2025-08-14_220927_seed42_early_stop.pkl,"{'C': 1.0, 'class_weight': None, 'dual': False, 'fit_intercept': True, 'intercept_scaling': 1, 'l1_ratio': None, 'max_iter': 100, 'multi_class': 'deprecated', 'n_jobs': -1, 'penalty': 'l2', 'random_state': 42, 'solver': 'lbfgs', 'tol': 0.0001, 'verbose': 0, 'warm_start': False}",2025-08-14_220927
RandomForest,FT_vs_I,123,True,1,0.8503937007874016,0.6461538461538462,experiment_results_statistical_IL_top_10_video_2025-08-14_220927_early_stop/randomforest_FT_vs_I_2025-08-14_220927_seed123_early_stop.pkl,"{'bootstrap': True, 'max_depth': 10, 'max_features': 'log2', 'min_samples_leaf': 2, 'min_samples_split': 10, 'n_estimators': 300}",2025-08-14_220927
RandomForest,FT_vs_I,123,True,2,0.937007874015748,0.8923076923076924,experiment_results_statistical_IL_top_10_video_2025-08-14_220927_early_stop/randomforest_FT_vs_I_2025-08-14_220927_seed123_early_stop.pkl,"{'bootstrap': True, 'max_depth': 10, 'max_features': 'log2', 'min_samples_leaf': 2, 'min_samples_split': 10, 'n_estimators': 300}",2025-08-14_220927
RandomForest,FT_vs_I,123,True,3,1.0,1.0,experiment_results_statistical_IL_top_10_video_2025-08-14_220927_early_stop/randomforest_FT_vs_I_2025-08-14_220927_seed123_early_stop.pkl,"{'bootstrap': True, 'max_depth': 10, 'max_features': 'log2', 'min_samples_leaf': 2, 'min_samples_split': 10, 'n_estimators': 300}",2025-08-14_220927
RandomForest,FT_vs_I,123,True,4,1.0,1.0,experiment_results_statistical_IL_top_10_video_2025-08-14_220927_early_stop/randomforest_FT_vs_I_2025-08-14_220927_seed123_early_stop.pkl,"{'bootstrap': True, 'max_depth': 10, 'max_features': 'log2', 'min_samples_leaf': 2, 'min_samples_split': 10, 'n_estimators': 300}",2025-08-14_220927
RandomForest,FT_vs_I,123,True,5,1.0,1.0,experiment_results_statistical_IL_top_10_video_2025-08-14_220927_early_stop/randomforest_FT_vs_I_2025-08-14_220927_seed123_early_stop.pkl,"{'bootstrap': True, 'max_depth': 10, 'max_features': 'log2', 'min_samples_leaf': 2, 'min_samples_split': 10, 'n_estimators': 300}",2025-08-14_220927
XGBoost,FT_vs_I,123,True,1,0.8503937007874016,0.6153846153846154,experiment_results_statistical_IL_top_10_video_2025-08-14_220927_early_stop/xgboost_FT_vs_I_2025-08-14_220927_seed123_early_stop.pkl,"{'colsample_bytree': 0.8, 'device': 'cpu', 'learning_rate': 0.05, 'max_depth': 4, 'n_estimators': 1000, 'reg_lambda': 3, 'subsample': 0.8}",2025-08-14_220927
XGBoost,FT_vs_I,123,True,2,0.937007874015748,0.8461538461538461,experiment_results_statistical_IL_top_10_video_2025-08-14_220927_early_stop/xgboost_FT_vs_I_2025-08-14_220927_seed123_early_stop.pkl,"{'colsample_bytree': 0.8, 'device': 'cpu', 'learning_rate': 0.05, 'max_depth': 4, 'n_estimators': 1000, 'reg_lambda': 3, 'subsample': 0.8}",2025-08-14_220927
XGBoost,FT_vs_I,123,True,3,1.0,0.9846153846153847,experiment_results_statistical_IL_top_10_video_2025-08-14_220927_early_stop/xgboost_FT_vs_I_2025-08-14_220927_seed123_early_stop.pkl,"{'colsample_bytree': 0.8, 'device': 'cpu', 'learning_rate': 0.05, 'max_depth': 4, 'n_estimators': 1000, 'reg_lambda': 3, 'subsample': 0.8}",2025-08-14_220927
XGBoost,FT_vs_I,123,True,4,1.0,1.0,experiment_results_statistical_IL_top_10_video_2025-08-14_220927_early_stop/xgboost_FT_vs_I_2025-08-14_220927_seed123_early_stop.pkl,"{'colsample_bytree': 0.8, 'device': 'cpu', 'learning_rate': 0.05, 'max_depth': 4, 'n_estimators': 1000, 'reg_lambda': 3, 'subsample': 0.8}",2025-08-14_220927
XGBoost,FT_vs_I,123,True,5,1.0,1.0,experiment_results_statistical_IL_top_10_video_2025-08-14_220927_early_stop/xgboost_FT_vs_I_2025-08-14_220927_seed123_early_stop.pkl,"{'colsample_bytree': 0.8, 'device': 'cpu', 'learning_rate': 0.05, 'max_depth': 4, 'n_estimators': 1000, 'reg_lambda': 3, 'subsample': 0.8}",2025-08-14_220927
CatBoost,FT_vs_I,123,True,1,0.8503937007874016,0.6153846153846154,experiment_results_statistical_IL_top_10_video_2025-08-14_220927_early_stop/catboost_FT_vs_I_2025-08-14_220927_seed123_early_stop.pkl,"{'border_count': 32, 'depth': 4, 'iterations': 1000, 'l2_leaf_reg': 5, 'learning_rate': 0.1}",2025-08-14_220927
CatBoost,FT_vs_I,123,True,2,0.937007874015748,0.8923076923076924,experiment_results_statistical_IL_top_10_video_2025-08-14_220927_early_stop/catboost_FT_vs_I_2025-08-14_220927_seed123_early_stop.pkl,"{'border_count': 32, 'depth': 4, 'iterations': 1000, 'l2_leaf_reg': 5, 'learning_rate': 0.1}",2025-08-14_220927
CatBoost,FT_vs_I,123,True,3,1.0,1.0,experiment_results_statistical_IL_top_10_video_2025-08-14_220927_early_stop/catboost_FT_vs_I_2025-08-14_220927_seed123_early_stop.pkl,"{'border_count': 32, 'depth': 4, 'iterations': 1000, 'l2_leaf_reg': 5, 'learning_rate': 0.1}",2025-08-14_220927
CatBoost,FT_vs_I,123,True,4,1.0,1.0,experiment_results_statistical_IL_top_10_video_2025-08-14_220927_early_stop/catboost_FT_vs_I_2025-08-14_220927_seed123_early_stop.pkl,"{'border_count': 32, 'depth': 4, 'iterations': 1000, 'l2_leaf_reg': 5, 'learning_rate': 0.1}",2025-08-14_220927
CatBoost,FT_vs_I,123,True,5,1.0,1.0,experiment_results_statistical_IL_top_10_video_2025-08-14_220927_early_stop/catboost_FT_vs_I_2025-08-14_220927_seed123_early_stop.pkl,"{'border_count': 32, 'depth': 4, 'iterations': 1000, 'l2_leaf_reg': 5, 'learning_rate': 0.1}",2025-08-14_220927
SVM,FT_vs_I,123,True,1,0.5039370078740157,0.46153846153846156,experiment_results_statistical_IL_top_10_video_2025-08-14_220927_early_stop/svm_FT_vs_I_2025-08-14_220927_seed123_early_stop.pkl,"{'C': 1, 'decision_function_shape': 'ovo', 'gamma': 'scale', 'kernel': 'rbf'}",2025-08-14_220927
SVM,FT_vs_I,123,True,2,0.6929133858267716,0.676923076923077,experiment_results_statistical_IL_top_10_video_2025-08-14_220927_early_stop/svm_FT_vs_I_2025-08-14_220927_seed123_early_stop.pkl,"{'C': 1, 'decision_function_shape': 'ovo', 'gamma': 'scale', 'kernel': 'rbf'}",2025-08-14_220927
SVM,FT_vs_I,123,True,3,0.984251968503937,0.9076923076923077,experiment_results_statistical_IL_top_10_video_2025-08-14_220927_early_stop/svm_FT_vs_I_2025-08-14_220927_seed123_early_stop.pkl,"{'C': 1, 'decision_function_shape': 'ovo', 'gamma': 'scale', 'kernel': 'rbf'}",2025-08-14_220927
SVM,FT_vs_I,123,True,4,1.0,0.9538461538461539,experiment_results_statistical_IL_top_10_video_2025-08-14_220927_early_stop/svm_FT_vs_I_2025-08-14_220927_seed123_early_stop.pkl,"{'C': 1, 'decision_function_shape': 'ovo', 'gamma': 'scale', 'kernel': 'rbf'}",2025-08-14_220927
SVM,FT_vs_I,123,True,5,1.0,0.9846153846153847,experiment_results_statistical_IL_top_10_video_2025-08-14_220927_early_stop/svm_FT_vs_I_2025-08-14_220927_seed123_early_stop.pkl,"{'C': 1, 'decision_function_shape': 'ovo', 'gamma': 'scale', 'kernel': 'rbf'}",2025-08-14_220927
MLP,FT_vs_I,123,True,1,0.09448818897637795,0.09230769230769231,experiment_results_statistical_IL_top_10_video_2025-08-14_220927_early_stop/mlp_FT_vs_I_2025-08-14_220927_seed123_early_stop.pkl,"{'activation': 'tanh', 'alpha': 0.0001, 'batch_size': 16, 'early_stopping': True, 'hidden_layer_sizes': [50], 'learning_rate': 'constant', 'learning_rate_init': 0.01, 'max_iter': 2000, 'solver': 'adam'}",2025-08-14_220927
MLP,FT_vs_I,123,True,2,0.1889763779527559,0.18461538461538463,experiment_results_statistical_IL_top_10_video_2025-08-14_220927_early_stop/mlp_FT_vs_I_2025-08-14_220927_seed123_early_stop.pkl,"{'activation': 'tanh', 'alpha': 0.0001, 'batch_size': 16, 'early_stopping': True, 'hidden_layer_sizes': [50], 'learning_rate': 'constant', 'learning_rate_init': 0.01, 'max_iter': 2000, 'solver': 'adam'}",2025-08-14_220927
MLP,FT_vs_I,123,True,3,0.28346456692913385,0.27692307692307694,experiment_results_statistical_IL_top_10_video_2025-08-14_220927_early_stop/mlp_FT_vs_I_2025-08-14_220927_seed123_early_stop.pkl,"{'activation': 'tanh', 'alpha': 0.0001, 'batch_size': 16, 'early_stopping': True, 'hidden_layer_sizes': [50], 'learning_rate': 'constant', 'learning_rate_init': 0.01, 'max_iter': 2000, 'solver': 'adam'}",2025-08-14_220927
MLP,FT_vs_I,123,True,4,0.3779527559055118,0.36923076923076925,experiment_results_statistical_IL_top_10_video_2025-08-14_220927_early_stop/mlp_FT_vs_I_2025-08-14_220927_seed123_early_stop.pkl,"{'activation': 'tanh', 'alpha': 0.0001, 'batch_size': 16, 'early_stopping': True, 'hidden_layer_sizes': [50], 'learning_rate': 'constant', 'learning_rate_init': 0.01, 'max_iter': 2000, 'solver': 'adam'}",2025-08-14_220927
MLP,FT_vs_I,123,True,5,0.4645669291338583,0.4461538461538462,experiment_results_statistical_IL_top_10_video_2025-08-14_220927_early_stop/mlp_FT_vs_I_2025-08-14_220927_seed123_early_stop.pkl,"{'activation': 'tanh', 'alpha': 0.0001, 'batch_size': 16, 'early_stopping': True, 'hidden_layer_sizes': [50], 'learning_rate': 'constant', 'learning_rate_init': 0.01, 'max_iter': 2000, 'solver': 'adam'}",2025-08-14_220927
NaiveBayes,FT_vs_I,123,True,1,0.7874015748031497,0.5384615384615384,experiment_results_statistical_IL_top_10_video_2025-08-14_220927_early_stop/naivebayes_FT_vs_I_2025-08-14_220927_seed123_early_stop.pkl,"{'priors': None, 'var_smoothing': 1e-09}",2025-08-14_220927
NaiveBayes,FT_vs_I,123,True,2,0.937007874015748,0.7538461538461538,experiment_results_statistical_IL_top_10_video_2025-08-14_220927_early_stop/naivebayes_FT_vs_I_2025-08-14_220927_seed123_early_stop.pkl,"{'priors': None, 'var_smoothing': 1e-09}",2025-08-14_220927
NaiveBayes,FT_vs_I,123,True,3,1.0,0.8769230769230769,experiment_results_statistical_IL_top_10_video_2025-08-14_220927_early_stop/naivebayes_FT_vs_I_2025-08-14_220927_seed123_early_stop.pkl,"{'priors': None, 'var_smoothing': 1e-09}",2025-08-14_220927
NaiveBayes,FT_vs_I,123,True,4,1.0,0.9076923076923077,experiment_results_statistical_IL_top_10_video_2025-08-14_220927_early_stop/naivebayes_FT_vs_I_2025-08-14_220927_seed123_early_stop.pkl,"{'priors': None, 'var_smoothing': 1e-09}",2025-08-14_220927
NaiveBayes,FT_vs_I,123,True,5,1.0,0.9538461538461539,experiment_results_statistical_IL_top_10_video_2025-08-14_220927_early_stop/naivebayes_FT_vs_I_2025-08-14_220927_seed123_early_stop.pkl,"{'priors': None, 'var_smoothing': 1e-09}",2025-08-14_220927
LightGBM,FT_vs_I,123,True,1,0.8503937007874016,0.5384615384615384,experiment_results_statistical_IL_top_10_video_2025-08-14_220927_early_stop/lightgbm_FT_vs_I_2025-08-14_220927_seed123_early_stop.pkl,"{'boosting_type': 'gbdt', 'class_weight': None, 'colsample_bytree': 1.0, 'importance_type': 'split', 'learning_rate': 0.1, 'max_depth': -1, 'min_child_samples': 20, 'min_child_weight': 0.001, 'min_split_gain': 0.0, 'n_estimators': 100, 'n_jobs': -1, 'num_leaves': 31, 'objective': None, 'random_state': 123, 'reg_alpha': 0.0, 'reg_lambda': 0.0, 'subsample': 1.0, 'subsample_for_bin': 200000, 'subsample_freq': 0, 'verbose': -1}",2025-08-14_220927
LightGBM,FT_vs_I,123,True,2,0.937007874015748,0.7538461538461538,experiment_results_statistical_IL_top_10_video_2025-08-14_220927_early_stop/lightgbm_FT_vs_I_2025-08-14_220927_seed123_early_stop.pkl,"{'boosting_type': 'gbdt', 'class_weight': None, 'colsample_bytree': 1.0, 'importance_type': 'split', 'learning_rate': 0.1, 'max_depth': -1, 'min_child_samples': 20, 'min_child_weight': 0.001, 'min_split_gain': 0.0, 'n_estimators': 100, 'n_jobs': -1, 'num_leaves': 31, 'objective': None, 'random_state': 123, 'reg_alpha': 0.0, 'reg_lambda': 0.0, 'subsample': 1.0, 'subsample_for_bin': 200000, 'subsample_freq': 0, 'verbose': -1}",2025-08-14_220927
LightGBM,FT_vs_I,123,True,3,1.0,0.8769230769230769,experiment_results_statistical_IL_top_10_video_2025-08-14_220927_early_stop/lightgbm_FT_vs_I_2025-08-14_220927_seed123_early_stop.pkl,"{'boosting_type': 'gbdt', 'class_weight': None, 'colsample_bytree': 1.0, 'importance_type': 'split', 'learning_rate': 0.1, 'max_depth': -1, 'min_child_samples': 20, 'min_child_weight': 0.001, 'min_split_gain': 0.0, 'n_estimators': 100, 'n_jobs': -1, 'num_leaves': 31, 'objective': None, 'random_state': 123, 'reg_alpha': 0.0, 'reg_lambda': 0.0, 'subsample': 1.0, 'subsample_for_bin': 200000, 'subsample_freq': 0, 'verbose': -1}",2025-08-14_220927
LightGBM,FT_vs_I,123,True,4,1.0,0.8769230769230769,experiment_results_statistical_IL_top_10_video_2025-08-14_220927_early_stop/lightgbm_FT_vs_I_2025-08-14_220927_seed123_early_stop.pkl,"{'boosting_type': 'gbdt', 'class_weight': None, 'colsample_bytree': 1.0, 'importance_type': 'split', 'learning_rate': 0.1, 'max_depth': -1, 'min_child_samples': 20, 'min_child_weight': 0.001, 'min_split_gain': 0.0, 'n_estimators': 100, 'n_jobs': -1, 'num_leaves': 31, 'objective': None, 'random_state': 123, 'reg_alpha': 0.0, 'reg_lambda': 0.0, 'subsample': 1.0, 'subsample_for_bin': 200000, 'subsample_freq': 0, 'verbose': -1}",2025-08-14_220927
LightGBM,FT_vs_I,123,True,5,1.0,0.9692307692307692,experiment_results_statistical_IL_top_10_video_2025-08-14_220927_early_stop/lightgbm_FT_vs_I_2025-08-14_220927_seed123_early_stop.pkl,"{'boosting_type': 'gbdt', 'class_weight': None, 'colsample_bytree': 1.0, 'importance_type': 'split', 'learning_rate': 0.1, 'max_depth': -1, 'min_child_samples': 20, 'min_child_weight': 0.001, 'min_split_gain': 0.0, 'n_estimators': 100, 'n_jobs': -1, 'num_leaves': 31, 'objective': None, 'random_state': 123, 'reg_alpha': 0.0, 'reg_lambda': 0.0, 'subsample': 1.0, 'subsample_for_bin': 200000, 'subsample_freq': 0, 'verbose': -1}",2025-08-14_220927
ExtraTrees,FT_vs_I,123,True,1,0.8503937007874016,0.5846153846153846,experiment_results_statistical_IL_top_10_video_2025-08-14_220927_early_stop/extratrees_FT_vs_I_2025-08-14_220927_seed123_early_stop.pkl,"{'bootstrap': False, 'ccp_alpha': 0.0, 'class_weight': None, 'criterion': 'gini', 'max_depth': None, 'max_features': 'sqrt', 'max_leaf_nodes': None, 'max_samples': None, 'min_impurity_decrease': 0.0, 'min_samples_leaf': 1, 'min_samples_split': 2, 'min_weight_fraction_leaf': 0.0, 'monotonic_cst': None, 'n_estimators': 100, 'n_jobs': -1, 'oob_score': False, 'random_state': 123, 'verbose': 0, 'warm_start': False}",2025-08-14_220927
ExtraTrees,FT_vs_I,123,True,2,0.937007874015748,0.8615384615384616,experiment_results_statistical_IL_top_10_video_2025-08-14_220927_early_stop/extratrees_FT_vs_I_2025-08-14_220927_seed123_early_stop.pkl,"{'bootstrap': False, 'ccp_alpha': 0.0, 'class_weight': None, 'criterion': 'gini', 'max_depth': None, 'max_features': 'sqrt', 'max_leaf_nodes': None, 'max_samples': None, 'min_impurity_decrease': 0.0, 'min_samples_leaf': 1, 'min_samples_split': 2, 'min_weight_fraction_leaf': 0.0, 'monotonic_cst': None, 'n_estimators': 100, 'n_jobs': -1, 'oob_score': False, 'random_state': 123, 'verbose': 0, 'warm_start': False}",2025-08-14_220927
ExtraTrees,FT_vs_I,123,True,3,1.0,1.0,experiment_results_statistical_IL_top_10_video_2025-08-14_220927_early_stop/extratrees_FT_vs_I_2025-08-14_220927_seed123_early_stop.pkl,"{'bootstrap': False, 'ccp_alpha': 0.0, 'class_weight': None, 'criterion': 'gini', 'max_depth': None, 'max_features': 'sqrt', 'max_leaf_nodes': None, 'max_samples': None, 'min_impurity_decrease': 0.0, 'min_samples_leaf': 1, 'min_samples_split': 2, 'min_weight_fraction_leaf': 0.0, 'monotonic_cst': None, 'n_estimators': 100, 'n_jobs': -1, 'oob_score': False, 'random_state': 123, 'verbose': 0, 'warm_start': False}",2025-08-14_220927
ExtraTrees,FT_vs_I,123,True,4,1.0,1.0,experiment_results_statistical_IL_top_10_video_2025-08-14_220927_early_stop/extratrees_FT_vs_I_2025-08-14_220927_seed123_early_stop.pkl,"{'bootstrap': False, 'ccp_alpha': 0.0, 'class_weight': None, 'criterion': 'gini', 'max_depth': None, 'max_features': 'sqrt', 'max_leaf_nodes': None, 'max_samples': None, 'min_impurity_decrease': 0.0, 'min_samples_leaf': 1, 'min_samples_split': 2, 'min_weight_fraction_leaf': 0.0, 'monotonic_cst': None, 'n_estimators': 100, 'n_jobs': -1, 'oob_score': False, 'random_state': 123, 'verbose': 0, 'warm_start': False}",2025-08-14_220927
ExtraTrees,FT_vs_I,123,True,5,1.0,1.0,experiment_results_statistical_IL_top_10_video_2025-08-14_220927_early_stop/extratrees_FT_vs_I_2025-08-14_220927_seed123_early_stop.pkl,"{'bootstrap': False, 'ccp_alpha': 0.0, 'class_weight': None, 'criterion': 'gini', 'max_depth': None, 'max_features': 'sqrt', 'max_leaf_nodes': None, 'max_samples': None, 'min_impurity_decrease': 0.0, 'min_samples_leaf': 1, 'min_samples_split': 2, 'min_weight_fraction_leaf': 0.0, 'monotonic_cst': None, 'n_estimators': 100, 'n_jobs': -1, 'oob_score': False, 'random_state': 123, 'verbose': 0, 'warm_start': False}",2025-08-14_220927
GradientBoosting,FT_vs_I,123,True,1,0.8503937007874016,0.5230769230769231,experiment_results_statistical_IL_top_10_video_2025-08-14_220927_early_stop/gradientboosting_FT_vs_I_2025-08-14_220927_seed123_early_stop.pkl,"{'ccp_alpha': 0.0, 'criterion': 'friedman_mse', 'init': None, 'learning_rate': 0.1, 'loss': 'log_loss', 'max_depth': 3, 'max_features': None, 'max_leaf_nodes': None, 'min_impurity_decrease': 0.0, 'min_samples_leaf': 1, 'min_samples_split': 2, 'min_weight_fraction_leaf': 0.0, 'n_estimators': 100, 'n_iter_no_change': None, 'random_state': 123, 'subsample': 1.0, 'tol': 0.0001, 'validation_fraction': 0.1, 'verbose': 0, 'warm_start': False}",2025-08-14_220927
GradientBoosting,FT_vs_I,123,True,2,0.937007874015748,0.7076923076923077,experiment_results_statistical_IL_top_10_video_2025-08-14_220927_early_stop/gradientboosting_FT_vs_I_2025-08-14_220927_seed123_early_stop.pkl,"{'ccp_alpha': 0.0, 'criterion': 'friedman_mse', 'init': None, 'learning_rate': 0.1, 'loss': 'log_loss', 'max_depth': 3, 'max_features': None, 'max_leaf_nodes': None, 'min_impurity_decrease': 0.0, 'min_samples_leaf': 1, 'min_samples_split': 2, 'min_weight_fraction_leaf': 0.0, 'n_estimators': 100, 'n_iter_no_change': None, 'random_state': 123, 'subsample': 1.0, 'tol': 0.0001, 'validation_fraction': 0.1, 'verbose': 0, 'warm_start': False}",2025-08-14_220927
GradientBoosting,FT_vs_I,123,True,3,1.0,0.8769230769230769,experiment_results_statistical_IL_top_10_video_2025-08-14_220927_early_stop/gradientboosting_FT_vs_I_2025-08-14_220927_seed123_early_stop.pkl,"{'ccp_alpha': 0.0, 'criterion': 'friedman_mse', 'init': None, 'learning_rate': 0.1, 'loss': 'log_loss', 'max_depth': 3, 'max_features': None, 'max_leaf_nodes': None, 'min_impurity_decrease': 0.0, 'min_samples_leaf': 1, 'min_samples_split': 2, 'min_weight_fraction_leaf': 0.0, 'n_estimators': 100, 'n_iter_no_change': None, 'random_state': 123, 'subsample': 1.0, 'tol': 0.0001, 'validation_fraction': 0.1, 'verbose': 0, 'warm_start': False}",2025-08-14_220927
GradientBoosting,FT_vs_I,123,True,4,1.0,0.9230769230769231,experiment_results_statistical_IL_top_10_video_2025-08-14_220927_early_stop/gradientboosting_FT_vs_I_2025-08-14_220927_seed123_early_stop.pkl,"{'ccp_alpha': 0.0, 'criterion': 'friedman_mse', 'init': None, 'learning_rate': 0.1, 'loss': 'log_loss', 'max_depth': 3, 'max_features': None, 'max_leaf_nodes': None, 'min_impurity_decrease': 0.0, 'min_samples_leaf': 1, 'min_samples_split': 2, 'min_weight_fraction_leaf': 0.0, 'n_estimators': 100, 'n_iter_no_change': None, 'random_state': 123, 'subsample': 1.0, 'tol': 0.0001, 'validation_fraction': 0.1, 'verbose': 0, 'warm_start': False}",2025-08-14_220927
GradientBoosting,FT_vs_I,123,True,5,1.0,0.9538461538461539,experiment_results_statistical_IL_top_10_video_2025-08-14_220927_early_stop/gradientboosting_FT_vs_I_2025-08-14_220927_seed123_early_stop.pkl,"{'ccp_alpha': 0.0, 'criterion': 'friedman_mse', 'init': None, 'learning_rate': 0.1, 'loss': 'log_loss', 'max_depth': 3, 'max_features': None, 'max_leaf_nodes': None, 'min_impurity_decrease': 0.0, 'min_samples_leaf': 1, 'min_samples_split': 2, 'min_weight_fraction_leaf': 0.0, 'n_estimators': 100, 'n_iter_no_change': None, 'random_state': 123, 'subsample': 1.0, 'tol': 0.0001, 'validation_fraction': 0.1, 'verbose': 0, 'warm_start': False}",2025-08-14_220927
KNN,FT_vs_I,123,True,1,0.5511811023622047,0.3384615384615385,experiment_results_statistical_IL_top_10_video_2025-08-14_220927_early_stop/knn_FT_vs_I_2025-08-14_220927_seed123_early_stop.pkl,"{'algorithm': 'auto', 'leaf_size': 30, 'metric': 'minkowski', 'metric_params': None, 'n_jobs': -1, 'n_neighbors': 5, 'p': 2, 'weights': 'uniform'}",2025-08-14_220927
KNN,FT_vs_I,123,True,2,0.7795275590551181,0.7230769230769231,experiment_results_statistical_IL_top_10_video_2025-08-14_220927_early_stop/knn_FT_vs_I_2025-08-14_220927_seed123_early_stop.pkl,"{'algorithm': 'auto', 'leaf_size': 30, 'metric': 'minkowski', 'metric_params': None, 'n_jobs': -1, 'n_neighbors': 5, 'p': 2, 'weights': 'uniform'}",2025-08-14_220927
KNN,FT_vs_I,123,True,3,0.8818897637795275,0.7538461538461538,experiment_results_statistical_IL_top_10_video_2025-08-14_220927_early_stop/knn_FT_vs_I_2025-08-14_220927_seed123_early_stop.pkl,"{'algorithm': 'auto', 'leaf_size': 30, 'metric': 'minkowski', 'metric_params': None, 'n_jobs': -1, 'n_neighbors': 5, 'p': 2, 'weights': 'uniform'}",2025-08-14_220927
KNN,FT_vs_I,123,True,4,0.905511811023622,0.8153846153846154,experiment_results_statistical_IL_top_10_video_2025-08-14_220927_early_stop/knn_FT_vs_I_2025-08-14_220927_seed123_early_stop.pkl,"{'algorithm': 'auto', 'leaf_size': 30, 'metric': 'minkowski', 'metric_params': None, 'n_jobs': -1, 'n_neighbors': 5, 'p': 2, 'weights': 'uniform'}",2025-08-14_220927
KNN,FT_vs_I,123,True,5,0.905511811023622,0.8307692307692308,experiment_results_statistical_IL_top_10_video_2025-08-14_220927_early_stop/knn_FT_vs_I_2025-08-14_220927_seed123_early_stop.pkl,"{'algorithm': 'auto', 'leaf_size': 30, 'metric': 'minkowski', 'metric_params': None, 'n_jobs': -1, 'n_neighbors': 5, 'p': 2, 'weights': 'uniform'}",2025-08-14_220927
LogisticRegression,FT_vs_I,123,True,1,0.3779527559055118,0.3076923076923077,experiment_results_statistical_IL_top_10_video_2025-08-14_220927_early_stop/logisticregression_FT_vs_I_2025-08-14_220927_seed123_early_stop.pkl,"{'C': 1.0, 'class_weight': None, 'dual': False, 'fit_intercept': True, 'intercept_scaling': 1, 'l1_ratio': None, 'max_iter': 100, 'multi_class': 'deprecated', 'n_jobs': -1, 'penalty': 'l2', 'random_state': 123, 'solver': 'lbfgs', 'tol': 0.0001, 'verbose': 0, 'warm_start': False}",2025-08-14_220927
LogisticRegression,FT_vs_I,123,True,2,0.6299212598425197,0.5538461538461539,experiment_results_statistical_IL_top_10_video_2025-08-14_220927_early_stop/logisticregression_FT_vs_I_2025-08-14_220927_seed123_early_stop.pkl,"{'C': 1.0, 'class_weight': None, 'dual': False, 'fit_intercept': True, 'intercept_scaling': 1, 'l1_ratio': None, 'max_iter': 100, 'multi_class': 'deprecated', 'n_jobs': -1, 'penalty': 'l2', 'random_state': 123, 'solver': 'lbfgs', 'tol': 0.0001, 'verbose': 0, 'warm_start': False}",2025-08-14_220927
LogisticRegression,FT_vs_I,123,True,3,0.7952755905511811,0.7384615384615385,experiment_results_statistical_IL_top_10_video_2025-08-14_220927_early_stop/logisticregression_FT_vs_I_2025-08-14_220927_seed123_early_stop.pkl,"{'C': 1.0, 'class_weight': None, 'dual': False, 'fit_intercept': True, 'intercept_scaling': 1, 'l1_ratio': None, 'max_iter': 100, 'multi_class': 'deprecated', 'n_jobs': -1, 'penalty': 'l2', 'random_state': 123, 'solver': 'lbfgs', 'tol': 0.0001, 'verbose': 0, 'warm_start': False}",2025-08-14_220927
LogisticRegression,FT_vs_I,123,True,4,0.8188976377952756,0.7692307692307693,experiment_results_statistical_IL_top_10_video_2025-08-14_220927_early_stop/logisticregression_FT_vs_I_2025-08-14_220927_seed123_early_stop.pkl,"{'C': 1.0, 'class_weight': None, 'dual': False, 'fit_intercept': True, 'intercept_scaling': 1, 'l1_ratio': None, 'max_iter': 100, 'multi_class': 'deprecated', 'n_jobs': -1, 'penalty': 'l2', 'random_state': 123, 'solver': 'lbfgs', 'tol': 0.0001, 'verbose': 0, 'warm_start': False}",2025-08-14_220927
LogisticRegression,FT_vs_I,123,True,5,0.8346456692913385,0.8153846153846154,experiment_results_statistical_IL_top_10_video_2025-08-14_220927_early_stop/logisticregression_FT_vs_I_2025-08-14_220927_seed123_early_stop.pkl,"{'C': 1.0, 'class_weight': None, 'dual': False, 'fit_intercept': True, 'intercept_scaling': 1, 'l1_ratio': None, 'max_iter': 100, 'multi_class': 'deprecated', 'n_jobs': -1, 'penalty': 'l2', 'random_state': 123, 'solver': 'lbfgs', 'tol': 0.0001, 'verbose': 0, 'warm_start': False}",2025-08-14_220927
RandomForest,FT_vs_I,456,True,1,0.8503937007874016,0.6461538461538462,experiment_results_statistical_IL_top_10_video_2025-08-14_220927_early_stop/randomforest_FT_vs_I_2025-08-14_220927_seed456_early_stop.pkl,"{'bootstrap': False, 'max_depth': 10, 'max_features': 'sqrt', 'min_samples_leaf': 2, 'min_samples_split': 10, 'n_estimators': 100}",2025-08-14_220927
RandomForest,FT_vs_I,456,True,2,0.937007874015748,0.8769230769230769,experiment_results_statistical_IL_top_10_video_2025-08-14_220927_early_stop/randomforest_FT_vs_I_2025-08-14_220927_seed456_early_stop.pkl,"{'bootstrap': False, 'max_depth': 10, 'max_features': 'sqrt', 'min_samples_leaf': 2, 'min_samples_split': 10, 'n_estimators': 100}",2025-08-14_220927
RandomForest,FT_vs_I,456,True,3,1.0,1.0,experiment_results_statistical_IL_top_10_video_2025-08-14_220927_early_stop/randomforest_FT_vs_I_2025-08-14_220927_seed456_early_stop.pkl,"{'bootstrap': False, 'max_depth': 10, 'max_features': 'sqrt', 'min_samples_leaf': 2, 'min_samples_split': 10, 'n_estimators': 100}",2025-08-14_220927
RandomForest,FT_vs_I,456,True,4,1.0,1.0,experiment_results_statistical_IL_top_10_video_2025-08-14_220927_early_stop/randomforest_FT_vs_I_2025-08-14_220927_seed456_early_stop.pkl,"{'bootstrap': False, 'max_depth': 10, 'max_features': 'sqrt', 'min_samples_leaf': 2, 'min_samples_split': 10, 'n_estimators': 100}",2025-08-14_220927
RandomForest,FT_vs_I,456,True,5,1.0,1.0,experiment_results_statistical_IL_top_10_video_2025-08-14_220927_early_stop/randomforest_FT_vs_I_2025-08-14_220927_seed456_early_stop.pkl,"{'bootstrap': False, 'max_depth': 10, 'max_features': 'sqrt', 'min_samples_leaf': 2, 'min_samples_split': 10, 'n_estimators': 100}",2025-08-14_220927
XGBoost,FT_vs_I,456,True,1,0.8503937007874016,0.5846153846153846,experiment_results_statistical_IL_top_10_video_2025-08-14_220927_early_stop/xgboost_FT_vs_I_2025-08-14_220927_seed456_early_stop.pkl,"{'colsample_bytree': 1.0, 'device': 'cpu', 'learning_rate': 0.05, 'max_depth': 4, 'n_estimators': 1000, 'reg_lambda': 3, 'subsample': 0.8}",2025-08-14_220927
XGBoost,FT_vs_I,456,True,2,0.937007874015748,0.8615384615384616,experiment_results_statistical_IL_top_10_video_2025-08-14_220927_early_stop/xgboost_FT_vs_I_2025-08-14_220927_seed456_early_stop.pkl,"{'colsample_bytree': 1.0, 'device': 'cpu', 'learning_rate': 0.05, 'max_depth': 4, 'n_estimators': 1000, 'reg_lambda': 3, 'subsample': 0.8}",2025-08-14_220927
XGBoost,FT_vs_I,456,True,3,1.0,0.9846153846153847,experiment_results_statistical_IL_top_10_video_2025-08-14_220927_early_stop/xgboost_FT_vs_I_2025-08-14_220927_seed456_early_stop.pkl,"{'colsample_bytree': 1.0, 'device': 'cpu', 'learning_rate': 0.05, 'max_depth': 4, 'n_estimators': 1000, 'reg_lambda': 3, 'subsample': 0.8}",2025-08-14_220927
XGBoost,FT_vs_I,456,True,4,1.0,1.0,experiment_results_statistical_IL_top_10_video_2025-08-14_220927_early_stop/xgboost_FT_vs_I_2025-08-14_220927_seed456_early_stop.pkl,"{'colsample_bytree': 1.0, 'device': 'cpu', 'learning_rate': 0.05, 'max_depth': 4, 'n_estimators': 1000, 'reg_lambda': 3, 'subsample': 0.8}",2025-08-14_220927
XGBoost,FT_vs_I,456,True,5,1.0,1.0,experiment_results_statistical_IL_top_10_video_2025-08-14_220927_early_stop/xgboost_FT_vs_I_2025-08-14_220927_seed456_early_stop.pkl,"{'colsample_bytree': 1.0, 'device': 'cpu', 'learning_rate': 0.05, 'max_depth': 4, 'n_estimators': 1000, 'reg_lambda': 3, 'subsample': 0.8}",2025-08-14_220927
CatBoost,FT_vs_I,456,True,1,0.8503937007874016,0.6461538461538462,experiment_results_statistical_IL_top_10_video_2025-08-14_220927_early_stop/catboost_FT_vs_I_2025-08-14_220927_seed456_early_stop.pkl,"{'border_count': 32, 'depth': 6, 'iterations': 1000, 'l2_leaf_reg': 1, 'learning_rate': 0.1}",2025-08-14_220927
CatBoost,FT_vs_I,456,True,2,0.937007874015748,0.8923076923076924,experiment_results_statistical_IL_top_10_video_2025-08-14_220927_early_stop/catboost_FT_vs_I_2025-08-14_220927_seed456_early_stop.pkl,"{'border_count': 32, 'depth': 6, 'iterations': 1000, 'l2_leaf_reg': 1, 'learning_rate': 0.1}",2025-08-14_220927
CatBoost,FT_vs_I,456,True,3,1.0,1.0,experiment_results_statistical_IL_top_10_video_2025-08-14_220927_early_stop/catboost_FT_vs_I_2025-08-14_220927_seed456_early_stop.pkl,"{'border_count': 32, 'depth': 6, 'iterations': 1000, 'l2_leaf_reg': 1, 'learning_rate': 0.1}",2025-08-14_220927
CatBoost,FT_vs_I,456,True,4,1.0,1.0,experiment_results_statistical_IL_top_10_video_2025-08-14_220927_early_stop/catboost_FT_vs_I_2025-08-14_220927_seed456_early_stop.pkl,"{'border_count': 32, 'depth': 6, 'iterations': 1000, 'l2_leaf_reg': 1, 'learning_rate': 0.1}",2025-08-14_220927
CatBoost,FT_vs_I,456,True,5,1.0,1.0,experiment_results_statistical_IL_top_10_video_2025-08-14_220927_early_stop/catboost_FT_vs_I_2025-08-14_220927_seed456_early_stop.pkl,"{'border_count': 32, 'depth': 6, 'iterations': 1000, 'l2_leaf_reg': 1, 'learning_rate': 0.1}",2025-08-14_220927
SVM,FT_vs_I,456,True,1,0.49606299212598426,0.46153846153846156,experiment_results_statistical_IL_top_10_video_2025-08-14_220927_early_stop/svm_FT_vs_I_2025-08-14_220927_seed456_early_stop.pkl,"{'C': 1, 'decision_function_shape': 'ovo', 'gamma': 'scale', 'kernel': 'rbf'}",2025-08-14_220927
SVM,FT_vs_I,456,True,2,0.7007874015748031,0.7076923076923077,experiment_results_statistical_IL_top_10_video_2025-08-14_220927_early_stop/svm_FT_vs_I_2025-08-14_220927_seed456_early_stop.pkl,"{'C': 1, 'decision_function_shape': 'ovo', 'gamma': 'scale', 'kernel': 'rbf'}",2025-08-14_220927
SVM,FT_vs_I,456,True,3,0.984251968503937,0.9076923076923077,experiment_results_statistical_IL_top_10_video_2025-08-14_220927_early_stop/svm_FT_vs_I_2025-08-14_220927_seed456_early_stop.pkl,"{'C': 1, 'decision_function_shape': 'ovo', 'gamma': 'scale', 'kernel': 'rbf'}",2025-08-14_220927
SVM,FT_vs_I,456,True,4,1.0,0.9538461538461539,experiment_results_statistical_IL_top_10_video_2025-08-14_220927_early_stop/svm_FT_vs_I_2025-08-14_220927_seed456_early_stop.pkl,"{'C': 1, 'decision_function_shape': 'ovo', 'gamma': 'scale', 'kernel': 'rbf'}",2025-08-14_220927
SVM,FT_vs_I,456,True,5,1.0,0.9846153846153847,experiment_results_statistical_IL_top_10_video_2025-08-14_220927_early_stop/svm_FT_vs_I_2025-08-14_220927_seed456_early_stop.pkl,"{'C': 1, 'decision_function_shape': 'ovo', 'gamma': 'scale', 'kernel': 'rbf'}",2025-08-14_220927
MLP,FT_vs_I,456,True,1,0.09448818897637795,0.09230769230769231,experiment_results_statistical_IL_top_10_video_2025-08-14_220927_early_stop/mlp_FT_vs_I_2025-08-14_220927_seed456_early_stop.pkl,"{'activation': 'relu', 'alpha': 0.0001, 'batch_size': 36, 'early_stopping': True, 'hidden_layer_sizes': [50], 'learning_rate': 'constant', 'learning_rate_init': 0.001, 'max_iter': 2000, 'solver': 'adam'}",2025-08-14_220927
MLP,FT_vs_I,456,True,2,0.18110236220472442,0.16923076923076924,experiment_results_statistical_IL_top_10_video_2025-08-14_220927_early_stop/mlp_FT_vs_I_2025-08-14_220927_seed456_early_stop.pkl,"{'activation': 'relu', 'alpha': 0.0001, 'batch_size': 36, 'early_stopping': True, 'hidden_layer_sizes': [50], 'learning_rate': 'constant', 'learning_rate_init': 0.001, 'max_iter': 2000, 'solver': 'adam'}",2025-08-14_220927
MLP,FT_vs_I,456,True,3,0.2755905511811024,0.26153846153846155,experiment_results_statistical_IL_top_10_video_2025-08-14_220927_early_stop/mlp_FT_vs_I_2025-08-14_220927_seed456_early_stop.pkl,"{'activation': 'relu', 'alpha': 0.0001, 'batch_size': 36, 'early_stopping': True, 'hidden_layer_sizes': [50], 'learning_rate': 'constant', 'learning_rate_init': 0.001, 'max_iter': 2000, 'solver': 'adam'}",2025-08-14_220927
MLP,FT_vs_I,456,True,4,0.3700787401574803,0.35384615384615387,experiment_results_statistical_IL_top_10_video_2025-08-14_220927_early_stop/mlp_FT_vs_I_2025-08-14_220927_seed456_early_stop.pkl,"{'activation': 'relu', 'alpha': 0.0001, 'batch_size': 36, 'early_stopping': True, 'hidden_layer_sizes': [50], 'learning_rate': 'constant', 'learning_rate_init': 0.001, 'max_iter': 2000, 'solver': 'adam'}",2025-08-14_220927
MLP,FT_vs_I,456,True,5,0.4645669291338583,0.4461538461538462,experiment_results_statistical_IL_top_10_video_2025-08-14_220927_early_stop/mlp_FT_vs_I_2025-08-14_220927_seed456_early_stop.pkl,"{'activation': 'relu', 'alpha': 0.0001, 'batch_size': 36, 'early_stopping': True, 'hidden_layer_sizes': [50], 'learning_rate': 'constant', 'learning_rate_init': 0.001, 'max_iter': 2000, 'solver': 'adam'}",2025-08-14_220927
NaiveBayes,FT_vs_I,456,True,1,0.7874015748031497,0.5384615384615384,experiment_results_statistical_IL_top_10_video_2025-08-14_220927_early_stop/naivebayes_FT_vs_I_2025-08-14_220927_seed456_early_stop.pkl,"{'priors': None, 'var_smoothing': 1e-09}",2025-08-14_220927
NaiveBayes,FT_vs_I,456,True,2,0.937007874015748,0.7538461538461538,experiment_results_statistical_IL_top_10_video_2025-08-14_220927_early_stop/naivebayes_FT_vs_I_2025-08-14_220927_seed456_early_stop.pkl,"{'priors': None, 'var_smoothing': 1e-09}",2025-08-14_220927
NaiveBayes,FT_vs_I,456,True,3,1.0,0.8769230769230769,experiment_results_statistical_IL_top_10_video_2025-08-14_220927_early_stop/naivebayes_FT_vs_I_2025-08-14_220927_seed456_early_stop.pkl,"{'priors': None, 'var_smoothing': 1e-09}",2025-08-14_220927
NaiveBayes,FT_vs_I,456,True,4,1.0,0.9076923076923077,experiment_results_statistical_IL_top_10_video_2025-08-14_220927_early_stop/naivebayes_FT_vs_I_2025-08-14_220927_seed456_early_stop.pkl,"{'priors': None, 'var_smoothing': 1e-09}",2025-08-14_220927
NaiveBayes,FT_vs_I,456,True,5,1.0,0.9538461538461539,experiment_results_statistical_IL_top_10_video_2025-08-14_220927_early_stop/naivebayes_FT_vs_I_2025-08-14_220927_seed456_early_stop.pkl,"{'priors': None, 'var_smoothing': 1e-09}",2025-08-14_220927
LightGBM,FT_vs_I,456,True,1,0.8503937007874016,0.5384615384615384,experiment_results_statistical_IL_top_10_video_2025-08-14_220927_early_stop/lightgbm_FT_vs_I_2025-08-14_220927_seed456_early_stop.pkl,"{'boosting_type': 'gbdt', 'class_weight': None, 'colsample_bytree': 1.0, 'importance_type': 'split', 'learning_rate': 0.1, 'max_depth': -1, 'min_child_samples': 20, 'min_child_weight': 0.001, 'min_split_gain': 0.0, 'n_estimators': 100, 'n_jobs': -1, 'num_leaves': 31, 'objective': None, 'random_state': 456, 'reg_alpha': 0.0, 'reg_lambda': 0.0, 'subsample': 1.0, 'subsample_for_bin': 200000, 'subsample_freq': 0, 'verbose': -1}",2025-08-14_220927
LightGBM,FT_vs_I,456,True,2,0.937007874015748,0.7538461538461538,experiment_results_statistical_IL_top_10_video_2025-08-14_220927_early_stop/lightgbm_FT_vs_I_2025-08-14_220927_seed456_early_stop.pkl,"{'boosting_type': 'gbdt', 'class_weight': None, 'colsample_bytree': 1.0, 'importance_type': 'split', 'learning_rate': 0.1, 'max_depth': -1, 'min_child_samples': 20, 'min_child_weight': 0.001, 'min_split_gain': 0.0, 'n_estimators': 100, 'n_jobs': -1, 'num_leaves': 31, 'objective': None, 'random_state': 456, 'reg_alpha': 0.0, 'reg_lambda': 0.0, 'subsample': 1.0, 'subsample_for_bin': 200000, 'subsample_freq': 0, 'verbose': -1}",2025-08-14_220927
LightGBM,FT_vs_I,456,True,3,1.0,0.8769230769230769,experiment_results_statistical_IL_top_10_video_2025-08-14_220927_early_stop/lightgbm_FT_vs_I_2025-08-14_220927_seed456_early_stop.pkl,"{'boosting_type': 'gbdt', 'class_weight': None, 'colsample_bytree': 1.0, 'importance_type': 'split', 'learning_rate': 0.1, 'max_depth': -1, 'min_child_samples': 20, 'min_child_weight': 0.001, 'min_split_gain': 0.0, 'n_estimators': 100, 'n_jobs': -1, 'num_leaves': 31, 'objective': None, 'random_state': 456, 'reg_alpha': 0.0, 'reg_lambda': 0.0, 'subsample': 1.0, 'subsample_for_bin': 200000, 'subsample_freq': 0, 'verbose': -1}",2025-08-14_220927
LightGBM,FT_vs_I,456,True,4,1.0,0.8769230769230769,experiment_results_statistical_IL_top_10_video_2025-08-14_220927_early_stop/lightgbm_FT_vs_I_2025-08-14_220927_seed456_early_stop.pkl,"{'boosting_type': 'gbdt', 'class_weight': None, 'colsample_bytree': 1.0, 'importance_type': 'split', 'learning_rate': 0.1, 'max_depth': -1, 'min_child_samples': 20, 'min_child_weight': 0.001, 'min_split_gain': 0.0, 'n_estimators': 100, 'n_jobs': -1, 'num_leaves': 31, 'objective': None, 'random_state': 456, 'reg_alpha': 0.0, 'reg_lambda': 0.0, 'subsample': 1.0, 'subsample_for_bin': 200000, 'subsample_freq': 0, 'verbose': -1}",2025-08-14_220927
LightGBM,FT_vs_I,456,True,5,1.0,0.9692307692307692,experiment_results_statistical_IL_top_10_video_2025-08-14_220927_early_stop/lightgbm_FT_vs_I_2025-08-14_220927_seed456_early_stop.pkl,"{'boosting_type': 'gbdt', 'class_weight': None, 'colsample_bytree': 1.0, 'importance_type': 'split', 'learning_rate': 0.1, 'max_depth': -1, 'min_child_samples': 20, 'min_child_weight': 0.001, 'min_split_gain': 0.0, 'n_estimators': 100, 'n_jobs': -1, 'num_leaves': 31, 'objective': None, 'random_state': 456, 'reg_alpha': 0.0, 'reg_lambda': 0.0, 'subsample': 1.0, 'subsample_for_bin': 200000, 'subsample_freq': 0, 'verbose': -1}",2025-08-14_220927
ExtraTrees,FT_vs_I,456,True,1,0.8503937007874016,0.5384615384615384,experiment_results_statistical_IL_top_10_video_2025-08-14_220927_early_stop/extratrees_FT_vs_I_2025-08-14_220927_seed456_early_stop.pkl,"{'bootstrap': False, 'ccp_alpha': 0.0, 'class_weight': None, 'criterion': 'gini', 'max_depth': None, 'max_features': 'sqrt', 'max_leaf_nodes': None, 'max_samples': None, 'min_impurity_decrease': 0.0, 'min_samples_leaf': 1, 'min_samples_split': 2, 'min_weight_fraction_leaf': 0.0, 'monotonic_cst': None, 'n_estimators': 100, 'n_jobs': -1, 'oob_score': False, 'random_state': 456, 'verbose': 0, 'warm_start': False}",2025-08-14_220927
ExtraTrees,FT_vs_I,456,True,2,0.937007874015748,0.8461538461538461,experiment_results_statistical_IL_top_10_video_2025-08-14_220927_early_stop/extratrees_FT_vs_I_2025-08-14_220927_seed456_early_stop.pkl,"{'bootstrap': False, 'ccp_alpha': 0.0, 'class_weight': None, 'criterion': 'gini', 'max_depth': None, 'max_features': 'sqrt', 'max_leaf_nodes': None, 'max_samples': None, 'min_impurity_decrease': 0.0, 'min_samples_leaf': 1, 'min_samples_split': 2, 'min_weight_fraction_leaf': 0.0, 'monotonic_cst': None, 'n_estimators': 100, 'n_jobs': -1, 'oob_score': False, 'random_state': 456, 'verbose': 0, 'warm_start': False}",2025-08-14_220927
ExtraTrees,FT_vs_I,456,True,3,1.0,1.0,experiment_results_statistical_IL_top_10_video_2025-08-14_220927_early_stop/extratrees_FT_vs_I_2025-08-14_220927_seed456_early_stop.pkl,"{'bootstrap': False, 'ccp_alpha': 0.0, 'class_weight': None, 'criterion': 'gini', 'max_depth': None, 'max_features': 'sqrt', 'max_leaf_nodes': None, 'max_samples': None, 'min_impurity_decrease': 0.0, 'min_samples_leaf': 1, 'min_samples_split': 2, 'min_weight_fraction_leaf': 0.0, 'monotonic_cst': None, 'n_estimators': 100, 'n_jobs': -1, 'oob_score': False, 'random_state': 456, 'verbose': 0, 'warm_start': False}",2025-08-14_220927
ExtraTrees,FT_vs_I,456,True,4,1.0,1.0,experiment_results_statistical_IL_top_10_video_2025-08-14_220927_early_stop/extratrees_FT_vs_I_2025-08-14_220927_seed456_early_stop.pkl,"{'bootstrap': False, 'ccp_alpha': 0.0, 'class_weight': None, 'criterion': 'gini', 'max_depth': None, 'max_features': 'sqrt', 'max_leaf_nodes': None, 'max_samples': None, 'min_impurity_decrease': 0.0, 'min_samples_leaf': 1, 'min_samples_split': 2, 'min_weight_fraction_leaf': 0.0, 'monotonic_cst': None, 'n_estimators': 100, 'n_jobs': -1, 'oob_score': False, 'random_state': 456, 'verbose': 0, 'warm_start': False}",2025-08-14_220927
ExtraTrees,FT_vs_I,456,True,5,1.0,1.0,experiment_results_statistical_IL_top_10_video_2025-08-14_220927_early_stop/extratrees_FT_vs_I_2025-08-14_220927_seed456_early_stop.pkl,"{'bootstrap': False, 'ccp_alpha': 0.0, 'class_weight': None, 'criterion': 'gini', 'max_depth': None, 'max_features': 'sqrt', 'max_leaf_nodes': None, 'max_samples': None, 'min_impurity_decrease': 0.0, 'min_samples_leaf': 1, 'min_samples_split': 2, 'min_weight_fraction_leaf': 0.0, 'monotonic_cst': None, 'n_estimators': 100, 'n_jobs': -1, 'oob_score': False, 'random_state': 456, 'verbose': 0, 'warm_start': False}",2025-08-14_220927
GradientBoosting,FT_vs_I,456,True,1,0.8503937007874016,0.5230769230769231,experiment_results_statistical_IL_top_10_video_2025-08-14_220927_early_stop/gradientboosting_FT_vs_I_2025-08-14_220927_seed456_early_stop.pkl,"{'ccp_alpha': 0.0, 'criterion': 'friedman_mse', 'init': None, 'learning_rate': 0.1, 'loss': 'log_loss', 'max_depth': 3, 'max_features': None, 'max_leaf_nodes': None, 'min_impurity_decrease': 0.0, 'min_samples_leaf': 1, 'min_samples_split': 2, 'min_weight_fraction_leaf': 0.0, 'n_estimators': 100, 'n_iter_no_change': None, 'random_state': 456, 'subsample': 1.0, 'tol': 0.0001, 'validation_fraction': 0.1, 'verbose': 0, 'warm_start': False}",2025-08-14_220927
GradientBoosting,FT_vs_I,456,True,2,0.937007874015748,0.7230769230769231,experiment_results_statistical_IL_top_10_video_2025-08-14_220927_early_stop/gradientboosting_FT_vs_I_2025-08-14_220927_seed456_early_stop.pkl,"{'ccp_alpha': 0.0, 'criterion': 'friedman_mse', 'init': None, 'learning_rate': 0.1, 'loss': 'log_loss', 'max_depth': 3, 'max_features': None, 'max_leaf_nodes': None, 'min_impurity_decrease': 0.0, 'min_samples_leaf': 1, 'min_samples_split': 2, 'min_weight_fraction_leaf': 0.0, 'n_estimators': 100, 'n_iter_no_change': None, 'random_state': 456, 'subsample': 1.0, 'tol': 0.0001, 'validation_fraction': 0.1, 'verbose': 0, 'warm_start': False}",2025-08-14_220927
GradientBoosting,FT_vs_I,456,True,3,1.0,0.8769230769230769,experiment_results_statistical_IL_top_10_video_2025-08-14_220927_early_stop/gradientboosting_FT_vs_I_2025-08-14_220927_seed456_early_stop.pkl,"{'ccp_alpha': 0.0, 'criterion': 'friedman_mse', 'init': None, 'learning_rate': 0.1, 'loss': 'log_loss', 'max_depth': 3, 'max_features': None, 'max_leaf_nodes': None, 'min_impurity_decrease': 0.0, 'min_samples_leaf': 1, 'min_samples_split': 2, 'min_weight_fraction_leaf': 0.0, 'n_estimators': 100, 'n_iter_no_change': None, 'random_state': 456, 'subsample': 1.0, 'tol': 0.0001, 'validation_fraction': 0.1, 'verbose': 0, 'warm_start': False}",2025-08-14_220927
GradientBoosting,FT_vs_I,456,True,4,1.0,0.9230769230769231,experiment_results_statistical_IL_top_10_video_2025-08-14_220927_early_stop/gradientboosting_FT_vs_I_2025-08-14_220927_seed456_early_stop.pkl,"{'ccp_alpha': 0.0, 'criterion': 'friedman_mse', 'init': None, 'learning_rate': 0.1, 'loss': 'log_loss', 'max_depth': 3, 'max_features': None, 'max_leaf_nodes': None, 'min_impurity_decrease': 0.0, 'min_samples_leaf': 1, 'min_samples_split': 2, 'min_weight_fraction_leaf': 0.0, 'n_estimators': 100, 'n_iter_no_change': None, 'random_state': 456, 'subsample': 1.0, 'tol': 0.0001, 'validation_fraction': 0.1, 'verbose': 0, 'warm_start': False}",2025-08-14_220927
GradientBoosting,FT_vs_I,456,True,5,1.0,0.9538461538461539,experiment_results_statistical_IL_top_10_video_2025-08-14_220927_early_stop/gradientboosting_FT_vs_I_2025-08-14_220927_seed456_early_stop.pkl,"{'ccp_alpha': 0.0, 'criterion': 'friedman_mse', 'init': None, 'learning_rate': 0.1, 'loss': 'log_loss', 'max_depth': 3, 'max_features': None, 'max_leaf_nodes': None, 'min_impurity_decrease': 0.0, 'min_samples_leaf': 1, 'min_samples_split': 2, 'min_weight_fraction_leaf': 0.0, 'n_estimators': 100, 'n_iter_no_change': None, 'random_state': 456, 'subsample': 1.0, 'tol': 0.0001, 'validation_fraction': 0.1, 'verbose': 0, 'warm_start': False}",2025-08-14_220927
KNN,FT_vs_I,456,True,1,0.5511811023622047,0.3384615384615385,experiment_results_statistical_IL_top_10_video_2025-08-14_220927_early_stop/knn_FT_vs_I_2025-08-14_220927_seed456_early_stop.pkl,"{'algorithm': 'auto', 'leaf_size': 30, 'metric': 'minkowski', 'metric_params': None, 'n_jobs': -1, 'n_neighbors': 5, 'p': 2, 'weights': 'uniform'}",2025-08-14_220927
KNN,FT_vs_I,456,True,2,0.7795275590551181,0.7230769230769231,experiment_results_statistical_IL_top_10_video_2025-08-14_220927_early_stop/knn_FT_vs_I_2025-08-14_220927_seed456_early_stop.pkl,"{'algorithm': 'auto', 'leaf_size': 30, 'metric': 'minkowski', 'metric_params': None, 'n_jobs': -1, 'n_neighbors': 5, 'p': 2, 'weights': 'uniform'}",2025-08-14_220927
KNN,FT_vs_I,456,True,3,0.8818897637795275,0.7538461538461538,experiment_results_statistical_IL_top_10_video_2025-08-14_220927_early_stop/knn_FT_vs_I_2025-08-14_220927_seed456_early_stop.pkl,"{'algorithm': 'auto', 'leaf_size': 30, 'metric': 'minkowski', 'metric_params': None, 'n_jobs': -1, 'n_neighbors': 5, 'p': 2, 'weights': 'uniform'}",2025-08-14_220927
KNN,FT_vs_I,456,True,4,0.905511811023622,0.8153846153846154,experiment_results_statistical_IL_top_10_video_2025-08-14_220927_early_stop/knn_FT_vs_I_2025-08-14_220927_seed456_early_stop.pkl,"{'algorithm': 'auto', 'leaf_size': 30, 'metric': 'minkowski', 'metric_params': None, 'n_jobs': -1, 'n_neighbors': 5, 'p': 2, 'weights': 'uniform'}",2025-08-14_220927
KNN,FT_vs_I,456,True,5,0.905511811023622,0.8307692307692308,experiment_results_statistical_IL_top_10_video_2025-08-14_220927_early_stop/knn_FT_vs_I_2025-08-14_220927_seed456_early_stop.pkl,"{'algorithm': 'auto', 'leaf_size': 30, 'metric': 'minkowski', 'metric_params': None, 'n_jobs': -1, 'n_neighbors': 5, 'p': 2, 'weights': 'uniform'}",2025-08-14_220927
LogisticRegression,FT_vs_I,456,True,1,0.3779527559055118,0.3076923076923077,experiment_results_statistical_IL_top_10_video_2025-08-14_220927_early_stop/logisticregression_FT_vs_I_2025-08-14_220927_seed456_early_stop.pkl,"{'C': 1.0, 'class_weight': None, 'dual': False, 'fit_intercept': True, 'intercept_scaling': 1, 'l1_ratio': None, 'max_iter': 100, 'multi_class': 'deprecated', 'n_jobs': -1, 'penalty': 'l2', 'random_state': 456, 'solver': 'lbfgs', 'tol': 0.0001, 'verbose': 0, 'warm_start': False}",2025-08-14_220927
LogisticRegression,FT_vs_I,456,True,2,0.6299212598425197,0.5538461538461539,experiment_results_statistical_IL_top_10_video_2025-08-14_220927_early_stop/logisticregression_FT_vs_I_2025-08-14_220927_seed456_early_stop.pkl,"{'C': 1.0, 'class_weight': None, 'dual': False, 'fit_intercept': True, 'intercept_scaling': 1, 'l1_ratio': None, 'max_iter': 100, 'multi_class': 'deprecated', 'n_jobs': -1, 'penalty': 'l2', 'random_state': 456, 'solver': 'lbfgs', 'tol': 0.0001, 'verbose': 0, 'warm_start': False}",2025-08-14_220927
LogisticRegression,FT_vs_I,456,True,3,0.7952755905511811,0.7384615384615385,experiment_results_statistical_IL_top_10_video_2025-08-14_220927_early_stop/logisticregression_FT_vs_I_2025-08-14_220927_seed456_early_stop.pkl,"{'C': 1.0, 'class_weight': None, 'dual': False, 'fit_intercept': True, 'intercept_scaling': 1, 'l1_ratio': None, 'max_iter': 100, 'multi_class': 'deprecated', 'n_jobs': -1, 'penalty': 'l2', 'random_state': 456, 'solver': 'lbfgs', 'tol': 0.0001, 'verbose': 0, 'warm_start': False}",2025-08-14_220927
LogisticRegression,FT_vs_I,456,True,4,0.8188976377952756,0.7692307692307693,experiment_results_statistical_IL_top_10_video_2025-08-14_220927_early_stop/logisticregression_FT_vs_I_2025-08-14_220927_seed456_early_stop.pkl,"{'C': 1.0, 'class_weight': None, 'dual': False, 'fit_intercept': True, 'intercept_scaling': 1, 'l1_ratio': None, 'max_iter': 100, 'multi_class': 'deprecated', 'n_jobs': -1, 'penalty': 'l2', 'random_state': 456, 'solver': 'lbfgs', 'tol': 0.0001, 'verbose': 0, 'warm_start': False}",2025-08-14_220927
LogisticRegression,FT_vs_I,456,True,5,0.8346456692913385,0.8153846153846154,experiment_results_statistical_IL_top_10_video_2025-08-14_220927_early_stop/logisticregression_FT_vs_I_2025-08-14_220927_seed456_early_stop.pkl,"{'C': 1.0, 'class_weight': None, 'dual': False, 'fit_intercept': True, 'intercept_scaling': 1, 'l1_ratio': None, 'max_iter': 100, 'multi_class': 'deprecated', 'n_jobs': -1, 'penalty': 'l2', 'random_state': 456, 'solver': 'lbfgs', 'tol': 0.0001, 'verbose': 0, 'warm_start': False}",2025-08-14_220927
RandomForest,IT_vs_F,42,True,1,0.84375,0.609375,experiment_results_statistical_IL_top_10_video_2025-08-14_220927_early_stop/randomforest_IT_vs_F_2025-08-14_220927_seed42_early_stop.pkl,"{'bootstrap': True, 'max_depth': 10, 'max_features': 'log2', 'min_samples_leaf': 1, 'min_samples_split': 2, 'n_estimators': 100}",2025-08-14_220927
RandomForest,IT_vs_F,42,True,2,0.921875,0.828125,experiment_results_statistical_IL_top_10_video_2025-08-14_220927_early_stop/randomforest_IT_vs_F_2025-08-14_220927_seed42_early_stop.pkl,"{'bootstrap': True, 'max_depth': 10, 'max_features': 'log2', 'min_samples_leaf': 1, 'min_samples_split': 2, 'n_estimators': 100}",2025-08-14_220927
RandomForest,IT_vs_F,42,True,3,1.0,0.921875,experiment_results_statistical_IL_top_10_video_2025-08-14_220927_early_stop/randomforest_IT_vs_F_2025-08-14_220927_seed42_early_stop.pkl,"{'bootstrap': True, 'max_depth': 10, 'max_features': 'log2', 'min_samples_leaf': 1, 'min_samples_split': 2, 'n_estimators': 100}",2025-08-14_220927
RandomForest,IT_vs_F,42,True,4,1.0,0.984375,experiment_results_statistical_IL_top_10_video_2025-08-14_220927_early_stop/randomforest_IT_vs_F_2025-08-14_220927_seed42_early_stop.pkl,"{'bootstrap': True, 'max_depth': 10, 'max_features': 'log2', 'min_samples_leaf': 1, 'min_samples_split': 2, 'n_estimators': 100}",2025-08-14_220927
RandomForest,IT_vs_F,42,True,5,1.0,0.984375,experiment_results_statistical_IL_top_10_video_2025-08-14_220927_early_stop/randomforest_IT_vs_F_2025-08-14_220927_seed42_early_stop.pkl,"{'bootstrap': True, 'max_depth': 10, 'max_features': 'log2', 'min_samples_leaf': 1, 'min_samples_split': 2, 'n_estimators': 100}",2025-08-14_220927
XGBoost,IT_vs_F,42,True,1,0.84375,0.609375,experiment_results_statistical_IL_top_10_video_2025-08-14_220927_early_stop/xgboost_IT_vs_F_2025-08-14_220927_seed42_early_stop.pkl,"{'colsample_bytree': 0.8, 'device': 'cpu', 'learning_rate': 0.05, 'max_depth': 4, 'n_estimators': 1000, 'reg_lambda': 1, 'subsample': 0.8}",2025-08-14_220927
XGBoost,IT_vs_F,42,True,2,0.921875,0.828125,experiment_results_statistical_IL_top_10_video_2025-08-14_220927_early_stop/xgboost_IT_vs_F_2025-08-14_220927_seed42_early_stop.pkl,"{'colsample_bytree': 0.8, 'device': 'cpu', 'learning_rate': 0.05, 'max_depth': 4, 'n_estimators': 1000, 'reg_lambda': 1, 'subsample': 0.8}",2025-08-14_220927
XGBoost,IT_vs_F,42,True,3,1.0,0.96875,experiment_results_statistical_IL_top_10_video_2025-08-14_220927_early_stop/xgboost_IT_vs_F_2025-08-14_220927_seed42_early_stop.pkl,"{'colsample_bytree': 0.8, 'device': 'cpu', 'learning_rate': 0.05, 'max_depth': 4, 'n_estimators': 1000, 'reg_lambda': 1, 'subsample': 0.8}",2025-08-14_220927
XGBoost,IT_vs_F,42,True,4,1.0,0.96875,experiment_results_statistical_IL_top_10_video_2025-08-14_220927_early_stop/xgboost_IT_vs_F_2025-08-14_220927_seed42_early_stop.pkl,"{'colsample_bytree': 0.8, 'device': 'cpu', 'learning_rate': 0.05, 'max_depth': 4, 'n_estimators': 1000, 'reg_lambda': 1, 'subsample': 0.8}",2025-08-14_220927
XGBoost,IT_vs_F,42,True,5,1.0,0.96875,experiment_results_statistical_IL_top_10_video_2025-08-14_220927_early_stop/xgboost_IT_vs_F_2025-08-14_220927_seed42_early_stop.pkl,"{'colsample_bytree': 0.8, 'device': 'cpu', 'learning_rate': 0.05, 'max_depth': 4, 'n_estimators': 1000, 'reg_lambda': 1, 'subsample': 0.8}",2025-08-14_220927
CatBoost,IT_vs_F,42,True,1,0.84375,0.546875,experiment_results_statistical_IL_top_10_video_2025-08-14_220927_early_stop/catboost_IT_vs_F_2025-08-14_220927_seed42_early_stop.pkl,"{'border_count': 32, 'depth': 6, 'iterations': 1000, 'l2_leaf_reg': 1, 'learning_rate': 0.05}",2025-08-14_220927
CatBoost,IT_vs_F,42,True,2,0.921875,0.8125,experiment_results_statistical_IL_top_10_video_2025-08-14_220927_early_stop/catboost_IT_vs_F_2025-08-14_220927_seed42_early_stop.pkl,"{'border_count': 32, 'depth': 6, 'iterations': 1000, 'l2_leaf_reg': 1, 'learning_rate': 0.05}",2025-08-14_220927
CatBoost,IT_vs_F,42,True,3,1.0,0.984375,experiment_results_statistical_IL_top_10_video_2025-08-14_220927_early_stop/catboost_IT_vs_F_2025-08-14_220927_seed42_early_stop.pkl,"{'border_count': 32, 'depth': 6, 'iterations': 1000, 'l2_leaf_reg': 1, 'learning_rate': 0.05}",2025-08-14_220927
CatBoost,IT_vs_F,42,True,4,1.0,0.984375,experiment_results_statistical_IL_top_10_video_2025-08-14_220927_early_stop/catboost_IT_vs_F_2025-08-14_220927_seed42_early_stop.pkl,"{'border_count': 32, 'depth': 6, 'iterations': 1000, 'l2_leaf_reg': 1, 'learning_rate': 0.05}",2025-08-14_220927
CatBoost,IT_vs_F,42,True,5,1.0,0.984375,experiment_results_statistical_IL_top_10_video_2025-08-14_220927_early_stop/catboost_IT_vs_F_2025-08-14_220927_seed42_early_stop.pkl,"{'border_count': 32, 'depth': 6, 'iterations': 1000, 'l2_leaf_reg': 1, 'learning_rate': 0.05}",2025-08-14_220927
SVM,IT_vs_F,42,True,1,0.6875,0.484375,experiment_results_statistical_IL_top_10_video_2025-08-14_220927_early_stop/svm_IT_vs_F_2025-08-14_220927_seed42_early_stop.pkl,"{'C': 10, 'decision_function_shape': 'ovo', 'gamma': 'scale', 'kernel': 'poly'}",2025-08-14_220927
SVM,IT_vs_F,42,True,2,0.8515625,0.6875,experiment_results_statistical_IL_top_10_video_2025-08-14_220927_early_stop/svm_IT_vs_F_2025-08-14_220927_seed42_early_stop.pkl,"{'C': 10, 'decision_function_shape': 'ovo', 'gamma': 'scale', 'kernel': 'poly'}",2025-08-14_220927
SVM,IT_vs_F,42,True,3,0.9765625,0.84375,experiment_results_statistical_IL_top_10_video_2025-08-14_220927_early_stop/svm_IT_vs_F_2025-08-14_220927_seed42_early_stop.pkl,"{'C': 10, 'decision_function_shape': 'ovo', 'gamma': 'scale', 'kernel': 'poly'}",2025-08-14_220927
SVM,IT_vs_F,42,True,4,1.0,0.90625,experiment_results_statistical_IL_top_10_video_2025-08-14_220927_early_stop/svm_IT_vs_F_2025-08-14_220927_seed42_early_stop.pkl,"{'C': 10, 'decision_function_shape': 'ovo', 'gamma': 'scale', 'kernel': 'poly'}",2025-08-14_220927
SVM,IT_vs_F,42,True,5,1.0,0.9375,experiment_results_statistical_IL_top_10_video_2025-08-14_220927_early_stop/svm_IT_vs_F_2025-08-14_220927_seed42_early_stop.pkl,"{'C': 10, 'decision_function_shape': 'ovo', 'gamma': 'scale', 'kernel': 'poly'}",2025-08-14_220927
MLP,IT_vs_F,42,True,1,0.09375,0.09375,experiment_results_statistical_IL_top_10_video_2025-08-14_220927_early_stop/mlp_IT_vs_F_2025-08-14_220927_seed42_early_stop.pkl,"{'activation': 'relu', 'alpha': 0.0001, 'batch_size': 36, 'early_stopping': True, 'hidden_layer_sizes': [50], 'learning_rate': 'constant', 'learning_rate_init': 0.001, 'max_iter': 2000, 'solver': 'adam'}",2025-08-14_220927
MLP,IT_vs_F,42,True,2,0.171875,0.1875,experiment_results_statistical_IL_top_10_video_2025-08-14_220927_early_stop/mlp_IT_vs_F_2025-08-14_220927_seed42_early_stop.pkl,"{'activation': 'relu', 'alpha': 0.0001, 'batch_size': 36, 'early_stopping': True, 'hidden_layer_sizes': [50], 'learning_rate': 'constant', 'learning_rate_init': 0.001, 'max_iter': 2000, 'solver': 'adam'}",2025-08-14_220927
MLP,IT_vs_F,42,True,3,0.25,0.25,experiment_results_statistical_IL_top_10_video_2025-08-14_220927_early_stop/mlp_IT_vs_F_2025-08-14_220927_seed42_early_stop.pkl,"{'activation': 'relu', 'alpha': 0.0001, 'batch_size': 36, 'early_stopping': True, 'hidden_layer_sizes': [50], 'learning_rate': 'constant', 'learning_rate_init': 0.001, 'max_iter': 2000, 'solver': 'adam'}",2025-08-14_220927
MLP,IT_vs_F,42,True,4,0.34375,0.34375,experiment_results_statistical_IL_top_10_video_2025-08-14_220927_early_stop/mlp_IT_vs_F_2025-08-14_220927_seed42_early_stop.pkl,"{'activation': 'relu', 'alpha': 0.0001, 'batch_size': 36, 'early_stopping': True, 'hidden_layer_sizes': [50], 'learning_rate': 'constant', 'learning_rate_init': 0.001, 'max_iter': 2000, 'solver': 'adam'}",2025-08-14_220927
MLP,IT_vs_F,42,True,5,0.4375,0.4375,experiment_results_statistical_IL_top_10_video_2025-08-14_220927_early_stop/mlp_IT_vs_F_2025-08-14_220927_seed42_early_stop.pkl,"{'activation': 'relu', 'alpha': 0.0001, 'batch_size': 36, 'early_stopping': True, 'hidden_layer_sizes': [50], 'learning_rate': 'constant', 'learning_rate_init': 0.001, 'max_iter': 2000, 'solver': 'adam'}",2025-08-14_220927
NaiveBayes,IT_vs_F,42,True,1,0.78125,0.609375,experiment_results_statistical_IL_top_10_video_2025-08-14_220927_early_stop/naivebayes_IT_vs_F_2025-08-14_220927_seed42_early_stop.pkl,"{'priors': None, 'var_smoothing': 1e-09}",2025-08-14_220927
NaiveBayes,IT_vs_F,42,True,2,0.9140625,0.765625,experiment_results_statistical_IL_top_10_video_2025-08-14_220927_early_stop/naivebayes_IT_vs_F_2025-08-14_220927_seed42_early_stop.pkl,"{'priors': None, 'var_smoothing': 1e-09}",2025-08-14_220927
NaiveBayes,IT_vs_F,42,True,3,1.0,0.921875,experiment_results_statistical_IL_top_10_video_2025-08-14_220927_early_stop/naivebayes_IT_vs_F_2025-08-14_220927_seed42_early_stop.pkl,"{'priors': None, 'var_smoothing': 1e-09}",2025-08-14_220927
NaiveBayes,IT_vs_F,42,True,4,1.0,0.984375,experiment_results_statistical_IL_top_10_video_2025-08-14_220927_early_stop/naivebayes_IT_vs_F_2025-08-14_220927_seed42_early_stop.pkl,"{'priors': None, 'var_smoothing': 1e-09}",2025-08-14_220927
NaiveBayes,IT_vs_F,42,True,5,1.0,0.984375,experiment_results_statistical_IL_top_10_video_2025-08-14_220927_early_stop/naivebayes_IT_vs_F_2025-08-14_220927_seed42_early_stop.pkl,"{'priors': None, 'var_smoothing': 1e-09}",2025-08-14_220927
LightGBM,IT_vs_F,42,True,1,0.84375,0.5625,experiment_results_statistical_IL_top_10_video_2025-08-14_220927_early_stop/lightgbm_IT_vs_F_2025-08-14_220927_seed42_early_stop.pkl,"{'boosting_type': 'gbdt', 'class_weight': None, 'colsample_bytree': 1.0, 'importance_type': 'split', 'learning_rate': 0.1, 'max_depth': -1, 'min_child_samples': 20, 'min_child_weight': 0.001, 'min_split_gain': 0.0, 'n_estimators': 100, 'n_jobs': -1, 'num_leaves': 31, 'objective': None, 'random_state': 42, 'reg_alpha': 0.0, 'reg_lambda': 0.0, 'subsample': 1.0, 'subsample_for_bin': 200000, 'subsample_freq': 0, 'verbose': -1}",2025-08-14_220927
LightGBM,IT_vs_F,42,True,2,0.921875,0.75,experiment_results_statistical_IL_top_10_video_2025-08-14_220927_early_stop/lightgbm_IT_vs_F_2025-08-14_220927_seed42_early_stop.pkl,"{'boosting_type': 'gbdt', 'class_weight': None, 'colsample_bytree': 1.0, 'importance_type': 'split', 'learning_rate': 0.1, 'max_depth': -1, 'min_child_samples': 20, 'min_child_weight': 0.001, 'min_split_gain': 0.0, 'n_estimators': 100, 'n_jobs': -1, 'num_leaves': 31, 'objective': None, 'random_state': 42, 'reg_alpha': 0.0, 'reg_lambda': 0.0, 'subsample': 1.0, 'subsample_for_bin': 200000, 'subsample_freq': 0, 'verbose': -1}",2025-08-14_220927
LightGBM,IT_vs_F,42,True,3,1.0,0.875,experiment_results_statistical_IL_top_10_video_2025-08-14_220927_early_stop/lightgbm_IT_vs_F_2025-08-14_220927_seed42_early_stop.pkl,"{'boosting_type': 'gbdt', 'class_weight': None, 'colsample_bytree': 1.0, 'importance_type': 'split', 'learning_rate': 0.1, 'max_depth': -1, 'min_child_samples': 20, 'min_child_weight': 0.001, 'min_split_gain': 0.0, 'n_estimators': 100, 'n_jobs': -1, 'num_leaves': 31, 'objective': None, 'random_state': 42, 'reg_alpha': 0.0, 'reg_lambda': 0.0, 'subsample': 1.0, 'subsample_for_bin': 200000, 'subsample_freq': 0, 'verbose': -1}",2025-08-14_220927
LightGBM,IT_vs_F,42,True,4,1.0,0.890625,experiment_results_statistical_IL_top_10_video_2025-08-14_220927_early_stop/lightgbm_IT_vs_F_2025-08-14_220927_seed42_early_stop.pkl,"{'boosting_type': 'gbdt', 'class_weight': None, 'colsample_bytree': 1.0, 'importance_type': 'split', 'learning_rate': 0.1, 'max_depth': -1, 'min_child_samples': 20, 'min_child_weight': 0.001, 'min_split_gain': 0.0, 'n_estimators': 100, 'n_jobs': -1, 'num_leaves': 31, 'objective': None, 'random_state': 42, 'reg_alpha': 0.0, 'reg_lambda': 0.0, 'subsample': 1.0, 'subsample_for_bin': 200000, 'subsample_freq': 0, 'verbose': -1}",2025-08-14_220927
LightGBM,IT_vs_F,42,True,5,1.0,0.921875,experiment_results_statistical_IL_top_10_video_2025-08-14_220927_early_stop/lightgbm_IT_vs_F_2025-08-14_220927_seed42_early_stop.pkl,"{'boosting_type': 'gbdt', 'class_weight': None, 'colsample_bytree': 1.0, 'importance_type': 'split', 'learning_rate': 0.1, 'max_depth': -1, 'min_child_samples': 20, 'min_child_weight': 0.001, 'min_split_gain': 0.0, 'n_estimators': 100, 'n_jobs': -1, 'num_leaves': 31, 'objective': None, 'random_state': 42, 'reg_alpha': 0.0, 'reg_lambda': 0.0, 'subsample': 1.0, 'subsample_for_bin': 200000, 'subsample_freq': 0, 'verbose': -1}",2025-08-14_220927
ExtraTrees,IT_vs_F,42,True,1,0.84375,0.578125,experiment_results_statistical_IL_top_10_video_2025-08-14_220927_early_stop/extratrees_IT_vs_F_2025-08-14_220927_seed42_early_stop.pkl,"{'bootstrap': False, 'ccp_alpha': 0.0, 'class_weight': None, 'criterion': 'gini', 'max_depth': None, 'max_features': 'sqrt', 'max_leaf_nodes': None, 'max_samples': None, 'min_impurity_decrease': 0.0, 'min_samples_leaf': 1, 'min_samples_split': 2, 'min_weight_fraction_leaf': 0.0, 'monotonic_cst': None, 'n_estimators': 100, 'n_jobs': -1, 'oob_score': False, 'random_state': 42, 'verbose': 0, 'warm_start': False}",2025-08-14_220927
ExtraTrees,IT_vs_F,42,True,2,0.921875,0.8125,experiment_results_statistical_IL_top_10_video_2025-08-14_220927_early_stop/extratrees_IT_vs_F_2025-08-14_220927_seed42_early_stop.pkl,"{'bootstrap': False, 'ccp_alpha': 0.0, 'class_weight': None, 'criterion': 'gini', 'max_depth': None, 'max_features': 'sqrt', 'max_leaf_nodes': None, 'max_samples': None, 'min_impurity_decrease': 0.0, 'min_samples_leaf': 1, 'min_samples_split': 2, 'min_weight_fraction_leaf': 0.0, 'monotonic_cst': None, 'n_estimators': 100, 'n_jobs': -1, 'oob_score': False, 'random_state': 42, 'verbose': 0, 'warm_start': False}",2025-08-14_220927
ExtraTrees,IT_vs_F,42,True,3,1.0,0.984375,experiment_results_statistical_IL_top_10_video_2025-08-14_220927_early_stop/extratrees_IT_vs_F_2025-08-14_220927_seed42_early_stop.pkl,"{'bootstrap': False, 'ccp_alpha': 0.0, 'class_weight': None, 'criterion': 'gini', 'max_depth': None, 'max_features': 'sqrt', 'max_leaf_nodes': None, 'max_samples': None, 'min_impurity_decrease': 0.0, 'min_samples_leaf': 1, 'min_samples_split': 2, 'min_weight_fraction_leaf': 0.0, 'monotonic_cst': None, 'n_estimators': 100, 'n_jobs': -1, 'oob_score': False, 'random_state': 42, 'verbose': 0, 'warm_start': False}",2025-08-14_220927
ExtraTrees,IT_vs_F,42,True,4,1.0,0.984375,experiment_results_statistical_IL_top_10_video_2025-08-14_220927_early_stop/extratrees_IT_vs_F_2025-08-14_220927_seed42_early_stop.pkl,"{'bootstrap': False, 'ccp_alpha': 0.0, 'class_weight': None, 'criterion': 'gini', 'max_depth': None, 'max_features': 'sqrt', 'max_leaf_nodes': None, 'max_samples': None, 'min_impurity_decrease': 0.0, 'min_samples_leaf': 1, 'min_samples_split': 2, 'min_weight_fraction_leaf': 0.0, 'monotonic_cst': None, 'n_estimators': 100, 'n_jobs': -1, 'oob_score': False, 'random_state': 42, 'verbose': 0, 'warm_start': False}",2025-08-14_220927
ExtraTrees,IT_vs_F,42,True,5,1.0,1.0,experiment_results_statistical_IL_top_10_video_2025-08-14_220927_early_stop/extratrees_IT_vs_F_2025-08-14_220927_seed42_early_stop.pkl,"{'bootstrap': False, 'ccp_alpha': 0.0, 'class_weight': None, 'criterion': 'gini', 'max_depth': None, 'max_features': 'sqrt', 'max_leaf_nodes': None, 'max_samples': None, 'min_impurity_decrease': 0.0, 'min_samples_leaf': 1, 'min_samples_split': 2, 'min_weight_fraction_leaf': 0.0, 'monotonic_cst': None, 'n_estimators': 100, 'n_jobs': -1, 'oob_score': False, 'random_state': 42, 'verbose': 0, 'warm_start': False}",2025-08-14_220927
GradientBoosting,IT_vs_F,42,True,1,0.84375,0.5625,experiment_results_statistical_IL_top_10_video_2025-08-14_220927_early_stop/gradientboosting_IT_vs_F_2025-08-14_220927_seed42_early_stop.pkl,"{'ccp_alpha': 0.0, 'criterion': 'friedman_mse', 'init': None, 'learning_rate': 0.1, 'loss': 'log_loss', 'max_depth': 3, 'max_features': None, 'max_leaf_nodes': None, 'min_impurity_decrease': 0.0, 'min_samples_leaf': 1, 'min_samples_split': 2, 'min_weight_fraction_leaf': 0.0, 'n_estimators': 100, 'n_iter_no_change': None, 'random_state': 42, 'subsample': 1.0, 'tol': 0.0001, 'validation_fraction': 0.1, 'verbose': 0, 'warm_start': False}",2025-08-14_220927
GradientBoosting,IT_vs_F,42,True,2,0.921875,0.796875,experiment_results_statistical_IL_top_10_video_2025-08-14_220927_early_stop/gradientboosting_IT_vs_F_2025-08-14_220927_seed42_early_stop.pkl,"{'ccp_alpha': 0.0, 'criterion': 'friedman_mse', 'init': None, 'learning_rate': 0.1, 'loss': 'log_loss', 'max_depth': 3, 'max_features': None, 'max_leaf_nodes': None, 'min_impurity_decrease': 0.0, 'min_samples_leaf': 1, 'min_samples_split': 2, 'min_weight_fraction_leaf': 0.0, 'n_estimators': 100, 'n_iter_no_change': None, 'random_state': 42, 'subsample': 1.0, 'tol': 0.0001, 'validation_fraction': 0.1, 'verbose': 0, 'warm_start': False}",2025-08-14_220927
GradientBoosting,IT_vs_F,42,True,3,1.0,0.9375,experiment_results_statistical_IL_top_10_video_2025-08-14_220927_early_stop/gradientboosting_IT_vs_F_2025-08-14_220927_seed42_early_stop.pkl,"{'ccp_alpha': 0.0, 'criterion': 'friedman_mse', 'init': None, 'learning_rate': 0.1, 'loss': 'log_loss', 'max_depth': 3, 'max_features': None, 'max_leaf_nodes': None, 'min_impurity_decrease': 0.0, 'min_samples_leaf': 1, 'min_samples_split': 2, 'min_weight_fraction_leaf': 0.0, 'n_estimators': 100, 'n_iter_no_change': None, 'random_state': 42, 'subsample': 1.0, 'tol': 0.0001, 'validation_fraction': 0.1, 'verbose': 0, 'warm_start': False}",2025-08-14_220927
GradientBoosting,IT_vs_F,42,True,4,1.0,0.953125,experiment_results_statistical_IL_top_10_video_2025-08-14_220927_early_stop/gradientboosting_IT_vs_F_2025-08-14_220927_seed42_early_stop.pkl,"{'ccp_alpha': 0.0, 'criterion': 'friedman_mse', 'init': None, 'learning_rate': 0.1, 'loss': 'log_loss', 'max_depth': 3, 'max_features': None, 'max_leaf_nodes': None, 'min_impurity_decrease': 0.0, 'min_samples_leaf': 1, 'min_samples_split': 2, 'min_weight_fraction_leaf': 0.0, 'n_estimators': 100, 'n_iter_no_change': None, 'random_state': 42, 'subsample': 1.0, 'tol': 0.0001, 'validation_fraction': 0.1, 'verbose': 0, 'warm_start': False}",2025-08-14_220927
GradientBoosting,IT_vs_F,42,True,5,1.0,1.0,experiment_results_statistical_IL_top_10_video_2025-08-14_220927_early_stop/gradientboosting_IT_vs_F_2025-08-14_220927_seed42_early_stop.pkl,"{'ccp_alpha': 0.0, 'criterion': 'friedman_mse', 'init': None, 'learning_rate': 0.1, 'loss': 'log_loss', 'max_depth': 3, 'max_features': None, 'max_leaf_nodes': None, 'min_impurity_decrease': 0.0, 'min_samples_leaf': 1, 'min_samples_split': 2, 'min_weight_fraction_leaf': 0.0, 'n_estimators': 100, 'n_iter_no_change': None, 'random_state': 42, 'subsample': 1.0, 'tol': 0.0001, 'validation_fraction': 0.1, 'verbose': 0, 'warm_start': False}",2025-08-14_220927
KNN,IT_vs_F,42,True,1,0.5625,0.4375,experiment_results_statistical_IL_top_10_video_2025-08-14_220927_early_stop/knn_IT_vs_F_2025-08-14_220927_seed42_early_stop.pkl,"{'algorithm': 'auto', 'leaf_size': 30, 'metric': 'minkowski', 'metric_params': None, 'n_jobs': -1, 'n_neighbors': 5, 'p': 2, 'weights': 'uniform'}",2025-08-14_220927
KNN,IT_vs_F,42,True,2,0.8125,0.65625,experiment_results_statistical_IL_top_10_video_2025-08-14_220927_early_stop/knn_IT_vs_F_2025-08-14_220927_seed42_early_stop.pkl,"{'algorithm': 'auto', 'leaf_size': 30, 'metric': 'minkowski', 'metric_params': None, 'n_jobs': -1, 'n_neighbors': 5, 'p': 2, 'weights': 'uniform'}",2025-08-14_220927
KNN,IT_vs_F,42,True,3,0.875,0.734375,experiment_results_statistical_IL_top_10_video_2025-08-14_220927_early_stop/knn_IT_vs_F_2025-08-14_220927_seed42_early_stop.pkl,"{'algorithm': 'auto', 'leaf_size': 30, 'metric': 'minkowski', 'metric_params': None, 'n_jobs': -1, 'n_neighbors': 5, 'p': 2, 'weights': 'uniform'}",2025-08-14_220927
KNN,IT_vs_F,42,True,4,0.8984375,0.796875,experiment_results_statistical_IL_top_10_video_2025-08-14_220927_early_stop/knn_IT_vs_F_2025-08-14_220927_seed42_early_stop.pkl,"{'algorithm': 'auto', 'leaf_size': 30, 'metric': 'minkowski', 'metric_params': None, 'n_jobs': -1, 'n_neighbors': 5, 'p': 2, 'weights': 'uniform'}",2025-08-14_220927
KNN,IT_vs_F,42,True,5,0.90625,0.8125,experiment_results_statistical_IL_top_10_video_2025-08-14_220927_early_stop/knn_IT_vs_F_2025-08-14_220927_seed42_early_stop.pkl,"{'algorithm': 'auto', 'leaf_size': 30, 'metric': 'minkowski', 'metric_params': None, 'n_jobs': -1, 'n_neighbors': 5, 'p': 2, 'weights': 'uniform'}",2025-08-14_220927
LogisticRegression,IT_vs_F,42,True,1,0.09375,0.09375,experiment_results_statistical_IL_top_10_video_2025-08-14_220927_early_stop/logisticregression_IT_vs_F_2025-08-14_220927_seed42_early_stop.pkl,"{'C': 1.0, 'class_weight': None, 'dual': False, 'fit_intercept': True, 'intercept_scaling': 1, 'l1_ratio': None, 'max_iter': 100, 'multi_class': 'deprecated', 'n_jobs': -1, 'penalty': 'l2', 'random_state': 42, 'solver': 'lbfgs', 'tol': 0.0001, 'verbose': 0, 'warm_start': False}",2025-08-14_220927
LogisticRegression,IT_vs_F,42,True,2,0.21875,0.1875,experiment_results_statistical_IL_top_10_video_2025-08-14_220927_early_stop/logisticregression_IT_vs_F_2025-08-14_220927_seed42_early_stop.pkl,"{'C': 1.0, 'class_weight': None, 'dual': False, 'fit_intercept': True, 'intercept_scaling': 1, 'l1_ratio': None, 'max_iter': 100, 'multi_class': 'deprecated', 'n_jobs': -1, 'penalty': 'l2', 'random_state': 42, 'solver': 'lbfgs', 'tol': 0.0001, 'verbose': 0, 'warm_start': False}",2025-08-14_220927
LogisticRegression,IT_vs_F,42,True,3,0.359375,0.328125,experiment_results_statistical_IL_top_10_video_2025-08-14_220927_early_stop/logisticregression_IT_vs_F_2025-08-14_220927_seed42_early_stop.pkl,"{'C': 1.0, 'class_weight': None, 'dual': False, 'fit_intercept': True, 'intercept_scaling': 1, 'l1_ratio': None, 'max_iter': 100, 'multi_class': 'deprecated', 'n_jobs': -1, 'penalty': 'l2', 'random_state': 42, 'solver': 'lbfgs', 'tol': 0.0001, 'verbose': 0, 'warm_start': False}",2025-08-14_220927
LogisticRegression,IT_vs_F,42,True,4,0.5078125,0.515625,experiment_results_statistical_IL_top_10_video_2025-08-14_220927_early_stop/logisticregression_IT_vs_F_2025-08-14_220927_seed42_early_stop.pkl,"{'C': 1.0, 'class_weight': None, 'dual': False, 'fit_intercept': True, 'intercept_scaling': 1, 'l1_ratio': None, 'max_iter': 100, 'multi_class': 'deprecated', 'n_jobs': -1, 'penalty': 'l2', 'random_state': 42, 'solver': 'lbfgs', 'tol': 0.0001, 'verbose': 0, 'warm_start': False}",2025-08-14_220927
LogisticRegression,IT_vs_F,42,True,5,0.625,0.5625,experiment_results_statistical_IL_top_10_video_2025-08-14_220927_early_stop/logisticregression_IT_vs_F_2025-08-14_220927_seed42_early_stop.pkl,"{'C': 1.0, 'class_weight': None, 'dual': False, 'fit_intercept': True, 'intercept_scaling': 1, 'l1_ratio': None, 'max_iter': 100, 'multi_class': 'deprecated', 'n_jobs': -1, 'penalty': 'l2', 'random_state': 42, 'solver': 'lbfgs', 'tol': 0.0001, 'verbose': 0, 'warm_start': False}",2025-08-14_220927
RandomForest,IT_vs_F,123,True,1,0.84375,0.625,experiment_results_statistical_IL_top_10_video_2025-08-14_220927_early_stop/randomforest_IT_vs_F_2025-08-14_220927_seed123_early_stop.pkl,"{'bootstrap': True, 'max_depth': 10, 'max_features': 'log2', 'min_samples_leaf': 1, 'min_samples_split': 2, 'n_estimators': 500}",2025-08-14_220927
RandomForest,IT_vs_F,123,True,2,0.921875,0.859375,experiment_results_statistical_IL_top_10_video_2025-08-14_220927_early_stop/randomforest_IT_vs_F_2025-08-14_220927_seed123_early_stop.pkl,"{'bootstrap': True, 'max_depth': 10, 'max_features': 'log2', 'min_samples_leaf': 1, 'min_samples_split': 2, 'n_estimators': 500}",2025-08-14_220927
RandomForest,IT_vs_F,123,True,3,1.0,0.96875,experiment_results_statistical_IL_top_10_video_2025-08-14_220927_early_stop/randomforest_IT_vs_F_2025-08-14_220927_seed123_early_stop.pkl,"{'bootstrap': True, 'max_depth': 10, 'max_features': 'log2', 'min_samples_leaf': 1, 'min_samples_split': 2, 'n_estimators': 500}",2025-08-14_220927
RandomForest,IT_vs_F,123,True,4,1.0,0.984375,experiment_results_statistical_IL_top_10_video_2025-08-14_220927_early_stop/randomforest_IT_vs_F_2025-08-14_220927_seed123_early_stop.pkl,"{'bootstrap': True, 'max_depth': 10, 'max_features': 'log2', 'min_samples_leaf': 1, 'min_samples_split': 2, 'n_estimators': 500}",2025-08-14_220927
RandomForest,IT_vs_F,123,True,5,1.0,1.0,experiment_results_statistical_IL_top_10_video_2025-08-14_220927_early_stop/randomforest_IT_vs_F_2025-08-14_220927_seed123_early_stop.pkl,"{'bootstrap': True, 'max_depth': 10, 'max_features': 'log2', 'min_samples_leaf': 1, 'min_samples_split': 2, 'n_estimators': 500}",2025-08-14_220927
XGBoost,IT_vs_F,123,True,1,0.84375,0.609375,experiment_results_statistical_IL_top_10_video_2025-08-14_220927_early_stop/xgboost_IT_vs_F_2025-08-14_220927_seed123_early_stop.pkl,"{'colsample_bytree': 0.8, 'device': 'cpu', 'learning_rate': 0.05, 'max_depth': 4, 'n_estimators': 1000, 'reg_lambda': 1, 'subsample': 0.8}",2025-08-14_220927
XGBoost,IT_vs_F,123,True,2,0.921875,0.859375,experiment_results_statistical_IL_top_10_video_2025-08-14_220927_early_stop/xgboost_IT_vs_F_2025-08-14_220927_seed123_early_stop.pkl,"{'colsample_bytree': 0.8, 'device': 'cpu', 'learning_rate': 0.05, 'max_depth': 4, 'n_estimators': 1000, 'reg_lambda': 1, 'subsample': 0.8}",2025-08-14_220927
XGBoost,IT_vs_F,123,True,3,1.0,0.96875,experiment_results_statistical_IL_top_10_video_2025-08-14_220927_early_stop/xgboost_IT_vs_F_2025-08-14_220927_seed123_early_stop.pkl,"{'colsample_bytree': 0.8, 'device': 'cpu', 'learning_rate': 0.05, 'max_depth': 4, 'n_estimators': 1000, 'reg_lambda': 1, 'subsample': 0.8}",2025-08-14_220927
XGBoost,IT_vs_F,123,True,4,1.0,0.96875,experiment_results_statistical_IL_top_10_video_2025-08-14_220927_early_stop/xgboost_IT_vs_F_2025-08-14_220927_seed123_early_stop.pkl,"{'colsample_bytree': 0.8, 'device': 'cpu', 'learning_rate': 0.05, 'max_depth': 4, 'n_estimators': 1000, 'reg_lambda': 1, 'subsample': 0.8}",2025-08-14_220927
XGBoost,IT_vs_F,123,True,5,1.0,0.96875,experiment_results_statistical_IL_top_10_video_2025-08-14_220927_early_stop/xgboost_IT_vs_F_2025-08-14_220927_seed123_early_stop.pkl,"{'colsample_bytree': 0.8, 'device': 'cpu', 'learning_rate': 0.05, 'max_depth': 4, 'n_estimators': 1000, 'reg_lambda': 1, 'subsample': 0.8}",2025-08-14_220927
CatBoost,IT_vs_F,123,True,1,0.84375,0.5625,experiment_results_statistical_IL_top_10_video_2025-08-14_220927_early_stop/catboost_IT_vs_F_2025-08-14_220927_seed123_early_stop.pkl,"{'border_count': 64, 'depth': 6, 'iterations': 1000, 'l2_leaf_reg': 1, 'learning_rate': 0.1}",2025-08-14_220927
CatBoost,IT_vs_F,123,True,2,0.921875,0.8125,experiment_results_statistical_IL_top_10_video_2025-08-14_220927_early_stop/catboost_IT_vs_F_2025-08-14_220927_seed123_early_stop.pkl,"{'border_count': 64, 'depth': 6, 'iterations': 1000, 'l2_leaf_reg': 1, 'learning_rate': 0.1}",2025-08-14_220927
CatBoost,IT_vs_F,123,True,3,1.0,0.984375,experiment_results_statistical_IL_top_10_video_2025-08-14_220927_early_stop/catboost_IT_vs_F_2025-08-14_220927_seed123_early_stop.pkl,"{'border_count': 64, 'depth': 6, 'iterations': 1000, 'l2_leaf_reg': 1, 'learning_rate': 0.1}",2025-08-14_220927
CatBoost,IT_vs_F,123,True,4,1.0,1.0,experiment_results_statistical_IL_top_10_video_2025-08-14_220927_early_stop/catboost_IT_vs_F_2025-08-14_220927_seed123_early_stop.pkl,"{'border_count': 64, 'depth': 6, 'iterations': 1000, 'l2_leaf_reg': 1, 'learning_rate': 0.1}",2025-08-14_220927
CatBoost,IT_vs_F,123,True,5,1.0,1.0,experiment_results_statistical_IL_top_10_video_2025-08-14_220927_early_stop/catboost_IT_vs_F_2025-08-14_220927_seed123_early_stop.pkl,"{'border_count': 64, 'depth': 6, 'iterations': 1000, 'l2_leaf_reg': 1, 'learning_rate': 0.1}",2025-08-14_220927
SVM,IT_vs_F,123,True,1,0.6953125,0.53125,experiment_results_statistical_IL_top_10_video_2025-08-14_220927_early_stop/svm_IT_vs_F_2025-08-14_220927_seed123_early_stop.pkl,"{'C': 100, 'decision_function_shape': 'ovo', 'gamma': 'scale', 'kernel': 'rbf'}",2025-08-14_220927
SVM,IT_vs_F,123,True,2,0.859375,0.8125,experiment_results_statistical_IL_top_10_video_2025-08-14_220927_early_stop/svm_IT_vs_F_2025-08-14_220927_seed123_early_stop.pkl,"{'C': 100, 'decision_function_shape': 'ovo', 'gamma': 'scale', 'kernel': 'rbf'}",2025-08-14_220927
SVM,IT_vs_F,123,True,3,1.0,1.0,experiment_results_statistical_IL_top_10_video_2025-08-14_220927_early_stop/svm_IT_vs_F_2025-08-14_220927_seed123_early_stop.pkl,"{'C': 100, 'decision_function_shape': 'ovo', 'gamma': 'scale', 'kernel': 'rbf'}",2025-08-14_220927
SVM,IT_vs_F,123,True,4,1.0,1.0,experiment_results_statistical_IL_top_10_video_2025-08-14_220927_early_stop/svm_IT_vs_F_2025-08-14_220927_seed123_early_stop.pkl,"{'C': 100, 'decision_function_shape': 'ovo', 'gamma': 'scale', 'kernel': 'rbf'}",2025-08-14_220927
SVM,IT_vs_F,123,True,5,1.0,1.0,experiment_results_statistical_IL_top_10_video_2025-08-14_220927_early_stop/svm_IT_vs_F_2025-08-14_220927_seed123_early_stop.pkl,"{'C': 100, 'decision_function_shape': 'ovo', 'gamma': 'scale', 'kernel': 'rbf'}",2025-08-14_220927
MLP,IT_vs_F,123,True,1,0.09375,0.09375,experiment_results_statistical_IL_top_10_video_2025-08-14_220927_early_stop/mlp_IT_vs_F_2025-08-14_220927_seed123_early_stop.pkl,"{'activation': 'relu', 'alpha': 0.0001, 'batch_size': 36, 'early_stopping': True, 'hidden_layer_sizes': [100], 'learning_rate': 'constant', 'learning_rate_init': 0.001, 'max_iter': 2000, 'solver': 'adam'}",2025-08-14_220927
MLP,IT_vs_F,123,True,2,0.1875,0.1875,experiment_results_statistical_IL_top_10_video_2025-08-14_220927_early_stop/mlp_IT_vs_F_2025-08-14_220927_seed123_early_stop.pkl,"{'activation': 'relu', 'alpha': 0.0001, 'batch_size': 36, 'early_stopping': True, 'hidden_layer_sizes': [100], 'learning_rate': 'constant', 'learning_rate_init': 0.001, 'max_iter': 2000, 'solver': 'adam'}",2025-08-14_220927
MLP,IT_vs_F,123,True,3,0.28125,0.28125,experiment_results_statistical_IL_top_10_video_2025-08-14_220927_early_stop/mlp_IT_vs_F_2025-08-14_220927_seed123_early_stop.pkl,"{'activation': 'relu', 'alpha': 0.0001, 'batch_size': 36, 'early_stopping': True, 'hidden_layer_sizes': [100], 'learning_rate': 'constant', 'learning_rate_init': 0.001, 'max_iter': 2000, 'solver': 'adam'}",2025-08-14_220927
MLP,IT_vs_F,123,True,4,0.375,0.375,experiment_results_statistical_IL_top_10_video_2025-08-14_220927_early_stop/mlp_IT_vs_F_2025-08-14_220927_seed123_early_stop.pkl,"{'activation': 'relu', 'alpha': 0.0001, 'batch_size': 36, 'early_stopping': True, 'hidden_layer_sizes': [100], 'learning_rate': 'constant', 'learning_rate_init': 0.001, 'max_iter': 2000, 'solver': 'adam'}",2025-08-14_220927
MLP,IT_vs_F,123,True,5,0.46875,0.46875,experiment_results_statistical_IL_top_10_video_2025-08-14_220927_early_stop/mlp_IT_vs_F_2025-08-14_220927_seed123_early_stop.pkl,"{'activation': 'relu', 'alpha': 0.0001, 'batch_size': 36, 'early_stopping': True, 'hidden_layer_sizes': [100], 'learning_rate': 'constant', 'learning_rate_init': 0.001, 'max_iter': 2000, 'solver': 'adam'}",2025-08-14_220927
NaiveBayes,IT_vs_F,123,True,1,0.78125,0.609375,experiment_results_statistical_IL_top_10_video_2025-08-14_220927_early_stop/naivebayes_IT_vs_F_2025-08-14_220927_seed123_early_stop.pkl,"{'priors': None, 'var_smoothing': 1e-09}",2025-08-14_220927
NaiveBayes,IT_vs_F,123,True,2,0.9140625,0.765625,experiment_results_statistical_IL_top_10_video_2025-08-14_220927_early_stop/naivebayes_IT_vs_F_2025-08-14_220927_seed123_early_stop.pkl,"{'priors': None, 'var_smoothing': 1e-09}",2025-08-14_220927
NaiveBayes,IT_vs_F,123,True,3,1.0,0.921875,experiment_results_statistical_IL_top_10_video_2025-08-14_220927_early_stop/naivebayes_IT_vs_F_2025-08-14_220927_seed123_early_stop.pkl,"{'priors': None, 'var_smoothing': 1e-09}",2025-08-14_220927
NaiveBayes,IT_vs_F,123,True,4,1.0,0.984375,experiment_results_statistical_IL_top_10_video_2025-08-14_220927_early_stop/naivebayes_IT_vs_F_2025-08-14_220927_seed123_early_stop.pkl,"{'priors': None, 'var_smoothing': 1e-09}",2025-08-14_220927
NaiveBayes,IT_vs_F,123,True,5,1.0,0.984375,experiment_results_statistical_IL_top_10_video_2025-08-14_220927_early_stop/naivebayes_IT_vs_F_2025-08-14_220927_seed123_early_stop.pkl,"{'priors': None, 'var_smoothing': 1e-09}",2025-08-14_220927
LightGBM,IT_vs_F,123,True,1,0.84375,0.5625,experiment_results_statistical_IL_top_10_video_2025-08-14_220927_early_stop/lightgbm_IT_vs_F_2025-08-14_220927_seed123_early_stop.pkl,"{'boosting_type': 'gbdt', 'class_weight': None, 'colsample_bytree': 1.0, 'importance_type': 'split', 'learning_rate': 0.1, 'max_depth': -1, 'min_child_samples': 20, 'min_child_weight': 0.001, 'min_split_gain': 0.0, 'n_estimators': 100, 'n_jobs': -1, 'num_leaves': 31, 'objective': None, 'random_state': 123, 'reg_alpha': 0.0, 'reg_lambda': 0.0, 'subsample': 1.0, 'subsample_for_bin': 200000, 'subsample_freq': 0, 'verbose': -1}",2025-08-14_220927
LightGBM,IT_vs_F,123,True,2,0.921875,0.75,experiment_results_statistical_IL_top_10_video_2025-08-14_220927_early_stop/lightgbm_IT_vs_F_2025-08-14_220927_seed123_early_stop.pkl,"{'boosting_type': 'gbdt', 'class_weight': None, 'colsample_bytree': 1.0, 'importance_type': 'split', 'learning_rate': 0.1, 'max_depth': -1, 'min_child_samples': 20, 'min_child_weight': 0.001, 'min_split_gain': 0.0, 'n_estimators': 100, 'n_jobs': -1, 'num_leaves': 31, 'objective': None, 'random_state': 123, 'reg_alpha': 0.0, 'reg_lambda': 0.0, 'subsample': 1.0, 'subsample_for_bin': 200000, 'subsample_freq': 0, 'verbose': -1}",2025-08-14_220927
LightGBM,IT_vs_F,123,True,3,1.0,0.875,experiment_results_statistical_IL_top_10_video_2025-08-14_220927_early_stop/lightgbm_IT_vs_F_2025-08-14_220927_seed123_early_stop.pkl,"{'boosting_type': 'gbdt', 'class_weight': None, 'colsample_bytree': 1.0, 'importance_type': 'split', 'learning_rate': 0.1, 'max_depth': -1, 'min_child_samples': 20, 'min_child_weight': 0.001, 'min_split_gain': 0.0, 'n_estimators': 100, 'n_jobs': -1, 'num_leaves': 31, 'objective': None, 'random_state': 123, 'reg_alpha': 0.0, 'reg_lambda': 0.0, 'subsample': 1.0, 'subsample_for_bin': 200000, 'subsample_freq': 0, 'verbose': -1}",2025-08-14_220927
LightGBM,IT_vs_F,123,True,4,1.0,0.890625,experiment_results_statistical_IL_top_10_video_2025-08-14_220927_early_stop/lightgbm_IT_vs_F_2025-08-14_220927_seed123_early_stop.pkl,"{'boosting_type': 'gbdt', 'class_weight': None, 'colsample_bytree': 1.0, 'importance_type': 'split', 'learning_rate': 0.1, 'max_depth': -1, 'min_child_samples': 20, 'min_child_weight': 0.001, 'min_split_gain': 0.0, 'n_estimators': 100, 'n_jobs': -1, 'num_leaves': 31, 'objective': None, 'random_state': 123, 'reg_alpha': 0.0, 'reg_lambda': 0.0, 'subsample': 1.0, 'subsample_for_bin': 200000, 'subsample_freq': 0, 'verbose': -1}",2025-08-14_220927
LightGBM,IT_vs_F,123,True,5,1.0,0.921875,experiment_results_statistical_IL_top_10_video_2025-08-14_220927_early_stop/lightgbm_IT_vs_F_2025-08-14_220927_seed123_early_stop.pkl,"{'boosting_type': 'gbdt', 'class_weight': None, 'colsample_bytree': 1.0, 'importance_type': 'split', 'learning_rate': 0.1, 'max_depth': -1, 'min_child_samples': 20, 'min_child_weight': 0.001, 'min_split_gain': 0.0, 'n_estimators': 100, 'n_jobs': -1, 'num_leaves': 31, 'objective': None, 'random_state': 123, 'reg_alpha': 0.0, 'reg_lambda': 0.0, 'subsample': 1.0, 'subsample_for_bin': 200000, 'subsample_freq': 0, 'verbose': -1}",2025-08-14_220927
ExtraTrees,IT_vs_F,123,True,1,0.84375,0.65625,experiment_results_statistical_IL_top_10_video_2025-08-14_220927_early_stop/extratrees_IT_vs_F_2025-08-14_220927_seed123_early_stop.pkl,"{'bootstrap': False, 'ccp_alpha': 0.0, 'class_weight': None, 'criterion': 'gini', 'max_depth': None, 'max_features': 'sqrt', 'max_leaf_nodes': None, 'max_samples': None, 'min_impurity_decrease': 0.0, 'min_samples_leaf': 1, 'min_samples_split': 2, 'min_weight_fraction_leaf': 0.0, 'monotonic_cst': None, 'n_estimators': 100, 'n_jobs': -1, 'oob_score': False, 'random_state': 123, 'verbose': 0, 'warm_start': False}",2025-08-14_220927
ExtraTrees,IT_vs_F,123,True,2,0.921875,0.84375,experiment_results_statistical_IL_top_10_video_2025-08-14_220927_early_stop/extratrees_IT_vs_F_2025-08-14_220927_seed123_early_stop.pkl,"{'bootstrap': False, 'ccp_alpha': 0.0, 'class_weight': None, 'criterion': 'gini', 'max_depth': None, 'max_features': 'sqrt', 'max_leaf_nodes': None, 'max_samples': None, 'min_impurity_decrease': 0.0, 'min_samples_leaf': 1, 'min_samples_split': 2, 'min_weight_fraction_leaf': 0.0, 'monotonic_cst': None, 'n_estimators': 100, 'n_jobs': -1, 'oob_score': False, 'random_state': 123, 'verbose': 0, 'warm_start': False}",2025-08-14_220927
ExtraTrees,IT_vs_F,123,True,3,1.0,1.0,experiment_results_statistical_IL_top_10_video_2025-08-14_220927_early_stop/extratrees_IT_vs_F_2025-08-14_220927_seed123_early_stop.pkl,"{'bootstrap': False, 'ccp_alpha': 0.0, 'class_weight': None, 'criterion': 'gini', 'max_depth': None, 'max_features': 'sqrt', 'max_leaf_nodes': None, 'max_samples': None, 'min_impurity_decrease': 0.0, 'min_samples_leaf': 1, 'min_samples_split': 2, 'min_weight_fraction_leaf': 0.0, 'monotonic_cst': None, 'n_estimators': 100, 'n_jobs': -1, 'oob_score': False, 'random_state': 123, 'verbose': 0, 'warm_start': False}",2025-08-14_220927
ExtraTrees,IT_vs_F,123,True,4,1.0,1.0,experiment_results_statistical_IL_top_10_video_2025-08-14_220927_early_stop/extratrees_IT_vs_F_2025-08-14_220927_seed123_early_stop.pkl,"{'bootstrap': False, 'ccp_alpha': 0.0, 'class_weight': None, 'criterion': 'gini', 'max_depth': None, 'max_features': 'sqrt', 'max_leaf_nodes': None, 'max_samples': None, 'min_impurity_decrease': 0.0, 'min_samples_leaf': 1, 'min_samples_split': 2, 'min_weight_fraction_leaf': 0.0, 'monotonic_cst': None, 'n_estimators': 100, 'n_jobs': -1, 'oob_score': False, 'random_state': 123, 'verbose': 0, 'warm_start': False}",2025-08-14_220927
ExtraTrees,IT_vs_F,123,True,5,1.0,1.0,experiment_results_statistical_IL_top_10_video_2025-08-14_220927_early_stop/extratrees_IT_vs_F_2025-08-14_220927_seed123_early_stop.pkl,"{'bootstrap': False, 'ccp_alpha': 0.0, 'class_weight': None, 'criterion': 'gini', 'max_depth': None, 'max_features': 'sqrt', 'max_leaf_nodes': None, 'max_samples': None, 'min_impurity_decrease': 0.0, 'min_samples_leaf': 1, 'min_samples_split': 2, 'min_weight_fraction_leaf': 0.0, 'monotonic_cst': None, 'n_estimators': 100, 'n_jobs': -1, 'oob_score': False, 'random_state': 123, 'verbose': 0, 'warm_start': False}",2025-08-14_220927
GradientBoosting,IT_vs_F,123,True,1,0.84375,0.578125,experiment_results_statistical_IL_top_10_video_2025-08-14_220927_early_stop/gradientboosting_IT_vs_F_2025-08-14_220927_seed123_early_stop.pkl,"{'ccp_alpha': 0.0, 'criterion': 'friedman_mse', 'init': None, 'learning_rate': 0.1, 'loss': 'log_loss', 'max_depth': 3, 'max_features': None, 'max_leaf_nodes': None, 'min_impurity_decrease': 0.0, 'min_samples_leaf': 1, 'min_samples_split': 2, 'min_weight_fraction_leaf': 0.0, 'n_estimators': 100, 'n_iter_no_change': None, 'random_state': 123, 'subsample': 1.0, 'tol': 0.0001, 'validation_fraction': 0.1, 'verbose': 0, 'warm_start': False}",2025-08-14_220927
GradientBoosting,IT_vs_F,123,True,2,0.921875,0.796875,experiment_results_statistical_IL_top_10_video_2025-08-14_220927_early_stop/gradientboosting_IT_vs_F_2025-08-14_220927_seed123_early_stop.pkl,"{'ccp_alpha': 0.0, 'criterion': 'friedman_mse', 'init': None, 'learning_rate': 0.1, 'loss': 'log_loss', 'max_depth': 3, 'max_features': None, 'max_leaf_nodes': None, 'min_impurity_decrease': 0.0, 'min_samples_leaf': 1, 'min_samples_split': 2, 'min_weight_fraction_leaf': 0.0, 'n_estimators': 100, 'n_iter_no_change': None, 'random_state': 123, 'subsample': 1.0, 'tol': 0.0001, 'validation_fraction': 0.1, 'verbose': 0, 'warm_start': False}",2025-08-14_220927
GradientBoosting,IT_vs_F,123,True,3,1.0,0.9375,experiment_results_statistical_IL_top_10_video_2025-08-14_220927_early_stop/gradientboosting_IT_vs_F_2025-08-14_220927_seed123_early_stop.pkl,"{'ccp_alpha': 0.0, 'criterion': 'friedman_mse', 'init': None, 'learning_rate': 0.1, 'loss': 'log_loss', 'max_depth': 3, 'max_features': None, 'max_leaf_nodes': None, 'min_impurity_decrease': 0.0, 'min_samples_leaf': 1, 'min_samples_split': 2, 'min_weight_fraction_leaf': 0.0, 'n_estimators': 100, 'n_iter_no_change': None, 'random_state': 123, 'subsample': 1.0, 'tol': 0.0001, 'validation_fraction': 0.1, 'verbose': 0, 'warm_start': False}",2025-08-14_220927
GradientBoosting,IT_vs_F,123,True,4,1.0,0.96875,experiment_results_statistical_IL_top_10_video_2025-08-14_220927_early_stop/gradientboosting_IT_vs_F_2025-08-14_220927_seed123_early_stop.pkl,"{'ccp_alpha': 0.0, 'criterion': 'friedman_mse', 'init': None, 'learning_rate': 0.1, 'loss': 'log_loss', 'max_depth': 3, 'max_features': None, 'max_leaf_nodes': None, 'min_impurity_decrease': 0.0, 'min_samples_leaf': 1, 'min_samples_split': 2, 'min_weight_fraction_leaf': 0.0, 'n_estimators': 100, 'n_iter_no_change': None, 'random_state': 123, 'subsample': 1.0, 'tol': 0.0001, 'validation_fraction': 0.1, 'verbose': 0, 'warm_start': False}",2025-08-14_220927
GradientBoosting,IT_vs_F,123,True,5,1.0,1.0,experiment_results_statistical_IL_top_10_video_2025-08-14_220927_early_stop/gradientboosting_IT_vs_F_2025-08-14_220927_seed123_early_stop.pkl,"{'ccp_alpha': 0.0, 'criterion': 'friedman_mse', 'init': None, 'learning_rate': 0.1, 'loss': 'log_loss', 'max_depth': 3, 'max_features': None, 'max_leaf_nodes': None, 'min_impurity_decrease': 0.0, 'min_samples_leaf': 1, 'min_samples_split': 2, 'min_weight_fraction_leaf': 0.0, 'n_estimators': 100, 'n_iter_no_change': None, 'random_state': 123, 'subsample': 1.0, 'tol': 0.0001, 'validation_fraction': 0.1, 'verbose': 0, 'warm_start': False}",2025-08-14_220927
KNN,IT_vs_F,123,True,1,0.5625,0.4375,experiment_results_statistical_IL_top_10_video_2025-08-14_220927_early_stop/knn_IT_vs_F_2025-08-14_220927_seed123_early_stop.pkl,"{'algorithm': 'auto', 'leaf_size': 30, 'metric': 'minkowski', 'metric_params': None, 'n_jobs': -1, 'n_neighbors': 5, 'p': 2, 'weights': 'uniform'}",2025-08-14_220927
KNN,IT_vs_F,123,True,2,0.8125,0.65625,experiment_results_statistical_IL_top_10_video_2025-08-14_220927_early_stop/knn_IT_vs_F_2025-08-14_220927_seed123_early_stop.pkl,"{'algorithm': 'auto', 'leaf_size': 30, 'metric': 'minkowski', 'metric_params': None, 'n_jobs': -1, 'n_neighbors': 5, 'p': 2, 'weights': 'uniform'}",2025-08-14_220927
KNN,IT_vs_F,123,True,3,0.875,0.734375,experiment_results_statistical_IL_top_10_video_2025-08-14_220927_early_stop/knn_IT_vs_F_2025-08-14_220927_seed123_early_stop.pkl,"{'algorithm': 'auto', 'leaf_size': 30, 'metric': 'minkowski', 'metric_params': None, 'n_jobs': -1, 'n_neighbors': 5, 'p': 2, 'weights': 'uniform'}",2025-08-14_220927
KNN,IT_vs_F,123,True,4,0.8984375,0.796875,experiment_results_statistical_IL_top_10_video_2025-08-14_220927_early_stop/knn_IT_vs_F_2025-08-14_220927_seed123_early_stop.pkl,"{'algorithm': 'auto', 'leaf_size': 30, 'metric': 'minkowski', 'metric_params': None, 'n_jobs': -1, 'n_neighbors': 5, 'p': 2, 'weights': 'uniform'}",2025-08-14_220927
KNN,IT_vs_F,123,True,5,0.90625,0.8125,experiment_results_statistical_IL_top_10_video_2025-08-14_220927_early_stop/knn_IT_vs_F_2025-08-14_220927_seed123_early_stop.pkl,"{'algorithm': 'auto', 'leaf_size': 30, 'metric': 'minkowski', 'metric_params': None, 'n_jobs': -1, 'n_neighbors': 5, 'p': 2, 'weights': 'uniform'}",2025-08-14_220927
LogisticRegression,IT_vs_F,123,True,1,0.09375,0.09375,experiment_results_statistical_IL_top_10_video_2025-08-14_220927_early_stop/logisticregression_IT_vs_F_2025-08-14_220927_seed123_early_stop.pkl,"{'C': 1.0, 'class_weight': None, 'dual': False, 'fit_intercept': True, 'intercept_scaling': 1, 'l1_ratio': None, 'max_iter': 100, 'multi_class': 'deprecated', 'n_jobs': -1, 'penalty': 'l2', 'random_state': 123, 'solver': 'lbfgs', 'tol': 0.0001, 'verbose': 0, 'warm_start': False}",2025-08-14_220927
LogisticRegression,IT_vs_F,123,True,2,0.21875,0.1875,experiment_results_statistical_IL_top_10_video_2025-08-14_220927_early_stop/logisticregression_IT_vs_F_2025-08-14_220927_seed123_early_stop.pkl,"{'C': 1.0, 'class_weight': None, 'dual': False, 'fit_intercept': True, 'intercept_scaling': 1, 'l1_ratio': None, 'max_iter': 100, 'multi_class': 'deprecated', 'n_jobs': -1, 'penalty': 'l2', 'random_state': 123, 'solver': 'lbfgs', 'tol': 0.0001, 'verbose': 0, 'warm_start': False}",2025-08-14_220927
LogisticRegression,IT_vs_F,123,True,3,0.359375,0.328125,experiment_results_statistical_IL_top_10_video_2025-08-14_220927_early_stop/logisticregression_IT_vs_F_2025-08-14_220927_seed123_early_stop.pkl,"{'C': 1.0, 'class_weight': None, 'dual': False, 'fit_intercept': True, 'intercept_scaling': 1, 'l1_ratio': None, 'max_iter': 100, 'multi_class': 'deprecated', 'n_jobs': -1, 'penalty': 'l2', 'random_state': 123, 'solver': 'lbfgs', 'tol': 0.0001, 'verbose': 0, 'warm_start': False}",2025-08-14_220927
LogisticRegression,IT_vs_F,123,True,4,0.5078125,0.515625,experiment_results_statistical_IL_top_10_video_2025-08-14_220927_early_stop/logisticregression_IT_vs_F_2025-08-14_220927_seed123_early_stop.pkl,"{'C': 1.0, 'class_weight': None, 'dual': False, 'fit_intercept': True, 'intercept_scaling': 1, 'l1_ratio': None, 'max_iter': 100, 'multi_class': 'deprecated', 'n_jobs': -1, 'penalty': 'l2', 'random_state': 123, 'solver': 'lbfgs', 'tol': 0.0001, 'verbose': 0, 'warm_start': False}",2025-08-14_220927
LogisticRegression,IT_vs_F,123,True,5,0.625,0.5625,experiment_results_statistical_IL_top_10_video_2025-08-14_220927_early_stop/logisticregression_IT_vs_F_2025-08-14_220927_seed123_early_stop.pkl,"{'C': 1.0, 'class_weight': None, 'dual': False, 'fit_intercept': True, 'intercept_scaling': 1, 'l1_ratio': None, 'max_iter': 100, 'multi_class': 'deprecated', 'n_jobs': -1, 'penalty': 'l2', 'random_state': 123, 'solver': 'lbfgs', 'tol': 0.0001, 'verbose': 0, 'warm_start': False}",2025-08-14_220927
RandomForest,IT_vs_F,456,True,1,0.84375,0.609375,experiment_results_statistical_IL_top_10_video_2025-08-14_220927_early_stop/randomforest_IT_vs_F_2025-08-14_220927_seed456_early_stop.pkl,"{'bootstrap': True, 'max_depth': 10, 'max_features': 'log2', 'min_samples_leaf': 1, 'min_samples_split': 2, 'n_estimators': 100}",2025-08-14_220927
RandomForest,IT_vs_F,456,True,2,0.921875,0.84375,experiment_results_statistical_IL_top_10_video_2025-08-14_220927_early_stop/randomforest_IT_vs_F_2025-08-14_220927_seed456_early_stop.pkl,"{'bootstrap': True, 'max_depth': 10, 'max_features': 'log2', 'min_samples_leaf': 1, 'min_samples_split': 2, 'n_estimators': 100}",2025-08-14_220927
RandomForest,IT_vs_F,456,True,3,1.0,0.96875,experiment_results_statistical_IL_top_10_video_2025-08-14_220927_early_stop/randomforest_IT_vs_F_2025-08-14_220927_seed456_early_stop.pkl,"{'bootstrap': True, 'max_depth': 10, 'max_features': 'log2', 'min_samples_leaf': 1, 'min_samples_split': 2, 'n_estimators': 100}",2025-08-14_220927
RandomForest,IT_vs_F,456,True,4,1.0,1.0,experiment_results_statistical_IL_top_10_video_2025-08-14_220927_early_stop/randomforest_IT_vs_F_2025-08-14_220927_seed456_early_stop.pkl,"{'bootstrap': True, 'max_depth': 10, 'max_features': 'log2', 'min_samples_leaf': 1, 'min_samples_split': 2, 'n_estimators': 100}",2025-08-14_220927
RandomForest,IT_vs_F,456,True,5,1.0,1.0,experiment_results_statistical_IL_top_10_video_2025-08-14_220927_early_stop/randomforest_IT_vs_F_2025-08-14_220927_seed456_early_stop.pkl,"{'bootstrap': True, 'max_depth': 10, 'max_features': 'log2', 'min_samples_leaf': 1, 'min_samples_split': 2, 'n_estimators': 100}",2025-08-14_220927
XGBoost,IT_vs_F,456,True,1,0.84375,0.59375,experiment_results_statistical_IL_top_10_video_2025-08-14_220927_early_stop/xgboost_IT_vs_F_2025-08-14_220927_seed456_early_stop.pkl,"{'colsample_bytree': 0.8, 'device': 'cpu', 'learning_rate': 0.1, 'max_depth': 4, 'n_estimators': 1000, 'reg_lambda': 3, 'subsample': 0.8}",2025-08-14_220927
XGBoost,IT_vs_F,456,True,2,0.921875,0.859375,experiment_results_statistical_IL_top_10_video_2025-08-14_220927_early_stop/xgboost_IT_vs_F_2025-08-14_220927_seed456_early_stop.pkl,"{'colsample_bytree': 0.8, 'device': 'cpu', 'learning_rate': 0.1, 'max_depth': 4, 'n_estimators': 1000, 'reg_lambda': 3, 'subsample': 0.8}",2025-08-14_220927
XGBoost,IT_vs_F,456,True,3,1.0,0.96875,experiment_results_statistical_IL_top_10_video_2025-08-14_220927_early_stop/xgboost_IT_vs_F_2025-08-14_220927_seed456_early_stop.pkl,"{'colsample_bytree': 0.8, 'device': 'cpu', 'learning_rate': 0.1, 'max_depth': 4, 'n_estimators': 1000, 'reg_lambda': 3, 'subsample': 0.8}",2025-08-14_220927
XGBoost,IT_vs_F,456,True,4,1.0,0.96875,experiment_results_statistical_IL_top_10_video_2025-08-14_220927_early_stop/xgboost_IT_vs_F_2025-08-14_220927_seed456_early_stop.pkl,"{'colsample_bytree': 0.8, 'device': 'cpu', 'learning_rate': 0.1, 'max_depth': 4, 'n_estimators': 1000, 'reg_lambda': 3, 'subsample': 0.8}",2025-08-14_220927
XGBoost,IT_vs_F,456,True,5,1.0,0.96875,experiment_results_statistical_IL_top_10_video_2025-08-14_220927_early_stop/xgboost_IT_vs_F_2025-08-14_220927_seed456_early_stop.pkl,"{'colsample_bytree': 0.8, 'device': 'cpu', 'learning_rate': 0.1, 'max_depth': 4, 'n_estimators': 1000, 'reg_lambda': 3, 'subsample': 0.8}",2025-08-14_220927
CatBoost,IT_vs_F,456,True,1,0.84375,0.5625,experiment_results_statistical_IL_top_10_video_2025-08-14_220927_early_stop/catboost_IT_vs_F_2025-08-14_220927_seed456_early_stop.pkl,"{'border_count': 32, 'depth': 4, 'iterations': 1000, 'l2_leaf_reg': 3, 'learning_rate': 0.05}",2025-08-14_220927
CatBoost,IT_vs_F,456,True,2,0.921875,0.828125,experiment_results_statistical_IL_top_10_video_2025-08-14_220927_early_stop/catboost_IT_vs_F_2025-08-14_220927_seed456_early_stop.pkl,"{'border_count': 32, 'depth': 4, 'iterations': 1000, 'l2_leaf_reg': 3, 'learning_rate': 0.05}",2025-08-14_220927
CatBoost,IT_vs_F,456,True,3,1.0,0.984375,experiment_results_statistical_IL_top_10_video_2025-08-14_220927_early_stop/catboost_IT_vs_F_2025-08-14_220927_seed456_early_stop.pkl,"{'border_count': 32, 'depth': 4, 'iterations': 1000, 'l2_leaf_reg': 3, 'learning_rate': 0.05}",2025-08-14_220927
CatBoost,IT_vs_F,456,True,4,1.0,0.984375,experiment_results_statistical_IL_top_10_video_2025-08-14_220927_early_stop/catboost_IT_vs_F_2025-08-14_220927_seed456_early_stop.pkl,"{'border_count': 32, 'depth': 4, 'iterations': 1000, 'l2_leaf_reg': 3, 'learning_rate': 0.05}",2025-08-14_220927
CatBoost,IT_vs_F,456,True,5,1.0,1.0,experiment_results_statistical_IL_top_10_video_2025-08-14_220927_early_stop/catboost_IT_vs_F_2025-08-14_220927_seed456_early_stop.pkl,"{'border_count': 32, 'depth': 4, 'iterations': 1000, 'l2_leaf_reg': 3, 'learning_rate': 0.05}",2025-08-14_220927
SVM,IT_vs_F,456,True,1,0.515625,0.484375,experiment_results_statistical_IL_top_10_video_2025-08-14_220927_early_stop/svm_IT_vs_F_2025-08-14_220927_seed456_early_stop.pkl,"{'C': 1, 'decision_function_shape': 'ovo', 'gamma': 'scale', 'kernel': 'poly'}",2025-08-14_220927
SVM,IT_vs_F,456,True,2,0.78125,0.6875,experiment_results_statistical_IL_top_10_video_2025-08-14_220927_early_stop/svm_IT_vs_F_2025-08-14_220927_seed456_early_stop.pkl,"{'C': 1, 'decision_function_shape': 'ovo', 'gamma': 'scale', 'kernel': 'poly'}",2025-08-14_220927
SVM,IT_vs_F,456,True,3,0.9921875,0.9375,experiment_results_statistical_IL_top_10_video_2025-08-14_220927_early_stop/svm_IT_vs_F_2025-08-14_220927_seed456_early_stop.pkl,"{'C': 1, 'decision_function_shape': 'ovo', 'gamma': 'scale', 'kernel': 'poly'}",2025-08-14_220927
SVM,IT_vs_F,456,True,4,1.0,0.9375,experiment_results_statistical_IL_top_10_video_2025-08-14_220927_early_stop/svm_IT_vs_F_2025-08-14_220927_seed456_early_stop.pkl,"{'C': 1, 'decision_function_shape': 'ovo', 'gamma': 'scale', 'kernel': 'poly'}",2025-08-14_220927
SVM,IT_vs_F,456,True,5,1.0,0.953125,experiment_results_statistical_IL_top_10_video_2025-08-14_220927_early_stop/svm_IT_vs_F_2025-08-14_220927_seed456_early_stop.pkl,"{'C': 1, 'decision_function_shape': 'ovo', 'gamma': 'scale', 'kernel': 'poly'}",2025-08-14_220927
MLP,IT_vs_F,456,True,1,0.09375,0.09375,experiment_results_statistical_IL_top_10_video_2025-08-14_220927_early_stop/mlp_IT_vs_F_2025-08-14_220927_seed456_early_stop.pkl,"{'activation': 'relu', 'alpha': 0.0001, 'batch_size': 36, 'early_stopping': True, 'hidden_layer_sizes': [50], 'learning_rate': 'constant', 'learning_rate_init': 0.001, 'max_iter': 2000, 'solver': 'adam'}",2025-08-14_220927
MLP,IT_vs_F,456,True,2,0.171875,0.1875,experiment_results_statistical_IL_top_10_video_2025-08-14_220927_early_stop/mlp_IT_vs_F_2025-08-14_220927_seed456_early_stop.pkl,"{'activation': 'relu', 'alpha': 0.0001, 'batch_size': 36, 'early_stopping': True, 'hidden_layer_sizes': [50], 'learning_rate': 'constant', 'learning_rate_init': 0.001, 'max_iter': 2000, 'solver': 'adam'}",2025-08-14_220927
MLP,IT_vs_F,456,True,3,0.265625,0.28125,experiment_results_statistical_IL_top_10_video_2025-08-14_220927_early_stop/mlp_IT_vs_F_2025-08-14_220927_seed456_early_stop.pkl,"{'activation': 'relu', 'alpha': 0.0001, 'batch_size': 36, 'early_stopping': True, 'hidden_layer_sizes': [50], 'learning_rate': 'constant', 'learning_rate_init': 0.001, 'max_iter': 2000, 'solver': 'adam'}",2025-08-14_220927
MLP,IT_vs_F,456,True,4,0.359375,0.375,experiment_results_statistical_IL_top_10_video_2025-08-14_220927_early_stop/mlp_IT_vs_F_2025-08-14_220927_seed456_early_stop.pkl,"{'activation': 'relu', 'alpha': 0.0001, 'batch_size': 36, 'early_stopping': True, 'hidden_layer_sizes': [50], 'learning_rate': 'constant', 'learning_rate_init': 0.001, 'max_iter': 2000, 'solver': 'adam'}",2025-08-14_220927
MLP,IT_vs_F,456,True,5,0.453125,0.46875,experiment_results_statistical_IL_top_10_video_2025-08-14_220927_early_stop/mlp_IT_vs_F_2025-08-14_220927_seed456_early_stop.pkl,"{'activation': 'relu', 'alpha': 0.0001, 'batch_size': 36, 'early_stopping': True, 'hidden_layer_sizes': [50], 'learning_rate': 'constant', 'learning_rate_init': 0.001, 'max_iter': 2000, 'solver': 'adam'}",2025-08-14_220927
NaiveBayes,IT_vs_F,456,True,1,0.78125,0.609375,experiment_results_statistical_IL_top_10_video_2025-08-14_220927_early_stop/naivebayes_IT_vs_F_2025-08-14_220927_seed456_early_stop.pkl,"{'priors': None, 'var_smoothing': 1e-09}",2025-08-14_220927
NaiveBayes,IT_vs_F,456,True,2,0.9140625,0.765625,experiment_results_statistical_IL_top_10_video_2025-08-14_220927_early_stop/naivebayes_IT_vs_F_2025-08-14_220927_seed456_early_stop.pkl,"{'priors': None, 'var_smoothing': 1e-09}",2025-08-14_220927
NaiveBayes,IT_vs_F,456,True,3,1.0,0.921875,experiment_results_statistical_IL_top_10_video_2025-08-14_220927_early_stop/naivebayes_IT_vs_F_2025-08-14_220927_seed456_early_stop.pkl,"{'priors': None, 'var_smoothing': 1e-09}",2025-08-14_220927
NaiveBayes,IT_vs_F,456,True,4,1.0,0.984375,experiment_results_statistical_IL_top_10_video_2025-08-14_220927_early_stop/naivebayes_IT_vs_F_2025-08-14_220927_seed456_early_stop.pkl,"{'priors': None, 'var_smoothing': 1e-09}",2025-08-14_220927
NaiveBayes,IT_vs_F,456,True,5,1.0,0.984375,experiment_results_statistical_IL_top_10_video_2025-08-14_220927_early_stop/naivebayes_IT_vs_F_2025-08-14_220927_seed456_early_stop.pkl,"{'priors': None, 'var_smoothing': 1e-09}",2025-08-14_220927
LightGBM,IT_vs_F,456,True,1,0.84375,0.5625,experiment_results_statistical_IL_top_10_video_2025-08-14_220927_early_stop/lightgbm_IT_vs_F_2025-08-14_220927_seed456_early_stop.pkl,"{'boosting_type': 'gbdt', 'class_weight': None, 'colsample_bytree': 1.0, 'importance_type': 'split', 'learning_rate': 0.1, 'max_depth': -1, 'min_child_samples': 20, 'min_child_weight': 0.001, 'min_split_gain': 0.0, 'n_estimators': 100, 'n_jobs': -1, 'num_leaves': 31, 'objective': None, 'random_state': 456, 'reg_alpha': 0.0, 'reg_lambda': 0.0, 'subsample': 1.0, 'subsample_for_bin': 200000, 'subsample_freq': 0, 'verbose': -1}",2025-08-14_220927
LightGBM,IT_vs_F,456,True,2,0.921875,0.75,experiment_results_statistical_IL_top_10_video_2025-08-14_220927_early_stop/lightgbm_IT_vs_F_2025-08-14_220927_seed456_early_stop.pkl,"{'boosting_type': 'gbdt', 'class_weight': None, 'colsample_bytree': 1.0, 'importance_type': 'split', 'learning_rate': 0.1, 'max_depth': -1, 'min_child_samples': 20, 'min_child_weight': 0.001, 'min_split_gain': 0.0, 'n_estimators': 100, 'n_jobs': -1, 'num_leaves': 31, 'objective': None, 'random_state': 456, 'reg_alpha': 0.0, 'reg_lambda': 0.0, 'subsample': 1.0, 'subsample_for_bin': 200000, 'subsample_freq': 0, 'verbose': -1}",2025-08-14_220927
LightGBM,IT_vs_F,456,True,3,1.0,0.875,experiment_results_statistical_IL_top_10_video_2025-08-14_220927_early_stop/lightgbm_IT_vs_F_2025-08-14_220927_seed456_early_stop.pkl,"{'boosting_type': 'gbdt', 'class_weight': None, 'colsample_bytree': 1.0, 'importance_type': 'split', 'learning_rate': 0.1, 'max_depth': -1, 'min_child_samples': 20, 'min_child_weight': 0.001, 'min_split_gain': 0.0, 'n_estimators': 100, 'n_jobs': -1, 'num_leaves': 31, 'objective': None, 'random_state': 456, 'reg_alpha': 0.0, 'reg_lambda': 0.0, 'subsample': 1.0, 'subsample_for_bin': 200000, 'subsample_freq': 0, 'verbose': -1}",2025-08-14_220927
LightGBM,IT_vs_F,456,True,4,1.0,0.890625,experiment_results_statistical_IL_top_10_video_2025-08-14_220927_early_stop/lightgbm_IT_vs_F_2025-08-14_220927_seed456_early_stop.pkl,"{'boosting_type': 'gbdt', 'class_weight': None, 'colsample_bytree': 1.0, 'importance_type': 'split', 'learning_rate': 0.1, 'max_depth': -1, 'min_child_samples': 20, 'min_child_weight': 0.001, 'min_split_gain': 0.0, 'n_estimators': 100, 'n_jobs': -1, 'num_leaves': 31, 'objective': None, 'random_state': 456, 'reg_alpha': 0.0, 'reg_lambda': 0.0, 'subsample': 1.0, 'subsample_for_bin': 200000, 'subsample_freq': 0, 'verbose': -1}",2025-08-14_220927
LightGBM,IT_vs_F,456,True,5,1.0,0.921875,experiment_results_statistical_IL_top_10_video_2025-08-14_220927_early_stop/lightgbm_IT_vs_F_2025-08-14_220927_seed456_early_stop.pkl,"{'boosting_type': 'gbdt', 'class_weight': None, 'colsample_bytree': 1.0, 'importance_type': 'split', 'learning_rate': 0.1, 'max_depth': -1, 'min_child_samples': 20, 'min_child_weight': 0.001, 'min_split_gain': 0.0, 'n_estimators': 100, 'n_jobs': -1, 'num_leaves': 31, 'objective': None, 'random_state': 456, 'reg_alpha': 0.0, 'reg_lambda': 0.0, 'subsample': 1.0, 'subsample_for_bin': 200000, 'subsample_freq': 0, 'verbose': -1}",2025-08-14_220927
ExtraTrees,IT_vs_F,456,True,1,0.84375,0.625,experiment_results_statistical_IL_top_10_video_2025-08-14_220927_early_stop/extratrees_IT_vs_F_2025-08-14_220927_seed456_early_stop.pkl,"{'bootstrap': False, 'ccp_alpha': 0.0, 'class_weight': None, 'criterion': 'gini', 'max_depth': None, 'max_features': 'sqrt', 'max_leaf_nodes': None, 'max_samples': None, 'min_impurity_decrease': 0.0, 'min_samples_leaf': 1, 'min_samples_split': 2, 'min_weight_fraction_leaf': 0.0, 'monotonic_cst': None, 'n_estimators': 100, 'n_jobs': -1, 'oob_score': False, 'random_state': 456, 'verbose': 0, 'warm_start': False}",2025-08-14_220927
ExtraTrees,IT_vs_F,456,True,2,0.921875,0.84375,experiment_results_statistical_IL_top_10_video_2025-08-14_220927_early_stop/extratrees_IT_vs_F_2025-08-14_220927_seed456_early_stop.pkl,"{'bootstrap': False, 'ccp_alpha': 0.0, 'class_weight': None, 'criterion': 'gini', 'max_depth': None, 'max_features': 'sqrt', 'max_leaf_nodes': None, 'max_samples': None, 'min_impurity_decrease': 0.0, 'min_samples_leaf': 1, 'min_samples_split': 2, 'min_weight_fraction_leaf': 0.0, 'monotonic_cst': None, 'n_estimators': 100, 'n_jobs': -1, 'oob_score': False, 'random_state': 456, 'verbose': 0, 'warm_start': False}",2025-08-14_220927
ExtraTrees,IT_vs_F,456,True,3,1.0,1.0,experiment_results_statistical_IL_top_10_video_2025-08-14_220927_early_stop/extratrees_IT_vs_F_2025-08-14_220927_seed456_early_stop.pkl,"{'bootstrap': False, 'ccp_alpha': 0.0, 'class_weight': None, 'criterion': 'gini', 'max_depth': None, 'max_features': 'sqrt', 'max_leaf_nodes': None, 'max_samples': None, 'min_impurity_decrease': 0.0, 'min_samples_leaf': 1, 'min_samples_split': 2, 'min_weight_fraction_leaf': 0.0, 'monotonic_cst': None, 'n_estimators': 100, 'n_jobs': -1, 'oob_score': False, 'random_state': 456, 'verbose': 0, 'warm_start': False}",2025-08-14_220927
ExtraTrees,IT_vs_F,456,True,4,1.0,1.0,experiment_results_statistical_IL_top_10_video_2025-08-14_220927_early_stop/extratrees_IT_vs_F_2025-08-14_220927_seed456_early_stop.pkl,"{'bootstrap': False, 'ccp_alpha': 0.0, 'class_weight': None, 'criterion': 'gini', 'max_depth': None, 'max_features': 'sqrt', 'max_leaf_nodes': None, 'max_samples': None, 'min_impurity_decrease': 0.0, 'min_samples_leaf': 1, 'min_samples_split': 2, 'min_weight_fraction_leaf': 0.0, 'monotonic_cst': None, 'n_estimators': 100, 'n_jobs': -1, 'oob_score': False, 'random_state': 456, 'verbose': 0, 'warm_start': False}",2025-08-14_220927
ExtraTrees,IT_vs_F,456,True,5,1.0,1.0,experiment_results_statistical_IL_top_10_video_2025-08-14_220927_early_stop/extratrees_IT_vs_F_2025-08-14_220927_seed456_early_stop.pkl,"{'bootstrap': False, 'ccp_alpha': 0.0, 'class_weight': None, 'criterion': 'gini', 'max_depth': None, 'max_features': 'sqrt', 'max_leaf_nodes': None, 'max_samples': None, 'min_impurity_decrease': 0.0, 'min_samples_leaf': 1, 'min_samples_split': 2, 'min_weight_fraction_leaf': 0.0, 'monotonic_cst': None, 'n_estimators': 100, 'n_jobs': -1, 'oob_score': False, 'random_state': 456, 'verbose': 0, 'warm_start': False}",2025-08-14_220927
GradientBoosting,IT_vs_F,456,True,1,0.84375,0.5625,experiment_results_statistical_IL_top_10_video_2025-08-14_220927_early_stop/gradientboosting_IT_vs_F_2025-08-14_220927_seed456_early_stop.pkl,"{'ccp_alpha': 0.0, 'criterion': 'friedman_mse', 'init': None, 'learning_rate': 0.1, 'loss': 'log_loss', 'max_depth': 3, 'max_features': None, 'max_leaf_nodes': None, 'min_impurity_decrease': 0.0, 'min_samples_leaf': 1, 'min_samples_split': 2, 'min_weight_fraction_leaf': 0.0, 'n_estimators': 100, 'n_iter_no_change': None, 'random_state': 456, 'subsample': 1.0, 'tol': 0.0001, 'validation_fraction': 0.1, 'verbose': 0, 'warm_start': False}",2025-08-14_220927
GradientBoosting,IT_vs_F,456,True,2,0.921875,0.796875,experiment_results_statistical_IL_top_10_video_2025-08-14_220927_early_stop/gradientboosting_IT_vs_F_2025-08-14_220927_seed456_early_stop.pkl,"{'ccp_alpha': 0.0, 'criterion': 'friedman_mse', 'init': None, 'learning_rate': 0.1, 'loss': 'log_loss', 'max_depth': 3, 'max_features': None, 'max_leaf_nodes': None, 'min_impurity_decrease': 0.0, 'min_samples_leaf': 1, 'min_samples_split': 2, 'min_weight_fraction_leaf': 0.0, 'n_estimators': 100, 'n_iter_no_change': None, 'random_state': 456, 'subsample': 1.0, 'tol': 0.0001, 'validation_fraction': 0.1, 'verbose': 0, 'warm_start': False}",2025-08-14_220927
GradientBoosting,IT_vs_F,456,True,3,1.0,0.9375,experiment_results_statistical_IL_top_10_video_2025-08-14_220927_early_stop/gradientboosting_IT_vs_F_2025-08-14_220927_seed456_early_stop.pkl,"{'ccp_alpha': 0.0, 'criterion': 'friedman_mse', 'init': None, 'learning_rate': 0.1, 'loss': 'log_loss', 'max_depth': 3, 'max_features': None, 'max_leaf_nodes': None, 'min_impurity_decrease': 0.0, 'min_samples_leaf': 1, 'min_samples_split': 2, 'min_weight_fraction_leaf': 0.0, 'n_estimators': 100, 'n_iter_no_change': None, 'random_state': 456, 'subsample': 1.0, 'tol': 0.0001, 'validation_fraction': 0.1, 'verbose': 0, 'warm_start': False}",2025-08-14_220927
GradientBoosting,IT_vs_F,456,True,4,1.0,0.953125,experiment_results_statistical_IL_top_10_video_2025-08-14_220927_early_stop/gradientboosting_IT_vs_F_2025-08-14_220927_seed456_early_stop.pkl,"{'ccp_alpha': 0.0, 'criterion': 'friedman_mse', 'init': None, 'learning_rate': 0.1, 'loss': 'log_loss', 'max_depth': 3, 'max_features': None, 'max_leaf_nodes': None, 'min_impurity_decrease': 0.0, 'min_samples_leaf': 1, 'min_samples_split': 2, 'min_weight_fraction_leaf': 0.0, 'n_estimators': 100, 'n_iter_no_change': None, 'random_state': 456, 'subsample': 1.0, 'tol': 0.0001, 'validation_fraction': 0.1, 'verbose': 0, 'warm_start': False}",2025-08-14_220927
GradientBoosting,IT_vs_F,456,True,5,1.0,1.0,experiment_results_statistical_IL_top_10_video_2025-08-14_220927_early_stop/gradientboosting_IT_vs_F_2025-08-14_220927_seed456_early_stop.pkl,"{'ccp_alpha': 0.0, 'criterion': 'friedman_mse', 'init': None, 'learning_rate': 0.1, 'loss': 'log_loss', 'max_depth': 3, 'max_features': None, 'max_leaf_nodes': None, 'min_impurity_decrease': 0.0, 'min_samples_leaf': 1, 'min_samples_split': 2, 'min_weight_fraction_leaf': 0.0, 'n_estimators': 100, 'n_iter_no_change': None, 'random_state': 456, 'subsample': 1.0, 'tol': 0.0001, 'validation_fraction': 0.1, 'verbose': 0, 'warm_start': False}",2025-08-14_220927
KNN,IT_vs_F,456,True,1,0.5625,0.4375,experiment_results_statistical_IL_top_10_video_2025-08-14_220927_early_stop/knn_IT_vs_F_2025-08-14_220927_seed456_early_stop.pkl,"{'algorithm': 'auto', 'leaf_size': 30, 'metric': 'minkowski', 'metric_params': None, 'n_jobs': -1, 'n_neighbors': 5, 'p': 2, 'weights': 'uniform'}",2025-08-14_220927
KNN,IT_vs_F,456,True,2,0.8125,0.65625,experiment_results_statistical_IL_top_10_video_2025-08-14_220927_early_stop/knn_IT_vs_F_2025-08-14_220927_seed456_early_stop.pkl,"{'algorithm': 'auto', 'leaf_size': 30, 'metric': 'minkowski', 'metric_params': None, 'n_jobs': -1, 'n_neighbors': 5, 'p': 2, 'weights': 'uniform'}",2025-08-14_220927
KNN,IT_vs_F,456,True,3,0.875,0.734375,experiment_results_statistical_IL_top_10_video_2025-08-14_220927_early_stop/knn_IT_vs_F_2025-08-14_220927_seed456_early_stop.pkl,"{'algorithm': 'auto', 'leaf_size': 30, 'metric': 'minkowski', 'metric_params': None, 'n_jobs': -1, 'n_neighbors': 5, 'p': 2, 'weights': 'uniform'}",2025-08-14_220927
KNN,IT_vs_F,456,True,4,0.8984375,0.796875,experiment_results_statistical_IL_top_10_video_2025-08-14_220927_early_stop/knn_IT_vs_F_2025-08-14_220927_seed456_early_stop.pkl,"{'algorithm': 'auto', 'leaf_size': 30, 'metric': 'minkowski', 'metric_params': None, 'n_jobs': -1, 'n_neighbors': 5, 'p': 2, 'weights': 'uniform'}",2025-08-14_220927
KNN,IT_vs_F,456,True,5,0.90625,0.8125,experiment_results_statistical_IL_top_10_video_2025-08-14_220927_early_stop/knn_IT_vs_F_2025-08-14_220927_seed456_early_stop.pkl,"{'algorithm': 'auto', 'leaf_size': 30, 'metric': 'minkowski', 'metric_params': None, 'n_jobs': -1, 'n_neighbors': 5, 'p': 2, 'weights': 'uniform'}",2025-08-14_220927
LogisticRegression,IT_vs_F,456,True,1,0.09375,0.09375,experiment_results_statistical_IL_top_10_video_2025-08-14_220927_early_stop/logisticregression_IT_vs_F_2025-08-14_220927_seed456_early_stop.pkl,"{'C': 1.0, 'class_weight': None, 'dual': False, 'fit_intercept': True, 'intercept_scaling': 1, 'l1_ratio': None, 'max_iter': 100, 'multi_class': 'deprecated', 'n_jobs': -1, 'penalty': 'l2', 'random_state': 456, 'solver': 'lbfgs', 'tol': 0.0001, 'verbose': 0, 'warm_start': False}",2025-08-14_220927
LogisticRegression,IT_vs_F,456,True,2,0.21875,0.1875,experiment_results_statistical_IL_top_10_video_2025-08-14_220927_early_stop/logisticregression_IT_vs_F_2025-08-14_220927_seed456_early_stop.pkl,"{'C': 1.0, 'class_weight': None, 'dual': False, 'fit_intercept': True, 'intercept_scaling': 1, 'l1_ratio': None, 'max_iter': 100, 'multi_class': 'deprecated', 'n_jobs': -1, 'penalty': 'l2', 'random_state': 456, 'solver': 'lbfgs', 'tol': 0.0001, 'verbose': 0, 'warm_start': False}",2025-08-14_220927
LogisticRegression,IT_vs_F,456,True,3,0.359375,0.328125,experiment_results_statistical_IL_top_10_video_2025-08-14_220927_early_stop/logisticregression_IT_vs_F_2025-08-14_220927_seed456_early_stop.pkl,"{'C': 1.0, 'class_weight': None, 'dual': False, 'fit_intercept': True, 'intercept_scaling': 1, 'l1_ratio': None, 'max_iter': 100, 'multi_class': 'deprecated', 'n_jobs': -1, 'penalty': 'l2', 'random_state': 456, 'solver': 'lbfgs', 'tol': 0.0001, 'verbose': 0, 'warm_start': False}",2025-08-14_220927
LogisticRegression,IT_vs_F,456,True,4,0.5078125,0.515625,experiment_results_statistical_IL_top_10_video_2025-08-14_220927_early_stop/logisticregression_IT_vs_F_2025-08-14_220927_seed456_early_stop.pkl,"{'C': 1.0, 'class_weight': None, 'dual': False, 'fit_intercept': True, 'intercept_scaling': 1, 'l1_ratio': None, 'max_iter': 100, 'multi_class': 'deprecated', 'n_jobs': -1, 'penalty': 'l2', 'random_state': 456, 'solver': 'lbfgs', 'tol': 0.0001, 'verbose': 0, 'warm_start': False}",2025-08-14_220927
LogisticRegression,IT_vs_F,456,True,5,0.625,0.5625,experiment_results_statistical_IL_top_10_video_2025-08-14_220927_early_stop/logisticregression_IT_vs_F_2025-08-14_220927_seed456_early_stop.pkl,"{'C': 1.0, 'class_weight': None, 'dual': False, 'fit_intercept': True, 'intercept_scaling': 1, 'l1_ratio': None, 'max_iter': 100, 'multi_class': 'deprecated', 'n_jobs': -1, 'penalty': 'l2', 'random_state': 456, 'solver': 'lbfgs', 'tol': 0.0001, 'verbose': 0, 'warm_start': False}",2025-08-14_220927
RandomForest,F_vs_I,42,True,1,0.84375,0.6307692307692307,experiment_results_statistical_IL_top_10_video_2025-08-14_220927_early_stop/randomforest_F_vs_I_2025-08-14_220927_seed42_early_stop.pkl,"{'bootstrap': True, 'max_depth': 10, 'max_features': 'sqrt', 'min_samples_leaf': 1, 'min_samples_split': 2, 'n_estimators': 500}",2025-08-14_220927
RandomForest,F_vs_I,42,True,2,0.9375,0.8923076923076924,experiment_results_statistical_IL_top_10_video_2025-08-14_220927_early_stop/randomforest_F_vs_I_2025-08-14_220927_seed42_early_stop.pkl,"{'bootstrap': True, 'max_depth': 10, 'max_features': 'sqrt', 'min_samples_leaf': 1, 'min_samples_split': 2, 'n_estimators': 500}",2025-08-14_220927
RandomForest,F_vs_I,42,True,3,1.0,0.9846153846153847,experiment_results_statistical_IL_top_10_video_2025-08-14_220927_early_stop/randomforest_F_vs_I_2025-08-14_220927_seed42_early_stop.pkl,"{'bootstrap': True, 'max_depth': 10, 'max_features': 'sqrt', 'min_samples_leaf': 1, 'min_samples_split': 2, 'n_estimators': 500}",2025-08-14_220927
RandomForest,F_vs_I,42,True,4,1.0,0.9846153846153847,experiment_results_statistical_IL_top_10_video_2025-08-14_220927_early_stop/randomforest_F_vs_I_2025-08-14_220927_seed42_early_stop.pkl,"{'bootstrap': True, 'max_depth': 10, 'max_features': 'sqrt', 'min_samples_leaf': 1, 'min_samples_split': 2, 'n_estimators': 500}",2025-08-14_220927
RandomForest,F_vs_I,42,True,5,1.0,1.0,experiment_results_statistical_IL_top_10_video_2025-08-14_220927_early_stop/randomforest_F_vs_I_2025-08-14_220927_seed42_early_stop.pkl,"{'bootstrap': True, 'max_depth': 10, 'max_features': 'sqrt', 'min_samples_leaf': 1, 'min_samples_split': 2, 'n_estimators': 500}",2025-08-14_220927
XGBoost,F_vs_I,42,True,1,0.84375,0.47692307692307695,experiment_results_statistical_IL_top_10_video_2025-08-14_220927_early_stop/xgboost_F_vs_I_2025-08-14_220927_seed42_early_stop.pkl,"{'colsample_bytree': 0.8, 'device': 'cpu', 'learning_rate': 0.1, 'max_depth': 4, 'n_estimators': 1000, 'reg_lambda': 1, 'subsample': 0.8}",2025-08-14_220927
XGBoost,F_vs_I,42,True,2,0.9375,0.7384615384615385,experiment_results_statistical_IL_top_10_video_2025-08-14_220927_early_stop/xgboost_F_vs_I_2025-08-14_220927_seed42_early_stop.pkl,"{'colsample_bytree': 0.8, 'device': 'cpu', 'learning_rate': 0.1, 'max_depth': 4, 'n_estimators': 1000, 'reg_lambda': 1, 'subsample': 0.8}",2025-08-14_220927
XGBoost,F_vs_I,42,True,3,1.0,0.8923076923076924,experiment_results_statistical_IL_top_10_video_2025-08-14_220927_early_stop/xgboost_F_vs_I_2025-08-14_220927_seed42_early_stop.pkl,"{'colsample_bytree': 0.8, 'device': 'cpu', 'learning_rate': 0.1, 'max_depth': 4, 'n_estimators': 1000, 'reg_lambda': 1, 'subsample': 0.8}",2025-08-14_220927
XGBoost,F_vs_I,42,True,4,1.0,0.9076923076923077,experiment_results_statistical_IL_top_10_video_2025-08-14_220927_early_stop/xgboost_F_vs_I_2025-08-14_220927_seed42_early_stop.pkl,"{'colsample_bytree': 0.8, 'device': 'cpu', 'learning_rate': 0.1, 'max_depth': 4, 'n_estimators': 1000, 'reg_lambda': 1, 'subsample': 0.8}",2025-08-14_220927
XGBoost,F_vs_I,42,True,5,1.0,0.9230769230769231,experiment_results_statistical_IL_top_10_video_2025-08-14_220927_early_stop/xgboost_F_vs_I_2025-08-14_220927_seed42_early_stop.pkl,"{'colsample_bytree': 0.8, 'device': 'cpu', 'learning_rate': 0.1, 'max_depth': 4, 'n_estimators': 1000, 'reg_lambda': 1, 'subsample': 0.8}",2025-08-14_220927
CatBoost,F_vs_I,42,True,1,0.84375,0.5384615384615384,experiment_results_statistical_IL_top_10_video_2025-08-14_220927_early_stop/catboost_F_vs_I_2025-08-14_220927_seed42_early_stop.pkl,"{'border_count': 32, 'depth': 4, 'iterations': 1000, 'l2_leaf_reg': 3, 'learning_rate': 0.1}",2025-08-14_220927
CatBoost,F_vs_I,42,True,2,0.9375,0.8615384615384616,experiment_results_statistical_IL_top_10_video_2025-08-14_220927_early_stop/catboost_F_vs_I_2025-08-14_220927_seed42_early_stop.pkl,"{'border_count': 32, 'depth': 4, 'iterations': 1000, 'l2_leaf_reg': 3, 'learning_rate': 0.1}",2025-08-14_220927
CatBoost,F_vs_I,42,True,3,1.0,0.9846153846153847,experiment_results_statistical_IL_top_10_video_2025-08-14_220927_early_stop/catboost_F_vs_I_2025-08-14_220927_seed42_early_stop.pkl,"{'border_count': 32, 'depth': 4, 'iterations': 1000, 'l2_leaf_reg': 3, 'learning_rate': 0.1}",2025-08-14_220927
CatBoost,F_vs_I,42,True,4,1.0,0.9846153846153847,experiment_results_statistical_IL_top_10_video_2025-08-14_220927_early_stop/catboost_F_vs_I_2025-08-14_220927_seed42_early_stop.pkl,"{'border_count': 32, 'depth': 4, 'iterations': 1000, 'l2_leaf_reg': 3, 'learning_rate': 0.1}",2025-08-14_220927
CatBoost,F_vs_I,42,True,5,1.0,0.9846153846153847,experiment_results_statistical_IL_top_10_video_2025-08-14_220927_early_stop/catboost_F_vs_I_2025-08-14_220927_seed42_early_stop.pkl,"{'border_count': 32, 'depth': 4, 'iterations': 1000, 'l2_leaf_reg': 3, 'learning_rate': 0.1}",2025-08-14_220927
SVM,F_vs_I,42,True,1,0.0,0.0,experiment_results_statistical_IL_top_10_video_2025-08-14_220927_early_stop/svm_F_vs_I_2025-08-14_220927_seed42_early_stop.pkl,"{'C': 0.1, 'decision_function_shape': 'ovo', 'gamma': 'scale', 'kernel': 'rbf'}",2025-08-14_220927
SVM,F_vs_I,42,True,2,0.0,0.0,experiment_results_statistical_IL_top_10_video_2025-08-14_220927_early_stop/svm_F_vs_I_2025-08-14_220927_seed42_early_stop.pkl,"{'C': 0.1, 'decision_function_shape': 'ovo', 'gamma': 'scale', 'kernel': 'rbf'}",2025-08-14_220927
SVM,F_vs_I,42,True,3,0.0,0.0,experiment_results_statistical_IL_top_10_video_2025-08-14_220927_early_stop/svm_F_vs_I_2025-08-14_220927_seed42_early_stop.pkl,"{'C': 0.1, 'decision_function_shape': 'ovo', 'gamma': 'scale', 'kernel': 'rbf'}",2025-08-14_220927
SVM,F_vs_I,42,True,4,0.0,0.015384615384615385,experiment_results_statistical_IL_top_10_video_2025-08-14_220927_early_stop/svm_F_vs_I_2025-08-14_220927_seed42_early_stop.pkl,"{'C': 0.1, 'decision_function_shape': 'ovo', 'gamma': 'scale', 'kernel': 'rbf'}",2025-08-14_220927
SVM,F_vs_I,42,True,5,0.0625,0.13846153846153847,experiment_results_statistical_IL_top_10_video_2025-08-14_220927_early_stop/svm_F_vs_I_2025-08-14_220927_seed42_early_stop.pkl,"{'C': 0.1, 'decision_function_shape': 'ovo', 'gamma': 'scale', 'kernel': 'rbf'}",2025-08-14_220927
MLP,F_vs_I,42,True,1,0.09375,0.09230769230769231,experiment_results_statistical_IL_top_10_video_2025-08-14_220927_early_stop/mlp_F_vs_I_2025-08-14_220927_seed42_early_stop.pkl,"{'activation': 'relu', 'alpha': 0.0001, 'batch_size': 36, 'early_stopping': True, 'hidden_layer_sizes': [50], 'learning_rate': 'constant', 'learning_rate_init': 0.001, 'max_iter': 2000, 'solver': 'adam'}",2025-08-14_220927
MLP,F_vs_I,42,True,2,0.1875,0.16923076923076924,experiment_results_statistical_IL_top_10_video_2025-08-14_220927_early_stop/mlp_F_vs_I_2025-08-14_220927_seed42_early_stop.pkl,"{'activation': 'relu', 'alpha': 0.0001, 'batch_size': 36, 'early_stopping': True, 'hidden_layer_sizes': [50], 'learning_rate': 'constant', 'learning_rate_init': 0.001, 'max_iter': 2000, 'solver': 'adam'}",2025-08-14_220927
MLP,F_vs_I,42,True,3,0.25,0.26153846153846155,experiment_results_statistical_IL_top_10_video_2025-08-14_220927_early_stop/mlp_F_vs_I_2025-08-14_220927_seed42_early_stop.pkl,"{'activation': 'relu', 'alpha': 0.0001, 'batch_size': 36, 'early_stopping': True, 'hidden_layer_sizes': [50], 'learning_rate': 'constant', 'learning_rate_init': 0.001, 'max_iter': 2000, 'solver': 'adam'}",2025-08-14_220927
MLP,F_vs_I,42,True,4,0.34375,0.35384615384615387,experiment_results_statistical_IL_top_10_video_2025-08-14_220927_early_stop/mlp_F_vs_I_2025-08-14_220927_seed42_early_stop.pkl,"{'activation': 'relu', 'alpha': 0.0001, 'batch_size': 36, 'early_stopping': True, 'hidden_layer_sizes': [50], 'learning_rate': 'constant', 'learning_rate_init': 0.001, 'max_iter': 2000, 'solver': 'adam'}",2025-08-14_220927
MLP,F_vs_I,42,True,5,0.4375,0.4461538461538462,experiment_results_statistical_IL_top_10_video_2025-08-14_220927_early_stop/mlp_F_vs_I_2025-08-14_220927_seed42_early_stop.pkl,"{'activation': 'relu', 'alpha': 0.0001, 'batch_size': 36, 'early_stopping': True, 'hidden_layer_sizes': [50], 'learning_rate': 'constant', 'learning_rate_init': 0.001, 'max_iter': 2000, 'solver': 'adam'}",2025-08-14_220927
NaiveBayes,F_vs_I,42,True,1,0.828125,0.5538461538461539,experiment_results_statistical_IL_top_10_video_2025-08-14_220927_early_stop/naivebayes_F_vs_I_2025-08-14_220927_seed42_early_stop.pkl,"{'priors': None, 'var_smoothing': 1e-09}",2025-08-14_220927
NaiveBayes,F_vs_I,42,True,2,0.9375,0.7230769230769231,experiment_results_statistical_IL_top_10_video_2025-08-14_220927_early_stop/naivebayes_F_vs_I_2025-08-14_220927_seed42_early_stop.pkl,"{'priors': None, 'var_smoothing': 1e-09}",2025-08-14_220927
NaiveBayes,F_vs_I,42,True,3,1.0,0.8769230769230769,experiment_results_statistical_IL_top_10_video_2025-08-14_220927_early_stop/naivebayes_F_vs_I_2025-08-14_220927_seed42_early_stop.pkl,"{'priors': None, 'var_smoothing': 1e-09}",2025-08-14_220927
NaiveBayes,F_vs_I,42,True,4,1.0,0.9384615384615385,experiment_results_statistical_IL_top_10_video_2025-08-14_220927_early_stop/naivebayes_F_vs_I_2025-08-14_220927_seed42_early_stop.pkl,"{'priors': None, 'var_smoothing': 1e-09}",2025-08-14_220927
NaiveBayes,F_vs_I,42,True,5,1.0,0.9692307692307692,experiment_results_statistical_IL_top_10_video_2025-08-14_220927_early_stop/naivebayes_F_vs_I_2025-08-14_220927_seed42_early_stop.pkl,"{'priors': None, 'var_smoothing': 1e-09}",2025-08-14_220927
LightGBM,F_vs_I,42,True,1,0.84375,0.49230769230769234,experiment_results_statistical_IL_top_10_video_2025-08-14_220927_early_stop/lightgbm_F_vs_I_2025-08-14_220927_seed42_early_stop.pkl,"{'boosting_type': 'gbdt', 'class_weight': None, 'colsample_bytree': 1.0, 'importance_type': 'split', 'learning_rate': 0.1, 'max_depth': -1, 'min_child_samples': 20, 'min_child_weight': 0.001, 'min_split_gain': 0.0, 'n_estimators': 100, 'n_jobs': -1, 'num_leaves': 31, 'objective': None, 'random_state': 42, 'reg_alpha': 0.0, 'reg_lambda': 0.0, 'subsample': 1.0, 'subsample_for_bin': 200000, 'subsample_freq': 0, 'verbose': -1}",2025-08-14_220927
LightGBM,F_vs_I,42,True,2,0.9375,0.7538461538461538,experiment_results_statistical_IL_top_10_video_2025-08-14_220927_early_stop/lightgbm_F_vs_I_2025-08-14_220927_seed42_early_stop.pkl,"{'boosting_type': 'gbdt', 'class_weight': None, 'colsample_bytree': 1.0, 'importance_type': 'split', 'learning_rate': 0.1, 'max_depth': -1, 'min_child_samples': 20, 'min_child_weight': 0.001, 'min_split_gain': 0.0, 'n_estimators': 100, 'n_jobs': -1, 'num_leaves': 31, 'objective': None, 'random_state': 42, 'reg_alpha': 0.0, 'reg_lambda': 0.0, 'subsample': 1.0, 'subsample_for_bin': 200000, 'subsample_freq': 0, 'verbose': -1}",2025-08-14_220927
LightGBM,F_vs_I,42,True,3,1.0,0.8615384615384616,experiment_results_statistical_IL_top_10_video_2025-08-14_220927_early_stop/lightgbm_F_vs_I_2025-08-14_220927_seed42_early_stop.pkl,"{'boosting_type': 'gbdt', 'class_weight': None, 'colsample_bytree': 1.0, 'importance_type': 'split', 'learning_rate': 0.1, 'max_depth': -1, 'min_child_samples': 20, 'min_child_weight': 0.001, 'min_split_gain': 0.0, 'n_estimators': 100, 'n_jobs': -1, 'num_leaves': 31, 'objective': None, 'random_state': 42, 'reg_alpha': 0.0, 'reg_lambda': 0.0, 'subsample': 1.0, 'subsample_for_bin': 200000, 'subsample_freq': 0, 'verbose': -1}",2025-08-14_220927
LightGBM,F_vs_I,42,True,4,1.0,0.8615384615384616,experiment_results_statistical_IL_top_10_video_2025-08-14_220927_early_stop/lightgbm_F_vs_I_2025-08-14_220927_seed42_early_stop.pkl,"{'boosting_type': 'gbdt', 'class_weight': None, 'colsample_bytree': 1.0, 'importance_type': 'split', 'learning_rate': 0.1, 'max_depth': -1, 'min_child_samples': 20, 'min_child_weight': 0.001, 'min_split_gain': 0.0, 'n_estimators': 100, 'n_jobs': -1, 'num_leaves': 31, 'objective': None, 'random_state': 42, 'reg_alpha': 0.0, 'reg_lambda': 0.0, 'subsample': 1.0, 'subsample_for_bin': 200000, 'subsample_freq': 0, 'verbose': -1}",2025-08-14_220927
LightGBM,F_vs_I,42,True,5,1.0,0.8923076923076924,experiment_results_statistical_IL_top_10_video_2025-08-14_220927_early_stop/lightgbm_F_vs_I_2025-08-14_220927_seed42_early_stop.pkl,"{'boosting_type': 'gbdt', 'class_weight': None, 'colsample_bytree': 1.0, 'importance_type': 'split', 'learning_rate': 0.1, 'max_depth': -1, 'min_child_samples': 20, 'min_child_weight': 0.001, 'min_split_gain': 0.0, 'n_estimators': 100, 'n_jobs': -1, 'num_leaves': 31, 'objective': None, 'random_state': 42, 'reg_alpha': 0.0, 'reg_lambda': 0.0, 'subsample': 1.0, 'subsample_for_bin': 200000, 'subsample_freq': 0, 'verbose': -1}",2025-08-14_220927
ExtraTrees,F_vs_I,42,True,1,0.84375,0.5538461538461539,experiment_results_statistical_IL_top_10_video_2025-08-14_220927_early_stop/extratrees_F_vs_I_2025-08-14_220927_seed42_early_stop.pkl,"{'bootstrap': False, 'ccp_alpha': 0.0, 'class_weight': None, 'criterion': 'gini', 'max_depth': None, 'max_features': 'sqrt', 'max_leaf_nodes': None, 'max_samples': None, 'min_impurity_decrease': 0.0, 'min_samples_leaf': 1, 'min_samples_split': 2, 'min_weight_fraction_leaf': 0.0, 'monotonic_cst': None, 'n_estimators': 100, 'n_jobs': -1, 'oob_score': False, 'random_state': 42, 'verbose': 0, 'warm_start': False}",2025-08-14_220927
ExtraTrees,F_vs_I,42,True,2,0.9375,0.8461538461538461,experiment_results_statistical_IL_top_10_video_2025-08-14_220927_early_stop/extratrees_F_vs_I_2025-08-14_220927_seed42_early_stop.pkl,"{'bootstrap': False, 'ccp_alpha': 0.0, 'class_weight': None, 'criterion': 'gini', 'max_depth': None, 'max_features': 'sqrt', 'max_leaf_nodes': None, 'max_samples': None, 'min_impurity_decrease': 0.0, 'min_samples_leaf': 1, 'min_samples_split': 2, 'min_weight_fraction_leaf': 0.0, 'monotonic_cst': None, 'n_estimators': 100, 'n_jobs': -1, 'oob_score': False, 'random_state': 42, 'verbose': 0, 'warm_start': False}",2025-08-14_220927
ExtraTrees,F_vs_I,42,True,3,1.0,1.0,experiment_results_statistical_IL_top_10_video_2025-08-14_220927_early_stop/extratrees_F_vs_I_2025-08-14_220927_seed42_early_stop.pkl,"{'bootstrap': False, 'ccp_alpha': 0.0, 'class_weight': None, 'criterion': 'gini', 'max_depth': None, 'max_features': 'sqrt', 'max_leaf_nodes': None, 'max_samples': None, 'min_impurity_decrease': 0.0, 'min_samples_leaf': 1, 'min_samples_split': 2, 'min_weight_fraction_leaf': 0.0, 'monotonic_cst': None, 'n_estimators': 100, 'n_jobs': -1, 'oob_score': False, 'random_state': 42, 'verbose': 0, 'warm_start': False}",2025-08-14_220927
ExtraTrees,F_vs_I,42,True,4,1.0,1.0,experiment_results_statistical_IL_top_10_video_2025-08-14_220927_early_stop/extratrees_F_vs_I_2025-08-14_220927_seed42_early_stop.pkl,"{'bootstrap': False, 'ccp_alpha': 0.0, 'class_weight': None, 'criterion': 'gini', 'max_depth': None, 'max_features': 'sqrt', 'max_leaf_nodes': None, 'max_samples': None, 'min_impurity_decrease': 0.0, 'min_samples_leaf': 1, 'min_samples_split': 2, 'min_weight_fraction_leaf': 0.0, 'monotonic_cst': None, 'n_estimators': 100, 'n_jobs': -1, 'oob_score': False, 'random_state': 42, 'verbose': 0, 'warm_start': False}",2025-08-14_220927
ExtraTrees,F_vs_I,42,True,5,1.0,1.0,experiment_results_statistical_IL_top_10_video_2025-08-14_220927_early_stop/extratrees_F_vs_I_2025-08-14_220927_seed42_early_stop.pkl,"{'bootstrap': False, 'ccp_alpha': 0.0, 'class_weight': None, 'criterion': 'gini', 'max_depth': None, 'max_features': 'sqrt', 'max_leaf_nodes': None, 'max_samples': None, 'min_impurity_decrease': 0.0, 'min_samples_leaf': 1, 'min_samples_split': 2, 'min_weight_fraction_leaf': 0.0, 'monotonic_cst': None, 'n_estimators': 100, 'n_jobs': -1, 'oob_score': False, 'random_state': 42, 'verbose': 0, 'warm_start': False}",2025-08-14_220927
GradientBoosting,F_vs_I,42,True,1,0.84375,0.4461538461538462,experiment_results_statistical_IL_top_10_video_2025-08-14_220927_early_stop/gradientboosting_F_vs_I_2025-08-14_220927_seed42_early_stop.pkl,"{'ccp_alpha': 0.0, 'criterion': 'friedman_mse', 'init': None, 'learning_rate': 0.1, 'loss': 'log_loss', 'max_depth': 3, 'max_features': None, 'max_leaf_nodes': None, 'min_impurity_decrease': 0.0, 'min_samples_leaf': 1, 'min_samples_split': 2, 'min_weight_fraction_leaf': 0.0, 'n_estimators': 100, 'n_iter_no_change': None, 'random_state': 42, 'subsample': 1.0, 'tol': 0.0001, 'validation_fraction': 0.1, 'verbose': 0, 'warm_start': False}",2025-08-14_220927
GradientBoosting,F_vs_I,42,True,2,0.9375,0.676923076923077,experiment_results_statistical_IL_top_10_video_2025-08-14_220927_early_stop/gradientboosting_F_vs_I_2025-08-14_220927_seed42_early_stop.pkl,"{'ccp_alpha': 0.0, 'criterion': 'friedman_mse', 'init': None, 'learning_rate': 0.1, 'loss': 'log_loss', 'max_depth': 3, 'max_features': None, 'max_leaf_nodes': None, 'min_impurity_decrease': 0.0, 'min_samples_leaf': 1, 'min_samples_split': 2, 'min_weight_fraction_leaf': 0.0, 'n_estimators': 100, 'n_iter_no_change': None, 'random_state': 42, 'subsample': 1.0, 'tol': 0.0001, 'validation_fraction': 0.1, 'verbose': 0, 'warm_start': False}",2025-08-14_220927
GradientBoosting,F_vs_I,42,True,3,1.0,0.8,experiment_results_statistical_IL_top_10_video_2025-08-14_220927_early_stop/gradientboosting_F_vs_I_2025-08-14_220927_seed42_early_stop.pkl,"{'ccp_alpha': 0.0, 'criterion': 'friedman_mse', 'init': None, 'learning_rate': 0.1, 'loss': 'log_loss', 'max_depth': 3, 'max_features': None, 'max_leaf_nodes': None, 'min_impurity_decrease': 0.0, 'min_samples_leaf': 1, 'min_samples_split': 2, 'min_weight_fraction_leaf': 0.0, 'n_estimators': 100, 'n_iter_no_change': None, 'random_state': 42, 'subsample': 1.0, 'tol': 0.0001, 'validation_fraction': 0.1, 'verbose': 0, 'warm_start': False}",2025-08-14_220927
GradientBoosting,F_vs_I,42,True,4,1.0,0.8769230769230769,experiment_results_statistical_IL_top_10_video_2025-08-14_220927_early_stop/gradientboosting_F_vs_I_2025-08-14_220927_seed42_early_stop.pkl,"{'ccp_alpha': 0.0, 'criterion': 'friedman_mse', 'init': None, 'learning_rate': 0.1, 'loss': 'log_loss', 'max_depth': 3, 'max_features': None, 'max_leaf_nodes': None, 'min_impurity_decrease': 0.0, 'min_samples_leaf': 1, 'min_samples_split': 2, 'min_weight_fraction_leaf': 0.0, 'n_estimators': 100, 'n_iter_no_change': None, 'random_state': 42, 'subsample': 1.0, 'tol': 0.0001, 'validation_fraction': 0.1, 'verbose': 0, 'warm_start': False}",2025-08-14_220927
GradientBoosting,F_vs_I,42,True,5,1.0,0.8769230769230769,experiment_results_statistical_IL_top_10_video_2025-08-14_220927_early_stop/gradientboosting_F_vs_I_2025-08-14_220927_seed42_early_stop.pkl,"{'ccp_alpha': 0.0, 'criterion': 'friedman_mse', 'init': None, 'learning_rate': 0.1, 'loss': 'log_loss', 'max_depth': 3, 'max_features': None, 'max_leaf_nodes': None, 'min_impurity_decrease': 0.0, 'min_samples_leaf': 1, 'min_samples_split': 2, 'min_weight_fraction_leaf': 0.0, 'n_estimators': 100, 'n_iter_no_change': None, 'random_state': 42, 'subsample': 1.0, 'tol': 0.0001, 'validation_fraction': 0.1, 'verbose': 0, 'warm_start': False}",2025-08-14_220927
KNN,F_vs_I,42,True,1,0.515625,0.3230769230769231,experiment_results_statistical_IL_top_10_video_2025-08-14_220927_early_stop/knn_F_vs_I_2025-08-14_220927_seed42_early_stop.pkl,"{'algorithm': 'auto', 'leaf_size': 30, 'metric': 'minkowski', 'metric_params': None, 'n_jobs': -1, 'n_neighbors': 5, 'p': 2, 'weights': 'uniform'}",2025-08-14_220927
KNN,F_vs_I,42,True,2,0.8125,0.5846153846153846,experiment_results_statistical_IL_top_10_video_2025-08-14_220927_early_stop/knn_F_vs_I_2025-08-14_220927_seed42_early_stop.pkl,"{'algorithm': 'auto', 'leaf_size': 30, 'metric': 'minkowski', 'metric_params': None, 'n_jobs': -1, 'n_neighbors': 5, 'p': 2, 'weights': 'uniform'}",2025-08-14_220927
KNN,F_vs_I,42,True,3,0.890625,0.6923076923076923,experiment_results_statistical_IL_top_10_video_2025-08-14_220927_early_stop/knn_F_vs_I_2025-08-14_220927_seed42_early_stop.pkl,"{'algorithm': 'auto', 'leaf_size': 30, 'metric': 'minkowski', 'metric_params': None, 'n_jobs': -1, 'n_neighbors': 5, 'p': 2, 'weights': 'uniform'}",2025-08-14_220927
KNN,F_vs_I,42,True,4,0.90625,0.7692307692307693,experiment_results_statistical_IL_top_10_video_2025-08-14_220927_early_stop/knn_F_vs_I_2025-08-14_220927_seed42_early_stop.pkl,"{'algorithm': 'auto', 'leaf_size': 30, 'metric': 'minkowski', 'metric_params': None, 'n_jobs': -1, 'n_neighbors': 5, 'p': 2, 'weights': 'uniform'}",2025-08-14_220927
KNN,F_vs_I,42,True,5,0.90625,0.8,experiment_results_statistical_IL_top_10_video_2025-08-14_220927_early_stop/knn_F_vs_I_2025-08-14_220927_seed42_early_stop.pkl,"{'algorithm': 'auto', 'leaf_size': 30, 'metric': 'minkowski', 'metric_params': None, 'n_jobs': -1, 'n_neighbors': 5, 'p': 2, 'weights': 'uniform'}",2025-08-14_220927
LogisticRegression,F_vs_I,42,True,1,0.4375,0.2923076923076923,experiment_results_statistical_IL_top_10_video_2025-08-14_220927_early_stop/logisticregression_F_vs_I_2025-08-14_220927_seed42_early_stop.pkl,"{'C': 1.0, 'class_weight': None, 'dual': False, 'fit_intercept': True, 'intercept_scaling': 1, 'l1_ratio': None, 'max_iter': 100, 'multi_class': 'deprecated', 'n_jobs': -1, 'penalty': 'l2', 'random_state': 42, 'solver': 'lbfgs', 'tol': 0.0001, 'verbose': 0, 'warm_start': False}",2025-08-14_220927
LogisticRegression,F_vs_I,42,True,2,0.625,0.5692307692307692,experiment_results_statistical_IL_top_10_video_2025-08-14_220927_early_stop/logisticregression_F_vs_I_2025-08-14_220927_seed42_early_stop.pkl,"{'C': 1.0, 'class_weight': None, 'dual': False, 'fit_intercept': True, 'intercept_scaling': 1, 'l1_ratio': None, 'max_iter': 100, 'multi_class': 'deprecated', 'n_jobs': -1, 'penalty': 'l2', 'random_state': 42, 'solver': 'lbfgs', 'tol': 0.0001, 'verbose': 0, 'warm_start': False}",2025-08-14_220927
LogisticRegression,F_vs_I,42,True,3,0.8125,0.6923076923076923,experiment_results_statistical_IL_top_10_video_2025-08-14_220927_early_stop/logisticregression_F_vs_I_2025-08-14_220927_seed42_early_stop.pkl,"{'C': 1.0, 'class_weight': None, 'dual': False, 'fit_intercept': True, 'intercept_scaling': 1, 'l1_ratio': None, 'max_iter': 100, 'multi_class': 'deprecated', 'n_jobs': -1, 'penalty': 'l2', 'random_state': 42, 'solver': 'lbfgs', 'tol': 0.0001, 'verbose': 0, 'warm_start': False}",2025-08-14_220927
LogisticRegression,F_vs_I,42,True,4,0.921875,0.8307692307692308,experiment_results_statistical_IL_top_10_video_2025-08-14_220927_early_stop/logisticregression_F_vs_I_2025-08-14_220927_seed42_early_stop.pkl,"{'C': 1.0, 'class_weight': None, 'dual': False, 'fit_intercept': True, 'intercept_scaling': 1, 'l1_ratio': None, 'max_iter': 100, 'multi_class': 'deprecated', 'n_jobs': -1, 'penalty': 'l2', 'random_state': 42, 'solver': 'lbfgs', 'tol': 0.0001, 'verbose': 0, 'warm_start': False}",2025-08-14_220927
LogisticRegression,F_vs_I,42,True,5,0.921875,0.8615384615384616,experiment_results_statistical_IL_top_10_video_2025-08-14_220927_early_stop/logisticregression_F_vs_I_2025-08-14_220927_seed42_early_stop.pkl,"{'C': 1.0, 'class_weight': None, 'dual': False, 'fit_intercept': True, 'intercept_scaling': 1, 'l1_ratio': None, 'max_iter': 100, 'multi_class': 'deprecated', 'n_jobs': -1, 'penalty': 'l2', 'random_state': 42, 'solver': 'lbfgs', 'tol': 0.0001, 'verbose': 0, 'warm_start': False}",2025-08-14_220927
RandomForest,F_vs_I,123,True,1,0.84375,0.6307692307692307,experiment_results_statistical_IL_top_10_video_2025-08-14_220927_early_stop/randomforest_F_vs_I_2025-08-14_220927_seed123_early_stop.pkl,"{'bootstrap': True, 'max_depth': 10, 'max_features': 'log2', 'min_samples_leaf': 1, 'min_samples_split': 2, 'n_estimators': 100}",2025-08-14_220927
RandomForest,F_vs_I,123,True,2,0.9375,0.8615384615384616,experiment_results_statistical_IL_top_10_video_2025-08-14_220927_early_stop/randomforest_F_vs_I_2025-08-14_220927_seed123_early_stop.pkl,"{'bootstrap': True, 'max_depth': 10, 'max_features': 'log2', 'min_samples_leaf': 1, 'min_samples_split': 2, 'n_estimators': 100}",2025-08-14_220927
RandomForest,F_vs_I,123,True,3,1.0,1.0,experiment_results_statistical_IL_top_10_video_2025-08-14_220927_early_stop/randomforest_F_vs_I_2025-08-14_220927_seed123_early_stop.pkl,"{'bootstrap': True, 'max_depth': 10, 'max_features': 'log2', 'min_samples_leaf': 1, 'min_samples_split': 2, 'n_estimators': 100}",2025-08-14_220927
RandomForest,F_vs_I,123,True,4,1.0,1.0,experiment_results_statistical_IL_top_10_video_2025-08-14_220927_early_stop/randomforest_F_vs_I_2025-08-14_220927_seed123_early_stop.pkl,"{'bootstrap': True, 'max_depth': 10, 'max_features': 'log2', 'min_samples_leaf': 1, 'min_samples_split': 2, 'n_estimators': 100}",2025-08-14_220927
RandomForest,F_vs_I,123,True,5,1.0,1.0,experiment_results_statistical_IL_top_10_video_2025-08-14_220927_early_stop/randomforest_F_vs_I_2025-08-14_220927_seed123_early_stop.pkl,"{'bootstrap': True, 'max_depth': 10, 'max_features': 'log2', 'min_samples_leaf': 1, 'min_samples_split': 2, 'n_estimators': 100}",2025-08-14_220927
XGBoost,F_vs_I,123,True,1,0.84375,0.4461538461538462,experiment_results_statistical_IL_top_10_video_2025-08-14_220927_early_stop/xgboost_F_vs_I_2025-08-14_220927_seed123_early_stop.pkl,"{'colsample_bytree': 0.8, 'device': 'cpu', 'learning_rate': 0.05, 'max_depth': 4, 'n_estimators': 1000, 'reg_lambda': 1, 'subsample': 0.8}",2025-08-14_220927
XGBoost,F_vs_I,123,True,2,0.9375,0.7076923076923077,experiment_results_statistical_IL_top_10_video_2025-08-14_220927_early_stop/xgboost_F_vs_I_2025-08-14_220927_seed123_early_stop.pkl,"{'colsample_bytree': 0.8, 'device': 'cpu', 'learning_rate': 0.05, 'max_depth': 4, 'n_estimators': 1000, 'reg_lambda': 1, 'subsample': 0.8}",2025-08-14_220927
XGBoost,F_vs_I,123,True,3,1.0,0.8769230769230769,experiment_results_statistical_IL_top_10_video_2025-08-14_220927_early_stop/xgboost_F_vs_I_2025-08-14_220927_seed123_early_stop.pkl,"{'colsample_bytree': 0.8, 'device': 'cpu', 'learning_rate': 0.05, 'max_depth': 4, 'n_estimators': 1000, 'reg_lambda': 1, 'subsample': 0.8}",2025-08-14_220927
XGBoost,F_vs_I,123,True,4,1.0,0.8769230769230769,experiment_results_statistical_IL_top_10_video_2025-08-14_220927_early_stop/xgboost_F_vs_I_2025-08-14_220927_seed123_early_stop.pkl,"{'colsample_bytree': 0.8, 'device': 'cpu', 'learning_rate': 0.05, 'max_depth': 4, 'n_estimators': 1000, 'reg_lambda': 1, 'subsample': 0.8}",2025-08-14_220927
XGBoost,F_vs_I,123,True,5,1.0,0.8923076923076924,experiment_results_statistical_IL_top_10_video_2025-08-14_220927_early_stop/xgboost_F_vs_I_2025-08-14_220927_seed123_early_stop.pkl,"{'colsample_bytree': 0.8, 'device': 'cpu', 'learning_rate': 0.05, 'max_depth': 4, 'n_estimators': 1000, 'reg_lambda': 1, 'subsample': 0.8}",2025-08-14_220927
CatBoost,F_vs_I,123,True,1,0.84375,0.5230769230769231,experiment_results_statistical_IL_top_10_video_2025-08-14_220927_early_stop/catboost_F_vs_I_2025-08-14_220927_seed123_early_stop.pkl,"{'border_count': 32, 'depth': 6, 'iterations': 1000, 'l2_leaf_reg': 3, 'learning_rate': 0.05}",2025-08-14_220927
CatBoost,F_vs_I,123,True,2,0.9375,0.8461538461538461,experiment_results_statistical_IL_top_10_video_2025-08-14_220927_early_stop/catboost_F_vs_I_2025-08-14_220927_seed123_early_stop.pkl,"{'border_count': 32, 'depth': 6, 'iterations': 1000, 'l2_leaf_reg': 3, 'learning_rate': 0.05}",2025-08-14_220927
CatBoost,F_vs_I,123,True,3,1.0,0.9846153846153847,experiment_results_statistical_IL_top_10_video_2025-08-14_220927_early_stop/catboost_F_vs_I_2025-08-14_220927_seed123_early_stop.pkl,"{'border_count': 32, 'depth': 6, 'iterations': 1000, 'l2_leaf_reg': 3, 'learning_rate': 0.05}",2025-08-14_220927
CatBoost,F_vs_I,123,True,4,1.0,1.0,experiment_results_statistical_IL_top_10_video_2025-08-14_220927_early_stop/catboost_F_vs_I_2025-08-14_220927_seed123_early_stop.pkl,"{'border_count': 32, 'depth': 6, 'iterations': 1000, 'l2_leaf_reg': 3, 'learning_rate': 0.05}",2025-08-14_220927
CatBoost,F_vs_I,123,True,5,1.0,1.0,experiment_results_statistical_IL_top_10_video_2025-08-14_220927_early_stop/catboost_F_vs_I_2025-08-14_220927_seed123_early_stop.pkl,"{'border_count': 32, 'depth': 6, 'iterations': 1000, 'l2_leaf_reg': 3, 'learning_rate': 0.05}",2025-08-14_220927
SVM,F_vs_I,123,True,1,0.5625,0.4153846153846154,experiment_results_statistical_IL_top_10_video_2025-08-14_220927_early_stop/svm_F_vs_I_2025-08-14_220927_seed123_early_stop.pkl,"{'C': 1, 'decision_function_shape': 'ovo', 'gamma': 'scale', 'kernel': 'rbf'}",2025-08-14_220927
SVM,F_vs_I,123,True,2,0.796875,0.6923076923076923,experiment_results_statistical_IL_top_10_video_2025-08-14_220927_early_stop/svm_F_vs_I_2025-08-14_220927_seed123_early_stop.pkl,"{'C': 1, 'decision_function_shape': 'ovo', 'gamma': 'scale', 'kernel': 'rbf'}",2025-08-14_220927
SVM,F_vs_I,123,True,3,0.953125,0.8615384615384616,experiment_results_statistical_IL_top_10_video_2025-08-14_220927_early_stop/svm_F_vs_I_2025-08-14_220927_seed123_early_stop.pkl,"{'C': 1, 'decision_function_shape': 'ovo', 'gamma': 'scale', 'kernel': 'rbf'}",2025-08-14_220927
SVM,F_vs_I,123,True,4,0.96875,0.9692307692307692,experiment_results_statistical_IL_top_10_video_2025-08-14_220927_early_stop/svm_F_vs_I_2025-08-14_220927_seed123_early_stop.pkl,"{'C': 1, 'decision_function_shape': 'ovo', 'gamma': 'scale', 'kernel': 'rbf'}",2025-08-14_220927
SVM,F_vs_I,123,True,5,0.984375,0.9692307692307692,experiment_results_statistical_IL_top_10_video_2025-08-14_220927_early_stop/svm_F_vs_I_2025-08-14_220927_seed123_early_stop.pkl,"{'C': 1, 'decision_function_shape': 'ovo', 'gamma': 'scale', 'kernel': 'rbf'}",2025-08-14_220927
MLP,F_vs_I,123,True,1,0.09375,0.09230769230769231,experiment_results_statistical_IL_top_10_video_2025-08-14_220927_early_stop/mlp_F_vs_I_2025-08-14_220927_seed123_early_stop.pkl,"{'activation': 'tanh', 'alpha': 0.0001, 'batch_size': 36, 'early_stopping': True, 'hidden_layer_sizes': [50], 'learning_rate': 'constant', 'learning_rate_init': 0.01, 'max_iter': 2000, 'solver': 'adam'}",2025-08-14_220927
MLP,F_vs_I,123,True,2,0.1875,0.18461538461538463,experiment_results_statistical_IL_top_10_video_2025-08-14_220927_early_stop/mlp_F_vs_I_2025-08-14_220927_seed123_early_stop.pkl,"{'activation': 'tanh', 'alpha': 0.0001, 'batch_size': 36, 'early_stopping': True, 'hidden_layer_sizes': [50], 'learning_rate': 'constant', 'learning_rate_init': 0.01, 'max_iter': 2000, 'solver': 'adam'}",2025-08-14_220927
MLP,F_vs_I,123,True,3,0.28125,0.27692307692307694,experiment_results_statistical_IL_top_10_video_2025-08-14_220927_early_stop/mlp_F_vs_I_2025-08-14_220927_seed123_early_stop.pkl,"{'activation': 'tanh', 'alpha': 0.0001, 'batch_size': 36, 'early_stopping': True, 'hidden_layer_sizes': [50], 'learning_rate': 'constant', 'learning_rate_init': 0.01, 'max_iter': 2000, 'solver': 'adam'}",2025-08-14_220927
MLP,F_vs_I,123,True,4,0.34375,0.36923076923076925,experiment_results_statistical_IL_top_10_video_2025-08-14_220927_early_stop/mlp_F_vs_I_2025-08-14_220927_seed123_early_stop.pkl,"{'activation': 'tanh', 'alpha': 0.0001, 'batch_size': 36, 'early_stopping': True, 'hidden_layer_sizes': [50], 'learning_rate': 'constant', 'learning_rate_init': 0.01, 'max_iter': 2000, 'solver': 'adam'}",2025-08-14_220927
MLP,F_vs_I,123,True,5,0.4375,0.46153846153846156,experiment_results_statistical_IL_top_10_video_2025-08-14_220927_early_stop/mlp_F_vs_I_2025-08-14_220927_seed123_early_stop.pkl,"{'activation': 'tanh', 'alpha': 0.0001, 'batch_size': 36, 'early_stopping': True, 'hidden_layer_sizes': [50], 'learning_rate': 'constant', 'learning_rate_init': 0.01, 'max_iter': 2000, 'solver': 'adam'}",2025-08-14_220927
NaiveBayes,F_vs_I,123,True,1,0.828125,0.5538461538461539,experiment_results_statistical_IL_top_10_video_2025-08-14_220927_early_stop/naivebayes_F_vs_I_2025-08-14_220927_seed123_early_stop.pkl,"{'priors': None, 'var_smoothing': 1e-09}",2025-08-14_220927
NaiveBayes,F_vs_I,123,True,2,0.9375,0.7230769230769231,experiment_results_statistical_IL_top_10_video_2025-08-14_220927_early_stop/naivebayes_F_vs_I_2025-08-14_220927_seed123_early_stop.pkl,"{'priors': None, 'var_smoothing': 1e-09}",2025-08-14_220927
NaiveBayes,F_vs_I,123,True,3,1.0,0.8769230769230769,experiment_results_statistical_IL_top_10_video_2025-08-14_220927_early_stop/naivebayes_F_vs_I_2025-08-14_220927_seed123_early_stop.pkl,"{'priors': None, 'var_smoothing': 1e-09}",2025-08-14_220927
NaiveBayes,F_vs_I,123,True,4,1.0,0.9384615384615385,experiment_results_statistical_IL_top_10_video_2025-08-14_220927_early_stop/naivebayes_F_vs_I_2025-08-14_220927_seed123_early_stop.pkl,"{'priors': None, 'var_smoothing': 1e-09}",2025-08-14_220927
NaiveBayes,F_vs_I,123,True,5,1.0,0.9692307692307692,experiment_results_statistical_IL_top_10_video_2025-08-14_220927_early_stop/naivebayes_F_vs_I_2025-08-14_220927_seed123_early_stop.pkl,"{'priors': None, 'var_smoothing': 1e-09}",2025-08-14_220927
LightGBM,F_vs_I,123,True,1,0.84375,0.49230769230769234,experiment_results_statistical_IL_top_10_video_2025-08-14_220927_early_stop/lightgbm_F_vs_I_2025-08-14_220927_seed123_early_stop.pkl,"{'boosting_type': 'gbdt', 'class_weight': None, 'colsample_bytree': 1.0, 'importance_type': 'split', 'learning_rate': 0.1, 'max_depth': -1, 'min_child_samples': 20, 'min_child_weight': 0.001, 'min_split_gain': 0.0, 'n_estimators': 100, 'n_jobs': -1, 'num_leaves': 31, 'objective': None, 'random_state': 123, 'reg_alpha': 0.0, 'reg_lambda': 0.0, 'subsample': 1.0, 'subsample_for_bin': 200000, 'subsample_freq': 0, 'verbose': -1}",2025-08-14_220927
LightGBM,F_vs_I,123,True,2,0.9375,0.7538461538461538,experiment_results_statistical_IL_top_10_video_2025-08-14_220927_early_stop/lightgbm_F_vs_I_2025-08-14_220927_seed123_early_stop.pkl,"{'boosting_type': 'gbdt', 'class_weight': None, 'colsample_bytree': 1.0, 'importance_type': 'split', 'learning_rate': 0.1, 'max_depth': -1, 'min_child_samples': 20, 'min_child_weight': 0.001, 'min_split_gain': 0.0, 'n_estimators': 100, 'n_jobs': -1, 'num_leaves': 31, 'objective': None, 'random_state': 123, 'reg_alpha': 0.0, 'reg_lambda': 0.0, 'subsample': 1.0, 'subsample_for_bin': 200000, 'subsample_freq': 0, 'verbose': -1}",2025-08-14_220927
LightGBM,F_vs_I,123,True,3,1.0,0.8615384615384616,experiment_results_statistical_IL_top_10_video_2025-08-14_220927_early_stop/lightgbm_F_vs_I_2025-08-14_220927_seed123_early_stop.pkl,"{'boosting_type': 'gbdt', 'class_weight': None, 'colsample_bytree': 1.0, 'importance_type': 'split', 'learning_rate': 0.1, 'max_depth': -1, 'min_child_samples': 20, 'min_child_weight': 0.001, 'min_split_gain': 0.0, 'n_estimators': 100, 'n_jobs': -1, 'num_leaves': 31, 'objective': None, 'random_state': 123, 'reg_alpha': 0.0, 'reg_lambda': 0.0, 'subsample': 1.0, 'subsample_for_bin': 200000, 'subsample_freq': 0, 'verbose': -1}",2025-08-14_220927
LightGBM,F_vs_I,123,True,4,1.0,0.8615384615384616,experiment_results_statistical_IL_top_10_video_2025-08-14_220927_early_stop/lightgbm_F_vs_I_2025-08-14_220927_seed123_early_stop.pkl,"{'boosting_type': 'gbdt', 'class_weight': None, 'colsample_bytree': 1.0, 'importance_type': 'split', 'learning_rate': 0.1, 'max_depth': -1, 'min_child_samples': 20, 'min_child_weight': 0.001, 'min_split_gain': 0.0, 'n_estimators': 100, 'n_jobs': -1, 'num_leaves': 31, 'objective': None, 'random_state': 123, 'reg_alpha': 0.0, 'reg_lambda': 0.0, 'subsample': 1.0, 'subsample_for_bin': 200000, 'subsample_freq': 0, 'verbose': -1}",2025-08-14_220927
LightGBM,F_vs_I,123,True,5,1.0,0.8923076923076924,experiment_results_statistical_IL_top_10_video_2025-08-14_220927_early_stop/lightgbm_F_vs_I_2025-08-14_220927_seed123_early_stop.pkl,"{'boosting_type': 'gbdt', 'class_weight': None, 'colsample_bytree': 1.0, 'importance_type': 'split', 'learning_rate': 0.1, 'max_depth': -1, 'min_child_samples': 20, 'min_child_weight': 0.001, 'min_split_gain': 0.0, 'n_estimators': 100, 'n_jobs': -1, 'num_leaves': 31, 'objective': None, 'random_state': 123, 'reg_alpha': 0.0, 'reg_lambda': 0.0, 'subsample': 1.0, 'subsample_for_bin': 200000, 'subsample_freq': 0, 'verbose': -1}",2025-08-14_220927
ExtraTrees,F_vs_I,123,True,1,0.84375,0.6,experiment_results_statistical_IL_top_10_video_2025-08-14_220927_early_stop/extratrees_F_vs_I_2025-08-14_220927_seed123_early_stop.pkl,"{'bootstrap': False, 'ccp_alpha': 0.0, 'class_weight': None, 'criterion': 'gini', 'max_depth': None, 'max_features': 'sqrt', 'max_leaf_nodes': None, 'max_samples': None, 'min_impurity_decrease': 0.0, 'min_samples_leaf': 1, 'min_samples_split': 2, 'min_weight_fraction_leaf': 0.0, 'monotonic_cst': None, 'n_estimators': 100, 'n_jobs': -1, 'oob_score': False, 'random_state': 123, 'verbose': 0, 'warm_start': False}",2025-08-14_220927
ExtraTrees,F_vs_I,123,True,2,0.9375,0.8307692307692308,experiment_results_statistical_IL_top_10_video_2025-08-14_220927_early_stop/extratrees_F_vs_I_2025-08-14_220927_seed123_early_stop.pkl,"{'bootstrap': False, 'ccp_alpha': 0.0, 'class_weight': None, 'criterion': 'gini', 'max_depth': None, 'max_features': 'sqrt', 'max_leaf_nodes': None, 'max_samples': None, 'min_impurity_decrease': 0.0, 'min_samples_leaf': 1, 'min_samples_split': 2, 'min_weight_fraction_leaf': 0.0, 'monotonic_cst': None, 'n_estimators': 100, 'n_jobs': -1, 'oob_score': False, 'random_state': 123, 'verbose': 0, 'warm_start': False}",2025-08-14_220927
ExtraTrees,F_vs_I,123,True,3,1.0,1.0,experiment_results_statistical_IL_top_10_video_2025-08-14_220927_early_stop/extratrees_F_vs_I_2025-08-14_220927_seed123_early_stop.pkl,"{'bootstrap': False, 'ccp_alpha': 0.0, 'class_weight': None, 'criterion': 'gini', 'max_depth': None, 'max_features': 'sqrt', 'max_leaf_nodes': None, 'max_samples': None, 'min_impurity_decrease': 0.0, 'min_samples_leaf': 1, 'min_samples_split': 2, 'min_weight_fraction_leaf': 0.0, 'monotonic_cst': None, 'n_estimators': 100, 'n_jobs': -1, 'oob_score': False, 'random_state': 123, 'verbose': 0, 'warm_start': False}",2025-08-14_220927
ExtraTrees,F_vs_I,123,True,4,1.0,1.0,experiment_results_statistical_IL_top_10_video_2025-08-14_220927_early_stop/extratrees_F_vs_I_2025-08-14_220927_seed123_early_stop.pkl,"{'bootstrap': False, 'ccp_alpha': 0.0, 'class_weight': None, 'criterion': 'gini', 'max_depth': None, 'max_features': 'sqrt', 'max_leaf_nodes': None, 'max_samples': None, 'min_impurity_decrease': 0.0, 'min_samples_leaf': 1, 'min_samples_split': 2, 'min_weight_fraction_leaf': 0.0, 'monotonic_cst': None, 'n_estimators': 100, 'n_jobs': -1, 'oob_score': False, 'random_state': 123, 'verbose': 0, 'warm_start': False}",2025-08-14_220927
ExtraTrees,F_vs_I,123,True,5,1.0,1.0,experiment_results_statistical_IL_top_10_video_2025-08-14_220927_early_stop/extratrees_F_vs_I_2025-08-14_220927_seed123_early_stop.pkl,"{'bootstrap': False, 'ccp_alpha': 0.0, 'class_weight': None, 'criterion': 'gini', 'max_depth': None, 'max_features': 'sqrt', 'max_leaf_nodes': None, 'max_samples': None, 'min_impurity_decrease': 0.0, 'min_samples_leaf': 1, 'min_samples_split': 2, 'min_weight_fraction_leaf': 0.0, 'monotonic_cst': None, 'n_estimators': 100, 'n_jobs': -1, 'oob_score': False, 'random_state': 123, 'verbose': 0, 'warm_start': False}",2025-08-14_220927
GradientBoosting,F_vs_I,123,True,1,0.84375,0.4307692307692308,experiment_results_statistical_IL_top_10_video_2025-08-14_220927_early_stop/gradientboosting_F_vs_I_2025-08-14_220927_seed123_early_stop.pkl,"{'ccp_alpha': 0.0, 'criterion': 'friedman_mse', 'init': None, 'learning_rate': 0.1, 'loss': 'log_loss', 'max_depth': 3, 'max_features': None, 'max_leaf_nodes': None, 'min_impurity_decrease': 0.0, 'min_samples_leaf': 1, 'min_samples_split': 2, 'min_weight_fraction_leaf': 0.0, 'n_estimators': 100, 'n_iter_no_change': None, 'random_state': 123, 'subsample': 1.0, 'tol': 0.0001, 'validation_fraction': 0.1, 'verbose': 0, 'warm_start': False}",2025-08-14_220927
GradientBoosting,F_vs_I,123,True,2,0.9375,0.676923076923077,experiment_results_statistical_IL_top_10_video_2025-08-14_220927_early_stop/gradientboosting_F_vs_I_2025-08-14_220927_seed123_early_stop.pkl,"{'ccp_alpha': 0.0, 'criterion': 'friedman_mse', 'init': None, 'learning_rate': 0.1, 'loss': 'log_loss', 'max_depth': 3, 'max_features': None, 'max_leaf_nodes': None, 'min_impurity_decrease': 0.0, 'min_samples_leaf': 1, 'min_samples_split': 2, 'min_weight_fraction_leaf': 0.0, 'n_estimators': 100, 'n_iter_no_change': None, 'random_state': 123, 'subsample': 1.0, 'tol': 0.0001, 'validation_fraction': 0.1, 'verbose': 0, 'warm_start': False}",2025-08-14_220927
GradientBoosting,F_vs_I,123,True,3,1.0,0.8,experiment_results_statistical_IL_top_10_video_2025-08-14_220927_early_stop/gradientboosting_F_vs_I_2025-08-14_220927_seed123_early_stop.pkl,"{'ccp_alpha': 0.0, 'criterion': 'friedman_mse', 'init': None, 'learning_rate': 0.1, 'loss': 'log_loss', 'max_depth': 3, 'max_features': None, 'max_leaf_nodes': None, 'min_impurity_decrease': 0.0, 'min_samples_leaf': 1, 'min_samples_split': 2, 'min_weight_fraction_leaf': 0.0, 'n_estimators': 100, 'n_iter_no_change': None, 'random_state': 123, 'subsample': 1.0, 'tol': 0.0001, 'validation_fraction': 0.1, 'verbose': 0, 'warm_start': False}",2025-08-14_220927
GradientBoosting,F_vs_I,123,True,4,1.0,0.8769230769230769,experiment_results_statistical_IL_top_10_video_2025-08-14_220927_early_stop/gradientboosting_F_vs_I_2025-08-14_220927_seed123_early_stop.pkl,"{'ccp_alpha': 0.0, 'criterion': 'friedman_mse', 'init': None, 'learning_rate': 0.1, 'loss': 'log_loss', 'max_depth': 3, 'max_features': None, 'max_leaf_nodes': None, 'min_impurity_decrease': 0.0, 'min_samples_leaf': 1, 'min_samples_split': 2, 'min_weight_fraction_leaf': 0.0, 'n_estimators': 100, 'n_iter_no_change': None, 'random_state': 123, 'subsample': 1.0, 'tol': 0.0001, 'validation_fraction': 0.1, 'verbose': 0, 'warm_start': False}",2025-08-14_220927
GradientBoosting,F_vs_I,123,True,5,1.0,0.8923076923076924,experiment_results_statistical_IL_top_10_video_2025-08-14_220927_early_stop/gradientboosting_F_vs_I_2025-08-14_220927_seed123_early_stop.pkl,"{'ccp_alpha': 0.0, 'criterion': 'friedman_mse', 'init': None, 'learning_rate': 0.1, 'loss': 'log_loss', 'max_depth': 3, 'max_features': None, 'max_leaf_nodes': None, 'min_impurity_decrease': 0.0, 'min_samples_leaf': 1, 'min_samples_split': 2, 'min_weight_fraction_leaf': 0.0, 'n_estimators': 100, 'n_iter_no_change': None, 'random_state': 123, 'subsample': 1.0, 'tol': 0.0001, 'validation_fraction': 0.1, 'verbose': 0, 'warm_start': False}",2025-08-14_220927
KNN,F_vs_I,123,True,1,0.515625,0.3230769230769231,experiment_results_statistical_IL_top_10_video_2025-08-14_220927_early_stop/knn_F_vs_I_2025-08-14_220927_seed123_early_stop.pkl,"{'algorithm': 'auto', 'leaf_size': 30, 'metric': 'minkowski', 'metric_params': None, 'n_jobs': -1, 'n_neighbors': 5, 'p': 2, 'weights': 'uniform'}",2025-08-14_220927
KNN,F_vs_I,123,True,2,0.8125,0.5846153846153846,experiment_results_statistical_IL_top_10_video_2025-08-14_220927_early_stop/knn_F_vs_I_2025-08-14_220927_seed123_early_stop.pkl,"{'algorithm': 'auto', 'leaf_size': 30, 'metric': 'minkowski', 'metric_params': None, 'n_jobs': -1, 'n_neighbors': 5, 'p': 2, 'weights': 'uniform'}",2025-08-14_220927
KNN,F_vs_I,123,True,3,0.890625,0.6923076923076923,experiment_results_statistical_IL_top_10_video_2025-08-14_220927_early_stop/knn_F_vs_I_2025-08-14_220927_seed123_early_stop.pkl,"{'algorithm': 'auto', 'leaf_size': 30, 'metric': 'minkowski', 'metric_params': None, 'n_jobs': -1, 'n_neighbors': 5, 'p': 2, 'weights': 'uniform'}",2025-08-14_220927
KNN,F_vs_I,123,True,4,0.90625,0.7692307692307693,experiment_results_statistical_IL_top_10_video_2025-08-14_220927_early_stop/knn_F_vs_I_2025-08-14_220927_seed123_early_stop.pkl,"{'algorithm': 'auto', 'leaf_size': 30, 'metric': 'minkowski', 'metric_params': None, 'n_jobs': -1, 'n_neighbors': 5, 'p': 2, 'weights': 'uniform'}",2025-08-14_220927
KNN,F_vs_I,123,True,5,0.90625,0.8,experiment_results_statistical_IL_top_10_video_2025-08-14_220927_early_stop/knn_F_vs_I_2025-08-14_220927_seed123_early_stop.pkl,"{'algorithm': 'auto', 'leaf_size': 30, 'metric': 'minkowski', 'metric_params': None, 'n_jobs': -1, 'n_neighbors': 5, 'p': 2, 'weights': 'uniform'}",2025-08-14_220927
LogisticRegression,F_vs_I,123,True,1,0.4375,0.2923076923076923,experiment_results_statistical_IL_top_10_video_2025-08-14_220927_early_stop/logisticregression_F_vs_I_2025-08-14_220927_seed123_early_stop.pkl,"{'C': 1.0, 'class_weight': None, 'dual': False, 'fit_intercept': True, 'intercept_scaling': 1, 'l1_ratio': None, 'max_iter': 100, 'multi_class': 'deprecated', 'n_jobs': -1, 'penalty': 'l2', 'random_state': 123, 'solver': 'lbfgs', 'tol': 0.0001, 'verbose': 0, 'warm_start': False}",2025-08-14_220927
LogisticRegression,F_vs_I,123,True,2,0.625,0.5692307692307692,experiment_results_statistical_IL_top_10_video_2025-08-14_220927_early_stop/logisticregression_F_vs_I_2025-08-14_220927_seed123_early_stop.pkl,"{'C': 1.0, 'class_weight': None, 'dual': False, 'fit_intercept': True, 'intercept_scaling': 1, 'l1_ratio': None, 'max_iter': 100, 'multi_class': 'deprecated', 'n_jobs': -1, 'penalty': 'l2', 'random_state': 123, 'solver': 'lbfgs', 'tol': 0.0001, 'verbose': 0, 'warm_start': False}",2025-08-14_220927
LogisticRegression,F_vs_I,123,True,3,0.8125,0.6923076923076923,experiment_results_statistical_IL_top_10_video_2025-08-14_220927_early_stop/logisticregression_F_vs_I_2025-08-14_220927_seed123_early_stop.pkl,"{'C': 1.0, 'class_weight': None, 'dual': False, 'fit_intercept': True, 'intercept_scaling': 1, 'l1_ratio': None, 'max_iter': 100, 'multi_class': 'deprecated', 'n_jobs': -1, 'penalty': 'l2', 'random_state': 123, 'solver': 'lbfgs', 'tol': 0.0001, 'verbose': 0, 'warm_start': False}",2025-08-14_220927
LogisticRegression,F_vs_I,123,True,4,0.921875,0.8307692307692308,experiment_results_statistical_IL_top_10_video_2025-08-14_220927_early_stop/logisticregression_F_vs_I_2025-08-14_220927_seed123_early_stop.pkl,"{'C': 1.0, 'class_weight': None, 'dual': False, 'fit_intercept': True, 'intercept_scaling': 1, 'l1_ratio': None, 'max_iter': 100, 'multi_class': 'deprecated', 'n_jobs': -1, 'penalty': 'l2', 'random_state': 123, 'solver': 'lbfgs', 'tol': 0.0001, 'verbose': 0, 'warm_start': False}",2025-08-14_220927
LogisticRegression,F_vs_I,123,True,5,0.921875,0.8615384615384616,experiment_results_statistical_IL_top_10_video_2025-08-14_220927_early_stop/logisticregression_F_vs_I_2025-08-14_220927_seed123_early_stop.pkl,"{'C': 1.0, 'class_weight': None, 'dual': False, 'fit_intercept': True, 'intercept_scaling': 1, 'l1_ratio': None, 'max_iter': 100, 'multi_class': 'deprecated', 'n_jobs': -1, 'penalty': 'l2', 'random_state': 123, 'solver': 'lbfgs', 'tol': 0.0001, 'verbose': 0, 'warm_start': False}",2025-08-14_220927
RandomForest,F_vs_I,456,True,1,0.84375,0.5846153846153846,experiment_results_statistical_IL_top_10_video_2025-08-14_220927_early_stop/randomforest_F_vs_I_2025-08-14_220927_seed456_early_stop.pkl,"{'bootstrap': True, 'max_depth': 10, 'max_features': 'sqrt', 'min_samples_leaf': 1, 'min_samples_split': 10, 'n_estimators': 500}",2025-08-14_220927
RandomForest,F_vs_I,456,True,2,0.9375,0.8923076923076924,experiment_results_statistical_IL_top_10_video_2025-08-14_220927_early_stop/randomforest_F_vs_I_2025-08-14_220927_seed456_early_stop.pkl,"{'bootstrap': True, 'max_depth': 10, 'max_features': 'sqrt', 'min_samples_leaf': 1, 'min_samples_split': 10, 'n_estimators': 500}",2025-08-14_220927
RandomForest,F_vs_I,456,True,3,1.0,0.9846153846153847,experiment_results_statistical_IL_top_10_video_2025-08-14_220927_early_stop/randomforest_F_vs_I_2025-08-14_220927_seed456_early_stop.pkl,"{'bootstrap': True, 'max_depth': 10, 'max_features': 'sqrt', 'min_samples_leaf': 1, 'min_samples_split': 10, 'n_estimators': 500}",2025-08-14_220927
RandomForest,F_vs_I,456,True,4,1.0,0.9846153846153847,experiment_results_statistical_IL_top_10_video_2025-08-14_220927_early_stop/randomforest_F_vs_I_2025-08-14_220927_seed456_early_stop.pkl,"{'bootstrap': True, 'max_depth': 10, 'max_features': 'sqrt', 'min_samples_leaf': 1, 'min_samples_split': 10, 'n_estimators': 500}",2025-08-14_220927
RandomForest,F_vs_I,456,True,5,1.0,1.0,experiment_results_statistical_IL_top_10_video_2025-08-14_220927_early_stop/randomforest_F_vs_I_2025-08-14_220927_seed456_early_stop.pkl,"{'bootstrap': True, 'max_depth': 10, 'max_features': 'sqrt', 'min_samples_leaf': 1, 'min_samples_split': 10, 'n_estimators': 500}",2025-08-14_220927
XGBoost,F_vs_I,456,True,1,0.84375,0.46153846153846156,experiment_results_statistical_IL_top_10_video_2025-08-14_220927_early_stop/xgboost_F_vs_I_2025-08-14_220927_seed456_early_stop.pkl,"{'colsample_bytree': 0.8, 'device': 'cpu', 'learning_rate': 0.05, 'max_depth': 4, 'n_estimators': 1000, 'reg_lambda': 1, 'subsample': 0.8}",2025-08-14_220927
XGBoost,F_vs_I,456,True,2,0.9375,0.7076923076923077,experiment_results_statistical_IL_top_10_video_2025-08-14_220927_early_stop/xgboost_F_vs_I_2025-08-14_220927_seed456_early_stop.pkl,"{'colsample_bytree': 0.8, 'device': 'cpu', 'learning_rate': 0.05, 'max_depth': 4, 'n_estimators': 1000, 'reg_lambda': 1, 'subsample': 0.8}",2025-08-14_220927
XGBoost,F_vs_I,456,True,3,1.0,0.8615384615384616,experiment_results_statistical_IL_top_10_video_2025-08-14_220927_early_stop/xgboost_F_vs_I_2025-08-14_220927_seed456_early_stop.pkl,"{'colsample_bytree': 0.8, 'device': 'cpu', 'learning_rate': 0.05, 'max_depth': 4, 'n_estimators': 1000, 'reg_lambda': 1, 'subsample': 0.8}",2025-08-14_220927
XGBoost,F_vs_I,456,True,4,1.0,0.8615384615384616,experiment_results_statistical_IL_top_10_video_2025-08-14_220927_early_stop/xgboost_F_vs_I_2025-08-14_220927_seed456_early_stop.pkl,"{'colsample_bytree': 0.8, 'device': 'cpu', 'learning_rate': 0.05, 'max_depth': 4, 'n_estimators': 1000, 'reg_lambda': 1, 'subsample': 0.8}",2025-08-14_220927
XGBoost,F_vs_I,456,True,5,1.0,0.8923076923076924,experiment_results_statistical_IL_top_10_video_2025-08-14_220927_early_stop/xgboost_F_vs_I_2025-08-14_220927_seed456_early_stop.pkl,"{'colsample_bytree': 0.8, 'device': 'cpu', 'learning_rate': 0.05, 'max_depth': 4, 'n_estimators': 1000, 'reg_lambda': 1, 'subsample': 0.8}",2025-08-14_220927
CatBoost,F_vs_I,456,True,1,0.84375,0.5384615384615384,experiment_results_statistical_IL_top_10_video_2025-08-14_220927_early_stop/catboost_F_vs_I_2025-08-14_220927_seed456_early_stop.pkl,"{'border_count': 32, 'depth': 4, 'iterations': 1000, 'l2_leaf_reg': 1, 'learning_rate': 0.1}",2025-08-14_220927
CatBoost,F_vs_I,456,True,2,0.9375,0.8461538461538461,experiment_results_statistical_IL_top_10_video_2025-08-14_220927_early_stop/catboost_F_vs_I_2025-08-14_220927_seed456_early_stop.pkl,"{'border_count': 32, 'depth': 4, 'iterations': 1000, 'l2_leaf_reg': 1, 'learning_rate': 0.1}",2025-08-14_220927
CatBoost,F_vs_I,456,True,3,1.0,0.9692307692307692,experiment_results_statistical_IL_top_10_video_2025-08-14_220927_early_stop/catboost_F_vs_I_2025-08-14_220927_seed456_early_stop.pkl,"{'border_count': 32, 'depth': 4, 'iterations': 1000, 'l2_leaf_reg': 1, 'learning_rate': 0.1}",2025-08-14_220927
CatBoost,F_vs_I,456,True,4,1.0,0.9846153846153847,experiment_results_statistical_IL_top_10_video_2025-08-14_220927_early_stop/catboost_F_vs_I_2025-08-14_220927_seed456_early_stop.pkl,"{'border_count': 32, 'depth': 4, 'iterations': 1000, 'l2_leaf_reg': 1, 'learning_rate': 0.1}",2025-08-14_220927
CatBoost,F_vs_I,456,True,5,1.0,1.0,experiment_results_statistical_IL_top_10_video_2025-08-14_220927_early_stop/catboost_F_vs_I_2025-08-14_220927_seed456_early_stop.pkl,"{'border_count': 32, 'depth': 4, 'iterations': 1000, 'l2_leaf_reg': 1, 'learning_rate': 0.1}",2025-08-14_220927
SVM,F_vs_I,456,True,1,0.0,0.0,experiment_results_statistical_IL_top_10_video_2025-08-14_220927_early_stop/svm_F_vs_I_2025-08-14_220927_seed456_early_stop.pkl,"{'C': 0.1, 'decision_function_shape': 'ovo', 'gamma': 'scale', 'kernel': 'rbf'}",2025-08-14_220927
SVM,F_vs_I,456,True,2,0.0,0.015384615384615385,experiment_results_statistical_IL_top_10_video_2025-08-14_220927_early_stop/svm_F_vs_I_2025-08-14_220927_seed456_early_stop.pkl,"{'C': 0.1, 'decision_function_shape': 'ovo', 'gamma': 'scale', 'kernel': 'rbf'}",2025-08-14_220927
SVM,F_vs_I,456,True,3,0.0,0.015384615384615385,experiment_results_statistical_IL_top_10_video_2025-08-14_220927_early_stop/svm_F_vs_I_2025-08-14_220927_seed456_early_stop.pkl,"{'C': 0.1, 'decision_function_shape': 'ovo', 'gamma': 'scale', 'kernel': 'rbf'}",2025-08-14_220927
SVM,F_vs_I,456,True,4,0.0,0.09230769230769231,experiment_results_statistical_IL_top_10_video_2025-08-14_220927_early_stop/svm_F_vs_I_2025-08-14_220927_seed456_early_stop.pkl,"{'C': 0.1, 'decision_function_shape': 'ovo', 'gamma': 'scale', 'kernel': 'rbf'}",2025-08-14_220927
SVM,F_vs_I,456,True,5,0.078125,0.2153846153846154,experiment_results_statistical_IL_top_10_video_2025-08-14_220927_early_stop/svm_F_vs_I_2025-08-14_220927_seed456_early_stop.pkl,"{'C': 0.1, 'decision_function_shape': 'ovo', 'gamma': 'scale', 'kernel': 'rbf'}",2025-08-14_220927
MLP,F_vs_I,456,True,1,0.09375,0.09230769230769231,experiment_results_statistical_IL_top_10_video_2025-08-14_220927_early_stop/mlp_F_vs_I_2025-08-14_220927_seed456_early_stop.pkl,"{'activation': 'relu', 'alpha': 0.0001, 'batch_size': 36, 'early_stopping': True, 'hidden_layer_sizes': [50], 'learning_rate': 'constant', 'learning_rate_init': 0.001, 'max_iter': 2000, 'solver': 'adam'}",2025-08-14_220927
MLP,F_vs_I,456,True,2,0.1875,0.16923076923076924,experiment_results_statistical_IL_top_10_video_2025-08-14_220927_early_stop/mlp_F_vs_I_2025-08-14_220927_seed456_early_stop.pkl,"{'activation': 'relu', 'alpha': 0.0001, 'batch_size': 36, 'early_stopping': True, 'hidden_layer_sizes': [50], 'learning_rate': 'constant', 'learning_rate_init': 0.001, 'max_iter': 2000, 'solver': 'adam'}",2025-08-14_220927
MLP,F_vs_I,456,True,3,0.28125,0.26153846153846155,experiment_results_statistical_IL_top_10_video_2025-08-14_220927_early_stop/mlp_F_vs_I_2025-08-14_220927_seed456_early_stop.pkl,"{'activation': 'relu', 'alpha': 0.0001, 'batch_size': 36, 'early_stopping': True, 'hidden_layer_sizes': [50], 'learning_rate': 'constant', 'learning_rate_init': 0.001, 'max_iter': 2000, 'solver': 'adam'}",2025-08-14_220927
MLP,F_vs_I,456,True,4,0.375,0.35384615384615387,experiment_results_statistical_IL_top_10_video_2025-08-14_220927_early_stop/mlp_F_vs_I_2025-08-14_220927_seed456_early_stop.pkl,"{'activation': 'relu', 'alpha': 0.0001, 'batch_size': 36, 'early_stopping': True, 'hidden_layer_sizes': [50], 'learning_rate': 'constant', 'learning_rate_init': 0.001, 'max_iter': 2000, 'solver': 'adam'}",2025-08-14_220927
MLP,F_vs_I,456,True,5,0.46875,0.4461538461538462,experiment_results_statistical_IL_top_10_video_2025-08-14_220927_early_stop/mlp_F_vs_I_2025-08-14_220927_seed456_early_stop.pkl,"{'activation': 'relu', 'alpha': 0.0001, 'batch_size': 36, 'early_stopping': True, 'hidden_layer_sizes': [50], 'learning_rate': 'constant', 'learning_rate_init': 0.001, 'max_iter': 2000, 'solver': 'adam'}",2025-08-14_220927
NaiveBayes,F_vs_I,456,True,1,0.828125,0.5538461538461539,experiment_results_statistical_IL_top_10_video_2025-08-14_220927_early_stop/naivebayes_F_vs_I_2025-08-14_220927_seed456_early_stop.pkl,"{'priors': None, 'var_smoothing': 1e-09}",2025-08-14_220927
NaiveBayes,F_vs_I,456,True,2,0.9375,0.7230769230769231,experiment_results_statistical_IL_top_10_video_2025-08-14_220927_early_stop/naivebayes_F_vs_I_2025-08-14_220927_seed456_early_stop.pkl,"{'priors': None, 'var_smoothing': 1e-09}",2025-08-14_220927
NaiveBayes,F_vs_I,456,True,3,1.0,0.8769230769230769,experiment_results_statistical_IL_top_10_video_2025-08-14_220927_early_stop/naivebayes_F_vs_I_2025-08-14_220927_seed456_early_stop.pkl,"{'priors': None, 'var_smoothing': 1e-09}",2025-08-14_220927
NaiveBayes,F_vs_I,456,True,4,1.0,0.9384615384615385,experiment_results_statistical_IL_top_10_video_2025-08-14_220927_early_stop/naivebayes_F_vs_I_2025-08-14_220927_seed456_early_stop.pkl,"{'priors': None, 'var_smoothing': 1e-09}",2025-08-14_220927
NaiveBayes,F_vs_I,456,True,5,1.0,0.9692307692307692,experiment_results_statistical_IL_top_10_video_2025-08-14_220927_early_stop/naivebayes_F_vs_I_2025-08-14_220927_seed456_early_stop.pkl,"{'priors': None, 'var_smoothing': 1e-09}",2025-08-14_220927
LightGBM,F_vs_I,456,True,1,0.84375,0.49230769230769234,experiment_results_statistical_IL_top_10_video_2025-08-14_220927_early_stop/lightgbm_F_vs_I_2025-08-14_220927_seed456_early_stop.pkl,"{'boosting_type': 'gbdt', 'class_weight': None, 'colsample_bytree': 1.0, 'importance_type': 'split', 'learning_rate': 0.1, 'max_depth': -1, 'min_child_samples': 20, 'min_child_weight': 0.001, 'min_split_gain': 0.0, 'n_estimators': 100, 'n_jobs': -1, 'num_leaves': 31, 'objective': None, 'random_state': 456, 'reg_alpha': 0.0, 'reg_lambda': 0.0, 'subsample': 1.0, 'subsample_for_bin': 200000, 'subsample_freq': 0, 'verbose': -1}",2025-08-14_220927
LightGBM,F_vs_I,456,True,2,0.9375,0.7538461538461538,experiment_results_statistical_IL_top_10_video_2025-08-14_220927_early_stop/lightgbm_F_vs_I_2025-08-14_220927_seed456_early_stop.pkl,"{'boosting_type': 'gbdt', 'class_weight': None, 'colsample_bytree': 1.0, 'importance_type': 'split', 'learning_rate': 0.1, 'max_depth': -1, 'min_child_samples': 20, 'min_child_weight': 0.001, 'min_split_gain': 0.0, 'n_estimators': 100, 'n_jobs': -1, 'num_leaves': 31, 'objective': None, 'random_state': 456, 'reg_alpha': 0.0, 'reg_lambda': 0.0, 'subsample': 1.0, 'subsample_for_bin': 200000, 'subsample_freq': 0, 'verbose': -1}",2025-08-14_220927
LightGBM,F_vs_I,456,True,3,1.0,0.8615384615384616,experiment_results_statistical_IL_top_10_video_2025-08-14_220927_early_stop/lightgbm_F_vs_I_2025-08-14_220927_seed456_early_stop.pkl,"{'boosting_type': 'gbdt', 'class_weight': None, 'colsample_bytree': 1.0, 'importance_type': 'split', 'learning_rate': 0.1, 'max_depth': -1, 'min_child_samples': 20, 'min_child_weight': 0.001, 'min_split_gain': 0.0, 'n_estimators': 100, 'n_jobs': -1, 'num_leaves': 31, 'objective': None, 'random_state': 456, 'reg_alpha': 0.0, 'reg_lambda': 0.0, 'subsample': 1.0, 'subsample_for_bin': 200000, 'subsample_freq': 0, 'verbose': -1}",2025-08-14_220927
LightGBM,F_vs_I,456,True,4,1.0,0.8615384615384616,experiment_results_statistical_IL_top_10_video_2025-08-14_220927_early_stop/lightgbm_F_vs_I_2025-08-14_220927_seed456_early_stop.pkl,"{'boosting_type': 'gbdt', 'class_weight': None, 'colsample_bytree': 1.0, 'importance_type': 'split', 'learning_rate': 0.1, 'max_depth': -1, 'min_child_samples': 20, 'min_child_weight': 0.001, 'min_split_gain': 0.0, 'n_estimators': 100, 'n_jobs': -1, 'num_leaves': 31, 'objective': None, 'random_state': 456, 'reg_alpha': 0.0, 'reg_lambda': 0.0, 'subsample': 1.0, 'subsample_for_bin': 200000, 'subsample_freq': 0, 'verbose': -1}",2025-08-14_220927
LightGBM,F_vs_I,456,True,5,1.0,0.8923076923076924,experiment_results_statistical_IL_top_10_video_2025-08-14_220927_early_stop/lightgbm_F_vs_I_2025-08-14_220927_seed456_early_stop.pkl,"{'boosting_type': 'gbdt', 'class_weight': None, 'colsample_bytree': 1.0, 'importance_type': 'split', 'learning_rate': 0.1, 'max_depth': -1, 'min_child_samples': 20, 'min_child_weight': 0.001, 'min_split_gain': 0.0, 'n_estimators': 100, 'n_jobs': -1, 'num_leaves': 31, 'objective': None, 'random_state': 456, 'reg_alpha': 0.0, 'reg_lambda': 0.0, 'subsample': 1.0, 'subsample_for_bin': 200000, 'subsample_freq': 0, 'verbose': -1}",2025-08-14_220927
ExtraTrees,F_vs_I,456,True,1,0.84375,0.5076923076923077,experiment_results_statistical_IL_top_10_video_2025-08-14_220927_early_stop/extratrees_F_vs_I_2025-08-14_220927_seed456_early_stop.pkl,"{'bootstrap': False, 'ccp_alpha': 0.0, 'class_weight': None, 'criterion': 'gini', 'max_depth': None, 'max_features': 'sqrt', 'max_leaf_nodes': None, 'max_samples': None, 'min_impurity_decrease': 0.0, 'min_samples_leaf': 1, 'min_samples_split': 2, 'min_weight_fraction_leaf': 0.0, 'monotonic_cst': None, 'n_estimators': 100, 'n_jobs': -1, 'oob_score': False, 'random_state': 456, 'verbose': 0, 'warm_start': False}",2025-08-14_220927
ExtraTrees,F_vs_I,456,True,2,0.9375,0.8615384615384616,experiment_results_statistical_IL_top_10_video_2025-08-14_220927_early_stop/extratrees_F_vs_I_2025-08-14_220927_seed456_early_stop.pkl,"{'bootstrap': False, 'ccp_alpha': 0.0, 'class_weight': None, 'criterion': 'gini', 'max_depth': None, 'max_features': 'sqrt', 'max_leaf_nodes': None, 'max_samples': None, 'min_impurity_decrease': 0.0, 'min_samples_leaf': 1, 'min_samples_split': 2, 'min_weight_fraction_leaf': 0.0, 'monotonic_cst': None, 'n_estimators': 100, 'n_jobs': -1, 'oob_score': False, 'random_state': 456, 'verbose': 0, 'warm_start': False}",2025-08-14_220927
ExtraTrees,F_vs_I,456,True,3,1.0,0.9846153846153847,experiment_results_statistical_IL_top_10_video_2025-08-14_220927_early_stop/extratrees_F_vs_I_2025-08-14_220927_seed456_early_stop.pkl,"{'bootstrap': False, 'ccp_alpha': 0.0, 'class_weight': None, 'criterion': 'gini', 'max_depth': None, 'max_features': 'sqrt', 'max_leaf_nodes': None, 'max_samples': None, 'min_impurity_decrease': 0.0, 'min_samples_leaf': 1, 'min_samples_split': 2, 'min_weight_fraction_leaf': 0.0, 'monotonic_cst': None, 'n_estimators': 100, 'n_jobs': -1, 'oob_score': False, 'random_state': 456, 'verbose': 0, 'warm_start': False}",2025-08-14_220927
ExtraTrees,F_vs_I,456,True,4,1.0,1.0,experiment_results_statistical_IL_top_10_video_2025-08-14_220927_early_stop/extratrees_F_vs_I_2025-08-14_220927_seed456_early_stop.pkl,"{'bootstrap': False, 'ccp_alpha': 0.0, 'class_weight': None, 'criterion': 'gini', 'max_depth': None, 'max_features': 'sqrt', 'max_leaf_nodes': None, 'max_samples': None, 'min_impurity_decrease': 0.0, 'min_samples_leaf': 1, 'min_samples_split': 2, 'min_weight_fraction_leaf': 0.0, 'monotonic_cst': None, 'n_estimators': 100, 'n_jobs': -1, 'oob_score': False, 'random_state': 456, 'verbose': 0, 'warm_start': False}",2025-08-14_220927
ExtraTrees,F_vs_I,456,True,5,1.0,1.0,experiment_results_statistical_IL_top_10_video_2025-08-14_220927_early_stop/extratrees_F_vs_I_2025-08-14_220927_seed456_early_stop.pkl,"{'bootstrap': False, 'ccp_alpha': 0.0, 'class_weight': None, 'criterion': 'gini', 'max_depth': None, 'max_features': 'sqrt', 'max_leaf_nodes': None, 'max_samples': None, 'min_impurity_decrease': 0.0, 'min_samples_leaf': 1, 'min_samples_split': 2, 'min_weight_fraction_leaf': 0.0, 'monotonic_cst': None, 'n_estimators': 100, 'n_jobs': -1, 'oob_score': False, 'random_state': 456, 'verbose': 0, 'warm_start': False}",2025-08-14_220927
GradientBoosting,F_vs_I,456,True,1,0.84375,0.4307692307692308,experiment_results_statistical_IL_top_10_video_2025-08-14_220927_early_stop/gradientboosting_F_vs_I_2025-08-14_220927_seed456_early_stop.pkl,"{'ccp_alpha': 0.0, 'criterion': 'friedman_mse', 'init': None, 'learning_rate': 0.1, 'loss': 'log_loss', 'max_depth': 3, 'max_features': None, 'max_leaf_nodes': None, 'min_impurity_decrease': 0.0, 'min_samples_leaf': 1, 'min_samples_split': 2, 'min_weight_fraction_leaf': 0.0, 'n_estimators': 100, 'n_iter_no_change': None, 'random_state': 456, 'subsample': 1.0, 'tol': 0.0001, 'validation_fraction': 0.1, 'verbose': 0, 'warm_start': False}",2025-08-14_220927
GradientBoosting,F_vs_I,456,True,2,0.9375,0.6615384615384615,experiment_results_statistical_IL_top_10_video_2025-08-14_220927_early_stop/gradientboosting_F_vs_I_2025-08-14_220927_seed456_early_stop.pkl,"{'ccp_alpha': 0.0, 'criterion': 'friedman_mse', 'init': None, 'learning_rate': 0.1, 'loss': 'log_loss', 'max_depth': 3, 'max_features': None, 'max_leaf_nodes': None, 'min_impurity_decrease': 0.0, 'min_samples_leaf': 1, 'min_samples_split': 2, 'min_weight_fraction_leaf': 0.0, 'n_estimators': 100, 'n_iter_no_change': None, 'random_state': 456, 'subsample': 1.0, 'tol': 0.0001, 'validation_fraction': 0.1, 'verbose': 0, 'warm_start': False}",2025-08-14_220927
GradientBoosting,F_vs_I,456,True,3,1.0,0.8307692307692308,experiment_results_statistical_IL_top_10_video_2025-08-14_220927_early_stop/gradientboosting_F_vs_I_2025-08-14_220927_seed456_early_stop.pkl,"{'ccp_alpha': 0.0, 'criterion': 'friedman_mse', 'init': None, 'learning_rate': 0.1, 'loss': 'log_loss', 'max_depth': 3, 'max_features': None, 'max_leaf_nodes': None, 'min_impurity_decrease': 0.0, 'min_samples_leaf': 1, 'min_samples_split': 2, 'min_weight_fraction_leaf': 0.0, 'n_estimators': 100, 'n_iter_no_change': None, 'random_state': 456, 'subsample': 1.0, 'tol': 0.0001, 'validation_fraction': 0.1, 'verbose': 0, 'warm_start': False}",2025-08-14_220927
GradientBoosting,F_vs_I,456,True,4,1.0,0.8615384615384616,experiment_results_statistical_IL_top_10_video_2025-08-14_220927_early_stop/gradientboosting_F_vs_I_2025-08-14_220927_seed456_early_stop.pkl,"{'ccp_alpha': 0.0, 'criterion': 'friedman_mse', 'init': None, 'learning_rate': 0.1, 'loss': 'log_loss', 'max_depth': 3, 'max_features': None, 'max_leaf_nodes': None, 'min_impurity_decrease': 0.0, 'min_samples_leaf': 1, 'min_samples_split': 2, 'min_weight_fraction_leaf': 0.0, 'n_estimators': 100, 'n_iter_no_change': None, 'random_state': 456, 'subsample': 1.0, 'tol': 0.0001, 'validation_fraction': 0.1, 'verbose': 0, 'warm_start': False}",2025-08-14_220927
GradientBoosting,F_vs_I,456,True,5,1.0,0.8923076923076924,experiment_results_statistical_IL_top_10_video_2025-08-14_220927_early_stop/gradientboosting_F_vs_I_2025-08-14_220927_seed456_early_stop.pkl,"{'ccp_alpha': 0.0, 'criterion': 'friedman_mse', 'init': None, 'learning_rate': 0.1, 'loss': 'log_loss', 'max_depth': 3, 'max_features': None, 'max_leaf_nodes': None, 'min_impurity_decrease': 0.0, 'min_samples_leaf': 1, 'min_samples_split': 2, 'min_weight_fraction_leaf': 0.0, 'n_estimators': 100, 'n_iter_no_change': None, 'random_state': 456, 'subsample': 1.0, 'tol': 0.0001, 'validation_fraction': 0.1, 'verbose': 0, 'warm_start': False}",2025-08-14_220927
KNN,F_vs_I,456,True,1,0.515625,0.3230769230769231,experiment_results_statistical_IL_top_10_video_2025-08-14_220927_early_stop/knn_F_vs_I_2025-08-14_220927_seed456_early_stop.pkl,"{'algorithm': 'auto', 'leaf_size': 30, 'metric': 'minkowski', 'metric_params': None, 'n_jobs': -1, 'n_neighbors': 5, 'p': 2, 'weights': 'uniform'}",2025-08-14_220927
KNN,F_vs_I,456,True,2,0.8125,0.5846153846153846,experiment_results_statistical_IL_top_10_video_2025-08-14_220927_early_stop/knn_F_vs_I_2025-08-14_220927_seed456_early_stop.pkl,"{'algorithm': 'auto', 'leaf_size': 30, 'metric': 'minkowski', 'metric_params': None, 'n_jobs': -1, 'n_neighbors': 5, 'p': 2, 'weights': 'uniform'}",2025-08-14_220927
KNN,F_vs_I,456,True,3,0.890625,0.6923076923076923,experiment_results_statistical_IL_top_10_video_2025-08-14_220927_early_stop/knn_F_vs_I_2025-08-14_220927_seed456_early_stop.pkl,"{'algorithm': 'auto', 'leaf_size': 30, 'metric': 'minkowski', 'metric_params': None, 'n_jobs': -1, 'n_neighbors': 5, 'p': 2, 'weights': 'uniform'}",2025-08-14_220927
KNN,F_vs_I,456,True,4,0.90625,0.7692307692307693,experiment_results_statistical_IL_top_10_video_2025-08-14_220927_early_stop/knn_F_vs_I_2025-08-14_220927_seed456_early_stop.pkl,"{'algorithm': 'auto', 'leaf_size': 30, 'metric': 'minkowski', 'metric_params': None, 'n_jobs': -1, 'n_neighbors': 5, 'p': 2, 'weights': 'uniform'}",2025-08-14_220927
KNN,F_vs_I,456,True,5,0.90625,0.8,experiment_results_statistical_IL_top_10_video_2025-08-14_220927_early_stop/knn_F_vs_I_2025-08-14_220927_seed456_early_stop.pkl,"{'algorithm': 'auto', 'leaf_size': 30, 'metric': 'minkowski', 'metric_params': None, 'n_jobs': -1, 'n_neighbors': 5, 'p': 2, 'weights': 'uniform'}",2025-08-14_220927
LogisticRegression,F_vs_I,456,True,1,0.4375,0.2923076923076923,experiment_results_statistical_IL_top_10_video_2025-08-14_220927_early_stop/logisticregression_F_vs_I_2025-08-14_220927_seed456_early_stop.pkl,"{'C': 1.0, 'class_weight': None, 'dual': False, 'fit_intercept': True, 'intercept_scaling': 1, 'l1_ratio': None, 'max_iter': 100, 'multi_class': 'deprecated', 'n_jobs': -1, 'penalty': 'l2', 'random_state': 456, 'solver': 'lbfgs', 'tol': 0.0001, 'verbose': 0, 'warm_start': False}",2025-08-14_220927
LogisticRegression,F_vs_I,456,True,2,0.625,0.5692307692307692,experiment_results_statistical_IL_top_10_video_2025-08-14_220927_early_stop/logisticregression_F_vs_I_2025-08-14_220927_seed456_early_stop.pkl,"{'C': 1.0, 'class_weight': None, 'dual': False, 'fit_intercept': True, 'intercept_scaling': 1, 'l1_ratio': None, 'max_iter': 100, 'multi_class': 'deprecated', 'n_jobs': -1, 'penalty': 'l2', 'random_state': 456, 'solver': 'lbfgs', 'tol': 0.0001, 'verbose': 0, 'warm_start': False}",2025-08-14_220927
LogisticRegression,F_vs_I,456,True,3,0.8125,0.6923076923076923,experiment_results_statistical_IL_top_10_video_2025-08-14_220927_early_stop/logisticregression_F_vs_I_2025-08-14_220927_seed456_early_stop.pkl,"{'C': 1.0, 'class_weight': None, 'dual': False, 'fit_intercept': True, 'intercept_scaling': 1, 'l1_ratio': None, 'max_iter': 100, 'multi_class': 'deprecated', 'n_jobs': -1, 'penalty': 'l2', 'random_state': 456, 'solver': 'lbfgs', 'tol': 0.0001, 'verbose': 0, 'warm_start': False}",2025-08-14_220927
LogisticRegression,F_vs_I,456,True,4,0.921875,0.8307692307692308,experiment_results_statistical_IL_top_10_video_2025-08-14_220927_early_stop/logisticregression_F_vs_I_2025-08-14_220927_seed456_early_stop.pkl,"{'C': 1.0, 'class_weight': None, 'dual': False, 'fit_intercept': True, 'intercept_scaling': 1, 'l1_ratio': None, 'max_iter': 100, 'multi_class': 'deprecated', 'n_jobs': -1, 'penalty': 'l2', 'random_state': 456, 'solver': 'lbfgs', 'tol': 0.0001, 'verbose': 0, 'warm_start': False}",2025-08-14_220927
LogisticRegression,F_vs_I,456,True,5,0.921875,0.8615384615384616,experiment_results_statistical_IL_top_10_video_2025-08-14_220927_early_stop/logisticregression_F_vs_I_2025-08-14_220927_seed456_early_stop.pkl,"{'C': 1.0, 'class_weight': None, 'dual': False, 'fit_intercept': True, 'intercept_scaling': 1, 'l1_ratio': None, 'max_iter': 100, 'multi_class': 'deprecated', 'n_jobs': -1, 'penalty': 'l2', 'random_state': 456, 'solver': 'lbfgs', 'tol': 0.0001, 'verbose': 0, 'warm_start': False}",2025-08-14_220927
RandomForest,F_vs_T,42,True,1,0.84375,0.6031746031746031,experiment_results_statistical_IL_top_10_video_2025-08-14_220927_early_stop/randomforest_F_vs_T_2025-08-14_220927_seed42_early_stop.pkl,"{'bootstrap': True, 'max_depth': 10, 'max_features': 'sqrt', 'min_samples_leaf': 1, 'min_samples_split': 2, 'n_estimators': 500}",2025-08-14_220927
RandomForest,F_vs_T,42,True,2,0.9375,0.8571428571428571,experiment_results_statistical_IL_top_10_video_2025-08-14_220927_early_stop/randomforest_F_vs_T_2025-08-14_220927_seed42_early_stop.pkl,"{'bootstrap': True, 'max_depth': 10, 'max_features': 'sqrt', 'min_samples_leaf': 1, 'min_samples_split': 2, 'n_estimators': 500}",2025-08-14_220927
RandomForest,F_vs_T,42,True,3,1.0,1.0,experiment_results_statistical_IL_top_10_video_2025-08-14_220927_early_stop/randomforest_F_vs_T_2025-08-14_220927_seed42_early_stop.pkl,"{'bootstrap': True, 'max_depth': 10, 'max_features': 'sqrt', 'min_samples_leaf': 1, 'min_samples_split': 2, 'n_estimators': 500}",2025-08-14_220927
RandomForest,F_vs_T,42,True,4,1.0,1.0,experiment_results_statistical_IL_top_10_video_2025-08-14_220927_early_stop/randomforest_F_vs_T_2025-08-14_220927_seed42_early_stop.pkl,"{'bootstrap': True, 'max_depth': 10, 'max_features': 'sqrt', 'min_samples_leaf': 1, 'min_samples_split': 2, 'n_estimators': 500}",2025-08-14_220927
RandomForest,F_vs_T,42,True,5,1.0,1.0,experiment_results_statistical_IL_top_10_video_2025-08-14_220927_early_stop/randomforest_F_vs_T_2025-08-14_220927_seed42_early_stop.pkl,"{'bootstrap': True, 'max_depth': 10, 'max_features': 'sqrt', 'min_samples_leaf': 1, 'min_samples_split': 2, 'n_estimators': 500}",2025-08-14_220927
XGBoost,F_vs_T,42,True,1,0.84375,0.5555555555555556,experiment_results_statistical_IL_top_10_video_2025-08-14_220927_early_stop/xgboost_F_vs_T_2025-08-14_220927_seed42_early_stop.pkl,"{'colsample_bytree': 0.8, 'device': 'cpu', 'learning_rate': 0.1, 'max_depth': 4, 'n_estimators': 1000, 'reg_lambda': 1, 'subsample': 0.8}",2025-08-14_220927
XGBoost,F_vs_T,42,True,2,0.9375,0.7936507936507936,experiment_results_statistical_IL_top_10_video_2025-08-14_220927_early_stop/xgboost_F_vs_T_2025-08-14_220927_seed42_early_stop.pkl,"{'colsample_bytree': 0.8, 'device': 'cpu', 'learning_rate': 0.1, 'max_depth': 4, 'n_estimators': 1000, 'reg_lambda': 1, 'subsample': 0.8}",2025-08-14_220927
XGBoost,F_vs_T,42,True,3,1.0,0.9365079365079365,experiment_results_statistical_IL_top_10_video_2025-08-14_220927_early_stop/xgboost_F_vs_T_2025-08-14_220927_seed42_early_stop.pkl,"{'colsample_bytree': 0.8, 'device': 'cpu', 'learning_rate': 0.1, 'max_depth': 4, 'n_estimators': 1000, 'reg_lambda': 1, 'subsample': 0.8}",2025-08-14_220927
XGBoost,F_vs_T,42,True,4,1.0,0.9365079365079365,experiment_results_statistical_IL_top_10_video_2025-08-14_220927_early_stop/xgboost_F_vs_T_2025-08-14_220927_seed42_early_stop.pkl,"{'colsample_bytree': 0.8, 'device': 'cpu', 'learning_rate': 0.1, 'max_depth': 4, 'n_estimators': 1000, 'reg_lambda': 1, 'subsample': 0.8}",2025-08-14_220927
XGBoost,F_vs_T,42,True,5,1.0,0.9682539682539683,experiment_results_statistical_IL_top_10_video_2025-08-14_220927_early_stop/xgboost_F_vs_T_2025-08-14_220927_seed42_early_stop.pkl,"{'colsample_bytree': 0.8, 'device': 'cpu', 'learning_rate': 0.1, 'max_depth': 4, 'n_estimators': 1000, 'reg_lambda': 1, 'subsample': 0.8}",2025-08-14_220927
CatBoost,F_vs_T,42,True,1,0.84375,0.5396825396825397,experiment_results_statistical_IL_top_10_video_2025-08-14_220927_early_stop/catboost_F_vs_T_2025-08-14_220927_seed42_early_stop.pkl,"{'border_count': 32, 'depth': 4, 'iterations': 1000, 'l2_leaf_reg': 3, 'learning_rate': 0.1}",2025-08-14_220927
CatBoost,F_vs_T,42,True,2,0.9375,0.8412698412698413,experiment_results_statistical_IL_top_10_video_2025-08-14_220927_early_stop/catboost_F_vs_T_2025-08-14_220927_seed42_early_stop.pkl,"{'border_count': 32, 'depth': 4, 'iterations': 1000, 'l2_leaf_reg': 3, 'learning_rate': 0.1}",2025-08-14_220927
CatBoost,F_vs_T,42,True,3,1.0,0.9841269841269841,experiment_results_statistical_IL_top_10_video_2025-08-14_220927_early_stop/catboost_F_vs_T_2025-08-14_220927_seed42_early_stop.pkl,"{'border_count': 32, 'depth': 4, 'iterations': 1000, 'l2_leaf_reg': 3, 'learning_rate': 0.1}",2025-08-14_220927
CatBoost,F_vs_T,42,True,4,1.0,0.9841269841269841,experiment_results_statistical_IL_top_10_video_2025-08-14_220927_early_stop/catboost_F_vs_T_2025-08-14_220927_seed42_early_stop.pkl,"{'border_count': 32, 'depth': 4, 'iterations': 1000, 'l2_leaf_reg': 3, 'learning_rate': 0.1}",2025-08-14_220927
CatBoost,F_vs_T,42,True,5,1.0,0.9841269841269841,experiment_results_statistical_IL_top_10_video_2025-08-14_220927_early_stop/catboost_F_vs_T_2025-08-14_220927_seed42_early_stop.pkl,"{'border_count': 32, 'depth': 4, 'iterations': 1000, 'l2_leaf_reg': 3, 'learning_rate': 0.1}",2025-08-14_220927
SVM,F_vs_T,42,True,1,0.0,0.0,experiment_results_statistical_IL_top_10_video_2025-08-14_220927_early_stop/svm_F_vs_T_2025-08-14_220927_seed42_early_stop.pkl,"{'C': 0.1, 'decision_function_shape': 'ovo', 'gamma': 'scale', 'kernel': 'rbf'}",2025-08-14_220927
SVM,F_vs_T,42,True,2,0.0,0.0,experiment_results_statistical_IL_top_10_video_2025-08-14_220927_early_stop/svm_F_vs_T_2025-08-14_220927_seed42_early_stop.pkl,"{'C': 0.1, 'decision_function_shape': 'ovo', 'gamma': 'scale', 'kernel': 'rbf'}",2025-08-14_220927
SVM,F_vs_T,42,True,3,0.0,0.0,experiment_results_statistical_IL_top_10_video_2025-08-14_220927_early_stop/svm_F_vs_T_2025-08-14_220927_seed42_early_stop.pkl,"{'C': 0.1, 'decision_function_shape': 'ovo', 'gamma': 'scale', 'kernel': 'rbf'}",2025-08-14_220927
SVM,F_vs_T,42,True,4,0.0,0.015873015873015872,experiment_results_statistical_IL_top_10_video_2025-08-14_220927_early_stop/svm_F_vs_T_2025-08-14_220927_seed42_early_stop.pkl,"{'C': 0.1, 'decision_function_shape': 'ovo', 'gamma': 'scale', 'kernel': 'rbf'}",2025-08-14_220927
SVM,F_vs_T,42,True,5,0.0625,0.14285714285714285,experiment_results_statistical_IL_top_10_video_2025-08-14_220927_early_stop/svm_F_vs_T_2025-08-14_220927_seed42_early_stop.pkl,"{'C': 0.1, 'decision_function_shape': 'ovo', 'gamma': 'scale', 'kernel': 'rbf'}",2025-08-14_220927
MLP,F_vs_T,42,True,1,0.09375,0.09523809523809523,experiment_results_statistical_IL_top_10_video_2025-08-14_220927_early_stop/mlp_F_vs_T_2025-08-14_220927_seed42_early_stop.pkl,"{'activation': 'relu', 'alpha': 0.0001, 'batch_size': 36, 'early_stopping': True, 'hidden_layer_sizes': [50], 'learning_rate': 'constant', 'learning_rate_init': 0.001, 'max_iter': 2000, 'solver': 'adam'}",2025-08-14_220927
MLP,F_vs_T,42,True,2,0.1875,0.1746031746031746,experiment_results_statistical_IL_top_10_video_2025-08-14_220927_early_stop/mlp_F_vs_T_2025-08-14_220927_seed42_early_stop.pkl,"{'activation': 'relu', 'alpha': 0.0001, 'batch_size': 36, 'early_stopping': True, 'hidden_layer_sizes': [50], 'learning_rate': 'constant', 'learning_rate_init': 0.001, 'max_iter': 2000, 'solver': 'adam'}",2025-08-14_220927
MLP,F_vs_T,42,True,3,0.25,0.23809523809523808,experiment_results_statistical_IL_top_10_video_2025-08-14_220927_early_stop/mlp_F_vs_T_2025-08-14_220927_seed42_early_stop.pkl,"{'activation': 'relu', 'alpha': 0.0001, 'batch_size': 36, 'early_stopping': True, 'hidden_layer_sizes': [50], 'learning_rate': 'constant', 'learning_rate_init': 0.001, 'max_iter': 2000, 'solver': 'adam'}",2025-08-14_220927
MLP,F_vs_T,42,True,4,0.34375,0.3333333333333333,experiment_results_statistical_IL_top_10_video_2025-08-14_220927_early_stop/mlp_F_vs_T_2025-08-14_220927_seed42_early_stop.pkl,"{'activation': 'relu', 'alpha': 0.0001, 'batch_size': 36, 'early_stopping': True, 'hidden_layer_sizes': [50], 'learning_rate': 'constant', 'learning_rate_init': 0.001, 'max_iter': 2000, 'solver': 'adam'}",2025-08-14_220927
MLP,F_vs_T,42,True,5,0.4375,0.42857142857142855,experiment_results_statistical_IL_top_10_video_2025-08-14_220927_early_stop/mlp_F_vs_T_2025-08-14_220927_seed42_early_stop.pkl,"{'activation': 'relu', 'alpha': 0.0001, 'batch_size': 36, 'early_stopping': True, 'hidden_layer_sizes': [50], 'learning_rate': 'constant', 'learning_rate_init': 0.001, 'max_iter': 2000, 'solver': 'adam'}",2025-08-14_220927
NaiveBayes,F_vs_T,42,True,1,0.828125,0.4603174603174603,experiment_results_statistical_IL_top_10_video_2025-08-14_220927_early_stop/naivebayes_F_vs_T_2025-08-14_220927_seed42_early_stop.pkl,"{'priors': None, 'var_smoothing': 1e-09}",2025-08-14_220927
NaiveBayes,F_vs_T,42,True,2,0.9375,0.7619047619047619,experiment_results_statistical_IL_top_10_video_2025-08-14_220927_early_stop/naivebayes_F_vs_T_2025-08-14_220927_seed42_early_stop.pkl,"{'priors': None, 'var_smoothing': 1e-09}",2025-08-14_220927
NaiveBayes,F_vs_T,42,True,3,1.0,0.8888888888888888,experiment_results_statistical_IL_top_10_video_2025-08-14_220927_early_stop/naivebayes_F_vs_T_2025-08-14_220927_seed42_early_stop.pkl,"{'priors': None, 'var_smoothing': 1e-09}",2025-08-14_220927
NaiveBayes,F_vs_T,42,True,4,1.0,0.8888888888888888,experiment_results_statistical_IL_top_10_video_2025-08-14_220927_early_stop/naivebayes_F_vs_T_2025-08-14_220927_seed42_early_stop.pkl,"{'priors': None, 'var_smoothing': 1e-09}",2025-08-14_220927
NaiveBayes,F_vs_T,42,True,5,1.0,0.9206349206349206,experiment_results_statistical_IL_top_10_video_2025-08-14_220927_early_stop/naivebayes_F_vs_T_2025-08-14_220927_seed42_early_stop.pkl,"{'priors': None, 'var_smoothing': 1e-09}",2025-08-14_220927
LightGBM,F_vs_T,42,True,1,0.84375,0.5238095238095238,experiment_results_statistical_IL_top_10_video_2025-08-14_220927_early_stop/lightgbm_F_vs_T_2025-08-14_220927_seed42_early_stop.pkl,"{'boosting_type': 'gbdt', 'class_weight': None, 'colsample_bytree': 1.0, 'importance_type': 'split', 'learning_rate': 0.1, 'max_depth': -1, 'min_child_samples': 20, 'min_child_weight': 0.001, 'min_split_gain': 0.0, 'n_estimators': 100, 'n_jobs': -1, 'num_leaves': 31, 'objective': None, 'random_state': 42, 'reg_alpha': 0.0, 'reg_lambda': 0.0, 'subsample': 1.0, 'subsample_for_bin': 200000, 'subsample_freq': 0, 'verbose': -1}",2025-08-14_220927
LightGBM,F_vs_T,42,True,2,0.9375,0.7301587301587301,experiment_results_statistical_IL_top_10_video_2025-08-14_220927_early_stop/lightgbm_F_vs_T_2025-08-14_220927_seed42_early_stop.pkl,"{'boosting_type': 'gbdt', 'class_weight': None, 'colsample_bytree': 1.0, 'importance_type': 'split', 'learning_rate': 0.1, 'max_depth': -1, 'min_child_samples': 20, 'min_child_weight': 0.001, 'min_split_gain': 0.0, 'n_estimators': 100, 'n_jobs': -1, 'num_leaves': 31, 'objective': None, 'random_state': 42, 'reg_alpha': 0.0, 'reg_lambda': 0.0, 'subsample': 1.0, 'subsample_for_bin': 200000, 'subsample_freq': 0, 'verbose': -1}",2025-08-14_220927
LightGBM,F_vs_T,42,True,3,1.0,0.8571428571428571,experiment_results_statistical_IL_top_10_video_2025-08-14_220927_early_stop/lightgbm_F_vs_T_2025-08-14_220927_seed42_early_stop.pkl,"{'boosting_type': 'gbdt', 'class_weight': None, 'colsample_bytree': 1.0, 'importance_type': 'split', 'learning_rate': 0.1, 'max_depth': -1, 'min_child_samples': 20, 'min_child_weight': 0.001, 'min_split_gain': 0.0, 'n_estimators': 100, 'n_jobs': -1, 'num_leaves': 31, 'objective': None, 'random_state': 42, 'reg_alpha': 0.0, 'reg_lambda': 0.0, 'subsample': 1.0, 'subsample_for_bin': 200000, 'subsample_freq': 0, 'verbose': -1}",2025-08-14_220927
LightGBM,F_vs_T,42,True,4,1.0,0.873015873015873,experiment_results_statistical_IL_top_10_video_2025-08-14_220927_early_stop/lightgbm_F_vs_T_2025-08-14_220927_seed42_early_stop.pkl,"{'boosting_type': 'gbdt', 'class_weight': None, 'colsample_bytree': 1.0, 'importance_type': 'split', 'learning_rate': 0.1, 'max_depth': -1, 'min_child_samples': 20, 'min_child_weight': 0.001, 'min_split_gain': 0.0, 'n_estimators': 100, 'n_jobs': -1, 'num_leaves': 31, 'objective': None, 'random_state': 42, 'reg_alpha': 0.0, 'reg_lambda': 0.0, 'subsample': 1.0, 'subsample_for_bin': 200000, 'subsample_freq': 0, 'verbose': -1}",2025-08-14_220927
LightGBM,F_vs_T,42,True,5,1.0,0.8888888888888888,experiment_results_statistical_IL_top_10_video_2025-08-14_220927_early_stop/lightgbm_F_vs_T_2025-08-14_220927_seed42_early_stop.pkl,"{'boosting_type': 'gbdt', 'class_weight': None, 'colsample_bytree': 1.0, 'importance_type': 'split', 'learning_rate': 0.1, 'max_depth': -1, 'min_child_samples': 20, 'min_child_weight': 0.001, 'min_split_gain': 0.0, 'n_estimators': 100, 'n_jobs': -1, 'num_leaves': 31, 'objective': None, 'random_state': 42, 'reg_alpha': 0.0, 'reg_lambda': 0.0, 'subsample': 1.0, 'subsample_for_bin': 200000, 'subsample_freq': 0, 'verbose': -1}",2025-08-14_220927
ExtraTrees,F_vs_T,42,True,1,0.84375,0.5396825396825397,experiment_results_statistical_IL_top_10_video_2025-08-14_220927_early_stop/extratrees_F_vs_T_2025-08-14_220927_seed42_early_stop.pkl,"{'bootstrap': False, 'ccp_alpha': 0.0, 'class_weight': None, 'criterion': 'gini', 'max_depth': None, 'max_features': 'sqrt', 'max_leaf_nodes': None, 'max_samples': None, 'min_impurity_decrease': 0.0, 'min_samples_leaf': 1, 'min_samples_split': 2, 'min_weight_fraction_leaf': 0.0, 'monotonic_cst': None, 'n_estimators': 100, 'n_jobs': -1, 'oob_score': False, 'random_state': 42, 'verbose': 0, 'warm_start': False}",2025-08-14_220927
ExtraTrees,F_vs_T,42,True,2,0.9375,0.8253968253968254,experiment_results_statistical_IL_top_10_video_2025-08-14_220927_early_stop/extratrees_F_vs_T_2025-08-14_220927_seed42_early_stop.pkl,"{'bootstrap': False, 'ccp_alpha': 0.0, 'class_weight': None, 'criterion': 'gini', 'max_depth': None, 'max_features': 'sqrt', 'max_leaf_nodes': None, 'max_samples': None, 'min_impurity_decrease': 0.0, 'min_samples_leaf': 1, 'min_samples_split': 2, 'min_weight_fraction_leaf': 0.0, 'monotonic_cst': None, 'n_estimators': 100, 'n_jobs': -1, 'oob_score': False, 'random_state': 42, 'verbose': 0, 'warm_start': False}",2025-08-14_220927
ExtraTrees,F_vs_T,42,True,3,1.0,0.9682539682539683,experiment_results_statistical_IL_top_10_video_2025-08-14_220927_early_stop/extratrees_F_vs_T_2025-08-14_220927_seed42_early_stop.pkl,"{'bootstrap': False, 'ccp_alpha': 0.0, 'class_weight': None, 'criterion': 'gini', 'max_depth': None, 'max_features': 'sqrt', 'max_leaf_nodes': None, 'max_samples': None, 'min_impurity_decrease': 0.0, 'min_samples_leaf': 1, 'min_samples_split': 2, 'min_weight_fraction_leaf': 0.0, 'monotonic_cst': None, 'n_estimators': 100, 'n_jobs': -1, 'oob_score': False, 'random_state': 42, 'verbose': 0, 'warm_start': False}",2025-08-14_220927
ExtraTrees,F_vs_T,42,True,4,1.0,0.9682539682539683,experiment_results_statistical_IL_top_10_video_2025-08-14_220927_early_stop/extratrees_F_vs_T_2025-08-14_220927_seed42_early_stop.pkl,"{'bootstrap': False, 'ccp_alpha': 0.0, 'class_weight': None, 'criterion': 'gini', 'max_depth': None, 'max_features': 'sqrt', 'max_leaf_nodes': None, 'max_samples': None, 'min_impurity_decrease': 0.0, 'min_samples_leaf': 1, 'min_samples_split': 2, 'min_weight_fraction_leaf': 0.0, 'monotonic_cst': None, 'n_estimators': 100, 'n_jobs': -1, 'oob_score': False, 'random_state': 42, 'verbose': 0, 'warm_start': False}",2025-08-14_220927
ExtraTrees,F_vs_T,42,True,5,1.0,1.0,experiment_results_statistical_IL_top_10_video_2025-08-14_220927_early_stop/extratrees_F_vs_T_2025-08-14_220927_seed42_early_stop.pkl,"{'bootstrap': False, 'ccp_alpha': 0.0, 'class_weight': None, 'criterion': 'gini', 'max_depth': None, 'max_features': 'sqrt', 'max_leaf_nodes': None, 'max_samples': None, 'min_impurity_decrease': 0.0, 'min_samples_leaf': 1, 'min_samples_split': 2, 'min_weight_fraction_leaf': 0.0, 'monotonic_cst': None, 'n_estimators': 100, 'n_jobs': -1, 'oob_score': False, 'random_state': 42, 'verbose': 0, 'warm_start': False}",2025-08-14_220927
GradientBoosting,F_vs_T,42,True,1,0.84375,0.5238095238095238,experiment_results_statistical_IL_top_10_video_2025-08-14_220927_early_stop/gradientboosting_F_vs_T_2025-08-14_220927_seed42_early_stop.pkl,"{'ccp_alpha': 0.0, 'criterion': 'friedman_mse', 'init': None, 'learning_rate': 0.1, 'loss': 'log_loss', 'max_depth': 3, 'max_features': None, 'max_leaf_nodes': None, 'min_impurity_decrease': 0.0, 'min_samples_leaf': 1, 'min_samples_split': 2, 'min_weight_fraction_leaf': 0.0, 'n_estimators': 100, 'n_iter_no_change': None, 'random_state': 42, 'subsample': 1.0, 'tol': 0.0001, 'validation_fraction': 0.1, 'verbose': 0, 'warm_start': False}",2025-08-14_220927
GradientBoosting,F_vs_T,42,True,2,0.9375,0.7142857142857143,experiment_results_statistical_IL_top_10_video_2025-08-14_220927_early_stop/gradientboosting_F_vs_T_2025-08-14_220927_seed42_early_stop.pkl,"{'ccp_alpha': 0.0, 'criterion': 'friedman_mse', 'init': None, 'learning_rate': 0.1, 'loss': 'log_loss', 'max_depth': 3, 'max_features': None, 'max_leaf_nodes': None, 'min_impurity_decrease': 0.0, 'min_samples_leaf': 1, 'min_samples_split': 2, 'min_weight_fraction_leaf': 0.0, 'n_estimators': 100, 'n_iter_no_change': None, 'random_state': 42, 'subsample': 1.0, 'tol': 0.0001, 'validation_fraction': 0.1, 'verbose': 0, 'warm_start': False}",2025-08-14_220927
GradientBoosting,F_vs_T,42,True,3,1.0,0.8253968253968254,experiment_results_statistical_IL_top_10_video_2025-08-14_220927_early_stop/gradientboosting_F_vs_T_2025-08-14_220927_seed42_early_stop.pkl,"{'ccp_alpha': 0.0, 'criterion': 'friedman_mse', 'init': None, 'learning_rate': 0.1, 'loss': 'log_loss', 'max_depth': 3, 'max_features': None, 'max_leaf_nodes': None, 'min_impurity_decrease': 0.0, 'min_samples_leaf': 1, 'min_samples_split': 2, 'min_weight_fraction_leaf': 0.0, 'n_estimators': 100, 'n_iter_no_change': None, 'random_state': 42, 'subsample': 1.0, 'tol': 0.0001, 'validation_fraction': 0.1, 'verbose': 0, 'warm_start': False}",2025-08-14_220927
GradientBoosting,F_vs_T,42,True,4,1.0,0.9365079365079365,experiment_results_statistical_IL_top_10_video_2025-08-14_220927_early_stop/gradientboosting_F_vs_T_2025-08-14_220927_seed42_early_stop.pkl,"{'ccp_alpha': 0.0, 'criterion': 'friedman_mse', 'init': None, 'learning_rate': 0.1, 'loss': 'log_loss', 'max_depth': 3, 'max_features': None, 'max_leaf_nodes': None, 'min_impurity_decrease': 0.0, 'min_samples_leaf': 1, 'min_samples_split': 2, 'min_weight_fraction_leaf': 0.0, 'n_estimators': 100, 'n_iter_no_change': None, 'random_state': 42, 'subsample': 1.0, 'tol': 0.0001, 'validation_fraction': 0.1, 'verbose': 0, 'warm_start': False}",2025-08-14_220927
GradientBoosting,F_vs_T,42,True,5,1.0,0.9682539682539683,experiment_results_statistical_IL_top_10_video_2025-08-14_220927_early_stop/gradientboosting_F_vs_T_2025-08-14_220927_seed42_early_stop.pkl,"{'ccp_alpha': 0.0, 'criterion': 'friedman_mse', 'init': None, 'learning_rate': 0.1, 'loss': 'log_loss', 'max_depth': 3, 'max_features': None, 'max_leaf_nodes': None, 'min_impurity_decrease': 0.0, 'min_samples_leaf': 1, 'min_samples_split': 2, 'min_weight_fraction_leaf': 0.0, 'n_estimators': 100, 'n_iter_no_change': None, 'random_state': 42, 'subsample': 1.0, 'tol': 0.0001, 'validation_fraction': 0.1, 'verbose': 0, 'warm_start': False}",2025-08-14_220927
KNN,F_vs_T,42,True,1,0.515625,0.42857142857142855,experiment_results_statistical_IL_top_10_video_2025-08-14_220927_early_stop/knn_F_vs_T_2025-08-14_220927_seed42_early_stop.pkl,"{'algorithm': 'auto', 'leaf_size': 30, 'metric': 'minkowski', 'metric_params': None, 'n_jobs': -1, 'n_neighbors': 5, 'p': 2, 'weights': 'uniform'}",2025-08-14_220927
KNN,F_vs_T,42,True,2,0.8125,0.6507936507936508,experiment_results_statistical_IL_top_10_video_2025-08-14_220927_early_stop/knn_F_vs_T_2025-08-14_220927_seed42_early_stop.pkl,"{'algorithm': 'auto', 'leaf_size': 30, 'metric': 'minkowski', 'metric_params': None, 'n_jobs': -1, 'n_neighbors': 5, 'p': 2, 'weights': 'uniform'}",2025-08-14_220927
KNN,F_vs_T,42,True,3,0.890625,0.6666666666666666,experiment_results_statistical_IL_top_10_video_2025-08-14_220927_early_stop/knn_F_vs_T_2025-08-14_220927_seed42_early_stop.pkl,"{'algorithm': 'auto', 'leaf_size': 30, 'metric': 'minkowski', 'metric_params': None, 'n_jobs': -1, 'n_neighbors': 5, 'p': 2, 'weights': 'uniform'}",2025-08-14_220927
KNN,F_vs_T,42,True,4,0.90625,0.7301587301587301,experiment_results_statistical_IL_top_10_video_2025-08-14_220927_early_stop/knn_F_vs_T_2025-08-14_220927_seed42_early_stop.pkl,"{'algorithm': 'auto', 'leaf_size': 30, 'metric': 'minkowski', 'metric_params': None, 'n_jobs': -1, 'n_neighbors': 5, 'p': 2, 'weights': 'uniform'}",2025-08-14_220927
KNN,F_vs_T,42,True,5,0.90625,0.746031746031746,experiment_results_statistical_IL_top_10_video_2025-08-14_220927_early_stop/knn_F_vs_T_2025-08-14_220927_seed42_early_stop.pkl,"{'algorithm': 'auto', 'leaf_size': 30, 'metric': 'minkowski', 'metric_params': None, 'n_jobs': -1, 'n_neighbors': 5, 'p': 2, 'weights': 'uniform'}",2025-08-14_220927
LogisticRegression,F_vs_T,42,True,1,0.4375,0.25396825396825395,experiment_results_statistical_IL_top_10_video_2025-08-14_220927_early_stop/logisticregression_F_vs_T_2025-08-14_220927_seed42_early_stop.pkl,"{'C': 1.0, 'class_weight': None, 'dual': False, 'fit_intercept': True, 'intercept_scaling': 1, 'l1_ratio': None, 'max_iter': 100, 'multi_class': 'deprecated', 'n_jobs': -1, 'penalty': 'l2', 'random_state': 42, 'solver': 'lbfgs', 'tol': 0.0001, 'verbose': 0, 'warm_start': False}",2025-08-14_220927
LogisticRegression,F_vs_T,42,True,2,0.625,0.5396825396825397,experiment_results_statistical_IL_top_10_video_2025-08-14_220927_early_stop/logisticregression_F_vs_T_2025-08-14_220927_seed42_early_stop.pkl,"{'C': 1.0, 'class_weight': None, 'dual': False, 'fit_intercept': True, 'intercept_scaling': 1, 'l1_ratio': None, 'max_iter': 100, 'multi_class': 'deprecated', 'n_jobs': -1, 'penalty': 'l2', 'random_state': 42, 'solver': 'lbfgs', 'tol': 0.0001, 'verbose': 0, 'warm_start': False}",2025-08-14_220927
LogisticRegression,F_vs_T,42,True,3,0.8125,0.6984126984126984,experiment_results_statistical_IL_top_10_video_2025-08-14_220927_early_stop/logisticregression_F_vs_T_2025-08-14_220927_seed42_early_stop.pkl,"{'C': 1.0, 'class_weight': None, 'dual': False, 'fit_intercept': True, 'intercept_scaling': 1, 'l1_ratio': None, 'max_iter': 100, 'multi_class': 'deprecated', 'n_jobs': -1, 'penalty': 'l2', 'random_state': 42, 'solver': 'lbfgs', 'tol': 0.0001, 'verbose': 0, 'warm_start': False}",2025-08-14_220927
LogisticRegression,F_vs_T,42,True,4,0.921875,0.7777777777777778,experiment_results_statistical_IL_top_10_video_2025-08-14_220927_early_stop/logisticregression_F_vs_T_2025-08-14_220927_seed42_early_stop.pkl,"{'C': 1.0, 'class_weight': None, 'dual': False, 'fit_intercept': True, 'intercept_scaling': 1, 'l1_ratio': None, 'max_iter': 100, 'multi_class': 'deprecated', 'n_jobs': -1, 'penalty': 'l2', 'random_state': 42, 'solver': 'lbfgs', 'tol': 0.0001, 'verbose': 0, 'warm_start': False}",2025-08-14_220927
LogisticRegression,F_vs_T,42,True,5,0.921875,0.8095238095238095,experiment_results_statistical_IL_top_10_video_2025-08-14_220927_early_stop/logisticregression_F_vs_T_2025-08-14_220927_seed42_early_stop.pkl,"{'C': 1.0, 'class_weight': None, 'dual': False, 'fit_intercept': True, 'intercept_scaling': 1, 'l1_ratio': None, 'max_iter': 100, 'multi_class': 'deprecated', 'n_jobs': -1, 'penalty': 'l2', 'random_state': 42, 'solver': 'lbfgs', 'tol': 0.0001, 'verbose': 0, 'warm_start': False}",2025-08-14_220927
RandomForest,F_vs_T,123,True,1,0.84375,0.5714285714285714,experiment_results_statistical_IL_top_10_video_2025-08-14_220927_early_stop/randomforest_F_vs_T_2025-08-14_220927_seed123_early_stop.pkl,"{'bootstrap': True, 'max_depth': 10, 'max_features': 'log2', 'min_samples_leaf': 1, 'min_samples_split': 2, 'n_estimators': 100}",2025-08-14_220927
RandomForest,F_vs_T,123,True,2,0.9375,0.8095238095238095,experiment_results_statistical_IL_top_10_video_2025-08-14_220927_early_stop/randomforest_F_vs_T_2025-08-14_220927_seed123_early_stop.pkl,"{'bootstrap': True, 'max_depth': 10, 'max_features': 'log2', 'min_samples_leaf': 1, 'min_samples_split': 2, 'n_estimators': 100}",2025-08-14_220927
RandomForest,F_vs_T,123,True,3,1.0,0.9682539682539683,experiment_results_statistical_IL_top_10_video_2025-08-14_220927_early_stop/randomforest_F_vs_T_2025-08-14_220927_seed123_early_stop.pkl,"{'bootstrap': True, 'max_depth': 10, 'max_features': 'log2', 'min_samples_leaf': 1, 'min_samples_split': 2, 'n_estimators': 100}",2025-08-14_220927
RandomForest,F_vs_T,123,True,4,1.0,0.9841269841269841,experiment_results_statistical_IL_top_10_video_2025-08-14_220927_early_stop/randomforest_F_vs_T_2025-08-14_220927_seed123_early_stop.pkl,"{'bootstrap': True, 'max_depth': 10, 'max_features': 'log2', 'min_samples_leaf': 1, 'min_samples_split': 2, 'n_estimators': 100}",2025-08-14_220927
RandomForest,F_vs_T,123,True,5,1.0,0.9841269841269841,experiment_results_statistical_IL_top_10_video_2025-08-14_220927_early_stop/randomforest_F_vs_T_2025-08-14_220927_seed123_early_stop.pkl,"{'bootstrap': True, 'max_depth': 10, 'max_features': 'log2', 'min_samples_leaf': 1, 'min_samples_split': 2, 'n_estimators': 100}",2025-08-14_220927
XGBoost,F_vs_T,123,True,1,0.84375,0.5396825396825397,experiment_results_statistical_IL_top_10_video_2025-08-14_220927_early_stop/xgboost_F_vs_T_2025-08-14_220927_seed123_early_stop.pkl,"{'colsample_bytree': 0.8, 'device': 'cpu', 'learning_rate': 0.05, 'max_depth': 4, 'n_estimators': 1000, 'reg_lambda': 1, 'subsample': 0.8}",2025-08-14_220927
XGBoost,F_vs_T,123,True,2,0.9375,0.7301587301587301,experiment_results_statistical_IL_top_10_video_2025-08-14_220927_early_stop/xgboost_F_vs_T_2025-08-14_220927_seed123_early_stop.pkl,"{'colsample_bytree': 0.8, 'device': 'cpu', 'learning_rate': 0.05, 'max_depth': 4, 'n_estimators': 1000, 'reg_lambda': 1, 'subsample': 0.8}",2025-08-14_220927
XGBoost,F_vs_T,123,True,3,1.0,0.9047619047619048,experiment_results_statistical_IL_top_10_video_2025-08-14_220927_early_stop/xgboost_F_vs_T_2025-08-14_220927_seed123_early_stop.pkl,"{'colsample_bytree': 0.8, 'device': 'cpu', 'learning_rate': 0.05, 'max_depth': 4, 'n_estimators': 1000, 'reg_lambda': 1, 'subsample': 0.8}",2025-08-14_220927
XGBoost,F_vs_T,123,True,4,1.0,0.9365079365079365,experiment_results_statistical_IL_top_10_video_2025-08-14_220927_early_stop/xgboost_F_vs_T_2025-08-14_220927_seed123_early_stop.pkl,"{'colsample_bytree': 0.8, 'device': 'cpu', 'learning_rate': 0.05, 'max_depth': 4, 'n_estimators': 1000, 'reg_lambda': 1, 'subsample': 0.8}",2025-08-14_220927
XGBoost,F_vs_T,123,True,5,1.0,0.9523809523809523,experiment_results_statistical_IL_top_10_video_2025-08-14_220927_early_stop/xgboost_F_vs_T_2025-08-14_220927_seed123_early_stop.pkl,"{'colsample_bytree': 0.8, 'device': 'cpu', 'learning_rate': 0.05, 'max_depth': 4, 'n_estimators': 1000, 'reg_lambda': 1, 'subsample': 0.8}",2025-08-14_220927
CatBoost,F_vs_T,123,True,1,0.84375,0.5238095238095238,experiment_results_statistical_IL_top_10_video_2025-08-14_220927_early_stop/catboost_F_vs_T_2025-08-14_220927_seed123_early_stop.pkl,"{'border_count': 32, 'depth': 6, 'iterations': 1000, 'l2_leaf_reg': 3, 'learning_rate': 0.05}",2025-08-14_220927
CatBoost,F_vs_T,123,True,2,0.9375,0.8571428571428571,experiment_results_statistical_IL_top_10_video_2025-08-14_220927_early_stop/catboost_F_vs_T_2025-08-14_220927_seed123_early_stop.pkl,"{'border_count': 32, 'depth': 6, 'iterations': 1000, 'l2_leaf_reg': 3, 'learning_rate': 0.05}",2025-08-14_220927
CatBoost,F_vs_T,123,True,3,1.0,0.9841269841269841,experiment_results_statistical_IL_top_10_video_2025-08-14_220927_early_stop/catboost_F_vs_T_2025-08-14_220927_seed123_early_stop.pkl,"{'border_count': 32, 'depth': 6, 'iterations': 1000, 'l2_leaf_reg': 3, 'learning_rate': 0.05}",2025-08-14_220927
CatBoost,F_vs_T,123,True,4,1.0,0.9841269841269841,experiment_results_statistical_IL_top_10_video_2025-08-14_220927_early_stop/catboost_F_vs_T_2025-08-14_220927_seed123_early_stop.pkl,"{'border_count': 32, 'depth': 6, 'iterations': 1000, 'l2_leaf_reg': 3, 'learning_rate': 0.05}",2025-08-14_220927
CatBoost,F_vs_T,123,True,5,1.0,0.9841269841269841,experiment_results_statistical_IL_top_10_video_2025-08-14_220927_early_stop/catboost_F_vs_T_2025-08-14_220927_seed123_early_stop.pkl,"{'border_count': 32, 'depth': 6, 'iterations': 1000, 'l2_leaf_reg': 3, 'learning_rate': 0.05}",2025-08-14_220927
SVM,F_vs_T,123,True,1,0.5625,0.4126984126984127,experiment_results_statistical_IL_top_10_video_2025-08-14_220927_early_stop/svm_F_vs_T_2025-08-14_220927_seed123_early_stop.pkl,"{'C': 1, 'decision_function_shape': 'ovo', 'gamma': 'scale', 'kernel': 'rbf'}",2025-08-14_220927
SVM,F_vs_T,123,True,2,0.796875,0.6984126984126984,experiment_results_statistical_IL_top_10_video_2025-08-14_220927_early_stop/svm_F_vs_T_2025-08-14_220927_seed123_early_stop.pkl,"{'C': 1, 'decision_function_shape': 'ovo', 'gamma': 'scale', 'kernel': 'rbf'}",2025-08-14_220927
SVM,F_vs_T,123,True,3,0.953125,0.8888888888888888,experiment_results_statistical_IL_top_10_video_2025-08-14_220927_early_stop/svm_F_vs_T_2025-08-14_220927_seed123_early_stop.pkl,"{'C': 1, 'decision_function_shape': 'ovo', 'gamma': 'scale', 'kernel': 'rbf'}",2025-08-14_220927
SVM,F_vs_T,123,True,4,0.96875,0.9206349206349206,experiment_results_statistical_IL_top_10_video_2025-08-14_220927_early_stop/svm_F_vs_T_2025-08-14_220927_seed123_early_stop.pkl,"{'C': 1, 'decision_function_shape': 'ovo', 'gamma': 'scale', 'kernel': 'rbf'}",2025-08-14_220927
SVM,F_vs_T,123,True,5,0.984375,0.9523809523809523,experiment_results_statistical_IL_top_10_video_2025-08-14_220927_early_stop/svm_F_vs_T_2025-08-14_220927_seed123_early_stop.pkl,"{'C': 1, 'decision_function_shape': 'ovo', 'gamma': 'scale', 'kernel': 'rbf'}",2025-08-14_220927
MLP,F_vs_T,123,True,1,0.09375,0.09523809523809523,experiment_results_statistical_IL_top_10_video_2025-08-14_220927_early_stop/mlp_F_vs_T_2025-08-14_220927_seed123_early_stop.pkl,"{'activation': 'tanh', 'alpha': 0.0001, 'batch_size': 36, 'early_stopping': True, 'hidden_layer_sizes': [50], 'learning_rate': 'constant', 'learning_rate_init': 0.01, 'max_iter': 2000, 'solver': 'adam'}",2025-08-14_220927
MLP,F_vs_T,123,True,2,0.1875,0.19047619047619047,experiment_results_statistical_IL_top_10_video_2025-08-14_220927_early_stop/mlp_F_vs_T_2025-08-14_220927_seed123_early_stop.pkl,"{'activation': 'tanh', 'alpha': 0.0001, 'batch_size': 36, 'early_stopping': True, 'hidden_layer_sizes': [50], 'learning_rate': 'constant', 'learning_rate_init': 0.01, 'max_iter': 2000, 'solver': 'adam'}",2025-08-14_220927
MLP,F_vs_T,123,True,3,0.28125,0.2857142857142857,experiment_results_statistical_IL_top_10_video_2025-08-14_220927_early_stop/mlp_F_vs_T_2025-08-14_220927_seed123_early_stop.pkl,"{'activation': 'tanh', 'alpha': 0.0001, 'batch_size': 36, 'early_stopping': True, 'hidden_layer_sizes': [50], 'learning_rate': 'constant', 'learning_rate_init': 0.01, 'max_iter': 2000, 'solver': 'adam'}",2025-08-14_220927
MLP,F_vs_T,123,True,4,0.34375,0.3492063492063492,experiment_results_statistical_IL_top_10_video_2025-08-14_220927_early_stop/mlp_F_vs_T_2025-08-14_220927_seed123_early_stop.pkl,"{'activation': 'tanh', 'alpha': 0.0001, 'batch_size': 36, 'early_stopping': True, 'hidden_layer_sizes': [50], 'learning_rate': 'constant', 'learning_rate_init': 0.01, 'max_iter': 2000, 'solver': 'adam'}",2025-08-14_220927
MLP,F_vs_T,123,True,5,0.4375,0.4444444444444444,experiment_results_statistical_IL_top_10_video_2025-08-14_220927_early_stop/mlp_F_vs_T_2025-08-14_220927_seed123_early_stop.pkl,"{'activation': 'tanh', 'alpha': 0.0001, 'batch_size': 36, 'early_stopping': True, 'hidden_layer_sizes': [50], 'learning_rate': 'constant', 'learning_rate_init': 0.01, 'max_iter': 2000, 'solver': 'adam'}",2025-08-14_220927
NaiveBayes,F_vs_T,123,True,1,0.828125,0.4603174603174603,experiment_results_statistical_IL_top_10_video_2025-08-14_220927_early_stop/naivebayes_F_vs_T_2025-08-14_220927_seed123_early_stop.pkl,"{'priors': None, 'var_smoothing': 1e-09}",2025-08-14_220927
NaiveBayes,F_vs_T,123,True,2,0.9375,0.7619047619047619,experiment_results_statistical_IL_top_10_video_2025-08-14_220927_early_stop/naivebayes_F_vs_T_2025-08-14_220927_seed123_early_stop.pkl,"{'priors': None, 'var_smoothing': 1e-09}",2025-08-14_220927
NaiveBayes,F_vs_T,123,True,3,1.0,0.8888888888888888,experiment_results_statistical_IL_top_10_video_2025-08-14_220927_early_stop/naivebayes_F_vs_T_2025-08-14_220927_seed123_early_stop.pkl,"{'priors': None, 'var_smoothing': 1e-09}",2025-08-14_220927
NaiveBayes,F_vs_T,123,True,4,1.0,0.8888888888888888,experiment_results_statistical_IL_top_10_video_2025-08-14_220927_early_stop/naivebayes_F_vs_T_2025-08-14_220927_seed123_early_stop.pkl,"{'priors': None, 'var_smoothing': 1e-09}",2025-08-14_220927
NaiveBayes,F_vs_T,123,True,5,1.0,0.9206349206349206,experiment_results_statistical_IL_top_10_video_2025-08-14_220927_early_stop/naivebayes_F_vs_T_2025-08-14_220927_seed123_early_stop.pkl,"{'priors': None, 'var_smoothing': 1e-09}",2025-08-14_220927
LightGBM,F_vs_T,123,True,1,0.84375,0.5238095238095238,experiment_results_statistical_IL_top_10_video_2025-08-14_220927_early_stop/lightgbm_F_vs_T_2025-08-14_220927_seed123_early_stop.pkl,"{'boosting_type': 'gbdt', 'class_weight': None, 'colsample_bytree': 1.0, 'importance_type': 'split', 'learning_rate': 0.1, 'max_depth': -1, 'min_child_samples': 20, 'min_child_weight': 0.001, 'min_split_gain': 0.0, 'n_estimators': 100, 'n_jobs': -1, 'num_leaves': 31, 'objective': None, 'random_state': 123, 'reg_alpha': 0.0, 'reg_lambda': 0.0, 'subsample': 1.0, 'subsample_for_bin': 200000, 'subsample_freq': 0, 'verbose': -1}",2025-08-14_220927
LightGBM,F_vs_T,123,True,2,0.9375,0.7301587301587301,experiment_results_statistical_IL_top_10_video_2025-08-14_220927_early_stop/lightgbm_F_vs_T_2025-08-14_220927_seed123_early_stop.pkl,"{'boosting_type': 'gbdt', 'class_weight': None, 'colsample_bytree': 1.0, 'importance_type': 'split', 'learning_rate': 0.1, 'max_depth': -1, 'min_child_samples': 20, 'min_child_weight': 0.001, 'min_split_gain': 0.0, 'n_estimators': 100, 'n_jobs': -1, 'num_leaves': 31, 'objective': None, 'random_state': 123, 'reg_alpha': 0.0, 'reg_lambda': 0.0, 'subsample': 1.0, 'subsample_for_bin': 200000, 'subsample_freq': 0, 'verbose': -1}",2025-08-14_220927
LightGBM,F_vs_T,123,True,3,1.0,0.8571428571428571,experiment_results_statistical_IL_top_10_video_2025-08-14_220927_early_stop/lightgbm_F_vs_T_2025-08-14_220927_seed123_early_stop.pkl,"{'boosting_type': 'gbdt', 'class_weight': None, 'colsample_bytree': 1.0, 'importance_type': 'split', 'learning_rate': 0.1, 'max_depth': -1, 'min_child_samples': 20, 'min_child_weight': 0.001, 'min_split_gain': 0.0, 'n_estimators': 100, 'n_jobs': -1, 'num_leaves': 31, 'objective': None, 'random_state': 123, 'reg_alpha': 0.0, 'reg_lambda': 0.0, 'subsample': 1.0, 'subsample_for_bin': 200000, 'subsample_freq': 0, 'verbose': -1}",2025-08-14_220927
LightGBM,F_vs_T,123,True,4,1.0,0.873015873015873,experiment_results_statistical_IL_top_10_video_2025-08-14_220927_early_stop/lightgbm_F_vs_T_2025-08-14_220927_seed123_early_stop.pkl,"{'boosting_type': 'gbdt', 'class_weight': None, 'colsample_bytree': 1.0, 'importance_type': 'split', 'learning_rate': 0.1, 'max_depth': -1, 'min_child_samples': 20, 'min_child_weight': 0.001, 'min_split_gain': 0.0, 'n_estimators': 100, 'n_jobs': -1, 'num_leaves': 31, 'objective': None, 'random_state': 123, 'reg_alpha': 0.0, 'reg_lambda': 0.0, 'subsample': 1.0, 'subsample_for_bin': 200000, 'subsample_freq': 0, 'verbose': -1}",2025-08-14_220927
LightGBM,F_vs_T,123,True,5,1.0,0.8888888888888888,experiment_results_statistical_IL_top_10_video_2025-08-14_220927_early_stop/lightgbm_F_vs_T_2025-08-14_220927_seed123_early_stop.pkl,"{'boosting_type': 'gbdt', 'class_weight': None, 'colsample_bytree': 1.0, 'importance_type': 'split', 'learning_rate': 0.1, 'max_depth': -1, 'min_child_samples': 20, 'min_child_weight': 0.001, 'min_split_gain': 0.0, 'n_estimators': 100, 'n_jobs': -1, 'num_leaves': 31, 'objective': None, 'random_state': 123, 'reg_alpha': 0.0, 'reg_lambda': 0.0, 'subsample': 1.0, 'subsample_for_bin': 200000, 'subsample_freq': 0, 'verbose': -1}",2025-08-14_220927
ExtraTrees,F_vs_T,123,True,1,0.84375,0.5238095238095238,experiment_results_statistical_IL_top_10_video_2025-08-14_220927_early_stop/extratrees_F_vs_T_2025-08-14_220927_seed123_early_stop.pkl,"{'bootstrap': False, 'ccp_alpha': 0.0, 'class_weight': None, 'criterion': 'gini', 'max_depth': None, 'max_features': 'sqrt', 'max_leaf_nodes': None, 'max_samples': None, 'min_impurity_decrease': 0.0, 'min_samples_leaf': 1, 'min_samples_split': 2, 'min_weight_fraction_leaf': 0.0, 'monotonic_cst': None, 'n_estimators': 100, 'n_jobs': -1, 'oob_score': False, 'random_state': 123, 'verbose': 0, 'warm_start': False}",2025-08-14_220927
ExtraTrees,F_vs_T,123,True,2,0.9375,0.8571428571428571,experiment_results_statistical_IL_top_10_video_2025-08-14_220927_early_stop/extratrees_F_vs_T_2025-08-14_220927_seed123_early_stop.pkl,"{'bootstrap': False, 'ccp_alpha': 0.0, 'class_weight': None, 'criterion': 'gini', 'max_depth': None, 'max_features': 'sqrt', 'max_leaf_nodes': None, 'max_samples': None, 'min_impurity_decrease': 0.0, 'min_samples_leaf': 1, 'min_samples_split': 2, 'min_weight_fraction_leaf': 0.0, 'monotonic_cst': None, 'n_estimators': 100, 'n_jobs': -1, 'oob_score': False, 'random_state': 123, 'verbose': 0, 'warm_start': False}",2025-08-14_220927
ExtraTrees,F_vs_T,123,True,3,1.0,1.0,experiment_results_statistical_IL_top_10_video_2025-08-14_220927_early_stop/extratrees_F_vs_T_2025-08-14_220927_seed123_early_stop.pkl,"{'bootstrap': False, 'ccp_alpha': 0.0, 'class_weight': None, 'criterion': 'gini', 'max_depth': None, 'max_features': 'sqrt', 'max_leaf_nodes': None, 'max_samples': None, 'min_impurity_decrease': 0.0, 'min_samples_leaf': 1, 'min_samples_split': 2, 'min_weight_fraction_leaf': 0.0, 'monotonic_cst': None, 'n_estimators': 100, 'n_jobs': -1, 'oob_score': False, 'random_state': 123, 'verbose': 0, 'warm_start': False}",2025-08-14_220927
ExtraTrees,F_vs_T,123,True,4,1.0,1.0,experiment_results_statistical_IL_top_10_video_2025-08-14_220927_early_stop/extratrees_F_vs_T_2025-08-14_220927_seed123_early_stop.pkl,"{'bootstrap': False, 'ccp_alpha': 0.0, 'class_weight': None, 'criterion': 'gini', 'max_depth': None, 'max_features': 'sqrt', 'max_leaf_nodes': None, 'max_samples': None, 'min_impurity_decrease': 0.0, 'min_samples_leaf': 1, 'min_samples_split': 2, 'min_weight_fraction_leaf': 0.0, 'monotonic_cst': None, 'n_estimators': 100, 'n_jobs': -1, 'oob_score': False, 'random_state': 123, 'verbose': 0, 'warm_start': False}",2025-08-14_220927
ExtraTrees,F_vs_T,123,True,5,1.0,1.0,experiment_results_statistical_IL_top_10_video_2025-08-14_220927_early_stop/extratrees_F_vs_T_2025-08-14_220927_seed123_early_stop.pkl,"{'bootstrap': False, 'ccp_alpha': 0.0, 'class_weight': None, 'criterion': 'gini', 'max_depth': None, 'max_features': 'sqrt', 'max_leaf_nodes': None, 'max_samples': None, 'min_impurity_decrease': 0.0, 'min_samples_leaf': 1, 'min_samples_split': 2, 'min_weight_fraction_leaf': 0.0, 'monotonic_cst': None, 'n_estimators': 100, 'n_jobs': -1, 'oob_score': False, 'random_state': 123, 'verbose': 0, 'warm_start': False}",2025-08-14_220927
GradientBoosting,F_vs_T,123,True,1,0.84375,0.5396825396825397,experiment_results_statistical_IL_top_10_video_2025-08-14_220927_early_stop/gradientboosting_F_vs_T_2025-08-14_220927_seed123_early_stop.pkl,"{'ccp_alpha': 0.0, 'criterion': 'friedman_mse', 'init': None, 'learning_rate': 0.1, 'loss': 'log_loss', 'max_depth': 3, 'max_features': None, 'max_leaf_nodes': None, 'min_impurity_decrease': 0.0, 'min_samples_leaf': 1, 'min_samples_split': 2, 'min_weight_fraction_leaf': 0.0, 'n_estimators': 100, 'n_iter_no_change': None, 'random_state': 123, 'subsample': 1.0, 'tol': 0.0001, 'validation_fraction': 0.1, 'verbose': 0, 'warm_start': False}",2025-08-14_220927
GradientBoosting,F_vs_T,123,True,2,0.9375,0.7301587301587301,experiment_results_statistical_IL_top_10_video_2025-08-14_220927_early_stop/gradientboosting_F_vs_T_2025-08-14_220927_seed123_early_stop.pkl,"{'ccp_alpha': 0.0, 'criterion': 'friedman_mse', 'init': None, 'learning_rate': 0.1, 'loss': 'log_loss', 'max_depth': 3, 'max_features': None, 'max_leaf_nodes': None, 'min_impurity_decrease': 0.0, 'min_samples_leaf': 1, 'min_samples_split': 2, 'min_weight_fraction_leaf': 0.0, 'n_estimators': 100, 'n_iter_no_change': None, 'random_state': 123, 'subsample': 1.0, 'tol': 0.0001, 'validation_fraction': 0.1, 'verbose': 0, 'warm_start': False}",2025-08-14_220927
GradientBoosting,F_vs_T,123,True,3,1.0,0.8253968253968254,experiment_results_statistical_IL_top_10_video_2025-08-14_220927_early_stop/gradientboosting_F_vs_T_2025-08-14_220927_seed123_early_stop.pkl,"{'ccp_alpha': 0.0, 'criterion': 'friedman_mse', 'init': None, 'learning_rate': 0.1, 'loss': 'log_loss', 'max_depth': 3, 'max_features': None, 'max_leaf_nodes': None, 'min_impurity_decrease': 0.0, 'min_samples_leaf': 1, 'min_samples_split': 2, 'min_weight_fraction_leaf': 0.0, 'n_estimators': 100, 'n_iter_no_change': None, 'random_state': 123, 'subsample': 1.0, 'tol': 0.0001, 'validation_fraction': 0.1, 'verbose': 0, 'warm_start': False}",2025-08-14_220927
GradientBoosting,F_vs_T,123,True,4,1.0,0.9365079365079365,experiment_results_statistical_IL_top_10_video_2025-08-14_220927_early_stop/gradientboosting_F_vs_T_2025-08-14_220927_seed123_early_stop.pkl,"{'ccp_alpha': 0.0, 'criterion': 'friedman_mse', 'init': None, 'learning_rate': 0.1, 'loss': 'log_loss', 'max_depth': 3, 'max_features': None, 'max_leaf_nodes': None, 'min_impurity_decrease': 0.0, 'min_samples_leaf': 1, 'min_samples_split': 2, 'min_weight_fraction_leaf': 0.0, 'n_estimators': 100, 'n_iter_no_change': None, 'random_state': 123, 'subsample': 1.0, 'tol': 0.0001, 'validation_fraction': 0.1, 'verbose': 0, 'warm_start': False}",2025-08-14_220927
GradientBoosting,F_vs_T,123,True,5,1.0,0.9682539682539683,experiment_results_statistical_IL_top_10_video_2025-08-14_220927_early_stop/gradientboosting_F_vs_T_2025-08-14_220927_seed123_early_stop.pkl,"{'ccp_alpha': 0.0, 'criterion': 'friedman_mse', 'init': None, 'learning_rate': 0.1, 'loss': 'log_loss', 'max_depth': 3, 'max_features': None, 'max_leaf_nodes': None, 'min_impurity_decrease': 0.0, 'min_samples_leaf': 1, 'min_samples_split': 2, 'min_weight_fraction_leaf': 0.0, 'n_estimators': 100, 'n_iter_no_change': None, 'random_state': 123, 'subsample': 1.0, 'tol': 0.0001, 'validation_fraction': 0.1, 'verbose': 0, 'warm_start': False}",2025-08-14_220927
KNN,F_vs_T,123,True,1,0.515625,0.42857142857142855,experiment_results_statistical_IL_top_10_video_2025-08-14_220927_early_stop/knn_F_vs_T_2025-08-14_220927_seed123_early_stop.pkl,"{'algorithm': 'auto', 'leaf_size': 30, 'metric': 'minkowski', 'metric_params': None, 'n_jobs': -1, 'n_neighbors': 5, 'p': 2, 'weights': 'uniform'}",2025-08-14_220927
KNN,F_vs_T,123,True,2,0.8125,0.6507936507936508,experiment_results_statistical_IL_top_10_video_2025-08-14_220927_early_stop/knn_F_vs_T_2025-08-14_220927_seed123_early_stop.pkl,"{'algorithm': 'auto', 'leaf_size': 30, 'metric': 'minkowski', 'metric_params': None, 'n_jobs': -1, 'n_neighbors': 5, 'p': 2, 'weights': 'uniform'}",2025-08-14_220927
KNN,F_vs_T,123,True,3,0.890625,0.6666666666666666,experiment_results_statistical_IL_top_10_video_2025-08-14_220927_early_stop/knn_F_vs_T_2025-08-14_220927_seed123_early_stop.pkl,"{'algorithm': 'auto', 'leaf_size': 30, 'metric': 'minkowski', 'metric_params': None, 'n_jobs': -1, 'n_neighbors': 5, 'p': 2, 'weights': 'uniform'}",2025-08-14_220927
KNN,F_vs_T,123,True,4,0.90625,0.7301587301587301,experiment_results_statistical_IL_top_10_video_2025-08-14_220927_early_stop/knn_F_vs_T_2025-08-14_220927_seed123_early_stop.pkl,"{'algorithm': 'auto', 'leaf_size': 30, 'metric': 'minkowski', 'metric_params': None, 'n_jobs': -1, 'n_neighbors': 5, 'p': 2, 'weights': 'uniform'}",2025-08-14_220927
KNN,F_vs_T,123,True,5,0.90625,0.746031746031746,experiment_results_statistical_IL_top_10_video_2025-08-14_220927_early_stop/knn_F_vs_T_2025-08-14_220927_seed123_early_stop.pkl,"{'algorithm': 'auto', 'leaf_size': 30, 'metric': 'minkowski', 'metric_params': None, 'n_jobs': -1, 'n_neighbors': 5, 'p': 2, 'weights': 'uniform'}",2025-08-14_220927
LogisticRegression,F_vs_T,123,True,1,0.4375,0.25396825396825395,experiment_results_statistical_IL_top_10_video_2025-08-14_220927_early_stop/logisticregression_F_vs_T_2025-08-14_220927_seed123_early_stop.pkl,"{'C': 1.0, 'class_weight': None, 'dual': False, 'fit_intercept': True, 'intercept_scaling': 1, 'l1_ratio': None, 'max_iter': 100, 'multi_class': 'deprecated', 'n_jobs': -1, 'penalty': 'l2', 'random_state': 123, 'solver': 'lbfgs', 'tol': 0.0001, 'verbose': 0, 'warm_start': False}",2025-08-14_220927
LogisticRegression,F_vs_T,123,True,2,0.625,0.5396825396825397,experiment_results_statistical_IL_top_10_video_2025-08-14_220927_early_stop/logisticregression_F_vs_T_2025-08-14_220927_seed123_early_stop.pkl,"{'C': 1.0, 'class_weight': None, 'dual': False, 'fit_intercept': True, 'intercept_scaling': 1, 'l1_ratio': None, 'max_iter': 100, 'multi_class': 'deprecated', 'n_jobs': -1, 'penalty': 'l2', 'random_state': 123, 'solver': 'lbfgs', 'tol': 0.0001, 'verbose': 0, 'warm_start': False}",2025-08-14_220927
LogisticRegression,F_vs_T,123,True,3,0.8125,0.6984126984126984,experiment_results_statistical_IL_top_10_video_2025-08-14_220927_early_stop/logisticregression_F_vs_T_2025-08-14_220927_seed123_early_stop.pkl,"{'C': 1.0, 'class_weight': None, 'dual': False, 'fit_intercept': True, 'intercept_scaling': 1, 'l1_ratio': None, 'max_iter': 100, 'multi_class': 'deprecated', 'n_jobs': -1, 'penalty': 'l2', 'random_state': 123, 'solver': 'lbfgs', 'tol': 0.0001, 'verbose': 0, 'warm_start': False}",2025-08-14_220927
LogisticRegression,F_vs_T,123,True,4,0.921875,0.7777777777777778,experiment_results_statistical_IL_top_10_video_2025-08-14_220927_early_stop/logisticregression_F_vs_T_2025-08-14_220927_seed123_early_stop.pkl,"{'C': 1.0, 'class_weight': None, 'dual': False, 'fit_intercept': True, 'intercept_scaling': 1, 'l1_ratio': None, 'max_iter': 100, 'multi_class': 'deprecated', 'n_jobs': -1, 'penalty': 'l2', 'random_state': 123, 'solver': 'lbfgs', 'tol': 0.0001, 'verbose': 0, 'warm_start': False}",2025-08-14_220927
LogisticRegression,F_vs_T,123,True,5,0.921875,0.8095238095238095,experiment_results_statistical_IL_top_10_video_2025-08-14_220927_early_stop/logisticregression_F_vs_T_2025-08-14_220927_seed123_early_stop.pkl,"{'C': 1.0, 'class_weight': None, 'dual': False, 'fit_intercept': True, 'intercept_scaling': 1, 'l1_ratio': None, 'max_iter': 100, 'multi_class': 'deprecated', 'n_jobs': -1, 'penalty': 'l2', 'random_state': 123, 'solver': 'lbfgs', 'tol': 0.0001, 'verbose': 0, 'warm_start': False}",2025-08-14_220927
RandomForest,F_vs_T,456,True,1,0.84375,0.5555555555555556,experiment_results_statistical_IL_top_10_video_2025-08-14_220927_early_stop/randomforest_F_vs_T_2025-08-14_220927_seed456_early_stop.pkl,"{'bootstrap': True, 'max_depth': 10, 'max_features': 'sqrt', 'min_samples_leaf': 1, 'min_samples_split': 10, 'n_estimators': 500}",2025-08-14_220927
RandomForest,F_vs_T,456,True,2,0.9375,0.8253968253968254,experiment_results_statistical_IL_top_10_video_2025-08-14_220927_early_stop/randomforest_F_vs_T_2025-08-14_220927_seed456_early_stop.pkl,"{'bootstrap': True, 'max_depth': 10, 'max_features': 'sqrt', 'min_samples_leaf': 1, 'min_samples_split': 10, 'n_estimators': 500}",2025-08-14_220927
RandomForest,F_vs_T,456,True,3,1.0,1.0,experiment_results_statistical_IL_top_10_video_2025-08-14_220927_early_stop/randomforest_F_vs_T_2025-08-14_220927_seed456_early_stop.pkl,"{'bootstrap': True, 'max_depth': 10, 'max_features': 'sqrt', 'min_samples_leaf': 1, 'min_samples_split': 10, 'n_estimators': 500}",2025-08-14_220927
RandomForest,F_vs_T,456,True,4,1.0,1.0,experiment_results_statistical_IL_top_10_video_2025-08-14_220927_early_stop/randomforest_F_vs_T_2025-08-14_220927_seed456_early_stop.pkl,"{'bootstrap': True, 'max_depth': 10, 'max_features': 'sqrt', 'min_samples_leaf': 1, 'min_samples_split': 10, 'n_estimators': 500}",2025-08-14_220927
RandomForest,F_vs_T,456,True,5,1.0,1.0,experiment_results_statistical_IL_top_10_video_2025-08-14_220927_early_stop/randomforest_F_vs_T_2025-08-14_220927_seed456_early_stop.pkl,"{'bootstrap': True, 'max_depth': 10, 'max_features': 'sqrt', 'min_samples_leaf': 1, 'min_samples_split': 10, 'n_estimators': 500}",2025-08-14_220927
XGBoost,F_vs_T,456,True,1,0.84375,0.5079365079365079,experiment_results_statistical_IL_top_10_video_2025-08-14_220927_early_stop/xgboost_F_vs_T_2025-08-14_220927_seed456_early_stop.pkl,"{'colsample_bytree': 0.8, 'device': 'cpu', 'learning_rate': 0.05, 'max_depth': 4, 'n_estimators': 1000, 'reg_lambda': 1, 'subsample': 0.8}",2025-08-14_220927
XGBoost,F_vs_T,456,True,2,0.9375,0.7142857142857143,experiment_results_statistical_IL_top_10_video_2025-08-14_220927_early_stop/xgboost_F_vs_T_2025-08-14_220927_seed456_early_stop.pkl,"{'colsample_bytree': 0.8, 'device': 'cpu', 'learning_rate': 0.05, 'max_depth': 4, 'n_estimators': 1000, 'reg_lambda': 1, 'subsample': 0.8}",2025-08-14_220927
XGBoost,F_vs_T,456,True,3,1.0,0.9206349206349206,experiment_results_statistical_IL_top_10_video_2025-08-14_220927_early_stop/xgboost_F_vs_T_2025-08-14_220927_seed456_early_stop.pkl,"{'colsample_bytree': 0.8, 'device': 'cpu', 'learning_rate': 0.05, 'max_depth': 4, 'n_estimators': 1000, 'reg_lambda': 1, 'subsample': 0.8}",2025-08-14_220927
XGBoost,F_vs_T,456,True,4,1.0,0.9523809523809523,experiment_results_statistical_IL_top_10_video_2025-08-14_220927_early_stop/xgboost_F_vs_T_2025-08-14_220927_seed456_early_stop.pkl,"{'colsample_bytree': 0.8, 'device': 'cpu', 'learning_rate': 0.05, 'max_depth': 4, 'n_estimators': 1000, 'reg_lambda': 1, 'subsample': 0.8}",2025-08-14_220927
XGBoost,F_vs_T,456,True,5,1.0,0.9682539682539683,experiment_results_statistical_IL_top_10_video_2025-08-14_220927_early_stop/xgboost_F_vs_T_2025-08-14_220927_seed456_early_stop.pkl,"{'colsample_bytree': 0.8, 'device': 'cpu', 'learning_rate': 0.05, 'max_depth': 4, 'n_estimators': 1000, 'reg_lambda': 1, 'subsample': 0.8}",2025-08-14_220927
CatBoost,F_vs_T,456,True,1,0.84375,0.5396825396825397,experiment_results_statistical_IL_top_10_video_2025-08-14_220927_early_stop/catboost_F_vs_T_2025-08-14_220927_seed456_early_stop.pkl,"{'border_count': 32, 'depth': 4, 'iterations': 1000, 'l2_leaf_reg': 1, 'learning_rate': 0.1}",2025-08-14_220927
CatBoost,F_vs_T,456,True,2,0.9375,0.8253968253968254,experiment_results_statistical_IL_top_10_video_2025-08-14_220927_early_stop/catboost_F_vs_T_2025-08-14_220927_seed456_early_stop.pkl,"{'border_count': 32, 'depth': 4, 'iterations': 1000, 'l2_leaf_reg': 1, 'learning_rate': 0.1}",2025-08-14_220927
CatBoost,F_vs_T,456,True,3,1.0,0.9841269841269841,experiment_results_statistical_IL_top_10_video_2025-08-14_220927_early_stop/catboost_F_vs_T_2025-08-14_220927_seed456_early_stop.pkl,"{'border_count': 32, 'depth': 4, 'iterations': 1000, 'l2_leaf_reg': 1, 'learning_rate': 0.1}",2025-08-14_220927
CatBoost,F_vs_T,456,True,4,1.0,0.9841269841269841,experiment_results_statistical_IL_top_10_video_2025-08-14_220927_early_stop/catboost_F_vs_T_2025-08-14_220927_seed456_early_stop.pkl,"{'border_count': 32, 'depth': 4, 'iterations': 1000, 'l2_leaf_reg': 1, 'learning_rate': 0.1}",2025-08-14_220927
CatBoost,F_vs_T,456,True,5,1.0,0.9841269841269841,experiment_results_statistical_IL_top_10_video_2025-08-14_220927_early_stop/catboost_F_vs_T_2025-08-14_220927_seed456_early_stop.pkl,"{'border_count': 32, 'depth': 4, 'iterations': 1000, 'l2_leaf_reg': 1, 'learning_rate': 0.1}",2025-08-14_220927
SVM,F_vs_T,456,True,1,0.0,0.0,experiment_results_statistical_IL_top_10_video_2025-08-14_220927_early_stop/svm_F_vs_T_2025-08-14_220927_seed456_early_stop.pkl,"{'C': 0.1, 'decision_function_shape': 'ovo', 'gamma': 'scale', 'kernel': 'rbf'}",2025-08-14_220927
SVM,F_vs_T,456,True,2,0.0,0.0,experiment_results_statistical_IL_top_10_video_2025-08-14_220927_early_stop/svm_F_vs_T_2025-08-14_220927_seed456_early_stop.pkl,"{'C': 0.1, 'decision_function_shape': 'ovo', 'gamma': 'scale', 'kernel': 'rbf'}",2025-08-14_220927
SVM,F_vs_T,456,True,3,0.0,0.031746031746031744,experiment_results_statistical_IL_top_10_video_2025-08-14_220927_early_stop/svm_F_vs_T_2025-08-14_220927_seed456_early_stop.pkl,"{'C': 0.1, 'decision_function_shape': 'ovo', 'gamma': 'scale', 'kernel': 'rbf'}",2025-08-14_220927
SVM,F_vs_T,456,True,4,0.0,0.047619047619047616,experiment_results_statistical_IL_top_10_video_2025-08-14_220927_early_stop/svm_F_vs_T_2025-08-14_220927_seed456_early_stop.pkl,"{'C': 0.1, 'decision_function_shape': 'ovo', 'gamma': 'scale', 'kernel': 'rbf'}",2025-08-14_220927
SVM,F_vs_T,456,True,5,0.078125,0.14285714285714285,experiment_results_statistical_IL_top_10_video_2025-08-14_220927_early_stop/svm_F_vs_T_2025-08-14_220927_seed456_early_stop.pkl,"{'C': 0.1, 'decision_function_shape': 'ovo', 'gamma': 'scale', 'kernel': 'rbf'}",2025-08-14_220927
MLP,F_vs_T,456,True,1,0.09375,0.09523809523809523,experiment_results_statistical_IL_top_10_video_2025-08-14_220927_early_stop/mlp_F_vs_T_2025-08-14_220927_seed456_early_stop.pkl,"{'activation': 'relu', 'alpha': 0.0001, 'batch_size': 36, 'early_stopping': True, 'hidden_layer_sizes': [50], 'learning_rate': 'constant', 'learning_rate_init': 0.001, 'max_iter': 2000, 'solver': 'adam'}",2025-08-14_220927
MLP,F_vs_T,456,True,2,0.1875,0.1746031746031746,experiment_results_statistical_IL_top_10_video_2025-08-14_220927_early_stop/mlp_F_vs_T_2025-08-14_220927_seed456_early_stop.pkl,"{'activation': 'relu', 'alpha': 0.0001, 'batch_size': 36, 'early_stopping': True, 'hidden_layer_sizes': [50], 'learning_rate': 'constant', 'learning_rate_init': 0.001, 'max_iter': 2000, 'solver': 'adam'}",2025-08-14_220927
MLP,F_vs_T,456,True,3,0.28125,0.2698412698412698,experiment_results_statistical_IL_top_10_video_2025-08-14_220927_early_stop/mlp_F_vs_T_2025-08-14_220927_seed456_early_stop.pkl,"{'activation': 'relu', 'alpha': 0.0001, 'batch_size': 36, 'early_stopping': True, 'hidden_layer_sizes': [50], 'learning_rate': 'constant', 'learning_rate_init': 0.001, 'max_iter': 2000, 'solver': 'adam'}",2025-08-14_220927
MLP,F_vs_T,456,True,4,0.375,0.36507936507936506,experiment_results_statistical_IL_top_10_video_2025-08-14_220927_early_stop/mlp_F_vs_T_2025-08-14_220927_seed456_early_stop.pkl,"{'activation': 'relu', 'alpha': 0.0001, 'batch_size': 36, 'early_stopping': True, 'hidden_layer_sizes': [50], 'learning_rate': 'constant', 'learning_rate_init': 0.001, 'max_iter': 2000, 'solver': 'adam'}",2025-08-14_220927
MLP,F_vs_T,456,True,5,0.46875,0.4603174603174603,experiment_results_statistical_IL_top_10_video_2025-08-14_220927_early_stop/mlp_F_vs_T_2025-08-14_220927_seed456_early_stop.pkl,"{'activation': 'relu', 'alpha': 0.0001, 'batch_size': 36, 'early_stopping': True, 'hidden_layer_sizes': [50], 'learning_rate': 'constant', 'learning_rate_init': 0.001, 'max_iter': 2000, 'solver': 'adam'}",2025-08-14_220927
NaiveBayes,F_vs_T,456,True,1,0.828125,0.4603174603174603,experiment_results_statistical_IL_top_10_video_2025-08-14_220927_early_stop/naivebayes_F_vs_T_2025-08-14_220927_seed456_early_stop.pkl,"{'priors': None, 'var_smoothing': 1e-09}",2025-08-14_220927
NaiveBayes,F_vs_T,456,True,2,0.9375,0.7619047619047619,experiment_results_statistical_IL_top_10_video_2025-08-14_220927_early_stop/naivebayes_F_vs_T_2025-08-14_220927_seed456_early_stop.pkl,"{'priors': None, 'var_smoothing': 1e-09}",2025-08-14_220927
NaiveBayes,F_vs_T,456,True,3,1.0,0.8888888888888888,experiment_results_statistical_IL_top_10_video_2025-08-14_220927_early_stop/naivebayes_F_vs_T_2025-08-14_220927_seed456_early_stop.pkl,"{'priors': None, 'var_smoothing': 1e-09}",2025-08-14_220927
NaiveBayes,F_vs_T,456,True,4,1.0,0.8888888888888888,experiment_results_statistical_IL_top_10_video_2025-08-14_220927_early_stop/naivebayes_F_vs_T_2025-08-14_220927_seed456_early_stop.pkl,"{'priors': None, 'var_smoothing': 1e-09}",2025-08-14_220927
NaiveBayes,F_vs_T,456,True,5,1.0,0.9206349206349206,experiment_results_statistical_IL_top_10_video_2025-08-14_220927_early_stop/naivebayes_F_vs_T_2025-08-14_220927_seed456_early_stop.pkl,"{'priors': None, 'var_smoothing': 1e-09}",2025-08-14_220927
LightGBM,F_vs_T,456,True,1,0.84375,0.5238095238095238,experiment_results_statistical_IL_top_10_video_2025-08-14_220927_early_stop/lightgbm_F_vs_T_2025-08-14_220927_seed456_early_stop.pkl,"{'boosting_type': 'gbdt', 'class_weight': None, 'colsample_bytree': 1.0, 'importance_type': 'split', 'learning_rate': 0.1, 'max_depth': -1, 'min_child_samples': 20, 'min_child_weight': 0.001, 'min_split_gain': 0.0, 'n_estimators': 100, 'n_jobs': -1, 'num_leaves': 31, 'objective': None, 'random_state': 456, 'reg_alpha': 0.0, 'reg_lambda': 0.0, 'subsample': 1.0, 'subsample_for_bin': 200000, 'subsample_freq': 0, 'verbose': -1}",2025-08-14_220927
LightGBM,F_vs_T,456,True,2,0.9375,0.7301587301587301,experiment_results_statistical_IL_top_10_video_2025-08-14_220927_early_stop/lightgbm_F_vs_T_2025-08-14_220927_seed456_early_stop.pkl,"{'boosting_type': 'gbdt', 'class_weight': None, 'colsample_bytree': 1.0, 'importance_type': 'split', 'learning_rate': 0.1, 'max_depth': -1, 'min_child_samples': 20, 'min_child_weight': 0.001, 'min_split_gain': 0.0, 'n_estimators': 100, 'n_jobs': -1, 'num_leaves': 31, 'objective': None, 'random_state': 456, 'reg_alpha': 0.0, 'reg_lambda': 0.0, 'subsample': 1.0, 'subsample_for_bin': 200000, 'subsample_freq': 0, 'verbose': -1}",2025-08-14_220927
LightGBM,F_vs_T,456,True,3,1.0,0.8571428571428571,experiment_results_statistical_IL_top_10_video_2025-08-14_220927_early_stop/lightgbm_F_vs_T_2025-08-14_220927_seed456_early_stop.pkl,"{'boosting_type': 'gbdt', 'class_weight': None, 'colsample_bytree': 1.0, 'importance_type': 'split', 'learning_rate': 0.1, 'max_depth': -1, 'min_child_samples': 20, 'min_child_weight': 0.001, 'min_split_gain': 0.0, 'n_estimators': 100, 'n_jobs': -1, 'num_leaves': 31, 'objective': None, 'random_state': 456, 'reg_alpha': 0.0, 'reg_lambda': 0.0, 'subsample': 1.0, 'subsample_for_bin': 200000, 'subsample_freq': 0, 'verbose': -1}",2025-08-14_220927
LightGBM,F_vs_T,456,True,4,1.0,0.873015873015873,experiment_results_statistical_IL_top_10_video_2025-08-14_220927_early_stop/lightgbm_F_vs_T_2025-08-14_220927_seed456_early_stop.pkl,"{'boosting_type': 'gbdt', 'class_weight': None, 'colsample_bytree': 1.0, 'importance_type': 'split', 'learning_rate': 0.1, 'max_depth': -1, 'min_child_samples': 20, 'min_child_weight': 0.001, 'min_split_gain': 0.0, 'n_estimators': 100, 'n_jobs': -1, 'num_leaves': 31, 'objective': None, 'random_state': 456, 'reg_alpha': 0.0, 'reg_lambda': 0.0, 'subsample': 1.0, 'subsample_for_bin': 200000, 'subsample_freq': 0, 'verbose': -1}",2025-08-14_220927
LightGBM,F_vs_T,456,True,5,1.0,0.8888888888888888,experiment_results_statistical_IL_top_10_video_2025-08-14_220927_early_stop/lightgbm_F_vs_T_2025-08-14_220927_seed456_early_stop.pkl,"{'boosting_type': 'gbdt', 'class_weight': None, 'colsample_bytree': 1.0, 'importance_type': 'split', 'learning_rate': 0.1, 'max_depth': -1, 'min_child_samples': 20, 'min_child_weight': 0.001, 'min_split_gain': 0.0, 'n_estimators': 100, 'n_jobs': -1, 'num_leaves': 31, 'objective': None, 'random_state': 456, 'reg_alpha': 0.0, 'reg_lambda': 0.0, 'subsample': 1.0, 'subsample_for_bin': 200000, 'subsample_freq': 0, 'verbose': -1}",2025-08-14_220927
ExtraTrees,F_vs_T,456,True,1,0.84375,0.5238095238095238,experiment_results_statistical_IL_top_10_video_2025-08-14_220927_early_stop/extratrees_F_vs_T_2025-08-14_220927_seed456_early_stop.pkl,"{'bootstrap': False, 'ccp_alpha': 0.0, 'class_weight': None, 'criterion': 'gini', 'max_depth': None, 'max_features': 'sqrt', 'max_leaf_nodes': None, 'max_samples': None, 'min_impurity_decrease': 0.0, 'min_samples_leaf': 1, 'min_samples_split': 2, 'min_weight_fraction_leaf': 0.0, 'monotonic_cst': None, 'n_estimators': 100, 'n_jobs': -1, 'oob_score': False, 'random_state': 456, 'verbose': 0, 'warm_start': False}",2025-08-14_220927
ExtraTrees,F_vs_T,456,True,2,0.9375,0.873015873015873,experiment_results_statistical_IL_top_10_video_2025-08-14_220927_early_stop/extratrees_F_vs_T_2025-08-14_220927_seed456_early_stop.pkl,"{'bootstrap': False, 'ccp_alpha': 0.0, 'class_weight': None, 'criterion': 'gini', 'max_depth': None, 'max_features': 'sqrt', 'max_leaf_nodes': None, 'max_samples': None, 'min_impurity_decrease': 0.0, 'min_samples_leaf': 1, 'min_samples_split': 2, 'min_weight_fraction_leaf': 0.0, 'monotonic_cst': None, 'n_estimators': 100, 'n_jobs': -1, 'oob_score': False, 'random_state': 456, 'verbose': 0, 'warm_start': False}",2025-08-14_220927
ExtraTrees,F_vs_T,456,True,3,1.0,1.0,experiment_results_statistical_IL_top_10_video_2025-08-14_220927_early_stop/extratrees_F_vs_T_2025-08-14_220927_seed456_early_stop.pkl,"{'bootstrap': False, 'ccp_alpha': 0.0, 'class_weight': None, 'criterion': 'gini', 'max_depth': None, 'max_features': 'sqrt', 'max_leaf_nodes': None, 'max_samples': None, 'min_impurity_decrease': 0.0, 'min_samples_leaf': 1, 'min_samples_split': 2, 'min_weight_fraction_leaf': 0.0, 'monotonic_cst': None, 'n_estimators': 100, 'n_jobs': -1, 'oob_score': False, 'random_state': 456, 'verbose': 0, 'warm_start': False}",2025-08-14_220927
ExtraTrees,F_vs_T,456,True,4,1.0,1.0,experiment_results_statistical_IL_top_10_video_2025-08-14_220927_early_stop/extratrees_F_vs_T_2025-08-14_220927_seed456_early_stop.pkl,"{'bootstrap': False, 'ccp_alpha': 0.0, 'class_weight': None, 'criterion': 'gini', 'max_depth': None, 'max_features': 'sqrt', 'max_leaf_nodes': None, 'max_samples': None, 'min_impurity_decrease': 0.0, 'min_samples_leaf': 1, 'min_samples_split': 2, 'min_weight_fraction_leaf': 0.0, 'monotonic_cst': None, 'n_estimators': 100, 'n_jobs': -1, 'oob_score': False, 'random_state': 456, 'verbose': 0, 'warm_start': False}",2025-08-14_220927
ExtraTrees,F_vs_T,456,True,5,1.0,1.0,experiment_results_statistical_IL_top_10_video_2025-08-14_220927_early_stop/extratrees_F_vs_T_2025-08-14_220927_seed456_early_stop.pkl,"{'bootstrap': False, 'ccp_alpha': 0.0, 'class_weight': None, 'criterion': 'gini', 'max_depth': None, 'max_features': 'sqrt', 'max_leaf_nodes': None, 'max_samples': None, 'min_impurity_decrease': 0.0, 'min_samples_leaf': 1, 'min_samples_split': 2, 'min_weight_fraction_leaf': 0.0, 'monotonic_cst': None, 'n_estimators': 100, 'n_jobs': -1, 'oob_score': False, 'random_state': 456, 'verbose': 0, 'warm_start': False}",2025-08-14_220927
GradientBoosting,F_vs_T,456,True,1,0.84375,0.5555555555555556,experiment_results_statistical_IL_top_10_video_2025-08-14_220927_early_stop/gradientboosting_F_vs_T_2025-08-14_220927_seed456_early_stop.pkl,"{'ccp_alpha': 0.0, 'criterion': 'friedman_mse', 'init': None, 'learning_rate': 0.1, 'loss': 'log_loss', 'max_depth': 3, 'max_features': None, 'max_leaf_nodes': None, 'min_impurity_decrease': 0.0, 'min_samples_leaf': 1, 'min_samples_split': 2, 'min_weight_fraction_leaf': 0.0, 'n_estimators': 100, 'n_iter_no_change': None, 'random_state': 456, 'subsample': 1.0, 'tol': 0.0001, 'validation_fraction': 0.1, 'verbose': 0, 'warm_start': False}",2025-08-14_220927
GradientBoosting,F_vs_T,456,True,2,0.9375,0.7142857142857143,experiment_results_statistical_IL_top_10_video_2025-08-14_220927_early_stop/gradientboosting_F_vs_T_2025-08-14_220927_seed456_early_stop.pkl,"{'ccp_alpha': 0.0, 'criterion': 'friedman_mse', 'init': None, 'learning_rate': 0.1, 'loss': 'log_loss', 'max_depth': 3, 'max_features': None, 'max_leaf_nodes': None, 'min_impurity_decrease': 0.0, 'min_samples_leaf': 1, 'min_samples_split': 2, 'min_weight_fraction_leaf': 0.0, 'n_estimators': 100, 'n_iter_no_change': None, 'random_state': 456, 'subsample': 1.0, 'tol': 0.0001, 'validation_fraction': 0.1, 'verbose': 0, 'warm_start': False}",2025-08-14_220927
GradientBoosting,F_vs_T,456,True,3,1.0,0.8412698412698413,experiment_results_statistical_IL_top_10_video_2025-08-14_220927_early_stop/gradientboosting_F_vs_T_2025-08-14_220927_seed456_early_stop.pkl,"{'ccp_alpha': 0.0, 'criterion': 'friedman_mse', 'init': None, 'learning_rate': 0.1, 'loss': 'log_loss', 'max_depth': 3, 'max_features': None, 'max_leaf_nodes': None, 'min_impurity_decrease': 0.0, 'min_samples_leaf': 1, 'min_samples_split': 2, 'min_weight_fraction_leaf': 0.0, 'n_estimators': 100, 'n_iter_no_change': None, 'random_state': 456, 'subsample': 1.0, 'tol': 0.0001, 'validation_fraction': 0.1, 'verbose': 0, 'warm_start': False}",2025-08-14_220927
GradientBoosting,F_vs_T,456,True,4,1.0,0.9365079365079365,experiment_results_statistical_IL_top_10_video_2025-08-14_220927_early_stop/gradientboosting_F_vs_T_2025-08-14_220927_seed456_early_stop.pkl,"{'ccp_alpha': 0.0, 'criterion': 'friedman_mse', 'init': None, 'learning_rate': 0.1, 'loss': 'log_loss', 'max_depth': 3, 'max_features': None, 'max_leaf_nodes': None, 'min_impurity_decrease': 0.0, 'min_samples_leaf': 1, 'min_samples_split': 2, 'min_weight_fraction_leaf': 0.0, 'n_estimators': 100, 'n_iter_no_change': None, 'random_state': 456, 'subsample': 1.0, 'tol': 0.0001, 'validation_fraction': 0.1, 'verbose': 0, 'warm_start': False}",2025-08-14_220927
GradientBoosting,F_vs_T,456,True,5,1.0,0.9841269841269841,experiment_results_statistical_IL_top_10_video_2025-08-14_220927_early_stop/gradientboosting_F_vs_T_2025-08-14_220927_seed456_early_stop.pkl,"{'ccp_alpha': 0.0, 'criterion': 'friedman_mse', 'init': None, 'learning_rate': 0.1, 'loss': 'log_loss', 'max_depth': 3, 'max_features': None, 'max_leaf_nodes': None, 'min_impurity_decrease': 0.0, 'min_samples_leaf': 1, 'min_samples_split': 2, 'min_weight_fraction_leaf': 0.0, 'n_estimators': 100, 'n_iter_no_change': None, 'random_state': 456, 'subsample': 1.0, 'tol': 0.0001, 'validation_fraction': 0.1, 'verbose': 0, 'warm_start': False}",2025-08-14_220927
KNN,F_vs_T,456,True,1,0.515625,0.42857142857142855,experiment_results_statistical_IL_top_10_video_2025-08-14_220927_early_stop/knn_F_vs_T_2025-08-14_220927_seed456_early_stop.pkl,"{'algorithm': 'auto', 'leaf_size': 30, 'metric': 'minkowski', 'metric_params': None, 'n_jobs': -1, 'n_neighbors': 5, 'p': 2, 'weights': 'uniform'}",2025-08-14_220927
KNN,F_vs_T,456,True,2,0.8125,0.6507936507936508,experiment_results_statistical_IL_top_10_video_2025-08-14_220927_early_stop/knn_F_vs_T_2025-08-14_220927_seed456_early_stop.pkl,"{'algorithm': 'auto', 'leaf_size': 30, 'metric': 'minkowski', 'metric_params': None, 'n_jobs': -1, 'n_neighbors': 5, 'p': 2, 'weights': 'uniform'}",2025-08-14_220927
KNN,F_vs_T,456,True,3,0.890625,0.6666666666666666,experiment_results_statistical_IL_top_10_video_2025-08-14_220927_early_stop/knn_F_vs_T_2025-08-14_220927_seed456_early_stop.pkl,"{'algorithm': 'auto', 'leaf_size': 30, 'metric': 'minkowski', 'metric_params': None, 'n_jobs': -1, 'n_neighbors': 5, 'p': 2, 'weights': 'uniform'}",2025-08-14_220927
KNN,F_vs_T,456,True,4,0.90625,0.7301587301587301,experiment_results_statistical_IL_top_10_video_2025-08-14_220927_early_stop/knn_F_vs_T_2025-08-14_220927_seed456_early_stop.pkl,"{'algorithm': 'auto', 'leaf_size': 30, 'metric': 'minkowski', 'metric_params': None, 'n_jobs': -1, 'n_neighbors': 5, 'p': 2, 'weights': 'uniform'}",2025-08-14_220927
KNN,F_vs_T,456,True,5,0.90625,0.746031746031746,experiment_results_statistical_IL_top_10_video_2025-08-14_220927_early_stop/knn_F_vs_T_2025-08-14_220927_seed456_early_stop.pkl,"{'algorithm': 'auto', 'leaf_size': 30, 'metric': 'minkowski', 'metric_params': None, 'n_jobs': -1, 'n_neighbors': 5, 'p': 2, 'weights': 'uniform'}",2025-08-14_220927
LogisticRegression,F_vs_T,456,True,1,0.4375,0.25396825396825395,experiment_results_statistical_IL_top_10_video_2025-08-14_220927_early_stop/logisticregression_F_vs_T_2025-08-14_220927_seed456_early_stop.pkl,"{'C': 1.0, 'class_weight': None, 'dual': False, 'fit_intercept': True, 'intercept_scaling': 1, 'l1_ratio': None, 'max_iter': 100, 'multi_class': 'deprecated', 'n_jobs': -1, 'penalty': 'l2', 'random_state': 456, 'solver': 'lbfgs', 'tol': 0.0001, 'verbose': 0, 'warm_start': False}",2025-08-14_220927
LogisticRegression,F_vs_T,456,True,2,0.625,0.5396825396825397,experiment_results_statistical_IL_top_10_video_2025-08-14_220927_early_stop/logisticregression_F_vs_T_2025-08-14_220927_seed456_early_stop.pkl,"{'C': 1.0, 'class_weight': None, 'dual': False, 'fit_intercept': True, 'intercept_scaling': 1, 'l1_ratio': None, 'max_iter': 100, 'multi_class': 'deprecated', 'n_jobs': -1, 'penalty': 'l2', 'random_state': 456, 'solver': 'lbfgs', 'tol': 0.0001, 'verbose': 0, 'warm_start': False}",2025-08-14_220927
LogisticRegression,F_vs_T,456,True,3,0.8125,0.6984126984126984,experiment_results_statistical_IL_top_10_video_2025-08-14_220927_early_stop/logisticregression_F_vs_T_2025-08-14_220927_seed456_early_stop.pkl,"{'C': 1.0, 'class_weight': None, 'dual': False, 'fit_intercept': True, 'intercept_scaling': 1, 'l1_ratio': None, 'max_iter': 100, 'multi_class': 'deprecated', 'n_jobs': -1, 'penalty': 'l2', 'random_state': 456, 'solver': 'lbfgs', 'tol': 0.0001, 'verbose': 0, 'warm_start': False}",2025-08-14_220927
LogisticRegression,F_vs_T,456,True,4,0.921875,0.7777777777777778,experiment_results_statistical_IL_top_10_video_2025-08-14_220927_early_stop/logisticregression_F_vs_T_2025-08-14_220927_seed456_early_stop.pkl,"{'C': 1.0, 'class_weight': None, 'dual': False, 'fit_intercept': True, 'intercept_scaling': 1, 'l1_ratio': None, 'max_iter': 100, 'multi_class': 'deprecated', 'n_jobs': -1, 'penalty': 'l2', 'random_state': 456, 'solver': 'lbfgs', 'tol': 0.0001, 'verbose': 0, 'warm_start': False}",2025-08-14_220927
LogisticRegression,F_vs_T,456,True,5,0.921875,0.8095238095238095,experiment_results_statistical_IL_top_10_video_2025-08-14_220927_early_stop/logisticregression_F_vs_T_2025-08-14_220927_seed456_early_stop.pkl,"{'C': 1.0, 'class_weight': None, 'dual': False, 'fit_intercept': True, 'intercept_scaling': 1, 'l1_ratio': None, 'max_iter': 100, 'multi_class': 'deprecated', 'n_jobs': -1, 'penalty': 'l2', 'random_state': 456, 'solver': 'lbfgs', 'tol': 0.0001, 'verbose': 0, 'warm_start': False}",2025-08-14_220927
RandomForest,I_vs_F,42,True,1,0.8307692307692308,0.59375,experiment_results_statistical_IL_top_10_video_2025-08-14_220927_early_stop/randomforest_I_vs_F_2025-08-14_220927_seed42_early_stop.pkl,"{'bootstrap': True, 'max_depth': 10, 'max_features': 'sqrt', 'min_samples_leaf': 2, 'min_samples_split': 2, 'n_estimators': 500}",2025-08-14_220927
RandomForest,I_vs_F,42,True,2,0.9230769230769231,0.828125,experiment_results_statistical_IL_top_10_video_2025-08-14_220927_early_stop/randomforest_I_vs_F_2025-08-14_220927_seed42_early_stop.pkl,"{'bootstrap': True, 'max_depth': 10, 'max_features': 'sqrt', 'min_samples_leaf': 2, 'min_samples_split': 2, 'n_estimators': 500}",2025-08-14_220927
RandomForest,I_vs_F,42,True,3,1.0,0.9375,experiment_results_statistical_IL_top_10_video_2025-08-14_220927_early_stop/randomforest_I_vs_F_2025-08-14_220927_seed42_early_stop.pkl,"{'bootstrap': True, 'max_depth': 10, 'max_features': 'sqrt', 'min_samples_leaf': 2, 'min_samples_split': 2, 'n_estimators': 500}",2025-08-14_220927
RandomForest,I_vs_F,42,True,4,1.0,0.96875,experiment_results_statistical_IL_top_10_video_2025-08-14_220927_early_stop/randomforest_I_vs_F_2025-08-14_220927_seed42_early_stop.pkl,"{'bootstrap': True, 'max_depth': 10, 'max_features': 'sqrt', 'min_samples_leaf': 2, 'min_samples_split': 2, 'n_estimators': 500}",2025-08-14_220927
RandomForest,I_vs_F,42,True,5,1.0,0.96875,experiment_results_statistical_IL_top_10_video_2025-08-14_220927_early_stop/randomforest_I_vs_F_2025-08-14_220927_seed42_early_stop.pkl,"{'bootstrap': True, 'max_depth': 10, 'max_features': 'sqrt', 'min_samples_leaf': 2, 'min_samples_split': 2, 'n_estimators': 500}",2025-08-14_220927
XGBoost,I_vs_F,42,True,1,0.8307692307692308,0.53125,experiment_results_statistical_IL_top_10_video_2025-08-14_220927_early_stop/xgboost_I_vs_F_2025-08-14_220927_seed42_early_stop.pkl,"{'colsample_bytree': 0.8, 'device': 'cpu', 'learning_rate': 0.05, 'max_depth': 4, 'n_estimators': 1000, 'reg_lambda': 1, 'subsample': 1.0}",2025-08-14_220927
XGBoost,I_vs_F,42,True,2,0.9230769230769231,0.78125,experiment_results_statistical_IL_top_10_video_2025-08-14_220927_early_stop/xgboost_I_vs_F_2025-08-14_220927_seed42_early_stop.pkl,"{'colsample_bytree': 0.8, 'device': 'cpu', 'learning_rate': 0.05, 'max_depth': 4, 'n_estimators': 1000, 'reg_lambda': 1, 'subsample': 1.0}",2025-08-14_220927
XGBoost,I_vs_F,42,True,3,1.0,0.90625,experiment_results_statistical_IL_top_10_video_2025-08-14_220927_early_stop/xgboost_I_vs_F_2025-08-14_220927_seed42_early_stop.pkl,"{'colsample_bytree': 0.8, 'device': 'cpu', 'learning_rate': 0.05, 'max_depth': 4, 'n_estimators': 1000, 'reg_lambda': 1, 'subsample': 1.0}",2025-08-14_220927
XGBoost,I_vs_F,42,True,4,1.0,0.90625,experiment_results_statistical_IL_top_10_video_2025-08-14_220927_early_stop/xgboost_I_vs_F_2025-08-14_220927_seed42_early_stop.pkl,"{'colsample_bytree': 0.8, 'device': 'cpu', 'learning_rate': 0.05, 'max_depth': 4, 'n_estimators': 1000, 'reg_lambda': 1, 'subsample': 1.0}",2025-08-14_220927
XGBoost,I_vs_F,42,True,5,1.0,0.90625,experiment_results_statistical_IL_top_10_video_2025-08-14_220927_early_stop/xgboost_I_vs_F_2025-08-14_220927_seed42_early_stop.pkl,"{'colsample_bytree': 0.8, 'device': 'cpu', 'learning_rate': 0.05, 'max_depth': 4, 'n_estimators': 1000, 'reg_lambda': 1, 'subsample': 1.0}",2025-08-14_220927
CatBoost,I_vs_F,42,True,1,0.8307692307692308,0.515625,experiment_results_statistical_IL_top_10_video_2025-08-14_220927_early_stop/catboost_I_vs_F_2025-08-14_220927_seed42_early_stop.pkl,"{'border_count': 32, 'depth': 8, 'iterations': 1000, 'l2_leaf_reg': 1, 'learning_rate': 0.05}",2025-08-14_220927
CatBoost,I_vs_F,42,True,2,0.9230769230769231,0.828125,experiment_results_statistical_IL_top_10_video_2025-08-14_220927_early_stop/catboost_I_vs_F_2025-08-14_220927_seed42_early_stop.pkl,"{'border_count': 32, 'depth': 8, 'iterations': 1000, 'l2_leaf_reg': 1, 'learning_rate': 0.05}",2025-08-14_220927
CatBoost,I_vs_F,42,True,3,1.0,0.96875,experiment_results_statistical_IL_top_10_video_2025-08-14_220927_early_stop/catboost_I_vs_F_2025-08-14_220927_seed42_early_stop.pkl,"{'border_count': 32, 'depth': 8, 'iterations': 1000, 'l2_leaf_reg': 1, 'learning_rate': 0.05}",2025-08-14_220927
CatBoost,I_vs_F,42,True,4,1.0,0.96875,experiment_results_statistical_IL_top_10_video_2025-08-14_220927_early_stop/catboost_I_vs_F_2025-08-14_220927_seed42_early_stop.pkl,"{'border_count': 32, 'depth': 8, 'iterations': 1000, 'l2_leaf_reg': 1, 'learning_rate': 0.05}",2025-08-14_220927
CatBoost,I_vs_F,42,True,5,1.0,0.96875,experiment_results_statistical_IL_top_10_video_2025-08-14_220927_early_stop/catboost_I_vs_F_2025-08-14_220927_seed42_early_stop.pkl,"{'border_count': 32, 'depth': 8, 'iterations': 1000, 'l2_leaf_reg': 1, 'learning_rate': 0.05}",2025-08-14_220927
SVM,I_vs_F,42,True,1,0.6923076923076923,0.53125,experiment_results_statistical_IL_top_10_video_2025-08-14_220927_early_stop/svm_I_vs_F_2025-08-14_220927_seed42_early_stop.pkl,"{'C': 10, 'decision_function_shape': 'ovo', 'gamma': 'scale', 'kernel': 'rbf'}",2025-08-14_220927
SVM,I_vs_F,42,True,2,0.9076923076923077,0.78125,experiment_results_statistical_IL_top_10_video_2025-08-14_220927_early_stop/svm_I_vs_F_2025-08-14_220927_seed42_early_stop.pkl,"{'C': 10, 'decision_function_shape': 'ovo', 'gamma': 'scale', 'kernel': 'rbf'}",2025-08-14_220927
SVM,I_vs_F,42,True,3,1.0,0.9375,experiment_results_statistical_IL_top_10_video_2025-08-14_220927_early_stop/svm_I_vs_F_2025-08-14_220927_seed42_early_stop.pkl,"{'C': 10, 'decision_function_shape': 'ovo', 'gamma': 'scale', 'kernel': 'rbf'}",2025-08-14_220927
SVM,I_vs_F,42,True,4,1.0,0.953125,experiment_results_statistical_IL_top_10_video_2025-08-14_220927_early_stop/svm_I_vs_F_2025-08-14_220927_seed42_early_stop.pkl,"{'C': 10, 'decision_function_shape': 'ovo', 'gamma': 'scale', 'kernel': 'rbf'}",2025-08-14_220927
SVM,I_vs_F,42,True,5,1.0,0.96875,experiment_results_statistical_IL_top_10_video_2025-08-14_220927_early_stop/svm_I_vs_F_2025-08-14_220927_seed42_early_stop.pkl,"{'C': 10, 'decision_function_shape': 'ovo', 'gamma': 'scale', 'kernel': 'rbf'}",2025-08-14_220927
MLP,I_vs_F,42,True,1,0.09230769230769231,0.09375,experiment_results_statistical_IL_top_10_video_2025-08-14_220927_early_stop/mlp_I_vs_F_2025-08-14_220927_seed42_early_stop.pkl,"{'activation': 'relu', 'alpha': 0.0001, 'batch_size': 36, 'early_stopping': True, 'hidden_layer_sizes': [50], 'learning_rate': 'constant', 'learning_rate_init': 0.001, 'max_iter': 2000, 'solver': 'adam'}",2025-08-14_220927
MLP,I_vs_F,42,True,2,0.16923076923076924,0.1875,experiment_results_statistical_IL_top_10_video_2025-08-14_220927_early_stop/mlp_I_vs_F_2025-08-14_220927_seed42_early_stop.pkl,"{'activation': 'relu', 'alpha': 0.0001, 'batch_size': 36, 'early_stopping': True, 'hidden_layer_sizes': [50], 'learning_rate': 'constant', 'learning_rate_init': 0.001, 'max_iter': 2000, 'solver': 'adam'}",2025-08-14_220927
MLP,I_vs_F,42,True,3,0.26153846153846155,0.25,experiment_results_statistical_IL_top_10_video_2025-08-14_220927_early_stop/mlp_I_vs_F_2025-08-14_220927_seed42_early_stop.pkl,"{'activation': 'relu', 'alpha': 0.0001, 'batch_size': 36, 'early_stopping': True, 'hidden_layer_sizes': [50], 'learning_rate': 'constant', 'learning_rate_init': 0.001, 'max_iter': 2000, 'solver': 'adam'}",2025-08-14_220927
MLP,I_vs_F,42,True,4,0.35384615384615387,0.34375,experiment_results_statistical_IL_top_10_video_2025-08-14_220927_early_stop/mlp_I_vs_F_2025-08-14_220927_seed42_early_stop.pkl,"{'activation': 'relu', 'alpha': 0.0001, 'batch_size': 36, 'early_stopping': True, 'hidden_layer_sizes': [50], 'learning_rate': 'constant', 'learning_rate_init': 0.001, 'max_iter': 2000, 'solver': 'adam'}",2025-08-14_220927
MLP,I_vs_F,42,True,5,0.4461538461538462,0.4375,experiment_results_statistical_IL_top_10_video_2025-08-14_220927_early_stop/mlp_I_vs_F_2025-08-14_220927_seed42_early_stop.pkl,"{'activation': 'relu', 'alpha': 0.0001, 'batch_size': 36, 'early_stopping': True, 'hidden_layer_sizes': [50], 'learning_rate': 'constant', 'learning_rate_init': 0.001, 'max_iter': 2000, 'solver': 'adam'}",2025-08-14_220927
NaiveBayes,I_vs_F,42,True,1,0.8307692307692308,0.46875,experiment_results_statistical_IL_top_10_video_2025-08-14_220927_early_stop/naivebayes_I_vs_F_2025-08-14_220927_seed42_early_stop.pkl,"{'priors': None, 'var_smoothing': 1e-09}",2025-08-14_220927
NaiveBayes,I_vs_F,42,True,2,0.9230769230769231,0.703125,experiment_results_statistical_IL_top_10_video_2025-08-14_220927_early_stop/naivebayes_I_vs_F_2025-08-14_220927_seed42_early_stop.pkl,"{'priors': None, 'var_smoothing': 1e-09}",2025-08-14_220927
NaiveBayes,I_vs_F,42,True,3,1.0,0.828125,experiment_results_statistical_IL_top_10_video_2025-08-14_220927_early_stop/naivebayes_I_vs_F_2025-08-14_220927_seed42_early_stop.pkl,"{'priors': None, 'var_smoothing': 1e-09}",2025-08-14_220927
NaiveBayes,I_vs_F,42,True,4,1.0,0.90625,experiment_results_statistical_IL_top_10_video_2025-08-14_220927_early_stop/naivebayes_I_vs_F_2025-08-14_220927_seed42_early_stop.pkl,"{'priors': None, 'var_smoothing': 1e-09}",2025-08-14_220927
NaiveBayes,I_vs_F,42,True,5,1.0,0.9375,experiment_results_statistical_IL_top_10_video_2025-08-14_220927_early_stop/naivebayes_I_vs_F_2025-08-14_220927_seed42_early_stop.pkl,"{'priors': None, 'var_smoothing': 1e-09}",2025-08-14_220927
LightGBM,I_vs_F,42,True,1,0.8307692307692308,0.53125,experiment_results_statistical_IL_top_10_video_2025-08-14_220927_early_stop/lightgbm_I_vs_F_2025-08-14_220927_seed42_early_stop.pkl,"{'boosting_type': 'gbdt', 'class_weight': None, 'colsample_bytree': 1.0, 'importance_type': 'split', 'learning_rate': 0.1, 'max_depth': -1, 'min_child_samples': 20, 'min_child_weight': 0.001, 'min_split_gain': 0.0, 'n_estimators': 100, 'n_jobs': -1, 'num_leaves': 31, 'objective': None, 'random_state': 42, 'reg_alpha': 0.0, 'reg_lambda': 0.0, 'subsample': 1.0, 'subsample_for_bin': 200000, 'subsample_freq': 0, 'verbose': -1}",2025-08-14_220927
LightGBM,I_vs_F,42,True,2,0.9230769230769231,0.6875,experiment_results_statistical_IL_top_10_video_2025-08-14_220927_early_stop/lightgbm_I_vs_F_2025-08-14_220927_seed42_early_stop.pkl,"{'boosting_type': 'gbdt', 'class_weight': None, 'colsample_bytree': 1.0, 'importance_type': 'split', 'learning_rate': 0.1, 'max_depth': -1, 'min_child_samples': 20, 'min_child_weight': 0.001, 'min_split_gain': 0.0, 'n_estimators': 100, 'n_jobs': -1, 'num_leaves': 31, 'objective': None, 'random_state': 42, 'reg_alpha': 0.0, 'reg_lambda': 0.0, 'subsample': 1.0, 'subsample_for_bin': 200000, 'subsample_freq': 0, 'verbose': -1}",2025-08-14_220927
LightGBM,I_vs_F,42,True,3,1.0,0.78125,experiment_results_statistical_IL_top_10_video_2025-08-14_220927_early_stop/lightgbm_I_vs_F_2025-08-14_220927_seed42_early_stop.pkl,"{'boosting_type': 'gbdt', 'class_weight': None, 'colsample_bytree': 1.0, 'importance_type': 'split', 'learning_rate': 0.1, 'max_depth': -1, 'min_child_samples': 20, 'min_child_weight': 0.001, 'min_split_gain': 0.0, 'n_estimators': 100, 'n_jobs': -1, 'num_leaves': 31, 'objective': None, 'random_state': 42, 'reg_alpha': 0.0, 'reg_lambda': 0.0, 'subsample': 1.0, 'subsample_for_bin': 200000, 'subsample_freq': 0, 'verbose': -1}",2025-08-14_220927
LightGBM,I_vs_F,42,True,4,1.0,0.828125,experiment_results_statistical_IL_top_10_video_2025-08-14_220927_early_stop/lightgbm_I_vs_F_2025-08-14_220927_seed42_early_stop.pkl,"{'boosting_type': 'gbdt', 'class_weight': None, 'colsample_bytree': 1.0, 'importance_type': 'split', 'learning_rate': 0.1, 'max_depth': -1, 'min_child_samples': 20, 'min_child_weight': 0.001, 'min_split_gain': 0.0, 'n_estimators': 100, 'n_jobs': -1, 'num_leaves': 31, 'objective': None, 'random_state': 42, 'reg_alpha': 0.0, 'reg_lambda': 0.0, 'subsample': 1.0, 'subsample_for_bin': 200000, 'subsample_freq': 0, 'verbose': -1}",2025-08-14_220927
LightGBM,I_vs_F,42,True,5,1.0,0.859375,experiment_results_statistical_IL_top_10_video_2025-08-14_220927_early_stop/lightgbm_I_vs_F_2025-08-14_220927_seed42_early_stop.pkl,"{'boosting_type': 'gbdt', 'class_weight': None, 'colsample_bytree': 1.0, 'importance_type': 'split', 'learning_rate': 0.1, 'max_depth': -1, 'min_child_samples': 20, 'min_child_weight': 0.001, 'min_split_gain': 0.0, 'n_estimators': 100, 'n_jobs': -1, 'num_leaves': 31, 'objective': None, 'random_state': 42, 'reg_alpha': 0.0, 'reg_lambda': 0.0, 'subsample': 1.0, 'subsample_for_bin': 200000, 'subsample_freq': 0, 'verbose': -1}",2025-08-14_220927
ExtraTrees,I_vs_F,42,True,1,0.8307692307692308,0.578125,experiment_results_statistical_IL_top_10_video_2025-08-14_220927_early_stop/extratrees_I_vs_F_2025-08-14_220927_seed42_early_stop.pkl,"{'bootstrap': False, 'ccp_alpha': 0.0, 'class_weight': None, 'criterion': 'gini', 'max_depth': None, 'max_features': 'sqrt', 'max_leaf_nodes': None, 'max_samples': None, 'min_impurity_decrease': 0.0, 'min_samples_leaf': 1, 'min_samples_split': 2, 'min_weight_fraction_leaf': 0.0, 'monotonic_cst': None, 'n_estimators': 100, 'n_jobs': -1, 'oob_score': False, 'random_state': 42, 'verbose': 0, 'warm_start': False}",2025-08-14_220927
ExtraTrees,I_vs_F,42,True,2,0.9230769230769231,0.796875,experiment_results_statistical_IL_top_10_video_2025-08-14_220927_early_stop/extratrees_I_vs_F_2025-08-14_220927_seed42_early_stop.pkl,"{'bootstrap': False, 'ccp_alpha': 0.0, 'class_weight': None, 'criterion': 'gini', 'max_depth': None, 'max_features': 'sqrt', 'max_leaf_nodes': None, 'max_samples': None, 'min_impurity_decrease': 0.0, 'min_samples_leaf': 1, 'min_samples_split': 2, 'min_weight_fraction_leaf': 0.0, 'monotonic_cst': None, 'n_estimators': 100, 'n_jobs': -1, 'oob_score': False, 'random_state': 42, 'verbose': 0, 'warm_start': False}",2025-08-14_220927
ExtraTrees,I_vs_F,42,True,3,1.0,0.953125,experiment_results_statistical_IL_top_10_video_2025-08-14_220927_early_stop/extratrees_I_vs_F_2025-08-14_220927_seed42_early_stop.pkl,"{'bootstrap': False, 'ccp_alpha': 0.0, 'class_weight': None, 'criterion': 'gini', 'max_depth': None, 'max_features': 'sqrt', 'max_leaf_nodes': None, 'max_samples': None, 'min_impurity_decrease': 0.0, 'min_samples_leaf': 1, 'min_samples_split': 2, 'min_weight_fraction_leaf': 0.0, 'monotonic_cst': None, 'n_estimators': 100, 'n_jobs': -1, 'oob_score': False, 'random_state': 42, 'verbose': 0, 'warm_start': False}",2025-08-14_220927
ExtraTrees,I_vs_F,42,True,4,1.0,0.96875,experiment_results_statistical_IL_top_10_video_2025-08-14_220927_early_stop/extratrees_I_vs_F_2025-08-14_220927_seed42_early_stop.pkl,"{'bootstrap': False, 'ccp_alpha': 0.0, 'class_weight': None, 'criterion': 'gini', 'max_depth': None, 'max_features': 'sqrt', 'max_leaf_nodes': None, 'max_samples': None, 'min_impurity_decrease': 0.0, 'min_samples_leaf': 1, 'min_samples_split': 2, 'min_weight_fraction_leaf': 0.0, 'monotonic_cst': None, 'n_estimators': 100, 'n_jobs': -1, 'oob_score': False, 'random_state': 42, 'verbose': 0, 'warm_start': False}",2025-08-14_220927
ExtraTrees,I_vs_F,42,True,5,1.0,0.984375,experiment_results_statistical_IL_top_10_video_2025-08-14_220927_early_stop/extratrees_I_vs_F_2025-08-14_220927_seed42_early_stop.pkl,"{'bootstrap': False, 'ccp_alpha': 0.0, 'class_weight': None, 'criterion': 'gini', 'max_depth': None, 'max_features': 'sqrt', 'max_leaf_nodes': None, 'max_samples': None, 'min_impurity_decrease': 0.0, 'min_samples_leaf': 1, 'min_samples_split': 2, 'min_weight_fraction_leaf': 0.0, 'monotonic_cst': None, 'n_estimators': 100, 'n_jobs': -1, 'oob_score': False, 'random_state': 42, 'verbose': 0, 'warm_start': False}",2025-08-14_220927
GradientBoosting,I_vs_F,42,True,1,0.8307692307692308,0.484375,experiment_results_statistical_IL_top_10_video_2025-08-14_220927_early_stop/gradientboosting_I_vs_F_2025-08-14_220927_seed42_early_stop.pkl,"{'ccp_alpha': 0.0, 'criterion': 'friedman_mse', 'init': None, 'learning_rate': 0.1, 'loss': 'log_loss', 'max_depth': 3, 'max_features': None, 'max_leaf_nodes': None, 'min_impurity_decrease': 0.0, 'min_samples_leaf': 1, 'min_samples_split': 2, 'min_weight_fraction_leaf': 0.0, 'n_estimators': 100, 'n_iter_no_change': None, 'random_state': 42, 'subsample': 1.0, 'tol': 0.0001, 'validation_fraction': 0.1, 'verbose': 0, 'warm_start': False}",2025-08-14_220927
GradientBoosting,I_vs_F,42,True,2,0.9230769230769231,0.6875,experiment_results_statistical_IL_top_10_video_2025-08-14_220927_early_stop/gradientboosting_I_vs_F_2025-08-14_220927_seed42_early_stop.pkl,"{'ccp_alpha': 0.0, 'criterion': 'friedman_mse', 'init': None, 'learning_rate': 0.1, 'loss': 'log_loss', 'max_depth': 3, 'max_features': None, 'max_leaf_nodes': None, 'min_impurity_decrease': 0.0, 'min_samples_leaf': 1, 'min_samples_split': 2, 'min_weight_fraction_leaf': 0.0, 'n_estimators': 100, 'n_iter_no_change': None, 'random_state': 42, 'subsample': 1.0, 'tol': 0.0001, 'validation_fraction': 0.1, 'verbose': 0, 'warm_start': False}",2025-08-14_220927
GradientBoosting,I_vs_F,42,True,3,1.0,0.8125,experiment_results_statistical_IL_top_10_video_2025-08-14_220927_early_stop/gradientboosting_I_vs_F_2025-08-14_220927_seed42_early_stop.pkl,"{'ccp_alpha': 0.0, 'criterion': 'friedman_mse', 'init': None, 'learning_rate': 0.1, 'loss': 'log_loss', 'max_depth': 3, 'max_features': None, 'max_leaf_nodes': None, 'min_impurity_decrease': 0.0, 'min_samples_leaf': 1, 'min_samples_split': 2, 'min_weight_fraction_leaf': 0.0, 'n_estimators': 100, 'n_iter_no_change': None, 'random_state': 42, 'subsample': 1.0, 'tol': 0.0001, 'validation_fraction': 0.1, 'verbose': 0, 'warm_start': False}",2025-08-14_220927
GradientBoosting,I_vs_F,42,True,4,1.0,0.84375,experiment_results_statistical_IL_top_10_video_2025-08-14_220927_early_stop/gradientboosting_I_vs_F_2025-08-14_220927_seed42_early_stop.pkl,"{'ccp_alpha': 0.0, 'criterion': 'friedman_mse', 'init': None, 'learning_rate': 0.1, 'loss': 'log_loss', 'max_depth': 3, 'max_features': None, 'max_leaf_nodes': None, 'min_impurity_decrease': 0.0, 'min_samples_leaf': 1, 'min_samples_split': 2, 'min_weight_fraction_leaf': 0.0, 'n_estimators': 100, 'n_iter_no_change': None, 'random_state': 42, 'subsample': 1.0, 'tol': 0.0001, 'validation_fraction': 0.1, 'verbose': 0, 'warm_start': False}",2025-08-14_220927
GradientBoosting,I_vs_F,42,True,5,1.0,0.84375,experiment_results_statistical_IL_top_10_video_2025-08-14_220927_early_stop/gradientboosting_I_vs_F_2025-08-14_220927_seed42_early_stop.pkl,"{'ccp_alpha': 0.0, 'criterion': 'friedman_mse', 'init': None, 'learning_rate': 0.1, 'loss': 'log_loss', 'max_depth': 3, 'max_features': None, 'max_leaf_nodes': None, 'min_impurity_decrease': 0.0, 'min_samples_leaf': 1, 'min_samples_split': 2, 'min_weight_fraction_leaf': 0.0, 'n_estimators': 100, 'n_iter_no_change': None, 'random_state': 42, 'subsample': 1.0, 'tol': 0.0001, 'validation_fraction': 0.1, 'verbose': 0, 'warm_start': False}",2025-08-14_220927
KNN,I_vs_F,42,True,1,0.47692307692307695,0.359375,experiment_results_statistical_IL_top_10_video_2025-08-14_220927_early_stop/knn_I_vs_F_2025-08-14_220927_seed42_early_stop.pkl,"{'algorithm': 'auto', 'leaf_size': 30, 'metric': 'minkowski', 'metric_params': None, 'n_jobs': -1, 'n_neighbors': 5, 'p': 2, 'weights': 'uniform'}",2025-08-14_220927
KNN,I_vs_F,42,True,2,0.7384615384615385,0.5625,experiment_results_statistical_IL_top_10_video_2025-08-14_220927_early_stop/knn_I_vs_F_2025-08-14_220927_seed42_early_stop.pkl,"{'algorithm': 'auto', 'leaf_size': 30, 'metric': 'minkowski', 'metric_params': None, 'n_jobs': -1, 'n_neighbors': 5, 'p': 2, 'weights': 'uniform'}",2025-08-14_220927
KNN,I_vs_F,42,True,3,0.8769230769230769,0.703125,experiment_results_statistical_IL_top_10_video_2025-08-14_220927_early_stop/knn_I_vs_F_2025-08-14_220927_seed42_early_stop.pkl,"{'algorithm': 'auto', 'leaf_size': 30, 'metric': 'minkowski', 'metric_params': None, 'n_jobs': -1, 'n_neighbors': 5, 'p': 2, 'weights': 'uniform'}",2025-08-14_220927
KNN,I_vs_F,42,True,4,0.9076923076923077,0.765625,experiment_results_statistical_IL_top_10_video_2025-08-14_220927_early_stop/knn_I_vs_F_2025-08-14_220927_seed42_early_stop.pkl,"{'algorithm': 'auto', 'leaf_size': 30, 'metric': 'minkowski', 'metric_params': None, 'n_jobs': -1, 'n_neighbors': 5, 'p': 2, 'weights': 'uniform'}",2025-08-14_220927
KNN,I_vs_F,42,True,5,0.9076923076923077,0.765625,experiment_results_statistical_IL_top_10_video_2025-08-14_220927_early_stop/knn_I_vs_F_2025-08-14_220927_seed42_early_stop.pkl,"{'algorithm': 'auto', 'leaf_size': 30, 'metric': 'minkowski', 'metric_params': None, 'n_jobs': -1, 'n_neighbors': 5, 'p': 2, 'weights': 'uniform'}",2025-08-14_220927
LogisticRegression,I_vs_F,42,True,1,0.36923076923076925,0.171875,experiment_results_statistical_IL_top_10_video_2025-08-14_220927_early_stop/logisticregression_I_vs_F_2025-08-14_220927_seed42_early_stop.pkl,"{'C': 1.0, 'class_weight': None, 'dual': False, 'fit_intercept': True, 'intercept_scaling': 1, 'l1_ratio': None, 'max_iter': 100, 'multi_class': 'deprecated', 'n_jobs': -1, 'penalty': 'l2', 'random_state': 42, 'solver': 'lbfgs', 'tol': 0.0001, 'verbose': 0, 'warm_start': False}",2025-08-14_220927
LogisticRegression,I_vs_F,42,True,2,0.6307692307692307,0.390625,experiment_results_statistical_IL_top_10_video_2025-08-14_220927_early_stop/logisticregression_I_vs_F_2025-08-14_220927_seed42_early_stop.pkl,"{'C': 1.0, 'class_weight': None, 'dual': False, 'fit_intercept': True, 'intercept_scaling': 1, 'l1_ratio': None, 'max_iter': 100, 'multi_class': 'deprecated', 'n_jobs': -1, 'penalty': 'l2', 'random_state': 42, 'solver': 'lbfgs', 'tol': 0.0001, 'verbose': 0, 'warm_start': False}",2025-08-14_220927
LogisticRegression,I_vs_F,42,True,3,0.8,0.53125,experiment_results_statistical_IL_top_10_video_2025-08-14_220927_early_stop/logisticregression_I_vs_F_2025-08-14_220927_seed42_early_stop.pkl,"{'C': 1.0, 'class_weight': None, 'dual': False, 'fit_intercept': True, 'intercept_scaling': 1, 'l1_ratio': None, 'max_iter': 100, 'multi_class': 'deprecated', 'n_jobs': -1, 'penalty': 'l2', 'random_state': 42, 'solver': 'lbfgs', 'tol': 0.0001, 'verbose': 0, 'warm_start': False}",2025-08-14_220927
LogisticRegression,I_vs_F,42,True,4,0.8923076923076924,0.671875,experiment_results_statistical_IL_top_10_video_2025-08-14_220927_early_stop/logisticregression_I_vs_F_2025-08-14_220927_seed42_early_stop.pkl,"{'C': 1.0, 'class_weight': None, 'dual': False, 'fit_intercept': True, 'intercept_scaling': 1, 'l1_ratio': None, 'max_iter': 100, 'multi_class': 'deprecated', 'n_jobs': -1, 'penalty': 'l2', 'random_state': 42, 'solver': 'lbfgs', 'tol': 0.0001, 'verbose': 0, 'warm_start': False}",2025-08-14_220927
LogisticRegression,I_vs_F,42,True,5,0.9076923076923077,0.71875,experiment_results_statistical_IL_top_10_video_2025-08-14_220927_early_stop/logisticregression_I_vs_F_2025-08-14_220927_seed42_early_stop.pkl,"{'C': 1.0, 'class_weight': None, 'dual': False, 'fit_intercept': True, 'intercept_scaling': 1, 'l1_ratio': None, 'max_iter': 100, 'multi_class': 'deprecated', 'n_jobs': -1, 'penalty': 'l2', 'random_state': 42, 'solver': 'lbfgs', 'tol': 0.0001, 'verbose': 0, 'warm_start': False}",2025-08-14_220927
RandomForest,I_vs_F,123,True,1,0.8307692307692308,0.515625,experiment_results_statistical_IL_top_10_video_2025-08-14_220927_early_stop/randomforest_I_vs_F_2025-08-14_220927_seed123_early_stop.pkl,"{'bootstrap': True, 'max_depth': 10, 'max_features': 'log2', 'min_samples_leaf': 1, 'min_samples_split': 10, 'n_estimators': 500}",2025-08-14_220927
RandomForest,I_vs_F,123,True,2,0.9230769230769231,0.8125,experiment_results_statistical_IL_top_10_video_2025-08-14_220927_early_stop/randomforest_I_vs_F_2025-08-14_220927_seed123_early_stop.pkl,"{'bootstrap': True, 'max_depth': 10, 'max_features': 'log2', 'min_samples_leaf': 1, 'min_samples_split': 10, 'n_estimators': 500}",2025-08-14_220927
RandomForest,I_vs_F,123,True,3,1.0,0.9375,experiment_results_statistical_IL_top_10_video_2025-08-14_220927_early_stop/randomforest_I_vs_F_2025-08-14_220927_seed123_early_stop.pkl,"{'bootstrap': True, 'max_depth': 10, 'max_features': 'log2', 'min_samples_leaf': 1, 'min_samples_split': 10, 'n_estimators': 500}",2025-08-14_220927
RandomForest,I_vs_F,123,True,4,1.0,0.984375,experiment_results_statistical_IL_top_10_video_2025-08-14_220927_early_stop/randomforest_I_vs_F_2025-08-14_220927_seed123_early_stop.pkl,"{'bootstrap': True, 'max_depth': 10, 'max_features': 'log2', 'min_samples_leaf': 1, 'min_samples_split': 10, 'n_estimators': 500}",2025-08-14_220927
RandomForest,I_vs_F,123,True,5,1.0,0.984375,experiment_results_statistical_IL_top_10_video_2025-08-14_220927_early_stop/randomforest_I_vs_F_2025-08-14_220927_seed123_early_stop.pkl,"{'bootstrap': True, 'max_depth': 10, 'max_features': 'log2', 'min_samples_leaf': 1, 'min_samples_split': 10, 'n_estimators': 500}",2025-08-14_220927
XGBoost,I_vs_F,123,True,1,0.8307692307692308,0.53125,experiment_results_statistical_IL_top_10_video_2025-08-14_220927_early_stop/xgboost_I_vs_F_2025-08-14_220927_seed123_early_stop.pkl,"{'colsample_bytree': 0.8, 'device': 'cpu', 'learning_rate': 0.05, 'max_depth': 4, 'n_estimators': 1000, 'reg_lambda': 3, 'subsample': 0.8}",2025-08-14_220927
XGBoost,I_vs_F,123,True,2,0.9230769230769231,0.765625,experiment_results_statistical_IL_top_10_video_2025-08-14_220927_early_stop/xgboost_I_vs_F_2025-08-14_220927_seed123_early_stop.pkl,"{'colsample_bytree': 0.8, 'device': 'cpu', 'learning_rate': 0.05, 'max_depth': 4, 'n_estimators': 1000, 'reg_lambda': 3, 'subsample': 0.8}",2025-08-14_220927
XGBoost,I_vs_F,123,True,3,1.0,0.90625,experiment_results_statistical_IL_top_10_video_2025-08-14_220927_early_stop/xgboost_I_vs_F_2025-08-14_220927_seed123_early_stop.pkl,"{'colsample_bytree': 0.8, 'device': 'cpu', 'learning_rate': 0.05, 'max_depth': 4, 'n_estimators': 1000, 'reg_lambda': 3, 'subsample': 0.8}",2025-08-14_220927
XGBoost,I_vs_F,123,True,4,1.0,0.90625,experiment_results_statistical_IL_top_10_video_2025-08-14_220927_early_stop/xgboost_I_vs_F_2025-08-14_220927_seed123_early_stop.pkl,"{'colsample_bytree': 0.8, 'device': 'cpu', 'learning_rate': 0.05, 'max_depth': 4, 'n_estimators': 1000, 'reg_lambda': 3, 'subsample': 0.8}",2025-08-14_220927
XGBoost,I_vs_F,123,True,5,1.0,0.90625,experiment_results_statistical_IL_top_10_video_2025-08-14_220927_early_stop/xgboost_I_vs_F_2025-08-14_220927_seed123_early_stop.pkl,"{'colsample_bytree': 0.8, 'device': 'cpu', 'learning_rate': 0.05, 'max_depth': 4, 'n_estimators': 1000, 'reg_lambda': 3, 'subsample': 0.8}",2025-08-14_220927
CatBoost,I_vs_F,123,True,1,0.8307692307692308,0.5,experiment_results_statistical_IL_top_10_video_2025-08-14_220927_early_stop/catboost_I_vs_F_2025-08-14_220927_seed123_early_stop.pkl,"{'border_count': 32, 'depth': 6, 'iterations': 1000, 'l2_leaf_reg': 1, 'learning_rate': 0.1}",2025-08-14_220927
CatBoost,I_vs_F,123,True,2,0.9230769230769231,0.78125,experiment_results_statistical_IL_top_10_video_2025-08-14_220927_early_stop/catboost_I_vs_F_2025-08-14_220927_seed123_early_stop.pkl,"{'border_count': 32, 'depth': 6, 'iterations': 1000, 'l2_leaf_reg': 1, 'learning_rate': 0.1}",2025-08-14_220927
CatBoost,I_vs_F,123,True,3,1.0,0.953125,experiment_results_statistical_IL_top_10_video_2025-08-14_220927_early_stop/catboost_I_vs_F_2025-08-14_220927_seed123_early_stop.pkl,"{'border_count': 32, 'depth': 6, 'iterations': 1000, 'l2_leaf_reg': 1, 'learning_rate': 0.1}",2025-08-14_220927
CatBoost,I_vs_F,123,True,4,1.0,0.984375,experiment_results_statistical_IL_top_10_video_2025-08-14_220927_early_stop/catboost_I_vs_F_2025-08-14_220927_seed123_early_stop.pkl,"{'border_count': 32, 'depth': 6, 'iterations': 1000, 'l2_leaf_reg': 1, 'learning_rate': 0.1}",2025-08-14_220927
CatBoost,I_vs_F,123,True,5,1.0,0.984375,experiment_results_statistical_IL_top_10_video_2025-08-14_220927_early_stop/catboost_I_vs_F_2025-08-14_220927_seed123_early_stop.pkl,"{'border_count': 32, 'depth': 6, 'iterations': 1000, 'l2_leaf_reg': 1, 'learning_rate': 0.1}",2025-08-14_220927
SVM,I_vs_F,123,True,1,0.676923076923077,0.40625,experiment_results_statistical_IL_top_10_video_2025-08-14_220927_early_stop/svm_I_vs_F_2025-08-14_220927_seed123_early_stop.pkl,"{'C': 10, 'decision_function_shape': 'ovo', 'gamma': 'scale', 'kernel': 'rbf'}",2025-08-14_220927
SVM,I_vs_F,123,True,2,0.8307692307692308,0.734375,experiment_results_statistical_IL_top_10_video_2025-08-14_220927_early_stop/svm_I_vs_F_2025-08-14_220927_seed123_early_stop.pkl,"{'C': 10, 'decision_function_shape': 'ovo', 'gamma': 'scale', 'kernel': 'rbf'}",2025-08-14_220927
SVM,I_vs_F,123,True,3,1.0,0.953125,experiment_results_statistical_IL_top_10_video_2025-08-14_220927_early_stop/svm_I_vs_F_2025-08-14_220927_seed123_early_stop.pkl,"{'C': 10, 'decision_function_shape': 'ovo', 'gamma': 'scale', 'kernel': 'rbf'}",2025-08-14_220927
SVM,I_vs_F,123,True,4,1.0,0.953125,experiment_results_statistical_IL_top_10_video_2025-08-14_220927_early_stop/svm_I_vs_F_2025-08-14_220927_seed123_early_stop.pkl,"{'C': 10, 'decision_function_shape': 'ovo', 'gamma': 'scale', 'kernel': 'rbf'}",2025-08-14_220927
SVM,I_vs_F,123,True,5,1.0,0.953125,experiment_results_statistical_IL_top_10_video_2025-08-14_220927_early_stop/svm_I_vs_F_2025-08-14_220927_seed123_early_stop.pkl,"{'C': 10, 'decision_function_shape': 'ovo', 'gamma': 'scale', 'kernel': 'rbf'}",2025-08-14_220927
MLP,I_vs_F,123,True,1,0.09230769230769231,0.0625,experiment_results_statistical_IL_top_10_video_2025-08-14_220927_early_stop/mlp_I_vs_F_2025-08-14_220927_seed123_early_stop.pkl,"{'activation': 'relu', 'alpha': 0.0001, 'batch_size': 36, 'early_stopping': True, 'hidden_layer_sizes': [50], 'learning_rate': 'constant', 'learning_rate_init': 0.001, 'max_iter': 2000, 'solver': 'adam'}",2025-08-14_220927
MLP,I_vs_F,123,True,2,0.18461538461538463,0.15625,experiment_results_statistical_IL_top_10_video_2025-08-14_220927_early_stop/mlp_I_vs_F_2025-08-14_220927_seed123_early_stop.pkl,"{'activation': 'relu', 'alpha': 0.0001, 'batch_size': 36, 'early_stopping': True, 'hidden_layer_sizes': [50], 'learning_rate': 'constant', 'learning_rate_init': 0.001, 'max_iter': 2000, 'solver': 'adam'}",2025-08-14_220927
MLP,I_vs_F,123,True,3,0.27692307692307694,0.25,experiment_results_statistical_IL_top_10_video_2025-08-14_220927_early_stop/mlp_I_vs_F_2025-08-14_220927_seed123_early_stop.pkl,"{'activation': 'relu', 'alpha': 0.0001, 'batch_size': 36, 'early_stopping': True, 'hidden_layer_sizes': [50], 'learning_rate': 'constant', 'learning_rate_init': 0.001, 'max_iter': 2000, 'solver': 'adam'}",2025-08-14_220927
MLP,I_vs_F,123,True,4,0.36923076923076925,0.34375,experiment_results_statistical_IL_top_10_video_2025-08-14_220927_early_stop/mlp_I_vs_F_2025-08-14_220927_seed123_early_stop.pkl,"{'activation': 'relu', 'alpha': 0.0001, 'batch_size': 36, 'early_stopping': True, 'hidden_layer_sizes': [50], 'learning_rate': 'constant', 'learning_rate_init': 0.001, 'max_iter': 2000, 'solver': 'adam'}",2025-08-14_220927
MLP,I_vs_F,123,True,5,0.46153846153846156,0.4375,experiment_results_statistical_IL_top_10_video_2025-08-14_220927_early_stop/mlp_I_vs_F_2025-08-14_220927_seed123_early_stop.pkl,"{'activation': 'relu', 'alpha': 0.0001, 'batch_size': 36, 'early_stopping': True, 'hidden_layer_sizes': [50], 'learning_rate': 'constant', 'learning_rate_init': 0.001, 'max_iter': 2000, 'solver': 'adam'}",2025-08-14_220927
NaiveBayes,I_vs_F,123,True,1,0.8307692307692308,0.46875,experiment_results_statistical_IL_top_10_video_2025-08-14_220927_early_stop/naivebayes_I_vs_F_2025-08-14_220927_seed123_early_stop.pkl,"{'priors': None, 'var_smoothing': 1e-09}",2025-08-14_220927
NaiveBayes,I_vs_F,123,True,2,0.9230769230769231,0.703125,experiment_results_statistical_IL_top_10_video_2025-08-14_220927_early_stop/naivebayes_I_vs_F_2025-08-14_220927_seed123_early_stop.pkl,"{'priors': None, 'var_smoothing': 1e-09}",2025-08-14_220927
NaiveBayes,I_vs_F,123,True,3,1.0,0.828125,experiment_results_statistical_IL_top_10_video_2025-08-14_220927_early_stop/naivebayes_I_vs_F_2025-08-14_220927_seed123_early_stop.pkl,"{'priors': None, 'var_smoothing': 1e-09}",2025-08-14_220927
NaiveBayes,I_vs_F,123,True,4,1.0,0.90625,experiment_results_statistical_IL_top_10_video_2025-08-14_220927_early_stop/naivebayes_I_vs_F_2025-08-14_220927_seed123_early_stop.pkl,"{'priors': None, 'var_smoothing': 1e-09}",2025-08-14_220927
NaiveBayes,I_vs_F,123,True,5,1.0,0.9375,experiment_results_statistical_IL_top_10_video_2025-08-14_220927_early_stop/naivebayes_I_vs_F_2025-08-14_220927_seed123_early_stop.pkl,"{'priors': None, 'var_smoothing': 1e-09}",2025-08-14_220927
LightGBM,I_vs_F,123,True,1,0.8307692307692308,0.53125,experiment_results_statistical_IL_top_10_video_2025-08-14_220927_early_stop/lightgbm_I_vs_F_2025-08-14_220927_seed123_early_stop.pkl,"{'boosting_type': 'gbdt', 'class_weight': None, 'colsample_bytree': 1.0, 'importance_type': 'split', 'learning_rate': 0.1, 'max_depth': -1, 'min_child_samples': 20, 'min_child_weight': 0.001, 'min_split_gain': 0.0, 'n_estimators': 100, 'n_jobs': -1, 'num_leaves': 31, 'objective': None, 'random_state': 123, 'reg_alpha': 0.0, 'reg_lambda': 0.0, 'subsample': 1.0, 'subsample_for_bin': 200000, 'subsample_freq': 0, 'verbose': -1}",2025-08-14_220927
LightGBM,I_vs_F,123,True,2,0.9230769230769231,0.6875,experiment_results_statistical_IL_top_10_video_2025-08-14_220927_early_stop/lightgbm_I_vs_F_2025-08-14_220927_seed123_early_stop.pkl,"{'boosting_type': 'gbdt', 'class_weight': None, 'colsample_bytree': 1.0, 'importance_type': 'split', 'learning_rate': 0.1, 'max_depth': -1, 'min_child_samples': 20, 'min_child_weight': 0.001, 'min_split_gain': 0.0, 'n_estimators': 100, 'n_jobs': -1, 'num_leaves': 31, 'objective': None, 'random_state': 123, 'reg_alpha': 0.0, 'reg_lambda': 0.0, 'subsample': 1.0, 'subsample_for_bin': 200000, 'subsample_freq': 0, 'verbose': -1}",2025-08-14_220927
LightGBM,I_vs_F,123,True,3,1.0,0.78125,experiment_results_statistical_IL_top_10_video_2025-08-14_220927_early_stop/lightgbm_I_vs_F_2025-08-14_220927_seed123_early_stop.pkl,"{'boosting_type': 'gbdt', 'class_weight': None, 'colsample_bytree': 1.0, 'importance_type': 'split', 'learning_rate': 0.1, 'max_depth': -1, 'min_child_samples': 20, 'min_child_weight': 0.001, 'min_split_gain': 0.0, 'n_estimators': 100, 'n_jobs': -1, 'num_leaves': 31, 'objective': None, 'random_state': 123, 'reg_alpha': 0.0, 'reg_lambda': 0.0, 'subsample': 1.0, 'subsample_for_bin': 200000, 'subsample_freq': 0, 'verbose': -1}",2025-08-14_220927
LightGBM,I_vs_F,123,True,4,1.0,0.828125,experiment_results_statistical_IL_top_10_video_2025-08-14_220927_early_stop/lightgbm_I_vs_F_2025-08-14_220927_seed123_early_stop.pkl,"{'boosting_type': 'gbdt', 'class_weight': None, 'colsample_bytree': 1.0, 'importance_type': 'split', 'learning_rate': 0.1, 'max_depth': -1, 'min_child_samples': 20, 'min_child_weight': 0.001, 'min_split_gain': 0.0, 'n_estimators': 100, 'n_jobs': -1, 'num_leaves': 31, 'objective': None, 'random_state': 123, 'reg_alpha': 0.0, 'reg_lambda': 0.0, 'subsample': 1.0, 'subsample_for_bin': 200000, 'subsample_freq': 0, 'verbose': -1}",2025-08-14_220927
LightGBM,I_vs_F,123,True,5,1.0,0.859375,experiment_results_statistical_IL_top_10_video_2025-08-14_220927_early_stop/lightgbm_I_vs_F_2025-08-14_220927_seed123_early_stop.pkl,"{'boosting_type': 'gbdt', 'class_weight': None, 'colsample_bytree': 1.0, 'importance_type': 'split', 'learning_rate': 0.1, 'max_depth': -1, 'min_child_samples': 20, 'min_child_weight': 0.001, 'min_split_gain': 0.0, 'n_estimators': 100, 'n_jobs': -1, 'num_leaves': 31, 'objective': None, 'random_state': 123, 'reg_alpha': 0.0, 'reg_lambda': 0.0, 'subsample': 1.0, 'subsample_for_bin': 200000, 'subsample_freq': 0, 'verbose': -1}",2025-08-14_220927
ExtraTrees,I_vs_F,123,True,1,0.8307692307692308,0.515625,experiment_results_statistical_IL_top_10_video_2025-08-14_220927_early_stop/extratrees_I_vs_F_2025-08-14_220927_seed123_early_stop.pkl,"{'bootstrap': False, 'ccp_alpha': 0.0, 'class_weight': None, 'criterion': 'gini', 'max_depth': None, 'max_features': 'sqrt', 'max_leaf_nodes': None, 'max_samples': None, 'min_impurity_decrease': 0.0, 'min_samples_leaf': 1, 'min_samples_split': 2, 'min_weight_fraction_leaf': 0.0, 'monotonic_cst': None, 'n_estimators': 100, 'n_jobs': -1, 'oob_score': False, 'random_state': 123, 'verbose': 0, 'warm_start': False}",2025-08-14_220927
ExtraTrees,I_vs_F,123,True,2,0.9230769230769231,0.828125,experiment_results_statistical_IL_top_10_video_2025-08-14_220927_early_stop/extratrees_I_vs_F_2025-08-14_220927_seed123_early_stop.pkl,"{'bootstrap': False, 'ccp_alpha': 0.0, 'class_weight': None, 'criterion': 'gini', 'max_depth': None, 'max_features': 'sqrt', 'max_leaf_nodes': None, 'max_samples': None, 'min_impurity_decrease': 0.0, 'min_samples_leaf': 1, 'min_samples_split': 2, 'min_weight_fraction_leaf': 0.0, 'monotonic_cst': None, 'n_estimators': 100, 'n_jobs': -1, 'oob_score': False, 'random_state': 123, 'verbose': 0, 'warm_start': False}",2025-08-14_220927
ExtraTrees,I_vs_F,123,True,3,1.0,0.96875,experiment_results_statistical_IL_top_10_video_2025-08-14_220927_early_stop/extratrees_I_vs_F_2025-08-14_220927_seed123_early_stop.pkl,"{'bootstrap': False, 'ccp_alpha': 0.0, 'class_weight': None, 'criterion': 'gini', 'max_depth': None, 'max_features': 'sqrt', 'max_leaf_nodes': None, 'max_samples': None, 'min_impurity_decrease': 0.0, 'min_samples_leaf': 1, 'min_samples_split': 2, 'min_weight_fraction_leaf': 0.0, 'monotonic_cst': None, 'n_estimators': 100, 'n_jobs': -1, 'oob_score': False, 'random_state': 123, 'verbose': 0, 'warm_start': False}",2025-08-14_220927
ExtraTrees,I_vs_F,123,True,4,1.0,0.96875,experiment_results_statistical_IL_top_10_video_2025-08-14_220927_early_stop/extratrees_I_vs_F_2025-08-14_220927_seed123_early_stop.pkl,"{'bootstrap': False, 'ccp_alpha': 0.0, 'class_weight': None, 'criterion': 'gini', 'max_depth': None, 'max_features': 'sqrt', 'max_leaf_nodes': None, 'max_samples': None, 'min_impurity_decrease': 0.0, 'min_samples_leaf': 1, 'min_samples_split': 2, 'min_weight_fraction_leaf': 0.0, 'monotonic_cst': None, 'n_estimators': 100, 'n_jobs': -1, 'oob_score': False, 'random_state': 123, 'verbose': 0, 'warm_start': False}",2025-08-14_220927
ExtraTrees,I_vs_F,123,True,5,1.0,1.0,experiment_results_statistical_IL_top_10_video_2025-08-14_220927_early_stop/extratrees_I_vs_F_2025-08-14_220927_seed123_early_stop.pkl,"{'bootstrap': False, 'ccp_alpha': 0.0, 'class_weight': None, 'criterion': 'gini', 'max_depth': None, 'max_features': 'sqrt', 'max_leaf_nodes': None, 'max_samples': None, 'min_impurity_decrease': 0.0, 'min_samples_leaf': 1, 'min_samples_split': 2, 'min_weight_fraction_leaf': 0.0, 'monotonic_cst': None, 'n_estimators': 100, 'n_jobs': -1, 'oob_score': False, 'random_state': 123, 'verbose': 0, 'warm_start': False}",2025-08-14_220927
GradientBoosting,I_vs_F,123,True,1,0.8307692307692308,0.484375,experiment_results_statistical_IL_top_10_video_2025-08-14_220927_early_stop/gradientboosting_I_vs_F_2025-08-14_220927_seed123_early_stop.pkl,"{'ccp_alpha': 0.0, 'criterion': 'friedman_mse', 'init': None, 'learning_rate': 0.1, 'loss': 'log_loss', 'max_depth': 3, 'max_features': None, 'max_leaf_nodes': None, 'min_impurity_decrease': 0.0, 'min_samples_leaf': 1, 'min_samples_split': 2, 'min_weight_fraction_leaf': 0.0, 'n_estimators': 100, 'n_iter_no_change': None, 'random_state': 123, 'subsample': 1.0, 'tol': 0.0001, 'validation_fraction': 0.1, 'verbose': 0, 'warm_start': False}",2025-08-14_220927
GradientBoosting,I_vs_F,123,True,2,0.9230769230769231,0.6875,experiment_results_statistical_IL_top_10_video_2025-08-14_220927_early_stop/gradientboosting_I_vs_F_2025-08-14_220927_seed123_early_stop.pkl,"{'ccp_alpha': 0.0, 'criterion': 'friedman_mse', 'init': None, 'learning_rate': 0.1, 'loss': 'log_loss', 'max_depth': 3, 'max_features': None, 'max_leaf_nodes': None, 'min_impurity_decrease': 0.0, 'min_samples_leaf': 1, 'min_samples_split': 2, 'min_weight_fraction_leaf': 0.0, 'n_estimators': 100, 'n_iter_no_change': None, 'random_state': 123, 'subsample': 1.0, 'tol': 0.0001, 'validation_fraction': 0.1, 'verbose': 0, 'warm_start': False}",2025-08-14_220927
GradientBoosting,I_vs_F,123,True,3,1.0,0.796875,experiment_results_statistical_IL_top_10_video_2025-08-14_220927_early_stop/gradientboosting_I_vs_F_2025-08-14_220927_seed123_early_stop.pkl,"{'ccp_alpha': 0.0, 'criterion': 'friedman_mse', 'init': None, 'learning_rate': 0.1, 'loss': 'log_loss', 'max_depth': 3, 'max_features': None, 'max_leaf_nodes': None, 'min_impurity_decrease': 0.0, 'min_samples_leaf': 1, 'min_samples_split': 2, 'min_weight_fraction_leaf': 0.0, 'n_estimators': 100, 'n_iter_no_change': None, 'random_state': 123, 'subsample': 1.0, 'tol': 0.0001, 'validation_fraction': 0.1, 'verbose': 0, 'warm_start': False}",2025-08-14_220927
GradientBoosting,I_vs_F,123,True,4,1.0,0.84375,experiment_results_statistical_IL_top_10_video_2025-08-14_220927_early_stop/gradientboosting_I_vs_F_2025-08-14_220927_seed123_early_stop.pkl,"{'ccp_alpha': 0.0, 'criterion': 'friedman_mse', 'init': None, 'learning_rate': 0.1, 'loss': 'log_loss', 'max_depth': 3, 'max_features': None, 'max_leaf_nodes': None, 'min_impurity_decrease': 0.0, 'min_samples_leaf': 1, 'min_samples_split': 2, 'min_weight_fraction_leaf': 0.0, 'n_estimators': 100, 'n_iter_no_change': None, 'random_state': 123, 'subsample': 1.0, 'tol': 0.0001, 'validation_fraction': 0.1, 'verbose': 0, 'warm_start': False}",2025-08-14_220927
GradientBoosting,I_vs_F,123,True,5,1.0,0.84375,experiment_results_statistical_IL_top_10_video_2025-08-14_220927_early_stop/gradientboosting_I_vs_F_2025-08-14_220927_seed123_early_stop.pkl,"{'ccp_alpha': 0.0, 'criterion': 'friedman_mse', 'init': None, 'learning_rate': 0.1, 'loss': 'log_loss', 'max_depth': 3, 'max_features': None, 'max_leaf_nodes': None, 'min_impurity_decrease': 0.0, 'min_samples_leaf': 1, 'min_samples_split': 2, 'min_weight_fraction_leaf': 0.0, 'n_estimators': 100, 'n_iter_no_change': None, 'random_state': 123, 'subsample': 1.0, 'tol': 0.0001, 'validation_fraction': 0.1, 'verbose': 0, 'warm_start': False}",2025-08-14_220927
KNN,I_vs_F,123,True,1,0.47692307692307695,0.359375,experiment_results_statistical_IL_top_10_video_2025-08-14_220927_early_stop/knn_I_vs_F_2025-08-14_220927_seed123_early_stop.pkl,"{'algorithm': 'auto', 'leaf_size': 30, 'metric': 'minkowski', 'metric_params': None, 'n_jobs': -1, 'n_neighbors': 5, 'p': 2, 'weights': 'uniform'}",2025-08-14_220927
KNN,I_vs_F,123,True,2,0.7384615384615385,0.5625,experiment_results_statistical_IL_top_10_video_2025-08-14_220927_early_stop/knn_I_vs_F_2025-08-14_220927_seed123_early_stop.pkl,"{'algorithm': 'auto', 'leaf_size': 30, 'metric': 'minkowski', 'metric_params': None, 'n_jobs': -1, 'n_neighbors': 5, 'p': 2, 'weights': 'uniform'}",2025-08-14_220927
KNN,I_vs_F,123,True,3,0.8769230769230769,0.703125,experiment_results_statistical_IL_top_10_video_2025-08-14_220927_early_stop/knn_I_vs_F_2025-08-14_220927_seed123_early_stop.pkl,"{'algorithm': 'auto', 'leaf_size': 30, 'metric': 'minkowski', 'metric_params': None, 'n_jobs': -1, 'n_neighbors': 5, 'p': 2, 'weights': 'uniform'}",2025-08-14_220927
KNN,I_vs_F,123,True,4,0.9076923076923077,0.765625,experiment_results_statistical_IL_top_10_video_2025-08-14_220927_early_stop/knn_I_vs_F_2025-08-14_220927_seed123_early_stop.pkl,"{'algorithm': 'auto', 'leaf_size': 30, 'metric': 'minkowski', 'metric_params': None, 'n_jobs': -1, 'n_neighbors': 5, 'p': 2, 'weights': 'uniform'}",2025-08-14_220927
KNN,I_vs_F,123,True,5,0.9076923076923077,0.765625,experiment_results_statistical_IL_top_10_video_2025-08-14_220927_early_stop/knn_I_vs_F_2025-08-14_220927_seed123_early_stop.pkl,"{'algorithm': 'auto', 'leaf_size': 30, 'metric': 'minkowski', 'metric_params': None, 'n_jobs': -1, 'n_neighbors': 5, 'p': 2, 'weights': 'uniform'}",2025-08-14_220927
LogisticRegression,I_vs_F,123,True,1,0.36923076923076925,0.171875,experiment_results_statistical_IL_top_10_video_2025-08-14_220927_early_stop/logisticregression_I_vs_F_2025-08-14_220927_seed123_early_stop.pkl,"{'C': 1.0, 'class_weight': None, 'dual': False, 'fit_intercept': True, 'intercept_scaling': 1, 'l1_ratio': None, 'max_iter': 100, 'multi_class': 'deprecated', 'n_jobs': -1, 'penalty': 'l2', 'random_state': 123, 'solver': 'lbfgs', 'tol': 0.0001, 'verbose': 0, 'warm_start': False}",2025-08-14_220927
LogisticRegression,I_vs_F,123,True,2,0.6307692307692307,0.390625,experiment_results_statistical_IL_top_10_video_2025-08-14_220927_early_stop/logisticregression_I_vs_F_2025-08-14_220927_seed123_early_stop.pkl,"{'C': 1.0, 'class_weight': None, 'dual': False, 'fit_intercept': True, 'intercept_scaling': 1, 'l1_ratio': None, 'max_iter': 100, 'multi_class': 'deprecated', 'n_jobs': -1, 'penalty': 'l2', 'random_state': 123, 'solver': 'lbfgs', 'tol': 0.0001, 'verbose': 0, 'warm_start': False}",2025-08-14_220927
LogisticRegression,I_vs_F,123,True,3,0.8,0.53125,experiment_results_statistical_IL_top_10_video_2025-08-14_220927_early_stop/logisticregression_I_vs_F_2025-08-14_220927_seed123_early_stop.pkl,"{'C': 1.0, 'class_weight': None, 'dual': False, 'fit_intercept': True, 'intercept_scaling': 1, 'l1_ratio': None, 'max_iter': 100, 'multi_class': 'deprecated', 'n_jobs': -1, 'penalty': 'l2', 'random_state': 123, 'solver': 'lbfgs', 'tol': 0.0001, 'verbose': 0, 'warm_start': False}",2025-08-14_220927
LogisticRegression,I_vs_F,123,True,4,0.8923076923076924,0.671875,experiment_results_statistical_IL_top_10_video_2025-08-14_220927_early_stop/logisticregression_I_vs_F_2025-08-14_220927_seed123_early_stop.pkl,"{'C': 1.0, 'class_weight': None, 'dual': False, 'fit_intercept': True, 'intercept_scaling': 1, 'l1_ratio': None, 'max_iter': 100, 'multi_class': 'deprecated', 'n_jobs': -1, 'penalty': 'l2', 'random_state': 123, 'solver': 'lbfgs', 'tol': 0.0001, 'verbose': 0, 'warm_start': False}",2025-08-14_220927
LogisticRegression,I_vs_F,123,True,5,0.9076923076923077,0.71875,experiment_results_statistical_IL_top_10_video_2025-08-14_220927_early_stop/logisticregression_I_vs_F_2025-08-14_220927_seed123_early_stop.pkl,"{'C': 1.0, 'class_weight': None, 'dual': False, 'fit_intercept': True, 'intercept_scaling': 1, 'l1_ratio': None, 'max_iter': 100, 'multi_class': 'deprecated', 'n_jobs': -1, 'penalty': 'l2', 'random_state': 123, 'solver': 'lbfgs', 'tol': 0.0001, 'verbose': 0, 'warm_start': False}",2025-08-14_220927
RandomForest,I_vs_F,456,True,1,0.8307692307692308,0.5625,experiment_results_statistical_IL_top_10_video_2025-08-14_220927_early_stop/randomforest_I_vs_F_2025-08-14_220927_seed456_early_stop.pkl,"{'bootstrap': True, 'max_depth': 10, 'max_features': 'sqrt', 'min_samples_leaf': 2, 'min_samples_split': 2, 'n_estimators': 500}",2025-08-14_220927
RandomForest,I_vs_F,456,True,2,0.9230769230769231,0.8125,experiment_results_statistical_IL_top_10_video_2025-08-14_220927_early_stop/randomforest_I_vs_F_2025-08-14_220927_seed456_early_stop.pkl,"{'bootstrap': True, 'max_depth': 10, 'max_features': 'sqrt', 'min_samples_leaf': 2, 'min_samples_split': 2, 'n_estimators': 500}",2025-08-14_220927
RandomForest,I_vs_F,456,True,3,1.0,0.9375,experiment_results_statistical_IL_top_10_video_2025-08-14_220927_early_stop/randomforest_I_vs_F_2025-08-14_220927_seed456_early_stop.pkl,"{'bootstrap': True, 'max_depth': 10, 'max_features': 'sqrt', 'min_samples_leaf': 2, 'min_samples_split': 2, 'n_estimators': 500}",2025-08-14_220927
RandomForest,I_vs_F,456,True,4,1.0,0.96875,experiment_results_statistical_IL_top_10_video_2025-08-14_220927_early_stop/randomforest_I_vs_F_2025-08-14_220927_seed456_early_stop.pkl,"{'bootstrap': True, 'max_depth': 10, 'max_features': 'sqrt', 'min_samples_leaf': 2, 'min_samples_split': 2, 'n_estimators': 500}",2025-08-14_220927
RandomForest,I_vs_F,456,True,5,1.0,0.984375,experiment_results_statistical_IL_top_10_video_2025-08-14_220927_early_stop/randomforest_I_vs_F_2025-08-14_220927_seed456_early_stop.pkl,"{'bootstrap': True, 'max_depth': 10, 'max_features': 'sqrt', 'min_samples_leaf': 2, 'min_samples_split': 2, 'n_estimators': 500}",2025-08-14_220927
XGBoost,I_vs_F,456,True,1,0.8307692307692308,0.5625,experiment_results_statistical_IL_top_10_video_2025-08-14_220927_early_stop/xgboost_I_vs_F_2025-08-14_220927_seed456_early_stop.pkl,"{'colsample_bytree': 0.8, 'device': 'cpu', 'learning_rate': 0.1, 'max_depth': 4, 'n_estimators': 1000, 'reg_lambda': 1, 'subsample': 1.0}",2025-08-14_220927
XGBoost,I_vs_F,456,True,2,0.9230769230769231,0.78125,experiment_results_statistical_IL_top_10_video_2025-08-14_220927_early_stop/xgboost_I_vs_F_2025-08-14_220927_seed456_early_stop.pkl,"{'colsample_bytree': 0.8, 'device': 'cpu', 'learning_rate': 0.1, 'max_depth': 4, 'n_estimators': 1000, 'reg_lambda': 1, 'subsample': 1.0}",2025-08-14_220927
XGBoost,I_vs_F,456,True,3,1.0,0.890625,experiment_results_statistical_IL_top_10_video_2025-08-14_220927_early_stop/xgboost_I_vs_F_2025-08-14_220927_seed456_early_stop.pkl,"{'colsample_bytree': 0.8, 'device': 'cpu', 'learning_rate': 0.1, 'max_depth': 4, 'n_estimators': 1000, 'reg_lambda': 1, 'subsample': 1.0}",2025-08-14_220927
XGBoost,I_vs_F,456,True,4,1.0,0.90625,experiment_results_statistical_IL_top_10_video_2025-08-14_220927_early_stop/xgboost_I_vs_F_2025-08-14_220927_seed456_early_stop.pkl,"{'colsample_bytree': 0.8, 'device': 'cpu', 'learning_rate': 0.1, 'max_depth': 4, 'n_estimators': 1000, 'reg_lambda': 1, 'subsample': 1.0}",2025-08-14_220927
XGBoost,I_vs_F,456,True,5,1.0,0.90625,experiment_results_statistical_IL_top_10_video_2025-08-14_220927_early_stop/xgboost_I_vs_F_2025-08-14_220927_seed456_early_stop.pkl,"{'colsample_bytree': 0.8, 'device': 'cpu', 'learning_rate': 0.1, 'max_depth': 4, 'n_estimators': 1000, 'reg_lambda': 1, 'subsample': 1.0}",2025-08-14_220927
CatBoost,I_vs_F,456,True,1,0.8307692307692308,0.5,experiment_results_statistical_IL_top_10_video_2025-08-14_220927_early_stop/catboost_I_vs_F_2025-08-14_220927_seed456_early_stop.pkl,"{'border_count': 32, 'depth': 6, 'iterations': 1000, 'l2_leaf_reg': 5, 'learning_rate': 0.05}",2025-08-14_220927
CatBoost,I_vs_F,456,True,2,0.9230769230769231,0.84375,experiment_results_statistical_IL_top_10_video_2025-08-14_220927_early_stop/catboost_I_vs_F_2025-08-14_220927_seed456_early_stop.pkl,"{'border_count': 32, 'depth': 6, 'iterations': 1000, 'l2_leaf_reg': 5, 'learning_rate': 0.05}",2025-08-14_220927
CatBoost,I_vs_F,456,True,3,1.0,0.953125,experiment_results_statistical_IL_top_10_video_2025-08-14_220927_early_stop/catboost_I_vs_F_2025-08-14_220927_seed456_early_stop.pkl,"{'border_count': 32, 'depth': 6, 'iterations': 1000, 'l2_leaf_reg': 5, 'learning_rate': 0.05}",2025-08-14_220927
CatBoost,I_vs_F,456,True,4,1.0,0.953125,experiment_results_statistical_IL_top_10_video_2025-08-14_220927_early_stop/catboost_I_vs_F_2025-08-14_220927_seed456_early_stop.pkl,"{'border_count': 32, 'depth': 6, 'iterations': 1000, 'l2_leaf_reg': 5, 'learning_rate': 0.05}",2025-08-14_220927
CatBoost,I_vs_F,456,True,5,1.0,0.96875,experiment_results_statistical_IL_top_10_video_2025-08-14_220927_early_stop/catboost_I_vs_F_2025-08-14_220927_seed456_early_stop.pkl,"{'border_count': 32, 'depth': 6, 'iterations': 1000, 'l2_leaf_reg': 5, 'learning_rate': 0.05}",2025-08-14_220927
SVM,I_vs_F,456,True,1,0.6615384615384615,0.453125,experiment_results_statistical_IL_top_10_video_2025-08-14_220927_early_stop/svm_I_vs_F_2025-08-14_220927_seed456_early_stop.pkl,"{'C': 10, 'decision_function_shape': 'ovo', 'gamma': 'scale', 'kernel': 'rbf'}",2025-08-14_220927
SVM,I_vs_F,456,True,2,0.7846153846153846,0.78125,experiment_results_statistical_IL_top_10_video_2025-08-14_220927_early_stop/svm_I_vs_F_2025-08-14_220927_seed456_early_stop.pkl,"{'C': 10, 'decision_function_shape': 'ovo', 'gamma': 'scale', 'kernel': 'rbf'}",2025-08-14_220927
SVM,I_vs_F,456,True,3,1.0,0.953125,experiment_results_statistical_IL_top_10_video_2025-08-14_220927_early_stop/svm_I_vs_F_2025-08-14_220927_seed456_early_stop.pkl,"{'C': 10, 'decision_function_shape': 'ovo', 'gamma': 'scale', 'kernel': 'rbf'}",2025-08-14_220927
SVM,I_vs_F,456,True,4,1.0,0.953125,experiment_results_statistical_IL_top_10_video_2025-08-14_220927_early_stop/svm_I_vs_F_2025-08-14_220927_seed456_early_stop.pkl,"{'C': 10, 'decision_function_shape': 'ovo', 'gamma': 'scale', 'kernel': 'rbf'}",2025-08-14_220927
SVM,I_vs_F,456,True,5,1.0,0.96875,experiment_results_statistical_IL_top_10_video_2025-08-14_220927_early_stop/svm_I_vs_F_2025-08-14_220927_seed456_early_stop.pkl,"{'C': 10, 'decision_function_shape': 'ovo', 'gamma': 'scale', 'kernel': 'rbf'}",2025-08-14_220927
MLP,I_vs_F,456,True,1,0.09230769230769231,0.09375,experiment_results_statistical_IL_top_10_video_2025-08-14_220927_early_stop/mlp_I_vs_F_2025-08-14_220927_seed456_early_stop.pkl,"{'activation': 'relu', 'alpha': 0.0001, 'batch_size': 36, 'early_stopping': True, 'hidden_layer_sizes': [50], 'learning_rate': 'constant', 'learning_rate_init': 0.001, 'max_iter': 2000, 'solver': 'adam'}",2025-08-14_220927
MLP,I_vs_F,456,True,2,0.16923076923076924,0.1875,experiment_results_statistical_IL_top_10_video_2025-08-14_220927_early_stop/mlp_I_vs_F_2025-08-14_220927_seed456_early_stop.pkl,"{'activation': 'relu', 'alpha': 0.0001, 'batch_size': 36, 'early_stopping': True, 'hidden_layer_sizes': [50], 'learning_rate': 'constant', 'learning_rate_init': 0.001, 'max_iter': 2000, 'solver': 'adam'}",2025-08-14_220927
MLP,I_vs_F,456,True,3,0.26153846153846155,0.28125,experiment_results_statistical_IL_top_10_video_2025-08-14_220927_early_stop/mlp_I_vs_F_2025-08-14_220927_seed456_early_stop.pkl,"{'activation': 'relu', 'alpha': 0.0001, 'batch_size': 36, 'early_stopping': True, 'hidden_layer_sizes': [50], 'learning_rate': 'constant', 'learning_rate_init': 0.001, 'max_iter': 2000, 'solver': 'adam'}",2025-08-14_220927
MLP,I_vs_F,456,True,4,0.35384615384615387,0.375,experiment_results_statistical_IL_top_10_video_2025-08-14_220927_early_stop/mlp_I_vs_F_2025-08-14_220927_seed456_early_stop.pkl,"{'activation': 'relu', 'alpha': 0.0001, 'batch_size': 36, 'early_stopping': True, 'hidden_layer_sizes': [50], 'learning_rate': 'constant', 'learning_rate_init': 0.001, 'max_iter': 2000, 'solver': 'adam'}",2025-08-14_220927
MLP,I_vs_F,456,True,5,0.4461538461538462,0.46875,experiment_results_statistical_IL_top_10_video_2025-08-14_220927_early_stop/mlp_I_vs_F_2025-08-14_220927_seed456_early_stop.pkl,"{'activation': 'relu', 'alpha': 0.0001, 'batch_size': 36, 'early_stopping': True, 'hidden_layer_sizes': [50], 'learning_rate': 'constant', 'learning_rate_init': 0.001, 'max_iter': 2000, 'solver': 'adam'}",2025-08-14_220927
NaiveBayes,I_vs_F,456,True,1,0.8307692307692308,0.46875,experiment_results_statistical_IL_top_10_video_2025-08-14_220927_early_stop/naivebayes_I_vs_F_2025-08-14_220927_seed456_early_stop.pkl,"{'priors': None, 'var_smoothing': 1e-09}",2025-08-14_220927
NaiveBayes,I_vs_F,456,True,2,0.9230769230769231,0.703125,experiment_results_statistical_IL_top_10_video_2025-08-14_220927_early_stop/naivebayes_I_vs_F_2025-08-14_220927_seed456_early_stop.pkl,"{'priors': None, 'var_smoothing': 1e-09}",2025-08-14_220927
NaiveBayes,I_vs_F,456,True,3,1.0,0.828125,experiment_results_statistical_IL_top_10_video_2025-08-14_220927_early_stop/naivebayes_I_vs_F_2025-08-14_220927_seed456_early_stop.pkl,"{'priors': None, 'var_smoothing': 1e-09}",2025-08-14_220927
NaiveBayes,I_vs_F,456,True,4,1.0,0.90625,experiment_results_statistical_IL_top_10_video_2025-08-14_220927_early_stop/naivebayes_I_vs_F_2025-08-14_220927_seed456_early_stop.pkl,"{'priors': None, 'var_smoothing': 1e-09}",2025-08-14_220927
NaiveBayes,I_vs_F,456,True,5,1.0,0.9375,experiment_results_statistical_IL_top_10_video_2025-08-14_220927_early_stop/naivebayes_I_vs_F_2025-08-14_220927_seed456_early_stop.pkl,"{'priors': None, 'var_smoothing': 1e-09}",2025-08-14_220927
LightGBM,I_vs_F,456,True,1,0.8307692307692308,0.53125,experiment_results_statistical_IL_top_10_video_2025-08-14_220927_early_stop/lightgbm_I_vs_F_2025-08-14_220927_seed456_early_stop.pkl,"{'boosting_type': 'gbdt', 'class_weight': None, 'colsample_bytree': 1.0, 'importance_type': 'split', 'learning_rate': 0.1, 'max_depth': -1, 'min_child_samples': 20, 'min_child_weight': 0.001, 'min_split_gain': 0.0, 'n_estimators': 100, 'n_jobs': -1, 'num_leaves': 31, 'objective': None, 'random_state': 456, 'reg_alpha': 0.0, 'reg_lambda': 0.0, 'subsample': 1.0, 'subsample_for_bin': 200000, 'subsample_freq': 0, 'verbose': -1}",2025-08-14_220927
LightGBM,I_vs_F,456,True,2,0.9230769230769231,0.6875,experiment_results_statistical_IL_top_10_video_2025-08-14_220927_early_stop/lightgbm_I_vs_F_2025-08-14_220927_seed456_early_stop.pkl,"{'boosting_type': 'gbdt', 'class_weight': None, 'colsample_bytree': 1.0, 'importance_type': 'split', 'learning_rate': 0.1, 'max_depth': -1, 'min_child_samples': 20, 'min_child_weight': 0.001, 'min_split_gain': 0.0, 'n_estimators': 100, 'n_jobs': -1, 'num_leaves': 31, 'objective': None, 'random_state': 456, 'reg_alpha': 0.0, 'reg_lambda': 0.0, 'subsample': 1.0, 'subsample_for_bin': 200000, 'subsample_freq': 0, 'verbose': -1}",2025-08-14_220927
LightGBM,I_vs_F,456,True,3,1.0,0.78125,experiment_results_statistical_IL_top_10_video_2025-08-14_220927_early_stop/lightgbm_I_vs_F_2025-08-14_220927_seed456_early_stop.pkl,"{'boosting_type': 'gbdt', 'class_weight': None, 'colsample_bytree': 1.0, 'importance_type': 'split', 'learning_rate': 0.1, 'max_depth': -1, 'min_child_samples': 20, 'min_child_weight': 0.001, 'min_split_gain': 0.0, 'n_estimators': 100, 'n_jobs': -1, 'num_leaves': 31, 'objective': None, 'random_state': 456, 'reg_alpha': 0.0, 'reg_lambda': 0.0, 'subsample': 1.0, 'subsample_for_bin': 200000, 'subsample_freq': 0, 'verbose': -1}",2025-08-14_220927
LightGBM,I_vs_F,456,True,4,1.0,0.828125,experiment_results_statistical_IL_top_10_video_2025-08-14_220927_early_stop/lightgbm_I_vs_F_2025-08-14_220927_seed456_early_stop.pkl,"{'boosting_type': 'gbdt', 'class_weight': None, 'colsample_bytree': 1.0, 'importance_type': 'split', 'learning_rate': 0.1, 'max_depth': -1, 'min_child_samples': 20, 'min_child_weight': 0.001, 'min_split_gain': 0.0, 'n_estimators': 100, 'n_jobs': -1, 'num_leaves': 31, 'objective': None, 'random_state': 456, 'reg_alpha': 0.0, 'reg_lambda': 0.0, 'subsample': 1.0, 'subsample_for_bin': 200000, 'subsample_freq': 0, 'verbose': -1}",2025-08-14_220927
LightGBM,I_vs_F,456,True,5,1.0,0.859375,experiment_results_statistical_IL_top_10_video_2025-08-14_220927_early_stop/lightgbm_I_vs_F_2025-08-14_220927_seed456_early_stop.pkl,"{'boosting_type': 'gbdt', 'class_weight': None, 'colsample_bytree': 1.0, 'importance_type': 'split', 'learning_rate': 0.1, 'max_depth': -1, 'min_child_samples': 20, 'min_child_weight': 0.001, 'min_split_gain': 0.0, 'n_estimators': 100, 'n_jobs': -1, 'num_leaves': 31, 'objective': None, 'random_state': 456, 'reg_alpha': 0.0, 'reg_lambda': 0.0, 'subsample': 1.0, 'subsample_for_bin': 200000, 'subsample_freq': 0, 'verbose': -1}",2025-08-14_220927
ExtraTrees,I_vs_F,456,True,1,0.8307692307692308,0.515625,experiment_results_statistical_IL_top_10_video_2025-08-14_220927_early_stop/extratrees_I_vs_F_2025-08-14_220927_seed456_early_stop.pkl,"{'bootstrap': False, 'ccp_alpha': 0.0, 'class_weight': None, 'criterion': 'gini', 'max_depth': None, 'max_features': 'sqrt', 'max_leaf_nodes': None, 'max_samples': None, 'min_impurity_decrease': 0.0, 'min_samples_leaf': 1, 'min_samples_split': 2, 'min_weight_fraction_leaf': 0.0, 'monotonic_cst': None, 'n_estimators': 100, 'n_jobs': -1, 'oob_score': False, 'random_state': 456, 'verbose': 0, 'warm_start': False}",2025-08-14_220927
ExtraTrees,I_vs_F,456,True,2,0.9230769230769231,0.8125,experiment_results_statistical_IL_top_10_video_2025-08-14_220927_early_stop/extratrees_I_vs_F_2025-08-14_220927_seed456_early_stop.pkl,"{'bootstrap': False, 'ccp_alpha': 0.0, 'class_weight': None, 'criterion': 'gini', 'max_depth': None, 'max_features': 'sqrt', 'max_leaf_nodes': None, 'max_samples': None, 'min_impurity_decrease': 0.0, 'min_samples_leaf': 1, 'min_samples_split': 2, 'min_weight_fraction_leaf': 0.0, 'monotonic_cst': None, 'n_estimators': 100, 'n_jobs': -1, 'oob_score': False, 'random_state': 456, 'verbose': 0, 'warm_start': False}",2025-08-14_220927
ExtraTrees,I_vs_F,456,True,3,1.0,0.96875,experiment_results_statistical_IL_top_10_video_2025-08-14_220927_early_stop/extratrees_I_vs_F_2025-08-14_220927_seed456_early_stop.pkl,"{'bootstrap': False, 'ccp_alpha': 0.0, 'class_weight': None, 'criterion': 'gini', 'max_depth': None, 'max_features': 'sqrt', 'max_leaf_nodes': None, 'max_samples': None, 'min_impurity_decrease': 0.0, 'min_samples_leaf': 1, 'min_samples_split': 2, 'min_weight_fraction_leaf': 0.0, 'monotonic_cst': None, 'n_estimators': 100, 'n_jobs': -1, 'oob_score': False, 'random_state': 456, 'verbose': 0, 'warm_start': False}",2025-08-14_220927
ExtraTrees,I_vs_F,456,True,4,1.0,0.984375,experiment_results_statistical_IL_top_10_video_2025-08-14_220927_early_stop/extratrees_I_vs_F_2025-08-14_220927_seed456_early_stop.pkl,"{'bootstrap': False, 'ccp_alpha': 0.0, 'class_weight': None, 'criterion': 'gini', 'max_depth': None, 'max_features': 'sqrt', 'max_leaf_nodes': None, 'max_samples': None, 'min_impurity_decrease': 0.0, 'min_samples_leaf': 1, 'min_samples_split': 2, 'min_weight_fraction_leaf': 0.0, 'monotonic_cst': None, 'n_estimators': 100, 'n_jobs': -1, 'oob_score': False, 'random_state': 456, 'verbose': 0, 'warm_start': False}",2025-08-14_220927
ExtraTrees,I_vs_F,456,True,5,1.0,0.984375,experiment_results_statistical_IL_top_10_video_2025-08-14_220927_early_stop/extratrees_I_vs_F_2025-08-14_220927_seed456_early_stop.pkl,"{'bootstrap': False, 'ccp_alpha': 0.0, 'class_weight': None, 'criterion': 'gini', 'max_depth': None, 'max_features': 'sqrt', 'max_leaf_nodes': None, 'max_samples': None, 'min_impurity_decrease': 0.0, 'min_samples_leaf': 1, 'min_samples_split': 2, 'min_weight_fraction_leaf': 0.0, 'monotonic_cst': None, 'n_estimators': 100, 'n_jobs': -1, 'oob_score': False, 'random_state': 456, 'verbose': 0, 'warm_start': False}",2025-08-14_220927
GradientBoosting,I_vs_F,456,True,1,0.8307692307692308,0.453125,experiment_results_statistical_IL_top_10_video_2025-08-14_220927_early_stop/gradientboosting_I_vs_F_2025-08-14_220927_seed456_early_stop.pkl,"{'ccp_alpha': 0.0, 'criterion': 'friedman_mse', 'init': None, 'learning_rate': 0.1, 'loss': 'log_loss', 'max_depth': 3, 'max_features': None, 'max_leaf_nodes': None, 'min_impurity_decrease': 0.0, 'min_samples_leaf': 1, 'min_samples_split': 2, 'min_weight_fraction_leaf': 0.0, 'n_estimators': 100, 'n_iter_no_change': None, 'random_state': 456, 'subsample': 1.0, 'tol': 0.0001, 'validation_fraction': 0.1, 'verbose': 0, 'warm_start': False}",2025-08-14_220927
GradientBoosting,I_vs_F,456,True,2,0.9230769230769231,0.671875,experiment_results_statistical_IL_top_10_video_2025-08-14_220927_early_stop/gradientboosting_I_vs_F_2025-08-14_220927_seed456_early_stop.pkl,"{'ccp_alpha': 0.0, 'criterion': 'friedman_mse', 'init': None, 'learning_rate': 0.1, 'loss': 'log_loss', 'max_depth': 3, 'max_features': None, 'max_leaf_nodes': None, 'min_impurity_decrease': 0.0, 'min_samples_leaf': 1, 'min_samples_split': 2, 'min_weight_fraction_leaf': 0.0, 'n_estimators': 100, 'n_iter_no_change': None, 'random_state': 456, 'subsample': 1.0, 'tol': 0.0001, 'validation_fraction': 0.1, 'verbose': 0, 'warm_start': False}",2025-08-14_220927
GradientBoosting,I_vs_F,456,True,3,1.0,0.796875,experiment_results_statistical_IL_top_10_video_2025-08-14_220927_early_stop/gradientboosting_I_vs_F_2025-08-14_220927_seed456_early_stop.pkl,"{'ccp_alpha': 0.0, 'criterion': 'friedman_mse', 'init': None, 'learning_rate': 0.1, 'loss': 'log_loss', 'max_depth': 3, 'max_features': None, 'max_leaf_nodes': None, 'min_impurity_decrease': 0.0, 'min_samples_leaf': 1, 'min_samples_split': 2, 'min_weight_fraction_leaf': 0.0, 'n_estimators': 100, 'n_iter_no_change': None, 'random_state': 456, 'subsample': 1.0, 'tol': 0.0001, 'validation_fraction': 0.1, 'verbose': 0, 'warm_start': False}",2025-08-14_220927
GradientBoosting,I_vs_F,456,True,4,1.0,0.828125,experiment_results_statistical_IL_top_10_video_2025-08-14_220927_early_stop/gradientboosting_I_vs_F_2025-08-14_220927_seed456_early_stop.pkl,"{'ccp_alpha': 0.0, 'criterion': 'friedman_mse', 'init': None, 'learning_rate': 0.1, 'loss': 'log_loss', 'max_depth': 3, 'max_features': None, 'max_leaf_nodes': None, 'min_impurity_decrease': 0.0, 'min_samples_leaf': 1, 'min_samples_split': 2, 'min_weight_fraction_leaf': 0.0, 'n_estimators': 100, 'n_iter_no_change': None, 'random_state': 456, 'subsample': 1.0, 'tol': 0.0001, 'validation_fraction': 0.1, 'verbose': 0, 'warm_start': False}",2025-08-14_220927
GradientBoosting,I_vs_F,456,True,5,1.0,0.84375,experiment_results_statistical_IL_top_10_video_2025-08-14_220927_early_stop/gradientboosting_I_vs_F_2025-08-14_220927_seed456_early_stop.pkl,"{'ccp_alpha': 0.0, 'criterion': 'friedman_mse', 'init': None, 'learning_rate': 0.1, 'loss': 'log_loss', 'max_depth': 3, 'max_features': None, 'max_leaf_nodes': None, 'min_impurity_decrease': 0.0, 'min_samples_leaf': 1, 'min_samples_split': 2, 'min_weight_fraction_leaf': 0.0, 'n_estimators': 100, 'n_iter_no_change': None, 'random_state': 456, 'subsample': 1.0, 'tol': 0.0001, 'validation_fraction': 0.1, 'verbose': 0, 'warm_start': False}",2025-08-14_220927
KNN,I_vs_F,456,True,1,0.47692307692307695,0.359375,experiment_results_statistical_IL_top_10_video_2025-08-14_220927_early_stop/knn_I_vs_F_2025-08-14_220927_seed456_early_stop.pkl,"{'algorithm': 'auto', 'leaf_size': 30, 'metric': 'minkowski', 'metric_params': None, 'n_jobs': -1, 'n_neighbors': 5, 'p': 2, 'weights': 'uniform'}",2025-08-14_220927
KNN,I_vs_F,456,True,2,0.7384615384615385,0.5625,experiment_results_statistical_IL_top_10_video_2025-08-14_220927_early_stop/knn_I_vs_F_2025-08-14_220927_seed456_early_stop.pkl,"{'algorithm': 'auto', 'leaf_size': 30, 'metric': 'minkowski', 'metric_params': None, 'n_jobs': -1, 'n_neighbors': 5, 'p': 2, 'weights': 'uniform'}",2025-08-14_220927
KNN,I_vs_F,456,True,3,0.8769230769230769,0.703125,experiment_results_statistical_IL_top_10_video_2025-08-14_220927_early_stop/knn_I_vs_F_2025-08-14_220927_seed456_early_stop.pkl,"{'algorithm': 'auto', 'leaf_size': 30, 'metric': 'minkowski', 'metric_params': None, 'n_jobs': -1, 'n_neighbors': 5, 'p': 2, 'weights': 'uniform'}",2025-08-14_220927
KNN,I_vs_F,456,True,4,0.9076923076923077,0.765625,experiment_results_statistical_IL_top_10_video_2025-08-14_220927_early_stop/knn_I_vs_F_2025-08-14_220927_seed456_early_stop.pkl,"{'algorithm': 'auto', 'leaf_size': 30, 'metric': 'minkowski', 'metric_params': None, 'n_jobs': -1, 'n_neighbors': 5, 'p': 2, 'weights': 'uniform'}",2025-08-14_220927
KNN,I_vs_F,456,True,5,0.9076923076923077,0.765625,experiment_results_statistical_IL_top_10_video_2025-08-14_220927_early_stop/knn_I_vs_F_2025-08-14_220927_seed456_early_stop.pkl,"{'algorithm': 'auto', 'leaf_size': 30, 'metric': 'minkowski', 'metric_params': None, 'n_jobs': -1, 'n_neighbors': 5, 'p': 2, 'weights': 'uniform'}",2025-08-14_220927
LogisticRegression,I_vs_F,456,True,1,0.36923076923076925,0.171875,experiment_results_statistical_IL_top_10_video_2025-08-14_220927_early_stop/logisticregression_I_vs_F_2025-08-14_220927_seed456_early_stop.pkl,"{'C': 1.0, 'class_weight': None, 'dual': False, 'fit_intercept': True, 'intercept_scaling': 1, 'l1_ratio': None, 'max_iter': 100, 'multi_class': 'deprecated', 'n_jobs': -1, 'penalty': 'l2', 'random_state': 456, 'solver': 'lbfgs', 'tol': 0.0001, 'verbose': 0, 'warm_start': False}",2025-08-14_220927
LogisticRegression,I_vs_F,456,True,2,0.6307692307692307,0.390625,experiment_results_statistical_IL_top_10_video_2025-08-14_220927_early_stop/logisticregression_I_vs_F_2025-08-14_220927_seed456_early_stop.pkl,"{'C': 1.0, 'class_weight': None, 'dual': False, 'fit_intercept': True, 'intercept_scaling': 1, 'l1_ratio': None, 'max_iter': 100, 'multi_class': 'deprecated', 'n_jobs': -1, 'penalty': 'l2', 'random_state': 456, 'solver': 'lbfgs', 'tol': 0.0001, 'verbose': 0, 'warm_start': False}",2025-08-14_220927
LogisticRegression,I_vs_F,456,True,3,0.8,0.53125,experiment_results_statistical_IL_top_10_video_2025-08-14_220927_early_stop/logisticregression_I_vs_F_2025-08-14_220927_seed456_early_stop.pkl,"{'C': 1.0, 'class_weight': None, 'dual': False, 'fit_intercept': True, 'intercept_scaling': 1, 'l1_ratio': None, 'max_iter': 100, 'multi_class': 'deprecated', 'n_jobs': -1, 'penalty': 'l2', 'random_state': 456, 'solver': 'lbfgs', 'tol': 0.0001, 'verbose': 0, 'warm_start': False}",2025-08-14_220927
LogisticRegression,I_vs_F,456,True,4,0.8923076923076924,0.671875,experiment_results_statistical_IL_top_10_video_2025-08-14_220927_early_stop/logisticregression_I_vs_F_2025-08-14_220927_seed456_early_stop.pkl,"{'C': 1.0, 'class_weight': None, 'dual': False, 'fit_intercept': True, 'intercept_scaling': 1, 'l1_ratio': None, 'max_iter': 100, 'multi_class': 'deprecated', 'n_jobs': -1, 'penalty': 'l2', 'random_state': 456, 'solver': 'lbfgs', 'tol': 0.0001, 'verbose': 0, 'warm_start': False}",2025-08-14_220927
LogisticRegression,I_vs_F,456,True,5,0.9076923076923077,0.71875,experiment_results_statistical_IL_top_10_video_2025-08-14_220927_early_stop/logisticregression_I_vs_F_2025-08-14_220927_seed456_early_stop.pkl,"{'C': 1.0, 'class_weight': None, 'dual': False, 'fit_intercept': True, 'intercept_scaling': 1, 'l1_ratio': None, 'max_iter': 100, 'multi_class': 'deprecated', 'n_jobs': -1, 'penalty': 'l2', 'random_state': 456, 'solver': 'lbfgs', 'tol': 0.0001, 'verbose': 0, 'warm_start': False}",2025-08-14_220927
RandomForest,I_vs_T,42,True,1,0.8307692307692308,0.5714285714285714,experiment_results_statistical_IL_top_10_video_2025-08-14_220927_early_stop/randomforest_I_vs_T_2025-08-14_220927_seed42_early_stop.pkl,"{'bootstrap': True, 'max_depth': 10, 'max_features': 'sqrt', 'min_samples_leaf': 2, 'min_samples_split': 2, 'n_estimators': 500}",2025-08-14_220927
RandomForest,I_vs_T,42,True,2,0.9230769230769231,0.873015873015873,experiment_results_statistical_IL_top_10_video_2025-08-14_220927_early_stop/randomforest_I_vs_T_2025-08-14_220927_seed42_early_stop.pkl,"{'bootstrap': True, 'max_depth': 10, 'max_features': 'sqrt', 'min_samples_leaf': 2, 'min_samples_split': 2, 'n_estimators': 500}",2025-08-14_220927
RandomForest,I_vs_T,42,True,3,1.0,0.9841269841269841,experiment_results_statistical_IL_top_10_video_2025-08-14_220927_early_stop/randomforest_I_vs_T_2025-08-14_220927_seed42_early_stop.pkl,"{'bootstrap': True, 'max_depth': 10, 'max_features': 'sqrt', 'min_samples_leaf': 2, 'min_samples_split': 2, 'n_estimators': 500}",2025-08-14_220927
RandomForest,I_vs_T,42,True,4,1.0,1.0,experiment_results_statistical_IL_top_10_video_2025-08-14_220927_early_stop/randomforest_I_vs_T_2025-08-14_220927_seed42_early_stop.pkl,"{'bootstrap': True, 'max_depth': 10, 'max_features': 'sqrt', 'min_samples_leaf': 2, 'min_samples_split': 2, 'n_estimators': 500}",2025-08-14_220927
RandomForest,I_vs_T,42,True,5,1.0,1.0,experiment_results_statistical_IL_top_10_video_2025-08-14_220927_early_stop/randomforest_I_vs_T_2025-08-14_220927_seed42_early_stop.pkl,"{'bootstrap': True, 'max_depth': 10, 'max_features': 'sqrt', 'min_samples_leaf': 2, 'min_samples_split': 2, 'n_estimators': 500}",2025-08-14_220927
XGBoost,I_vs_T,42,True,1,0.8307692307692308,0.49206349206349204,experiment_results_statistical_IL_top_10_video_2025-08-14_220927_early_stop/xgboost_I_vs_T_2025-08-14_220927_seed42_early_stop.pkl,"{'colsample_bytree': 0.8, 'device': 'cpu', 'learning_rate': 0.05, 'max_depth': 4, 'n_estimators': 1000, 'reg_lambda': 1, 'subsample': 1.0}",2025-08-14_220927
XGBoost,I_vs_T,42,True,2,0.9230769230769231,0.7777777777777778,experiment_results_statistical_IL_top_10_video_2025-08-14_220927_early_stop/xgboost_I_vs_T_2025-08-14_220927_seed42_early_stop.pkl,"{'colsample_bytree': 0.8, 'device': 'cpu', 'learning_rate': 0.05, 'max_depth': 4, 'n_estimators': 1000, 'reg_lambda': 1, 'subsample': 1.0}",2025-08-14_220927
XGBoost,I_vs_T,42,True,3,1.0,0.8888888888888888,experiment_results_statistical_IL_top_10_video_2025-08-14_220927_early_stop/xgboost_I_vs_T_2025-08-14_220927_seed42_early_stop.pkl,"{'colsample_bytree': 0.8, 'device': 'cpu', 'learning_rate': 0.05, 'max_depth': 4, 'n_estimators': 1000, 'reg_lambda': 1, 'subsample': 1.0}",2025-08-14_220927
XGBoost,I_vs_T,42,True,4,1.0,0.9523809523809523,experiment_results_statistical_IL_top_10_video_2025-08-14_220927_early_stop/xgboost_I_vs_T_2025-08-14_220927_seed42_early_stop.pkl,"{'colsample_bytree': 0.8, 'device': 'cpu', 'learning_rate': 0.05, 'max_depth': 4, 'n_estimators': 1000, 'reg_lambda': 1, 'subsample': 1.0}",2025-08-14_220927
XGBoost,I_vs_T,42,True,5,1.0,0.9682539682539683,experiment_results_statistical_IL_top_10_video_2025-08-14_220927_early_stop/xgboost_I_vs_T_2025-08-14_220927_seed42_early_stop.pkl,"{'colsample_bytree': 0.8, 'device': 'cpu', 'learning_rate': 0.05, 'max_depth': 4, 'n_estimators': 1000, 'reg_lambda': 1, 'subsample': 1.0}",2025-08-14_220927
CatBoost,I_vs_T,42,True,1,0.8307692307692308,0.47619047619047616,experiment_results_statistical_IL_top_10_video_2025-08-14_220927_early_stop/catboost_I_vs_T_2025-08-14_220927_seed42_early_stop.pkl,"{'border_count': 32, 'depth': 8, 'iterations': 1000, 'l2_leaf_reg': 1, 'learning_rate': 0.05}",2025-08-14_220927
CatBoost,I_vs_T,42,True,2,0.9230769230769231,0.8412698412698413,experiment_results_statistical_IL_top_10_video_2025-08-14_220927_early_stop/catboost_I_vs_T_2025-08-14_220927_seed42_early_stop.pkl,"{'border_count': 32, 'depth': 8, 'iterations': 1000, 'l2_leaf_reg': 1, 'learning_rate': 0.05}",2025-08-14_220927
CatBoost,I_vs_T,42,True,3,1.0,0.9841269841269841,experiment_results_statistical_IL_top_10_video_2025-08-14_220927_early_stop/catboost_I_vs_T_2025-08-14_220927_seed42_early_stop.pkl,"{'border_count': 32, 'depth': 8, 'iterations': 1000, 'l2_leaf_reg': 1, 'learning_rate': 0.05}",2025-08-14_220927
CatBoost,I_vs_T,42,True,4,1.0,1.0,experiment_results_statistical_IL_top_10_video_2025-08-14_220927_early_stop/catboost_I_vs_T_2025-08-14_220927_seed42_early_stop.pkl,"{'border_count': 32, 'depth': 8, 'iterations': 1000, 'l2_leaf_reg': 1, 'learning_rate': 0.05}",2025-08-14_220927
CatBoost,I_vs_T,42,True,5,1.0,1.0,experiment_results_statistical_IL_top_10_video_2025-08-14_220927_early_stop/catboost_I_vs_T_2025-08-14_220927_seed42_early_stop.pkl,"{'border_count': 32, 'depth': 8, 'iterations': 1000, 'l2_leaf_reg': 1, 'learning_rate': 0.05}",2025-08-14_220927
SVM,I_vs_T,42,True,1,0.6923076923076923,0.49206349206349204,experiment_results_statistical_IL_top_10_video_2025-08-14_220927_early_stop/svm_I_vs_T_2025-08-14_220927_seed42_early_stop.pkl,"{'C': 10, 'decision_function_shape': 'ovo', 'gamma': 'scale', 'kernel': 'rbf'}",2025-08-14_220927
SVM,I_vs_T,42,True,2,0.9076923076923077,0.7301587301587301,experiment_results_statistical_IL_top_10_video_2025-08-14_220927_early_stop/svm_I_vs_T_2025-08-14_220927_seed42_early_stop.pkl,"{'C': 10, 'decision_function_shape': 'ovo', 'gamma': 'scale', 'kernel': 'rbf'}",2025-08-14_220927
SVM,I_vs_T,42,True,3,1.0,0.9047619047619048,experiment_results_statistical_IL_top_10_video_2025-08-14_220927_early_stop/svm_I_vs_T_2025-08-14_220927_seed42_early_stop.pkl,"{'C': 10, 'decision_function_shape': 'ovo', 'gamma': 'scale', 'kernel': 'rbf'}",2025-08-14_220927
SVM,I_vs_T,42,True,4,1.0,0.9523809523809523,experiment_results_statistical_IL_top_10_video_2025-08-14_220927_early_stop/svm_I_vs_T_2025-08-14_220927_seed42_early_stop.pkl,"{'C': 10, 'decision_function_shape': 'ovo', 'gamma': 'scale', 'kernel': 'rbf'}",2025-08-14_220927
SVM,I_vs_T,42,True,5,1.0,0.9841269841269841,experiment_results_statistical_IL_top_10_video_2025-08-14_220927_early_stop/svm_I_vs_T_2025-08-14_220927_seed42_early_stop.pkl,"{'C': 10, 'decision_function_shape': 'ovo', 'gamma': 'scale', 'kernel': 'rbf'}",2025-08-14_220927
MLP,I_vs_T,42,True,1,0.09230769230769231,0.09523809523809523,experiment_results_statistical_IL_top_10_video_2025-08-14_220927_early_stop/mlp_I_vs_T_2025-08-14_220927_seed42_early_stop.pkl,"{'activation': 'relu', 'alpha': 0.0001, 'batch_size': 36, 'early_stopping': True, 'hidden_layer_sizes': [50], 'learning_rate': 'constant', 'learning_rate_init': 0.001, 'max_iter': 2000, 'solver': 'adam'}",2025-08-14_220927
MLP,I_vs_T,42,True,2,0.16923076923076924,0.1746031746031746,experiment_results_statistical_IL_top_10_video_2025-08-14_220927_early_stop/mlp_I_vs_T_2025-08-14_220927_seed42_early_stop.pkl,"{'activation': 'relu', 'alpha': 0.0001, 'batch_size': 36, 'early_stopping': True, 'hidden_layer_sizes': [50], 'learning_rate': 'constant', 'learning_rate_init': 0.001, 'max_iter': 2000, 'solver': 'adam'}",2025-08-14_220927
MLP,I_vs_T,42,True,3,0.26153846153846155,0.23809523809523808,experiment_results_statistical_IL_top_10_video_2025-08-14_220927_early_stop/mlp_I_vs_T_2025-08-14_220927_seed42_early_stop.pkl,"{'activation': 'relu', 'alpha': 0.0001, 'batch_size': 36, 'early_stopping': True, 'hidden_layer_sizes': [50], 'learning_rate': 'constant', 'learning_rate_init': 0.001, 'max_iter': 2000, 'solver': 'adam'}",2025-08-14_220927
MLP,I_vs_T,42,True,4,0.35384615384615387,0.3333333333333333,experiment_results_statistical_IL_top_10_video_2025-08-14_220927_early_stop/mlp_I_vs_T_2025-08-14_220927_seed42_early_stop.pkl,"{'activation': 'relu', 'alpha': 0.0001, 'batch_size': 36, 'early_stopping': True, 'hidden_layer_sizes': [50], 'learning_rate': 'constant', 'learning_rate_init': 0.001, 'max_iter': 2000, 'solver': 'adam'}",2025-08-14_220927
MLP,I_vs_T,42,True,5,0.4461538461538462,0.42857142857142855,experiment_results_statistical_IL_top_10_video_2025-08-14_220927_early_stop/mlp_I_vs_T_2025-08-14_220927_seed42_early_stop.pkl,"{'activation': 'relu', 'alpha': 0.0001, 'batch_size': 36, 'early_stopping': True, 'hidden_layer_sizes': [50], 'learning_rate': 'constant', 'learning_rate_init': 0.001, 'max_iter': 2000, 'solver': 'adam'}",2025-08-14_220927
NaiveBayes,I_vs_T,42,True,1,0.8307692307692308,0.4603174603174603,experiment_results_statistical_IL_top_10_video_2025-08-14_220927_early_stop/naivebayes_I_vs_T_2025-08-14_220927_seed42_early_stop.pkl,"{'priors': None, 'var_smoothing': 1e-09}",2025-08-14_220927
NaiveBayes,I_vs_T,42,True,2,0.9230769230769231,0.6825396825396826,experiment_results_statistical_IL_top_10_video_2025-08-14_220927_early_stop/naivebayes_I_vs_T_2025-08-14_220927_seed42_early_stop.pkl,"{'priors': None, 'var_smoothing': 1e-09}",2025-08-14_220927
NaiveBayes,I_vs_T,42,True,3,1.0,0.7936507936507936,experiment_results_statistical_IL_top_10_video_2025-08-14_220927_early_stop/naivebayes_I_vs_T_2025-08-14_220927_seed42_early_stop.pkl,"{'priors': None, 'var_smoothing': 1e-09}",2025-08-14_220927
NaiveBayes,I_vs_T,42,True,4,1.0,0.8571428571428571,experiment_results_statistical_IL_top_10_video_2025-08-14_220927_early_stop/naivebayes_I_vs_T_2025-08-14_220927_seed42_early_stop.pkl,"{'priors': None, 'var_smoothing': 1e-09}",2025-08-14_220927
NaiveBayes,I_vs_T,42,True,5,1.0,0.9365079365079365,experiment_results_statistical_IL_top_10_video_2025-08-14_220927_early_stop/naivebayes_I_vs_T_2025-08-14_220927_seed42_early_stop.pkl,"{'priors': None, 'var_smoothing': 1e-09}",2025-08-14_220927
LightGBM,I_vs_T,42,True,1,0.8307692307692308,0.5238095238095238,experiment_results_statistical_IL_top_10_video_2025-08-14_220927_early_stop/lightgbm_I_vs_T_2025-08-14_220927_seed42_early_stop.pkl,"{'boosting_type': 'gbdt', 'class_weight': None, 'colsample_bytree': 1.0, 'importance_type': 'split', 'learning_rate': 0.1, 'max_depth': -1, 'min_child_samples': 20, 'min_child_weight': 0.001, 'min_split_gain': 0.0, 'n_estimators': 100, 'n_jobs': -1, 'num_leaves': 31, 'objective': None, 'random_state': 42, 'reg_alpha': 0.0, 'reg_lambda': 0.0, 'subsample': 1.0, 'subsample_for_bin': 200000, 'subsample_freq': 0, 'verbose': -1}",2025-08-14_220927
LightGBM,I_vs_T,42,True,2,0.9230769230769231,0.7777777777777778,experiment_results_statistical_IL_top_10_video_2025-08-14_220927_early_stop/lightgbm_I_vs_T_2025-08-14_220927_seed42_early_stop.pkl,"{'boosting_type': 'gbdt', 'class_weight': None, 'colsample_bytree': 1.0, 'importance_type': 'split', 'learning_rate': 0.1, 'max_depth': -1, 'min_child_samples': 20, 'min_child_weight': 0.001, 'min_split_gain': 0.0, 'n_estimators': 100, 'n_jobs': -1, 'num_leaves': 31, 'objective': None, 'random_state': 42, 'reg_alpha': 0.0, 'reg_lambda': 0.0, 'subsample': 1.0, 'subsample_for_bin': 200000, 'subsample_freq': 0, 'verbose': -1}",2025-08-14_220927
LightGBM,I_vs_T,42,True,3,1.0,0.873015873015873,experiment_results_statistical_IL_top_10_video_2025-08-14_220927_early_stop/lightgbm_I_vs_T_2025-08-14_220927_seed42_early_stop.pkl,"{'boosting_type': 'gbdt', 'class_weight': None, 'colsample_bytree': 1.0, 'importance_type': 'split', 'learning_rate': 0.1, 'max_depth': -1, 'min_child_samples': 20, 'min_child_weight': 0.001, 'min_split_gain': 0.0, 'n_estimators': 100, 'n_jobs': -1, 'num_leaves': 31, 'objective': None, 'random_state': 42, 'reg_alpha': 0.0, 'reg_lambda': 0.0, 'subsample': 1.0, 'subsample_for_bin': 200000, 'subsample_freq': 0, 'verbose': -1}",2025-08-14_220927
LightGBM,I_vs_T,42,True,4,1.0,0.9047619047619048,experiment_results_statistical_IL_top_10_video_2025-08-14_220927_early_stop/lightgbm_I_vs_T_2025-08-14_220927_seed42_early_stop.pkl,"{'boosting_type': 'gbdt', 'class_weight': None, 'colsample_bytree': 1.0, 'importance_type': 'split', 'learning_rate': 0.1, 'max_depth': -1, 'min_child_samples': 20, 'min_child_weight': 0.001, 'min_split_gain': 0.0, 'n_estimators': 100, 'n_jobs': -1, 'num_leaves': 31, 'objective': None, 'random_state': 42, 'reg_alpha': 0.0, 'reg_lambda': 0.0, 'subsample': 1.0, 'subsample_for_bin': 200000, 'subsample_freq': 0, 'verbose': -1}",2025-08-14_220927
LightGBM,I_vs_T,42,True,5,1.0,0.9523809523809523,experiment_results_statistical_IL_top_10_video_2025-08-14_220927_early_stop/lightgbm_I_vs_T_2025-08-14_220927_seed42_early_stop.pkl,"{'boosting_type': 'gbdt', 'class_weight': None, 'colsample_bytree': 1.0, 'importance_type': 'split', 'learning_rate': 0.1, 'max_depth': -1, 'min_child_samples': 20, 'min_child_weight': 0.001, 'min_split_gain': 0.0, 'n_estimators': 100, 'n_jobs': -1, 'num_leaves': 31, 'objective': None, 'random_state': 42, 'reg_alpha': 0.0, 'reg_lambda': 0.0, 'subsample': 1.0, 'subsample_for_bin': 200000, 'subsample_freq': 0, 'verbose': -1}",2025-08-14_220927
ExtraTrees,I_vs_T,42,True,1,0.8307692307692308,0.5396825396825397,experiment_results_statistical_IL_top_10_video_2025-08-14_220927_early_stop/extratrees_I_vs_T_2025-08-14_220927_seed42_early_stop.pkl,"{'bootstrap': False, 'ccp_alpha': 0.0, 'class_weight': None, 'criterion': 'gini', 'max_depth': None, 'max_features': 'sqrt', 'max_leaf_nodes': None, 'max_samples': None, 'min_impurity_decrease': 0.0, 'min_samples_leaf': 1, 'min_samples_split': 2, 'min_weight_fraction_leaf': 0.0, 'monotonic_cst': None, 'n_estimators': 100, 'n_jobs': -1, 'oob_score': False, 'random_state': 42, 'verbose': 0, 'warm_start': False}",2025-08-14_220927
ExtraTrees,I_vs_T,42,True,2,0.9230769230769231,0.8412698412698413,experiment_results_statistical_IL_top_10_video_2025-08-14_220927_early_stop/extratrees_I_vs_T_2025-08-14_220927_seed42_early_stop.pkl,"{'bootstrap': False, 'ccp_alpha': 0.0, 'class_weight': None, 'criterion': 'gini', 'max_depth': None, 'max_features': 'sqrt', 'max_leaf_nodes': None, 'max_samples': None, 'min_impurity_decrease': 0.0, 'min_samples_leaf': 1, 'min_samples_split': 2, 'min_weight_fraction_leaf': 0.0, 'monotonic_cst': None, 'n_estimators': 100, 'n_jobs': -1, 'oob_score': False, 'random_state': 42, 'verbose': 0, 'warm_start': False}",2025-08-14_220927
ExtraTrees,I_vs_T,42,True,3,1.0,0.9841269841269841,experiment_results_statistical_IL_top_10_video_2025-08-14_220927_early_stop/extratrees_I_vs_T_2025-08-14_220927_seed42_early_stop.pkl,"{'bootstrap': False, 'ccp_alpha': 0.0, 'class_weight': None, 'criterion': 'gini', 'max_depth': None, 'max_features': 'sqrt', 'max_leaf_nodes': None, 'max_samples': None, 'min_impurity_decrease': 0.0, 'min_samples_leaf': 1, 'min_samples_split': 2, 'min_weight_fraction_leaf': 0.0, 'monotonic_cst': None, 'n_estimators': 100, 'n_jobs': -1, 'oob_score': False, 'random_state': 42, 'verbose': 0, 'warm_start': False}",2025-08-14_220927
ExtraTrees,I_vs_T,42,True,4,1.0,1.0,experiment_results_statistical_IL_top_10_video_2025-08-14_220927_early_stop/extratrees_I_vs_T_2025-08-14_220927_seed42_early_stop.pkl,"{'bootstrap': False, 'ccp_alpha': 0.0, 'class_weight': None, 'criterion': 'gini', 'max_depth': None, 'max_features': 'sqrt', 'max_leaf_nodes': None, 'max_samples': None, 'min_impurity_decrease': 0.0, 'min_samples_leaf': 1, 'min_samples_split': 2, 'min_weight_fraction_leaf': 0.0, 'monotonic_cst': None, 'n_estimators': 100, 'n_jobs': -1, 'oob_score': False, 'random_state': 42, 'verbose': 0, 'warm_start': False}",2025-08-14_220927
ExtraTrees,I_vs_T,42,True,5,1.0,1.0,experiment_results_statistical_IL_top_10_video_2025-08-14_220927_early_stop/extratrees_I_vs_T_2025-08-14_220927_seed42_early_stop.pkl,"{'bootstrap': False, 'ccp_alpha': 0.0, 'class_weight': None, 'criterion': 'gini', 'max_depth': None, 'max_features': 'sqrt', 'max_leaf_nodes': None, 'max_samples': None, 'min_impurity_decrease': 0.0, 'min_samples_leaf': 1, 'min_samples_split': 2, 'min_weight_fraction_leaf': 0.0, 'monotonic_cst': None, 'n_estimators': 100, 'n_jobs': -1, 'oob_score': False, 'random_state': 42, 'verbose': 0, 'warm_start': False}",2025-08-14_220927
GradientBoosting,I_vs_T,42,True,1,0.8307692307692308,0.4444444444444444,experiment_results_statistical_IL_top_10_video_2025-08-14_220927_early_stop/gradientboosting_I_vs_T_2025-08-14_220927_seed42_early_stop.pkl,"{'ccp_alpha': 0.0, 'criterion': 'friedman_mse', 'init': None, 'learning_rate': 0.1, 'loss': 'log_loss', 'max_depth': 3, 'max_features': None, 'max_leaf_nodes': None, 'min_impurity_decrease': 0.0, 'min_samples_leaf': 1, 'min_samples_split': 2, 'min_weight_fraction_leaf': 0.0, 'n_estimators': 100, 'n_iter_no_change': None, 'random_state': 42, 'subsample': 1.0, 'tol': 0.0001, 'validation_fraction': 0.1, 'verbose': 0, 'warm_start': False}",2025-08-14_220927
GradientBoosting,I_vs_T,42,True,2,0.9230769230769231,0.6825396825396826,experiment_results_statistical_IL_top_10_video_2025-08-14_220927_early_stop/gradientboosting_I_vs_T_2025-08-14_220927_seed42_early_stop.pkl,"{'ccp_alpha': 0.0, 'criterion': 'friedman_mse', 'init': None, 'learning_rate': 0.1, 'loss': 'log_loss', 'max_depth': 3, 'max_features': None, 'max_leaf_nodes': None, 'min_impurity_decrease': 0.0, 'min_samples_leaf': 1, 'min_samples_split': 2, 'min_weight_fraction_leaf': 0.0, 'n_estimators': 100, 'n_iter_no_change': None, 'random_state': 42, 'subsample': 1.0, 'tol': 0.0001, 'validation_fraction': 0.1, 'verbose': 0, 'warm_start': False}",2025-08-14_220927
GradientBoosting,I_vs_T,42,True,3,1.0,0.8253968253968254,experiment_results_statistical_IL_top_10_video_2025-08-14_220927_early_stop/gradientboosting_I_vs_T_2025-08-14_220927_seed42_early_stop.pkl,"{'ccp_alpha': 0.0, 'criterion': 'friedman_mse', 'init': None, 'learning_rate': 0.1, 'loss': 'log_loss', 'max_depth': 3, 'max_features': None, 'max_leaf_nodes': None, 'min_impurity_decrease': 0.0, 'min_samples_leaf': 1, 'min_samples_split': 2, 'min_weight_fraction_leaf': 0.0, 'n_estimators': 100, 'n_iter_no_change': None, 'random_state': 42, 'subsample': 1.0, 'tol': 0.0001, 'validation_fraction': 0.1, 'verbose': 0, 'warm_start': False}",2025-08-14_220927
GradientBoosting,I_vs_T,42,True,4,1.0,0.873015873015873,experiment_results_statistical_IL_top_10_video_2025-08-14_220927_early_stop/gradientboosting_I_vs_T_2025-08-14_220927_seed42_early_stop.pkl,"{'ccp_alpha': 0.0, 'criterion': 'friedman_mse', 'init': None, 'learning_rate': 0.1, 'loss': 'log_loss', 'max_depth': 3, 'max_features': None, 'max_leaf_nodes': None, 'min_impurity_decrease': 0.0, 'min_samples_leaf': 1, 'min_samples_split': 2, 'min_weight_fraction_leaf': 0.0, 'n_estimators': 100, 'n_iter_no_change': None, 'random_state': 42, 'subsample': 1.0, 'tol': 0.0001, 'validation_fraction': 0.1, 'verbose': 0, 'warm_start': False}",2025-08-14_220927
GradientBoosting,I_vs_T,42,True,5,1.0,0.873015873015873,experiment_results_statistical_IL_top_10_video_2025-08-14_220927_early_stop/gradientboosting_I_vs_T_2025-08-14_220927_seed42_early_stop.pkl,"{'ccp_alpha': 0.0, 'criterion': 'friedman_mse', 'init': None, 'learning_rate': 0.1, 'loss': 'log_loss', 'max_depth': 3, 'max_features': None, 'max_leaf_nodes': None, 'min_impurity_decrease': 0.0, 'min_samples_leaf': 1, 'min_samples_split': 2, 'min_weight_fraction_leaf': 0.0, 'n_estimators': 100, 'n_iter_no_change': None, 'random_state': 42, 'subsample': 1.0, 'tol': 0.0001, 'validation_fraction': 0.1, 'verbose': 0, 'warm_start': False}",2025-08-14_220927
KNN,I_vs_T,42,True,1,0.47692307692307695,0.36507936507936506,experiment_results_statistical_IL_top_10_video_2025-08-14_220927_early_stop/knn_I_vs_T_2025-08-14_220927_seed42_early_stop.pkl,"{'algorithm': 'auto', 'leaf_size': 30, 'metric': 'minkowski', 'metric_params': None, 'n_jobs': -1, 'n_neighbors': 5, 'p': 2, 'weights': 'uniform'}",2025-08-14_220927
KNN,I_vs_T,42,True,2,0.7384615384615385,0.6507936507936508,experiment_results_statistical_IL_top_10_video_2025-08-14_220927_early_stop/knn_I_vs_T_2025-08-14_220927_seed42_early_stop.pkl,"{'algorithm': 'auto', 'leaf_size': 30, 'metric': 'minkowski', 'metric_params': None, 'n_jobs': -1, 'n_neighbors': 5, 'p': 2, 'weights': 'uniform'}",2025-08-14_220927
KNN,I_vs_T,42,True,3,0.8769230769230769,0.6984126984126984,experiment_results_statistical_IL_top_10_video_2025-08-14_220927_early_stop/knn_I_vs_T_2025-08-14_220927_seed42_early_stop.pkl,"{'algorithm': 'auto', 'leaf_size': 30, 'metric': 'minkowski', 'metric_params': None, 'n_jobs': -1, 'n_neighbors': 5, 'p': 2, 'weights': 'uniform'}",2025-08-14_220927
KNN,I_vs_T,42,True,4,0.9076923076923077,0.7619047619047619,experiment_results_statistical_IL_top_10_video_2025-08-14_220927_early_stop/knn_I_vs_T_2025-08-14_220927_seed42_early_stop.pkl,"{'algorithm': 'auto', 'leaf_size': 30, 'metric': 'minkowski', 'metric_params': None, 'n_jobs': -1, 'n_neighbors': 5, 'p': 2, 'weights': 'uniform'}",2025-08-14_220927
KNN,I_vs_T,42,True,5,0.9076923076923077,0.8095238095238095,experiment_results_statistical_IL_top_10_video_2025-08-14_220927_early_stop/knn_I_vs_T_2025-08-14_220927_seed42_early_stop.pkl,"{'algorithm': 'auto', 'leaf_size': 30, 'metric': 'minkowski', 'metric_params': None, 'n_jobs': -1, 'n_neighbors': 5, 'p': 2, 'weights': 'uniform'}",2025-08-14_220927
LogisticRegression,I_vs_T,42,True,1,0.36923076923076925,0.19047619047619047,experiment_results_statistical_IL_top_10_video_2025-08-14_220927_early_stop/logisticregression_I_vs_T_2025-08-14_220927_seed42_early_stop.pkl,"{'C': 1.0, 'class_weight': None, 'dual': False, 'fit_intercept': True, 'intercept_scaling': 1, 'l1_ratio': None, 'max_iter': 100, 'multi_class': 'deprecated', 'n_jobs': -1, 'penalty': 'l2', 'random_state': 42, 'solver': 'lbfgs', 'tol': 0.0001, 'verbose': 0, 'warm_start': False}",2025-08-14_220927
LogisticRegression,I_vs_T,42,True,2,0.6307692307692307,0.42857142857142855,experiment_results_statistical_IL_top_10_video_2025-08-14_220927_early_stop/logisticregression_I_vs_T_2025-08-14_220927_seed42_early_stop.pkl,"{'C': 1.0, 'class_weight': None, 'dual': False, 'fit_intercept': True, 'intercept_scaling': 1, 'l1_ratio': None, 'max_iter': 100, 'multi_class': 'deprecated', 'n_jobs': -1, 'penalty': 'l2', 'random_state': 42, 'solver': 'lbfgs', 'tol': 0.0001, 'verbose': 0, 'warm_start': False}",2025-08-14_220927
LogisticRegression,I_vs_T,42,True,3,0.8,0.5396825396825397,experiment_results_statistical_IL_top_10_video_2025-08-14_220927_early_stop/logisticregression_I_vs_T_2025-08-14_220927_seed42_early_stop.pkl,"{'C': 1.0, 'class_weight': None, 'dual': False, 'fit_intercept': True, 'intercept_scaling': 1, 'l1_ratio': None, 'max_iter': 100, 'multi_class': 'deprecated', 'n_jobs': -1, 'penalty': 'l2', 'random_state': 42, 'solver': 'lbfgs', 'tol': 0.0001, 'verbose': 0, 'warm_start': False}",2025-08-14_220927
LogisticRegression,I_vs_T,42,True,4,0.8923076923076924,0.6984126984126984,experiment_results_statistical_IL_top_10_video_2025-08-14_220927_early_stop/logisticregression_I_vs_T_2025-08-14_220927_seed42_early_stop.pkl,"{'C': 1.0, 'class_weight': None, 'dual': False, 'fit_intercept': True, 'intercept_scaling': 1, 'l1_ratio': None, 'max_iter': 100, 'multi_class': 'deprecated', 'n_jobs': -1, 'penalty': 'l2', 'random_state': 42, 'solver': 'lbfgs', 'tol': 0.0001, 'verbose': 0, 'warm_start': False}",2025-08-14_220927
LogisticRegression,I_vs_T,42,True,5,0.9076923076923077,0.7301587301587301,experiment_results_statistical_IL_top_10_video_2025-08-14_220927_early_stop/logisticregression_I_vs_T_2025-08-14_220927_seed42_early_stop.pkl,"{'C': 1.0, 'class_weight': None, 'dual': False, 'fit_intercept': True, 'intercept_scaling': 1, 'l1_ratio': None, 'max_iter': 100, 'multi_class': 'deprecated', 'n_jobs': -1, 'penalty': 'l2', 'random_state': 42, 'solver': 'lbfgs', 'tol': 0.0001, 'verbose': 0, 'warm_start': False}",2025-08-14_220927
RandomForest,I_vs_T,123,True,1,0.8307692307692308,0.5238095238095238,experiment_results_statistical_IL_top_10_video_2025-08-14_220927_early_stop/randomforest_I_vs_T_2025-08-14_220927_seed123_early_stop.pkl,"{'bootstrap': True, 'max_depth': 10, 'max_features': 'log2', 'min_samples_leaf': 1, 'min_samples_split': 10, 'n_estimators': 500}",2025-08-14_220927
RandomForest,I_vs_T,123,True,2,0.9230769230769231,0.873015873015873,experiment_results_statistical_IL_top_10_video_2025-08-14_220927_early_stop/randomforest_I_vs_T_2025-08-14_220927_seed123_early_stop.pkl,"{'bootstrap': True, 'max_depth': 10, 'max_features': 'log2', 'min_samples_leaf': 1, 'min_samples_split': 10, 'n_estimators': 500}",2025-08-14_220927
RandomForest,I_vs_T,123,True,3,1.0,0.9841269841269841,experiment_results_statistical_IL_top_10_video_2025-08-14_220927_early_stop/randomforest_I_vs_T_2025-08-14_220927_seed123_early_stop.pkl,"{'bootstrap': True, 'max_depth': 10, 'max_features': 'log2', 'min_samples_leaf': 1, 'min_samples_split': 10, 'n_estimators': 500}",2025-08-14_220927
RandomForest,I_vs_T,123,True,4,1.0,1.0,experiment_results_statistical_IL_top_10_video_2025-08-14_220927_early_stop/randomforest_I_vs_T_2025-08-14_220927_seed123_early_stop.pkl,"{'bootstrap': True, 'max_depth': 10, 'max_features': 'log2', 'min_samples_leaf': 1, 'min_samples_split': 10, 'n_estimators': 500}",2025-08-14_220927
RandomForest,I_vs_T,123,True,5,1.0,1.0,experiment_results_statistical_IL_top_10_video_2025-08-14_220927_early_stop/randomforest_I_vs_T_2025-08-14_220927_seed123_early_stop.pkl,"{'bootstrap': True, 'max_depth': 10, 'max_features': 'log2', 'min_samples_leaf': 1, 'min_samples_split': 10, 'n_estimators': 500}",2025-08-14_220927
XGBoost,I_vs_T,123,True,1,0.8307692307692308,0.5238095238095238,experiment_results_statistical_IL_top_10_video_2025-08-14_220927_early_stop/xgboost_I_vs_T_2025-08-14_220927_seed123_early_stop.pkl,"{'colsample_bytree': 0.8, 'device': 'cpu', 'learning_rate': 0.05, 'max_depth': 4, 'n_estimators': 1000, 'reg_lambda': 3, 'subsample': 0.8}",2025-08-14_220927
XGBoost,I_vs_T,123,True,2,0.9230769230769231,0.8095238095238095,experiment_results_statistical_IL_top_10_video_2025-08-14_220927_early_stop/xgboost_I_vs_T_2025-08-14_220927_seed123_early_stop.pkl,"{'colsample_bytree': 0.8, 'device': 'cpu', 'learning_rate': 0.05, 'max_depth': 4, 'n_estimators': 1000, 'reg_lambda': 3, 'subsample': 0.8}",2025-08-14_220927
XGBoost,I_vs_T,123,True,3,1.0,0.9523809523809523,experiment_results_statistical_IL_top_10_video_2025-08-14_220927_early_stop/xgboost_I_vs_T_2025-08-14_220927_seed123_early_stop.pkl,"{'colsample_bytree': 0.8, 'device': 'cpu', 'learning_rate': 0.05, 'max_depth': 4, 'n_estimators': 1000, 'reg_lambda': 3, 'subsample': 0.8}",2025-08-14_220927
XGBoost,I_vs_T,123,True,4,1.0,0.9682539682539683,experiment_results_statistical_IL_top_10_video_2025-08-14_220927_early_stop/xgboost_I_vs_T_2025-08-14_220927_seed123_early_stop.pkl,"{'colsample_bytree': 0.8, 'device': 'cpu', 'learning_rate': 0.05, 'max_depth': 4, 'n_estimators': 1000, 'reg_lambda': 3, 'subsample': 0.8}",2025-08-14_220927
XGBoost,I_vs_T,123,True,5,1.0,0.9841269841269841,experiment_results_statistical_IL_top_10_video_2025-08-14_220927_early_stop/xgboost_I_vs_T_2025-08-14_220927_seed123_early_stop.pkl,"{'colsample_bytree': 0.8, 'device': 'cpu', 'learning_rate': 0.05, 'max_depth': 4, 'n_estimators': 1000, 'reg_lambda': 3, 'subsample': 0.8}",2025-08-14_220927
CatBoost,I_vs_T,123,True,1,0.8307692307692308,0.49206349206349204,experiment_results_statistical_IL_top_10_video_2025-08-14_220927_early_stop/catboost_I_vs_T_2025-08-14_220927_seed123_early_stop.pkl,"{'border_count': 32, 'depth': 6, 'iterations': 1000, 'l2_leaf_reg': 1, 'learning_rate': 0.1}",2025-08-14_220927
CatBoost,I_vs_T,123,True,2,0.9230769230769231,0.8571428571428571,experiment_results_statistical_IL_top_10_video_2025-08-14_220927_early_stop/catboost_I_vs_T_2025-08-14_220927_seed123_early_stop.pkl,"{'border_count': 32, 'depth': 6, 'iterations': 1000, 'l2_leaf_reg': 1, 'learning_rate': 0.1}",2025-08-14_220927
CatBoost,I_vs_T,123,True,3,1.0,0.9682539682539683,experiment_results_statistical_IL_top_10_video_2025-08-14_220927_early_stop/catboost_I_vs_T_2025-08-14_220927_seed123_early_stop.pkl,"{'border_count': 32, 'depth': 6, 'iterations': 1000, 'l2_leaf_reg': 1, 'learning_rate': 0.1}",2025-08-14_220927
CatBoost,I_vs_T,123,True,4,1.0,0.9841269841269841,experiment_results_statistical_IL_top_10_video_2025-08-14_220927_early_stop/catboost_I_vs_T_2025-08-14_220927_seed123_early_stop.pkl,"{'border_count': 32, 'depth': 6, 'iterations': 1000, 'l2_leaf_reg': 1, 'learning_rate': 0.1}",2025-08-14_220927
CatBoost,I_vs_T,123,True,5,1.0,1.0,experiment_results_statistical_IL_top_10_video_2025-08-14_220927_early_stop/catboost_I_vs_T_2025-08-14_220927_seed123_early_stop.pkl,"{'border_count': 32, 'depth': 6, 'iterations': 1000, 'l2_leaf_reg': 1, 'learning_rate': 0.1}",2025-08-14_220927
SVM,I_vs_T,123,True,1,0.676923076923077,0.4444444444444444,experiment_results_statistical_IL_top_10_video_2025-08-14_220927_early_stop/svm_I_vs_T_2025-08-14_220927_seed123_early_stop.pkl,"{'C': 10, 'decision_function_shape': 'ovo', 'gamma': 'scale', 'kernel': 'rbf'}",2025-08-14_220927
SVM,I_vs_T,123,True,2,0.8307692307692308,0.6666666666666666,experiment_results_statistical_IL_top_10_video_2025-08-14_220927_early_stop/svm_I_vs_T_2025-08-14_220927_seed123_early_stop.pkl,"{'C': 10, 'decision_function_shape': 'ovo', 'gamma': 'scale', 'kernel': 'rbf'}",2025-08-14_220927
SVM,I_vs_T,123,True,3,1.0,0.9047619047619048,experiment_results_statistical_IL_top_10_video_2025-08-14_220927_early_stop/svm_I_vs_T_2025-08-14_220927_seed123_early_stop.pkl,"{'C': 10, 'decision_function_shape': 'ovo', 'gamma': 'scale', 'kernel': 'rbf'}",2025-08-14_220927
SVM,I_vs_T,123,True,4,1.0,0.9365079365079365,experiment_results_statistical_IL_top_10_video_2025-08-14_220927_early_stop/svm_I_vs_T_2025-08-14_220927_seed123_early_stop.pkl,"{'C': 10, 'decision_function_shape': 'ovo', 'gamma': 'scale', 'kernel': 'rbf'}",2025-08-14_220927
SVM,I_vs_T,123,True,5,1.0,0.9841269841269841,experiment_results_statistical_IL_top_10_video_2025-08-14_220927_early_stop/svm_I_vs_T_2025-08-14_220927_seed123_early_stop.pkl,"{'C': 10, 'decision_function_shape': 'ovo', 'gamma': 'scale', 'kernel': 'rbf'}",2025-08-14_220927
MLP,I_vs_T,123,True,1,0.09230769230769231,0.06349206349206349,experiment_results_statistical_IL_top_10_video_2025-08-14_220927_early_stop/mlp_I_vs_T_2025-08-14_220927_seed123_early_stop.pkl,"{'activation': 'relu', 'alpha': 0.0001, 'batch_size': 36, 'early_stopping': True, 'hidden_layer_sizes': [50], 'learning_rate': 'constant', 'learning_rate_init': 0.001, 'max_iter': 2000, 'solver': 'adam'}",2025-08-14_220927
MLP,I_vs_T,123,True,2,0.18461538461538463,0.15873015873015872,experiment_results_statistical_IL_top_10_video_2025-08-14_220927_early_stop/mlp_I_vs_T_2025-08-14_220927_seed123_early_stop.pkl,"{'activation': 'relu', 'alpha': 0.0001, 'batch_size': 36, 'early_stopping': True, 'hidden_layer_sizes': [50], 'learning_rate': 'constant', 'learning_rate_init': 0.001, 'max_iter': 2000, 'solver': 'adam'}",2025-08-14_220927
MLP,I_vs_T,123,True,3,0.27692307692307694,0.25396825396825395,experiment_results_statistical_IL_top_10_video_2025-08-14_220927_early_stop/mlp_I_vs_T_2025-08-14_220927_seed123_early_stop.pkl,"{'activation': 'relu', 'alpha': 0.0001, 'batch_size': 36, 'early_stopping': True, 'hidden_layer_sizes': [50], 'learning_rate': 'constant', 'learning_rate_init': 0.001, 'max_iter': 2000, 'solver': 'adam'}",2025-08-14_220927
MLP,I_vs_T,123,True,4,0.36923076923076925,0.3492063492063492,experiment_results_statistical_IL_top_10_video_2025-08-14_220927_early_stop/mlp_I_vs_T_2025-08-14_220927_seed123_early_stop.pkl,"{'activation': 'relu', 'alpha': 0.0001, 'batch_size': 36, 'early_stopping': True, 'hidden_layer_sizes': [50], 'learning_rate': 'constant', 'learning_rate_init': 0.001, 'max_iter': 2000, 'solver': 'adam'}",2025-08-14_220927
MLP,I_vs_T,123,True,5,0.46153846153846156,0.4444444444444444,experiment_results_statistical_IL_top_10_video_2025-08-14_220927_early_stop/mlp_I_vs_T_2025-08-14_220927_seed123_early_stop.pkl,"{'activation': 'relu', 'alpha': 0.0001, 'batch_size': 36, 'early_stopping': True, 'hidden_layer_sizes': [50], 'learning_rate': 'constant', 'learning_rate_init': 0.001, 'max_iter': 2000, 'solver': 'adam'}",2025-08-14_220927
NaiveBayes,I_vs_T,123,True,1,0.8307692307692308,0.4603174603174603,experiment_results_statistical_IL_top_10_video_2025-08-14_220927_early_stop/naivebayes_I_vs_T_2025-08-14_220927_seed123_early_stop.pkl,"{'priors': None, 'var_smoothing': 1e-09}",2025-08-14_220927
NaiveBayes,I_vs_T,123,True,2,0.9230769230769231,0.6825396825396826,experiment_results_statistical_IL_top_10_video_2025-08-14_220927_early_stop/naivebayes_I_vs_T_2025-08-14_220927_seed123_early_stop.pkl,"{'priors': None, 'var_smoothing': 1e-09}",2025-08-14_220927
NaiveBayes,I_vs_T,123,True,3,1.0,0.7936507936507936,experiment_results_statistical_IL_top_10_video_2025-08-14_220927_early_stop/naivebayes_I_vs_T_2025-08-14_220927_seed123_early_stop.pkl,"{'priors': None, 'var_smoothing': 1e-09}",2025-08-14_220927
NaiveBayes,I_vs_T,123,True,4,1.0,0.8571428571428571,experiment_results_statistical_IL_top_10_video_2025-08-14_220927_early_stop/naivebayes_I_vs_T_2025-08-14_220927_seed123_early_stop.pkl,"{'priors': None, 'var_smoothing': 1e-09}",2025-08-14_220927
NaiveBayes,I_vs_T,123,True,5,1.0,0.9365079365079365,experiment_results_statistical_IL_top_10_video_2025-08-14_220927_early_stop/naivebayes_I_vs_T_2025-08-14_220927_seed123_early_stop.pkl,"{'priors': None, 'var_smoothing': 1e-09}",2025-08-14_220927
LightGBM,I_vs_T,123,True,1,0.8307692307692308,0.5238095238095238,experiment_results_statistical_IL_top_10_video_2025-08-14_220927_early_stop/lightgbm_I_vs_T_2025-08-14_220927_seed123_early_stop.pkl,"{'boosting_type': 'gbdt', 'class_weight': None, 'colsample_bytree': 1.0, 'importance_type': 'split', 'learning_rate': 0.1, 'max_depth': -1, 'min_child_samples': 20, 'min_child_weight': 0.001, 'min_split_gain': 0.0, 'n_estimators': 100, 'n_jobs': -1, 'num_leaves': 31, 'objective': None, 'random_state': 123, 'reg_alpha': 0.0, 'reg_lambda': 0.0, 'subsample': 1.0, 'subsample_for_bin': 200000, 'subsample_freq': 0, 'verbose': -1}",2025-08-14_220927
LightGBM,I_vs_T,123,True,2,0.9230769230769231,0.7777777777777778,experiment_results_statistical_IL_top_10_video_2025-08-14_220927_early_stop/lightgbm_I_vs_T_2025-08-14_220927_seed123_early_stop.pkl,"{'boosting_type': 'gbdt', 'class_weight': None, 'colsample_bytree': 1.0, 'importance_type': 'split', 'learning_rate': 0.1, 'max_depth': -1, 'min_child_samples': 20, 'min_child_weight': 0.001, 'min_split_gain': 0.0, 'n_estimators': 100, 'n_jobs': -1, 'num_leaves': 31, 'objective': None, 'random_state': 123, 'reg_alpha': 0.0, 'reg_lambda': 0.0, 'subsample': 1.0, 'subsample_for_bin': 200000, 'subsample_freq': 0, 'verbose': -1}",2025-08-14_220927
LightGBM,I_vs_T,123,True,3,1.0,0.873015873015873,experiment_results_statistical_IL_top_10_video_2025-08-14_220927_early_stop/lightgbm_I_vs_T_2025-08-14_220927_seed123_early_stop.pkl,"{'boosting_type': 'gbdt', 'class_weight': None, 'colsample_bytree': 1.0, 'importance_type': 'split', 'learning_rate': 0.1, 'max_depth': -1, 'min_child_samples': 20, 'min_child_weight': 0.001, 'min_split_gain': 0.0, 'n_estimators': 100, 'n_jobs': -1, 'num_leaves': 31, 'objective': None, 'random_state': 123, 'reg_alpha': 0.0, 'reg_lambda': 0.0, 'subsample': 1.0, 'subsample_for_bin': 200000, 'subsample_freq': 0, 'verbose': -1}",2025-08-14_220927
LightGBM,I_vs_T,123,True,4,1.0,0.9047619047619048,experiment_results_statistical_IL_top_10_video_2025-08-14_220927_early_stop/lightgbm_I_vs_T_2025-08-14_220927_seed123_early_stop.pkl,"{'boosting_type': 'gbdt', 'class_weight': None, 'colsample_bytree': 1.0, 'importance_type': 'split', 'learning_rate': 0.1, 'max_depth': -1, 'min_child_samples': 20, 'min_child_weight': 0.001, 'min_split_gain': 0.0, 'n_estimators': 100, 'n_jobs': -1, 'num_leaves': 31, 'objective': None, 'random_state': 123, 'reg_alpha': 0.0, 'reg_lambda': 0.0, 'subsample': 1.0, 'subsample_for_bin': 200000, 'subsample_freq': 0, 'verbose': -1}",2025-08-14_220927
LightGBM,I_vs_T,123,True,5,1.0,0.9523809523809523,experiment_results_statistical_IL_top_10_video_2025-08-14_220927_early_stop/lightgbm_I_vs_T_2025-08-14_220927_seed123_early_stop.pkl,"{'boosting_type': 'gbdt', 'class_weight': None, 'colsample_bytree': 1.0, 'importance_type': 'split', 'learning_rate': 0.1, 'max_depth': -1, 'min_child_samples': 20, 'min_child_weight': 0.001, 'min_split_gain': 0.0, 'n_estimators': 100, 'n_jobs': -1, 'num_leaves': 31, 'objective': None, 'random_state': 123, 'reg_alpha': 0.0, 'reg_lambda': 0.0, 'subsample': 1.0, 'subsample_for_bin': 200000, 'subsample_freq': 0, 'verbose': -1}",2025-08-14_220927
ExtraTrees,I_vs_T,123,True,1,0.8307692307692308,0.5714285714285714,experiment_results_statistical_IL_top_10_video_2025-08-14_220927_early_stop/extratrees_I_vs_T_2025-08-14_220927_seed123_early_stop.pkl,"{'bootstrap': False, 'ccp_alpha': 0.0, 'class_weight': None, 'criterion': 'gini', 'max_depth': None, 'max_features': 'sqrt', 'max_leaf_nodes': None, 'max_samples': None, 'min_impurity_decrease': 0.0, 'min_samples_leaf': 1, 'min_samples_split': 2, 'min_weight_fraction_leaf': 0.0, 'monotonic_cst': None, 'n_estimators': 100, 'n_jobs': -1, 'oob_score': False, 'random_state': 123, 'verbose': 0, 'warm_start': False}",2025-08-14_220927
ExtraTrees,I_vs_T,123,True,2,0.9230769230769231,0.8571428571428571,experiment_results_statistical_IL_top_10_video_2025-08-14_220927_early_stop/extratrees_I_vs_T_2025-08-14_220927_seed123_early_stop.pkl,"{'bootstrap': False, 'ccp_alpha': 0.0, 'class_weight': None, 'criterion': 'gini', 'max_depth': None, 'max_features': 'sqrt', 'max_leaf_nodes': None, 'max_samples': None, 'min_impurity_decrease': 0.0, 'min_samples_leaf': 1, 'min_samples_split': 2, 'min_weight_fraction_leaf': 0.0, 'monotonic_cst': None, 'n_estimators': 100, 'n_jobs': -1, 'oob_score': False, 'random_state': 123, 'verbose': 0, 'warm_start': False}",2025-08-14_220927
ExtraTrees,I_vs_T,123,True,3,1.0,0.9841269841269841,experiment_results_statistical_IL_top_10_video_2025-08-14_220927_early_stop/extratrees_I_vs_T_2025-08-14_220927_seed123_early_stop.pkl,"{'bootstrap': False, 'ccp_alpha': 0.0, 'class_weight': None, 'criterion': 'gini', 'max_depth': None, 'max_features': 'sqrt', 'max_leaf_nodes': None, 'max_samples': None, 'min_impurity_decrease': 0.0, 'min_samples_leaf': 1, 'min_samples_split': 2, 'min_weight_fraction_leaf': 0.0, 'monotonic_cst': None, 'n_estimators': 100, 'n_jobs': -1, 'oob_score': False, 'random_state': 123, 'verbose': 0, 'warm_start': False}",2025-08-14_220927
ExtraTrees,I_vs_T,123,True,4,1.0,1.0,experiment_results_statistical_IL_top_10_video_2025-08-14_220927_early_stop/extratrees_I_vs_T_2025-08-14_220927_seed123_early_stop.pkl,"{'bootstrap': False, 'ccp_alpha': 0.0, 'class_weight': None, 'criterion': 'gini', 'max_depth': None, 'max_features': 'sqrt', 'max_leaf_nodes': None, 'max_samples': None, 'min_impurity_decrease': 0.0, 'min_samples_leaf': 1, 'min_samples_split': 2, 'min_weight_fraction_leaf': 0.0, 'monotonic_cst': None, 'n_estimators': 100, 'n_jobs': -1, 'oob_score': False, 'random_state': 123, 'verbose': 0, 'warm_start': False}",2025-08-14_220927
ExtraTrees,I_vs_T,123,True,5,1.0,1.0,experiment_results_statistical_IL_top_10_video_2025-08-14_220927_early_stop/extratrees_I_vs_T_2025-08-14_220927_seed123_early_stop.pkl,"{'bootstrap': False, 'ccp_alpha': 0.0, 'class_weight': None, 'criterion': 'gini', 'max_depth': None, 'max_features': 'sqrt', 'max_leaf_nodes': None, 'max_samples': None, 'min_impurity_decrease': 0.0, 'min_samples_leaf': 1, 'min_samples_split': 2, 'min_weight_fraction_leaf': 0.0, 'monotonic_cst': None, 'n_estimators': 100, 'n_jobs': -1, 'oob_score': False, 'random_state': 123, 'verbose': 0, 'warm_start': False}",2025-08-14_220927
GradientBoosting,I_vs_T,123,True,1,0.8307692307692308,0.4603174603174603,experiment_results_statistical_IL_top_10_video_2025-08-14_220927_early_stop/gradientboosting_I_vs_T_2025-08-14_220927_seed123_early_stop.pkl,"{'ccp_alpha': 0.0, 'criterion': 'friedman_mse', 'init': None, 'learning_rate': 0.1, 'loss': 'log_loss', 'max_depth': 3, 'max_features': None, 'max_leaf_nodes': None, 'min_impurity_decrease': 0.0, 'min_samples_leaf': 1, 'min_samples_split': 2, 'min_weight_fraction_leaf': 0.0, 'n_estimators': 100, 'n_iter_no_change': None, 'random_state': 123, 'subsample': 1.0, 'tol': 0.0001, 'validation_fraction': 0.1, 'verbose': 0, 'warm_start': False}",2025-08-14_220927
GradientBoosting,I_vs_T,123,True,2,0.9230769230769231,0.7142857142857143,experiment_results_statistical_IL_top_10_video_2025-08-14_220927_early_stop/gradientboosting_I_vs_T_2025-08-14_220927_seed123_early_stop.pkl,"{'ccp_alpha': 0.0, 'criterion': 'friedman_mse', 'init': None, 'learning_rate': 0.1, 'loss': 'log_loss', 'max_depth': 3, 'max_features': None, 'max_leaf_nodes': None, 'min_impurity_decrease': 0.0, 'min_samples_leaf': 1, 'min_samples_split': 2, 'min_weight_fraction_leaf': 0.0, 'n_estimators': 100, 'n_iter_no_change': None, 'random_state': 123, 'subsample': 1.0, 'tol': 0.0001, 'validation_fraction': 0.1, 'verbose': 0, 'warm_start': False}",2025-08-14_220927
GradientBoosting,I_vs_T,123,True,3,1.0,0.8253968253968254,experiment_results_statistical_IL_top_10_video_2025-08-14_220927_early_stop/gradientboosting_I_vs_T_2025-08-14_220927_seed123_early_stop.pkl,"{'ccp_alpha': 0.0, 'criterion': 'friedman_mse', 'init': None, 'learning_rate': 0.1, 'loss': 'log_loss', 'max_depth': 3, 'max_features': None, 'max_leaf_nodes': None, 'min_impurity_decrease': 0.0, 'min_samples_leaf': 1, 'min_samples_split': 2, 'min_weight_fraction_leaf': 0.0, 'n_estimators': 100, 'n_iter_no_change': None, 'random_state': 123, 'subsample': 1.0, 'tol': 0.0001, 'validation_fraction': 0.1, 'verbose': 0, 'warm_start': False}",2025-08-14_220927
GradientBoosting,I_vs_T,123,True,4,1.0,0.873015873015873,experiment_results_statistical_IL_top_10_video_2025-08-14_220927_early_stop/gradientboosting_I_vs_T_2025-08-14_220927_seed123_early_stop.pkl,"{'ccp_alpha': 0.0, 'criterion': 'friedman_mse', 'init': None, 'learning_rate': 0.1, 'loss': 'log_loss', 'max_depth': 3, 'max_features': None, 'max_leaf_nodes': None, 'min_impurity_decrease': 0.0, 'min_samples_leaf': 1, 'min_samples_split': 2, 'min_weight_fraction_leaf': 0.0, 'n_estimators': 100, 'n_iter_no_change': None, 'random_state': 123, 'subsample': 1.0, 'tol': 0.0001, 'validation_fraction': 0.1, 'verbose': 0, 'warm_start': False}",2025-08-14_220927
GradientBoosting,I_vs_T,123,True,5,1.0,0.873015873015873,experiment_results_statistical_IL_top_10_video_2025-08-14_220927_early_stop/gradientboosting_I_vs_T_2025-08-14_220927_seed123_early_stop.pkl,"{'ccp_alpha': 0.0, 'criterion': 'friedman_mse', 'init': None, 'learning_rate': 0.1, 'loss': 'log_loss', 'max_depth': 3, 'max_features': None, 'max_leaf_nodes': None, 'min_impurity_decrease': 0.0, 'min_samples_leaf': 1, 'min_samples_split': 2, 'min_weight_fraction_leaf': 0.0, 'n_estimators': 100, 'n_iter_no_change': None, 'random_state': 123, 'subsample': 1.0, 'tol': 0.0001, 'validation_fraction': 0.1, 'verbose': 0, 'warm_start': False}",2025-08-14_220927
KNN,I_vs_T,123,True,1,0.47692307692307695,0.36507936507936506,experiment_results_statistical_IL_top_10_video_2025-08-14_220927_early_stop/knn_I_vs_T_2025-08-14_220927_seed123_early_stop.pkl,"{'algorithm': 'auto', 'leaf_size': 30, 'metric': 'minkowski', 'metric_params': None, 'n_jobs': -1, 'n_neighbors': 5, 'p': 2, 'weights': 'uniform'}",2025-08-14_220927
KNN,I_vs_T,123,True,2,0.7384615384615385,0.6507936507936508,experiment_results_statistical_IL_top_10_video_2025-08-14_220927_early_stop/knn_I_vs_T_2025-08-14_220927_seed123_early_stop.pkl,"{'algorithm': 'auto', 'leaf_size': 30, 'metric': 'minkowski', 'metric_params': None, 'n_jobs': -1, 'n_neighbors': 5, 'p': 2, 'weights': 'uniform'}",2025-08-14_220927
KNN,I_vs_T,123,True,3,0.8769230769230769,0.6984126984126984,experiment_results_statistical_IL_top_10_video_2025-08-14_220927_early_stop/knn_I_vs_T_2025-08-14_220927_seed123_early_stop.pkl,"{'algorithm': 'auto', 'leaf_size': 30, 'metric': 'minkowski', 'metric_params': None, 'n_jobs': -1, 'n_neighbors': 5, 'p': 2, 'weights': 'uniform'}",2025-08-14_220927
KNN,I_vs_T,123,True,4,0.9076923076923077,0.7619047619047619,experiment_results_statistical_IL_top_10_video_2025-08-14_220927_early_stop/knn_I_vs_T_2025-08-14_220927_seed123_early_stop.pkl,"{'algorithm': 'auto', 'leaf_size': 30, 'metric': 'minkowski', 'metric_params': None, 'n_jobs': -1, 'n_neighbors': 5, 'p': 2, 'weights': 'uniform'}",2025-08-14_220927
KNN,I_vs_T,123,True,5,0.9076923076923077,0.8095238095238095,experiment_results_statistical_IL_top_10_video_2025-08-14_220927_early_stop/knn_I_vs_T_2025-08-14_220927_seed123_early_stop.pkl,"{'algorithm': 'auto', 'leaf_size': 30, 'metric': 'minkowski', 'metric_params': None, 'n_jobs': -1, 'n_neighbors': 5, 'p': 2, 'weights': 'uniform'}",2025-08-14_220927
LogisticRegression,I_vs_T,123,True,1,0.36923076923076925,0.19047619047619047,experiment_results_statistical_IL_top_10_video_2025-08-14_220927_early_stop/logisticregression_I_vs_T_2025-08-14_220927_seed123_early_stop.pkl,"{'C': 1.0, 'class_weight': None, 'dual': False, 'fit_intercept': True, 'intercept_scaling': 1, 'l1_ratio': None, 'max_iter': 100, 'multi_class': 'deprecated', 'n_jobs': -1, 'penalty': 'l2', 'random_state': 123, 'solver': 'lbfgs', 'tol': 0.0001, 'verbose': 0, 'warm_start': False}",2025-08-14_220927
LogisticRegression,I_vs_T,123,True,2,0.6307692307692307,0.42857142857142855,experiment_results_statistical_IL_top_10_video_2025-08-14_220927_early_stop/logisticregression_I_vs_T_2025-08-14_220927_seed123_early_stop.pkl,"{'C': 1.0, 'class_weight': None, 'dual': False, 'fit_intercept': True, 'intercept_scaling': 1, 'l1_ratio': None, 'max_iter': 100, 'multi_class': 'deprecated', 'n_jobs': -1, 'penalty': 'l2', 'random_state': 123, 'solver': 'lbfgs', 'tol': 0.0001, 'verbose': 0, 'warm_start': False}",2025-08-14_220927
LogisticRegression,I_vs_T,123,True,3,0.8,0.5396825396825397,experiment_results_statistical_IL_top_10_video_2025-08-14_220927_early_stop/logisticregression_I_vs_T_2025-08-14_220927_seed123_early_stop.pkl,"{'C': 1.0, 'class_weight': None, 'dual': False, 'fit_intercept': True, 'intercept_scaling': 1, 'l1_ratio': None, 'max_iter': 100, 'multi_class': 'deprecated', 'n_jobs': -1, 'penalty': 'l2', 'random_state': 123, 'solver': 'lbfgs', 'tol': 0.0001, 'verbose': 0, 'warm_start': False}",2025-08-14_220927
LogisticRegression,I_vs_T,123,True,4,0.8923076923076924,0.6984126984126984,experiment_results_statistical_IL_top_10_video_2025-08-14_220927_early_stop/logisticregression_I_vs_T_2025-08-14_220927_seed123_early_stop.pkl,"{'C': 1.0, 'class_weight': None, 'dual': False, 'fit_intercept': True, 'intercept_scaling': 1, 'l1_ratio': None, 'max_iter': 100, 'multi_class': 'deprecated', 'n_jobs': -1, 'penalty': 'l2', 'random_state': 123, 'solver': 'lbfgs', 'tol': 0.0001, 'verbose': 0, 'warm_start': False}",2025-08-14_220927
LogisticRegression,I_vs_T,123,True,5,0.9076923076923077,0.7301587301587301,experiment_results_statistical_IL_top_10_video_2025-08-14_220927_early_stop/logisticregression_I_vs_T_2025-08-14_220927_seed123_early_stop.pkl,"{'C': 1.0, 'class_weight': None, 'dual': False, 'fit_intercept': True, 'intercept_scaling': 1, 'l1_ratio': None, 'max_iter': 100, 'multi_class': 'deprecated', 'n_jobs': -1, 'penalty': 'l2', 'random_state': 123, 'solver': 'lbfgs', 'tol': 0.0001, 'verbose': 0, 'warm_start': False}",2025-08-14_220927
RandomForest,I_vs_T,456,True,1,0.8307692307692308,0.6031746031746031,experiment_results_statistical_IL_top_10_video_2025-08-14_220927_early_stop/randomforest_I_vs_T_2025-08-14_220927_seed456_early_stop.pkl,"{'bootstrap': True, 'max_depth': 10, 'max_features': 'sqrt', 'min_samples_leaf': 2, 'min_samples_split': 2, 'n_estimators': 500}",2025-08-14_220927
RandomForest,I_vs_T,456,True,2,0.9230769230769231,0.873015873015873,experiment_results_statistical_IL_top_10_video_2025-08-14_220927_early_stop/randomforest_I_vs_T_2025-08-14_220927_seed456_early_stop.pkl,"{'bootstrap': True, 'max_depth': 10, 'max_features': 'sqrt', 'min_samples_leaf': 2, 'min_samples_split': 2, 'n_estimators': 500}",2025-08-14_220927
RandomForest,I_vs_T,456,True,3,1.0,0.9682539682539683,experiment_results_statistical_IL_top_10_video_2025-08-14_220927_early_stop/randomforest_I_vs_T_2025-08-14_220927_seed456_early_stop.pkl,"{'bootstrap': True, 'max_depth': 10, 'max_features': 'sqrt', 'min_samples_leaf': 2, 'min_samples_split': 2, 'n_estimators': 500}",2025-08-14_220927
RandomForest,I_vs_T,456,True,4,1.0,1.0,experiment_results_statistical_IL_top_10_video_2025-08-14_220927_early_stop/randomforest_I_vs_T_2025-08-14_220927_seed456_early_stop.pkl,"{'bootstrap': True, 'max_depth': 10, 'max_features': 'sqrt', 'min_samples_leaf': 2, 'min_samples_split': 2, 'n_estimators': 500}",2025-08-14_220927
RandomForest,I_vs_T,456,True,5,1.0,1.0,experiment_results_statistical_IL_top_10_video_2025-08-14_220927_early_stop/randomforest_I_vs_T_2025-08-14_220927_seed456_early_stop.pkl,"{'bootstrap': True, 'max_depth': 10, 'max_features': 'sqrt', 'min_samples_leaf': 2, 'min_samples_split': 2, 'n_estimators': 500}",2025-08-14_220927
XGBoost,I_vs_T,456,True,1,0.8307692307692308,0.5238095238095238,experiment_results_statistical_IL_top_10_video_2025-08-14_220927_early_stop/xgboost_I_vs_T_2025-08-14_220927_seed456_early_stop.pkl,"{'colsample_bytree': 0.8, 'device': 'cpu', 'learning_rate': 0.1, 'max_depth': 4, 'n_estimators': 1000, 'reg_lambda': 1, 'subsample': 1.0}",2025-08-14_220927
XGBoost,I_vs_T,456,True,2,0.9230769230769231,0.7619047619047619,experiment_results_statistical_IL_top_10_video_2025-08-14_220927_early_stop/xgboost_I_vs_T_2025-08-14_220927_seed456_early_stop.pkl,"{'colsample_bytree': 0.8, 'device': 'cpu', 'learning_rate': 0.1, 'max_depth': 4, 'n_estimators': 1000, 'reg_lambda': 1, 'subsample': 1.0}",2025-08-14_220927
XGBoost,I_vs_T,456,True,3,1.0,0.873015873015873,experiment_results_statistical_IL_top_10_video_2025-08-14_220927_early_stop/xgboost_I_vs_T_2025-08-14_220927_seed456_early_stop.pkl,"{'colsample_bytree': 0.8, 'device': 'cpu', 'learning_rate': 0.1, 'max_depth': 4, 'n_estimators': 1000, 'reg_lambda': 1, 'subsample': 1.0}",2025-08-14_220927
XGBoost,I_vs_T,456,True,4,1.0,0.9365079365079365,experiment_results_statistical_IL_top_10_video_2025-08-14_220927_early_stop/xgboost_I_vs_T_2025-08-14_220927_seed456_early_stop.pkl,"{'colsample_bytree': 0.8, 'device': 'cpu', 'learning_rate': 0.1, 'max_depth': 4, 'n_estimators': 1000, 'reg_lambda': 1, 'subsample': 1.0}",2025-08-14_220927
XGBoost,I_vs_T,456,True,5,1.0,0.9523809523809523,experiment_results_statistical_IL_top_10_video_2025-08-14_220927_early_stop/xgboost_I_vs_T_2025-08-14_220927_seed456_early_stop.pkl,"{'colsample_bytree': 0.8, 'device': 'cpu', 'learning_rate': 0.1, 'max_depth': 4, 'n_estimators': 1000, 'reg_lambda': 1, 'subsample': 1.0}",2025-08-14_220927
CatBoost,I_vs_T,456,True,1,0.8307692307692308,0.47619047619047616,experiment_results_statistical_IL_top_10_video_2025-08-14_220927_early_stop/catboost_I_vs_T_2025-08-14_220927_seed456_early_stop.pkl,"{'border_count': 32, 'depth': 6, 'iterations': 1000, 'l2_leaf_reg': 5, 'learning_rate': 0.05}",2025-08-14_220927
CatBoost,I_vs_T,456,True,2,0.9230769230769231,0.8412698412698413,experiment_results_statistical_IL_top_10_video_2025-08-14_220927_early_stop/catboost_I_vs_T_2025-08-14_220927_seed456_early_stop.pkl,"{'border_count': 32, 'depth': 6, 'iterations': 1000, 'l2_leaf_reg': 5, 'learning_rate': 0.05}",2025-08-14_220927
CatBoost,I_vs_T,456,True,3,1.0,0.9841269841269841,experiment_results_statistical_IL_top_10_video_2025-08-14_220927_early_stop/catboost_I_vs_T_2025-08-14_220927_seed456_early_stop.pkl,"{'border_count': 32, 'depth': 6, 'iterations': 1000, 'l2_leaf_reg': 5, 'learning_rate': 0.05}",2025-08-14_220927
CatBoost,I_vs_T,456,True,4,1.0,1.0,experiment_results_statistical_IL_top_10_video_2025-08-14_220927_early_stop/catboost_I_vs_T_2025-08-14_220927_seed456_early_stop.pkl,"{'border_count': 32, 'depth': 6, 'iterations': 1000, 'l2_leaf_reg': 5, 'learning_rate': 0.05}",2025-08-14_220927
CatBoost,I_vs_T,456,True,5,1.0,1.0,experiment_results_statistical_IL_top_10_video_2025-08-14_220927_early_stop/catboost_I_vs_T_2025-08-14_220927_seed456_early_stop.pkl,"{'border_count': 32, 'depth': 6, 'iterations': 1000, 'l2_leaf_reg': 5, 'learning_rate': 0.05}",2025-08-14_220927
SVM,I_vs_T,456,True,1,0.6615384615384615,0.42857142857142855,experiment_results_statistical_IL_top_10_video_2025-08-14_220927_early_stop/svm_I_vs_T_2025-08-14_220927_seed456_early_stop.pkl,"{'C': 10, 'decision_function_shape': 'ovo', 'gamma': 'scale', 'kernel': 'rbf'}",2025-08-14_220927
SVM,I_vs_T,456,True,2,0.7846153846153846,0.7301587301587301,experiment_results_statistical_IL_top_10_video_2025-08-14_220927_early_stop/svm_I_vs_T_2025-08-14_220927_seed456_early_stop.pkl,"{'C': 10, 'decision_function_shape': 'ovo', 'gamma': 'scale', 'kernel': 'rbf'}",2025-08-14_220927
SVM,I_vs_T,456,True,3,1.0,0.9047619047619048,experiment_results_statistical_IL_top_10_video_2025-08-14_220927_early_stop/svm_I_vs_T_2025-08-14_220927_seed456_early_stop.pkl,"{'C': 10, 'decision_function_shape': 'ovo', 'gamma': 'scale', 'kernel': 'rbf'}",2025-08-14_220927
SVM,I_vs_T,456,True,4,1.0,0.9523809523809523,experiment_results_statistical_IL_top_10_video_2025-08-14_220927_early_stop/svm_I_vs_T_2025-08-14_220927_seed456_early_stop.pkl,"{'C': 10, 'decision_function_shape': 'ovo', 'gamma': 'scale', 'kernel': 'rbf'}",2025-08-14_220927
SVM,I_vs_T,456,True,5,1.0,0.9841269841269841,experiment_results_statistical_IL_top_10_video_2025-08-14_220927_early_stop/svm_I_vs_T_2025-08-14_220927_seed456_early_stop.pkl,"{'C': 10, 'decision_function_shape': 'ovo', 'gamma': 'scale', 'kernel': 'rbf'}",2025-08-14_220927
MLP,I_vs_T,456,True,1,0.09230769230769231,0.09523809523809523,experiment_results_statistical_IL_top_10_video_2025-08-14_220927_early_stop/mlp_I_vs_T_2025-08-14_220927_seed456_early_stop.pkl,"{'activation': 'relu', 'alpha': 0.0001, 'batch_size': 36, 'early_stopping': True, 'hidden_layer_sizes': [50], 'learning_rate': 'constant', 'learning_rate_init': 0.001, 'max_iter': 2000, 'solver': 'adam'}",2025-08-14_220927
MLP,I_vs_T,456,True,2,0.16923076923076924,0.1746031746031746,experiment_results_statistical_IL_top_10_video_2025-08-14_220927_early_stop/mlp_I_vs_T_2025-08-14_220927_seed456_early_stop.pkl,"{'activation': 'relu', 'alpha': 0.0001, 'batch_size': 36, 'early_stopping': True, 'hidden_layer_sizes': [50], 'learning_rate': 'constant', 'learning_rate_init': 0.001, 'max_iter': 2000, 'solver': 'adam'}",2025-08-14_220927
MLP,I_vs_T,456,True,3,0.26153846153846155,0.2698412698412698,experiment_results_statistical_IL_top_10_video_2025-08-14_220927_early_stop/mlp_I_vs_T_2025-08-14_220927_seed456_early_stop.pkl,"{'activation': 'relu', 'alpha': 0.0001, 'batch_size': 36, 'early_stopping': True, 'hidden_layer_sizes': [50], 'learning_rate': 'constant', 'learning_rate_init': 0.001, 'max_iter': 2000, 'solver': 'adam'}",2025-08-14_220927
MLP,I_vs_T,456,True,4,0.35384615384615387,0.36507936507936506,experiment_results_statistical_IL_top_10_video_2025-08-14_220927_early_stop/mlp_I_vs_T_2025-08-14_220927_seed456_early_stop.pkl,"{'activation': 'relu', 'alpha': 0.0001, 'batch_size': 36, 'early_stopping': True, 'hidden_layer_sizes': [50], 'learning_rate': 'constant', 'learning_rate_init': 0.001, 'max_iter': 2000, 'solver': 'adam'}",2025-08-14_220927
MLP,I_vs_T,456,True,5,0.4461538461538462,0.4603174603174603,experiment_results_statistical_IL_top_10_video_2025-08-14_220927_early_stop/mlp_I_vs_T_2025-08-14_220927_seed456_early_stop.pkl,"{'activation': 'relu', 'alpha': 0.0001, 'batch_size': 36, 'early_stopping': True, 'hidden_layer_sizes': [50], 'learning_rate': 'constant', 'learning_rate_init': 0.001, 'max_iter': 2000, 'solver': 'adam'}",2025-08-14_220927
NaiveBayes,I_vs_T,456,True,1,0.8307692307692308,0.4603174603174603,experiment_results_statistical_IL_top_10_video_2025-08-14_220927_early_stop/naivebayes_I_vs_T_2025-08-14_220927_seed456_early_stop.pkl,"{'priors': None, 'var_smoothing': 1e-09}",2025-08-14_220927
NaiveBayes,I_vs_T,456,True,2,0.9230769230769231,0.6825396825396826,experiment_results_statistical_IL_top_10_video_2025-08-14_220927_early_stop/naivebayes_I_vs_T_2025-08-14_220927_seed456_early_stop.pkl,"{'priors': None, 'var_smoothing': 1e-09}",2025-08-14_220927
NaiveBayes,I_vs_T,456,True,3,1.0,0.7936507936507936,experiment_results_statistical_IL_top_10_video_2025-08-14_220927_early_stop/naivebayes_I_vs_T_2025-08-14_220927_seed456_early_stop.pkl,"{'priors': None, 'var_smoothing': 1e-09}",2025-08-14_220927
NaiveBayes,I_vs_T,456,True,4,1.0,0.8571428571428571,experiment_results_statistical_IL_top_10_video_2025-08-14_220927_early_stop/naivebayes_I_vs_T_2025-08-14_220927_seed456_early_stop.pkl,"{'priors': None, 'var_smoothing': 1e-09}",2025-08-14_220927
NaiveBayes,I_vs_T,456,True,5,1.0,0.9365079365079365,experiment_results_statistical_IL_top_10_video_2025-08-14_220927_early_stop/naivebayes_I_vs_T_2025-08-14_220927_seed456_early_stop.pkl,"{'priors': None, 'var_smoothing': 1e-09}",2025-08-14_220927
LightGBM,I_vs_T,456,True,1,0.8307692307692308,0.5238095238095238,experiment_results_statistical_IL_top_10_video_2025-08-14_220927_early_stop/lightgbm_I_vs_T_2025-08-14_220927_seed456_early_stop.pkl,"{'boosting_type': 'gbdt', 'class_weight': None, 'colsample_bytree': 1.0, 'importance_type': 'split', 'learning_rate': 0.1, 'max_depth': -1, 'min_child_samples': 20, 'min_child_weight': 0.001, 'min_split_gain': 0.0, 'n_estimators': 100, 'n_jobs': -1, 'num_leaves': 31, 'objective': None, 'random_state': 456, 'reg_alpha': 0.0, 'reg_lambda': 0.0, 'subsample': 1.0, 'subsample_for_bin': 200000, 'subsample_freq': 0, 'verbose': -1}",2025-08-14_220927
LightGBM,I_vs_T,456,True,2,0.9230769230769231,0.7777777777777778,experiment_results_statistical_IL_top_10_video_2025-08-14_220927_early_stop/lightgbm_I_vs_T_2025-08-14_220927_seed456_early_stop.pkl,"{'boosting_type': 'gbdt', 'class_weight': None, 'colsample_bytree': 1.0, 'importance_type': 'split', 'learning_rate': 0.1, 'max_depth': -1, 'min_child_samples': 20, 'min_child_weight': 0.001, 'min_split_gain': 0.0, 'n_estimators': 100, 'n_jobs': -1, 'num_leaves': 31, 'objective': None, 'random_state': 456, 'reg_alpha': 0.0, 'reg_lambda': 0.0, 'subsample': 1.0, 'subsample_for_bin': 200000, 'subsample_freq': 0, 'verbose': -1}",2025-08-14_220927
LightGBM,I_vs_T,456,True,3,1.0,0.873015873015873,experiment_results_statistical_IL_top_10_video_2025-08-14_220927_early_stop/lightgbm_I_vs_T_2025-08-14_220927_seed456_early_stop.pkl,"{'boosting_type': 'gbdt', 'class_weight': None, 'colsample_bytree': 1.0, 'importance_type': 'split', 'learning_rate': 0.1, 'max_depth': -1, 'min_child_samples': 20, 'min_child_weight': 0.001, 'min_split_gain': 0.0, 'n_estimators': 100, 'n_jobs': -1, 'num_leaves': 31, 'objective': None, 'random_state': 456, 'reg_alpha': 0.0, 'reg_lambda': 0.0, 'subsample': 1.0, 'subsample_for_bin': 200000, 'subsample_freq': 0, 'verbose': -1}",2025-08-14_220927
LightGBM,I_vs_T,456,True,4,1.0,0.9047619047619048,experiment_results_statistical_IL_top_10_video_2025-08-14_220927_early_stop/lightgbm_I_vs_T_2025-08-14_220927_seed456_early_stop.pkl,"{'boosting_type': 'gbdt', 'class_weight': None, 'colsample_bytree': 1.0, 'importance_type': 'split', 'learning_rate': 0.1, 'max_depth': -1, 'min_child_samples': 20, 'min_child_weight': 0.001, 'min_split_gain': 0.0, 'n_estimators': 100, 'n_jobs': -1, 'num_leaves': 31, 'objective': None, 'random_state': 456, 'reg_alpha': 0.0, 'reg_lambda': 0.0, 'subsample': 1.0, 'subsample_for_bin': 200000, 'subsample_freq': 0, 'verbose': -1}",2025-08-14_220927
LightGBM,I_vs_T,456,True,5,1.0,0.9523809523809523,experiment_results_statistical_IL_top_10_video_2025-08-14_220927_early_stop/lightgbm_I_vs_T_2025-08-14_220927_seed456_early_stop.pkl,"{'boosting_type': 'gbdt', 'class_weight': None, 'colsample_bytree': 1.0, 'importance_type': 'split', 'learning_rate': 0.1, 'max_depth': -1, 'min_child_samples': 20, 'min_child_weight': 0.001, 'min_split_gain': 0.0, 'n_estimators': 100, 'n_jobs': -1, 'num_leaves': 31, 'objective': None, 'random_state': 456, 'reg_alpha': 0.0, 'reg_lambda': 0.0, 'subsample': 1.0, 'subsample_for_bin': 200000, 'subsample_freq': 0, 'verbose': -1}",2025-08-14_220927
ExtraTrees,I_vs_T,456,True,1,0.8307692307692308,0.5555555555555556,experiment_results_statistical_IL_top_10_video_2025-08-14_220927_early_stop/extratrees_I_vs_T_2025-08-14_220927_seed456_early_stop.pkl,"{'bootstrap': False, 'ccp_alpha': 0.0, 'class_weight': None, 'criterion': 'gini', 'max_depth': None, 'max_features': 'sqrt', 'max_leaf_nodes': None, 'max_samples': None, 'min_impurity_decrease': 0.0, 'min_samples_leaf': 1, 'min_samples_split': 2, 'min_weight_fraction_leaf': 0.0, 'monotonic_cst': None, 'n_estimators': 100, 'n_jobs': -1, 'oob_score': False, 'random_state': 456, 'verbose': 0, 'warm_start': False}",2025-08-14_220927
ExtraTrees,I_vs_T,456,True,2,0.9230769230769231,0.8412698412698413,experiment_results_statistical_IL_top_10_video_2025-08-14_220927_early_stop/extratrees_I_vs_T_2025-08-14_220927_seed456_early_stop.pkl,"{'bootstrap': False, 'ccp_alpha': 0.0, 'class_weight': None, 'criterion': 'gini', 'max_depth': None, 'max_features': 'sqrt', 'max_leaf_nodes': None, 'max_samples': None, 'min_impurity_decrease': 0.0, 'min_samples_leaf': 1, 'min_samples_split': 2, 'min_weight_fraction_leaf': 0.0, 'monotonic_cst': None, 'n_estimators': 100, 'n_jobs': -1, 'oob_score': False, 'random_state': 456, 'verbose': 0, 'warm_start': False}",2025-08-14_220927
ExtraTrees,I_vs_T,456,True,3,1.0,0.9682539682539683,experiment_results_statistical_IL_top_10_video_2025-08-14_220927_early_stop/extratrees_I_vs_T_2025-08-14_220927_seed456_early_stop.pkl,"{'bootstrap': False, 'ccp_alpha': 0.0, 'class_weight': None, 'criterion': 'gini', 'max_depth': None, 'max_features': 'sqrt', 'max_leaf_nodes': None, 'max_samples': None, 'min_impurity_decrease': 0.0, 'min_samples_leaf': 1, 'min_samples_split': 2, 'min_weight_fraction_leaf': 0.0, 'monotonic_cst': None, 'n_estimators': 100, 'n_jobs': -1, 'oob_score': False, 'random_state': 456, 'verbose': 0, 'warm_start': False}",2025-08-14_220927
ExtraTrees,I_vs_T,456,True,4,1.0,0.9841269841269841,experiment_results_statistical_IL_top_10_video_2025-08-14_220927_early_stop/extratrees_I_vs_T_2025-08-14_220927_seed456_early_stop.pkl,"{'bootstrap': False, 'ccp_alpha': 0.0, 'class_weight': None, 'criterion': 'gini', 'max_depth': None, 'max_features': 'sqrt', 'max_leaf_nodes': None, 'max_samples': None, 'min_impurity_decrease': 0.0, 'min_samples_leaf': 1, 'min_samples_split': 2, 'min_weight_fraction_leaf': 0.0, 'monotonic_cst': None, 'n_estimators': 100, 'n_jobs': -1, 'oob_score': False, 'random_state': 456, 'verbose': 0, 'warm_start': False}",2025-08-14_220927
ExtraTrees,I_vs_T,456,True,5,1.0,1.0,experiment_results_statistical_IL_top_10_video_2025-08-14_220927_early_stop/extratrees_I_vs_T_2025-08-14_220927_seed456_early_stop.pkl,"{'bootstrap': False, 'ccp_alpha': 0.0, 'class_weight': None, 'criterion': 'gini', 'max_depth': None, 'max_features': 'sqrt', 'max_leaf_nodes': None, 'max_samples': None, 'min_impurity_decrease': 0.0, 'min_samples_leaf': 1, 'min_samples_split': 2, 'min_weight_fraction_leaf': 0.0, 'monotonic_cst': None, 'n_estimators': 100, 'n_jobs': -1, 'oob_score': False, 'random_state': 456, 'verbose': 0, 'warm_start': False}",2025-08-14_220927
GradientBoosting,I_vs_T,456,True,1,0.8307692307692308,0.42857142857142855,experiment_results_statistical_IL_top_10_video_2025-08-14_220927_early_stop/gradientboosting_I_vs_T_2025-08-14_220927_seed456_early_stop.pkl,"{'ccp_alpha': 0.0, 'criterion': 'friedman_mse', 'init': None, 'learning_rate': 0.1, 'loss': 'log_loss', 'max_depth': 3, 'max_features': None, 'max_leaf_nodes': None, 'min_impurity_decrease': 0.0, 'min_samples_leaf': 1, 'min_samples_split': 2, 'min_weight_fraction_leaf': 0.0, 'n_estimators': 100, 'n_iter_no_change': None, 'random_state': 456, 'subsample': 1.0, 'tol': 0.0001, 'validation_fraction': 0.1, 'verbose': 0, 'warm_start': False}",2025-08-14_220927
GradientBoosting,I_vs_T,456,True,2,0.9230769230769231,0.6666666666666666,experiment_results_statistical_IL_top_10_video_2025-08-14_220927_early_stop/gradientboosting_I_vs_T_2025-08-14_220927_seed456_early_stop.pkl,"{'ccp_alpha': 0.0, 'criterion': 'friedman_mse', 'init': None, 'learning_rate': 0.1, 'loss': 'log_loss', 'max_depth': 3, 'max_features': None, 'max_leaf_nodes': None, 'min_impurity_decrease': 0.0, 'min_samples_leaf': 1, 'min_samples_split': 2, 'min_weight_fraction_leaf': 0.0, 'n_estimators': 100, 'n_iter_no_change': None, 'random_state': 456, 'subsample': 1.0, 'tol': 0.0001, 'validation_fraction': 0.1, 'verbose': 0, 'warm_start': False}",2025-08-14_220927
GradientBoosting,I_vs_T,456,True,3,1.0,0.8253968253968254,experiment_results_statistical_IL_top_10_video_2025-08-14_220927_early_stop/gradientboosting_I_vs_T_2025-08-14_220927_seed456_early_stop.pkl,"{'ccp_alpha': 0.0, 'criterion': 'friedman_mse', 'init': None, 'learning_rate': 0.1, 'loss': 'log_loss', 'max_depth': 3, 'max_features': None, 'max_leaf_nodes': None, 'min_impurity_decrease': 0.0, 'min_samples_leaf': 1, 'min_samples_split': 2, 'min_weight_fraction_leaf': 0.0, 'n_estimators': 100, 'n_iter_no_change': None, 'random_state': 456, 'subsample': 1.0, 'tol': 0.0001, 'validation_fraction': 0.1, 'verbose': 0, 'warm_start': False}",2025-08-14_220927
GradientBoosting,I_vs_T,456,True,4,1.0,0.873015873015873,experiment_results_statistical_IL_top_10_video_2025-08-14_220927_early_stop/gradientboosting_I_vs_T_2025-08-14_220927_seed456_early_stop.pkl,"{'ccp_alpha': 0.0, 'criterion': 'friedman_mse', 'init': None, 'learning_rate': 0.1, 'loss': 'log_loss', 'max_depth': 3, 'max_features': None, 'max_leaf_nodes': None, 'min_impurity_decrease': 0.0, 'min_samples_leaf': 1, 'min_samples_split': 2, 'min_weight_fraction_leaf': 0.0, 'n_estimators': 100, 'n_iter_no_change': None, 'random_state': 456, 'subsample': 1.0, 'tol': 0.0001, 'validation_fraction': 0.1, 'verbose': 0, 'warm_start': False}",2025-08-14_220927
GradientBoosting,I_vs_T,456,True,5,1.0,0.873015873015873,experiment_results_statistical_IL_top_10_video_2025-08-14_220927_early_stop/gradientboosting_I_vs_T_2025-08-14_220927_seed456_early_stop.pkl,"{'ccp_alpha': 0.0, 'criterion': 'friedman_mse', 'init': None, 'learning_rate': 0.1, 'loss': 'log_loss', 'max_depth': 3, 'max_features': None, 'max_leaf_nodes': None, 'min_impurity_decrease': 0.0, 'min_samples_leaf': 1, 'min_samples_split': 2, 'min_weight_fraction_leaf': 0.0, 'n_estimators': 100, 'n_iter_no_change': None, 'random_state': 456, 'subsample': 1.0, 'tol': 0.0001, 'validation_fraction': 0.1, 'verbose': 0, 'warm_start': False}",2025-08-14_220927
KNN,I_vs_T,456,True,1,0.47692307692307695,0.36507936507936506,experiment_results_statistical_IL_top_10_video_2025-08-14_220927_early_stop/knn_I_vs_T_2025-08-14_220927_seed456_early_stop.pkl,"{'algorithm': 'auto', 'leaf_size': 30, 'metric': 'minkowski', 'metric_params': None, 'n_jobs': -1, 'n_neighbors': 5, 'p': 2, 'weights': 'uniform'}",2025-08-14_220927
KNN,I_vs_T,456,True,2,0.7384615384615385,0.6507936507936508,experiment_results_statistical_IL_top_10_video_2025-08-14_220927_early_stop/knn_I_vs_T_2025-08-14_220927_seed456_early_stop.pkl,"{'algorithm': 'auto', 'leaf_size': 30, 'metric': 'minkowski', 'metric_params': None, 'n_jobs': -1, 'n_neighbors': 5, 'p': 2, 'weights': 'uniform'}",2025-08-14_220927
KNN,I_vs_T,456,True,3,0.8769230769230769,0.6984126984126984,experiment_results_statistical_IL_top_10_video_2025-08-14_220927_early_stop/knn_I_vs_T_2025-08-14_220927_seed456_early_stop.pkl,"{'algorithm': 'auto', 'leaf_size': 30, 'metric': 'minkowski', 'metric_params': None, 'n_jobs': -1, 'n_neighbors': 5, 'p': 2, 'weights': 'uniform'}",2025-08-14_220927
KNN,I_vs_T,456,True,4,0.9076923076923077,0.7619047619047619,experiment_results_statistical_IL_top_10_video_2025-08-14_220927_early_stop/knn_I_vs_T_2025-08-14_220927_seed456_early_stop.pkl,"{'algorithm': 'auto', 'leaf_size': 30, 'metric': 'minkowski', 'metric_params': None, 'n_jobs': -1, 'n_neighbors': 5, 'p': 2, 'weights': 'uniform'}",2025-08-14_220927
KNN,I_vs_T,456,True,5,0.9076923076923077,0.8095238095238095,experiment_results_statistical_IL_top_10_video_2025-08-14_220927_early_stop/knn_I_vs_T_2025-08-14_220927_seed456_early_stop.pkl,"{'algorithm': 'auto', 'leaf_size': 30, 'metric': 'minkowski', 'metric_params': None, 'n_jobs': -1, 'n_neighbors': 5, 'p': 2, 'weights': 'uniform'}",2025-08-14_220927
LogisticRegression,I_vs_T,456,True,1,0.36923076923076925,0.19047619047619047,experiment_results_statistical_IL_top_10_video_2025-08-14_220927_early_stop/logisticregression_I_vs_T_2025-08-14_220927_seed456_early_stop.pkl,"{'C': 1.0, 'class_weight': None, 'dual': False, 'fit_intercept': True, 'intercept_scaling': 1, 'l1_ratio': None, 'max_iter': 100, 'multi_class': 'deprecated', 'n_jobs': -1, 'penalty': 'l2', 'random_state': 456, 'solver': 'lbfgs', 'tol': 0.0001, 'verbose': 0, 'warm_start': False}",2025-08-14_220927
LogisticRegression,I_vs_T,456,True,2,0.6307692307692307,0.42857142857142855,experiment_results_statistical_IL_top_10_video_2025-08-14_220927_early_stop/logisticregression_I_vs_T_2025-08-14_220927_seed456_early_stop.pkl,"{'C': 1.0, 'class_weight': None, 'dual': False, 'fit_intercept': True, 'intercept_scaling': 1, 'l1_ratio': None, 'max_iter': 100, 'multi_class': 'deprecated', 'n_jobs': -1, 'penalty': 'l2', 'random_state': 456, 'solver': 'lbfgs', 'tol': 0.0001, 'verbose': 0, 'warm_start': False}",2025-08-14_220927
LogisticRegression,I_vs_T,456,True,3,0.8,0.5396825396825397,experiment_results_statistical_IL_top_10_video_2025-08-14_220927_early_stop/logisticregression_I_vs_T_2025-08-14_220927_seed456_early_stop.pkl,"{'C': 1.0, 'class_weight': None, 'dual': False, 'fit_intercept': True, 'intercept_scaling': 1, 'l1_ratio': None, 'max_iter': 100, 'multi_class': 'deprecated', 'n_jobs': -1, 'penalty': 'l2', 'random_state': 456, 'solver': 'lbfgs', 'tol': 0.0001, 'verbose': 0, 'warm_start': False}",2025-08-14_220927
LogisticRegression,I_vs_T,456,True,4,0.8923076923076924,0.6984126984126984,experiment_results_statistical_IL_top_10_video_2025-08-14_220927_early_stop/logisticregression_I_vs_T_2025-08-14_220927_seed456_early_stop.pkl,"{'C': 1.0, 'class_weight': None, 'dual': False, 'fit_intercept': True, 'intercept_scaling': 1, 'l1_ratio': None, 'max_iter': 100, 'multi_class': 'deprecated', 'n_jobs': -1, 'penalty': 'l2', 'random_state': 456, 'solver': 'lbfgs', 'tol': 0.0001, 'verbose': 0, 'warm_start': False}",2025-08-14_220927
LogisticRegression,I_vs_T,456,True,5,0.9076923076923077,0.7301587301587301,experiment_results_statistical_IL_top_10_video_2025-08-14_220927_early_stop/logisticregression_I_vs_T_2025-08-14_220927_seed456_early_stop.pkl,"{'C': 1.0, 'class_weight': None, 'dual': False, 'fit_intercept': True, 'intercept_scaling': 1, 'l1_ratio': None, 'max_iter': 100, 'multi_class': 'deprecated', 'n_jobs': -1, 'penalty': 'l2', 'random_state': 456, 'solver': 'lbfgs', 'tol': 0.0001, 'verbose': 0, 'warm_start': False}",2025-08-14_220927
RandomForest,T_vs_F,42,True,1,0.8571428571428571,0.625,experiment_results_statistical_IL_top_10_video_2025-08-14_220927_early_stop/randomforest_T_vs_F_2025-08-14_220927_seed42_early_stop.pkl,"{'bootstrap': True, 'max_depth': 10, 'max_features': 'sqrt', 'min_samples_leaf': 1, 'min_samples_split': 10, 'n_estimators': 100}",2025-08-14_220927
RandomForest,T_vs_F,42,True,2,0.9365079365079365,0.84375,experiment_results_statistical_IL_top_10_video_2025-08-14_220927_early_stop/randomforest_T_vs_F_2025-08-14_220927_seed42_early_stop.pkl,"{'bootstrap': True, 'max_depth': 10, 'max_features': 'sqrt', 'min_samples_leaf': 1, 'min_samples_split': 10, 'n_estimators': 100}",2025-08-14_220927
RandomForest,T_vs_F,42,True,3,1.0,0.953125,experiment_results_statistical_IL_top_10_video_2025-08-14_220927_early_stop/randomforest_T_vs_F_2025-08-14_220927_seed42_early_stop.pkl,"{'bootstrap': True, 'max_depth': 10, 'max_features': 'sqrt', 'min_samples_leaf': 1, 'min_samples_split': 10, 'n_estimators': 100}",2025-08-14_220927
RandomForest,T_vs_F,42,True,4,1.0,0.984375,experiment_results_statistical_IL_top_10_video_2025-08-14_220927_early_stop/randomforest_T_vs_F_2025-08-14_220927_seed42_early_stop.pkl,"{'bootstrap': True, 'max_depth': 10, 'max_features': 'sqrt', 'min_samples_leaf': 1, 'min_samples_split': 10, 'n_estimators': 100}",2025-08-14_220927
RandomForest,T_vs_F,42,True,5,1.0,1.0,experiment_results_statistical_IL_top_10_video_2025-08-14_220927_early_stop/randomforest_T_vs_F_2025-08-14_220927_seed42_early_stop.pkl,"{'bootstrap': True, 'max_depth': 10, 'max_features': 'sqrt', 'min_samples_leaf': 1, 'min_samples_split': 10, 'n_estimators': 100}",2025-08-14_220927
XGBoost,T_vs_F,42,True,1,0.8571428571428571,0.59375,experiment_results_statistical_IL_top_10_video_2025-08-14_220927_early_stop/xgboost_T_vs_F_2025-08-14_220927_seed42_early_stop.pkl,"{'colsample_bytree': 0.8, 'device': 'cpu', 'learning_rate': 0.05, 'max_depth': 4, 'n_estimators': 1000, 'reg_lambda': 1, 'subsample': 0.8}",2025-08-14_220927
XGBoost,T_vs_F,42,True,2,0.9365079365079365,0.765625,experiment_results_statistical_IL_top_10_video_2025-08-14_220927_early_stop/xgboost_T_vs_F_2025-08-14_220927_seed42_early_stop.pkl,"{'colsample_bytree': 0.8, 'device': 'cpu', 'learning_rate': 0.05, 'max_depth': 4, 'n_estimators': 1000, 'reg_lambda': 1, 'subsample': 0.8}",2025-08-14_220927
XGBoost,T_vs_F,42,True,3,1.0,0.859375,experiment_results_statistical_IL_top_10_video_2025-08-14_220927_early_stop/xgboost_T_vs_F_2025-08-14_220927_seed42_early_stop.pkl,"{'colsample_bytree': 0.8, 'device': 'cpu', 'learning_rate': 0.05, 'max_depth': 4, 'n_estimators': 1000, 'reg_lambda': 1, 'subsample': 0.8}",2025-08-14_220927
XGBoost,T_vs_F,42,True,4,1.0,0.90625,experiment_results_statistical_IL_top_10_video_2025-08-14_220927_early_stop/xgboost_T_vs_F_2025-08-14_220927_seed42_early_stop.pkl,"{'colsample_bytree': 0.8, 'device': 'cpu', 'learning_rate': 0.05, 'max_depth': 4, 'n_estimators': 1000, 'reg_lambda': 1, 'subsample': 0.8}",2025-08-14_220927
XGBoost,T_vs_F,42,True,5,1.0,0.953125,experiment_results_statistical_IL_top_10_video_2025-08-14_220927_early_stop/xgboost_T_vs_F_2025-08-14_220927_seed42_early_stop.pkl,"{'colsample_bytree': 0.8, 'device': 'cpu', 'learning_rate': 0.05, 'max_depth': 4, 'n_estimators': 1000, 'reg_lambda': 1, 'subsample': 0.8}",2025-08-14_220927
CatBoost,T_vs_F,42,True,1,0.8571428571428571,0.625,experiment_results_statistical_IL_top_10_video_2025-08-14_220927_early_stop/catboost_T_vs_F_2025-08-14_220927_seed42_early_stop.pkl,"{'border_count': 32, 'depth': 8, 'iterations': 1000, 'l2_leaf_reg': 1, 'learning_rate': 0.1}",2025-08-14_220927
CatBoost,T_vs_F,42,True,2,0.9365079365079365,0.875,experiment_results_statistical_IL_top_10_video_2025-08-14_220927_early_stop/catboost_T_vs_F_2025-08-14_220927_seed42_early_stop.pkl,"{'border_count': 32, 'depth': 8, 'iterations': 1000, 'l2_leaf_reg': 1, 'learning_rate': 0.1}",2025-08-14_220927
CatBoost,T_vs_F,42,True,3,1.0,0.984375,experiment_results_statistical_IL_top_10_video_2025-08-14_220927_early_stop/catboost_T_vs_F_2025-08-14_220927_seed42_early_stop.pkl,"{'border_count': 32, 'depth': 8, 'iterations': 1000, 'l2_leaf_reg': 1, 'learning_rate': 0.1}",2025-08-14_220927
CatBoost,T_vs_F,42,True,4,1.0,1.0,experiment_results_statistical_IL_top_10_video_2025-08-14_220927_early_stop/catboost_T_vs_F_2025-08-14_220927_seed42_early_stop.pkl,"{'border_count': 32, 'depth': 8, 'iterations': 1000, 'l2_leaf_reg': 1, 'learning_rate': 0.1}",2025-08-14_220927
CatBoost,T_vs_F,42,True,5,1.0,1.0,experiment_results_statistical_IL_top_10_video_2025-08-14_220927_early_stop/catboost_T_vs_F_2025-08-14_220927_seed42_early_stop.pkl,"{'border_count': 32, 'depth': 8, 'iterations': 1000, 'l2_leaf_reg': 1, 'learning_rate': 0.1}",2025-08-14_220927
SVM,T_vs_F,42,True,1,0.42857142857142855,0.328125,experiment_results_statistical_IL_top_10_video_2025-08-14_220927_early_stop/svm_T_vs_F_2025-08-14_220927_seed42_early_stop.pkl,"{'C': 10, 'decision_function_shape': 'ovo', 'gamma': 'scale', 'kernel': 'poly'}",2025-08-14_220927
SVM,T_vs_F,42,True,2,0.6031746031746031,0.59375,experiment_results_statistical_IL_top_10_video_2025-08-14_220927_early_stop/svm_T_vs_F_2025-08-14_220927_seed42_early_stop.pkl,"{'C': 10, 'decision_function_shape': 'ovo', 'gamma': 'scale', 'kernel': 'poly'}",2025-08-14_220927
SVM,T_vs_F,42,True,3,0.8888888888888888,0.875,experiment_results_statistical_IL_top_10_video_2025-08-14_220927_early_stop/svm_T_vs_F_2025-08-14_220927_seed42_early_stop.pkl,"{'C': 10, 'decision_function_shape': 'ovo', 'gamma': 'scale', 'kernel': 'poly'}",2025-08-14_220927
SVM,T_vs_F,42,True,4,0.9841269841269841,0.9375,experiment_results_statistical_IL_top_10_video_2025-08-14_220927_early_stop/svm_T_vs_F_2025-08-14_220927_seed42_early_stop.pkl,"{'C': 10, 'decision_function_shape': 'ovo', 'gamma': 'scale', 'kernel': 'poly'}",2025-08-14_220927
SVM,T_vs_F,42,True,5,1.0,1.0,experiment_results_statistical_IL_top_10_video_2025-08-14_220927_early_stop/svm_T_vs_F_2025-08-14_220927_seed42_early_stop.pkl,"{'C': 10, 'decision_function_shape': 'ovo', 'gamma': 'scale', 'kernel': 'poly'}",2025-08-14_220927
MLP,T_vs_F,42,True,1,0.09523809523809523,0.09375,experiment_results_statistical_IL_top_10_video_2025-08-14_220927_early_stop/mlp_T_vs_F_2025-08-14_220927_seed42_early_stop.pkl,"{'activation': 'relu', 'alpha': 0.0001, 'batch_size': 36, 'early_stopping': True, 'hidden_layer_sizes': [50], 'learning_rate': 'constant', 'learning_rate_init': 0.001, 'max_iter': 2000, 'solver': 'adam'}",2025-08-14_220927
MLP,T_vs_F,42,True,2,0.1746031746031746,0.1875,experiment_results_statistical_IL_top_10_video_2025-08-14_220927_early_stop/mlp_T_vs_F_2025-08-14_220927_seed42_early_stop.pkl,"{'activation': 'relu', 'alpha': 0.0001, 'batch_size': 36, 'early_stopping': True, 'hidden_layer_sizes': [50], 'learning_rate': 'constant', 'learning_rate_init': 0.001, 'max_iter': 2000, 'solver': 'adam'}",2025-08-14_220927
MLP,T_vs_F,42,True,3,0.23809523809523808,0.25,experiment_results_statistical_IL_top_10_video_2025-08-14_220927_early_stop/mlp_T_vs_F_2025-08-14_220927_seed42_early_stop.pkl,"{'activation': 'relu', 'alpha': 0.0001, 'batch_size': 36, 'early_stopping': True, 'hidden_layer_sizes': [50], 'learning_rate': 'constant', 'learning_rate_init': 0.001, 'max_iter': 2000, 'solver': 'adam'}",2025-08-14_220927
MLP,T_vs_F,42,True,4,0.3333333333333333,0.34375,experiment_results_statistical_IL_top_10_video_2025-08-14_220927_early_stop/mlp_T_vs_F_2025-08-14_220927_seed42_early_stop.pkl,"{'activation': 'relu', 'alpha': 0.0001, 'batch_size': 36, 'early_stopping': True, 'hidden_layer_sizes': [50], 'learning_rate': 'constant', 'learning_rate_init': 0.001, 'max_iter': 2000, 'solver': 'adam'}",2025-08-14_220927
MLP,T_vs_F,42,True,5,0.42857142857142855,0.4375,experiment_results_statistical_IL_top_10_video_2025-08-14_220927_early_stop/mlp_T_vs_F_2025-08-14_220927_seed42_early_stop.pkl,"{'activation': 'relu', 'alpha': 0.0001, 'batch_size': 36, 'early_stopping': True, 'hidden_layer_sizes': [50], 'learning_rate': 'constant', 'learning_rate_init': 0.001, 'max_iter': 2000, 'solver': 'adam'}",2025-08-14_220927
NaiveBayes,T_vs_F,42,True,1,0.8571428571428571,0.5625,experiment_results_statistical_IL_top_10_video_2025-08-14_220927_early_stop/naivebayes_T_vs_F_2025-08-14_220927_seed42_early_stop.pkl,"{'priors': None, 'var_smoothing': 1e-09}",2025-08-14_220927
NaiveBayes,T_vs_F,42,True,2,0.9365079365079365,0.75,experiment_results_statistical_IL_top_10_video_2025-08-14_220927_early_stop/naivebayes_T_vs_F_2025-08-14_220927_seed42_early_stop.pkl,"{'priors': None, 'var_smoothing': 1e-09}",2025-08-14_220927
NaiveBayes,T_vs_F,42,True,3,1.0,0.890625,experiment_results_statistical_IL_top_10_video_2025-08-14_220927_early_stop/naivebayes_T_vs_F_2025-08-14_220927_seed42_early_stop.pkl,"{'priors': None, 'var_smoothing': 1e-09}",2025-08-14_220927
NaiveBayes,T_vs_F,42,True,4,1.0,0.9375,experiment_results_statistical_IL_top_10_video_2025-08-14_220927_early_stop/naivebayes_T_vs_F_2025-08-14_220927_seed42_early_stop.pkl,"{'priors': None, 'var_smoothing': 1e-09}",2025-08-14_220927
NaiveBayes,T_vs_F,42,True,5,1.0,0.96875,experiment_results_statistical_IL_top_10_video_2025-08-14_220927_early_stop/naivebayes_T_vs_F_2025-08-14_220927_seed42_early_stop.pkl,"{'priors': None, 'var_smoothing': 1e-09}",2025-08-14_220927
LightGBM,T_vs_F,42,True,1,0.8571428571428571,0.5625,experiment_results_statistical_IL_top_10_video_2025-08-14_220927_early_stop/lightgbm_T_vs_F_2025-08-14_220927_seed42_early_stop.pkl,"{'boosting_type': 'gbdt', 'class_weight': None, 'colsample_bytree': 1.0, 'importance_type': 'split', 'learning_rate': 0.1, 'max_depth': -1, 'min_child_samples': 20, 'min_child_weight': 0.001, 'min_split_gain': 0.0, 'n_estimators': 100, 'n_jobs': -1, 'num_leaves': 31, 'objective': None, 'random_state': 42, 'reg_alpha': 0.0, 'reg_lambda': 0.0, 'subsample': 1.0, 'subsample_for_bin': 200000, 'subsample_freq': 0, 'verbose': -1}",2025-08-14_220927
LightGBM,T_vs_F,42,True,2,0.9365079365079365,0.71875,experiment_results_statistical_IL_top_10_video_2025-08-14_220927_early_stop/lightgbm_T_vs_F_2025-08-14_220927_seed42_early_stop.pkl,"{'boosting_type': 'gbdt', 'class_weight': None, 'colsample_bytree': 1.0, 'importance_type': 'split', 'learning_rate': 0.1, 'max_depth': -1, 'min_child_samples': 20, 'min_child_weight': 0.001, 'min_split_gain': 0.0, 'n_estimators': 100, 'n_jobs': -1, 'num_leaves': 31, 'objective': None, 'random_state': 42, 'reg_alpha': 0.0, 'reg_lambda': 0.0, 'subsample': 1.0, 'subsample_for_bin': 200000, 'subsample_freq': 0, 'verbose': -1}",2025-08-14_220927
LightGBM,T_vs_F,42,True,3,1.0,0.8125,experiment_results_statistical_IL_top_10_video_2025-08-14_220927_early_stop/lightgbm_T_vs_F_2025-08-14_220927_seed42_early_stop.pkl,"{'boosting_type': 'gbdt', 'class_weight': None, 'colsample_bytree': 1.0, 'importance_type': 'split', 'learning_rate': 0.1, 'max_depth': -1, 'min_child_samples': 20, 'min_child_weight': 0.001, 'min_split_gain': 0.0, 'n_estimators': 100, 'n_jobs': -1, 'num_leaves': 31, 'objective': None, 'random_state': 42, 'reg_alpha': 0.0, 'reg_lambda': 0.0, 'subsample': 1.0, 'subsample_for_bin': 200000, 'subsample_freq': 0, 'verbose': -1}",2025-08-14_220927
LightGBM,T_vs_F,42,True,4,1.0,0.8125,experiment_results_statistical_IL_top_10_video_2025-08-14_220927_early_stop/lightgbm_T_vs_F_2025-08-14_220927_seed42_early_stop.pkl,"{'boosting_type': 'gbdt', 'class_weight': None, 'colsample_bytree': 1.0, 'importance_type': 'split', 'learning_rate': 0.1, 'max_depth': -1, 'min_child_samples': 20, 'min_child_weight': 0.001, 'min_split_gain': 0.0, 'n_estimators': 100, 'n_jobs': -1, 'num_leaves': 31, 'objective': None, 'random_state': 42, 'reg_alpha': 0.0, 'reg_lambda': 0.0, 'subsample': 1.0, 'subsample_for_bin': 200000, 'subsample_freq': 0, 'verbose': -1}",2025-08-14_220927
LightGBM,T_vs_F,42,True,5,1.0,0.859375,experiment_results_statistical_IL_top_10_video_2025-08-14_220927_early_stop/lightgbm_T_vs_F_2025-08-14_220927_seed42_early_stop.pkl,"{'boosting_type': 'gbdt', 'class_weight': None, 'colsample_bytree': 1.0, 'importance_type': 'split', 'learning_rate': 0.1, 'max_depth': -1, 'min_child_samples': 20, 'min_child_weight': 0.001, 'min_split_gain': 0.0, 'n_estimators': 100, 'n_jobs': -1, 'num_leaves': 31, 'objective': None, 'random_state': 42, 'reg_alpha': 0.0, 'reg_lambda': 0.0, 'subsample': 1.0, 'subsample_for_bin': 200000, 'subsample_freq': 0, 'verbose': -1}",2025-08-14_220927
ExtraTrees,T_vs_F,42,True,1,0.8571428571428571,0.546875,experiment_results_statistical_IL_top_10_video_2025-08-14_220927_early_stop/extratrees_T_vs_F_2025-08-14_220927_seed42_early_stop.pkl,"{'bootstrap': False, 'ccp_alpha': 0.0, 'class_weight': None, 'criterion': 'gini', 'max_depth': None, 'max_features': 'sqrt', 'max_leaf_nodes': None, 'max_samples': None, 'min_impurity_decrease': 0.0, 'min_samples_leaf': 1, 'min_samples_split': 2, 'min_weight_fraction_leaf': 0.0, 'monotonic_cst': None, 'n_estimators': 100, 'n_jobs': -1, 'oob_score': False, 'random_state': 42, 'verbose': 0, 'warm_start': False}",2025-08-14_220927
ExtraTrees,T_vs_F,42,True,2,0.9365079365079365,0.90625,experiment_results_statistical_IL_top_10_video_2025-08-14_220927_early_stop/extratrees_T_vs_F_2025-08-14_220927_seed42_early_stop.pkl,"{'bootstrap': False, 'ccp_alpha': 0.0, 'class_weight': None, 'criterion': 'gini', 'max_depth': None, 'max_features': 'sqrt', 'max_leaf_nodes': None, 'max_samples': None, 'min_impurity_decrease': 0.0, 'min_samples_leaf': 1, 'min_samples_split': 2, 'min_weight_fraction_leaf': 0.0, 'monotonic_cst': None, 'n_estimators': 100, 'n_jobs': -1, 'oob_score': False, 'random_state': 42, 'verbose': 0, 'warm_start': False}",2025-08-14_220927
ExtraTrees,T_vs_F,42,True,3,1.0,1.0,experiment_results_statistical_IL_top_10_video_2025-08-14_220927_early_stop/extratrees_T_vs_F_2025-08-14_220927_seed42_early_stop.pkl,"{'bootstrap': False, 'ccp_alpha': 0.0, 'class_weight': None, 'criterion': 'gini', 'max_depth': None, 'max_features': 'sqrt', 'max_leaf_nodes': None, 'max_samples': None, 'min_impurity_decrease': 0.0, 'min_samples_leaf': 1, 'min_samples_split': 2, 'min_weight_fraction_leaf': 0.0, 'monotonic_cst': None, 'n_estimators': 100, 'n_jobs': -1, 'oob_score': False, 'random_state': 42, 'verbose': 0, 'warm_start': False}",2025-08-14_220927
ExtraTrees,T_vs_F,42,True,4,1.0,1.0,experiment_results_statistical_IL_top_10_video_2025-08-14_220927_early_stop/extratrees_T_vs_F_2025-08-14_220927_seed42_early_stop.pkl,"{'bootstrap': False, 'ccp_alpha': 0.0, 'class_weight': None, 'criterion': 'gini', 'max_depth': None, 'max_features': 'sqrt', 'max_leaf_nodes': None, 'max_samples': None, 'min_impurity_decrease': 0.0, 'min_samples_leaf': 1, 'min_samples_split': 2, 'min_weight_fraction_leaf': 0.0, 'monotonic_cst': None, 'n_estimators': 100, 'n_jobs': -1, 'oob_score': False, 'random_state': 42, 'verbose': 0, 'warm_start': False}",2025-08-14_220927
ExtraTrees,T_vs_F,42,True,5,1.0,1.0,experiment_results_statistical_IL_top_10_video_2025-08-14_220927_early_stop/extratrees_T_vs_F_2025-08-14_220927_seed42_early_stop.pkl,"{'bootstrap': False, 'ccp_alpha': 0.0, 'class_weight': None, 'criterion': 'gini', 'max_depth': None, 'max_features': 'sqrt', 'max_leaf_nodes': None, 'max_samples': None, 'min_impurity_decrease': 0.0, 'min_samples_leaf': 1, 'min_samples_split': 2, 'min_weight_fraction_leaf': 0.0, 'monotonic_cst': None, 'n_estimators': 100, 'n_jobs': -1, 'oob_score': False, 'random_state': 42, 'verbose': 0, 'warm_start': False}",2025-08-14_220927
GradientBoosting,T_vs_F,42,True,1,0.8571428571428571,0.5625,experiment_results_statistical_IL_top_10_video_2025-08-14_220927_early_stop/gradientboosting_T_vs_F_2025-08-14_220927_seed42_early_stop.pkl,"{'ccp_alpha': 0.0, 'criterion': 'friedman_mse', 'init': None, 'learning_rate': 0.1, 'loss': 'log_loss', 'max_depth': 3, 'max_features': None, 'max_leaf_nodes': None, 'min_impurity_decrease': 0.0, 'min_samples_leaf': 1, 'min_samples_split': 2, 'min_weight_fraction_leaf': 0.0, 'n_estimators': 100, 'n_iter_no_change': None, 'random_state': 42, 'subsample': 1.0, 'tol': 0.0001, 'validation_fraction': 0.1, 'verbose': 0, 'warm_start': False}",2025-08-14_220927
GradientBoosting,T_vs_F,42,True,2,0.9365079365079365,0.765625,experiment_results_statistical_IL_top_10_video_2025-08-14_220927_early_stop/gradientboosting_T_vs_F_2025-08-14_220927_seed42_early_stop.pkl,"{'ccp_alpha': 0.0, 'criterion': 'friedman_mse', 'init': None, 'learning_rate': 0.1, 'loss': 'log_loss', 'max_depth': 3, 'max_features': None, 'max_leaf_nodes': None, 'min_impurity_decrease': 0.0, 'min_samples_leaf': 1, 'min_samples_split': 2, 'min_weight_fraction_leaf': 0.0, 'n_estimators': 100, 'n_iter_no_change': None, 'random_state': 42, 'subsample': 1.0, 'tol': 0.0001, 'validation_fraction': 0.1, 'verbose': 0, 'warm_start': False}",2025-08-14_220927
GradientBoosting,T_vs_F,42,True,3,1.0,0.875,experiment_results_statistical_IL_top_10_video_2025-08-14_220927_early_stop/gradientboosting_T_vs_F_2025-08-14_220927_seed42_early_stop.pkl,"{'ccp_alpha': 0.0, 'criterion': 'friedman_mse', 'init': None, 'learning_rate': 0.1, 'loss': 'log_loss', 'max_depth': 3, 'max_features': None, 'max_leaf_nodes': None, 'min_impurity_decrease': 0.0, 'min_samples_leaf': 1, 'min_samples_split': 2, 'min_weight_fraction_leaf': 0.0, 'n_estimators': 100, 'n_iter_no_change': None, 'random_state': 42, 'subsample': 1.0, 'tol': 0.0001, 'validation_fraction': 0.1, 'verbose': 0, 'warm_start': False}",2025-08-14_220927
GradientBoosting,T_vs_F,42,True,4,1.0,0.875,experiment_results_statistical_IL_top_10_video_2025-08-14_220927_early_stop/gradientboosting_T_vs_F_2025-08-14_220927_seed42_early_stop.pkl,"{'ccp_alpha': 0.0, 'criterion': 'friedman_mse', 'init': None, 'learning_rate': 0.1, 'loss': 'log_loss', 'max_depth': 3, 'max_features': None, 'max_leaf_nodes': None, 'min_impurity_decrease': 0.0, 'min_samples_leaf': 1, 'min_samples_split': 2, 'min_weight_fraction_leaf': 0.0, 'n_estimators': 100, 'n_iter_no_change': None, 'random_state': 42, 'subsample': 1.0, 'tol': 0.0001, 'validation_fraction': 0.1, 'verbose': 0, 'warm_start': False}",2025-08-14_220927
GradientBoosting,T_vs_F,42,True,5,1.0,0.890625,experiment_results_statistical_IL_top_10_video_2025-08-14_220927_early_stop/gradientboosting_T_vs_F_2025-08-14_220927_seed42_early_stop.pkl,"{'ccp_alpha': 0.0, 'criterion': 'friedman_mse', 'init': None, 'learning_rate': 0.1, 'loss': 'log_loss', 'max_depth': 3, 'max_features': None, 'max_leaf_nodes': None, 'min_impurity_decrease': 0.0, 'min_samples_leaf': 1, 'min_samples_split': 2, 'min_weight_fraction_leaf': 0.0, 'n_estimators': 100, 'n_iter_no_change': None, 'random_state': 42, 'subsample': 1.0, 'tol': 0.0001, 'validation_fraction': 0.1, 'verbose': 0, 'warm_start': False}",2025-08-14_220927
KNN,T_vs_F,42,True,1,0.47619047619047616,0.359375,experiment_results_statistical_IL_top_10_video_2025-08-14_220927_early_stop/knn_T_vs_F_2025-08-14_220927_seed42_early_stop.pkl,"{'algorithm': 'auto', 'leaf_size': 30, 'metric': 'minkowski', 'metric_params': None, 'n_jobs': -1, 'n_neighbors': 5, 'p': 2, 'weights': 'uniform'}",2025-08-14_220927
KNN,T_vs_F,42,True,2,0.7777777777777778,0.640625,experiment_results_statistical_IL_top_10_video_2025-08-14_220927_early_stop/knn_T_vs_F_2025-08-14_220927_seed42_early_stop.pkl,"{'algorithm': 'auto', 'leaf_size': 30, 'metric': 'minkowski', 'metric_params': None, 'n_jobs': -1, 'n_neighbors': 5, 'p': 2, 'weights': 'uniform'}",2025-08-14_220927
KNN,T_vs_F,42,True,3,0.8571428571428571,0.71875,experiment_results_statistical_IL_top_10_video_2025-08-14_220927_early_stop/knn_T_vs_F_2025-08-14_220927_seed42_early_stop.pkl,"{'algorithm': 'auto', 'leaf_size': 30, 'metric': 'minkowski', 'metric_params': None, 'n_jobs': -1, 'n_neighbors': 5, 'p': 2, 'weights': 'uniform'}",2025-08-14_220927
KNN,T_vs_F,42,True,4,0.8888888888888888,0.734375,experiment_results_statistical_IL_top_10_video_2025-08-14_220927_early_stop/knn_T_vs_F_2025-08-14_220927_seed42_early_stop.pkl,"{'algorithm': 'auto', 'leaf_size': 30, 'metric': 'minkowski', 'metric_params': None, 'n_jobs': -1, 'n_neighbors': 5, 'p': 2, 'weights': 'uniform'}",2025-08-14_220927
KNN,T_vs_F,42,True,5,0.9047619047619048,0.75,experiment_results_statistical_IL_top_10_video_2025-08-14_220927_early_stop/knn_T_vs_F_2025-08-14_220927_seed42_early_stop.pkl,"{'algorithm': 'auto', 'leaf_size': 30, 'metric': 'minkowski', 'metric_params': None, 'n_jobs': -1, 'n_neighbors': 5, 'p': 2, 'weights': 'uniform'}",2025-08-14_220927
LogisticRegression,T_vs_F,42,True,1,0.3968253968253968,0.25,experiment_results_statistical_IL_top_10_video_2025-08-14_220927_early_stop/logisticregression_T_vs_F_2025-08-14_220927_seed42_early_stop.pkl,"{'C': 1.0, 'class_weight': None, 'dual': False, 'fit_intercept': True, 'intercept_scaling': 1, 'l1_ratio': None, 'max_iter': 100, 'multi_class': 'deprecated', 'n_jobs': -1, 'penalty': 'l2', 'random_state': 42, 'solver': 'lbfgs', 'tol': 0.0001, 'verbose': 0, 'warm_start': False}",2025-08-14_220927
LogisticRegression,T_vs_F,42,True,2,0.6349206349206349,0.5,experiment_results_statistical_IL_top_10_video_2025-08-14_220927_early_stop/logisticregression_T_vs_F_2025-08-14_220927_seed42_early_stop.pkl,"{'C': 1.0, 'class_weight': None, 'dual': False, 'fit_intercept': True, 'intercept_scaling': 1, 'l1_ratio': None, 'max_iter': 100, 'multi_class': 'deprecated', 'n_jobs': -1, 'penalty': 'l2', 'random_state': 42, 'solver': 'lbfgs', 'tol': 0.0001, 'verbose': 0, 'warm_start': False}",2025-08-14_220927
LogisticRegression,T_vs_F,42,True,3,0.8253968253968254,0.671875,experiment_results_statistical_IL_top_10_video_2025-08-14_220927_early_stop/logisticregression_T_vs_F_2025-08-14_220927_seed42_early_stop.pkl,"{'C': 1.0, 'class_weight': None, 'dual': False, 'fit_intercept': True, 'intercept_scaling': 1, 'l1_ratio': None, 'max_iter': 100, 'multi_class': 'deprecated', 'n_jobs': -1, 'penalty': 'l2', 'random_state': 42, 'solver': 'lbfgs', 'tol': 0.0001, 'verbose': 0, 'warm_start': False}",2025-08-14_220927
LogisticRegression,T_vs_F,42,True,4,0.8412698412698413,0.71875,experiment_results_statistical_IL_top_10_video_2025-08-14_220927_early_stop/logisticregression_T_vs_F_2025-08-14_220927_seed42_early_stop.pkl,"{'C': 1.0, 'class_weight': None, 'dual': False, 'fit_intercept': True, 'intercept_scaling': 1, 'l1_ratio': None, 'max_iter': 100, 'multi_class': 'deprecated', 'n_jobs': -1, 'penalty': 'l2', 'random_state': 42, 'solver': 'lbfgs', 'tol': 0.0001, 'verbose': 0, 'warm_start': False}",2025-08-14_220927
LogisticRegression,T_vs_F,42,True,5,0.8571428571428571,0.796875,experiment_results_statistical_IL_top_10_video_2025-08-14_220927_early_stop/logisticregression_T_vs_F_2025-08-14_220927_seed42_early_stop.pkl,"{'C': 1.0, 'class_weight': None, 'dual': False, 'fit_intercept': True, 'intercept_scaling': 1, 'l1_ratio': None, 'max_iter': 100, 'multi_class': 'deprecated', 'n_jobs': -1, 'penalty': 'l2', 'random_state': 42, 'solver': 'lbfgs', 'tol': 0.0001, 'verbose': 0, 'warm_start': False}",2025-08-14_220927
RandomForest,T_vs_F,123,True,1,0.8412698412698413,0.5625,experiment_results_statistical_IL_top_10_video_2025-08-14_220927_early_stop/randomforest_T_vs_F_2025-08-14_220927_seed123_early_stop.pkl,"{'bootstrap': True, 'max_depth': 10, 'max_features': 'sqrt', 'min_samples_leaf': 2, 'min_samples_split': 10, 'n_estimators': 100}",2025-08-14_220927
RandomForest,T_vs_F,123,True,2,0.9365079365079365,0.84375,experiment_results_statistical_IL_top_10_video_2025-08-14_220927_early_stop/randomforest_T_vs_F_2025-08-14_220927_seed123_early_stop.pkl,"{'bootstrap': True, 'max_depth': 10, 'max_features': 'sqrt', 'min_samples_leaf': 2, 'min_samples_split': 10, 'n_estimators': 100}",2025-08-14_220927
RandomForest,T_vs_F,123,True,3,1.0,0.984375,experiment_results_statistical_IL_top_10_video_2025-08-14_220927_early_stop/randomforest_T_vs_F_2025-08-14_220927_seed123_early_stop.pkl,"{'bootstrap': True, 'max_depth': 10, 'max_features': 'sqrt', 'min_samples_leaf': 2, 'min_samples_split': 10, 'n_estimators': 100}",2025-08-14_220927
RandomForest,T_vs_F,123,True,4,1.0,0.984375,experiment_results_statistical_IL_top_10_video_2025-08-14_220927_early_stop/randomforest_T_vs_F_2025-08-14_220927_seed123_early_stop.pkl,"{'bootstrap': True, 'max_depth': 10, 'max_features': 'sqrt', 'min_samples_leaf': 2, 'min_samples_split': 10, 'n_estimators': 100}",2025-08-14_220927
RandomForest,T_vs_F,123,True,5,1.0,0.984375,experiment_results_statistical_IL_top_10_video_2025-08-14_220927_early_stop/randomforest_T_vs_F_2025-08-14_220927_seed123_early_stop.pkl,"{'bootstrap': True, 'max_depth': 10, 'max_features': 'sqrt', 'min_samples_leaf': 2, 'min_samples_split': 10, 'n_estimators': 100}",2025-08-14_220927
XGBoost,T_vs_F,123,True,1,0.8571428571428571,0.59375,experiment_results_statistical_IL_top_10_video_2025-08-14_220927_early_stop/xgboost_T_vs_F_2025-08-14_220927_seed123_early_stop.pkl,"{'colsample_bytree': 0.8, 'device': 'cpu', 'learning_rate': 0.1, 'max_depth': 4, 'n_estimators': 1000, 'reg_lambda': 3, 'subsample': 0.8}",2025-08-14_220927
XGBoost,T_vs_F,123,True,2,0.9365079365079365,0.796875,experiment_results_statistical_IL_top_10_video_2025-08-14_220927_early_stop/xgboost_T_vs_F_2025-08-14_220927_seed123_early_stop.pkl,"{'colsample_bytree': 0.8, 'device': 'cpu', 'learning_rate': 0.1, 'max_depth': 4, 'n_estimators': 1000, 'reg_lambda': 3, 'subsample': 0.8}",2025-08-14_220927
XGBoost,T_vs_F,123,True,3,1.0,0.90625,experiment_results_statistical_IL_top_10_video_2025-08-14_220927_early_stop/xgboost_T_vs_F_2025-08-14_220927_seed123_early_stop.pkl,"{'colsample_bytree': 0.8, 'device': 'cpu', 'learning_rate': 0.1, 'max_depth': 4, 'n_estimators': 1000, 'reg_lambda': 3, 'subsample': 0.8}",2025-08-14_220927
XGBoost,T_vs_F,123,True,4,1.0,0.9375,experiment_results_statistical_IL_top_10_video_2025-08-14_220927_early_stop/xgboost_T_vs_F_2025-08-14_220927_seed123_early_stop.pkl,"{'colsample_bytree': 0.8, 'device': 'cpu', 'learning_rate': 0.1, 'max_depth': 4, 'n_estimators': 1000, 'reg_lambda': 3, 'subsample': 0.8}",2025-08-14_220927
XGBoost,T_vs_F,123,True,5,1.0,0.9375,experiment_results_statistical_IL_top_10_video_2025-08-14_220927_early_stop/xgboost_T_vs_F_2025-08-14_220927_seed123_early_stop.pkl,"{'colsample_bytree': 0.8, 'device': 'cpu', 'learning_rate': 0.1, 'max_depth': 4, 'n_estimators': 1000, 'reg_lambda': 3, 'subsample': 0.8}",2025-08-14_220927
CatBoost,T_vs_F,123,True,1,0.8571428571428571,0.546875,experiment_results_statistical_IL_top_10_video_2025-08-14_220927_early_stop/catboost_T_vs_F_2025-08-14_220927_seed123_early_stop.pkl,"{'border_count': 32, 'depth': 4, 'iterations': 1000, 'l2_leaf_reg': 5, 'learning_rate': 0.1}",2025-08-14_220927
CatBoost,T_vs_F,123,True,2,0.9365079365079365,0.875,experiment_results_statistical_IL_top_10_video_2025-08-14_220927_early_stop/catboost_T_vs_F_2025-08-14_220927_seed123_early_stop.pkl,"{'border_count': 32, 'depth': 4, 'iterations': 1000, 'l2_leaf_reg': 5, 'learning_rate': 0.1}",2025-08-14_220927
CatBoost,T_vs_F,123,True,3,1.0,0.96875,experiment_results_statistical_IL_top_10_video_2025-08-14_220927_early_stop/catboost_T_vs_F_2025-08-14_220927_seed123_early_stop.pkl,"{'border_count': 32, 'depth': 4, 'iterations': 1000, 'l2_leaf_reg': 5, 'learning_rate': 0.1}",2025-08-14_220927
CatBoost,T_vs_F,123,True,4,1.0,1.0,experiment_results_statistical_IL_top_10_video_2025-08-14_220927_early_stop/catboost_T_vs_F_2025-08-14_220927_seed123_early_stop.pkl,"{'border_count': 32, 'depth': 4, 'iterations': 1000, 'l2_leaf_reg': 5, 'learning_rate': 0.1}",2025-08-14_220927
CatBoost,T_vs_F,123,True,5,1.0,1.0,experiment_results_statistical_IL_top_10_video_2025-08-14_220927_early_stop/catboost_T_vs_F_2025-08-14_220927_seed123_early_stop.pkl,"{'border_count': 32, 'depth': 4, 'iterations': 1000, 'l2_leaf_reg': 5, 'learning_rate': 0.1}",2025-08-14_220927
SVM,T_vs_F,123,True,1,0.5079365079365079,0.484375,experiment_results_statistical_IL_top_10_video_2025-08-14_220927_early_stop/svm_T_vs_F_2025-08-14_220927_seed123_early_stop.pkl,"{'C': 1, 'decision_function_shape': 'ovo', 'gamma': 'scale', 'kernel': 'rbf'}",2025-08-14_220927
SVM,T_vs_F,123,True,2,0.7936507936507936,0.71875,experiment_results_statistical_IL_top_10_video_2025-08-14_220927_early_stop/svm_T_vs_F_2025-08-14_220927_seed123_early_stop.pkl,"{'C': 1, 'decision_function_shape': 'ovo', 'gamma': 'scale', 'kernel': 'rbf'}",2025-08-14_220927
SVM,T_vs_F,123,True,3,0.8888888888888888,0.875,experiment_results_statistical_IL_top_10_video_2025-08-14_220927_early_stop/svm_T_vs_F_2025-08-14_220927_seed123_early_stop.pkl,"{'C': 1, 'decision_function_shape': 'ovo', 'gamma': 'scale', 'kernel': 'rbf'}",2025-08-14_220927
SVM,T_vs_F,123,True,4,0.9047619047619048,0.921875,experiment_results_statistical_IL_top_10_video_2025-08-14_220927_early_stop/svm_T_vs_F_2025-08-14_220927_seed123_early_stop.pkl,"{'C': 1, 'decision_function_shape': 'ovo', 'gamma': 'scale', 'kernel': 'rbf'}",2025-08-14_220927
SVM,T_vs_F,123,True,5,0.9365079365079365,0.96875,experiment_results_statistical_IL_top_10_video_2025-08-14_220927_early_stop/svm_T_vs_F_2025-08-14_220927_seed123_early_stop.pkl,"{'C': 1, 'decision_function_shape': 'ovo', 'gamma': 'scale', 'kernel': 'rbf'}",2025-08-14_220927
MLP,T_vs_F,123,True,1,0.09523809523809523,0.09375,experiment_results_statistical_IL_top_10_video_2025-08-14_220927_early_stop/mlp_T_vs_F_2025-08-14_220927_seed123_early_stop.pkl,"{'activation': 'tanh', 'alpha': 0.0001, 'batch_size': 36, 'early_stopping': True, 'hidden_layer_sizes': [50], 'learning_rate': 'constant', 'learning_rate_init': 0.01, 'max_iter': 2000, 'solver': 'adam'}",2025-08-14_220927
MLP,T_vs_F,123,True,2,0.19047619047619047,0.1875,experiment_results_statistical_IL_top_10_video_2025-08-14_220927_early_stop/mlp_T_vs_F_2025-08-14_220927_seed123_early_stop.pkl,"{'activation': 'tanh', 'alpha': 0.0001, 'batch_size': 36, 'early_stopping': True, 'hidden_layer_sizes': [50], 'learning_rate': 'constant', 'learning_rate_init': 0.01, 'max_iter': 2000, 'solver': 'adam'}",2025-08-14_220927
MLP,T_vs_F,123,True,3,0.25396825396825395,0.25,experiment_results_statistical_IL_top_10_video_2025-08-14_220927_early_stop/mlp_T_vs_F_2025-08-14_220927_seed123_early_stop.pkl,"{'activation': 'tanh', 'alpha': 0.0001, 'batch_size': 36, 'early_stopping': True, 'hidden_layer_sizes': [50], 'learning_rate': 'constant', 'learning_rate_init': 0.01, 'max_iter': 2000, 'solver': 'adam'}",2025-08-14_220927
MLP,T_vs_F,123,True,4,0.3492063492063492,0.34375,experiment_results_statistical_IL_top_10_video_2025-08-14_220927_early_stop/mlp_T_vs_F_2025-08-14_220927_seed123_early_stop.pkl,"{'activation': 'tanh', 'alpha': 0.0001, 'batch_size': 36, 'early_stopping': True, 'hidden_layer_sizes': [50], 'learning_rate': 'constant', 'learning_rate_init': 0.01, 'max_iter': 2000, 'solver': 'adam'}",2025-08-14_220927
MLP,T_vs_F,123,True,5,0.4444444444444444,0.4375,experiment_results_statistical_IL_top_10_video_2025-08-14_220927_early_stop/mlp_T_vs_F_2025-08-14_220927_seed123_early_stop.pkl,"{'activation': 'tanh', 'alpha': 0.0001, 'batch_size': 36, 'early_stopping': True, 'hidden_layer_sizes': [50], 'learning_rate': 'constant', 'learning_rate_init': 0.01, 'max_iter': 2000, 'solver': 'adam'}",2025-08-14_220927
NaiveBayes,T_vs_F,123,True,1,0.8571428571428571,0.5625,experiment_results_statistical_IL_top_10_video_2025-08-14_220927_early_stop/naivebayes_T_vs_F_2025-08-14_220927_seed123_early_stop.pkl,"{'priors': None, 'var_smoothing': 1e-09}",2025-08-14_220927
NaiveBayes,T_vs_F,123,True,2,0.9365079365079365,0.75,experiment_results_statistical_IL_top_10_video_2025-08-14_220927_early_stop/naivebayes_T_vs_F_2025-08-14_220927_seed123_early_stop.pkl,"{'priors': None, 'var_smoothing': 1e-09}",2025-08-14_220927
NaiveBayes,T_vs_F,123,True,3,1.0,0.890625,experiment_results_statistical_IL_top_10_video_2025-08-14_220927_early_stop/naivebayes_T_vs_F_2025-08-14_220927_seed123_early_stop.pkl,"{'priors': None, 'var_smoothing': 1e-09}",2025-08-14_220927
NaiveBayes,T_vs_F,123,True,4,1.0,0.9375,experiment_results_statistical_IL_top_10_video_2025-08-14_220927_early_stop/naivebayes_T_vs_F_2025-08-14_220927_seed123_early_stop.pkl,"{'priors': None, 'var_smoothing': 1e-09}",2025-08-14_220927
NaiveBayes,T_vs_F,123,True,5,1.0,0.96875,experiment_results_statistical_IL_top_10_video_2025-08-14_220927_early_stop/naivebayes_T_vs_F_2025-08-14_220927_seed123_early_stop.pkl,"{'priors': None, 'var_smoothing': 1e-09}",2025-08-14_220927
LightGBM,T_vs_F,123,True,1,0.8571428571428571,0.5625,experiment_results_statistical_IL_top_10_video_2025-08-14_220927_early_stop/lightgbm_T_vs_F_2025-08-14_220927_seed123_early_stop.pkl,"{'boosting_type': 'gbdt', 'class_weight': None, 'colsample_bytree': 1.0, 'importance_type': 'split', 'learning_rate': 0.1, 'max_depth': -1, 'min_child_samples': 20, 'min_child_weight': 0.001, 'min_split_gain': 0.0, 'n_estimators': 100, 'n_jobs': -1, 'num_leaves': 31, 'objective': None, 'random_state': 123, 'reg_alpha': 0.0, 'reg_lambda': 0.0, 'subsample': 1.0, 'subsample_for_bin': 200000, 'subsample_freq': 0, 'verbose': -1}",2025-08-14_220927
LightGBM,T_vs_F,123,True,2,0.9365079365079365,0.71875,experiment_results_statistical_IL_top_10_video_2025-08-14_220927_early_stop/lightgbm_T_vs_F_2025-08-14_220927_seed123_early_stop.pkl,"{'boosting_type': 'gbdt', 'class_weight': None, 'colsample_bytree': 1.0, 'importance_type': 'split', 'learning_rate': 0.1, 'max_depth': -1, 'min_child_samples': 20, 'min_child_weight': 0.001, 'min_split_gain': 0.0, 'n_estimators': 100, 'n_jobs': -1, 'num_leaves': 31, 'objective': None, 'random_state': 123, 'reg_alpha': 0.0, 'reg_lambda': 0.0, 'subsample': 1.0, 'subsample_for_bin': 200000, 'subsample_freq': 0, 'verbose': -1}",2025-08-14_220927
LightGBM,T_vs_F,123,True,3,1.0,0.8125,experiment_results_statistical_IL_top_10_video_2025-08-14_220927_early_stop/lightgbm_T_vs_F_2025-08-14_220927_seed123_early_stop.pkl,"{'boosting_type': 'gbdt', 'class_weight': None, 'colsample_bytree': 1.0, 'importance_type': 'split', 'learning_rate': 0.1, 'max_depth': -1, 'min_child_samples': 20, 'min_child_weight': 0.001, 'min_split_gain': 0.0, 'n_estimators': 100, 'n_jobs': -1, 'num_leaves': 31, 'objective': None, 'random_state': 123, 'reg_alpha': 0.0, 'reg_lambda': 0.0, 'subsample': 1.0, 'subsample_for_bin': 200000, 'subsample_freq': 0, 'verbose': -1}",2025-08-14_220927
LightGBM,T_vs_F,123,True,4,1.0,0.8125,experiment_results_statistical_IL_top_10_video_2025-08-14_220927_early_stop/lightgbm_T_vs_F_2025-08-14_220927_seed123_early_stop.pkl,"{'boosting_type': 'gbdt', 'class_weight': None, 'colsample_bytree': 1.0, 'importance_type': 'split', 'learning_rate': 0.1, 'max_depth': -1, 'min_child_samples': 20, 'min_child_weight': 0.001, 'min_split_gain': 0.0, 'n_estimators': 100, 'n_jobs': -1, 'num_leaves': 31, 'objective': None, 'random_state': 123, 'reg_alpha': 0.0, 'reg_lambda': 0.0, 'subsample': 1.0, 'subsample_for_bin': 200000, 'subsample_freq': 0, 'verbose': -1}",2025-08-14_220927
LightGBM,T_vs_F,123,True,5,1.0,0.859375,experiment_results_statistical_IL_top_10_video_2025-08-14_220927_early_stop/lightgbm_T_vs_F_2025-08-14_220927_seed123_early_stop.pkl,"{'boosting_type': 'gbdt', 'class_weight': None, 'colsample_bytree': 1.0, 'importance_type': 'split', 'learning_rate': 0.1, 'max_depth': -1, 'min_child_samples': 20, 'min_child_weight': 0.001, 'min_split_gain': 0.0, 'n_estimators': 100, 'n_jobs': -1, 'num_leaves': 31, 'objective': None, 'random_state': 123, 'reg_alpha': 0.0, 'reg_lambda': 0.0, 'subsample': 1.0, 'subsample_for_bin': 200000, 'subsample_freq': 0, 'verbose': -1}",2025-08-14_220927
ExtraTrees,T_vs_F,123,True,1,0.8571428571428571,0.59375,experiment_results_statistical_IL_top_10_video_2025-08-14_220927_early_stop/extratrees_T_vs_F_2025-08-14_220927_seed123_early_stop.pkl,"{'bootstrap': False, 'ccp_alpha': 0.0, 'class_weight': None, 'criterion': 'gini', 'max_depth': None, 'max_features': 'sqrt', 'max_leaf_nodes': None, 'max_samples': None, 'min_impurity_decrease': 0.0, 'min_samples_leaf': 1, 'min_samples_split': 2, 'min_weight_fraction_leaf': 0.0, 'monotonic_cst': None, 'n_estimators': 100, 'n_jobs': -1, 'oob_score': False, 'random_state': 123, 'verbose': 0, 'warm_start': False}",2025-08-14_220927
ExtraTrees,T_vs_F,123,True,2,0.9365079365079365,0.890625,experiment_results_statistical_IL_top_10_video_2025-08-14_220927_early_stop/extratrees_T_vs_F_2025-08-14_220927_seed123_early_stop.pkl,"{'bootstrap': False, 'ccp_alpha': 0.0, 'class_weight': None, 'criterion': 'gini', 'max_depth': None, 'max_features': 'sqrt', 'max_leaf_nodes': None, 'max_samples': None, 'min_impurity_decrease': 0.0, 'min_samples_leaf': 1, 'min_samples_split': 2, 'min_weight_fraction_leaf': 0.0, 'monotonic_cst': None, 'n_estimators': 100, 'n_jobs': -1, 'oob_score': False, 'random_state': 123, 'verbose': 0, 'warm_start': False}",2025-08-14_220927
ExtraTrees,T_vs_F,123,True,3,1.0,0.984375,experiment_results_statistical_IL_top_10_video_2025-08-14_220927_early_stop/extratrees_T_vs_F_2025-08-14_220927_seed123_early_stop.pkl,"{'bootstrap': False, 'ccp_alpha': 0.0, 'class_weight': None, 'criterion': 'gini', 'max_depth': None, 'max_features': 'sqrt', 'max_leaf_nodes': None, 'max_samples': None, 'min_impurity_decrease': 0.0, 'min_samples_leaf': 1, 'min_samples_split': 2, 'min_weight_fraction_leaf': 0.0, 'monotonic_cst': None, 'n_estimators': 100, 'n_jobs': -1, 'oob_score': False, 'random_state': 123, 'verbose': 0, 'warm_start': False}",2025-08-14_220927
ExtraTrees,T_vs_F,123,True,4,1.0,1.0,experiment_results_statistical_IL_top_10_video_2025-08-14_220927_early_stop/extratrees_T_vs_F_2025-08-14_220927_seed123_early_stop.pkl,"{'bootstrap': False, 'ccp_alpha': 0.0, 'class_weight': None, 'criterion': 'gini', 'max_depth': None, 'max_features': 'sqrt', 'max_leaf_nodes': None, 'max_samples': None, 'min_impurity_decrease': 0.0, 'min_samples_leaf': 1, 'min_samples_split': 2, 'min_weight_fraction_leaf': 0.0, 'monotonic_cst': None, 'n_estimators': 100, 'n_jobs': -1, 'oob_score': False, 'random_state': 123, 'verbose': 0, 'warm_start': False}",2025-08-14_220927
ExtraTrees,T_vs_F,123,True,5,1.0,1.0,experiment_results_statistical_IL_top_10_video_2025-08-14_220927_early_stop/extratrees_T_vs_F_2025-08-14_220927_seed123_early_stop.pkl,"{'bootstrap': False, 'ccp_alpha': 0.0, 'class_weight': None, 'criterion': 'gini', 'max_depth': None, 'max_features': 'sqrt', 'max_leaf_nodes': None, 'max_samples': None, 'min_impurity_decrease': 0.0, 'min_samples_leaf': 1, 'min_samples_split': 2, 'min_weight_fraction_leaf': 0.0, 'monotonic_cst': None, 'n_estimators': 100, 'n_jobs': -1, 'oob_score': False, 'random_state': 123, 'verbose': 0, 'warm_start': False}",2025-08-14_220927
GradientBoosting,T_vs_F,123,True,1,0.8571428571428571,0.5625,experiment_results_statistical_IL_top_10_video_2025-08-14_220927_early_stop/gradientboosting_T_vs_F_2025-08-14_220927_seed123_early_stop.pkl,"{'ccp_alpha': 0.0, 'criterion': 'friedman_mse', 'init': None, 'learning_rate': 0.1, 'loss': 'log_loss', 'max_depth': 3, 'max_features': None, 'max_leaf_nodes': None, 'min_impurity_decrease': 0.0, 'min_samples_leaf': 1, 'min_samples_split': 2, 'min_weight_fraction_leaf': 0.0, 'n_estimators': 100, 'n_iter_no_change': None, 'random_state': 123, 'subsample': 1.0, 'tol': 0.0001, 'validation_fraction': 0.1, 'verbose': 0, 'warm_start': False}",2025-08-14_220927
GradientBoosting,T_vs_F,123,True,2,0.9365079365079365,0.75,experiment_results_statistical_IL_top_10_video_2025-08-14_220927_early_stop/gradientboosting_T_vs_F_2025-08-14_220927_seed123_early_stop.pkl,"{'ccp_alpha': 0.0, 'criterion': 'friedman_mse', 'init': None, 'learning_rate': 0.1, 'loss': 'log_loss', 'max_depth': 3, 'max_features': None, 'max_leaf_nodes': None, 'min_impurity_decrease': 0.0, 'min_samples_leaf': 1, 'min_samples_split': 2, 'min_weight_fraction_leaf': 0.0, 'n_estimators': 100, 'n_iter_no_change': None, 'random_state': 123, 'subsample': 1.0, 'tol': 0.0001, 'validation_fraction': 0.1, 'verbose': 0, 'warm_start': False}",2025-08-14_220927
GradientBoosting,T_vs_F,123,True,3,1.0,0.859375,experiment_results_statistical_IL_top_10_video_2025-08-14_220927_early_stop/gradientboosting_T_vs_F_2025-08-14_220927_seed123_early_stop.pkl,"{'ccp_alpha': 0.0, 'criterion': 'friedman_mse', 'init': None, 'learning_rate': 0.1, 'loss': 'log_loss', 'max_depth': 3, 'max_features': None, 'max_leaf_nodes': None, 'min_impurity_decrease': 0.0, 'min_samples_leaf': 1, 'min_samples_split': 2, 'min_weight_fraction_leaf': 0.0, 'n_estimators': 100, 'n_iter_no_change': None, 'random_state': 123, 'subsample': 1.0, 'tol': 0.0001, 'validation_fraction': 0.1, 'verbose': 0, 'warm_start': False}",2025-08-14_220927
GradientBoosting,T_vs_F,123,True,4,1.0,0.890625,experiment_results_statistical_IL_top_10_video_2025-08-14_220927_early_stop/gradientboosting_T_vs_F_2025-08-14_220927_seed123_early_stop.pkl,"{'ccp_alpha': 0.0, 'criterion': 'friedman_mse', 'init': None, 'learning_rate': 0.1, 'loss': 'log_loss', 'max_depth': 3, 'max_features': None, 'max_leaf_nodes': None, 'min_impurity_decrease': 0.0, 'min_samples_leaf': 1, 'min_samples_split': 2, 'min_weight_fraction_leaf': 0.0, 'n_estimators': 100, 'n_iter_no_change': None, 'random_state': 123, 'subsample': 1.0, 'tol': 0.0001, 'validation_fraction': 0.1, 'verbose': 0, 'warm_start': False}",2025-08-14_220927
GradientBoosting,T_vs_F,123,True,5,1.0,0.890625,experiment_results_statistical_IL_top_10_video_2025-08-14_220927_early_stop/gradientboosting_T_vs_F_2025-08-14_220927_seed123_early_stop.pkl,"{'ccp_alpha': 0.0, 'criterion': 'friedman_mse', 'init': None, 'learning_rate': 0.1, 'loss': 'log_loss', 'max_depth': 3, 'max_features': None, 'max_leaf_nodes': None, 'min_impurity_decrease': 0.0, 'min_samples_leaf': 1, 'min_samples_split': 2, 'min_weight_fraction_leaf': 0.0, 'n_estimators': 100, 'n_iter_no_change': None, 'random_state': 123, 'subsample': 1.0, 'tol': 0.0001, 'validation_fraction': 0.1, 'verbose': 0, 'warm_start': False}",2025-08-14_220927
KNN,T_vs_F,123,True,1,0.47619047619047616,0.359375,experiment_results_statistical_IL_top_10_video_2025-08-14_220927_early_stop/knn_T_vs_F_2025-08-14_220927_seed123_early_stop.pkl,"{'algorithm': 'auto', 'leaf_size': 30, 'metric': 'minkowski', 'metric_params': None, 'n_jobs': -1, 'n_neighbors': 5, 'p': 2, 'weights': 'uniform'}",2025-08-14_220927
KNN,T_vs_F,123,True,2,0.7777777777777778,0.640625,experiment_results_statistical_IL_top_10_video_2025-08-14_220927_early_stop/knn_T_vs_F_2025-08-14_220927_seed123_early_stop.pkl,"{'algorithm': 'auto', 'leaf_size': 30, 'metric': 'minkowski', 'metric_params': None, 'n_jobs': -1, 'n_neighbors': 5, 'p': 2, 'weights': 'uniform'}",2025-08-14_220927
KNN,T_vs_F,123,True,3,0.8571428571428571,0.71875,experiment_results_statistical_IL_top_10_video_2025-08-14_220927_early_stop/knn_T_vs_F_2025-08-14_220927_seed123_early_stop.pkl,"{'algorithm': 'auto', 'leaf_size': 30, 'metric': 'minkowski', 'metric_params': None, 'n_jobs': -1, 'n_neighbors': 5, 'p': 2, 'weights': 'uniform'}",2025-08-14_220927
KNN,T_vs_F,123,True,4,0.8888888888888888,0.734375,experiment_results_statistical_IL_top_10_video_2025-08-14_220927_early_stop/knn_T_vs_F_2025-08-14_220927_seed123_early_stop.pkl,"{'algorithm': 'auto', 'leaf_size': 30, 'metric': 'minkowski', 'metric_params': None, 'n_jobs': -1, 'n_neighbors': 5, 'p': 2, 'weights': 'uniform'}",2025-08-14_220927
KNN,T_vs_F,123,True,5,0.9047619047619048,0.75,experiment_results_statistical_IL_top_10_video_2025-08-14_220927_early_stop/knn_T_vs_F_2025-08-14_220927_seed123_early_stop.pkl,"{'algorithm': 'auto', 'leaf_size': 30, 'metric': 'minkowski', 'metric_params': None, 'n_jobs': -1, 'n_neighbors': 5, 'p': 2, 'weights': 'uniform'}",2025-08-14_220927
LogisticRegression,T_vs_F,123,True,1,0.3968253968253968,0.25,experiment_results_statistical_IL_top_10_video_2025-08-14_220927_early_stop/logisticregression_T_vs_F_2025-08-14_220927_seed123_early_stop.pkl,"{'C': 1.0, 'class_weight': None, 'dual': False, 'fit_intercept': True, 'intercept_scaling': 1, 'l1_ratio': None, 'max_iter': 100, 'multi_class': 'deprecated', 'n_jobs': -1, 'penalty': 'l2', 'random_state': 123, 'solver': 'lbfgs', 'tol': 0.0001, 'verbose': 0, 'warm_start': False}",2025-08-14_220927
LogisticRegression,T_vs_F,123,True,2,0.6349206349206349,0.5,experiment_results_statistical_IL_top_10_video_2025-08-14_220927_early_stop/logisticregression_T_vs_F_2025-08-14_220927_seed123_early_stop.pkl,"{'C': 1.0, 'class_weight': None, 'dual': False, 'fit_intercept': True, 'intercept_scaling': 1, 'l1_ratio': None, 'max_iter': 100, 'multi_class': 'deprecated', 'n_jobs': -1, 'penalty': 'l2', 'random_state': 123, 'solver': 'lbfgs', 'tol': 0.0001, 'verbose': 0, 'warm_start': False}",2025-08-14_220927
LogisticRegression,T_vs_F,123,True,3,0.8253968253968254,0.671875,experiment_results_statistical_IL_top_10_video_2025-08-14_220927_early_stop/logisticregression_T_vs_F_2025-08-14_220927_seed123_early_stop.pkl,"{'C': 1.0, 'class_weight': None, 'dual': False, 'fit_intercept': True, 'intercept_scaling': 1, 'l1_ratio': None, 'max_iter': 100, 'multi_class': 'deprecated', 'n_jobs': -1, 'penalty': 'l2', 'random_state': 123, 'solver': 'lbfgs', 'tol': 0.0001, 'verbose': 0, 'warm_start': False}",2025-08-14_220927
LogisticRegression,T_vs_F,123,True,4,0.8412698412698413,0.71875,experiment_results_statistical_IL_top_10_video_2025-08-14_220927_early_stop/logisticregression_T_vs_F_2025-08-14_220927_seed123_early_stop.pkl,"{'C': 1.0, 'class_weight': None, 'dual': False, 'fit_intercept': True, 'intercept_scaling': 1, 'l1_ratio': None, 'max_iter': 100, 'multi_class': 'deprecated', 'n_jobs': -1, 'penalty': 'l2', 'random_state': 123, 'solver': 'lbfgs', 'tol': 0.0001, 'verbose': 0, 'warm_start': False}",2025-08-14_220927
LogisticRegression,T_vs_F,123,True,5,0.8571428571428571,0.796875,experiment_results_statistical_IL_top_10_video_2025-08-14_220927_early_stop/logisticregression_T_vs_F_2025-08-14_220927_seed123_early_stop.pkl,"{'C': 1.0, 'class_weight': None, 'dual': False, 'fit_intercept': True, 'intercept_scaling': 1, 'l1_ratio': None, 'max_iter': 100, 'multi_class': 'deprecated', 'n_jobs': -1, 'penalty': 'l2', 'random_state': 123, 'solver': 'lbfgs', 'tol': 0.0001, 'verbose': 0, 'warm_start': False}",2025-08-14_220927
RandomForest,T_vs_F,456,True,1,0.8571428571428571,0.5625,experiment_results_statistical_IL_top_10_video_2025-08-14_220927_early_stop/randomforest_T_vs_F_2025-08-14_220927_seed456_early_stop.pkl,"{'bootstrap': True, 'max_depth': 10, 'max_features': 'log2', 'min_samples_leaf': 2, 'min_samples_split': 10, 'n_estimators': 300}",2025-08-14_220927
RandomForest,T_vs_F,456,True,2,0.9365079365079365,0.890625,experiment_results_statistical_IL_top_10_video_2025-08-14_220927_early_stop/randomforest_T_vs_F_2025-08-14_220927_seed456_early_stop.pkl,"{'bootstrap': True, 'max_depth': 10, 'max_features': 'log2', 'min_samples_leaf': 2, 'min_samples_split': 10, 'n_estimators': 300}",2025-08-14_220927
RandomForest,T_vs_F,456,True,3,1.0,1.0,experiment_results_statistical_IL_top_10_video_2025-08-14_220927_early_stop/randomforest_T_vs_F_2025-08-14_220927_seed456_early_stop.pkl,"{'bootstrap': True, 'max_depth': 10, 'max_features': 'log2', 'min_samples_leaf': 2, 'min_samples_split': 10, 'n_estimators': 300}",2025-08-14_220927
RandomForest,T_vs_F,456,True,4,1.0,1.0,experiment_results_statistical_IL_top_10_video_2025-08-14_220927_early_stop/randomforest_T_vs_F_2025-08-14_220927_seed456_early_stop.pkl,"{'bootstrap': True, 'max_depth': 10, 'max_features': 'log2', 'min_samples_leaf': 2, 'min_samples_split': 10, 'n_estimators': 300}",2025-08-14_220927
RandomForest,T_vs_F,456,True,5,1.0,1.0,experiment_results_statistical_IL_top_10_video_2025-08-14_220927_early_stop/randomforest_T_vs_F_2025-08-14_220927_seed456_early_stop.pkl,"{'bootstrap': True, 'max_depth': 10, 'max_features': 'log2', 'min_samples_leaf': 2, 'min_samples_split': 10, 'n_estimators': 300}",2025-08-14_220927
XGBoost,T_vs_F,456,True,1,0.8571428571428571,0.609375,experiment_results_statistical_IL_top_10_video_2025-08-14_220927_early_stop/xgboost_T_vs_F_2025-08-14_220927_seed456_early_stop.pkl,"{'colsample_bytree': 1.0, 'device': 'cpu', 'learning_rate': 0.05, 'max_depth': 4, 'n_estimators': 1000, 'reg_lambda': 1, 'subsample': 0.8}",2025-08-14_220927
XGBoost,T_vs_F,456,True,2,0.9365079365079365,0.796875,experiment_results_statistical_IL_top_10_video_2025-08-14_220927_early_stop/xgboost_T_vs_F_2025-08-14_220927_seed456_early_stop.pkl,"{'colsample_bytree': 1.0, 'device': 'cpu', 'learning_rate': 0.05, 'max_depth': 4, 'n_estimators': 1000, 'reg_lambda': 1, 'subsample': 0.8}",2025-08-14_220927
XGBoost,T_vs_F,456,True,3,1.0,0.890625,experiment_results_statistical_IL_top_10_video_2025-08-14_220927_early_stop/xgboost_T_vs_F_2025-08-14_220927_seed456_early_stop.pkl,"{'colsample_bytree': 1.0, 'device': 'cpu', 'learning_rate': 0.05, 'max_depth': 4, 'n_estimators': 1000, 'reg_lambda': 1, 'subsample': 0.8}",2025-08-14_220927
XGBoost,T_vs_F,456,True,4,1.0,0.921875,experiment_results_statistical_IL_top_10_video_2025-08-14_220927_early_stop/xgboost_T_vs_F_2025-08-14_220927_seed456_early_stop.pkl,"{'colsample_bytree': 1.0, 'device': 'cpu', 'learning_rate': 0.05, 'max_depth': 4, 'n_estimators': 1000, 'reg_lambda': 1, 'subsample': 0.8}",2025-08-14_220927
XGBoost,T_vs_F,456,True,5,1.0,0.953125,experiment_results_statistical_IL_top_10_video_2025-08-14_220927_early_stop/xgboost_T_vs_F_2025-08-14_220927_seed456_early_stop.pkl,"{'colsample_bytree': 1.0, 'device': 'cpu', 'learning_rate': 0.05, 'max_depth': 4, 'n_estimators': 1000, 'reg_lambda': 1, 'subsample': 0.8}",2025-08-14_220927
CatBoost,T_vs_F,456,True,1,0.8571428571428571,0.5625,experiment_results_statistical_IL_top_10_video_2025-08-14_220927_early_stop/catboost_T_vs_F_2025-08-14_220927_seed456_early_stop.pkl,"{'border_count': 32, 'depth': 8, 'iterations': 1000, 'l2_leaf_reg': 3, 'learning_rate': 0.1}",2025-08-14_220927
CatBoost,T_vs_F,456,True,2,0.9365079365079365,0.890625,experiment_results_statistical_IL_top_10_video_2025-08-14_220927_early_stop/catboost_T_vs_F_2025-08-14_220927_seed456_early_stop.pkl,"{'border_count': 32, 'depth': 8, 'iterations': 1000, 'l2_leaf_reg': 3, 'learning_rate': 0.1}",2025-08-14_220927
CatBoost,T_vs_F,456,True,3,1.0,0.984375,experiment_results_statistical_IL_top_10_video_2025-08-14_220927_early_stop/catboost_T_vs_F_2025-08-14_220927_seed456_early_stop.pkl,"{'border_count': 32, 'depth': 8, 'iterations': 1000, 'l2_leaf_reg': 3, 'learning_rate': 0.1}",2025-08-14_220927
CatBoost,T_vs_F,456,True,4,1.0,0.984375,experiment_results_statistical_IL_top_10_video_2025-08-14_220927_early_stop/catboost_T_vs_F_2025-08-14_220927_seed456_early_stop.pkl,"{'border_count': 32, 'depth': 8, 'iterations': 1000, 'l2_leaf_reg': 3, 'learning_rate': 0.1}",2025-08-14_220927
CatBoost,T_vs_F,456,True,5,1.0,1.0,experiment_results_statistical_IL_top_10_video_2025-08-14_220927_early_stop/catboost_T_vs_F_2025-08-14_220927_seed456_early_stop.pkl,"{'border_count': 32, 'depth': 8, 'iterations': 1000, 'l2_leaf_reg': 3, 'learning_rate': 0.1}",2025-08-14_220927
SVM,T_vs_F,456,True,1,0.5396825396825397,0.453125,experiment_results_statistical_IL_top_10_video_2025-08-14_220927_early_stop/svm_T_vs_F_2025-08-14_220927_seed456_early_stop.pkl,"{'C': 10, 'decision_function_shape': 'ovo', 'gamma': 'scale', 'kernel': 'rbf'}",2025-08-14_220927
SVM,T_vs_F,456,True,2,0.6825396825396826,0.734375,experiment_results_statistical_IL_top_10_video_2025-08-14_220927_early_stop/svm_T_vs_F_2025-08-14_220927_seed456_early_stop.pkl,"{'C': 10, 'decision_function_shape': 'ovo', 'gamma': 'scale', 'kernel': 'rbf'}",2025-08-14_220927
SVM,T_vs_F,456,True,3,0.9682539682539683,0.9375,experiment_results_statistical_IL_top_10_video_2025-08-14_220927_early_stop/svm_T_vs_F_2025-08-14_220927_seed456_early_stop.pkl,"{'C': 10, 'decision_function_shape': 'ovo', 'gamma': 'scale', 'kernel': 'rbf'}",2025-08-14_220927
SVM,T_vs_F,456,True,4,0.9841269841269841,0.984375,experiment_results_statistical_IL_top_10_video_2025-08-14_220927_early_stop/svm_T_vs_F_2025-08-14_220927_seed456_early_stop.pkl,"{'C': 10, 'decision_function_shape': 'ovo', 'gamma': 'scale', 'kernel': 'rbf'}",2025-08-14_220927
SVM,T_vs_F,456,True,5,1.0,0.984375,experiment_results_statistical_IL_top_10_video_2025-08-14_220927_early_stop/svm_T_vs_F_2025-08-14_220927_seed456_early_stop.pkl,"{'C': 10, 'decision_function_shape': 'ovo', 'gamma': 'scale', 'kernel': 'rbf'}",2025-08-14_220927
MLP,T_vs_F,456,True,1,0.09523809523809523,0.09375,experiment_results_statistical_IL_top_10_video_2025-08-14_220927_early_stop/mlp_T_vs_F_2025-08-14_220927_seed456_early_stop.pkl,"{'activation': 'relu', 'alpha': 0.0001, 'batch_size': 36, 'early_stopping': True, 'hidden_layer_sizes': [50], 'learning_rate': 'constant', 'learning_rate_init': 0.001, 'max_iter': 2000, 'solver': 'adam'}",2025-08-14_220927
MLP,T_vs_F,456,True,2,0.1746031746031746,0.1875,experiment_results_statistical_IL_top_10_video_2025-08-14_220927_early_stop/mlp_T_vs_F_2025-08-14_220927_seed456_early_stop.pkl,"{'activation': 'relu', 'alpha': 0.0001, 'batch_size': 36, 'early_stopping': True, 'hidden_layer_sizes': [50], 'learning_rate': 'constant', 'learning_rate_init': 0.001, 'max_iter': 2000, 'solver': 'adam'}",2025-08-14_220927
MLP,T_vs_F,456,True,3,0.2698412698412698,0.28125,experiment_results_statistical_IL_top_10_video_2025-08-14_220927_early_stop/mlp_T_vs_F_2025-08-14_220927_seed456_early_stop.pkl,"{'activation': 'relu', 'alpha': 0.0001, 'batch_size': 36, 'early_stopping': True, 'hidden_layer_sizes': [50], 'learning_rate': 'constant', 'learning_rate_init': 0.001, 'max_iter': 2000, 'solver': 'adam'}",2025-08-14_220927
MLP,T_vs_F,456,True,4,0.36507936507936506,0.375,experiment_results_statistical_IL_top_10_video_2025-08-14_220927_early_stop/mlp_T_vs_F_2025-08-14_220927_seed456_early_stop.pkl,"{'activation': 'relu', 'alpha': 0.0001, 'batch_size': 36, 'early_stopping': True, 'hidden_layer_sizes': [50], 'learning_rate': 'constant', 'learning_rate_init': 0.001, 'max_iter': 2000, 'solver': 'adam'}",2025-08-14_220927
MLP,T_vs_F,456,True,5,0.4603174603174603,0.46875,experiment_results_statistical_IL_top_10_video_2025-08-14_220927_early_stop/mlp_T_vs_F_2025-08-14_220927_seed456_early_stop.pkl,"{'activation': 'relu', 'alpha': 0.0001, 'batch_size': 36, 'early_stopping': True, 'hidden_layer_sizes': [50], 'learning_rate': 'constant', 'learning_rate_init': 0.001, 'max_iter': 2000, 'solver': 'adam'}",2025-08-14_220927
NaiveBayes,T_vs_F,456,True,1,0.8571428571428571,0.5625,experiment_results_statistical_IL_top_10_video_2025-08-14_220927_early_stop/naivebayes_T_vs_F_2025-08-14_220927_seed456_early_stop.pkl,"{'priors': None, 'var_smoothing': 1e-09}",2025-08-14_220927
NaiveBayes,T_vs_F,456,True,2,0.9365079365079365,0.75,experiment_results_statistical_IL_top_10_video_2025-08-14_220927_early_stop/naivebayes_T_vs_F_2025-08-14_220927_seed456_early_stop.pkl,"{'priors': None, 'var_smoothing': 1e-09}",2025-08-14_220927
NaiveBayes,T_vs_F,456,True,3,1.0,0.890625,experiment_results_statistical_IL_top_10_video_2025-08-14_220927_early_stop/naivebayes_T_vs_F_2025-08-14_220927_seed456_early_stop.pkl,"{'priors': None, 'var_smoothing': 1e-09}",2025-08-14_220927
NaiveBayes,T_vs_F,456,True,4,1.0,0.9375,experiment_results_statistical_IL_top_10_video_2025-08-14_220927_early_stop/naivebayes_T_vs_F_2025-08-14_220927_seed456_early_stop.pkl,"{'priors': None, 'var_smoothing': 1e-09}",2025-08-14_220927
NaiveBayes,T_vs_F,456,True,5,1.0,0.96875,experiment_results_statistical_IL_top_10_video_2025-08-14_220927_early_stop/naivebayes_T_vs_F_2025-08-14_220927_seed456_early_stop.pkl,"{'priors': None, 'var_smoothing': 1e-09}",2025-08-14_220927
LightGBM,T_vs_F,456,True,1,0.8571428571428571,0.5625,experiment_results_statistical_IL_top_10_video_2025-08-14_220927_early_stop/lightgbm_T_vs_F_2025-08-14_220927_seed456_early_stop.pkl,"{'boosting_type': 'gbdt', 'class_weight': None, 'colsample_bytree': 1.0, 'importance_type': 'split', 'learning_rate': 0.1, 'max_depth': -1, 'min_child_samples': 20, 'min_child_weight': 0.001, 'min_split_gain': 0.0, 'n_estimators': 100, 'n_jobs': -1, 'num_leaves': 31, 'objective': None, 'random_state': 456, 'reg_alpha': 0.0, 'reg_lambda': 0.0, 'subsample': 1.0, 'subsample_for_bin': 200000, 'subsample_freq': 0, 'verbose': -1}",2025-08-14_220927
LightGBM,T_vs_F,456,True,2,0.9365079365079365,0.71875,experiment_results_statistical_IL_top_10_video_2025-08-14_220927_early_stop/lightgbm_T_vs_F_2025-08-14_220927_seed456_early_stop.pkl,"{'boosting_type': 'gbdt', 'class_weight': None, 'colsample_bytree': 1.0, 'importance_type': 'split', 'learning_rate': 0.1, 'max_depth': -1, 'min_child_samples': 20, 'min_child_weight': 0.001, 'min_split_gain': 0.0, 'n_estimators': 100, 'n_jobs': -1, 'num_leaves': 31, 'objective': None, 'random_state': 456, 'reg_alpha': 0.0, 'reg_lambda': 0.0, 'subsample': 1.0, 'subsample_for_bin': 200000, 'subsample_freq': 0, 'verbose': -1}",2025-08-14_220927
LightGBM,T_vs_F,456,True,3,1.0,0.8125,experiment_results_statistical_IL_top_10_video_2025-08-14_220927_early_stop/lightgbm_T_vs_F_2025-08-14_220927_seed456_early_stop.pkl,"{'boosting_type': 'gbdt', 'class_weight': None, 'colsample_bytree': 1.0, 'importance_type': 'split', 'learning_rate': 0.1, 'max_depth': -1, 'min_child_samples': 20, 'min_child_weight': 0.001, 'min_split_gain': 0.0, 'n_estimators': 100, 'n_jobs': -1, 'num_leaves': 31, 'objective': None, 'random_state': 456, 'reg_alpha': 0.0, 'reg_lambda': 0.0, 'subsample': 1.0, 'subsample_for_bin': 200000, 'subsample_freq': 0, 'verbose': -1}",2025-08-14_220927
LightGBM,T_vs_F,456,True,4,1.0,0.8125,experiment_results_statistical_IL_top_10_video_2025-08-14_220927_early_stop/lightgbm_T_vs_F_2025-08-14_220927_seed456_early_stop.pkl,"{'boosting_type': 'gbdt', 'class_weight': None, 'colsample_bytree': 1.0, 'importance_type': 'split', 'learning_rate': 0.1, 'max_depth': -1, 'min_child_samples': 20, 'min_child_weight': 0.001, 'min_split_gain': 0.0, 'n_estimators': 100, 'n_jobs': -1, 'num_leaves': 31, 'objective': None, 'random_state': 456, 'reg_alpha': 0.0, 'reg_lambda': 0.0, 'subsample': 1.0, 'subsample_for_bin': 200000, 'subsample_freq': 0, 'verbose': -1}",2025-08-14_220927
LightGBM,T_vs_F,456,True,5,1.0,0.859375,experiment_results_statistical_IL_top_10_video_2025-08-14_220927_early_stop/lightgbm_T_vs_F_2025-08-14_220927_seed456_early_stop.pkl,"{'boosting_type': 'gbdt', 'class_weight': None, 'colsample_bytree': 1.0, 'importance_type': 'split', 'learning_rate': 0.1, 'max_depth': -1, 'min_child_samples': 20, 'min_child_weight': 0.001, 'min_split_gain': 0.0, 'n_estimators': 100, 'n_jobs': -1, 'num_leaves': 31, 'objective': None, 'random_state': 456, 'reg_alpha': 0.0, 'reg_lambda': 0.0, 'subsample': 1.0, 'subsample_for_bin': 200000, 'subsample_freq': 0, 'verbose': -1}",2025-08-14_220927
ExtraTrees,T_vs_F,456,True,1,0.8571428571428571,0.546875,experiment_results_statistical_IL_top_10_video_2025-08-14_220927_early_stop/extratrees_T_vs_F_2025-08-14_220927_seed456_early_stop.pkl,"{'bootstrap': False, 'ccp_alpha': 0.0, 'class_weight': None, 'criterion': 'gini', 'max_depth': None, 'max_features': 'sqrt', 'max_leaf_nodes': None, 'max_samples': None, 'min_impurity_decrease': 0.0, 'min_samples_leaf': 1, 'min_samples_split': 2, 'min_weight_fraction_leaf': 0.0, 'monotonic_cst': None, 'n_estimators': 100, 'n_jobs': -1, 'oob_score': False, 'random_state': 456, 'verbose': 0, 'warm_start': False}",2025-08-14_220927
ExtraTrees,T_vs_F,456,True,2,0.9365079365079365,0.890625,experiment_results_statistical_IL_top_10_video_2025-08-14_220927_early_stop/extratrees_T_vs_F_2025-08-14_220927_seed456_early_stop.pkl,"{'bootstrap': False, 'ccp_alpha': 0.0, 'class_weight': None, 'criterion': 'gini', 'max_depth': None, 'max_features': 'sqrt', 'max_leaf_nodes': None, 'max_samples': None, 'min_impurity_decrease': 0.0, 'min_samples_leaf': 1, 'min_samples_split': 2, 'min_weight_fraction_leaf': 0.0, 'monotonic_cst': None, 'n_estimators': 100, 'n_jobs': -1, 'oob_score': False, 'random_state': 456, 'verbose': 0, 'warm_start': False}",2025-08-14_220927
ExtraTrees,T_vs_F,456,True,3,1.0,1.0,experiment_results_statistical_IL_top_10_video_2025-08-14_220927_early_stop/extratrees_T_vs_F_2025-08-14_220927_seed456_early_stop.pkl,"{'bootstrap': False, 'ccp_alpha': 0.0, 'class_weight': None, 'criterion': 'gini', 'max_depth': None, 'max_features': 'sqrt', 'max_leaf_nodes': None, 'max_samples': None, 'min_impurity_decrease': 0.0, 'min_samples_leaf': 1, 'min_samples_split': 2, 'min_weight_fraction_leaf': 0.0, 'monotonic_cst': None, 'n_estimators': 100, 'n_jobs': -1, 'oob_score': False, 'random_state': 456, 'verbose': 0, 'warm_start': False}",2025-08-14_220927
ExtraTrees,T_vs_F,456,True,4,1.0,1.0,experiment_results_statistical_IL_top_10_video_2025-08-14_220927_early_stop/extratrees_T_vs_F_2025-08-14_220927_seed456_early_stop.pkl,"{'bootstrap': False, 'ccp_alpha': 0.0, 'class_weight': None, 'criterion': 'gini', 'max_depth': None, 'max_features': 'sqrt', 'max_leaf_nodes': None, 'max_samples': None, 'min_impurity_decrease': 0.0, 'min_samples_leaf': 1, 'min_samples_split': 2, 'min_weight_fraction_leaf': 0.0, 'monotonic_cst': None, 'n_estimators': 100, 'n_jobs': -1, 'oob_score': False, 'random_state': 456, 'verbose': 0, 'warm_start': False}",2025-08-14_220927
ExtraTrees,T_vs_F,456,True,5,1.0,1.0,experiment_results_statistical_IL_top_10_video_2025-08-14_220927_early_stop/extratrees_T_vs_F_2025-08-14_220927_seed456_early_stop.pkl,"{'bootstrap': False, 'ccp_alpha': 0.0, 'class_weight': None, 'criterion': 'gini', 'max_depth': None, 'max_features': 'sqrt', 'max_leaf_nodes': None, 'max_samples': None, 'min_impurity_decrease': 0.0, 'min_samples_leaf': 1, 'min_samples_split': 2, 'min_weight_fraction_leaf': 0.0, 'monotonic_cst': None, 'n_estimators': 100, 'n_jobs': -1, 'oob_score': False, 'random_state': 456, 'verbose': 0, 'warm_start': False}",2025-08-14_220927
GradientBoosting,T_vs_F,456,True,1,0.8571428571428571,0.546875,experiment_results_statistical_IL_top_10_video_2025-08-14_220927_early_stop/gradientboosting_T_vs_F_2025-08-14_220927_seed456_early_stop.pkl,"{'ccp_alpha': 0.0, 'criterion': 'friedman_mse', 'init': None, 'learning_rate': 0.1, 'loss': 'log_loss', 'max_depth': 3, 'max_features': None, 'max_leaf_nodes': None, 'min_impurity_decrease': 0.0, 'min_samples_leaf': 1, 'min_samples_split': 2, 'min_weight_fraction_leaf': 0.0, 'n_estimators': 100, 'n_iter_no_change': None, 'random_state': 456, 'subsample': 1.0, 'tol': 0.0001, 'validation_fraction': 0.1, 'verbose': 0, 'warm_start': False}",2025-08-14_220927
GradientBoosting,T_vs_F,456,True,2,0.9365079365079365,0.75,experiment_results_statistical_IL_top_10_video_2025-08-14_220927_early_stop/gradientboosting_T_vs_F_2025-08-14_220927_seed456_early_stop.pkl,"{'ccp_alpha': 0.0, 'criterion': 'friedman_mse', 'init': None, 'learning_rate': 0.1, 'loss': 'log_loss', 'max_depth': 3, 'max_features': None, 'max_leaf_nodes': None, 'min_impurity_decrease': 0.0, 'min_samples_leaf': 1, 'min_samples_split': 2, 'min_weight_fraction_leaf': 0.0, 'n_estimators': 100, 'n_iter_no_change': None, 'random_state': 456, 'subsample': 1.0, 'tol': 0.0001, 'validation_fraction': 0.1, 'verbose': 0, 'warm_start': False}",2025-08-14_220927
GradientBoosting,T_vs_F,456,True,3,1.0,0.859375,experiment_results_statistical_IL_top_10_video_2025-08-14_220927_early_stop/gradientboosting_T_vs_F_2025-08-14_220927_seed456_early_stop.pkl,"{'ccp_alpha': 0.0, 'criterion': 'friedman_mse', 'init': None, 'learning_rate': 0.1, 'loss': 'log_loss', 'max_depth': 3, 'max_features': None, 'max_leaf_nodes': None, 'min_impurity_decrease': 0.0, 'min_samples_leaf': 1, 'min_samples_split': 2, 'min_weight_fraction_leaf': 0.0, 'n_estimators': 100, 'n_iter_no_change': None, 'random_state': 456, 'subsample': 1.0, 'tol': 0.0001, 'validation_fraction': 0.1, 'verbose': 0, 'warm_start': False}",2025-08-14_220927
GradientBoosting,T_vs_F,456,True,4,1.0,0.875,experiment_results_statistical_IL_top_10_video_2025-08-14_220927_early_stop/gradientboosting_T_vs_F_2025-08-14_220927_seed456_early_stop.pkl,"{'ccp_alpha': 0.0, 'criterion': 'friedman_mse', 'init': None, 'learning_rate': 0.1, 'loss': 'log_loss', 'max_depth': 3, 'max_features': None, 'max_leaf_nodes': None, 'min_impurity_decrease': 0.0, 'min_samples_leaf': 1, 'min_samples_split': 2, 'min_weight_fraction_leaf': 0.0, 'n_estimators': 100, 'n_iter_no_change': None, 'random_state': 456, 'subsample': 1.0, 'tol': 0.0001, 'validation_fraction': 0.1, 'verbose': 0, 'warm_start': False}",2025-08-14_220927
GradientBoosting,T_vs_F,456,True,5,1.0,0.890625,experiment_results_statistical_IL_top_10_video_2025-08-14_220927_early_stop/gradientboosting_T_vs_F_2025-08-14_220927_seed456_early_stop.pkl,"{'ccp_alpha': 0.0, 'criterion': 'friedman_mse', 'init': None, 'learning_rate': 0.1, 'loss': 'log_loss', 'max_depth': 3, 'max_features': None, 'max_leaf_nodes': None, 'min_impurity_decrease': 0.0, 'min_samples_leaf': 1, 'min_samples_split': 2, 'min_weight_fraction_leaf': 0.0, 'n_estimators': 100, 'n_iter_no_change': None, 'random_state': 456, 'subsample': 1.0, 'tol': 0.0001, 'validation_fraction': 0.1, 'verbose': 0, 'warm_start': False}",2025-08-14_220927
KNN,T_vs_F,456,True,1,0.47619047619047616,0.359375,experiment_results_statistical_IL_top_10_video_2025-08-14_220927_early_stop/knn_T_vs_F_2025-08-14_220927_seed456_early_stop.pkl,"{'algorithm': 'auto', 'leaf_size': 30, 'metric': 'minkowski', 'metric_params': None, 'n_jobs': -1, 'n_neighbors': 5, 'p': 2, 'weights': 'uniform'}",2025-08-14_220927
KNN,T_vs_F,456,True,2,0.7777777777777778,0.640625,experiment_results_statistical_IL_top_10_video_2025-08-14_220927_early_stop/knn_T_vs_F_2025-08-14_220927_seed456_early_stop.pkl,"{'algorithm': 'auto', 'leaf_size': 30, 'metric': 'minkowski', 'metric_params': None, 'n_jobs': -1, 'n_neighbors': 5, 'p': 2, 'weights': 'uniform'}",2025-08-14_220927
KNN,T_vs_F,456,True,3,0.8571428571428571,0.71875,experiment_results_statistical_IL_top_10_video_2025-08-14_220927_early_stop/knn_T_vs_F_2025-08-14_220927_seed456_early_stop.pkl,"{'algorithm': 'auto', 'leaf_size': 30, 'metric': 'minkowski', 'metric_params': None, 'n_jobs': -1, 'n_neighbors': 5, 'p': 2, 'weights': 'uniform'}",2025-08-14_220927
KNN,T_vs_F,456,True,4,0.8888888888888888,0.734375,experiment_results_statistical_IL_top_10_video_2025-08-14_220927_early_stop/knn_T_vs_F_2025-08-14_220927_seed456_early_stop.pkl,"{'algorithm': 'auto', 'leaf_size': 30, 'metric': 'minkowski', 'metric_params': None, 'n_jobs': -1, 'n_neighbors': 5, 'p': 2, 'weights': 'uniform'}",2025-08-14_220927
KNN,T_vs_F,456,True,5,0.9047619047619048,0.75,experiment_results_statistical_IL_top_10_video_2025-08-14_220927_early_stop/knn_T_vs_F_2025-08-14_220927_seed456_early_stop.pkl,"{'algorithm': 'auto', 'leaf_size': 30, 'metric': 'minkowski', 'metric_params': None, 'n_jobs': -1, 'n_neighbors': 5, 'p': 2, 'weights': 'uniform'}",2025-08-14_220927
LogisticRegression,T_vs_F,456,True,1,0.3968253968253968,0.25,experiment_results_statistical_IL_top_10_video_2025-08-14_220927_early_stop/logisticregression_T_vs_F_2025-08-14_220927_seed456_early_stop.pkl,"{'C': 1.0, 'class_weight': None, 'dual': False, 'fit_intercept': True, 'intercept_scaling': 1, 'l1_ratio': None, 'max_iter': 100, 'multi_class': 'deprecated', 'n_jobs': -1, 'penalty': 'l2', 'random_state': 456, 'solver': 'lbfgs', 'tol': 0.0001, 'verbose': 0, 'warm_start': False}",2025-08-14_220927
LogisticRegression,T_vs_F,456,True,2,0.6349206349206349,0.5,experiment_results_statistical_IL_top_10_video_2025-08-14_220927_early_stop/logisticregression_T_vs_F_2025-08-14_220927_seed456_early_stop.pkl,"{'C': 1.0, 'class_weight': None, 'dual': False, 'fit_intercept': True, 'intercept_scaling': 1, 'l1_ratio': None, 'max_iter': 100, 'multi_class': 'deprecated', 'n_jobs': -1, 'penalty': 'l2', 'random_state': 456, 'solver': 'lbfgs', 'tol': 0.0001, 'verbose': 0, 'warm_start': False}",2025-08-14_220927
LogisticRegression,T_vs_F,456,True,3,0.8253968253968254,0.671875,experiment_results_statistical_IL_top_10_video_2025-08-14_220927_early_stop/logisticregression_T_vs_F_2025-08-14_220927_seed456_early_stop.pkl,"{'C': 1.0, 'class_weight': None, 'dual': False, 'fit_intercept': True, 'intercept_scaling': 1, 'l1_ratio': None, 'max_iter': 100, 'multi_class': 'deprecated', 'n_jobs': -1, 'penalty': 'l2', 'random_state': 456, 'solver': 'lbfgs', 'tol': 0.0001, 'verbose': 0, 'warm_start': False}",2025-08-14_220927
LogisticRegression,T_vs_F,456,True,4,0.8412698412698413,0.71875,experiment_results_statistical_IL_top_10_video_2025-08-14_220927_early_stop/logisticregression_T_vs_F_2025-08-14_220927_seed456_early_stop.pkl,"{'C': 1.0, 'class_weight': None, 'dual': False, 'fit_intercept': True, 'intercept_scaling': 1, 'l1_ratio': None, 'max_iter': 100, 'multi_class': 'deprecated', 'n_jobs': -1, 'penalty': 'l2', 'random_state': 456, 'solver': 'lbfgs', 'tol': 0.0001, 'verbose': 0, 'warm_start': False}",2025-08-14_220927
LogisticRegression,T_vs_F,456,True,5,0.8571428571428571,0.796875,experiment_results_statistical_IL_top_10_video_2025-08-14_220927_early_stop/logisticregression_T_vs_F_2025-08-14_220927_seed456_early_stop.pkl,"{'C': 1.0, 'class_weight': None, 'dual': False, 'fit_intercept': True, 'intercept_scaling': 1, 'l1_ratio': None, 'max_iter': 100, 'multi_class': 'deprecated', 'n_jobs': -1, 'penalty': 'l2', 'random_state': 456, 'solver': 'lbfgs', 'tol': 0.0001, 'verbose': 0, 'warm_start': False}",2025-08-14_220927
RandomForest,T_vs_I,42,True,1,0.8571428571428571,0.5846153846153846,experiment_results_statistical_IL_top_10_video_2025-08-14_220927_early_stop/randomforest_T_vs_I_2025-08-14_220927_seed42_early_stop.pkl,"{'bootstrap': True, 'max_depth': 10, 'max_features': 'sqrt', 'min_samples_leaf': 1, 'min_samples_split': 10, 'n_estimators': 100}",2025-08-14_220927
RandomForest,T_vs_I,42,True,2,0.9365079365079365,0.8461538461538461,experiment_results_statistical_IL_top_10_video_2025-08-14_220927_early_stop/randomforest_T_vs_I_2025-08-14_220927_seed42_early_stop.pkl,"{'bootstrap': True, 'max_depth': 10, 'max_features': 'sqrt', 'min_samples_leaf': 1, 'min_samples_split': 10, 'n_estimators': 100}",2025-08-14_220927
RandomForest,T_vs_I,42,True,3,1.0,1.0,experiment_results_statistical_IL_top_10_video_2025-08-14_220927_early_stop/randomforest_T_vs_I_2025-08-14_220927_seed42_early_stop.pkl,"{'bootstrap': True, 'max_depth': 10, 'max_features': 'sqrt', 'min_samples_leaf': 1, 'min_samples_split': 10, 'n_estimators': 100}",2025-08-14_220927
RandomForest,T_vs_I,42,True,4,1.0,1.0,experiment_results_statistical_IL_top_10_video_2025-08-14_220927_early_stop/randomforest_T_vs_I_2025-08-14_220927_seed42_early_stop.pkl,"{'bootstrap': True, 'max_depth': 10, 'max_features': 'sqrt', 'min_samples_leaf': 1, 'min_samples_split': 10, 'n_estimators': 100}",2025-08-14_220927
RandomForest,T_vs_I,42,True,5,1.0,1.0,experiment_results_statistical_IL_top_10_video_2025-08-14_220927_early_stop/randomforest_T_vs_I_2025-08-14_220927_seed42_early_stop.pkl,"{'bootstrap': True, 'max_depth': 10, 'max_features': 'sqrt', 'min_samples_leaf': 1, 'min_samples_split': 10, 'n_estimators': 100}",2025-08-14_220927
XGBoost,T_vs_I,42,True,1,0.8571428571428571,0.5846153846153846,experiment_results_statistical_IL_top_10_video_2025-08-14_220927_early_stop/xgboost_T_vs_I_2025-08-14_220927_seed42_early_stop.pkl,"{'colsample_bytree': 0.8, 'device': 'cpu', 'learning_rate': 0.05, 'max_depth': 4, 'n_estimators': 1000, 'reg_lambda': 1, 'subsample': 0.8}",2025-08-14_220927
XGBoost,T_vs_I,42,True,2,0.9365079365079365,0.7230769230769231,experiment_results_statistical_IL_top_10_video_2025-08-14_220927_early_stop/xgboost_T_vs_I_2025-08-14_220927_seed42_early_stop.pkl,"{'colsample_bytree': 0.8, 'device': 'cpu', 'learning_rate': 0.05, 'max_depth': 4, 'n_estimators': 1000, 'reg_lambda': 1, 'subsample': 0.8}",2025-08-14_220927
XGBoost,T_vs_I,42,True,3,1.0,0.8923076923076924,experiment_results_statistical_IL_top_10_video_2025-08-14_220927_early_stop/xgboost_T_vs_I_2025-08-14_220927_seed42_early_stop.pkl,"{'colsample_bytree': 0.8, 'device': 'cpu', 'learning_rate': 0.05, 'max_depth': 4, 'n_estimators': 1000, 'reg_lambda': 1, 'subsample': 0.8}",2025-08-14_220927
XGBoost,T_vs_I,42,True,4,1.0,0.9384615384615385,experiment_results_statistical_IL_top_10_video_2025-08-14_220927_early_stop/xgboost_T_vs_I_2025-08-14_220927_seed42_early_stop.pkl,"{'colsample_bytree': 0.8, 'device': 'cpu', 'learning_rate': 0.05, 'max_depth': 4, 'n_estimators': 1000, 'reg_lambda': 1, 'subsample': 0.8}",2025-08-14_220927
XGBoost,T_vs_I,42,True,5,1.0,0.9538461538461539,experiment_results_statistical_IL_top_10_video_2025-08-14_220927_early_stop/xgboost_T_vs_I_2025-08-14_220927_seed42_early_stop.pkl,"{'colsample_bytree': 0.8, 'device': 'cpu', 'learning_rate': 0.05, 'max_depth': 4, 'n_estimators': 1000, 'reg_lambda': 1, 'subsample': 0.8}",2025-08-14_220927
CatBoost,T_vs_I,42,True,1,0.8571428571428571,0.5692307692307692,experiment_results_statistical_IL_top_10_video_2025-08-14_220927_early_stop/catboost_T_vs_I_2025-08-14_220927_seed42_early_stop.pkl,"{'border_count': 32, 'depth': 8, 'iterations': 1000, 'l2_leaf_reg': 1, 'learning_rate': 0.1}",2025-08-14_220927
CatBoost,T_vs_I,42,True,2,0.9365079365079365,0.8615384615384616,experiment_results_statistical_IL_top_10_video_2025-08-14_220927_early_stop/catboost_T_vs_I_2025-08-14_220927_seed42_early_stop.pkl,"{'border_count': 32, 'depth': 8, 'iterations': 1000, 'l2_leaf_reg': 1, 'learning_rate': 0.1}",2025-08-14_220927
CatBoost,T_vs_I,42,True,3,1.0,0.9846153846153847,experiment_results_statistical_IL_top_10_video_2025-08-14_220927_early_stop/catboost_T_vs_I_2025-08-14_220927_seed42_early_stop.pkl,"{'border_count': 32, 'depth': 8, 'iterations': 1000, 'l2_leaf_reg': 1, 'learning_rate': 0.1}",2025-08-14_220927
CatBoost,T_vs_I,42,True,4,1.0,0.9846153846153847,experiment_results_statistical_IL_top_10_video_2025-08-14_220927_early_stop/catboost_T_vs_I_2025-08-14_220927_seed42_early_stop.pkl,"{'border_count': 32, 'depth': 8, 'iterations': 1000, 'l2_leaf_reg': 1, 'learning_rate': 0.1}",2025-08-14_220927
CatBoost,T_vs_I,42,True,5,1.0,1.0,experiment_results_statistical_IL_top_10_video_2025-08-14_220927_early_stop/catboost_T_vs_I_2025-08-14_220927_seed42_early_stop.pkl,"{'border_count': 32, 'depth': 8, 'iterations': 1000, 'l2_leaf_reg': 1, 'learning_rate': 0.1}",2025-08-14_220927
SVM,T_vs_I,42,True,1,0.42857142857142855,0.26153846153846155,experiment_results_statistical_IL_top_10_video_2025-08-14_220927_early_stop/svm_T_vs_I_2025-08-14_220927_seed42_early_stop.pkl,"{'C': 10, 'decision_function_shape': 'ovo', 'gamma': 'scale', 'kernel': 'poly'}",2025-08-14_220927
SVM,T_vs_I,42,True,2,0.6031746031746031,0.5692307692307692,experiment_results_statistical_IL_top_10_video_2025-08-14_220927_early_stop/svm_T_vs_I_2025-08-14_220927_seed42_early_stop.pkl,"{'C': 10, 'decision_function_shape': 'ovo', 'gamma': 'scale', 'kernel': 'poly'}",2025-08-14_220927
SVM,T_vs_I,42,True,3,0.8888888888888888,0.8153846153846154,experiment_results_statistical_IL_top_10_video_2025-08-14_220927_early_stop/svm_T_vs_I_2025-08-14_220927_seed42_early_stop.pkl,"{'C': 10, 'decision_function_shape': 'ovo', 'gamma': 'scale', 'kernel': 'poly'}",2025-08-14_220927
SVM,T_vs_I,42,True,4,0.9841269841269841,0.9230769230769231,experiment_results_statistical_IL_top_10_video_2025-08-14_220927_early_stop/svm_T_vs_I_2025-08-14_220927_seed42_early_stop.pkl,"{'C': 10, 'decision_function_shape': 'ovo', 'gamma': 'scale', 'kernel': 'poly'}",2025-08-14_220927
SVM,T_vs_I,42,True,5,1.0,0.9692307692307692,experiment_results_statistical_IL_top_10_video_2025-08-14_220927_early_stop/svm_T_vs_I_2025-08-14_220927_seed42_early_stop.pkl,"{'C': 10, 'decision_function_shape': 'ovo', 'gamma': 'scale', 'kernel': 'poly'}",2025-08-14_220927
MLP,T_vs_I,42,True,1,0.09523809523809523,0.09230769230769231,experiment_results_statistical_IL_top_10_video_2025-08-14_220927_early_stop/mlp_T_vs_I_2025-08-14_220927_seed42_early_stop.pkl,"{'activation': 'relu', 'alpha': 0.0001, 'batch_size': 36, 'early_stopping': True, 'hidden_layer_sizes': [50], 'learning_rate': 'constant', 'learning_rate_init': 0.001, 'max_iter': 2000, 'solver': 'adam'}",2025-08-14_220927
MLP,T_vs_I,42,True,2,0.1746031746031746,0.16923076923076924,experiment_results_statistical_IL_top_10_video_2025-08-14_220927_early_stop/mlp_T_vs_I_2025-08-14_220927_seed42_early_stop.pkl,"{'activation': 'relu', 'alpha': 0.0001, 'batch_size': 36, 'early_stopping': True, 'hidden_layer_sizes': [50], 'learning_rate': 'constant', 'learning_rate_init': 0.001, 'max_iter': 2000, 'solver': 'adam'}",2025-08-14_220927
MLP,T_vs_I,42,True,3,0.23809523809523808,0.26153846153846155,experiment_results_statistical_IL_top_10_video_2025-08-14_220927_early_stop/mlp_T_vs_I_2025-08-14_220927_seed42_early_stop.pkl,"{'activation': 'relu', 'alpha': 0.0001, 'batch_size': 36, 'early_stopping': True, 'hidden_layer_sizes': [50], 'learning_rate': 'constant', 'learning_rate_init': 0.001, 'max_iter': 2000, 'solver': 'adam'}",2025-08-14_220927
MLP,T_vs_I,42,True,4,0.3333333333333333,0.35384615384615387,experiment_results_statistical_IL_top_10_video_2025-08-14_220927_early_stop/mlp_T_vs_I_2025-08-14_220927_seed42_early_stop.pkl,"{'activation': 'relu', 'alpha': 0.0001, 'batch_size': 36, 'early_stopping': True, 'hidden_layer_sizes': [50], 'learning_rate': 'constant', 'learning_rate_init': 0.001, 'max_iter': 2000, 'solver': 'adam'}",2025-08-14_220927
MLP,T_vs_I,42,True,5,0.42857142857142855,0.4461538461538462,experiment_results_statistical_IL_top_10_video_2025-08-14_220927_early_stop/mlp_T_vs_I_2025-08-14_220927_seed42_early_stop.pkl,"{'activation': 'relu', 'alpha': 0.0001, 'batch_size': 36, 'early_stopping': True, 'hidden_layer_sizes': [50], 'learning_rate': 'constant', 'learning_rate_init': 0.001, 'max_iter': 2000, 'solver': 'adam'}",2025-08-14_220927
NaiveBayes,T_vs_I,42,True,1,0.8571428571428571,0.5230769230769231,experiment_results_statistical_IL_top_10_video_2025-08-14_220927_early_stop/naivebayes_T_vs_I_2025-08-14_220927_seed42_early_stop.pkl,"{'priors': None, 'var_smoothing': 1e-09}",2025-08-14_220927
NaiveBayes,T_vs_I,42,True,2,0.9365079365079365,0.7076923076923077,experiment_results_statistical_IL_top_10_video_2025-08-14_220927_early_stop/naivebayes_T_vs_I_2025-08-14_220927_seed42_early_stop.pkl,"{'priors': None, 'var_smoothing': 1e-09}",2025-08-14_220927
NaiveBayes,T_vs_I,42,True,3,1.0,0.8615384615384616,experiment_results_statistical_IL_top_10_video_2025-08-14_220927_early_stop/naivebayes_T_vs_I_2025-08-14_220927_seed42_early_stop.pkl,"{'priors': None, 'var_smoothing': 1e-09}",2025-08-14_220927
NaiveBayes,T_vs_I,42,True,4,1.0,0.9076923076923077,experiment_results_statistical_IL_top_10_video_2025-08-14_220927_early_stop/naivebayes_T_vs_I_2025-08-14_220927_seed42_early_stop.pkl,"{'priors': None, 'var_smoothing': 1e-09}",2025-08-14_220927
NaiveBayes,T_vs_I,42,True,5,1.0,0.9230769230769231,experiment_results_statistical_IL_top_10_video_2025-08-14_220927_early_stop/naivebayes_T_vs_I_2025-08-14_220927_seed42_early_stop.pkl,"{'priors': None, 'var_smoothing': 1e-09}",2025-08-14_220927
LightGBM,T_vs_I,42,True,1,0.8571428571428571,0.5384615384615384,experiment_results_statistical_IL_top_10_video_2025-08-14_220927_early_stop/lightgbm_T_vs_I_2025-08-14_220927_seed42_early_stop.pkl,"{'boosting_type': 'gbdt', 'class_weight': None, 'colsample_bytree': 1.0, 'importance_type': 'split', 'learning_rate': 0.1, 'max_depth': -1, 'min_child_samples': 20, 'min_child_weight': 0.001, 'min_split_gain': 0.0, 'n_estimators': 100, 'n_jobs': -1, 'num_leaves': 31, 'objective': None, 'random_state': 42, 'reg_alpha': 0.0, 'reg_lambda': 0.0, 'subsample': 1.0, 'subsample_for_bin': 200000, 'subsample_freq': 0, 'verbose': -1}",2025-08-14_220927
LightGBM,T_vs_I,42,True,2,0.9365079365079365,0.6461538461538462,experiment_results_statistical_IL_top_10_video_2025-08-14_220927_early_stop/lightgbm_T_vs_I_2025-08-14_220927_seed42_early_stop.pkl,"{'boosting_type': 'gbdt', 'class_weight': None, 'colsample_bytree': 1.0, 'importance_type': 'split', 'learning_rate': 0.1, 'max_depth': -1, 'min_child_samples': 20, 'min_child_weight': 0.001, 'min_split_gain': 0.0, 'n_estimators': 100, 'n_jobs': -1, 'num_leaves': 31, 'objective': None, 'random_state': 42, 'reg_alpha': 0.0, 'reg_lambda': 0.0, 'subsample': 1.0, 'subsample_for_bin': 200000, 'subsample_freq': 0, 'verbose': -1}",2025-08-14_220927
LightGBM,T_vs_I,42,True,3,1.0,0.7692307692307693,experiment_results_statistical_IL_top_10_video_2025-08-14_220927_early_stop/lightgbm_T_vs_I_2025-08-14_220927_seed42_early_stop.pkl,"{'boosting_type': 'gbdt', 'class_weight': None, 'colsample_bytree': 1.0, 'importance_type': 'split', 'learning_rate': 0.1, 'max_depth': -1, 'min_child_samples': 20, 'min_child_weight': 0.001, 'min_split_gain': 0.0, 'n_estimators': 100, 'n_jobs': -1, 'num_leaves': 31, 'objective': None, 'random_state': 42, 'reg_alpha': 0.0, 'reg_lambda': 0.0, 'subsample': 1.0, 'subsample_for_bin': 200000, 'subsample_freq': 0, 'verbose': -1}",2025-08-14_220927
LightGBM,T_vs_I,42,True,4,1.0,0.8153846153846154,experiment_results_statistical_IL_top_10_video_2025-08-14_220927_early_stop/lightgbm_T_vs_I_2025-08-14_220927_seed42_early_stop.pkl,"{'boosting_type': 'gbdt', 'class_weight': None, 'colsample_bytree': 1.0, 'importance_type': 'split', 'learning_rate': 0.1, 'max_depth': -1, 'min_child_samples': 20, 'min_child_weight': 0.001, 'min_split_gain': 0.0, 'n_estimators': 100, 'n_jobs': -1, 'num_leaves': 31, 'objective': None, 'random_state': 42, 'reg_alpha': 0.0, 'reg_lambda': 0.0, 'subsample': 1.0, 'subsample_for_bin': 200000, 'subsample_freq': 0, 'verbose': -1}",2025-08-14_220927
LightGBM,T_vs_I,42,True,5,1.0,0.8461538461538461,experiment_results_statistical_IL_top_10_video_2025-08-14_220927_early_stop/lightgbm_T_vs_I_2025-08-14_220927_seed42_early_stop.pkl,"{'boosting_type': 'gbdt', 'class_weight': None, 'colsample_bytree': 1.0, 'importance_type': 'split', 'learning_rate': 0.1, 'max_depth': -1, 'min_child_samples': 20, 'min_child_weight': 0.001, 'min_split_gain': 0.0, 'n_estimators': 100, 'n_jobs': -1, 'num_leaves': 31, 'objective': None, 'random_state': 42, 'reg_alpha': 0.0, 'reg_lambda': 0.0, 'subsample': 1.0, 'subsample_for_bin': 200000, 'subsample_freq': 0, 'verbose': -1}",2025-08-14_220927
ExtraTrees,T_vs_I,42,True,1,0.8571428571428571,0.6307692307692307,experiment_results_statistical_IL_top_10_video_2025-08-14_220927_early_stop/extratrees_T_vs_I_2025-08-14_220927_seed42_early_stop.pkl,"{'bootstrap': False, 'ccp_alpha': 0.0, 'class_weight': None, 'criterion': 'gini', 'max_depth': None, 'max_features': 'sqrt', 'max_leaf_nodes': None, 'max_samples': None, 'min_impurity_decrease': 0.0, 'min_samples_leaf': 1, 'min_samples_split': 2, 'min_weight_fraction_leaf': 0.0, 'monotonic_cst': None, 'n_estimators': 100, 'n_jobs': -1, 'oob_score': False, 'random_state': 42, 'verbose': 0, 'warm_start': False}",2025-08-14_220927
ExtraTrees,T_vs_I,42,True,2,0.9365079365079365,0.8769230769230769,experiment_results_statistical_IL_top_10_video_2025-08-14_220927_early_stop/extratrees_T_vs_I_2025-08-14_220927_seed42_early_stop.pkl,"{'bootstrap': False, 'ccp_alpha': 0.0, 'class_weight': None, 'criterion': 'gini', 'max_depth': None, 'max_features': 'sqrt', 'max_leaf_nodes': None, 'max_samples': None, 'min_impurity_decrease': 0.0, 'min_samples_leaf': 1, 'min_samples_split': 2, 'min_weight_fraction_leaf': 0.0, 'monotonic_cst': None, 'n_estimators': 100, 'n_jobs': -1, 'oob_score': False, 'random_state': 42, 'verbose': 0, 'warm_start': False}",2025-08-14_220927
ExtraTrees,T_vs_I,42,True,3,1.0,1.0,experiment_results_statistical_IL_top_10_video_2025-08-14_220927_early_stop/extratrees_T_vs_I_2025-08-14_220927_seed42_early_stop.pkl,"{'bootstrap': False, 'ccp_alpha': 0.0, 'class_weight': None, 'criterion': 'gini', 'max_depth': None, 'max_features': 'sqrt', 'max_leaf_nodes': None, 'max_samples': None, 'min_impurity_decrease': 0.0, 'min_samples_leaf': 1, 'min_samples_split': 2, 'min_weight_fraction_leaf': 0.0, 'monotonic_cst': None, 'n_estimators': 100, 'n_jobs': -1, 'oob_score': False, 'random_state': 42, 'verbose': 0, 'warm_start': False}",2025-08-14_220927
ExtraTrees,T_vs_I,42,True,4,1.0,1.0,experiment_results_statistical_IL_top_10_video_2025-08-14_220927_early_stop/extratrees_T_vs_I_2025-08-14_220927_seed42_early_stop.pkl,"{'bootstrap': False, 'ccp_alpha': 0.0, 'class_weight': None, 'criterion': 'gini', 'max_depth': None, 'max_features': 'sqrt', 'max_leaf_nodes': None, 'max_samples': None, 'min_impurity_decrease': 0.0, 'min_samples_leaf': 1, 'min_samples_split': 2, 'min_weight_fraction_leaf': 0.0, 'monotonic_cst': None, 'n_estimators': 100, 'n_jobs': -1, 'oob_score': False, 'random_state': 42, 'verbose': 0, 'warm_start': False}",2025-08-14_220927
ExtraTrees,T_vs_I,42,True,5,1.0,1.0,experiment_results_statistical_IL_top_10_video_2025-08-14_220927_early_stop/extratrees_T_vs_I_2025-08-14_220927_seed42_early_stop.pkl,"{'bootstrap': False, 'ccp_alpha': 0.0, 'class_weight': None, 'criterion': 'gini', 'max_depth': None, 'max_features': 'sqrt', 'max_leaf_nodes': None, 'max_samples': None, 'min_impurity_decrease': 0.0, 'min_samples_leaf': 1, 'min_samples_split': 2, 'min_weight_fraction_leaf': 0.0, 'monotonic_cst': None, 'n_estimators': 100, 'n_jobs': -1, 'oob_score': False, 'random_state': 42, 'verbose': 0, 'warm_start': False}",2025-08-14_220927
GradientBoosting,T_vs_I,42,True,1,0.8571428571428571,0.6,experiment_results_statistical_IL_top_10_video_2025-08-14_220927_early_stop/gradientboosting_T_vs_I_2025-08-14_220927_seed42_early_stop.pkl,"{'ccp_alpha': 0.0, 'criterion': 'friedman_mse', 'init': None, 'learning_rate': 0.1, 'loss': 'log_loss', 'max_depth': 3, 'max_features': None, 'max_leaf_nodes': None, 'min_impurity_decrease': 0.0, 'min_samples_leaf': 1, 'min_samples_split': 2, 'min_weight_fraction_leaf': 0.0, 'n_estimators': 100, 'n_iter_no_change': None, 'random_state': 42, 'subsample': 1.0, 'tol': 0.0001, 'validation_fraction': 0.1, 'verbose': 0, 'warm_start': False}",2025-08-14_220927
GradientBoosting,T_vs_I,42,True,2,0.9365079365079365,0.7846153846153846,experiment_results_statistical_IL_top_10_video_2025-08-14_220927_early_stop/gradientboosting_T_vs_I_2025-08-14_220927_seed42_early_stop.pkl,"{'ccp_alpha': 0.0, 'criterion': 'friedman_mse', 'init': None, 'learning_rate': 0.1, 'loss': 'log_loss', 'max_depth': 3, 'max_features': None, 'max_leaf_nodes': None, 'min_impurity_decrease': 0.0, 'min_samples_leaf': 1, 'min_samples_split': 2, 'min_weight_fraction_leaf': 0.0, 'n_estimators': 100, 'n_iter_no_change': None, 'random_state': 42, 'subsample': 1.0, 'tol': 0.0001, 'validation_fraction': 0.1, 'verbose': 0, 'warm_start': False}",2025-08-14_220927
GradientBoosting,T_vs_I,42,True,3,1.0,0.9230769230769231,experiment_results_statistical_IL_top_10_video_2025-08-14_220927_early_stop/gradientboosting_T_vs_I_2025-08-14_220927_seed42_early_stop.pkl,"{'ccp_alpha': 0.0, 'criterion': 'friedman_mse', 'init': None, 'learning_rate': 0.1, 'loss': 'log_loss', 'max_depth': 3, 'max_features': None, 'max_leaf_nodes': None, 'min_impurity_decrease': 0.0, 'min_samples_leaf': 1, 'min_samples_split': 2, 'min_weight_fraction_leaf': 0.0, 'n_estimators': 100, 'n_iter_no_change': None, 'random_state': 42, 'subsample': 1.0, 'tol': 0.0001, 'validation_fraction': 0.1, 'verbose': 0, 'warm_start': False}",2025-08-14_220927
GradientBoosting,T_vs_I,42,True,4,1.0,0.9230769230769231,experiment_results_statistical_IL_top_10_video_2025-08-14_220927_early_stop/gradientboosting_T_vs_I_2025-08-14_220927_seed42_early_stop.pkl,"{'ccp_alpha': 0.0, 'criterion': 'friedman_mse', 'init': None, 'learning_rate': 0.1, 'loss': 'log_loss', 'max_depth': 3, 'max_features': None, 'max_leaf_nodes': None, 'min_impurity_decrease': 0.0, 'min_samples_leaf': 1, 'min_samples_split': 2, 'min_weight_fraction_leaf': 0.0, 'n_estimators': 100, 'n_iter_no_change': None, 'random_state': 42, 'subsample': 1.0, 'tol': 0.0001, 'validation_fraction': 0.1, 'verbose': 0, 'warm_start': False}",2025-08-14_220927
GradientBoosting,T_vs_I,42,True,5,1.0,0.9230769230769231,experiment_results_statistical_IL_top_10_video_2025-08-14_220927_early_stop/gradientboosting_T_vs_I_2025-08-14_220927_seed42_early_stop.pkl,"{'ccp_alpha': 0.0, 'criterion': 'friedman_mse', 'init': None, 'learning_rate': 0.1, 'loss': 'log_loss', 'max_depth': 3, 'max_features': None, 'max_leaf_nodes': None, 'min_impurity_decrease': 0.0, 'min_samples_leaf': 1, 'min_samples_split': 2, 'min_weight_fraction_leaf': 0.0, 'n_estimators': 100, 'n_iter_no_change': None, 'random_state': 42, 'subsample': 1.0, 'tol': 0.0001, 'validation_fraction': 0.1, 'verbose': 0, 'warm_start': False}",2025-08-14_220927
KNN,T_vs_I,42,True,1,0.47619047619047616,0.35384615384615387,experiment_results_statistical_IL_top_10_video_2025-08-14_220927_early_stop/knn_T_vs_I_2025-08-14_220927_seed42_early_stop.pkl,"{'algorithm': 'auto', 'leaf_size': 30, 'metric': 'minkowski', 'metric_params': None, 'n_jobs': -1, 'n_neighbors': 5, 'p': 2, 'weights': 'uniform'}",2025-08-14_220927
KNN,T_vs_I,42,True,2,0.7777777777777778,0.6,experiment_results_statistical_IL_top_10_video_2025-08-14_220927_early_stop/knn_T_vs_I_2025-08-14_220927_seed42_early_stop.pkl,"{'algorithm': 'auto', 'leaf_size': 30, 'metric': 'minkowski', 'metric_params': None, 'n_jobs': -1, 'n_neighbors': 5, 'p': 2, 'weights': 'uniform'}",2025-08-14_220927
KNN,T_vs_I,42,True,3,0.8571428571428571,0.6923076923076923,experiment_results_statistical_IL_top_10_video_2025-08-14_220927_early_stop/knn_T_vs_I_2025-08-14_220927_seed42_early_stop.pkl,"{'algorithm': 'auto', 'leaf_size': 30, 'metric': 'minkowski', 'metric_params': None, 'n_jobs': -1, 'n_neighbors': 5, 'p': 2, 'weights': 'uniform'}",2025-08-14_220927
KNN,T_vs_I,42,True,4,0.8888888888888888,0.7692307692307693,experiment_results_statistical_IL_top_10_video_2025-08-14_220927_early_stop/knn_T_vs_I_2025-08-14_220927_seed42_early_stop.pkl,"{'algorithm': 'auto', 'leaf_size': 30, 'metric': 'minkowski', 'metric_params': None, 'n_jobs': -1, 'n_neighbors': 5, 'p': 2, 'weights': 'uniform'}",2025-08-14_220927
KNN,T_vs_I,42,True,5,0.9047619047619048,0.7846153846153846,experiment_results_statistical_IL_top_10_video_2025-08-14_220927_early_stop/knn_T_vs_I_2025-08-14_220927_seed42_early_stop.pkl,"{'algorithm': 'auto', 'leaf_size': 30, 'metric': 'minkowski', 'metric_params': None, 'n_jobs': -1, 'n_neighbors': 5, 'p': 2, 'weights': 'uniform'}",2025-08-14_220927
LogisticRegression,T_vs_I,42,True,1,0.3968253968253968,0.23076923076923078,experiment_results_statistical_IL_top_10_video_2025-08-14_220927_early_stop/logisticregression_T_vs_I_2025-08-14_220927_seed42_early_stop.pkl,"{'C': 1.0, 'class_weight': None, 'dual': False, 'fit_intercept': True, 'intercept_scaling': 1, 'l1_ratio': None, 'max_iter': 100, 'multi_class': 'deprecated', 'n_jobs': -1, 'penalty': 'l2', 'random_state': 42, 'solver': 'lbfgs', 'tol': 0.0001, 'verbose': 0, 'warm_start': False}",2025-08-14_220927
LogisticRegression,T_vs_I,42,True,2,0.6349206349206349,0.4461538461538462,experiment_results_statistical_IL_top_10_video_2025-08-14_220927_early_stop/logisticregression_T_vs_I_2025-08-14_220927_seed42_early_stop.pkl,"{'C': 1.0, 'class_weight': None, 'dual': False, 'fit_intercept': True, 'intercept_scaling': 1, 'l1_ratio': None, 'max_iter': 100, 'multi_class': 'deprecated', 'n_jobs': -1, 'penalty': 'l2', 'random_state': 42, 'solver': 'lbfgs', 'tol': 0.0001, 'verbose': 0, 'warm_start': False}",2025-08-14_220927
LogisticRegression,T_vs_I,42,True,3,0.8253968253968254,0.6923076923076923,experiment_results_statistical_IL_top_10_video_2025-08-14_220927_early_stop/logisticregression_T_vs_I_2025-08-14_220927_seed42_early_stop.pkl,"{'C': 1.0, 'class_weight': None, 'dual': False, 'fit_intercept': True, 'intercept_scaling': 1, 'l1_ratio': None, 'max_iter': 100, 'multi_class': 'deprecated', 'n_jobs': -1, 'penalty': 'l2', 'random_state': 42, 'solver': 'lbfgs', 'tol': 0.0001, 'verbose': 0, 'warm_start': False}",2025-08-14_220927
LogisticRegression,T_vs_I,42,True,4,0.8412698412698413,0.7692307692307693,experiment_results_statistical_IL_top_10_video_2025-08-14_220927_early_stop/logisticregression_T_vs_I_2025-08-14_220927_seed42_early_stop.pkl,"{'C': 1.0, 'class_weight': None, 'dual': False, 'fit_intercept': True, 'intercept_scaling': 1, 'l1_ratio': None, 'max_iter': 100, 'multi_class': 'deprecated', 'n_jobs': -1, 'penalty': 'l2', 'random_state': 42, 'solver': 'lbfgs', 'tol': 0.0001, 'verbose': 0, 'warm_start': False}",2025-08-14_220927
LogisticRegression,T_vs_I,42,True,5,0.8571428571428571,0.8153846153846154,experiment_results_statistical_IL_top_10_video_2025-08-14_220927_early_stop/logisticregression_T_vs_I_2025-08-14_220927_seed42_early_stop.pkl,"{'C': 1.0, 'class_weight': None, 'dual': False, 'fit_intercept': True, 'intercept_scaling': 1, 'l1_ratio': None, 'max_iter': 100, 'multi_class': 'deprecated', 'n_jobs': -1, 'penalty': 'l2', 'random_state': 42, 'solver': 'lbfgs', 'tol': 0.0001, 'verbose': 0, 'warm_start': False}",2025-08-14_220927
RandomForest,T_vs_I,123,True,1,0.8412698412698413,0.5846153846153846,experiment_results_statistical_IL_top_10_video_2025-08-14_220927_early_stop/randomforest_T_vs_I_2025-08-14_220927_seed123_early_stop.pkl,"{'bootstrap': True, 'max_depth': 10, 'max_features': 'sqrt', 'min_samples_leaf': 2, 'min_samples_split': 10, 'n_estimators': 100}",2025-08-14_220927
RandomForest,T_vs_I,123,True,2,0.9365079365079365,0.8615384615384616,experiment_results_statistical_IL_top_10_video_2025-08-14_220927_early_stop/randomforest_T_vs_I_2025-08-14_220927_seed123_early_stop.pkl,"{'bootstrap': True, 'max_depth': 10, 'max_features': 'sqrt', 'min_samples_leaf': 2, 'min_samples_split': 10, 'n_estimators': 100}",2025-08-14_220927
RandomForest,T_vs_I,123,True,3,1.0,1.0,experiment_results_statistical_IL_top_10_video_2025-08-14_220927_early_stop/randomforest_T_vs_I_2025-08-14_220927_seed123_early_stop.pkl,"{'bootstrap': True, 'max_depth': 10, 'max_features': 'sqrt', 'min_samples_leaf': 2, 'min_samples_split': 10, 'n_estimators': 100}",2025-08-14_220927
RandomForest,T_vs_I,123,True,4,1.0,1.0,experiment_results_statistical_IL_top_10_video_2025-08-14_220927_early_stop/randomforest_T_vs_I_2025-08-14_220927_seed123_early_stop.pkl,"{'bootstrap': True, 'max_depth': 10, 'max_features': 'sqrt', 'min_samples_leaf': 2, 'min_samples_split': 10, 'n_estimators': 100}",2025-08-14_220927
RandomForest,T_vs_I,123,True,5,1.0,1.0,experiment_results_statistical_IL_top_10_video_2025-08-14_220927_early_stop/randomforest_T_vs_I_2025-08-14_220927_seed123_early_stop.pkl,"{'bootstrap': True, 'max_depth': 10, 'max_features': 'sqrt', 'min_samples_leaf': 2, 'min_samples_split': 10, 'n_estimators': 100}",2025-08-14_220927
XGBoost,T_vs_I,123,True,1,0.8571428571428571,0.5692307692307692,experiment_results_statistical_IL_top_10_video_2025-08-14_220927_early_stop/xgboost_T_vs_I_2025-08-14_220927_seed123_early_stop.pkl,"{'colsample_bytree': 0.8, 'device': 'cpu', 'learning_rate': 0.1, 'max_depth': 4, 'n_estimators': 1000, 'reg_lambda': 3, 'subsample': 0.8}",2025-08-14_220927
XGBoost,T_vs_I,123,True,2,0.9365079365079365,0.7230769230769231,experiment_results_statistical_IL_top_10_video_2025-08-14_220927_early_stop/xgboost_T_vs_I_2025-08-14_220927_seed123_early_stop.pkl,"{'colsample_bytree': 0.8, 'device': 'cpu', 'learning_rate': 0.1, 'max_depth': 4, 'n_estimators': 1000, 'reg_lambda': 3, 'subsample': 0.8}",2025-08-14_220927
XGBoost,T_vs_I,123,True,3,1.0,0.8769230769230769,experiment_results_statistical_IL_top_10_video_2025-08-14_220927_early_stop/xgboost_T_vs_I_2025-08-14_220927_seed123_early_stop.pkl,"{'colsample_bytree': 0.8, 'device': 'cpu', 'learning_rate': 0.1, 'max_depth': 4, 'n_estimators': 1000, 'reg_lambda': 3, 'subsample': 0.8}",2025-08-14_220927
XGBoost,T_vs_I,123,True,4,1.0,0.9538461538461539,experiment_results_statistical_IL_top_10_video_2025-08-14_220927_early_stop/xgboost_T_vs_I_2025-08-14_220927_seed123_early_stop.pkl,"{'colsample_bytree': 0.8, 'device': 'cpu', 'learning_rate': 0.1, 'max_depth': 4, 'n_estimators': 1000, 'reg_lambda': 3, 'subsample': 0.8}",2025-08-14_220927
XGBoost,T_vs_I,123,True,5,1.0,0.9538461538461539,experiment_results_statistical_IL_top_10_video_2025-08-14_220927_early_stop/xgboost_T_vs_I_2025-08-14_220927_seed123_early_stop.pkl,"{'colsample_bytree': 0.8, 'device': 'cpu', 'learning_rate': 0.1, 'max_depth': 4, 'n_estimators': 1000, 'reg_lambda': 3, 'subsample': 0.8}",2025-08-14_220927
CatBoost,T_vs_I,123,True,1,0.8571428571428571,0.5846153846153846,experiment_results_statistical_IL_top_10_video_2025-08-14_220927_early_stop/catboost_T_vs_I_2025-08-14_220927_seed123_early_stop.pkl,"{'border_count': 32, 'depth': 4, 'iterations': 1000, 'l2_leaf_reg': 5, 'learning_rate': 0.1}",2025-08-14_220927
CatBoost,T_vs_I,123,True,2,0.9365079365079365,0.8615384615384616,experiment_results_statistical_IL_top_10_video_2025-08-14_220927_early_stop/catboost_T_vs_I_2025-08-14_220927_seed123_early_stop.pkl,"{'border_count': 32, 'depth': 4, 'iterations': 1000, 'l2_leaf_reg': 5, 'learning_rate': 0.1}",2025-08-14_220927
CatBoost,T_vs_I,123,True,3,1.0,0.9846153846153847,experiment_results_statistical_IL_top_10_video_2025-08-14_220927_early_stop/catboost_T_vs_I_2025-08-14_220927_seed123_early_stop.pkl,"{'border_count': 32, 'depth': 4, 'iterations': 1000, 'l2_leaf_reg': 5, 'learning_rate': 0.1}",2025-08-14_220927
CatBoost,T_vs_I,123,True,4,1.0,1.0,experiment_results_statistical_IL_top_10_video_2025-08-14_220927_early_stop/catboost_T_vs_I_2025-08-14_220927_seed123_early_stop.pkl,"{'border_count': 32, 'depth': 4, 'iterations': 1000, 'l2_leaf_reg': 5, 'learning_rate': 0.1}",2025-08-14_220927
CatBoost,T_vs_I,123,True,5,1.0,1.0,experiment_results_statistical_IL_top_10_video_2025-08-14_220927_early_stop/catboost_T_vs_I_2025-08-14_220927_seed123_early_stop.pkl,"{'border_count': 32, 'depth': 4, 'iterations': 1000, 'l2_leaf_reg': 5, 'learning_rate': 0.1}",2025-08-14_220927
SVM,T_vs_I,123,True,1,0.5079365079365079,0.4307692307692308,experiment_results_statistical_IL_top_10_video_2025-08-14_220927_early_stop/svm_T_vs_I_2025-08-14_220927_seed123_early_stop.pkl,"{'C': 1, 'decision_function_shape': 'ovo', 'gamma': 'scale', 'kernel': 'rbf'}",2025-08-14_220927
SVM,T_vs_I,123,True,2,0.7936507936507936,0.6461538461538462,experiment_results_statistical_IL_top_10_video_2025-08-14_220927_early_stop/svm_T_vs_I_2025-08-14_220927_seed123_early_stop.pkl,"{'C': 1, 'decision_function_shape': 'ovo', 'gamma': 'scale', 'kernel': 'rbf'}",2025-08-14_220927
SVM,T_vs_I,123,True,3,0.8888888888888888,0.8307692307692308,experiment_results_statistical_IL_top_10_video_2025-08-14_220927_early_stop/svm_T_vs_I_2025-08-14_220927_seed123_early_stop.pkl,"{'C': 1, 'decision_function_shape': 'ovo', 'gamma': 'scale', 'kernel': 'rbf'}",2025-08-14_220927
SVM,T_vs_I,123,True,4,0.9047619047619048,0.8923076923076924,experiment_results_statistical_IL_top_10_video_2025-08-14_220927_early_stop/svm_T_vs_I_2025-08-14_220927_seed123_early_stop.pkl,"{'C': 1, 'decision_function_shape': 'ovo', 'gamma': 'scale', 'kernel': 'rbf'}",2025-08-14_220927
SVM,T_vs_I,123,True,5,0.9365079365079365,0.9230769230769231,experiment_results_statistical_IL_top_10_video_2025-08-14_220927_early_stop/svm_T_vs_I_2025-08-14_220927_seed123_early_stop.pkl,"{'C': 1, 'decision_function_shape': 'ovo', 'gamma': 'scale', 'kernel': 'rbf'}",2025-08-14_220927
MLP,T_vs_I,123,True,1,0.09523809523809523,0.09230769230769231,experiment_results_statistical_IL_top_10_video_2025-08-14_220927_early_stop/mlp_T_vs_I_2025-08-14_220927_seed123_early_stop.pkl,"{'activation': 'tanh', 'alpha': 0.0001, 'batch_size': 36, 'early_stopping': True, 'hidden_layer_sizes': [50], 'learning_rate': 'constant', 'learning_rate_init': 0.01, 'max_iter': 2000, 'solver': 'adam'}",2025-08-14_220927
MLP,T_vs_I,123,True,2,0.19047619047619047,0.18461538461538463,experiment_results_statistical_IL_top_10_video_2025-08-14_220927_early_stop/mlp_T_vs_I_2025-08-14_220927_seed123_early_stop.pkl,"{'activation': 'tanh', 'alpha': 0.0001, 'batch_size': 36, 'early_stopping': True, 'hidden_layer_sizes': [50], 'learning_rate': 'constant', 'learning_rate_init': 0.01, 'max_iter': 2000, 'solver': 'adam'}",2025-08-14_220927
MLP,T_vs_I,123,True,3,0.25396825396825395,0.27692307692307694,experiment_results_statistical_IL_top_10_video_2025-08-14_220927_early_stop/mlp_T_vs_I_2025-08-14_220927_seed123_early_stop.pkl,"{'activation': 'tanh', 'alpha': 0.0001, 'batch_size': 36, 'early_stopping': True, 'hidden_layer_sizes': [50], 'learning_rate': 'constant', 'learning_rate_init': 0.01, 'max_iter': 2000, 'solver': 'adam'}",2025-08-14_220927
MLP,T_vs_I,123,True,4,0.3492063492063492,0.36923076923076925,experiment_results_statistical_IL_top_10_video_2025-08-14_220927_early_stop/mlp_T_vs_I_2025-08-14_220927_seed123_early_stop.pkl,"{'activation': 'tanh', 'alpha': 0.0001, 'batch_size': 36, 'early_stopping': True, 'hidden_layer_sizes': [50], 'learning_rate': 'constant', 'learning_rate_init': 0.01, 'max_iter': 2000, 'solver': 'adam'}",2025-08-14_220927
MLP,T_vs_I,123,True,5,0.4444444444444444,0.46153846153846156,experiment_results_statistical_IL_top_10_video_2025-08-14_220927_early_stop/mlp_T_vs_I_2025-08-14_220927_seed123_early_stop.pkl,"{'activation': 'tanh', 'alpha': 0.0001, 'batch_size': 36, 'early_stopping': True, 'hidden_layer_sizes': [50], 'learning_rate': 'constant', 'learning_rate_init': 0.01, 'max_iter': 2000, 'solver': 'adam'}",2025-08-14_220927
NaiveBayes,T_vs_I,123,True,1,0.8571428571428571,0.5230769230769231,experiment_results_statistical_IL_top_10_video_2025-08-14_220927_early_stop/naivebayes_T_vs_I_2025-08-14_220927_seed123_early_stop.pkl,"{'priors': None, 'var_smoothing': 1e-09}",2025-08-14_220927
NaiveBayes,T_vs_I,123,True,2,0.9365079365079365,0.7076923076923077,experiment_results_statistical_IL_top_10_video_2025-08-14_220927_early_stop/naivebayes_T_vs_I_2025-08-14_220927_seed123_early_stop.pkl,"{'priors': None, 'var_smoothing': 1e-09}",2025-08-14_220927
NaiveBayes,T_vs_I,123,True,3,1.0,0.8615384615384616,experiment_results_statistical_IL_top_10_video_2025-08-14_220927_early_stop/naivebayes_T_vs_I_2025-08-14_220927_seed123_early_stop.pkl,"{'priors': None, 'var_smoothing': 1e-09}",2025-08-14_220927
NaiveBayes,T_vs_I,123,True,4,1.0,0.9076923076923077,experiment_results_statistical_IL_top_10_video_2025-08-14_220927_early_stop/naivebayes_T_vs_I_2025-08-14_220927_seed123_early_stop.pkl,"{'priors': None, 'var_smoothing': 1e-09}",2025-08-14_220927
NaiveBayes,T_vs_I,123,True,5,1.0,0.9230769230769231,experiment_results_statistical_IL_top_10_video_2025-08-14_220927_early_stop/naivebayes_T_vs_I_2025-08-14_220927_seed123_early_stop.pkl,"{'priors': None, 'var_smoothing': 1e-09}",2025-08-14_220927
LightGBM,T_vs_I,123,True,1,0.8571428571428571,0.5384615384615384,experiment_results_statistical_IL_top_10_video_2025-08-14_220927_early_stop/lightgbm_T_vs_I_2025-08-14_220927_seed123_early_stop.pkl,"{'boosting_type': 'gbdt', 'class_weight': None, 'colsample_bytree': 1.0, 'importance_type': 'split', 'learning_rate': 0.1, 'max_depth': -1, 'min_child_samples': 20, 'min_child_weight': 0.001, 'min_split_gain': 0.0, 'n_estimators': 100, 'n_jobs': -1, 'num_leaves': 31, 'objective': None, 'random_state': 123, 'reg_alpha': 0.0, 'reg_lambda': 0.0, 'subsample': 1.0, 'subsample_for_bin': 200000, 'subsample_freq': 0, 'verbose': -1}",2025-08-14_220927
LightGBM,T_vs_I,123,True,2,0.9365079365079365,0.6461538461538462,experiment_results_statistical_IL_top_10_video_2025-08-14_220927_early_stop/lightgbm_T_vs_I_2025-08-14_220927_seed123_early_stop.pkl,"{'boosting_type': 'gbdt', 'class_weight': None, 'colsample_bytree': 1.0, 'importance_type': 'split', 'learning_rate': 0.1, 'max_depth': -1, 'min_child_samples': 20, 'min_child_weight': 0.001, 'min_split_gain': 0.0, 'n_estimators': 100, 'n_jobs': -1, 'num_leaves': 31, 'objective': None, 'random_state': 123, 'reg_alpha': 0.0, 'reg_lambda': 0.0, 'subsample': 1.0, 'subsample_for_bin': 200000, 'subsample_freq': 0, 'verbose': -1}",2025-08-14_220927
LightGBM,T_vs_I,123,True,3,1.0,0.7692307692307693,experiment_results_statistical_IL_top_10_video_2025-08-14_220927_early_stop/lightgbm_T_vs_I_2025-08-14_220927_seed123_early_stop.pkl,"{'boosting_type': 'gbdt', 'class_weight': None, 'colsample_bytree': 1.0, 'importance_type': 'split', 'learning_rate': 0.1, 'max_depth': -1, 'min_child_samples': 20, 'min_child_weight': 0.001, 'min_split_gain': 0.0, 'n_estimators': 100, 'n_jobs': -1, 'num_leaves': 31, 'objective': None, 'random_state': 123, 'reg_alpha': 0.0, 'reg_lambda': 0.0, 'subsample': 1.0, 'subsample_for_bin': 200000, 'subsample_freq': 0, 'verbose': -1}",2025-08-14_220927
LightGBM,T_vs_I,123,True,4,1.0,0.8153846153846154,experiment_results_statistical_IL_top_10_video_2025-08-14_220927_early_stop/lightgbm_T_vs_I_2025-08-14_220927_seed123_early_stop.pkl,"{'boosting_type': 'gbdt', 'class_weight': None, 'colsample_bytree': 1.0, 'importance_type': 'split', 'learning_rate': 0.1, 'max_depth': -1, 'min_child_samples': 20, 'min_child_weight': 0.001, 'min_split_gain': 0.0, 'n_estimators': 100, 'n_jobs': -1, 'num_leaves': 31, 'objective': None, 'random_state': 123, 'reg_alpha': 0.0, 'reg_lambda': 0.0, 'subsample': 1.0, 'subsample_for_bin': 200000, 'subsample_freq': 0, 'verbose': -1}",2025-08-14_220927
LightGBM,T_vs_I,123,True,5,1.0,0.8461538461538461,experiment_results_statistical_IL_top_10_video_2025-08-14_220927_early_stop/lightgbm_T_vs_I_2025-08-14_220927_seed123_early_stop.pkl,"{'boosting_type': 'gbdt', 'class_weight': None, 'colsample_bytree': 1.0, 'importance_type': 'split', 'learning_rate': 0.1, 'max_depth': -1, 'min_child_samples': 20, 'min_child_weight': 0.001, 'min_split_gain': 0.0, 'n_estimators': 100, 'n_jobs': -1, 'num_leaves': 31, 'objective': None, 'random_state': 123, 'reg_alpha': 0.0, 'reg_lambda': 0.0, 'subsample': 1.0, 'subsample_for_bin': 200000, 'subsample_freq': 0, 'verbose': -1}",2025-08-14_220927
ExtraTrees,T_vs_I,123,True,1,0.8571428571428571,0.6,experiment_results_statistical_IL_top_10_video_2025-08-14_220927_early_stop/extratrees_T_vs_I_2025-08-14_220927_seed123_early_stop.pkl,"{'bootstrap': False, 'ccp_alpha': 0.0, 'class_weight': None, 'criterion': 'gini', 'max_depth': None, 'max_features': 'sqrt', 'max_leaf_nodes': None, 'max_samples': None, 'min_impurity_decrease': 0.0, 'min_samples_leaf': 1, 'min_samples_split': 2, 'min_weight_fraction_leaf': 0.0, 'monotonic_cst': None, 'n_estimators': 100, 'n_jobs': -1, 'oob_score': False, 'random_state': 123, 'verbose': 0, 'warm_start': False}",2025-08-14_220927
ExtraTrees,T_vs_I,123,True,2,0.9365079365079365,0.8923076923076924,experiment_results_statistical_IL_top_10_video_2025-08-14_220927_early_stop/extratrees_T_vs_I_2025-08-14_220927_seed123_early_stop.pkl,"{'bootstrap': False, 'ccp_alpha': 0.0, 'class_weight': None, 'criterion': 'gini', 'max_depth': None, 'max_features': 'sqrt', 'max_leaf_nodes': None, 'max_samples': None, 'min_impurity_decrease': 0.0, 'min_samples_leaf': 1, 'min_samples_split': 2, 'min_weight_fraction_leaf': 0.0, 'monotonic_cst': None, 'n_estimators': 100, 'n_jobs': -1, 'oob_score': False, 'random_state': 123, 'verbose': 0, 'warm_start': False}",2025-08-14_220927
ExtraTrees,T_vs_I,123,True,3,1.0,1.0,experiment_results_statistical_IL_top_10_video_2025-08-14_220927_early_stop/extratrees_T_vs_I_2025-08-14_220927_seed123_early_stop.pkl,"{'bootstrap': False, 'ccp_alpha': 0.0, 'class_weight': None, 'criterion': 'gini', 'max_depth': None, 'max_features': 'sqrt', 'max_leaf_nodes': None, 'max_samples': None, 'min_impurity_decrease': 0.0, 'min_samples_leaf': 1, 'min_samples_split': 2, 'min_weight_fraction_leaf': 0.0, 'monotonic_cst': None, 'n_estimators': 100, 'n_jobs': -1, 'oob_score': False, 'random_state': 123, 'verbose': 0, 'warm_start': False}",2025-08-14_220927
ExtraTrees,T_vs_I,123,True,4,1.0,1.0,experiment_results_statistical_IL_top_10_video_2025-08-14_220927_early_stop/extratrees_T_vs_I_2025-08-14_220927_seed123_early_stop.pkl,"{'bootstrap': False, 'ccp_alpha': 0.0, 'class_weight': None, 'criterion': 'gini', 'max_depth': None, 'max_features': 'sqrt', 'max_leaf_nodes': None, 'max_samples': None, 'min_impurity_decrease': 0.0, 'min_samples_leaf': 1, 'min_samples_split': 2, 'min_weight_fraction_leaf': 0.0, 'monotonic_cst': None, 'n_estimators': 100, 'n_jobs': -1, 'oob_score': False, 'random_state': 123, 'verbose': 0, 'warm_start': False}",2025-08-14_220927
ExtraTrees,T_vs_I,123,True,5,1.0,1.0,experiment_results_statistical_IL_top_10_video_2025-08-14_220927_early_stop/extratrees_T_vs_I_2025-08-14_220927_seed123_early_stop.pkl,"{'bootstrap': False, 'ccp_alpha': 0.0, 'class_weight': None, 'criterion': 'gini', 'max_depth': None, 'max_features': 'sqrt', 'max_leaf_nodes': None, 'max_samples': None, 'min_impurity_decrease': 0.0, 'min_samples_leaf': 1, 'min_samples_split': 2, 'min_weight_fraction_leaf': 0.0, 'monotonic_cst': None, 'n_estimators': 100, 'n_jobs': -1, 'oob_score': False, 'random_state': 123, 'verbose': 0, 'warm_start': False}",2025-08-14_220927
GradientBoosting,T_vs_I,123,True,1,0.8571428571428571,0.6,experiment_results_statistical_IL_top_10_video_2025-08-14_220927_early_stop/gradientboosting_T_vs_I_2025-08-14_220927_seed123_early_stop.pkl,"{'ccp_alpha': 0.0, 'criterion': 'friedman_mse', 'init': None, 'learning_rate': 0.1, 'loss': 'log_loss', 'max_depth': 3, 'max_features': None, 'max_leaf_nodes': None, 'min_impurity_decrease': 0.0, 'min_samples_leaf': 1, 'min_samples_split': 2, 'min_weight_fraction_leaf': 0.0, 'n_estimators': 100, 'n_iter_no_change': None, 'random_state': 123, 'subsample': 1.0, 'tol': 0.0001, 'validation_fraction': 0.1, 'verbose': 0, 'warm_start': False}",2025-08-14_220927
GradientBoosting,T_vs_I,123,True,2,0.9365079365079365,0.7846153846153846,experiment_results_statistical_IL_top_10_video_2025-08-14_220927_early_stop/gradientboosting_T_vs_I_2025-08-14_220927_seed123_early_stop.pkl,"{'ccp_alpha': 0.0, 'criterion': 'friedman_mse', 'init': None, 'learning_rate': 0.1, 'loss': 'log_loss', 'max_depth': 3, 'max_features': None, 'max_leaf_nodes': None, 'min_impurity_decrease': 0.0, 'min_samples_leaf': 1, 'min_samples_split': 2, 'min_weight_fraction_leaf': 0.0, 'n_estimators': 100, 'n_iter_no_change': None, 'random_state': 123, 'subsample': 1.0, 'tol': 0.0001, 'validation_fraction': 0.1, 'verbose': 0, 'warm_start': False}",2025-08-14_220927
GradientBoosting,T_vs_I,123,True,3,1.0,0.9230769230769231,experiment_results_statistical_IL_top_10_video_2025-08-14_220927_early_stop/gradientboosting_T_vs_I_2025-08-14_220927_seed123_early_stop.pkl,"{'ccp_alpha': 0.0, 'criterion': 'friedman_mse', 'init': None, 'learning_rate': 0.1, 'loss': 'log_loss', 'max_depth': 3, 'max_features': None, 'max_leaf_nodes': None, 'min_impurity_decrease': 0.0, 'min_samples_leaf': 1, 'min_samples_split': 2, 'min_weight_fraction_leaf': 0.0, 'n_estimators': 100, 'n_iter_no_change': None, 'random_state': 123, 'subsample': 1.0, 'tol': 0.0001, 'validation_fraction': 0.1, 'verbose': 0, 'warm_start': False}",2025-08-14_220927
GradientBoosting,T_vs_I,123,True,4,1.0,0.9230769230769231,experiment_results_statistical_IL_top_10_video_2025-08-14_220927_early_stop/gradientboosting_T_vs_I_2025-08-14_220927_seed123_early_stop.pkl,"{'ccp_alpha': 0.0, 'criterion': 'friedman_mse', 'init': None, 'learning_rate': 0.1, 'loss': 'log_loss', 'max_depth': 3, 'max_features': None, 'max_leaf_nodes': None, 'min_impurity_decrease': 0.0, 'min_samples_leaf': 1, 'min_samples_split': 2, 'min_weight_fraction_leaf': 0.0, 'n_estimators': 100, 'n_iter_no_change': None, 'random_state': 123, 'subsample': 1.0, 'tol': 0.0001, 'validation_fraction': 0.1, 'verbose': 0, 'warm_start': False}",2025-08-14_220927
GradientBoosting,T_vs_I,123,True,5,1.0,0.9230769230769231,experiment_results_statistical_IL_top_10_video_2025-08-14_220927_early_stop/gradientboosting_T_vs_I_2025-08-14_220927_seed123_early_stop.pkl,"{'ccp_alpha': 0.0, 'criterion': 'friedman_mse', 'init': None, 'learning_rate': 0.1, 'loss': 'log_loss', 'max_depth': 3, 'max_features': None, 'max_leaf_nodes': None, 'min_impurity_decrease': 0.0, 'min_samples_leaf': 1, 'min_samples_split': 2, 'min_weight_fraction_leaf': 0.0, 'n_estimators': 100, 'n_iter_no_change': None, 'random_state': 123, 'subsample': 1.0, 'tol': 0.0001, 'validation_fraction': 0.1, 'verbose': 0, 'warm_start': False}",2025-08-14_220927
KNN,T_vs_I,123,True,1,0.47619047619047616,0.35384615384615387,experiment_results_statistical_IL_top_10_video_2025-08-14_220927_early_stop/knn_T_vs_I_2025-08-14_220927_seed123_early_stop.pkl,"{'algorithm': 'auto', 'leaf_size': 30, 'metric': 'minkowski', 'metric_params': None, 'n_jobs': -1, 'n_neighbors': 5, 'p': 2, 'weights': 'uniform'}",2025-08-14_220927
KNN,T_vs_I,123,True,2,0.7777777777777778,0.6,experiment_results_statistical_IL_top_10_video_2025-08-14_220927_early_stop/knn_T_vs_I_2025-08-14_220927_seed123_early_stop.pkl,"{'algorithm': 'auto', 'leaf_size': 30, 'metric': 'minkowski', 'metric_params': None, 'n_jobs': -1, 'n_neighbors': 5, 'p': 2, 'weights': 'uniform'}",2025-08-14_220927
KNN,T_vs_I,123,True,3,0.8571428571428571,0.6923076923076923,experiment_results_statistical_IL_top_10_video_2025-08-14_220927_early_stop/knn_T_vs_I_2025-08-14_220927_seed123_early_stop.pkl,"{'algorithm': 'auto', 'leaf_size': 30, 'metric': 'minkowski', 'metric_params': None, 'n_jobs': -1, 'n_neighbors': 5, 'p': 2, 'weights': 'uniform'}",2025-08-14_220927
KNN,T_vs_I,123,True,4,0.8888888888888888,0.7692307692307693,experiment_results_statistical_IL_top_10_video_2025-08-14_220927_early_stop/knn_T_vs_I_2025-08-14_220927_seed123_early_stop.pkl,"{'algorithm': 'auto', 'leaf_size': 30, 'metric': 'minkowski', 'metric_params': None, 'n_jobs': -1, 'n_neighbors': 5, 'p': 2, 'weights': 'uniform'}",2025-08-14_220927
KNN,T_vs_I,123,True,5,0.9047619047619048,0.7846153846153846,experiment_results_statistical_IL_top_10_video_2025-08-14_220927_early_stop/knn_T_vs_I_2025-08-14_220927_seed123_early_stop.pkl,"{'algorithm': 'auto', 'leaf_size': 30, 'metric': 'minkowski', 'metric_params': None, 'n_jobs': -1, 'n_neighbors': 5, 'p': 2, 'weights': 'uniform'}",2025-08-14_220927
LogisticRegression,T_vs_I,123,True,1,0.3968253968253968,0.23076923076923078,experiment_results_statistical_IL_top_10_video_2025-08-14_220927_early_stop/logisticregression_T_vs_I_2025-08-14_220927_seed123_early_stop.pkl,"{'C': 1.0, 'class_weight': None, 'dual': False, 'fit_intercept': True, 'intercept_scaling': 1, 'l1_ratio': None, 'max_iter': 100, 'multi_class': 'deprecated', 'n_jobs': -1, 'penalty': 'l2', 'random_state': 123, 'solver': 'lbfgs', 'tol': 0.0001, 'verbose': 0, 'warm_start': False}",2025-08-14_220927
LogisticRegression,T_vs_I,123,True,2,0.6349206349206349,0.4461538461538462,experiment_results_statistical_IL_top_10_video_2025-08-14_220927_early_stop/logisticregression_T_vs_I_2025-08-14_220927_seed123_early_stop.pkl,"{'C': 1.0, 'class_weight': None, 'dual': False, 'fit_intercept': True, 'intercept_scaling': 1, 'l1_ratio': None, 'max_iter': 100, 'multi_class': 'deprecated', 'n_jobs': -1, 'penalty': 'l2', 'random_state': 123, 'solver': 'lbfgs', 'tol': 0.0001, 'verbose': 0, 'warm_start': False}",2025-08-14_220927
LogisticRegression,T_vs_I,123,True,3,0.8253968253968254,0.6923076923076923,experiment_results_statistical_IL_top_10_video_2025-08-14_220927_early_stop/logisticregression_T_vs_I_2025-08-14_220927_seed123_early_stop.pkl,"{'C': 1.0, 'class_weight': None, 'dual': False, 'fit_intercept': True, 'intercept_scaling': 1, 'l1_ratio': None, 'max_iter': 100, 'multi_class': 'deprecated', 'n_jobs': -1, 'penalty': 'l2', 'random_state': 123, 'solver': 'lbfgs', 'tol': 0.0001, 'verbose': 0, 'warm_start': False}",2025-08-14_220927
LogisticRegression,T_vs_I,123,True,4,0.8412698412698413,0.7692307692307693,experiment_results_statistical_IL_top_10_video_2025-08-14_220927_early_stop/logisticregression_T_vs_I_2025-08-14_220927_seed123_early_stop.pkl,"{'C': 1.0, 'class_weight': None, 'dual': False, 'fit_intercept': True, 'intercept_scaling': 1, 'l1_ratio': None, 'max_iter': 100, 'multi_class': 'deprecated', 'n_jobs': -1, 'penalty': 'l2', 'random_state': 123, 'solver': 'lbfgs', 'tol': 0.0001, 'verbose': 0, 'warm_start': False}",2025-08-14_220927
LogisticRegression,T_vs_I,123,True,5,0.8571428571428571,0.8153846153846154,experiment_results_statistical_IL_top_10_video_2025-08-14_220927_early_stop/logisticregression_T_vs_I_2025-08-14_220927_seed123_early_stop.pkl,"{'C': 1.0, 'class_weight': None, 'dual': False, 'fit_intercept': True, 'intercept_scaling': 1, 'l1_ratio': None, 'max_iter': 100, 'multi_class': 'deprecated', 'n_jobs': -1, 'penalty': 'l2', 'random_state': 123, 'solver': 'lbfgs', 'tol': 0.0001, 'verbose': 0, 'warm_start': False}",2025-08-14_220927
RandomForest,T_vs_I,456,True,1,0.8571428571428571,0.6153846153846154,experiment_results_statistical_IL_top_10_video_2025-08-14_220927_early_stop/randomforest_T_vs_I_2025-08-14_220927_seed456_early_stop.pkl,"{'bootstrap': True, 'max_depth': 10, 'max_features': 'log2', 'min_samples_leaf': 2, 'min_samples_split': 10, 'n_estimators': 300}",2025-08-14_220927
RandomForest,T_vs_I,456,True,2,0.9365079365079365,0.8923076923076924,experiment_results_statistical_IL_top_10_video_2025-08-14_220927_early_stop/randomforest_T_vs_I_2025-08-14_220927_seed456_early_stop.pkl,"{'bootstrap': True, 'max_depth': 10, 'max_features': 'log2', 'min_samples_leaf': 2, 'min_samples_split': 10, 'n_estimators': 300}",2025-08-14_220927
RandomForest,T_vs_I,456,True,3,1.0,1.0,experiment_results_statistical_IL_top_10_video_2025-08-14_220927_early_stop/randomforest_T_vs_I_2025-08-14_220927_seed456_early_stop.pkl,"{'bootstrap': True, 'max_depth': 10, 'max_features': 'log2', 'min_samples_leaf': 2, 'min_samples_split': 10, 'n_estimators': 300}",2025-08-14_220927
RandomForest,T_vs_I,456,True,4,1.0,1.0,experiment_results_statistical_IL_top_10_video_2025-08-14_220927_early_stop/randomforest_T_vs_I_2025-08-14_220927_seed456_early_stop.pkl,"{'bootstrap': True, 'max_depth': 10, 'max_features': 'log2', 'min_samples_leaf': 2, 'min_samples_split': 10, 'n_estimators': 300}",2025-08-14_220927
RandomForest,T_vs_I,456,True,5,1.0,1.0,experiment_results_statistical_IL_top_10_video_2025-08-14_220927_early_stop/randomforest_T_vs_I_2025-08-14_220927_seed456_early_stop.pkl,"{'bootstrap': True, 'max_depth': 10, 'max_features': 'log2', 'min_samples_leaf': 2, 'min_samples_split': 10, 'n_estimators': 300}",2025-08-14_220927
XGBoost,T_vs_I,456,True,1,0.8571428571428571,0.5846153846153846,experiment_results_statistical_IL_top_10_video_2025-08-14_220927_early_stop/xgboost_T_vs_I_2025-08-14_220927_seed456_early_stop.pkl,"{'colsample_bytree': 1.0, 'device': 'cpu', 'learning_rate': 0.05, 'max_depth': 4, 'n_estimators': 1000, 'reg_lambda': 1, 'subsample': 0.8}",2025-08-14_220927
XGBoost,T_vs_I,456,True,2,0.9365079365079365,0.7230769230769231,experiment_results_statistical_IL_top_10_video_2025-08-14_220927_early_stop/xgboost_T_vs_I_2025-08-14_220927_seed456_early_stop.pkl,"{'colsample_bytree': 1.0, 'device': 'cpu', 'learning_rate': 0.05, 'max_depth': 4, 'n_estimators': 1000, 'reg_lambda': 1, 'subsample': 0.8}",2025-08-14_220927
XGBoost,T_vs_I,456,True,3,1.0,0.8923076923076924,experiment_results_statistical_IL_top_10_video_2025-08-14_220927_early_stop/xgboost_T_vs_I_2025-08-14_220927_seed456_early_stop.pkl,"{'colsample_bytree': 1.0, 'device': 'cpu', 'learning_rate': 0.05, 'max_depth': 4, 'n_estimators': 1000, 'reg_lambda': 1, 'subsample': 0.8}",2025-08-14_220927
XGBoost,T_vs_I,456,True,4,1.0,0.9230769230769231,experiment_results_statistical_IL_top_10_video_2025-08-14_220927_early_stop/xgboost_T_vs_I_2025-08-14_220927_seed456_early_stop.pkl,"{'colsample_bytree': 1.0, 'device': 'cpu', 'learning_rate': 0.05, 'max_depth': 4, 'n_estimators': 1000, 'reg_lambda': 1, 'subsample': 0.8}",2025-08-14_220927
XGBoost,T_vs_I,456,True,5,1.0,0.9538461538461539,experiment_results_statistical_IL_top_10_video_2025-08-14_220927_early_stop/xgboost_T_vs_I_2025-08-14_220927_seed456_early_stop.pkl,"{'colsample_bytree': 1.0, 'device': 'cpu', 'learning_rate': 0.05, 'max_depth': 4, 'n_estimators': 1000, 'reg_lambda': 1, 'subsample': 0.8}",2025-08-14_220927
CatBoost,T_vs_I,456,True,1,0.8571428571428571,0.5846153846153846,experiment_results_statistical_IL_top_10_video_2025-08-14_220927_early_stop/catboost_T_vs_I_2025-08-14_220927_seed456_early_stop.pkl,"{'border_count': 32, 'depth': 8, 'iterations': 1000, 'l2_leaf_reg': 3, 'learning_rate': 0.1}",2025-08-14_220927
CatBoost,T_vs_I,456,True,2,0.9365079365079365,0.8769230769230769,experiment_results_statistical_IL_top_10_video_2025-08-14_220927_early_stop/catboost_T_vs_I_2025-08-14_220927_seed456_early_stop.pkl,"{'border_count': 32, 'depth': 8, 'iterations': 1000, 'l2_leaf_reg': 3, 'learning_rate': 0.1}",2025-08-14_220927
CatBoost,T_vs_I,456,True,3,1.0,1.0,experiment_results_statistical_IL_top_10_video_2025-08-14_220927_early_stop/catboost_T_vs_I_2025-08-14_220927_seed456_early_stop.pkl,"{'border_count': 32, 'depth': 8, 'iterations': 1000, 'l2_leaf_reg': 3, 'learning_rate': 0.1}",2025-08-14_220927
CatBoost,T_vs_I,456,True,4,1.0,1.0,experiment_results_statistical_IL_top_10_video_2025-08-14_220927_early_stop/catboost_T_vs_I_2025-08-14_220927_seed456_early_stop.pkl,"{'border_count': 32, 'depth': 8, 'iterations': 1000, 'l2_leaf_reg': 3, 'learning_rate': 0.1}",2025-08-14_220927
CatBoost,T_vs_I,456,True,5,1.0,1.0,experiment_results_statistical_IL_top_10_video_2025-08-14_220927_early_stop/catboost_T_vs_I_2025-08-14_220927_seed456_early_stop.pkl,"{'border_count': 32, 'depth': 8, 'iterations': 1000, 'l2_leaf_reg': 3, 'learning_rate': 0.1}",2025-08-14_220927
SVM,T_vs_I,456,True,1,0.5396825396825397,0.38461538461538464,experiment_results_statistical_IL_top_10_video_2025-08-14_220927_early_stop/svm_T_vs_I_2025-08-14_220927_seed456_early_stop.pkl,"{'C': 10, 'decision_function_shape': 'ovo', 'gamma': 'scale', 'kernel': 'rbf'}",2025-08-14_220927
SVM,T_vs_I,456,True,2,0.6825396825396826,0.676923076923077,experiment_results_statistical_IL_top_10_video_2025-08-14_220927_early_stop/svm_T_vs_I_2025-08-14_220927_seed456_early_stop.pkl,"{'C': 10, 'decision_function_shape': 'ovo', 'gamma': 'scale', 'kernel': 'rbf'}",2025-08-14_220927
SVM,T_vs_I,456,True,3,0.9682539682539683,0.8923076923076924,experiment_results_statistical_IL_top_10_video_2025-08-14_220927_early_stop/svm_T_vs_I_2025-08-14_220927_seed456_early_stop.pkl,"{'C': 10, 'decision_function_shape': 'ovo', 'gamma': 'scale', 'kernel': 'rbf'}",2025-08-14_220927
SVM,T_vs_I,456,True,4,0.9841269841269841,0.9692307692307692,experiment_results_statistical_IL_top_10_video_2025-08-14_220927_early_stop/svm_T_vs_I_2025-08-14_220927_seed456_early_stop.pkl,"{'C': 10, 'decision_function_shape': 'ovo', 'gamma': 'scale', 'kernel': 'rbf'}",2025-08-14_220927
SVM,T_vs_I,456,True,5,1.0,0.9846153846153847,experiment_results_statistical_IL_top_10_video_2025-08-14_220927_early_stop/svm_T_vs_I_2025-08-14_220927_seed456_early_stop.pkl,"{'C': 10, 'decision_function_shape': 'ovo', 'gamma': 'scale', 'kernel': 'rbf'}",2025-08-14_220927
MLP,T_vs_I,456,True,1,0.09523809523809523,0.09230769230769231,experiment_results_statistical_IL_top_10_video_2025-08-14_220927_early_stop/mlp_T_vs_I_2025-08-14_220927_seed456_early_stop.pkl,"{'activation': 'relu', 'alpha': 0.0001, 'batch_size': 36, 'early_stopping': True, 'hidden_layer_sizes': [50], 'learning_rate': 'constant', 'learning_rate_init': 0.001, 'max_iter': 2000, 'solver': 'adam'}",2025-08-14_220927
MLP,T_vs_I,456,True,2,0.1746031746031746,0.16923076923076924,experiment_results_statistical_IL_top_10_video_2025-08-14_220927_early_stop/mlp_T_vs_I_2025-08-14_220927_seed456_early_stop.pkl,"{'activation': 'relu', 'alpha': 0.0001, 'batch_size': 36, 'early_stopping': True, 'hidden_layer_sizes': [50], 'learning_rate': 'constant', 'learning_rate_init': 0.001, 'max_iter': 2000, 'solver': 'adam'}",2025-08-14_220927
MLP,T_vs_I,456,True,3,0.2698412698412698,0.26153846153846155,experiment_results_statistical_IL_top_10_video_2025-08-14_220927_early_stop/mlp_T_vs_I_2025-08-14_220927_seed456_early_stop.pkl,"{'activation': 'relu', 'alpha': 0.0001, 'batch_size': 36, 'early_stopping': True, 'hidden_layer_sizes': [50], 'learning_rate': 'constant', 'learning_rate_init': 0.001, 'max_iter': 2000, 'solver': 'adam'}",2025-08-14_220927
MLP,T_vs_I,456,True,4,0.36507936507936506,0.35384615384615387,experiment_results_statistical_IL_top_10_video_2025-08-14_220927_early_stop/mlp_T_vs_I_2025-08-14_220927_seed456_early_stop.pkl,"{'activation': 'relu', 'alpha': 0.0001, 'batch_size': 36, 'early_stopping': True, 'hidden_layer_sizes': [50], 'learning_rate': 'constant', 'learning_rate_init': 0.001, 'max_iter': 2000, 'solver': 'adam'}",2025-08-14_220927
MLP,T_vs_I,456,True,5,0.4603174603174603,0.4461538461538462,experiment_results_statistical_IL_top_10_video_2025-08-14_220927_early_stop/mlp_T_vs_I_2025-08-14_220927_seed456_early_stop.pkl,"{'activation': 'relu', 'alpha': 0.0001, 'batch_size': 36, 'early_stopping': True, 'hidden_layer_sizes': [50], 'learning_rate': 'constant', 'learning_rate_init': 0.001, 'max_iter': 2000, 'solver': 'adam'}",2025-08-14_220927
NaiveBayes,T_vs_I,456,True,1,0.8571428571428571,0.5230769230769231,experiment_results_statistical_IL_top_10_video_2025-08-14_220927_early_stop/naivebayes_T_vs_I_2025-08-14_220927_seed456_early_stop.pkl,"{'priors': None, 'var_smoothing': 1e-09}",2025-08-14_220927
NaiveBayes,T_vs_I,456,True,2,0.9365079365079365,0.7076923076923077,experiment_results_statistical_IL_top_10_video_2025-08-14_220927_early_stop/naivebayes_T_vs_I_2025-08-14_220927_seed456_early_stop.pkl,"{'priors': None, 'var_smoothing': 1e-09}",2025-08-14_220927
NaiveBayes,T_vs_I,456,True,3,1.0,0.8615384615384616,experiment_results_statistical_IL_top_10_video_2025-08-14_220927_early_stop/naivebayes_T_vs_I_2025-08-14_220927_seed456_early_stop.pkl,"{'priors': None, 'var_smoothing': 1e-09}",2025-08-14_220927
NaiveBayes,T_vs_I,456,True,4,1.0,0.9076923076923077,experiment_results_statistical_IL_top_10_video_2025-08-14_220927_early_stop/naivebayes_T_vs_I_2025-08-14_220927_seed456_early_stop.pkl,"{'priors': None, 'var_smoothing': 1e-09}",2025-08-14_220927
NaiveBayes,T_vs_I,456,True,5,1.0,0.9230769230769231,experiment_results_statistical_IL_top_10_video_2025-08-14_220927_early_stop/naivebayes_T_vs_I_2025-08-14_220927_seed456_early_stop.pkl,"{'priors': None, 'var_smoothing': 1e-09}",2025-08-14_220927
LightGBM,T_vs_I,456,True,1,0.8571428571428571,0.5384615384615384,experiment_results_statistical_IL_top_10_video_2025-08-14_220927_early_stop/lightgbm_T_vs_I_2025-08-14_220927_seed456_early_stop.pkl,"{'boosting_type': 'gbdt', 'class_weight': None, 'colsample_bytree': 1.0, 'importance_type': 'split', 'learning_rate': 0.1, 'max_depth': -1, 'min_child_samples': 20, 'min_child_weight': 0.001, 'min_split_gain': 0.0, 'n_estimators': 100, 'n_jobs': -1, 'num_leaves': 31, 'objective': None, 'random_state': 456, 'reg_alpha': 0.0, 'reg_lambda': 0.0, 'subsample': 1.0, 'subsample_for_bin': 200000, 'subsample_freq': 0, 'verbose': -1}",2025-08-14_220927
LightGBM,T_vs_I,456,True,2,0.9365079365079365,0.6461538461538462,experiment_results_statistical_IL_top_10_video_2025-08-14_220927_early_stop/lightgbm_T_vs_I_2025-08-14_220927_seed456_early_stop.pkl,"{'boosting_type': 'gbdt', 'class_weight': None, 'colsample_bytree': 1.0, 'importance_type': 'split', 'learning_rate': 0.1, 'max_depth': -1, 'min_child_samples': 20, 'min_child_weight': 0.001, 'min_split_gain': 0.0, 'n_estimators': 100, 'n_jobs': -1, 'num_leaves': 31, 'objective': None, 'random_state': 456, 'reg_alpha': 0.0, 'reg_lambda': 0.0, 'subsample': 1.0, 'subsample_for_bin': 200000, 'subsample_freq': 0, 'verbose': -1}",2025-08-14_220927
LightGBM,T_vs_I,456,True,3,1.0,0.7692307692307693,experiment_results_statistical_IL_top_10_video_2025-08-14_220927_early_stop/lightgbm_T_vs_I_2025-08-14_220927_seed456_early_stop.pkl,"{'boosting_type': 'gbdt', 'class_weight': None, 'colsample_bytree': 1.0, 'importance_type': 'split', 'learning_rate': 0.1, 'max_depth': -1, 'min_child_samples': 20, 'min_child_weight': 0.001, 'min_split_gain': 0.0, 'n_estimators': 100, 'n_jobs': -1, 'num_leaves': 31, 'objective': None, 'random_state': 456, 'reg_alpha': 0.0, 'reg_lambda': 0.0, 'subsample': 1.0, 'subsample_for_bin': 200000, 'subsample_freq': 0, 'verbose': -1}",2025-08-14_220927
LightGBM,T_vs_I,456,True,4,1.0,0.8153846153846154,experiment_results_statistical_IL_top_10_video_2025-08-14_220927_early_stop/lightgbm_T_vs_I_2025-08-14_220927_seed456_early_stop.pkl,"{'boosting_type': 'gbdt', 'class_weight': None, 'colsample_bytree': 1.0, 'importance_type': 'split', 'learning_rate': 0.1, 'max_depth': -1, 'min_child_samples': 20, 'min_child_weight': 0.001, 'min_split_gain': 0.0, 'n_estimators': 100, 'n_jobs': -1, 'num_leaves': 31, 'objective': None, 'random_state': 456, 'reg_alpha': 0.0, 'reg_lambda': 0.0, 'subsample': 1.0, 'subsample_for_bin': 200000, 'subsample_freq': 0, 'verbose': -1}",2025-08-14_220927
LightGBM,T_vs_I,456,True,5,1.0,0.8461538461538461,experiment_results_statistical_IL_top_10_video_2025-08-14_220927_early_stop/lightgbm_T_vs_I_2025-08-14_220927_seed456_early_stop.pkl,"{'boosting_type': 'gbdt', 'class_weight': None, 'colsample_bytree': 1.0, 'importance_type': 'split', 'learning_rate': 0.1, 'max_depth': -1, 'min_child_samples': 20, 'min_child_weight': 0.001, 'min_split_gain': 0.0, 'n_estimators': 100, 'n_jobs': -1, 'num_leaves': 31, 'objective': None, 'random_state': 456, 'reg_alpha': 0.0, 'reg_lambda': 0.0, 'subsample': 1.0, 'subsample_for_bin': 200000, 'subsample_freq': 0, 'verbose': -1}",2025-08-14_220927
ExtraTrees,T_vs_I,456,True,1,0.8571428571428571,0.5692307692307692,experiment_results_statistical_IL_top_10_video_2025-08-14_220927_early_stop/extratrees_T_vs_I_2025-08-14_220927_seed456_early_stop.pkl,"{'bootstrap': False, 'ccp_alpha': 0.0, 'class_weight': None, 'criterion': 'gini', 'max_depth': None, 'max_features': 'sqrt', 'max_leaf_nodes': None, 'max_samples': None, 'min_impurity_decrease': 0.0, 'min_samples_leaf': 1, 'min_samples_split': 2, 'min_weight_fraction_leaf': 0.0, 'monotonic_cst': None, 'n_estimators': 100, 'n_jobs': -1, 'oob_score': False, 'random_state': 456, 'verbose': 0, 'warm_start': False}",2025-08-14_220927
ExtraTrees,T_vs_I,456,True,2,0.9365079365079365,0.8769230769230769,experiment_results_statistical_IL_top_10_video_2025-08-14_220927_early_stop/extratrees_T_vs_I_2025-08-14_220927_seed456_early_stop.pkl,"{'bootstrap': False, 'ccp_alpha': 0.0, 'class_weight': None, 'criterion': 'gini', 'max_depth': None, 'max_features': 'sqrt', 'max_leaf_nodes': None, 'max_samples': None, 'min_impurity_decrease': 0.0, 'min_samples_leaf': 1, 'min_samples_split': 2, 'min_weight_fraction_leaf': 0.0, 'monotonic_cst': None, 'n_estimators': 100, 'n_jobs': -1, 'oob_score': False, 'random_state': 456, 'verbose': 0, 'warm_start': False}",2025-08-14_220927
ExtraTrees,T_vs_I,456,True,3,1.0,0.9846153846153847,experiment_results_statistical_IL_top_10_video_2025-08-14_220927_early_stop/extratrees_T_vs_I_2025-08-14_220927_seed456_early_stop.pkl,"{'bootstrap': False, 'ccp_alpha': 0.0, 'class_weight': None, 'criterion': 'gini', 'max_depth': None, 'max_features': 'sqrt', 'max_leaf_nodes': None, 'max_samples': None, 'min_impurity_decrease': 0.0, 'min_samples_leaf': 1, 'min_samples_split': 2, 'min_weight_fraction_leaf': 0.0, 'monotonic_cst': None, 'n_estimators': 100, 'n_jobs': -1, 'oob_score': False, 'random_state': 456, 'verbose': 0, 'warm_start': False}",2025-08-14_220927
ExtraTrees,T_vs_I,456,True,4,1.0,1.0,experiment_results_statistical_IL_top_10_video_2025-08-14_220927_early_stop/extratrees_T_vs_I_2025-08-14_220927_seed456_early_stop.pkl,"{'bootstrap': False, 'ccp_alpha': 0.0, 'class_weight': None, 'criterion': 'gini', 'max_depth': None, 'max_features': 'sqrt', 'max_leaf_nodes': None, 'max_samples': None, 'min_impurity_decrease': 0.0, 'min_samples_leaf': 1, 'min_samples_split': 2, 'min_weight_fraction_leaf': 0.0, 'monotonic_cst': None, 'n_estimators': 100, 'n_jobs': -1, 'oob_score': False, 'random_state': 456, 'verbose': 0, 'warm_start': False}",2025-08-14_220927
ExtraTrees,T_vs_I,456,True,5,1.0,1.0,experiment_results_statistical_IL_top_10_video_2025-08-14_220927_early_stop/extratrees_T_vs_I_2025-08-14_220927_seed456_early_stop.pkl,"{'bootstrap': False, 'ccp_alpha': 0.0, 'class_weight': None, 'criterion': 'gini', 'max_depth': None, 'max_features': 'sqrt', 'max_leaf_nodes': None, 'max_samples': None, 'min_impurity_decrease': 0.0, 'min_samples_leaf': 1, 'min_samples_split': 2, 'min_weight_fraction_leaf': 0.0, 'monotonic_cst': None, 'n_estimators': 100, 'n_jobs': -1, 'oob_score': False, 'random_state': 456, 'verbose': 0, 'warm_start': False}",2025-08-14_220927
GradientBoosting,T_vs_I,456,True,1,0.8571428571428571,0.6,experiment_results_statistical_IL_top_10_video_2025-08-14_220927_early_stop/gradientboosting_T_vs_I_2025-08-14_220927_seed456_early_stop.pkl,"{'ccp_alpha': 0.0, 'criterion': 'friedman_mse', 'init': None, 'learning_rate': 0.1, 'loss': 'log_loss', 'max_depth': 3, 'max_features': None, 'max_leaf_nodes': None, 'min_impurity_decrease': 0.0, 'min_samples_leaf': 1, 'min_samples_split': 2, 'min_weight_fraction_leaf': 0.0, 'n_estimators': 100, 'n_iter_no_change': None, 'random_state': 456, 'subsample': 1.0, 'tol': 0.0001, 'validation_fraction': 0.1, 'verbose': 0, 'warm_start': False}",2025-08-14_220927
GradientBoosting,T_vs_I,456,True,2,0.9365079365079365,0.7846153846153846,experiment_results_statistical_IL_top_10_video_2025-08-14_220927_early_stop/gradientboosting_T_vs_I_2025-08-14_220927_seed456_early_stop.pkl,"{'ccp_alpha': 0.0, 'criterion': 'friedman_mse', 'init': None, 'learning_rate': 0.1, 'loss': 'log_loss', 'max_depth': 3, 'max_features': None, 'max_leaf_nodes': None, 'min_impurity_decrease': 0.0, 'min_samples_leaf': 1, 'min_samples_split': 2, 'min_weight_fraction_leaf': 0.0, 'n_estimators': 100, 'n_iter_no_change': None, 'random_state': 456, 'subsample': 1.0, 'tol': 0.0001, 'validation_fraction': 0.1, 'verbose': 0, 'warm_start': False}",2025-08-14_220927
GradientBoosting,T_vs_I,456,True,3,1.0,0.9230769230769231,experiment_results_statistical_IL_top_10_video_2025-08-14_220927_early_stop/gradientboosting_T_vs_I_2025-08-14_220927_seed456_early_stop.pkl,"{'ccp_alpha': 0.0, 'criterion': 'friedman_mse', 'init': None, 'learning_rate': 0.1, 'loss': 'log_loss', 'max_depth': 3, 'max_features': None, 'max_leaf_nodes': None, 'min_impurity_decrease': 0.0, 'min_samples_leaf': 1, 'min_samples_split': 2, 'min_weight_fraction_leaf': 0.0, 'n_estimators': 100, 'n_iter_no_change': None, 'random_state': 456, 'subsample': 1.0, 'tol': 0.0001, 'validation_fraction': 0.1, 'verbose': 0, 'warm_start': False}",2025-08-14_220927
GradientBoosting,T_vs_I,456,True,4,1.0,0.9230769230769231,experiment_results_statistical_IL_top_10_video_2025-08-14_220927_early_stop/gradientboosting_T_vs_I_2025-08-14_220927_seed456_early_stop.pkl,"{'ccp_alpha': 0.0, 'criterion': 'friedman_mse', 'init': None, 'learning_rate': 0.1, 'loss': 'log_loss', 'max_depth': 3, 'max_features': None, 'max_leaf_nodes': None, 'min_impurity_decrease': 0.0, 'min_samples_leaf': 1, 'min_samples_split': 2, 'min_weight_fraction_leaf': 0.0, 'n_estimators': 100, 'n_iter_no_change': None, 'random_state': 456, 'subsample': 1.0, 'tol': 0.0001, 'validation_fraction': 0.1, 'verbose': 0, 'warm_start': False}",2025-08-14_220927
GradientBoosting,T_vs_I,456,True,5,1.0,0.9230769230769231,experiment_results_statistical_IL_top_10_video_2025-08-14_220927_early_stop/gradientboosting_T_vs_I_2025-08-14_220927_seed456_early_stop.pkl,"{'ccp_alpha': 0.0, 'criterion': 'friedman_mse', 'init': None, 'learning_rate': 0.1, 'loss': 'log_loss', 'max_depth': 3, 'max_features': None, 'max_leaf_nodes': None, 'min_impurity_decrease': 0.0, 'min_samples_leaf': 1, 'min_samples_split': 2, 'min_weight_fraction_leaf': 0.0, 'n_estimators': 100, 'n_iter_no_change': None, 'random_state': 456, 'subsample': 1.0, 'tol': 0.0001, 'validation_fraction': 0.1, 'verbose': 0, 'warm_start': False}",2025-08-14_220927
KNN,T_vs_I,456,True,1,0.47619047619047616,0.35384615384615387,experiment_results_statistical_IL_top_10_video_2025-08-14_220927_early_stop/knn_T_vs_I_2025-08-14_220927_seed456_early_stop.pkl,"{'algorithm': 'auto', 'leaf_size': 30, 'metric': 'minkowski', 'metric_params': None, 'n_jobs': -1, 'n_neighbors': 5, 'p': 2, 'weights': 'uniform'}",2025-08-14_220927
KNN,T_vs_I,456,True,2,0.7777777777777778,0.6,experiment_results_statistical_IL_top_10_video_2025-08-14_220927_early_stop/knn_T_vs_I_2025-08-14_220927_seed456_early_stop.pkl,"{'algorithm': 'auto', 'leaf_size': 30, 'metric': 'minkowski', 'metric_params': None, 'n_jobs': -1, 'n_neighbors': 5, 'p': 2, 'weights': 'uniform'}",2025-08-14_220927
KNN,T_vs_I,456,True,3,0.8571428571428571,0.6923076923076923,experiment_results_statistical_IL_top_10_video_2025-08-14_220927_early_stop/knn_T_vs_I_2025-08-14_220927_seed456_early_stop.pkl,"{'algorithm': 'auto', 'leaf_size': 30, 'metric': 'minkowski', 'metric_params': None, 'n_jobs': -1, 'n_neighbors': 5, 'p': 2, 'weights': 'uniform'}",2025-08-14_220927
KNN,T_vs_I,456,True,4,0.8888888888888888,0.7692307692307693,experiment_results_statistical_IL_top_10_video_2025-08-14_220927_early_stop/knn_T_vs_I_2025-08-14_220927_seed456_early_stop.pkl,"{'algorithm': 'auto', 'leaf_size': 30, 'metric': 'minkowski', 'metric_params': None, 'n_jobs': -1, 'n_neighbors': 5, 'p': 2, 'weights': 'uniform'}",2025-08-14_220927
KNN,T_vs_I,456,True,5,0.9047619047619048,0.7846153846153846,experiment_results_statistical_IL_top_10_video_2025-08-14_220927_early_stop/knn_T_vs_I_2025-08-14_220927_seed456_early_stop.pkl,"{'algorithm': 'auto', 'leaf_size': 30, 'metric': 'minkowski', 'metric_params': None, 'n_jobs': -1, 'n_neighbors': 5, 'p': 2, 'weights': 'uniform'}",2025-08-14_220927
LogisticRegression,T_vs_I,456,True,1,0.3968253968253968,0.23076923076923078,experiment_results_statistical_IL_top_10_video_2025-08-14_220927_early_stop/logisticregression_T_vs_I_2025-08-14_220927_seed456_early_stop.pkl,"{'C': 1.0, 'class_weight': None, 'dual': False, 'fit_intercept': True, 'intercept_scaling': 1, 'l1_ratio': None, 'max_iter': 100, 'multi_class': 'deprecated', 'n_jobs': -1, 'penalty': 'l2', 'random_state': 456, 'solver': 'lbfgs', 'tol': 0.0001, 'verbose': 0, 'warm_start': False}",2025-08-14_220927
LogisticRegression,T_vs_I,456,True,2,0.6349206349206349,0.4461538461538462,experiment_results_statistical_IL_top_10_video_2025-08-14_220927_early_stop/logisticregression_T_vs_I_2025-08-14_220927_seed456_early_stop.pkl,"{'C': 1.0, 'class_weight': None, 'dual': False, 'fit_intercept': True, 'intercept_scaling': 1, 'l1_ratio': None, 'max_iter': 100, 'multi_class': 'deprecated', 'n_jobs': -1, 'penalty': 'l2', 'random_state': 456, 'solver': 'lbfgs', 'tol': 0.0001, 'verbose': 0, 'warm_start': False}",2025-08-14_220927
LogisticRegression,T_vs_I,456,True,3,0.8253968253968254,0.6923076923076923,experiment_results_statistical_IL_top_10_video_2025-08-14_220927_early_stop/logisticregression_T_vs_I_2025-08-14_220927_seed456_early_stop.pkl,"{'C': 1.0, 'class_weight': None, 'dual': False, 'fit_intercept': True, 'intercept_scaling': 1, 'l1_ratio': None, 'max_iter': 100, 'multi_class': 'deprecated', 'n_jobs': -1, 'penalty': 'l2', 'random_state': 456, 'solver': 'lbfgs', 'tol': 0.0001, 'verbose': 0, 'warm_start': False}",2025-08-14_220927
LogisticRegression,T_vs_I,456,True,4,0.8412698412698413,0.7692307692307693,experiment_results_statistical_IL_top_10_video_2025-08-14_220927_early_stop/logisticregression_T_vs_I_2025-08-14_220927_seed456_early_stop.pkl,"{'C': 1.0, 'class_weight': None, 'dual': False, 'fit_intercept': True, 'intercept_scaling': 1, 'l1_ratio': None, 'max_iter': 100, 'multi_class': 'deprecated', 'n_jobs': -1, 'penalty': 'l2', 'random_state': 456, 'solver': 'lbfgs', 'tol': 0.0001, 'verbose': 0, 'warm_start': False}",2025-08-14_220927
LogisticRegression,T_vs_I,456,True,5,0.8571428571428571,0.8153846153846154,experiment_results_statistical_IL_top_10_video_2025-08-14_220927_early_stop/logisticregression_T_vs_I_2025-08-14_220927_seed456_early_stop.pkl,"{'C': 1.0, 'class_weight': None, 'dual': False, 'fit_intercept': True, 'intercept_scaling': 1, 'l1_ratio': None, 'max_iter': 100, 'multi_class': 'deprecated', 'n_jobs': -1, 'penalty': 'l2', 'random_state': 456, 'solver': 'lbfgs', 'tol': 0.0001, 'verbose': 0, 'warm_start': False}",2025-08-14_220927
