model,experiment,random_seed,cross_validation_used,early_stopping,model_path,hyperparameters,train_accuracy,train_f1_weighted,train_f1_macro,train_precision_weighted,train_precision_macro,train_recall_weighted,train_recall_macro,train_top_1_accuracy,train_top_2_accuracy,train_top_3_accuracy,train_top_4_accuracy,train_top_5_accuracy,train_recognition_rate,test_accuracy,test_f1_weighted,test_f1_macro,test_precision_weighted,test_precision_macro,test_recall_weighted,test_recall_macro,test_top_1_accuracy,test_top_2_accuracy,test_top_3_accuracy,test_top_4_accuracy,test_top_5_accuracy,test_recognition_rate
RandomForest,S1_vs_S2_P1,42,True,True,experiment_results_statistical_IL_top_10_video_2025-08-14_220927_early_stop/randomforest_S1_vs_S2_P1_2025-08-14_220927_seed42_early_stop.pkl,"{'bootstrap': True, 'max_depth': 10, 'max_features': 'log2', 'min_samples_leaf': 1, 'min_samples_split': 2, 'n_estimators': 300}",0.84375,0.8011363636363636,0.7768595041322314,0.78515625,0.7613636363636364,0.84375,0.8181818181818182,0.84375,0.9375,1.0,1.0,1.0,0.84375,0.4897959183673469,0.4534773801802352,0.448896800582455,0.4792095659442599,0.47436906527815625,0.4897959183673469,0.4848484848484848,0.5,0.826530612244898,0.9693877551020408,0.9795918367346939,1.0,0.4897959183673469
XGBoost,S1_vs_S2_P1,42,True,True,experiment_results_statistical_IL_top_10_video_2025-08-14_220927_early_stop/xgboost_S1_vs_S2_P1_2025-08-14_220927_seed42_early_stop.pkl,"{'colsample_bytree': 1.0, 'device': 'cpu', 'learning_rate': 0.05, 'max_depth': 4, 'n_estimators': 1000, 'reg_lambda': 3, 'subsample': 1.0}",0.84375,0.8011363636363636,0.7768595041322314,0.78515625,0.7613636363636364,0.84375,0.8181818181818182,0.84375,0.9375,1.0,1.0,1.0,0.75,0.21428571428571427,0.1632518426140875,0.1616028341028341,0.173180219292686,0.17143092414831546,0.21428571428571427,0.21212121212121213,0.21428571428571427,0.5408163265306123,0.7040816326530612,0.7857142857142857,0.8979591836734694,0.12244897959183673
CatBoost,S1_vs_S2_P1,42,True,True,experiment_results_statistical_IL_top_10_video_2025-08-14_220927_early_stop/catboost_S1_vs_S2_P1_2025-08-14_220927_seed42_early_stop.pkl,"{'border_count': 32, 'depth': 4, 'iterations': 1000, 'l2_leaf_reg': 1, 'learning_rate': 0.1}",0.84375,0.8011363636363636,0.7768595041322314,0.78515625,0.7613636363636364,0.84375,0.8181818181818182,0.84375,0.9375,1.0,1.0,1.0,0.75,0.5102040816326531,0.47712047224904997,0.4723010735394636,0.4934137291280149,0.48842975206611566,0.5102040816326531,0.5050505050505051,0.5102040816326531,0.7959183673469388,0.9693877551020408,0.9693877551020408,0.9897959183673469,0.41836734693877553
SVM,S1_vs_S2_P1,42,True,True,experiment_results_statistical_IL_top_10_video_2025-08-14_220927_early_stop/svm_S1_vs_S2_P1_2025-08-14_220927_seed42_early_stop.pkl,"{'C': 10, 'decision_function_shape': 'ovo', 'gamma': 'scale', 'kernel': 'rbf'}",0.84375,0.8011363636363636,0.7768595041322314,0.78515625,0.7613636363636364,0.84375,0.8181818181818182,0.4375,0.71875,0.9375,1.0,1.0,0.4375,0.3979591836734694,0.3606657534641085,0.35702266504527913,0.3908983521756217,0.3869498839718275,0.3979591836734694,0.3939393939393939,0.42857142857142855,0.673469387755102,0.8673469387755102,0.9081632653061225,0.9591836734693877,0.42857142857142855
MLP,S1_vs_S2_P1,42,True,True,experiment_results_statistical_IL_top_10_video_2025-08-14_220927_early_stop/mlp_S1_vs_S2_P1_2025-08-14_220927_seed42_early_stop.pkl,"{'activation': 'relu', 'alpha': 0.0001, 'batch_size': 36, 'early_stopping': True, 'hidden_layer_sizes': [50], 'learning_rate': 'constant', 'learning_rate_init': 0.001, 'max_iter': 2000, 'solver': 'adam'}",0.09375,0.01607142857142857,0.015584415584415584,0.0087890625,0.008522727272727272,0.09375,0.09090909090909091,0.09375,0.1875,0.25,0.34375,0.4375,0.09375,0.09183673469387756,0.015449170322334541,0.015293118096856413,0.008433985839233653,0.008348794063079777,0.09183673469387756,0.09090909090909091,0.09183673469387756,0.1836734693877551,0.2653061224489796,0.35714285714285715,0.4489795918367347,0.09183673469387756
NaiveBayes,S1_vs_S2_P1,42,False,True,experiment_results_statistical_IL_top_10_video_2025-08-14_220927_early_stop/naivebayes_S1_vs_S2_P1_2025-08-14_220927_seed42_early_stop.pkl,"{'priors': None, 'var_smoothing': 1e-09}",0.84375,0.8011363636363636,0.7768595041322314,0.78515625,0.7613636363636364,0.84375,0.8181818181818182,0.84375,0.9375,1.0,1.0,1.0,0.75,0.45918367346938777,0.38865889212827986,0.38473304473304476,0.46181879345144644,0.4571539571539571,0.45918367346938777,0.45454545454545453,0.45918367346938777,0.6632653061224489,0.8061224489795918,0.826530612244898,0.8469387755102041,0.3673469387755102
LightGBM,S1_vs_S2_P1,42,False,True,experiment_results_statistical_IL_top_10_video_2025-08-14_220927_early_stop/lightgbm_S1_vs_S2_P1_2025-08-14_220927_seed42_early_stop.pkl,"{'boosting_type': 'gbdt', 'class_weight': None, 'colsample_bytree': 1.0, 'importance_type': 'split', 'learning_rate': 0.1, 'max_depth': -1, 'min_child_samples': 20, 'min_child_weight': 0.001, 'min_split_gain': 0.0, 'n_estimators': 100, 'n_jobs': -1, 'num_leaves': 31, 'objective': None, 'random_state': 42, 'reg_alpha': 0.0, 'reg_lambda': 0.0, 'subsample': 1.0, 'subsample_for_bin': 200000, 'subsample_freq': 0, 'verbose': -1}",0.09375,0.01607142857142857,0.015584415584415584,0.0087890625,0.008522727272727272,0.09375,0.09090909090909091,0.09375,0.1875,0.28125,0.375,0.46875,0.0,0.09183673469387756,0.015449170322334541,0.015293118096856413,0.008433985839233653,0.008348794063079777,0.09183673469387756,0.09090909090909091,0.09183673469387756,0.1836734693877551,0.2755102040816326,0.3673469387755102,0.45918367346938777,0.0
ExtraTrees,S1_vs_S2_P1,42,False,True,experiment_results_statistical_IL_top_10_video_2025-08-14_220927_early_stop/extratrees_S1_vs_S2_P1_2025-08-14_220927_seed42_early_stop.pkl,"{'bootstrap': False, 'ccp_alpha': 0.0, 'class_weight': None, 'criterion': 'gini', 'max_depth': None, 'max_features': 'sqrt', 'max_leaf_nodes': None, 'max_samples': None, 'min_impurity_decrease': 0.0, 'min_samples_leaf': 1, 'min_samples_split': 2, 'min_weight_fraction_leaf': 0.0, 'monotonic_cst': None, 'n_estimators': 100, 'n_jobs': -1, 'oob_score': False, 'random_state': 42, 'verbose': 0, 'warm_start': False}",0.84375,0.8011363636363636,0.7768595041322314,0.78515625,0.7613636363636364,0.84375,0.8181818181818182,0.84375,0.9375,1.0,1.0,1.0,0.75,0.47959183673469385,0.443277198097284,0.4387996506417559,0.456299312931966,0.45169022896295624,0.47959183673469385,0.47474747474747486,0.47959183673469385,0.8061224489795918,0.9897959183673469,1.0,1.0,0.37755102040816324
GradientBoosting,S1_vs_S2_P1,42,False,True,experiment_results_statistical_IL_top_10_video_2025-08-14_220927_early_stop/gradientboosting_S1_vs_S2_P1_2025-08-14_220927_seed42_early_stop.pkl,"{'ccp_alpha': 0.0, 'criterion': 'friedman_mse', 'init': None, 'learning_rate': 0.1, 'loss': 'log_loss', 'max_depth': 3, 'max_features': None, 'max_leaf_nodes': None, 'min_impurity_decrease': 0.0, 'min_samples_leaf': 1, 'min_samples_split': 2, 'min_weight_fraction_leaf': 0.0, 'n_estimators': 100, 'n_iter_no_change': None, 'random_state': 42, 'subsample': 1.0, 'tol': 0.0001, 'validation_fraction': 0.1, 'verbose': 0, 'warm_start': False}",0.84375,0.8011363636363636,0.7768595041322314,0.78515625,0.7613636363636364,0.84375,0.8181818181818182,0.84375,0.9375,1.0,1.0,1.0,0.75,0.35714285714285715,0.33019094142456534,0.3268556793899738,0.3981357927786499,0.39411421911421907,0.35714285714285715,0.35353535353535354,0.35714285714285715,0.6020408163265306,0.7857142857142857,0.8469387755102041,0.8673469387755102,0.2653061224489796
KNN,S1_vs_S2_P1,42,False,True,experiment_results_statistical_IL_top_10_video_2025-08-14_220927_early_stop/knn_S1_vs_S2_P1_2025-08-14_220927_seed42_early_stop.pkl,"{'algorithm': 'auto', 'leaf_size': 30, 'metric': 'minkowski', 'metric_params': None, 'n_jobs': -1, 'n_neighbors': 5, 'p': 2, 'weights': 'uniform'}",0.40625,0.3564732142857143,0.3456709956709957,0.415625,0.40303030303030307,0.40625,0.3939393939393939,0.40625,0.75,1.0,1.0,1.0,0.3125,0.24489795918367346,0.17136933720856765,0.1696383338024205,0.26755823921315025,0.26485563073624974,0.24489795918367346,0.24242424242424238,0.22448979591836735,0.5408163265306123,0.6632653061224489,0.7142857142857143,0.7448979591836735,0.19387755102040816
LogisticRegression,S1_vs_S2_P1,42,False,True,experiment_results_statistical_IL_top_10_video_2025-08-14_220927_early_stop/logisticregression_S1_vs_S2_P1_2025-08-14_220927_seed42_early_stop.pkl,"{'C': 1.0, 'class_weight': None, 'dual': False, 'fit_intercept': True, 'intercept_scaling': 1, 'l1_ratio': None, 'max_iter': 100, 'multi_class': 'deprecated', 'n_jobs': -1, 'penalty': 'l2', 'random_state': 42, 'solver': 'lbfgs', 'tol': 0.0001, 'verbose': 0, 'warm_start': False}",0.5,0.45214990601503763,0.4384483937115516,0.519140625,0.5034090909090909,0.5,0.4848484848484848,0.5,0.71875,0.8125,0.9375,0.9375,0.5,0.2857142857142857,0.24370826486660194,0.24124656522148483,0.31056576269321745,0.3074287347872254,0.2857142857142857,0.2828282828282828,0.2857142857142857,0.5102040816326531,0.6428571428571429,0.8163265306122449,0.8367346938775511,0.2857142857142857
RandomForest,S1_vs_S2_P1,123,True,True,experiment_results_statistical_IL_top_10_video_2025-08-14_220927_early_stop/randomforest_S1_vs_S2_P1_2025-08-14_220927_seed123_early_stop.pkl,"{'bootstrap': False, 'max_depth': 10, 'max_features': 'sqrt', 'min_samples_leaf': 1, 'min_samples_split': 2, 'n_estimators': 300}",0.84375,0.8011363636363636,0.7768595041322314,0.78515625,0.7613636363636364,0.84375,0.8181818181818182,0.84375,0.9375,1.0,1.0,1.0,0.75,0.42857142857142855,0.3891913048066814,0.38526007950560376,0.40824736488001795,0.40412365412365414,0.42857142857142855,0.4242424242424242,0.42857142857142855,0.7755102040816326,0.9183673469387755,0.9387755102040817,0.9591836734693877,0.336734693877551
XGBoost,S1_vs_S2_P1,123,True,True,experiment_results_statistical_IL_top_10_video_2025-08-14_220927_early_stop/xgboost_S1_vs_S2_P1_2025-08-14_220927_seed123_early_stop.pkl,"{'colsample_bytree': 0.8, 'device': 'cpu', 'learning_rate': 0.1, 'max_depth': 4, 'n_estimators': 1000, 'reg_lambda': 1, 'subsample': 1.0}",0.84375,0.8011363636363636,0.7768595041322314,0.78515625,0.7613636363636364,0.84375,0.8181818181818182,0.84375,0.9375,1.0,1.0,1.0,0.84375,0.35714285714285715,0.29984565254673295,0.29681690858161447,0.28836858630091716,0.28545577229787755,0.35714285714285715,0.3535353535353535,0.35714285714285715,0.6020408163265306,0.8163265306122449,0.8571428571428571,0.8979591836734694,0.35714285714285715
CatBoost,S1_vs_S2_P1,123,True,True,experiment_results_statistical_IL_top_10_video_2025-08-14_220927_early_stop/catboost_S1_vs_S2_P1_2025-08-14_220927_seed123_early_stop.pkl,"{'border_count': 32, 'depth': 4, 'iterations': 1000, 'l2_leaf_reg': 1, 'learning_rate': 0.05}",0.84375,0.8011363636363636,0.7768595041322314,0.78515625,0.7613636363636364,0.84375,0.8181818181818182,0.84375,0.9375,1.0,1.0,1.0,0.75,0.4897959183673469,0.4556151784021879,0.4510130048829739,0.477226345083488,0.47240587695133146,0.4897959183673469,0.4848484848484849,0.4897959183673469,0.8061224489795918,0.9693877551020408,0.9897959183673469,0.9897959183673469,0.3979591836734694
SVM,S1_vs_S2_P1,123,True,True,experiment_results_statistical_IL_top_10_video_2025-08-14_220927_early_stop/svm_S1_vs_S2_P1_2025-08-14_220927_seed123_early_stop.pkl,"{'C': 10, 'decision_function_shape': 'ovo', 'gamma': 'scale', 'kernel': 'poly'}",0.84375,0.8011363636363636,0.7768595041322314,0.78515625,0.7613636363636364,0.84375,0.8181818181818182,0.34375,0.625,0.875,0.90625,0.9375,0.34375,0.336734693877551,0.30885875402792695,0.3057389686337055,0.36341359203780027,0.35974274767378217,0.336734693877551,0.3333333333333333,0.336734693877551,0.6428571428571429,0.7959183673469388,0.8469387755102041,0.9285714285714286,0.336734693877551
MLP,S1_vs_S2_P1,123,True,True,experiment_results_statistical_IL_top_10_video_2025-08-14_220927_early_stop/mlp_S1_vs_S2_P1_2025-08-14_220927_seed123_early_stop.pkl,"{'activation': 'relu', 'alpha': 0.0001, 'batch_size': 36, 'early_stopping': True, 'hidden_layer_sizes': [100], 'learning_rate': 'constant', 'learning_rate_init': 0.001, 'max_iter': 2000, 'solver': 'adam'}",0.09375,0.01607142857142857,0.015584415584415584,0.0087890625,0.008522727272727272,0.09375,0.09090909090909091,0.09375,0.1875,0.28125,0.375,0.46875,0.09375,0.09183673469387756,0.015449170322334541,0.015293118096856413,0.008433985839233653,0.008348794063079777,0.09183673469387756,0.09090909090909091,0.09183673469387756,0.1836734693877551,0.2755102040816326,0.3673469387755102,0.45918367346938777,0.09183673469387756
NaiveBayes,S1_vs_S2_P1,123,False,True,experiment_results_statistical_IL_top_10_video_2025-08-14_220927_early_stop/naivebayes_S1_vs_S2_P1_2025-08-14_220927_seed123_early_stop.pkl,"{'priors': None, 'var_smoothing': 1e-09}",0.84375,0.8011363636363636,0.7768595041322314,0.78515625,0.7613636363636364,0.84375,0.8181818181818182,0.84375,0.9375,1.0,1.0,1.0,0.75,0.45918367346938777,0.38865889212827986,0.38473304473304476,0.46181879345144644,0.4571539571539571,0.45918367346938777,0.45454545454545453,0.45918367346938777,0.6632653061224489,0.8061224489795918,0.826530612244898,0.8469387755102041,0.3673469387755102
LightGBM,S1_vs_S2_P1,123,False,True,experiment_results_statistical_IL_top_10_video_2025-08-14_220927_early_stop/lightgbm_S1_vs_S2_P1_2025-08-14_220927_seed123_early_stop.pkl,"{'boosting_type': 'gbdt', 'class_weight': None, 'colsample_bytree': 1.0, 'importance_type': 'split', 'learning_rate': 0.1, 'max_depth': -1, 'min_child_samples': 20, 'min_child_weight': 0.001, 'min_split_gain': 0.0, 'n_estimators': 100, 'n_jobs': -1, 'num_leaves': 31, 'objective': None, 'random_state': 123, 'reg_alpha': 0.0, 'reg_lambda': 0.0, 'subsample': 1.0, 'subsample_for_bin': 200000, 'subsample_freq': 0, 'verbose': -1}",0.09375,0.01607142857142857,0.015584415584415584,0.0087890625,0.008522727272727272,0.09375,0.09090909090909091,0.09375,0.1875,0.28125,0.375,0.46875,0.0,0.09183673469387756,0.015449170322334541,0.015293118096856413,0.008433985839233653,0.008348794063079777,0.09183673469387756,0.09090909090909091,0.09183673469387756,0.1836734693877551,0.2755102040816326,0.3673469387755102,0.45918367346938777,0.0
ExtraTrees,S1_vs_S2_P1,123,False,True,experiment_results_statistical_IL_top_10_video_2025-08-14_220927_early_stop/extratrees_S1_vs_S2_P1_2025-08-14_220927_seed123_early_stop.pkl,"{'bootstrap': False, 'ccp_alpha': 0.0, 'class_weight': None, 'criterion': 'gini', 'max_depth': None, 'max_features': 'sqrt', 'max_leaf_nodes': None, 'max_samples': None, 'min_impurity_decrease': 0.0, 'min_samples_leaf': 1, 'min_samples_split': 2, 'min_weight_fraction_leaf': 0.0, 'monotonic_cst': None, 'n_estimators': 100, 'n_jobs': -1, 'oob_score': False, 'random_state': 123, 'verbose': 0, 'warm_start': False}",0.84375,0.8011363636363636,0.7768595041322314,0.78515625,0.7613636363636364,0.84375,0.8181818181818182,0.84375,0.9375,1.0,1.0,1.0,0.75,0.5102040816326531,0.4727198774246541,0.46794492916783936,0.48386689840771474,0.47897935397935404,0.5102040816326531,0.5050505050505051,0.5102040816326531,0.7959183673469388,0.9591836734693877,0.9795918367346939,1.0,0.41836734693877553
GradientBoosting,S1_vs_S2_P1,123,False,True,experiment_results_statistical_IL_top_10_video_2025-08-14_220927_early_stop/gradientboosting_S1_vs_S2_P1_2025-08-14_220927_seed123_early_stop.pkl,"{'ccp_alpha': 0.0, 'criterion': 'friedman_mse', 'init': None, 'learning_rate': 0.1, 'loss': 'log_loss', 'max_depth': 3, 'max_features': None, 'max_leaf_nodes': None, 'min_impurity_decrease': 0.0, 'min_samples_leaf': 1, 'min_samples_split': 2, 'min_weight_fraction_leaf': 0.0, 'n_estimators': 100, 'n_iter_no_change': None, 'random_state': 123, 'subsample': 1.0, 'tol': 0.0001, 'validation_fraction': 0.1, 'verbose': 0, 'warm_start': False}",0.84375,0.8011363636363636,0.7768595041322314,0.78515625,0.7613636363636364,0.84375,0.8181818181818182,0.84375,0.9375,1.0,1.0,1.0,0.75,0.3469387755102041,0.3133812236892142,0.3102157567832625,0.35398475556814757,0.35040915197655004,0.3469387755102041,0.3434343434343434,0.3469387755102041,0.6020408163265306,0.7653061224489796,0.8469387755102041,0.8673469387755102,0.25510204081632654
KNN,S1_vs_S2_P1,123,False,True,experiment_results_statistical_IL_top_10_video_2025-08-14_220927_early_stop/knn_S1_vs_S2_P1_2025-08-14_220927_seed123_early_stop.pkl,"{'algorithm': 'auto', 'leaf_size': 30, 'metric': 'minkowski', 'metric_params': None, 'n_jobs': -1, 'n_neighbors': 5, 'p': 2, 'weights': 'uniform'}",0.40625,0.3564732142857143,0.3456709956709957,0.415625,0.40303030303030307,0.40625,0.3939393939393939,0.40625,0.75,1.0,1.0,1.0,0.3125,0.24489795918367346,0.17136933720856765,0.1696383338024205,0.26755823921315025,0.26485563073624974,0.24489795918367346,0.24242424242424238,0.22448979591836735,0.5408163265306123,0.6632653061224489,0.7142857142857143,0.7448979591836735,0.19387755102040816
LogisticRegression,S1_vs_S2_P1,123,False,True,experiment_results_statistical_IL_top_10_video_2025-08-14_220927_early_stop/logisticregression_S1_vs_S2_P1_2025-08-14_220927_seed123_early_stop.pkl,"{'C': 1.0, 'class_weight': None, 'dual': False, 'fit_intercept': True, 'intercept_scaling': 1, 'l1_ratio': None, 'max_iter': 100, 'multi_class': 'deprecated', 'n_jobs': -1, 'penalty': 'l2', 'random_state': 123, 'solver': 'lbfgs', 'tol': 0.0001, 'verbose': 0, 'warm_start': False}",0.5,0.45214990601503763,0.4384483937115516,0.519140625,0.5034090909090909,0.5,0.4848484848484848,0.5,0.71875,0.8125,0.9375,0.9375,0.5,0.2857142857142857,0.24370826486660194,0.24124656522148483,0.31056576269321745,0.3074287347872254,0.2857142857142857,0.2828282828282828,0.2857142857142857,0.5102040816326531,0.6428571428571429,0.8163265306122449,0.8367346938775511,0.2857142857142857
RandomForest,S1_vs_S2_P1,456,True,True,experiment_results_statistical_IL_top_10_video_2025-08-14_220927_early_stop/randomforest_S1_vs_S2_P1_2025-08-14_220927_seed456_early_stop.pkl,"{'bootstrap': False, 'max_depth': 10, 'max_features': 'log2', 'min_samples_leaf': 1, 'min_samples_split': 2, 'n_estimators': 100}",0.84375,0.8011363636363636,0.7768595041322314,0.78515625,0.7613636363636364,0.84375,0.8181818181818182,0.84375,0.9375,1.0,1.0,1.0,0.75,0.4489795918367347,0.4126283432627709,0.40846038019951064,0.4392306672918918,0.4347939938849029,0.4489795918367347,0.4444444444444445,0.46938775510204084,0.7551020408163265,0.9081632653061225,0.9489795918367347,0.9489795918367347,0.35714285714285715
XGBoost,S1_vs_S2_P1,456,True,True,experiment_results_statistical_IL_top_10_video_2025-08-14_220927_early_stop/xgboost_S1_vs_S2_P1_2025-08-14_220927_seed456_early_stop.pkl,"{'colsample_bytree': 0.8, 'device': 'cpu', 'learning_rate': 0.05, 'max_depth': 4, 'n_estimators': 1000, 'reg_lambda': 1, 'subsample': 1.0}",0.84375,0.8011363636363636,0.7768595041322314,0.78515625,0.7613636363636364,0.84375,0.8181818181818182,0.84375,0.9375,1.0,1.0,1.0,0.84375,0.3469387755102041,0.2894768946539655,0.2865528856170567,0.2840458682026888,0.28117671801882327,0.3469387755102041,0.3434343434343434,0.3469387755102041,0.5918367346938775,0.7653061224489796,0.8163265306122449,0.8979591836734694,0.3469387755102041
CatBoost,S1_vs_S2_P1,456,True,True,experiment_results_statistical_IL_top_10_video_2025-08-14_220927_early_stop/catboost_S1_vs_S2_P1_2025-08-14_220927_seed456_early_stop.pkl,"{'border_count': 32, 'depth': 6, 'iterations': 1000, 'l2_leaf_reg': 5, 'learning_rate': 0.1}",0.84375,0.8011363636363636,0.7768595041322314,0.78515625,0.7613636363636364,0.84375,0.8181818181818182,0.84375,0.9375,1.0,1.0,1.0,0.75,0.46938775510204084,0.4367900900898997,0.43237806897788056,0.45974153397622786,0.45509768009768004,0.46938775510204084,0.4646464646464646,0.46938775510204084,0.7755102040816326,0.9591836734693877,0.9693877551020408,0.9795918367346939,0.37755102040816324
SVM,S1_vs_S2_P1,456,True,True,experiment_results_statistical_IL_top_10_video_2025-08-14_220927_early_stop/svm_S1_vs_S2_P1_2025-08-14_220927_seed456_early_stop.pkl,"{'C': 10, 'decision_function_shape': 'ovo', 'gamma': 'scale', 'kernel': 'rbf'}",0.84375,0.8011363636363636,0.7768595041322314,0.78515625,0.7613636363636364,0.84375,0.8181818181818182,0.375,0.625,0.8125,0.8125,0.90625,0.375,0.3979591836734694,0.3606657534641085,0.35702266504527913,0.3908983521756217,0.3869498839718275,0.3979591836734694,0.3939393939393939,0.4489795918367347,0.673469387755102,0.8571428571428571,0.8979591836734694,0.9489795918367347,0.4489795918367347
MLP,S1_vs_S2_P1,456,True,True,experiment_results_statistical_IL_top_10_video_2025-08-14_220927_early_stop/mlp_S1_vs_S2_P1_2025-08-14_220927_seed456_early_stop.pkl,"{'activation': 'relu', 'alpha': 0.0001, 'batch_size': 36, 'early_stopping': True, 'hidden_layer_sizes': [50], 'learning_rate': 'constant', 'learning_rate_init': 0.001, 'max_iter': 2000, 'solver': 'adam'}",0.09375,0.01607142857142857,0.015584415584415584,0.0087890625,0.008522727272727272,0.09375,0.09090909090909091,0.09375,0.1875,0.28125,0.375,0.46875,0.09375,0.09183673469387756,0.015449170322334541,0.015293118096856413,0.008433985839233653,0.008348794063079777,0.09183673469387756,0.09090909090909091,0.09183673469387756,0.1836734693877551,0.2755102040816326,0.3673469387755102,0.45918367346938777,0.09183673469387756
NaiveBayes,S1_vs_S2_P1,456,False,True,experiment_results_statistical_IL_top_10_video_2025-08-14_220927_early_stop/naivebayes_S1_vs_S2_P1_2025-08-14_220927_seed456_early_stop.pkl,"{'priors': None, 'var_smoothing': 1e-09}",0.84375,0.8011363636363636,0.7768595041322314,0.78515625,0.7613636363636364,0.84375,0.8181818181818182,0.84375,0.9375,1.0,1.0,1.0,0.75,0.45918367346938777,0.38865889212827986,0.38473304473304476,0.46181879345144644,0.4571539571539571,0.45918367346938777,0.45454545454545453,0.45918367346938777,0.6632653061224489,0.8061224489795918,0.826530612244898,0.8469387755102041,0.3673469387755102
LightGBM,S1_vs_S2_P1,456,False,True,experiment_results_statistical_IL_top_10_video_2025-08-14_220927_early_stop/lightgbm_S1_vs_S2_P1_2025-08-14_220927_seed456_early_stop.pkl,"{'boosting_type': 'gbdt', 'class_weight': None, 'colsample_bytree': 1.0, 'importance_type': 'split', 'learning_rate': 0.1, 'max_depth': -1, 'min_child_samples': 20, 'min_child_weight': 0.001, 'min_split_gain': 0.0, 'n_estimators': 100, 'n_jobs': -1, 'num_leaves': 31, 'objective': None, 'random_state': 456, 'reg_alpha': 0.0, 'reg_lambda': 0.0, 'subsample': 1.0, 'subsample_for_bin': 200000, 'subsample_freq': 0, 'verbose': -1}",0.09375,0.01607142857142857,0.015584415584415584,0.0087890625,0.008522727272727272,0.09375,0.09090909090909091,0.09375,0.1875,0.28125,0.375,0.46875,0.0,0.09183673469387756,0.015449170322334541,0.015293118096856413,0.008433985839233653,0.008348794063079777,0.09183673469387756,0.09090909090909091,0.09183673469387756,0.1836734693877551,0.2755102040816326,0.3673469387755102,0.45918367346938777,0.0
ExtraTrees,S1_vs_S2_P1,456,False,True,experiment_results_statistical_IL_top_10_video_2025-08-14_220927_early_stop/extratrees_S1_vs_S2_P1_2025-08-14_220927_seed456_early_stop.pkl,"{'bootstrap': False, 'ccp_alpha': 0.0, 'class_weight': None, 'criterion': 'gini', 'max_depth': None, 'max_features': 'sqrt', 'max_leaf_nodes': None, 'max_samples': None, 'min_impurity_decrease': 0.0, 'min_samples_leaf': 1, 'min_samples_split': 2, 'min_weight_fraction_leaf': 0.0, 'monotonic_cst': None, 'n_estimators': 100, 'n_jobs': -1, 'oob_score': False, 'random_state': 456, 'verbose': 0, 'warm_start': False}",0.84375,0.8011363636363636,0.7768595041322314,0.78515625,0.7613636363636364,0.84375,0.8181818181818182,0.84375,0.9375,1.0,1.0,1.0,0.75,0.4897959183673469,0.4529912716966486,0.44841560228557126,0.472142143570715,0.46737303100939465,0.4897959183673469,0.4848484848484849,0.47959183673469385,0.8367346938775511,0.9897959183673469,1.0,1.0,0.3877551020408163
GradientBoosting,S1_vs_S2_P1,456,False,True,experiment_results_statistical_IL_top_10_video_2025-08-14_220927_early_stop/gradientboosting_S1_vs_S2_P1_2025-08-14_220927_seed456_early_stop.pkl,"{'ccp_alpha': 0.0, 'criterion': 'friedman_mse', 'init': None, 'learning_rate': 0.1, 'loss': 'log_loss', 'max_depth': 3, 'max_features': None, 'max_leaf_nodes': None, 'min_impurity_decrease': 0.0, 'min_samples_leaf': 1, 'min_samples_split': 2, 'min_weight_fraction_leaf': 0.0, 'n_estimators': 100, 'n_iter_no_change': None, 'random_state': 456, 'subsample': 1.0, 'tol': 0.0001, 'validation_fraction': 0.1, 'verbose': 0, 'warm_start': False}",0.84375,0.8011363636363636,0.7768595041322314,0.78515625,0.7613636363636364,0.84375,0.8181818181818182,0.84375,0.9375,1.0,1.0,1.0,0.75,0.3469387755102041,0.3111472300339151,0.30800432872044126,0.33034185202552546,0.3270050656414293,0.3469387755102041,0.3434343434343435,0.3469387755102041,0.6224489795918368,0.7653061224489796,0.8469387755102041,0.8673469387755102,0.25510204081632654
KNN,S1_vs_S2_P1,456,False,True,experiment_results_statistical_IL_top_10_video_2025-08-14_220927_early_stop/knn_S1_vs_S2_P1_2025-08-14_220927_seed456_early_stop.pkl,"{'algorithm': 'auto', 'leaf_size': 30, 'metric': 'minkowski', 'metric_params': None, 'n_jobs': -1, 'n_neighbors': 5, 'p': 2, 'weights': 'uniform'}",0.40625,0.3564732142857143,0.3456709956709957,0.415625,0.40303030303030307,0.40625,0.3939393939393939,0.40625,0.75,1.0,1.0,1.0,0.3125,0.24489795918367346,0.17136933720856765,0.1696383338024205,0.26755823921315025,0.26485563073624974,0.24489795918367346,0.24242424242424238,0.22448979591836735,0.5408163265306123,0.6632653061224489,0.7142857142857143,0.7448979591836735,0.19387755102040816
LogisticRegression,S1_vs_S2_P1,456,False,True,experiment_results_statistical_IL_top_10_video_2025-08-14_220927_early_stop/logisticregression_S1_vs_S2_P1_2025-08-14_220927_seed456_early_stop.pkl,"{'C': 1.0, 'class_weight': None, 'dual': False, 'fit_intercept': True, 'intercept_scaling': 1, 'l1_ratio': None, 'max_iter': 100, 'multi_class': 'deprecated', 'n_jobs': -1, 'penalty': 'l2', 'random_state': 456, 'solver': 'lbfgs', 'tol': 0.0001, 'verbose': 0, 'warm_start': False}",0.5,0.45214990601503763,0.4384483937115516,0.519140625,0.5034090909090909,0.5,0.4848484848484848,0.5,0.71875,0.8125,0.9375,0.9375,0.5,0.2857142857142857,0.24370826486660194,0.24124656522148483,0.31056576269321745,0.3074287347872254,0.2857142857142857,0.2828282828282828,0.2857142857142857,0.5102040816326531,0.6428571428571429,0.8163265306122449,0.8367346938775511,0.2857142857142857
RandomForest,S1_vs_S2_P2,42,True,True,experiment_results_statistical_IL_top_10_video_2025-08-14_220927_early_stop/randomforest_S1_vs_S2_P2_2025-08-14_220927_seed42_early_stop.pkl,"{'bootstrap': True, 'max_depth': 10, 'max_features': 'sqrt', 'min_samples_leaf': 1, 'min_samples_split': 2, 'n_estimators': 100}",0.84375,0.8011363636363636,0.7768595041322314,0.78515625,0.7613636363636364,0.84375,0.8181818181818182,0.84375,0.9375,1.0,1.0,1.0,0.84375,0.6326530612244898,0.5726102173873387,0.5668262757975676,0.6452050050789546,0.6386877828054299,0.6326530612244898,0.6262626262626262,0.6326530612244898,0.826530612244898,0.9795918367346939,0.9897959183673469,1.0,0.6224489795918368
XGBoost,S1_vs_S2_P2,42,True,True,experiment_results_statistical_IL_top_10_video_2025-08-14_220927_early_stop/xgboost_S1_vs_S2_P2_2025-08-14_220927_seed42_early_stop.pkl,"{'colsample_bytree': 0.8, 'device': 'cpu', 'learning_rate': 0.05, 'max_depth': 4, 'n_estimators': 1000, 'reg_lambda': 1, 'subsample': 1.0}",0.84375,0.8011363636363636,0.7768595041322314,0.78515625,0.7613636363636364,0.84375,0.8181818181818182,0.84375,0.9375,1.0,1.0,1.0,0.84375,0.5510204081632653,0.49448369091226235,0.4939782439782441,0.4936374549819928,0.4915372209489856,0.5510204081632653,0.5555555555555555,0.5510204081632653,0.7959183673469388,0.9081632653061225,0.9285714285714286,0.9489795918367347,0.5510204081632653
CatBoost,S1_vs_S2_P2,42,True,True,experiment_results_statistical_IL_top_10_video_2025-08-14_220927_early_stop/catboost_S1_vs_S2_P2_2025-08-14_220927_seed42_early_stop.pkl,"{'border_count': 32, 'depth': 6, 'iterations': 1000, 'l2_leaf_reg': 5, 'learning_rate': 0.05}",0.84375,0.8011363636363636,0.7768595041322314,0.78515625,0.7613636363636364,0.84375,0.8181818181818182,0.84375,0.9375,1.0,1.0,1.0,0.75,0.6122448979591837,0.558592143624367,0.5529497987392724,0.5949638371832249,0.5889541014541014,0.6122448979591837,0.6060606060606061,0.6020408163265306,0.8367346938775511,0.9693877551020408,0.9693877551020408,0.9795918367346939,0.5204081632653061
SVM,S1_vs_S2_P2,42,True,True,experiment_results_statistical_IL_top_10_video_2025-08-14_220927_early_stop/svm_S1_vs_S2_P2_2025-08-14_220927_seed42_early_stop.pkl,"{'C': 10, 'decision_function_shape': 'ovo', 'gamma': 'scale', 'kernel': 'rbf'}",0.84375,0.8011363636363636,0.7768595041322314,0.78515625,0.7613636363636364,0.84375,0.8181818181818182,0.625,0.8125,1.0,1.0,1.0,0.625,0.3979591836734694,0.3411063743964963,0.3418048596072024,0.397597103357472,0.3961876832844574,0.3979591836734694,0.40404040404040403,0.3979591836734694,0.6428571428571429,0.8367346938775511,0.9183673469387755,0.9693877551020408,0.3979591836734694
MLP,S1_vs_S2_P2,42,True,True,experiment_results_statistical_IL_top_10_video_2025-08-14_220927_early_stop/mlp_S1_vs_S2_P2_2025-08-14_220927_seed42_early_stop.pkl,"{'activation': 'relu', 'alpha': 0.0001, 'batch_size': 36, 'early_stopping': True, 'hidden_layer_sizes': [50], 'learning_rate': 'constant', 'learning_rate_init': 0.001, 'max_iter': 2000, 'solver': 'adam'}",0.09375,0.01607142857142857,0.015584415584415584,0.0087890625,0.008522727272727272,0.09375,0.09090909090909091,0.09375,0.15625,0.25,0.34375,0.4375,0.09375,0.09183673469387756,0.015449170322334541,0.015293118096856413,0.008433985839233653,0.008348794063079777,0.09183673469387756,0.09090909090909091,0.09183673469387756,0.1836734693877551,0.2653061224489796,0.35714285714285715,0.4489795918367347,0.09183673469387756
NaiveBayes,S1_vs_S2_P2,42,False,True,experiment_results_statistical_IL_top_10_video_2025-08-14_220927_early_stop/naivebayes_S1_vs_S2_P2_2025-08-14_220927_seed42_early_stop.pkl,"{'priors': None, 'var_smoothing': 1e-09}",0.84375,0.8011363636363636,0.7768595041322314,0.78515625,0.7613636363636364,0.84375,0.8181818181818182,0.84375,0.9375,1.0,1.0,1.0,0.75,0.37755102040816324,0.2948018559451063,0.2918240594204083,0.27112680236929937,0.26838814779991255,0.37755102040816324,0.37373737373737376,0.3673469387755102,0.5816326530612245,0.8469387755102041,0.8979591836734694,0.9081632653061225,0.2857142857142857
LightGBM,S1_vs_S2_P2,42,False,True,experiment_results_statistical_IL_top_10_video_2025-08-14_220927_early_stop/lightgbm_S1_vs_S2_P2_2025-08-14_220927_seed42_early_stop.pkl,"{'boosting_type': 'gbdt', 'class_weight': None, 'colsample_bytree': 1.0, 'importance_type': 'split', 'learning_rate': 0.1, 'max_depth': -1, 'min_child_samples': 20, 'min_child_weight': 0.001, 'min_split_gain': 0.0, 'n_estimators': 100, 'n_jobs': -1, 'num_leaves': 31, 'objective': None, 'random_state': 42, 'reg_alpha': 0.0, 'reg_lambda': 0.0, 'subsample': 1.0, 'subsample_for_bin': 200000, 'subsample_freq': 0, 'verbose': -1}",0.09375,0.01607142857142857,0.015584415584415584,0.0087890625,0.008522727272727272,0.09375,0.09090909090909091,0.09375,0.1875,0.28125,0.375,0.46875,0.0,0.09183673469387756,0.015449170322334541,0.015293118096856413,0.008433985839233653,0.008348794063079777,0.09183673469387756,0.09090909090909091,0.08163265306122448,0.17346938775510204,0.2653061224489796,0.35714285714285715,0.4489795918367347,0.0
ExtraTrees,S1_vs_S2_P2,42,False,True,experiment_results_statistical_IL_top_10_video_2025-08-14_220927_early_stop/extratrees_S1_vs_S2_P2_2025-08-14_220927_seed42_early_stop.pkl,"{'bootstrap': False, 'ccp_alpha': 0.0, 'class_weight': None, 'criterion': 'gini', 'max_depth': None, 'max_features': 'sqrt', 'max_leaf_nodes': None, 'max_samples': None, 'min_impurity_decrease': 0.0, 'min_samples_leaf': 1, 'min_samples_split': 2, 'min_weight_fraction_leaf': 0.0, 'monotonic_cst': None, 'n_estimators': 100, 'n_jobs': -1, 'oob_score': False, 'random_state': 42, 'verbose': 0, 'warm_start': False}",0.84375,0.8011363636363636,0.7768595041322314,0.78515625,0.7613636363636364,0.84375,0.8181818181818182,0.84375,0.9375,1.0,1.0,1.0,0.75,0.5612244897959183,0.506616320680207,0.5014989841076798,0.5465083835732094,0.5409880968704499,0.5612244897959183,0.5555555555555556,0.5612244897959183,0.8163265306122449,0.9693877551020408,0.9795918367346939,0.9795918367346939,0.46938775510204084
GradientBoosting,S1_vs_S2_P2,42,False,True,experiment_results_statistical_IL_top_10_video_2025-08-14_220927_early_stop/gradientboosting_S1_vs_S2_P2_2025-08-14_220927_seed42_early_stop.pkl,"{'ccp_alpha': 0.0, 'criterion': 'friedman_mse', 'init': None, 'learning_rate': 0.1, 'loss': 'log_loss', 'max_depth': 3, 'max_features': None, 'max_leaf_nodes': None, 'min_impurity_decrease': 0.0, 'min_samples_leaf': 1, 'min_samples_split': 2, 'min_weight_fraction_leaf': 0.0, 'n_estimators': 100, 'n_iter_no_change': None, 'random_state': 42, 'subsample': 1.0, 'tol': 0.0001, 'validation_fraction': 0.1, 'verbose': 0, 'warm_start': False}",0.84375,0.8011363636363636,0.7768595041322314,0.78515625,0.7613636363636364,0.84375,0.8181818181818182,0.84375,0.9375,1.0,1.0,1.0,0.75,0.32653061224489793,0.2768306916856863,0.27403442207269957,0.3151785714285714,0.3119949494949495,0.32653061224489793,0.32323232323232326,0.3163265306122449,0.5306122448979592,0.7244897959183674,0.7653061224489796,0.7857142857142857,0.23469387755102042
KNN,S1_vs_S2_P2,42,False,True,experiment_results_statistical_IL_top_10_video_2025-08-14_220927_early_stop/knn_S1_vs_S2_P2_2025-08-14_220927_seed42_early_stop.pkl,"{'algorithm': 'auto', 'leaf_size': 30, 'metric': 'minkowski', 'metric_params': None, 'n_jobs': -1, 'n_neighbors': 5, 'p': 2, 'weights': 'uniform'}",0.34375,0.25470779220779216,0.24698937426210152,0.25345982142857143,0.2457792207792208,0.34375,0.33333333333333326,0.34375,0.65625,0.96875,1.0,1.0,0.21875,0.24489795918367346,0.18823191102986742,0.18633057859522228,0.22941176470588237,0.22709447415329767,0.24489795918367346,0.2424242424242424,0.2653061224489796,0.5306122448979592,0.7040816326530612,0.7653061224489796,0.7959183673469388,0.15306122448979592
LogisticRegression,S1_vs_S2_P2,42,False,True,experiment_results_statistical_IL_top_10_video_2025-08-14_220927_early_stop/logisticregression_S1_vs_S2_P2_2025-08-14_220927_seed42_early_stop.pkl,"{'C': 1.0, 'class_weight': None, 'dual': False, 'fit_intercept': True, 'intercept_scaling': 1, 'l1_ratio': None, 'max_iter': 100, 'multi_class': 'deprecated', 'n_jobs': -1, 'penalty': 'l2', 'random_state': 42, 'solver': 'lbfgs', 'tol': 0.0001, 'verbose': 0, 'warm_start': False}",0.4375,0.35527490601503764,0.34450899977215765,0.347265625,0.33674242424242423,0.4375,0.4242424242424242,0.4375,0.6875,0.8125,0.90625,0.9375,0.4375,0.24489795918367346,0.17294624594705918,0.17119931416981615,0.18572835520274872,0.18385231121080176,0.24489795918367346,0.24242424242424246,0.24489795918367346,0.45918367346938777,0.6020408163265306,0.7448979591836735,0.7959183673469388,0.24489795918367346
RandomForest,S1_vs_S2_P2,123,True,True,experiment_results_statistical_IL_top_10_video_2025-08-14_220927_early_stop/randomforest_S1_vs_S2_P2_2025-08-14_220927_seed123_early_stop.pkl,"{'bootstrap': True, 'max_depth': 10, 'max_features': 'sqrt', 'min_samples_leaf': 1, 'min_samples_split': 2, 'n_estimators': 500}",0.84375,0.8011363636363636,0.7768595041322314,0.78515625,0.7613636363636364,0.84375,0.8181818181818182,0.84375,0.9375,1.0,1.0,1.0,0.84375,0.6428571428571429,0.5946855384596064,0.5934320303468238,0.6240244449428123,0.6208291708291708,0.6428571428571429,0.6464646464646464,0.6326530612244898,0.8469387755102041,0.9693877551020408,0.9693877551020408,0.9795918367346939,0.6326530612244898
XGBoost,S1_vs_S2_P2,123,True,True,experiment_results_statistical_IL_top_10_video_2025-08-14_220927_early_stop/xgboost_S1_vs_S2_P2_2025-08-14_220927_seed123_early_stop.pkl,"{'colsample_bytree': 0.8, 'device': 'cpu', 'learning_rate': 0.1, 'max_depth': 4, 'n_estimators': 1000, 'reg_lambda': 1, 'subsample': 0.8}",0.84375,0.8011363636363636,0.7768595041322314,0.78515625,0.7613636363636364,0.84375,0.8181818181818182,0.84375,0.9375,1.0,1.0,1.0,0.84375,0.5612244897959183,0.5145598821753494,0.5138516454305928,0.5670511061567485,0.564209320091673,0.5612244897959183,0.5656565656565656,0.5612244897959183,0.8061224489795918,0.9183673469387755,0.9489795918367347,0.9591836734693877,0.5612244897959183
CatBoost,S1_vs_S2_P2,123,True,True,experiment_results_statistical_IL_top_10_video_2025-08-14_220927_early_stop/catboost_S1_vs_S2_P2_2025-08-14_220927_seed123_early_stop.pkl,"{'border_count': 32, 'depth': 8, 'iterations': 1000, 'l2_leaf_reg': 1, 'learning_rate': 0.1}",0.84375,0.8011363636363636,0.7768595041322314,0.78515625,0.7613636363636364,0.84375,0.8181818181818182,0.84375,0.9375,1.0,1.0,1.0,0.75,0.5918367346938775,0.5356867836781908,0.5302758060652798,0.5737764336503832,0.5679807120983591,0.5918367346938775,0.5858585858585859,0.5816326530612245,0.826530612244898,0.9489795918367347,0.9693877551020408,0.9897959183673469,0.5
SVM,S1_vs_S2_P2,123,True,True,experiment_results_statistical_IL_top_10_video_2025-08-14_220927_early_stop/svm_S1_vs_S2_P2_2025-08-14_220927_seed123_early_stop.pkl,"{'C': 100, 'decision_function_shape': 'ovo', 'gamma': 'scale', 'kernel': 'poly'}",0.84375,0.8011363636363636,0.7768595041322314,0.78515625,0.7613636363636364,0.84375,0.8181818181818182,0.625,0.875,1.0,1.0,1.0,0.625,0.41836734693877553,0.3482900302978334,0.3486199530317177,0.4696019316817636,0.4672351860854535,0.41836734693877553,0.42424242424242425,0.3877551020408163,0.6326530612244898,0.7857142857142857,0.826530612244898,0.8979591836734694,0.3877551020408163
MLP,S1_vs_S2_P2,123,True,True,experiment_results_statistical_IL_top_10_video_2025-08-14_220927_early_stop/mlp_S1_vs_S2_P2_2025-08-14_220927_seed123_early_stop.pkl,"{'activation': 'relu', 'alpha': 0.0001, 'batch_size': 36, 'early_stopping': True, 'hidden_layer_sizes': [50], 'learning_rate': 'constant', 'learning_rate_init': 0.001, 'max_iter': 2000, 'solver': 'adam'}",0.09375,0.01607142857142857,0.015584415584415584,0.0087890625,0.008522727272727272,0.09375,0.09090909090909091,0.09375,0.1875,0.28125,0.375,0.46875,0.09375,0.08163265306122448,0.012321909896033885,0.0137221269296741,0.0066638900458142435,0.007421150278293135,0.08163265306122448,0.09090909090909091,0.08163265306122448,0.17346938775510204,0.2653061224489796,0.35714285714285715,0.4489795918367347,0.08163265306122448
NaiveBayes,S1_vs_S2_P2,123,False,True,experiment_results_statistical_IL_top_10_video_2025-08-14_220927_early_stop/naivebayes_S1_vs_S2_P2_2025-08-14_220927_seed123_early_stop.pkl,"{'priors': None, 'var_smoothing': 1e-09}",0.84375,0.8011363636363636,0.7768595041322314,0.78515625,0.7613636363636364,0.84375,0.8181818181818182,0.84375,0.9375,1.0,1.0,1.0,0.75,0.37755102040816324,0.2948018559451063,0.2918240594204083,0.27112680236929937,0.26838814779991255,0.37755102040816324,0.37373737373737376,0.3673469387755102,0.5816326530612245,0.8469387755102041,0.8979591836734694,0.9081632653061225,0.2857142857142857
LightGBM,S1_vs_S2_P2,123,False,True,experiment_results_statistical_IL_top_10_video_2025-08-14_220927_early_stop/lightgbm_S1_vs_S2_P2_2025-08-14_220927_seed123_early_stop.pkl,"{'boosting_type': 'gbdt', 'class_weight': None, 'colsample_bytree': 1.0, 'importance_type': 'split', 'learning_rate': 0.1, 'max_depth': -1, 'min_child_samples': 20, 'min_child_weight': 0.001, 'min_split_gain': 0.0, 'n_estimators': 100, 'n_jobs': -1, 'num_leaves': 31, 'objective': None, 'random_state': 123, 'reg_alpha': 0.0, 'reg_lambda': 0.0, 'subsample': 1.0, 'subsample_for_bin': 200000, 'subsample_freq': 0, 'verbose': -1}",0.09375,0.01607142857142857,0.015584415584415584,0.0087890625,0.008522727272727272,0.09375,0.09090909090909091,0.09375,0.1875,0.28125,0.375,0.46875,0.0,0.09183673469387756,0.015449170322334541,0.015293118096856413,0.008433985839233653,0.008348794063079777,0.09183673469387756,0.09090909090909091,0.08163265306122448,0.17346938775510204,0.2653061224489796,0.35714285714285715,0.4489795918367347,0.0
ExtraTrees,S1_vs_S2_P2,123,False,True,experiment_results_statistical_IL_top_10_video_2025-08-14_220927_early_stop/extratrees_S1_vs_S2_P2_2025-08-14_220927_seed123_early_stop.pkl,"{'bootstrap': False, 'ccp_alpha': 0.0, 'class_weight': None, 'criterion': 'gini', 'max_depth': None, 'max_features': 'sqrt', 'max_leaf_nodes': None, 'max_samples': None, 'min_impurity_decrease': 0.0, 'min_samples_leaf': 1, 'min_samples_split': 2, 'min_weight_fraction_leaf': 0.0, 'monotonic_cst': None, 'n_estimators': 100, 'n_jobs': -1, 'oob_score': False, 'random_state': 123, 'verbose': 0, 'warm_start': False}",0.84375,0.8011363636363636,0.7768595041322314,0.78515625,0.7613636363636364,0.84375,0.8181818181818182,0.84375,0.9375,1.0,1.0,1.0,0.75,0.6020408163265306,0.5276883535369035,0.5223581681476419,0.620601679469832,0.6143329756368033,0.6020408163265306,0.595959595959596,0.5918367346938775,0.8367346938775511,0.9591836734693877,0.9795918367346939,0.9795918367346939,0.4897959183673469
GradientBoosting,S1_vs_S2_P2,123,False,True,experiment_results_statistical_IL_top_10_video_2025-08-14_220927_early_stop/gradientboosting_S1_vs_S2_P2_2025-08-14_220927_seed123_early_stop.pkl,"{'ccp_alpha': 0.0, 'criterion': 'friedman_mse', 'init': None, 'learning_rate': 0.1, 'loss': 'log_loss', 'max_depth': 3, 'max_features': None, 'max_leaf_nodes': None, 'min_impurity_decrease': 0.0, 'min_samples_leaf': 1, 'min_samples_split': 2, 'min_weight_fraction_leaf': 0.0, 'n_estimators': 100, 'n_iter_no_change': None, 'random_state': 123, 'subsample': 1.0, 'tol': 0.0001, 'validation_fraction': 0.1, 'verbose': 0, 'warm_start': False}",0.84375,0.8011363636363636,0.7768595041322314,0.78515625,0.7613636363636364,0.84375,0.8181818181818182,0.84375,0.9375,1.0,1.0,1.0,0.75,0.3163265306122449,0.27717089924773,0.2743711931947226,0.38690775524153614,0.3829995960976822,0.3163265306122449,0.31313131313131315,0.30612244897959184,0.5102040816326531,0.6836734693877551,0.7448979591836735,0.7551020408163265,0.22448979591836735
KNN,S1_vs_S2_P2,123,False,True,experiment_results_statistical_IL_top_10_video_2025-08-14_220927_early_stop/knn_S1_vs_S2_P2_2025-08-14_220927_seed123_early_stop.pkl,"{'algorithm': 'auto', 'leaf_size': 30, 'metric': 'minkowski', 'metric_params': None, 'n_jobs': -1, 'n_neighbors': 5, 'p': 2, 'weights': 'uniform'}",0.34375,0.25470779220779216,0.24698937426210152,0.25345982142857143,0.2457792207792208,0.34375,0.33333333333333326,0.34375,0.65625,0.96875,1.0,1.0,0.21875,0.24489795918367346,0.18823191102986742,0.18633057859522228,0.22941176470588237,0.22709447415329767,0.24489795918367346,0.2424242424242424,0.2653061224489796,0.5306122448979592,0.7040816326530612,0.7653061224489796,0.7959183673469388,0.15306122448979592
LogisticRegression,S1_vs_S2_P2,123,False,True,experiment_results_statistical_IL_top_10_video_2025-08-14_220927_early_stop/logisticregression_S1_vs_S2_P2_2025-08-14_220927_seed123_early_stop.pkl,"{'C': 1.0, 'class_weight': None, 'dual': False, 'fit_intercept': True, 'intercept_scaling': 1, 'l1_ratio': None, 'max_iter': 100, 'multi_class': 'deprecated', 'n_jobs': -1, 'penalty': 'l2', 'random_state': 123, 'solver': 'lbfgs', 'tol': 0.0001, 'verbose': 0, 'warm_start': False}",0.4375,0.35527490601503764,0.34450899977215765,0.347265625,0.33674242424242423,0.4375,0.4242424242424242,0.4375,0.6875,0.8125,0.90625,0.9375,0.4375,0.24489795918367346,0.17294624594705918,0.17119931416981615,0.18572835520274872,0.18385231121080176,0.24489795918367346,0.24242424242424246,0.24489795918367346,0.45918367346938777,0.6020408163265306,0.7448979591836735,0.7959183673469388,0.24489795918367346
RandomForest,S1_vs_S2_P2,456,True,True,experiment_results_statistical_IL_top_10_video_2025-08-14_220927_early_stop/randomforest_S1_vs_S2_P2_2025-08-14_220927_seed456_early_stop.pkl,"{'bootstrap': True, 'max_depth': 10, 'max_features': 'sqrt', 'min_samples_leaf': 1, 'min_samples_split': 2, 'n_estimators': 100}",0.84375,0.8011363636363636,0.7768595041322314,0.78515625,0.7613636363636364,0.84375,0.8181818181818182,0.84375,0.9375,1.0,1.0,1.0,0.84375,0.5612244897959183,0.5171381739508991,0.5166679725503255,0.5399093703415432,0.5375637434460964,0.5612244897959183,0.5656565656565656,0.5816326530612245,0.8469387755102041,0.9897959183673469,1.0,1.0,0.5612244897959183
XGBoost,S1_vs_S2_P2,456,True,True,experiment_results_statistical_IL_top_10_video_2025-08-14_220927_early_stop/xgboost_S1_vs_S2_P2_2025-08-14_220927_seed456_early_stop.pkl,"{'colsample_bytree': 0.8, 'device': 'cpu', 'learning_rate': 0.05, 'max_depth': 4, 'n_estimators': 1000, 'reg_lambda': 1, 'subsample': 1.0}",0.84375,0.8011363636363636,0.7768595041322314,0.78515625,0.7613636363636364,0.84375,0.8181818181818182,0.84375,0.9375,1.0,1.0,1.0,0.84375,0.5510204081632653,0.49311933564634647,0.4928917487741018,0.48318668126591297,0.4814140108257755,0.5510204081632653,0.5555555555555555,0.5510204081632653,0.7959183673469388,0.9183673469387755,0.9387755102040817,0.9489795918367347,0.5510204081632653
CatBoost,S1_vs_S2_P2,456,True,True,experiment_results_statistical_IL_top_10_video_2025-08-14_220927_early_stop/catboost_S1_vs_S2_P2_2025-08-14_220927_seed456_early_stop.pkl,"{'border_count': 32, 'depth': 6, 'iterations': 1000, 'l2_leaf_reg': 5, 'learning_rate': 0.05}",0.84375,0.8011363636363636,0.7768595041322314,0.78515625,0.7613636363636364,0.84375,0.8181818181818182,0.84375,0.9375,1.0,1.0,1.0,0.75,0.6224489795918368,0.5657232927873289,0.5600089160925075,0.6005396389324961,0.5944735819735819,0.6224489795918368,0.6161616161616161,0.6122448979591837,0.8469387755102041,0.9795918367346939,0.9795918367346939,0.9897959183673469,0.5306122448979592
SVM,S1_vs_S2_P2,456,True,True,experiment_results_statistical_IL_top_10_video_2025-08-14_220927_early_stop/svm_S1_vs_S2_P2_2025-08-14_220927_seed456_early_stop.pkl,"{'C': 10, 'decision_function_shape': 'ovo', 'gamma': 'scale', 'kernel': 'rbf'}",0.84375,0.8011363636363636,0.7768595041322314,0.78515625,0.7613636363636364,0.84375,0.8181818181818182,0.21875,0.375,0.53125,0.6875,0.8125,0.21875,0.3979591836734694,0.3411063743964963,0.3418048596072024,0.397597103357472,0.3961876832844574,0.3979591836734694,0.40404040404040403,0.21428571428571427,0.46938775510204084,0.6938775510204082,0.8673469387755102,0.9183673469387755,0.21428571428571427
MLP,S1_vs_S2_P2,456,True,True,experiment_results_statistical_IL_top_10_video_2025-08-14_220927_early_stop/mlp_S1_vs_S2_P2_2025-08-14_220927_seed456_early_stop.pkl,"{'activation': 'relu', 'alpha': 0.0001, 'batch_size': 36, 'early_stopping': True, 'hidden_layer_sizes': [50], 'learning_rate': 'constant', 'learning_rate_init': 0.001, 'max_iter': 2000, 'solver': 'adam'}",0.09375,0.01607142857142857,0.015584415584415584,0.0087890625,0.008522727272727272,0.09375,0.09090909090909091,0.09375,0.15625,0.25,0.34375,0.4375,0.09375,0.09183673469387756,0.015449170322334541,0.015293118096856413,0.008433985839233653,0.008348794063079777,0.09183673469387756,0.09090909090909091,0.09183673469387756,0.1836734693877551,0.2755102040816326,0.3673469387755102,0.45918367346938777,0.09183673469387756
NaiveBayes,S1_vs_S2_P2,456,False,True,experiment_results_statistical_IL_top_10_video_2025-08-14_220927_early_stop/naivebayes_S1_vs_S2_P2_2025-08-14_220927_seed456_early_stop.pkl,"{'priors': None, 'var_smoothing': 1e-09}",0.84375,0.8011363636363636,0.7768595041322314,0.78515625,0.7613636363636364,0.84375,0.8181818181818182,0.84375,0.9375,1.0,1.0,1.0,0.75,0.37755102040816324,0.2948018559451063,0.2918240594204083,0.27112680236929937,0.26838814779991255,0.37755102040816324,0.37373737373737376,0.3673469387755102,0.5816326530612245,0.8469387755102041,0.8979591836734694,0.9081632653061225,0.2857142857142857
LightGBM,S1_vs_S2_P2,456,False,True,experiment_results_statistical_IL_top_10_video_2025-08-14_220927_early_stop/lightgbm_S1_vs_S2_P2_2025-08-14_220927_seed456_early_stop.pkl,"{'boosting_type': 'gbdt', 'class_weight': None, 'colsample_bytree': 1.0, 'importance_type': 'split', 'learning_rate': 0.1, 'max_depth': -1, 'min_child_samples': 20, 'min_child_weight': 0.001, 'min_split_gain': 0.0, 'n_estimators': 100, 'n_jobs': -1, 'num_leaves': 31, 'objective': None, 'random_state': 456, 'reg_alpha': 0.0, 'reg_lambda': 0.0, 'subsample': 1.0, 'subsample_for_bin': 200000, 'subsample_freq': 0, 'verbose': -1}",0.09375,0.01607142857142857,0.015584415584415584,0.0087890625,0.008522727272727272,0.09375,0.09090909090909091,0.09375,0.1875,0.28125,0.375,0.46875,0.0,0.09183673469387756,0.015449170322334541,0.015293118096856413,0.008433985839233653,0.008348794063079777,0.09183673469387756,0.09090909090909091,0.08163265306122448,0.17346938775510204,0.2653061224489796,0.35714285714285715,0.4489795918367347,0.0
ExtraTrees,S1_vs_S2_P2,456,False,True,experiment_results_statistical_IL_top_10_video_2025-08-14_220927_early_stop/extratrees_S1_vs_S2_P2_2025-08-14_220927_seed456_early_stop.pkl,"{'bootstrap': False, 'ccp_alpha': 0.0, 'class_weight': None, 'criterion': 'gini', 'max_depth': None, 'max_features': 'sqrt', 'max_leaf_nodes': None, 'max_samples': None, 'min_impurity_decrease': 0.0, 'min_samples_leaf': 1, 'min_samples_split': 2, 'min_weight_fraction_leaf': 0.0, 'monotonic_cst': None, 'n_estimators': 100, 'n_jobs': -1, 'oob_score': False, 'random_state': 456, 'verbose': 0, 'warm_start': False}",0.84375,0.8011363636363636,0.7768595041322314,0.78515625,0.7613636363636364,0.84375,0.8181818181818182,0.84375,0.9375,1.0,1.0,1.0,0.75,0.5714285714285714,0.5021142337791102,0.4970423728318465,0.5339033415564027,0.5285103785103785,0.5714285714285714,0.5656565656565656,0.5612244897959183,0.8469387755102041,0.9591836734693877,0.9795918367346939,0.9897959183673469,0.46938775510204084
GradientBoosting,S1_vs_S2_P2,456,False,True,experiment_results_statistical_IL_top_10_video_2025-08-14_220927_early_stop/gradientboosting_S1_vs_S2_P2_2025-08-14_220927_seed456_early_stop.pkl,"{'ccp_alpha': 0.0, 'criterion': 'friedman_mse', 'init': None, 'learning_rate': 0.1, 'loss': 'log_loss', 'max_depth': 3, 'max_features': None, 'max_leaf_nodes': None, 'min_impurity_decrease': 0.0, 'min_samples_leaf': 1, 'min_samples_split': 2, 'min_weight_fraction_leaf': 0.0, 'n_estimators': 100, 'n_iter_no_change': None, 'random_state': 456, 'subsample': 1.0, 'tol': 0.0001, 'validation_fraction': 0.1, 'verbose': 0, 'warm_start': False}",0.84375,0.8011363636363636,0.7768595041322314,0.78515625,0.7613636363636364,0.84375,0.8181818181818182,0.84375,0.9375,1.0,1.0,1.0,0.75,0.3163265306122449,0.27388810343002545,0.27112155693073225,0.3392757602133412,0.33584873233239837,0.3163265306122449,0.31313131313131315,0.30612244897959184,0.5204081632653061,0.7040816326530612,0.7551020408163265,0.7653061224489796,0.22448979591836735
KNN,S1_vs_S2_P2,456,False,True,experiment_results_statistical_IL_top_10_video_2025-08-14_220927_early_stop/knn_S1_vs_S2_P2_2025-08-14_220927_seed456_early_stop.pkl,"{'algorithm': 'auto', 'leaf_size': 30, 'metric': 'minkowski', 'metric_params': None, 'n_jobs': -1, 'n_neighbors': 5, 'p': 2, 'weights': 'uniform'}",0.34375,0.25470779220779216,0.24698937426210152,0.25345982142857143,0.2457792207792208,0.34375,0.33333333333333326,0.34375,0.65625,0.96875,1.0,1.0,0.21875,0.24489795918367346,0.18823191102986742,0.18633057859522228,0.22941176470588237,0.22709447415329767,0.24489795918367346,0.2424242424242424,0.2653061224489796,0.5306122448979592,0.7040816326530612,0.7653061224489796,0.7959183673469388,0.15306122448979592
LogisticRegression,S1_vs_S2_P2,456,False,True,experiment_results_statistical_IL_top_10_video_2025-08-14_220927_early_stop/logisticregression_S1_vs_S2_P2_2025-08-14_220927_seed456_early_stop.pkl,"{'C': 1.0, 'class_weight': None, 'dual': False, 'fit_intercept': True, 'intercept_scaling': 1, 'l1_ratio': None, 'max_iter': 100, 'multi_class': 'deprecated', 'n_jobs': -1, 'penalty': 'l2', 'random_state': 456, 'solver': 'lbfgs', 'tol': 0.0001, 'verbose': 0, 'warm_start': False}",0.4375,0.35527490601503764,0.34450899977215765,0.347265625,0.33674242424242423,0.4375,0.4242424242424242,0.4375,0.6875,0.8125,0.90625,0.9375,0.4375,0.24489795918367346,0.17294624594705918,0.17119931416981615,0.18572835520274872,0.18385231121080176,0.24489795918367346,0.24242424242424246,0.24489795918367346,0.45918367346938777,0.6020408163265306,0.7448979591836735,0.7959183673469388,0.24489795918367346
RandomForest,S1_vs_S2_P3,42,False,True,experiment_results_statistical_IL_top_10_video_2025-08-14_220927_early_stop/randomforest_S1_vs_S2_P3_2025-08-14_220927_seed42_early_stop.pkl,"{'bootstrap': True, 'ccp_alpha': 0.0, 'class_weight': None, 'criterion': 'gini', 'max_depth': None, 'max_features': 'sqrt', 'max_leaf_nodes': None, 'max_samples': None, 'min_impurity_decrease': 0.0, 'min_samples_leaf': 1, 'min_samples_split': 2, 'min_weight_fraction_leaf': 0.0, 'monotonic_cst': None, 'n_estimators': 100, 'n_jobs': -1, 'oob_score': False, 'random_state': 42, 'verbose': 0, 'warm_start': False}",0.9,0.8666666666666667,0.7878787878787878,0.85,0.7727272727272727,0.9,0.8181818181818182,0.9,0.9666666666666667,1.0,1.0,1.0,0.9,0.5204081632653061,0.46959793555152746,0.46485452206110806,0.4756083202511774,0.4708041958041958,0.5204081632653061,0.5151515151515151,0.5306122448979592,0.7959183673469388,0.9693877551020408,0.9795918367346939,0.9795918367346939,0.5204081632653061
SVM,S1_vs_S2_P3,42,False,True,experiment_results_statistical_IL_top_10_video_2025-08-14_220927_early_stop/svm_S1_vs_S2_P3_2025-08-14_220927_seed42_early_stop.pkl,"{'C': 1.0, 'break_ties': False, 'cache_size': 200, 'class_weight': None, 'coef0': 0.0, 'decision_function_shape': 'ovr', 'degree': 3, 'gamma': 'scale', 'kernel': 'rbf', 'max_iter': -1, 'probability': True, 'random_state': 42, 'shrinking': True, 'tol': 0.001, 'verbose': False}",0.8333333333333334,0.7916666666666666,0.7196969696969696,0.81,0.7363636363636363,0.8333333333333334,0.7575757575757575,0.1,0.1,0.1,0.1,0.1,0.1,0.3673469387755102,0.2968625234830615,0.29386391213474783,0.3109370063815,0.3077962285392626,0.3673469387755102,0.36363636363636365,0.15306122448979592,0.20408163265306123,0.21428571428571427,0.2653061224489796,0.3469387755102041,0.15306122448979592
MLP,S1_vs_S2_P3,42,False,True,experiment_results_statistical_IL_top_10_video_2025-08-14_220927_early_stop/mlp_S1_vs_S2_P3_2025-08-14_220927_seed42_early_stop.pkl,"{'activation': 'relu', 'alpha': 0.0001, 'batch_size': 'auto', 'beta_1': 0.9, 'beta_2': 0.999, 'early_stopping': False, 'epsilon': 1e-08, 'hidden_layer_sizes': (100,), 'learning_rate': 'constant', 'learning_rate_init': 0.001, 'max_fun': 15000, 'max_iter': 200, 'momentum': 0.9, 'n_iter_no_change': 10, 'nesterovs_momentum': True, 'power_t': 0.5, 'random_state': 42, 'shuffle': True, 'solver': 'adam', 'tol': 0.0001, 'validation_fraction': 0.1, 'verbose': False, 'warm_start': False}",0.1,0.01818181818181818,0.01652892561983471,0.010000000000000002,0.009090909090909092,0.1,0.09090909090909091,0.1,0.2,0.3,0.4,0.5,0.1,0.09183673469387756,0.015449170322334541,0.015293118096856413,0.008433985839233653,0.008348794063079777,0.09183673469387756,0.09090909090909091,0.09183673469387756,0.1836734693877551,0.2755102040816326,0.3673469387755102,0.45918367346938777,0.09183673469387756
NaiveBayes,S1_vs_S2_P3,42,False,True,experiment_results_statistical_IL_top_10_video_2025-08-14_220927_early_stop/naivebayes_S1_vs_S2_P3_2025-08-14_220927_seed42_early_stop.pkl,"{'priors': None, 'var_smoothing': 1e-09}",0.9,0.8666666666666667,0.7878787878787878,0.85,0.7727272727272727,0.9,0.8181818181818182,0.9,0.9666666666666667,1.0,1.0,1.0,0.9,0.4387755102040816,0.35665451895043726,0.353051948051948,0.349766305123448,0.34623331214240305,0.4387755102040816,0.4343434343434343,0.4387755102040816,0.6224489795918368,0.7959183673469388,0.8571428571428571,0.8775510204081632,0.4387755102040816
LightGBM,S1_vs_S2_P3,42,False,True,experiment_results_statistical_IL_top_10_video_2025-08-14_220927_early_stop/lightgbm_S1_vs_S2_P3_2025-08-14_220927_seed42_early_stop.pkl,"{'boosting_type': 'gbdt', 'class_weight': None, 'colsample_bytree': 1.0, 'importance_type': 'split', 'learning_rate': 0.1, 'max_depth': -1, 'min_child_samples': 20, 'min_child_weight': 0.001, 'min_split_gain': 0.0, 'n_estimators': 100, 'n_jobs': -1, 'num_leaves': 31, 'objective': None, 'random_state': 42, 'reg_alpha': 0.0, 'reg_lambda': 0.0, 'subsample': 1.0, 'subsample_for_bin': 200000, 'subsample_freq': 0, 'verbose': -1}",0.1,0.01818181818181818,0.01652892561983471,0.010000000000000002,0.009090909090909092,0.1,0.09090909090909091,0.1,0.2,0.3,0.4,0.5,0.0,0.09183673469387756,0.015449170322334541,0.015293118096856413,0.008433985839233653,0.008348794063079777,0.09183673469387756,0.09090909090909091,0.09183673469387756,0.1836734693877551,0.2755102040816326,0.3673469387755102,0.45918367346938777,0.0
ExtraTrees,S1_vs_S2_P3,42,False,True,experiment_results_statistical_IL_top_10_video_2025-08-14_220927_early_stop/extratrees_S1_vs_S2_P3_2025-08-14_220927_seed42_early_stop.pkl,"{'bootstrap': False, 'ccp_alpha': 0.0, 'class_weight': None, 'criterion': 'gini', 'max_depth': None, 'max_features': 'sqrt', 'max_leaf_nodes': None, 'max_samples': None, 'min_impurity_decrease': 0.0, 'min_samples_leaf': 1, 'min_samples_split': 2, 'min_weight_fraction_leaf': 0.0, 'monotonic_cst': None, 'n_estimators': 100, 'n_jobs': -1, 'oob_score': False, 'random_state': 42, 'verbose': 0, 'warm_start': False}",0.9,0.8666666666666667,0.7878787878787878,0.85,0.7727272727272727,0.9,0.8181818181818182,0.9,0.9666666666666667,1.0,1.0,1.0,0.9,0.5204081632653061,0.47932031322440116,0.47447869389890224,0.49218995290423856,0.48721833721833724,0.5204081632653061,0.5151515151515151,0.5204081632653061,0.7959183673469388,0.9897959183673469,0.9897959183673469,0.9897959183673469,0.5102040816326531
GradientBoosting,S1_vs_S2_P3,42,False,True,experiment_results_statistical_IL_top_10_video_2025-08-14_220927_early_stop/gradientboosting_S1_vs_S2_P3_2025-08-14_220927_seed42_early_stop.pkl,"{'ccp_alpha': 0.0, 'criterion': 'friedman_mse', 'init': None, 'learning_rate': 0.1, 'loss': 'log_loss', 'max_depth': 3, 'max_features': None, 'max_leaf_nodes': None, 'min_impurity_decrease': 0.0, 'min_samples_leaf': 1, 'min_samples_split': 2, 'min_weight_fraction_leaf': 0.0, 'n_estimators': 100, 'n_iter_no_change': None, 'random_state': 42, 'subsample': 1.0, 'tol': 0.0001, 'validation_fraction': 0.1, 'verbose': 0, 'warm_start': False}",0.9,0.8666666666666667,0.7878787878787878,0.85,0.7727272727272727,0.9,0.8181818181818182,0.9,0.9666666666666667,1.0,1.0,1.0,0.9,0.3877551020408163,0.32642729565693873,0.32313005024626257,0.3800213179677465,0.3761827187963551,0.3877551020408163,0.38383838383838387,0.3877551020408163,0.5714285714285714,0.7040816326530612,0.7448979591836735,0.8163265306122449,0.3877551020408163
KNN,S1_vs_S2_P3,42,False,True,experiment_results_statistical_IL_top_10_video_2025-08-14_220927_early_stop/knn_S1_vs_S2_P3_2025-08-14_220927_seed42_early_stop.pkl,"{'algorithm': 'auto', 'leaf_size': 30, 'metric': 'minkowski', 'metric_params': None, 'n_jobs': -1, 'n_neighbors': 5, 'p': 2, 'weights': 'uniform'}",0.43333333333333335,0.38192640692640695,0.34720582447855175,0.4391666666666667,0.39924242424242423,0.43333333333333335,0.3939393939393939,0.4,0.6333333333333333,0.8333333333333334,1.0,1.0,0.4,0.2653061224489796,0.21458388550225282,0.21241637150728063,0.3187905576977335,0.315570451054322,0.2653061224489796,0.2626262626262626,0.29591836734693877,0.5102040816326531,0.7040816326530612,0.7653061224489796,0.8367346938775511,0.22448979591836735
LogisticRegression,S1_vs_S2_P3,42,False,True,experiment_results_statistical_IL_top_10_video_2025-08-14_220927_early_stop/logisticregression_S1_vs_S2_P3_2025-08-14_220927_seed42_early_stop.pkl,"{'C': 1.0, 'class_weight': None, 'dual': False, 'fit_intercept': True, 'intercept_scaling': 1, 'l1_ratio': None, 'max_iter': 100, 'multi_class': 'deprecated', 'n_jobs': -1, 'penalty': 'l2', 'random_state': 42, 'solver': 'lbfgs', 'tol': 0.0001, 'verbose': 0, 'warm_start': False}",0.5333333333333333,0.4682142857142857,0.4256493506493506,0.5080769230769231,0.46188811188811196,0.5333333333333333,0.4848484848484848,0.5333333333333333,0.7666666666666667,0.7666666666666667,0.7666666666666667,0.8,0.5333333333333333,0.2653061224489796,0.20520118978765595,0.20312845049687153,0.19971771176002867,0.19770036113619002,0.2653061224489796,0.2626262626262626,0.2653061224489796,0.5306122448979592,0.6224489795918368,0.673469387755102,0.6938775510204082,0.2653061224489796
RandomForest,S1_vs_S2_P3,123,False,True,experiment_results_statistical_IL_top_10_video_2025-08-14_220927_early_stop/randomforest_S1_vs_S2_P3_2025-08-14_220927_seed123_early_stop.pkl,"{'bootstrap': True, 'ccp_alpha': 0.0, 'class_weight': None, 'criterion': 'gini', 'max_depth': None, 'max_features': 'sqrt', 'max_leaf_nodes': None, 'max_samples': None, 'min_impurity_decrease': 0.0, 'min_samples_leaf': 1, 'min_samples_split': 2, 'min_weight_fraction_leaf': 0.0, 'monotonic_cst': None, 'n_estimators': 100, 'n_jobs': -1, 'oob_score': False, 'random_state': 123, 'verbose': 0, 'warm_start': False}",0.9,0.8666666666666667,0.7878787878787878,0.85,0.7727272727272727,0.9,0.8181818181818182,0.9,0.9666666666666667,1.0,1.0,1.0,0.9,0.5306122448979592,0.48426557436161277,0.4793740029034147,0.4978975106526127,0.4928682428682429,0.5306122448979592,0.5252525252525252,0.5204081632653061,0.7857142857142857,0.9693877551020408,1.0,1.0,0.5204081632653061
SVM,S1_vs_S2_P3,123,False,True,experiment_results_statistical_IL_top_10_video_2025-08-14_220927_early_stop/svm_S1_vs_S2_P3_2025-08-14_220927_seed123_early_stop.pkl,"{'C': 1.0, 'break_ties': False, 'cache_size': 200, 'class_weight': None, 'coef0': 0.0, 'decision_function_shape': 'ovr', 'degree': 3, 'gamma': 'scale', 'kernel': 'rbf', 'max_iter': -1, 'probability': True, 'random_state': 123, 'shrinking': True, 'tol': 0.001, 'verbose': False}",0.8333333333333334,0.7916666666666666,0.7196969696969696,0.81,0.7363636363636363,0.8333333333333334,0.7575757575757575,0.1,0.1,0.1,0.1,0.1,0.1,0.3673469387755102,0.2968625234830615,0.29386391213474783,0.3109370063815,0.3077962285392626,0.3673469387755102,0.36363636363636365,0.1326530612244898,0.21428571428571427,0.22448979591836735,0.2653061224489796,0.336734693877551,0.1326530612244898
MLP,S1_vs_S2_P3,123,False,True,experiment_results_statistical_IL_top_10_video_2025-08-14_220927_early_stop/mlp_S1_vs_S2_P3_2025-08-14_220927_seed123_early_stop.pkl,"{'activation': 'relu', 'alpha': 0.0001, 'batch_size': 'auto', 'beta_1': 0.9, 'beta_2': 0.999, 'early_stopping': False, 'epsilon': 1e-08, 'hidden_layer_sizes': (100,), 'learning_rate': 'constant', 'learning_rate_init': 0.001, 'max_fun': 15000, 'max_iter': 200, 'momentum': 0.9, 'n_iter_no_change': 10, 'nesterovs_momentum': True, 'power_t': 0.5, 'random_state': 123, 'shuffle': True, 'solver': 'adam', 'tol': 0.0001, 'validation_fraction': 0.1, 'verbose': False, 'warm_start': False}",0.1,0.01818181818181818,0.01652892561983471,0.010000000000000002,0.009090909090909092,0.1,0.09090909090909091,0.1,0.2,0.3,0.4,0.5,0.1,0.09183673469387756,0.015449170322334541,0.015293118096856413,0.008433985839233653,0.008348794063079777,0.09183673469387756,0.09090909090909091,0.09183673469387756,0.1836734693877551,0.2755102040816326,0.3673469387755102,0.45918367346938777,0.09183673469387756
NaiveBayes,S1_vs_S2_P3,123,False,True,experiment_results_statistical_IL_top_10_video_2025-08-14_220927_early_stop/naivebayes_S1_vs_S2_P3_2025-08-14_220927_seed123_early_stop.pkl,"{'priors': None, 'var_smoothing': 1e-09}",0.9,0.8666666666666667,0.7878787878787878,0.85,0.7727272727272727,0.9,0.8181818181818182,0.9,0.9666666666666667,1.0,1.0,1.0,0.9,0.4387755102040816,0.35665451895043726,0.353051948051948,0.349766305123448,0.34623331214240305,0.4387755102040816,0.4343434343434343,0.4387755102040816,0.6224489795918368,0.7959183673469388,0.8571428571428571,0.8775510204081632,0.4387755102040816
LightGBM,S1_vs_S2_P3,123,False,True,experiment_results_statistical_IL_top_10_video_2025-08-14_220927_early_stop/lightgbm_S1_vs_S2_P3_2025-08-14_220927_seed123_early_stop.pkl,"{'boosting_type': 'gbdt', 'class_weight': None, 'colsample_bytree': 1.0, 'importance_type': 'split', 'learning_rate': 0.1, 'max_depth': -1, 'min_child_samples': 20, 'min_child_weight': 0.001, 'min_split_gain': 0.0, 'n_estimators': 100, 'n_jobs': -1, 'num_leaves': 31, 'objective': None, 'random_state': 123, 'reg_alpha': 0.0, 'reg_lambda': 0.0, 'subsample': 1.0, 'subsample_for_bin': 200000, 'subsample_freq': 0, 'verbose': -1}",0.1,0.01818181818181818,0.01652892561983471,0.010000000000000002,0.009090909090909092,0.1,0.09090909090909091,0.1,0.2,0.3,0.4,0.5,0.0,0.09183673469387756,0.015449170322334541,0.015293118096856413,0.008433985839233653,0.008348794063079777,0.09183673469387756,0.09090909090909091,0.09183673469387756,0.1836734693877551,0.2755102040816326,0.3673469387755102,0.45918367346938777,0.0
ExtraTrees,S1_vs_S2_P3,123,False,True,experiment_results_statistical_IL_top_10_video_2025-08-14_220927_early_stop/extratrees_S1_vs_S2_P3_2025-08-14_220927_seed123_early_stop.pkl,"{'bootstrap': False, 'ccp_alpha': 0.0, 'class_weight': None, 'criterion': 'gini', 'max_depth': None, 'max_features': 'sqrt', 'max_leaf_nodes': None, 'max_samples': None, 'min_impurity_decrease': 0.0, 'min_samples_leaf': 1, 'min_samples_split': 2, 'min_weight_fraction_leaf': 0.0, 'monotonic_cst': None, 'n_estimators': 100, 'n_jobs': -1, 'oob_score': False, 'random_state': 123, 'verbose': 0, 'warm_start': False}",0.9,0.8666666666666667,0.7878787878787878,0.85,0.7727272727272727,0.9,0.8181818181818182,0.9,0.9666666666666667,1.0,1.0,1.0,0.9,0.4897959183673469,0.4546022756928858,0.45001033351416986,0.48018614039022206,0.47533577533577537,0.4897959183673469,0.4848484848484849,0.5102040816326531,0.826530612244898,0.9693877551020408,0.9897959183673469,1.0,0.4897959183673469
GradientBoosting,S1_vs_S2_P3,123,False,True,experiment_results_statistical_IL_top_10_video_2025-08-14_220927_early_stop/gradientboosting_S1_vs_S2_P3_2025-08-14_220927_seed123_early_stop.pkl,"{'ccp_alpha': 0.0, 'criterion': 'friedman_mse', 'init': None, 'learning_rate': 0.1, 'loss': 'log_loss', 'max_depth': 3, 'max_features': None, 'max_leaf_nodes': None, 'min_impurity_decrease': 0.0, 'min_samples_leaf': 1, 'min_samples_split': 2, 'min_weight_fraction_leaf': 0.0, 'n_estimators': 100, 'n_iter_no_change': None, 'random_state': 123, 'subsample': 1.0, 'tol': 0.0001, 'validation_fraction': 0.1, 'verbose': 0, 'warm_start': False}",0.9,0.8666666666666667,0.7878787878787878,0.85,0.7727272727272727,0.9,0.8181818181818182,0.9,0.9666666666666667,1.0,1.0,1.0,0.9,0.37755102040816324,0.29872785364851756,0.29571040058136083,0.29539405624000753,0.29241027789414886,0.37755102040816324,0.3737373737373737,0.37755102040816324,0.5714285714285714,0.7142857142857143,0.7448979591836735,0.8163265306122449,0.37755102040816324
KNN,S1_vs_S2_P3,123,False,True,experiment_results_statistical_IL_top_10_video_2025-08-14_220927_early_stop/knn_S1_vs_S2_P3_2025-08-14_220927_seed123_early_stop.pkl,"{'algorithm': 'auto', 'leaf_size': 30, 'metric': 'minkowski', 'metric_params': None, 'n_jobs': -1, 'n_neighbors': 5, 'p': 2, 'weights': 'uniform'}",0.43333333333333335,0.38192640692640695,0.34720582447855175,0.4391666666666667,0.39924242424242423,0.43333333333333335,0.3939393939393939,0.4,0.6333333333333333,0.8333333333333334,1.0,1.0,0.4,0.2653061224489796,0.21458388550225282,0.21241637150728063,0.3187905576977335,0.315570451054322,0.2653061224489796,0.2626262626262626,0.29591836734693877,0.5102040816326531,0.7040816326530612,0.7653061224489796,0.8367346938775511,0.22448979591836735
LogisticRegression,S1_vs_S2_P3,123,False,True,experiment_results_statistical_IL_top_10_video_2025-08-14_220927_early_stop/logisticregression_S1_vs_S2_P3_2025-08-14_220927_seed123_early_stop.pkl,"{'C': 1.0, 'class_weight': None, 'dual': False, 'fit_intercept': True, 'intercept_scaling': 1, 'l1_ratio': None, 'max_iter': 100, 'multi_class': 'deprecated', 'n_jobs': -1, 'penalty': 'l2', 'random_state': 123, 'solver': 'lbfgs', 'tol': 0.0001, 'verbose': 0, 'warm_start': False}",0.5333333333333333,0.4682142857142857,0.4256493506493506,0.5080769230769231,0.46188811188811196,0.5333333333333333,0.4848484848484848,0.5333333333333333,0.7666666666666667,0.7666666666666667,0.7666666666666667,0.8,0.5333333333333333,0.2653061224489796,0.20520118978765595,0.20312845049687153,0.19971771176002867,0.19770036113619002,0.2653061224489796,0.2626262626262626,0.2653061224489796,0.5306122448979592,0.6224489795918368,0.673469387755102,0.6938775510204082,0.2653061224489796
RandomForest,S1_vs_S2_P3,456,False,True,experiment_results_statistical_IL_top_10_video_2025-08-14_220927_early_stop/randomforest_S1_vs_S2_P3_2025-08-14_220927_seed456_early_stop.pkl,"{'bootstrap': True, 'ccp_alpha': 0.0, 'class_weight': None, 'criterion': 'gini', 'max_depth': None, 'max_features': 'sqrt', 'max_leaf_nodes': None, 'max_samples': None, 'min_impurity_decrease': 0.0, 'min_samples_leaf': 1, 'min_samples_split': 2, 'min_weight_fraction_leaf': 0.0, 'monotonic_cst': None, 'n_estimators': 100, 'n_jobs': -1, 'oob_score': False, 'random_state': 456, 'verbose': 0, 'warm_start': False}",0.9,0.8666666666666667,0.7878787878787878,0.85,0.7727272727272727,0.9,0.8181818181818182,0.9,0.9666666666666667,1.0,1.0,1.0,0.9,0.5918367346938775,0.5396349616618845,0.5341841034632796,0.5876977164492171,0.581761375879023,0.5918367346938775,0.5858585858585857,0.5918367346938775,0.8163265306122449,0.9489795918367347,0.9591836734693877,0.9795918367346939,0.5918367346938775
SVM,S1_vs_S2_P3,456,False,True,experiment_results_statistical_IL_top_10_video_2025-08-14_220927_early_stop/svm_S1_vs_S2_P3_2025-08-14_220927_seed456_early_stop.pkl,"{'C': 1.0, 'break_ties': False, 'cache_size': 200, 'class_weight': None, 'coef0': 0.0, 'decision_function_shape': 'ovr', 'degree': 3, 'gamma': 'scale', 'kernel': 'rbf', 'max_iter': -1, 'probability': True, 'random_state': 456, 'shrinking': True, 'tol': 0.001, 'verbose': False}",0.8333333333333334,0.7916666666666666,0.7196969696969696,0.81,0.7363636363636363,0.8333333333333334,0.7575757575757575,0.0,0.06666666666666667,0.1,0.1,0.1,0.0,0.3673469387755102,0.2968625234830615,0.29386391213474783,0.3109370063815,0.3077962285392626,0.3673469387755102,0.36363636363636365,0.07142857142857142,0.09183673469387756,0.12244897959183673,0.16326530612244897,0.21428571428571427,0.07142857142857142
MLP,S1_vs_S2_P3,456,False,True,experiment_results_statistical_IL_top_10_video_2025-08-14_220927_early_stop/mlp_S1_vs_S2_P3_2025-08-14_220927_seed456_early_stop.pkl,"{'activation': 'relu', 'alpha': 0.0001, 'batch_size': 'auto', 'beta_1': 0.9, 'beta_2': 0.999, 'early_stopping': False, 'epsilon': 1e-08, 'hidden_layer_sizes': (100,), 'learning_rate': 'constant', 'learning_rate_init': 0.001, 'max_fun': 15000, 'max_iter': 200, 'momentum': 0.9, 'n_iter_no_change': 10, 'nesterovs_momentum': True, 'power_t': 0.5, 'random_state': 456, 'shuffle': True, 'solver': 'adam', 'tol': 0.0001, 'validation_fraction': 0.1, 'verbose': False, 'warm_start': False}",0.1,0.01818181818181818,0.01652892561983471,0.010000000000000002,0.009090909090909092,0.1,0.09090909090909091,0.1,0.2,0.36666666666666664,0.4,0.5,0.1,0.09183673469387756,0.015449170322334541,0.015293118096856413,0.008433985839233653,0.008348794063079777,0.09183673469387756,0.09090909090909091,0.09183673469387756,0.1836734693877551,0.3163265306122449,0.3673469387755102,0.45918367346938777,0.09183673469387756
NaiveBayes,S1_vs_S2_P3,456,False,True,experiment_results_statistical_IL_top_10_video_2025-08-14_220927_early_stop/naivebayes_S1_vs_S2_P3_2025-08-14_220927_seed456_early_stop.pkl,"{'priors': None, 'var_smoothing': 1e-09}",0.9,0.8666666666666667,0.7878787878787878,0.85,0.7727272727272727,0.9,0.8181818181818182,0.9,0.9666666666666667,1.0,1.0,1.0,0.9,0.4387755102040816,0.35665451895043726,0.353051948051948,0.349766305123448,0.34623331214240305,0.4387755102040816,0.4343434343434343,0.4387755102040816,0.6224489795918368,0.7959183673469388,0.8571428571428571,0.8775510204081632,0.4387755102040816
LightGBM,S1_vs_S2_P3,456,False,True,experiment_results_statistical_IL_top_10_video_2025-08-14_220927_early_stop/lightgbm_S1_vs_S2_P3_2025-08-14_220927_seed456_early_stop.pkl,"{'boosting_type': 'gbdt', 'class_weight': None, 'colsample_bytree': 1.0, 'importance_type': 'split', 'learning_rate': 0.1, 'max_depth': -1, 'min_child_samples': 20, 'min_child_weight': 0.001, 'min_split_gain': 0.0, 'n_estimators': 100, 'n_jobs': -1, 'num_leaves': 31, 'objective': None, 'random_state': 456, 'reg_alpha': 0.0, 'reg_lambda': 0.0, 'subsample': 1.0, 'subsample_for_bin': 200000, 'subsample_freq': 0, 'verbose': -1}",0.1,0.01818181818181818,0.01652892561983471,0.010000000000000002,0.009090909090909092,0.1,0.09090909090909091,0.1,0.2,0.3,0.4,0.5,0.0,0.09183673469387756,0.015449170322334541,0.015293118096856413,0.008433985839233653,0.008348794063079777,0.09183673469387756,0.09090909090909091,0.09183673469387756,0.1836734693877551,0.2755102040816326,0.3673469387755102,0.45918367346938777,0.0
ExtraTrees,S1_vs_S2_P3,456,False,True,experiment_results_statistical_IL_top_10_video_2025-08-14_220927_early_stop/extratrees_S1_vs_S2_P3_2025-08-14_220927_seed456_early_stop.pkl,"{'bootstrap': False, 'ccp_alpha': 0.0, 'class_weight': None, 'criterion': 'gini', 'max_depth': None, 'max_features': 'sqrt', 'max_leaf_nodes': None, 'max_samples': None, 'min_impurity_decrease': 0.0, 'min_samples_leaf': 1, 'min_samples_split': 2, 'min_weight_fraction_leaf': 0.0, 'monotonic_cst': None, 'n_estimators': 100, 'n_jobs': -1, 'oob_score': False, 'random_state': 456, 'verbose': 0, 'warm_start': False}",0.9,0.8666666666666667,0.7878787878787878,0.85,0.7727272727272727,0.9,0.8181818181818182,0.9,0.9666666666666667,1.0,1.0,1.0,0.9,0.5102040816326531,0.46036614359073785,0.4557159805241647,0.4764623131970071,0.4716495625586534,0.5102040816326531,0.5050505050505051,0.5102040816326531,0.8163265306122449,0.9897959183673469,0.9897959183673469,1.0,0.5102040816326531
GradientBoosting,S1_vs_S2_P3,456,False,True,experiment_results_statistical_IL_top_10_video_2025-08-14_220927_early_stop/gradientboosting_S1_vs_S2_P3_2025-08-14_220927_seed456_early_stop.pkl,"{'ccp_alpha': 0.0, 'criterion': 'friedman_mse', 'init': None, 'learning_rate': 0.1, 'loss': 'log_loss', 'max_depth': 3, 'max_features': None, 'max_leaf_nodes': None, 'min_impurity_decrease': 0.0, 'min_samples_leaf': 1, 'min_samples_split': 2, 'min_weight_fraction_leaf': 0.0, 'n_estimators': 100, 'n_iter_no_change': None, 'random_state': 456, 'subsample': 1.0, 'tol': 0.0001, 'validation_fraction': 0.1, 'verbose': 0, 'warm_start': False}",0.9,0.8666666666666667,0.7878787878787878,0.85,0.7727272727272727,0.9,0.8181818181818182,0.9,0.9666666666666667,1.0,1.0,1.0,0.9,0.3877551020408163,0.3265053571247101,0.3232073232143595,0.312940340799243,0.30977932725581625,0.3877551020408163,0.38383838383838376,0.3877551020408163,0.5918367346938775,0.6836734693877551,0.7857142857142857,0.826530612244898,0.3877551020408163
KNN,S1_vs_S2_P3,456,False,True,experiment_results_statistical_IL_top_10_video_2025-08-14_220927_early_stop/knn_S1_vs_S2_P3_2025-08-14_220927_seed456_early_stop.pkl,"{'algorithm': 'auto', 'leaf_size': 30, 'metric': 'minkowski', 'metric_params': None, 'n_jobs': -1, 'n_neighbors': 5, 'p': 2, 'weights': 'uniform'}",0.43333333333333335,0.38192640692640695,0.34720582447855175,0.4391666666666667,0.39924242424242423,0.43333333333333335,0.3939393939393939,0.4,0.6333333333333333,0.8333333333333334,1.0,1.0,0.4,0.2653061224489796,0.21458388550225282,0.21241637150728063,0.3187905576977335,0.315570451054322,0.2653061224489796,0.2626262626262626,0.29591836734693877,0.5102040816326531,0.7040816326530612,0.7653061224489796,0.8367346938775511,0.22448979591836735
LogisticRegression,S1_vs_S2_P3,456,False,True,experiment_results_statistical_IL_top_10_video_2025-08-14_220927_early_stop/logisticregression_S1_vs_S2_P3_2025-08-14_220927_seed456_early_stop.pkl,"{'C': 1.0, 'class_weight': None, 'dual': False, 'fit_intercept': True, 'intercept_scaling': 1, 'l1_ratio': None, 'max_iter': 100, 'multi_class': 'deprecated', 'n_jobs': -1, 'penalty': 'l2', 'random_state': 456, 'solver': 'lbfgs', 'tol': 0.0001, 'verbose': 0, 'warm_start': False}",0.5333333333333333,0.4682142857142857,0.4256493506493506,0.5080769230769231,0.46188811188811196,0.5333333333333333,0.4848484848484848,0.5333333333333333,0.7666666666666667,0.7666666666666667,0.7666666666666667,0.8,0.5333333333333333,0.2653061224489796,0.20520118978765595,0.20312845049687153,0.19971771176002867,0.19770036113619002,0.2653061224489796,0.2626262626262626,0.2653061224489796,0.5306122448979592,0.6224489795918368,0.673469387755102,0.6938775510204082,0.2653061224489796
RandomForest,S1_vs_S2_All,42,True,True,experiment_results_statistical_IL_top_10_video_2025-08-14_220927_early_stop/randomforest_S1_vs_S2_All_2025-08-14_220927_seed42_early_stop.pkl,"{'bootstrap': True, 'max_depth': 10, 'max_features': 'log2', 'min_samples_leaf': 1, 'min_samples_split': 2, 'n_estimators': 100}",0.8617021276595744,0.8215511324639669,0.7800586510263929,0.8051257253384914,0.7644628099173555,0.8617021276595744,0.8181818181818182,0.8617021276595744,0.9361702127659575,1.0,1.0,1.0,0.8617021276595744,0.5918367346938775,0.5534412466285215,0.5478509310060112,0.5636073110562906,0.5579143079143078,0.5918367346938775,0.5858585858585859,0.5816326530612245,0.826530612244898,0.9795918367346939,1.0,1.0,0.5816326530612245
XGBoost,S1_vs_S2_All,42,True,True,experiment_results_statistical_IL_top_10_video_2025-08-14_220927_early_stop/xgboost_S1_vs_S2_All_2025-08-14_220927_seed42_early_stop.pkl,"{'colsample_bytree': 0.8, 'device': 'cpu', 'learning_rate': 0.1, 'max_depth': 4, 'n_estimators': 1000, 'reg_lambda': 3, 'subsample': 0.8}",0.8617021276595744,0.8215511324639669,0.7800586510263929,0.8051257253384914,0.7644628099173555,0.8617021276595744,0.8181818181818182,0.8617021276595744,0.9361702127659575,1.0,1.0,1.0,0.8617021276595744,0.5612244897959183,0.5243627321058293,0.5190661388522352,0.5268417806683112,0.5215201465201466,0.5612244897959183,0.5555555555555555,0.5612244897959183,0.8469387755102041,0.9693877551020408,0.9693877551020408,0.9897959183673469,0.5612244897959183
CatBoost,S1_vs_S2_All,42,True,True,experiment_results_statistical_IL_top_10_video_2025-08-14_220927_early_stop/catboost_S1_vs_S2_All_2025-08-14_220927_seed42_early_stop.pkl,"{'border_count': 64, 'depth': 4, 'iterations': 1000, 'l2_leaf_reg': 1, 'learning_rate': 0.1}",0.8617021276595744,0.8215511324639669,0.7800586510263929,0.8051257253384914,0.7644628099173555,0.8617021276595744,0.8181818181818182,0.8617021276595744,0.9361702127659575,1.0,1.0,1.0,0.8617021276595744,0.5816326530612245,0.5427073084873048,0.5372254164823824,0.5487191380048523,0.5431765204492478,0.5816326530612245,0.5757575757575757,0.5816326530612245,0.8775510204081632,1.0,1.0,1.0,0.5816326530612245
SVM,S1_vs_S2_All,42,True,True,experiment_results_statistical_IL_top_10_video_2025-08-14_220927_early_stop/svm_S1_vs_S2_All_2025-08-14_220927_seed42_early_stop.pkl,"{'C': 10, 'decision_function_shape': 'ovo', 'gamma': 'scale', 'kernel': 'rbf'}",0.851063829787234,0.8108798986849012,0.76992636844829,0.7955512572533849,0.7553719008264462,0.851063829787234,0.8080808080808081,0.5531914893617021,0.851063829787234,1.0,1.0,1.0,0.5531914893617021,0.5204081632653061,0.45932903386278334,0.454689346652048,0.46293706293706294,0.45826093098820375,0.5204081632653061,0.5151515151515151,0.46938775510204084,0.7346938775510204,0.9489795918367347,0.9795918367346939,0.9897959183673469,0.46938775510204084
MLP,S1_vs_S2_All,42,True,True,experiment_results_statistical_IL_top_10_video_2025-08-14_220927_early_stop/mlp_S1_vs_S2_All_2025-08-14_220927_seed42_early_stop.pkl,"{'activation': 'relu', 'alpha': 0.0001, 'batch_size': 36, 'early_stopping': True, 'hidden_layer_sizes': [50], 'learning_rate': 'constant', 'learning_rate_init': 0.001, 'max_iter': 2000, 'solver': 'adam'}",0.09574468085106383,0.0167320801487296,0.015887025595763462,0.009167043911272068,0.008704061895551257,0.09574468085106383,0.09090909090909091,0.09574468085106383,0.1702127659574468,0.23404255319148937,0.32978723404255317,0.425531914893617,0.09574468085106383,0.09183673469387756,0.015449170322334541,0.015293118096856413,0.008433985839233653,0.008348794063079777,0.09183673469387756,0.09090909090909091,0.09183673469387756,0.1836734693877551,0.2653061224489796,0.35714285714285715,0.4489795918367347,0.09183673469387756
NaiveBayes,S1_vs_S2_All,42,False,True,experiment_results_statistical_IL_top_10_video_2025-08-14_220927_early_stop/naivebayes_S1_vs_S2_All_2025-08-14_220927_seed42_early_stop.pkl,"{'priors': None, 'var_smoothing': 1e-09}",0.8404255319148937,0.8000085792724777,0.7596041055718475,0.7877176015473888,0.7479338842975206,0.8404255319148937,0.797979797979798,0.8404255319148937,0.9361702127659575,1.0,1.0,1.0,0.8404255319148937,0.5306122448979592,0.4537396250366176,0.4491563965008941,0.49414934555240675,0.48915793802157437,0.5306122448979592,0.5252525252525252,0.5306122448979592,0.7653061224489796,0.9183673469387755,0.9387755102040817,0.9591836734693877,0.5306122448979592
LightGBM,S1_vs_S2_All,42,False,True,experiment_results_statistical_IL_top_10_video_2025-08-14_220927_early_stop/lightgbm_S1_vs_S2_All_2025-08-14_220927_seed42_early_stop.pkl,"{'boosting_type': 'gbdt', 'class_weight': None, 'colsample_bytree': 1.0, 'importance_type': 'split', 'learning_rate': 0.1, 'max_depth': -1, 'min_child_samples': 20, 'min_child_weight': 0.001, 'min_split_gain': 0.0, 'n_estimators': 100, 'n_jobs': -1, 'num_leaves': 31, 'objective': None, 'random_state': 42, 'reg_alpha': 0.0, 'reg_lambda': 0.0, 'subsample': 1.0, 'subsample_for_bin': 200000, 'subsample_freq': 0, 'verbose': -1}",0.8617021276595744,0.8215511324639669,0.7800586510263929,0.8051257253384914,0.7644628099173555,0.8617021276595744,0.8181818181818182,0.8617021276595744,0.9361702127659575,1.0,1.0,1.0,0.8617021276595744,0.5612244897959183,0.5251479163093808,0.5198433919022154,0.5283938000774735,0.52305648896558,0.5612244897959183,0.5555555555555555,0.5612244897959183,0.7755102040816326,0.9081632653061225,0.9285714285714286,0.9591836734693877,0.5612244897959183
ExtraTrees,S1_vs_S2_All,42,False,True,experiment_results_statistical_IL_top_10_video_2025-08-14_220927_early_stop/extratrees_S1_vs_S2_All_2025-08-14_220927_seed42_early_stop.pkl,"{'bootstrap': False, 'ccp_alpha': 0.0, 'class_weight': None, 'criterion': 'gini', 'max_depth': None, 'max_features': 'sqrt', 'max_leaf_nodes': None, 'max_samples': None, 'min_impurity_decrease': 0.0, 'min_samples_leaf': 1, 'min_samples_split': 2, 'min_weight_fraction_leaf': 0.0, 'monotonic_cst': None, 'n_estimators': 100, 'n_jobs': -1, 'oob_score': False, 'random_state': 42, 'verbose': 0, 'warm_start': False}",0.8617021276595744,0.8215511324639669,0.7800586510263929,0.8051257253384914,0.7644628099173555,0.8617021276595744,0.8181818181818182,0.8617021276595744,0.9361702127659575,1.0,1.0,1.0,0.8617021276595744,0.6530612244897959,0.6071534526319071,0.6010205894740092,0.6038657770800628,0.5977661227661227,0.6530612244897959,0.6464646464646464,0.6632653061224489,0.8775510204081632,0.9897959183673469,0.9897959183673469,1.0,0.6530612244897959
GradientBoosting,S1_vs_S2_All,42,False,True,experiment_results_statistical_IL_top_10_video_2025-08-14_220927_early_stop/gradientboosting_S1_vs_S2_All_2025-08-14_220927_seed42_early_stop.pkl,"{'ccp_alpha': 0.0, 'criterion': 'friedman_mse', 'init': None, 'learning_rate': 0.1, 'loss': 'log_loss', 'max_depth': 3, 'max_features': None, 'max_leaf_nodes': None, 'min_impurity_decrease': 0.0, 'min_samples_leaf': 1, 'min_samples_split': 2, 'min_weight_fraction_leaf': 0.0, 'n_estimators': 100, 'n_iter_no_change': None, 'random_state': 42, 'subsample': 1.0, 'tol': 0.0001, 'validation_fraction': 0.1, 'verbose': 0, 'warm_start': False}",0.8617021276595744,0.8215511324639669,0.7800586510263929,0.8051257253384914,0.7644628099173555,0.8617021276595744,0.8181818181818182,0.8617021276595744,0.9361702127659575,1.0,1.0,1.0,0.8617021276595744,0.5510204081632653,0.5022749940714495,0.49720150928284906,0.5050123346041714,0.4999111999111999,0.5510204081632653,0.5454545454545454,0.5510204081632653,0.7755102040816326,0.9591836734693877,0.9795918367346939,0.9795918367346939,0.5510204081632653
KNN,S1_vs_S2_All,42,False,True,experiment_results_statistical_IL_top_10_video_2025-08-14_220927_early_stop/knn_S1_vs_S2_All_2025-08-14_220927_seed42_early_stop.pkl,"{'algorithm': 'auto', 'leaf_size': 30, 'metric': 'minkowski', 'metric_params': None, 'n_jobs': -1, 'n_neighbors': 5, 'p': 2, 'weights': 'uniform'}",0.5106382978723404,0.4773140297552392,0.46065011012379437,0.5221345229924502,0.5003258390355164,0.5106382978723404,0.5050505050505051,0.48936170212765956,0.7978723404255319,0.8617021276595744,0.9042553191489362,0.9042553191489362,0.46808510638297873,0.42857142857142855,0.3805219339321352,0.37667827803383086,0.4362995198079232,0.43189245395127746,0.42857142857142855,0.42424242424242425,0.3877551020408163,0.6632653061224489,0.7346938775510204,0.7653061224489796,0.8061224489795918,0.3469387755102041
LogisticRegression,S1_vs_S2_All,42,False,True,experiment_results_statistical_IL_top_10_video_2025-08-14_220927_early_stop/logisticregression_S1_vs_S2_All_2025-08-14_220927_seed42_early_stop.pkl,"{'C': 1.0, 'class_weight': None, 'dual': False, 'fit_intercept': True, 'intercept_scaling': 1, 'l1_ratio': None, 'max_iter': 100, 'multi_class': 'deprecated', 'n_jobs': -1, 'penalty': 'l2', 'random_state': 42, 'solver': 'lbfgs', 'tol': 0.0001, 'verbose': 0, 'warm_start': False}",0.30851063829787234,0.25798977305548015,0.24495998653752665,0.28618693736274925,0.2717330516373579,0.30851063829787234,0.29292929292929293,0.30851063829787234,0.6170212765957447,0.8191489361702128,0.8404255319148937,0.8404255319148937,0.30851063829787234,0.22448979591836735,0.16449579831932773,0.1628342245989305,0.230188179167771,0.22786304604486424,0.22448979591836735,0.22222222222222224,0.22448979591836735,0.47959183673469385,0.6530612244897959,0.7244897959183674,0.7653061224489796,0.22448979591836735
RandomForest,S1_vs_S2_All,123,True,True,experiment_results_statistical_IL_top_10_video_2025-08-14_220927_early_stop/randomforest_S1_vs_S2_All_2025-08-14_220927_seed123_early_stop.pkl,"{'bootstrap': True, 'max_depth': 10, 'max_features': 'sqrt', 'min_samples_leaf': 1, 'min_samples_split': 2, 'n_estimators': 100}",0.8617021276595744,0.8215511324639669,0.7800586510263929,0.8051257253384914,0.7644628099173555,0.8617021276595744,0.8181818181818182,0.8617021276595744,0.9361702127659575,1.0,1.0,1.0,0.8617021276595744,0.6428571428571429,0.6002886732273224,0.5942251512755313,0.5980769230769231,0.592035742035742,0.6428571428571429,0.6363636363636364,0.6326530612244898,0.8163265306122449,0.9591836734693877,1.0,1.0,0.6326530612244898
XGBoost,S1_vs_S2_All,123,True,True,experiment_results_statistical_IL_top_10_video_2025-08-14_220927_early_stop/xgboost_S1_vs_S2_All_2025-08-14_220927_seed123_early_stop.pkl,"{'colsample_bytree': 0.8, 'device': 'cpu', 'learning_rate': 0.1, 'max_depth': 4, 'n_estimators': 1000, 'reg_lambda': 3, 'subsample': 0.8}",0.8617021276595744,0.8215511324639669,0.7800586510263929,0.8051257253384914,0.7644628099173555,0.8617021276595744,0.8181818181818182,0.8617021276595744,0.9361702127659575,1.0,1.0,1.0,0.8617021276595744,0.5510204081632653,0.5145515348996742,0.5093540446481623,0.5147110542518706,0.5095119526937709,0.5510204081632653,0.5454545454545454,0.5510204081632653,0.8469387755102041,0.9693877551020408,0.9795918367346939,0.9897959183673469,0.5510204081632653
CatBoost,S1_vs_S2_All,123,True,True,experiment_results_statistical_IL_top_10_video_2025-08-14_220927_early_stop/catboost_S1_vs_S2_All_2025-08-14_220927_seed123_early_stop.pkl,"{'border_count': 64, 'depth': 8, 'iterations': 1000, 'l2_leaf_reg': 5, 'learning_rate': 0.1}",0.8617021276595744,0.8215511324639669,0.7800586510263929,0.8051257253384914,0.7644628099173555,0.8617021276595744,0.8181818181818182,0.8617021276595744,0.9361702127659575,1.0,1.0,1.0,0.8617021276595744,0.6224489795918368,0.5724930704547265,0.566710312167305,0.5693625252298722,0.5636113886113887,0.6224489795918368,0.6161616161616162,0.6224489795918368,0.8673469387755102,0.9897959183673469,0.9897959183673469,0.9897959183673469,0.6224489795918368
SVM,S1_vs_S2_All,123,True,True,experiment_results_statistical_IL_top_10_video_2025-08-14_220927_early_stop/svm_S1_vs_S2_All_2025-08-14_220927_seed123_early_stop.pkl,"{'C': 100, 'decision_function_shape': 'ovo', 'gamma': 'scale', 'kernel': 'rbf'}",0.8617021276595744,0.8215511324639669,0.7800586510263929,0.8051257253384914,0.7644628099173555,0.8617021276595744,0.8181818181818182,0.40425531914893614,0.723404255319149,1.0,1.0,1.0,0.40425531914893614,0.5306122448979592,0.4784735206980421,0.4736404548324053,0.47114823951558643,0.46638916638916644,0.5306122448979592,0.5252525252525252,0.4489795918367347,0.7346938775510204,0.9387755102040817,0.9693877551020408,0.9897959183673469,0.4489795918367347
MLP,S1_vs_S2_All,123,True,True,experiment_results_statistical_IL_top_10_video_2025-08-14_220927_early_stop/mlp_S1_vs_S2_All_2025-08-14_220927_seed123_early_stop.pkl,"{'activation': 'relu', 'alpha': 0.0001, 'batch_size': 36, 'early_stopping': True, 'hidden_layer_sizes': [100], 'learning_rate': 'constant', 'learning_rate_init': 0.001, 'max_iter': 2000, 'solver': 'adam'}",0.09574468085106383,0.0167320801487296,0.015887025595763462,0.009167043911272068,0.008704061895551257,0.09574468085106383,0.09090909090909091,0.09574468085106383,0.19148936170212766,0.2872340425531915,0.3829787234042553,0.4787234042553192,0.09574468085106383,0.09183673469387756,0.015449170322334541,0.015293118096856413,0.008433985839233653,0.008348794063079777,0.09183673469387756,0.09090909090909091,0.09183673469387756,0.1836734693877551,0.2755102040816326,0.3673469387755102,0.45918367346938777,0.09183673469387756
NaiveBayes,S1_vs_S2_All,123,False,True,experiment_results_statistical_IL_top_10_video_2025-08-14_220927_early_stop/naivebayes_S1_vs_S2_All_2025-08-14_220927_seed123_early_stop.pkl,"{'priors': None, 'var_smoothing': 1e-09}",0.8404255319148937,0.8000085792724777,0.7596041055718475,0.7877176015473888,0.7479338842975206,0.8404255319148937,0.797979797979798,0.8404255319148937,0.9361702127659575,1.0,1.0,1.0,0.8404255319148937,0.5306122448979592,0.4537396250366176,0.4491563965008941,0.49414934555240675,0.48915793802157437,0.5306122448979592,0.5252525252525252,0.5306122448979592,0.7653061224489796,0.9183673469387755,0.9387755102040817,0.9591836734693877,0.5306122448979592
LightGBM,S1_vs_S2_All,123,False,True,experiment_results_statistical_IL_top_10_video_2025-08-14_220927_early_stop/lightgbm_S1_vs_S2_All_2025-08-14_220927_seed123_early_stop.pkl,"{'boosting_type': 'gbdt', 'class_weight': None, 'colsample_bytree': 1.0, 'importance_type': 'split', 'learning_rate': 0.1, 'max_depth': -1, 'min_child_samples': 20, 'min_child_weight': 0.001, 'min_split_gain': 0.0, 'n_estimators': 100, 'n_jobs': -1, 'num_leaves': 31, 'objective': None, 'random_state': 123, 'reg_alpha': 0.0, 'reg_lambda': 0.0, 'subsample': 1.0, 'subsample_for_bin': 200000, 'subsample_freq': 0, 'verbose': -1}",0.8617021276595744,0.8215511324639669,0.7800586510263929,0.8051257253384914,0.7644628099173555,0.8617021276595744,0.8181818181818182,0.8617021276595744,0.9361702127659575,1.0,1.0,1.0,0.8617021276595744,0.5612244897959183,0.5251479163093808,0.5198433919022154,0.5283938000774735,0.52305648896558,0.5612244897959183,0.5555555555555555,0.5612244897959183,0.7755102040816326,0.9081632653061225,0.9285714285714286,0.9591836734693877,0.5612244897959183
ExtraTrees,S1_vs_S2_All,123,False,True,experiment_results_statistical_IL_top_10_video_2025-08-14_220927_early_stop/extratrees_S1_vs_S2_All_2025-08-14_220927_seed123_early_stop.pkl,"{'bootstrap': False, 'ccp_alpha': 0.0, 'class_weight': None, 'criterion': 'gini', 'max_depth': None, 'max_features': 'sqrt', 'max_leaf_nodes': None, 'max_samples': None, 'min_impurity_decrease': 0.0, 'min_samples_leaf': 1, 'min_samples_split': 2, 'min_weight_fraction_leaf': 0.0, 'monotonic_cst': None, 'n_estimators': 100, 'n_jobs': -1, 'oob_score': False, 'random_state': 123, 'verbose': 0, 'warm_start': False}",0.8617021276595744,0.8215511324639669,0.7800586510263929,0.8051257253384914,0.7644628099173555,0.8617021276595744,0.8181818181818182,0.8617021276595744,0.9361702127659575,1.0,1.0,1.0,0.8617021276595744,0.6122448979591837,0.5657927456696964,0.5600776674306086,0.5643930049542294,0.5586920655102473,0.6122448979591837,0.606060606060606,0.6020408163265306,0.8571428571428571,1.0,1.0,1.0,0.5918367346938775
GradientBoosting,S1_vs_S2_All,123,False,True,experiment_results_statistical_IL_top_10_video_2025-08-14_220927_early_stop/gradientboosting_S1_vs_S2_All_2025-08-14_220927_seed123_early_stop.pkl,"{'ccp_alpha': 0.0, 'criterion': 'friedman_mse', 'init': None, 'learning_rate': 0.1, 'loss': 'log_loss', 'max_depth': 3, 'max_features': None, 'max_leaf_nodes': None, 'min_impurity_decrease': 0.0, 'min_samples_leaf': 1, 'min_samples_split': 2, 'min_weight_fraction_leaf': 0.0, 'n_estimators': 100, 'n_iter_no_change': None, 'random_state': 123, 'subsample': 1.0, 'tol': 0.0001, 'validation_fraction': 0.1, 'verbose': 0, 'warm_start': False}",0.8617021276595744,0.8215511324639669,0.7800586510263929,0.8051257253384914,0.7644628099173555,0.8617021276595744,0.8181818181818182,0.8617021276595744,0.9361702127659575,1.0,1.0,1.0,0.8617021276595744,0.5408163265306123,0.4916925465838509,0.4867259552042161,0.4952868560011417,0.4902839584657766,0.5408163265306123,0.5353535353535354,0.5408163265306123,0.7857142857142857,0.9591836734693877,0.9795918367346939,0.9795918367346939,0.5408163265306123
KNN,S1_vs_S2_All,123,False,True,experiment_results_statistical_IL_top_10_video_2025-08-14_220927_early_stop/knn_S1_vs_S2_All_2025-08-14_220927_seed123_early_stop.pkl,"{'algorithm': 'auto', 'leaf_size': 30, 'metric': 'minkowski', 'metric_params': None, 'n_jobs': -1, 'n_neighbors': 5, 'p': 2, 'weights': 'uniform'}",0.5106382978723404,0.4773140297552392,0.46065011012379437,0.5221345229924502,0.5003258390355164,0.5106382978723404,0.5050505050505051,0.48936170212765956,0.7978723404255319,0.8617021276595744,0.9042553191489362,0.9042553191489362,0.46808510638297873,0.42857142857142855,0.3805219339321352,0.37667827803383086,0.4362995198079232,0.43189245395127746,0.42857142857142855,0.42424242424242425,0.3877551020408163,0.6632653061224489,0.7346938775510204,0.7653061224489796,0.8061224489795918,0.3469387755102041
LogisticRegression,S1_vs_S2_All,123,False,True,experiment_results_statistical_IL_top_10_video_2025-08-14_220927_early_stop/logisticregression_S1_vs_S2_All_2025-08-14_220927_seed123_early_stop.pkl,"{'C': 1.0, 'class_weight': None, 'dual': False, 'fit_intercept': True, 'intercept_scaling': 1, 'l1_ratio': None, 'max_iter': 100, 'multi_class': 'deprecated', 'n_jobs': -1, 'penalty': 'l2', 'random_state': 123, 'solver': 'lbfgs', 'tol': 0.0001, 'verbose': 0, 'warm_start': False}",0.30851063829787234,0.25798977305548015,0.24495998653752665,0.28618693736274925,0.2717330516373579,0.30851063829787234,0.29292929292929293,0.30851063829787234,0.6170212765957447,0.8191489361702128,0.8404255319148937,0.8404255319148937,0.30851063829787234,0.22448979591836735,0.16449579831932773,0.1628342245989305,0.230188179167771,0.22786304604486424,0.22448979591836735,0.22222222222222224,0.22448979591836735,0.47959183673469385,0.6530612244897959,0.7244897959183674,0.7653061224489796,0.22448979591836735
RandomForest,S1_vs_S2_All,456,True,True,experiment_results_statistical_IL_top_10_video_2025-08-14_220927_early_stop/randomforest_S1_vs_S2_All_2025-08-14_220927_seed456_early_stop.pkl,"{'bootstrap': True, 'max_depth': 10, 'max_features': 'sqrt', 'min_samples_leaf': 2, 'min_samples_split': 2, 'n_estimators': 500}",0.8617021276595744,0.8215511324639669,0.7800586510263929,0.8051257253384914,0.7644628099173555,0.8617021276595744,0.8181818181818182,0.8617021276595744,0.9361702127659575,1.0,1.0,1.0,0.8617021276595744,0.6224489795918368,0.5818834676727833,0.5760058568882098,0.5751569858712715,0.5693473193473193,0.6224489795918368,0.6161616161616161,0.6224489795918368,0.8571428571428571,0.9897959183673469,0.9897959183673469,1.0,0.6224489795918368
XGBoost,S1_vs_S2_All,456,True,True,experiment_results_statistical_IL_top_10_video_2025-08-14_220927_early_stop/xgboost_S1_vs_S2_All_2025-08-14_220927_seed456_early_stop.pkl,"{'colsample_bytree': 0.8, 'device': 'cpu', 'learning_rate': 0.1, 'max_depth': 4, 'n_estimators': 1000, 'reg_lambda': 1, 'subsample': 0.8}",0.8617021276595744,0.8215511324639669,0.7800586510263929,0.8051257253384914,0.7644628099173555,0.8617021276595744,0.8181818181818182,0.8617021276595744,0.9361702127659575,1.0,1.0,1.0,0.8617021276595744,0.5918367346938775,0.5562807453808591,0.5506617479527697,0.5690345368916797,0.5632867132867133,0.5918367346938775,0.5858585858585859,0.5918367346938775,0.8367346938775511,0.9591836734693877,0.9591836734693877,0.9795918367346939,0.5918367346938775
CatBoost,S1_vs_S2_All,456,True,True,experiment_results_statistical_IL_top_10_video_2025-08-14_220927_early_stop/catboost_S1_vs_S2_All_2025-08-14_220927_seed456_early_stop.pkl,"{'border_count': 32, 'depth': 4, 'iterations': 1000, 'l2_leaf_reg': 3, 'learning_rate': 0.05}",0.8617021276595744,0.8215511324639669,0.7800586510263929,0.8051257253384914,0.7644628099173555,0.8617021276595744,0.8181818181818182,0.8617021276595744,0.9361702127659575,1.0,1.0,1.0,0.8617021276595744,0.5714285714285714,0.5302762458366805,0.5249199201211584,0.5302424616200127,0.5248864771592043,0.5714285714285714,0.5656565656565656,0.5714285714285714,0.8775510204081632,1.0,1.0,1.0,0.5714285714285714
SVM,S1_vs_S2_All,456,True,True,experiment_results_statistical_IL_top_10_video_2025-08-14_220927_early_stop/svm_S1_vs_S2_All_2025-08-14_220927_seed456_early_stop.pkl,"{'C': 100, 'decision_function_shape': 'ovo', 'gamma': 'scale', 'kernel': 'rbf'}",0.8617021276595744,0.8215511324639669,0.7800586510263929,0.8051257253384914,0.7644628099173555,0.8617021276595744,0.8181818181818182,0.4787234042553192,0.7872340425531915,1.0,1.0,1.0,0.4787234042553192,0.5306122448979592,0.4784735206980421,0.4736404548324053,0.47114823951558643,0.46638916638916644,0.5306122448979592,0.5252525252525252,0.45918367346938777,0.7244897959183674,0.9489795918367347,0.9897959183673469,0.9897959183673469,0.45918367346938777
MLP,S1_vs_S2_All,456,True,True,experiment_results_statistical_IL_top_10_video_2025-08-14_220927_early_stop/mlp_S1_vs_S2_All_2025-08-14_220927_seed456_early_stop.pkl,"{'activation': 'tanh', 'alpha': 0.0001, 'batch_size': 1, 'early_stopping': True, 'hidden_layer_sizes': [50, 50], 'learning_rate': 'constant', 'learning_rate_init': 0.01, 'max_iter': 2000, 'solver': 'adam'}",0.09574468085106383,0.0167320801487296,0.015887025595763462,0.009167043911272068,0.008704061895551257,0.09574468085106383,0.09090909090909091,0.09574468085106383,0.19148936170212766,0.2872340425531915,0.3829787234042553,0.4787234042553192,0.09574468085106383,0.09183673469387756,0.015449170322334541,0.015293118096856413,0.008433985839233653,0.008348794063079777,0.09183673469387756,0.09090909090909091,0.09183673469387756,0.1836734693877551,0.2755102040816326,0.3673469387755102,0.45918367346938777,0.09183673469387756
NaiveBayes,S1_vs_S2_All,456,False,True,experiment_results_statistical_IL_top_10_video_2025-08-14_220927_early_stop/naivebayes_S1_vs_S2_All_2025-08-14_220927_seed456_early_stop.pkl,"{'priors': None, 'var_smoothing': 1e-09}",0.8404255319148937,0.8000085792724777,0.7596041055718475,0.7877176015473888,0.7479338842975206,0.8404255319148937,0.797979797979798,0.8404255319148937,0.9361702127659575,1.0,1.0,1.0,0.8404255319148937,0.5306122448979592,0.4537396250366176,0.4491563965008941,0.49414934555240675,0.48915793802157437,0.5306122448979592,0.5252525252525252,0.5306122448979592,0.7653061224489796,0.9183673469387755,0.9387755102040817,0.9591836734693877,0.5306122448979592
LightGBM,S1_vs_S2_All,456,False,True,experiment_results_statistical_IL_top_10_video_2025-08-14_220927_early_stop/lightgbm_S1_vs_S2_All_2025-08-14_220927_seed456_early_stop.pkl,"{'boosting_type': 'gbdt', 'class_weight': None, 'colsample_bytree': 1.0, 'importance_type': 'split', 'learning_rate': 0.1, 'max_depth': -1, 'min_child_samples': 20, 'min_child_weight': 0.001, 'min_split_gain': 0.0, 'n_estimators': 100, 'n_jobs': -1, 'num_leaves': 31, 'objective': None, 'random_state': 456, 'reg_alpha': 0.0, 'reg_lambda': 0.0, 'subsample': 1.0, 'subsample_for_bin': 200000, 'subsample_freq': 0, 'verbose': -1}",0.8617021276595744,0.8215511324639669,0.7800586510263929,0.8051257253384914,0.7644628099173555,0.8617021276595744,0.8181818181818182,0.8617021276595744,0.9361702127659575,1.0,1.0,1.0,0.8617021276595744,0.5612244897959183,0.5251479163093808,0.5198433919022154,0.5283938000774735,0.52305648896558,0.5612244897959183,0.5555555555555555,0.5612244897959183,0.7755102040816326,0.9081632653061225,0.9285714285714286,0.9591836734693877,0.5612244897959183
ExtraTrees,S1_vs_S2_All,456,False,True,experiment_results_statistical_IL_top_10_video_2025-08-14_220927_early_stop/extratrees_S1_vs_S2_All_2025-08-14_220927_seed456_early_stop.pkl,"{'bootstrap': False, 'ccp_alpha': 0.0, 'class_weight': None, 'criterion': 'gini', 'max_depth': None, 'max_features': 'sqrt', 'max_leaf_nodes': None, 'max_samples': None, 'min_impurity_decrease': 0.0, 'min_samples_leaf': 1, 'min_samples_split': 2, 'min_weight_fraction_leaf': 0.0, 'monotonic_cst': None, 'n_estimators': 100, 'n_jobs': -1, 'oob_score': False, 'random_state': 456, 'verbose': 0, 'warm_start': False}",0.8617021276595744,0.8215511324639669,0.7800586510263929,0.8051257253384914,0.7644628099173555,0.8617021276595744,0.8181818181818182,0.8617021276595744,0.9361702127659575,1.0,1.0,1.0,0.8617021276595744,0.6122448979591837,0.5638485708705901,0.5581531307607863,0.5572804746274134,0.5516513789241062,0.6122448979591837,0.6060606060606061,0.6020408163265306,0.8571428571428571,0.9897959183673469,1.0,1.0,0.6020408163265306
GradientBoosting,S1_vs_S2_All,456,False,True,experiment_results_statistical_IL_top_10_video_2025-08-14_220927_early_stop/gradientboosting_S1_vs_S2_All_2025-08-14_220927_seed456_early_stop.pkl,"{'ccp_alpha': 0.0, 'criterion': 'friedman_mse', 'init': None, 'learning_rate': 0.1, 'loss': 'log_loss', 'max_depth': 3, 'max_features': None, 'max_leaf_nodes': None, 'min_impurity_decrease': 0.0, 'min_samples_leaf': 1, 'min_samples_split': 2, 'min_weight_fraction_leaf': 0.0, 'n_estimators': 100, 'n_iter_no_change': None, 'random_state': 456, 'subsample': 1.0, 'tol': 0.0001, 'validation_fraction': 0.1, 'verbose': 0, 'warm_start': False}",0.8617021276595744,0.8215511324639669,0.7800586510263929,0.8051257253384914,0.7644628099173555,0.8617021276595744,0.8181818181818182,0.8617021276595744,0.9361702127659575,1.0,1.0,1.0,0.8617021276595744,0.5408163265306123,0.4921821599453177,0.4872106229761732,0.49399529042386187,0.48900543900543897,0.5408163265306123,0.5353535353535354,0.5408163265306123,0.7653061224489796,0.9489795918367347,0.9795918367346939,0.9795918367346939,0.5408163265306123
KNN,S1_vs_S2_All,456,False,True,experiment_results_statistical_IL_top_10_video_2025-08-14_220927_early_stop/knn_S1_vs_S2_All_2025-08-14_220927_seed456_early_stop.pkl,"{'algorithm': 'auto', 'leaf_size': 30, 'metric': 'minkowski', 'metric_params': None, 'n_jobs': -1, 'n_neighbors': 5, 'p': 2, 'weights': 'uniform'}",0.5106382978723404,0.4773140297552392,0.46065011012379437,0.5221345229924502,0.5003258390355164,0.5106382978723404,0.5050505050505051,0.48936170212765956,0.7978723404255319,0.8617021276595744,0.9042553191489362,0.9042553191489362,0.46808510638297873,0.42857142857142855,0.3805219339321352,0.37667827803383086,0.4362995198079232,0.43189245395127746,0.42857142857142855,0.42424242424242425,0.3877551020408163,0.6632653061224489,0.7346938775510204,0.7653061224489796,0.8061224489795918,0.3469387755102041
LogisticRegression,S1_vs_S2_All,456,False,True,experiment_results_statistical_IL_top_10_video_2025-08-14_220927_early_stop/logisticregression_S1_vs_S2_All_2025-08-14_220927_seed456_early_stop.pkl,"{'C': 1.0, 'class_weight': None, 'dual': False, 'fit_intercept': True, 'intercept_scaling': 1, 'l1_ratio': None, 'max_iter': 100, 'multi_class': 'deprecated', 'n_jobs': -1, 'penalty': 'l2', 'random_state': 456, 'solver': 'lbfgs', 'tol': 0.0001, 'verbose': 0, 'warm_start': False}",0.30851063829787234,0.25798977305548015,0.24495998653752665,0.28618693736274925,0.2717330516373579,0.30851063829787234,0.29292929292929293,0.30851063829787234,0.6170212765957447,0.8191489361702128,0.8404255319148937,0.8404255319148937,0.30851063829787234,0.22448979591836735,0.16449579831932773,0.1628342245989305,0.230188179167771,0.22786304604486424,0.22448979591836735,0.22222222222222224,0.22448979591836735,0.47959183673469385,0.6530612244897959,0.7244897959183674,0.7653061224489796,0.22448979591836735
RandomForest,FI_vs_T,42,True,True,experiment_results_statistical_IL_top_10_video_2025-08-14_220927_early_stop/randomforest_FI_vs_T_2025-08-14_220927_seed42_early_stop.pkl,"{'bootstrap': True, 'max_depth': 10, 'max_features': 'sqrt', 'min_samples_leaf': 1, 'min_samples_split': 10, 'n_estimators': 300}",0.8372093023255814,0.7937984496124031,0.7757575757575758,0.7780126849894291,0.7603305785123967,0.8372093023255814,0.8181818181818182,0.8372093023255814,0.9224806201550387,1.0,1.0,1.0,0.8372093023255814,0.6666666666666666,0.6213310499024784,0.5930887294523658,0.638095238095238,0.609090909090909,0.6666666666666666,0.6363636363636362,0.6666666666666666,0.8571428571428571,0.9841269841269841,0.9841269841269841,0.9841269841269841,0.6666666666666666
XGBoost,FI_vs_T,42,True,True,experiment_results_statistical_IL_top_10_video_2025-08-14_220927_early_stop/xgboost_FI_vs_T_2025-08-14_220927_seed42_early_stop.pkl,"{'colsample_bytree': 1.0, 'device': 'cpu', 'learning_rate': 0.1, 'max_depth': 4, 'n_estimators': 1000, 'reg_lambda': 1, 'subsample': 0.8}",0.8372093023255814,0.7937984496124031,0.7757575757575758,0.7780126849894291,0.7603305785123967,0.8372093023255814,0.8181818181818182,0.8372093023255814,0.9224806201550387,1.0,1.0,1.0,0.8372093023255814,0.6349206349206349,0.5907172192886478,0.5638664365937093,0.5804988662131519,0.5541125541125541,0.6349206349206349,0.606060606060606,0.6349206349206349,0.8253968253968254,0.9841269841269841,1.0,1.0,0.6349206349206349
CatBoost,FI_vs_T,42,True,True,experiment_results_statistical_IL_top_10_video_2025-08-14_220927_early_stop/catboost_FI_vs_T_2025-08-14_220927_seed42_early_stop.pkl,"{'border_count': 32, 'depth': 4, 'iterations': 1000, 'l2_leaf_reg': 1, 'learning_rate': 0.05}",0.8372093023255814,0.7937984496124031,0.7757575757575758,0.7780126849894291,0.7603305785123967,0.8372093023255814,0.8181818181818182,0.8372093023255814,0.9224806201550387,1.0,1.0,1.0,0.8372093023255814,0.5873015873015873,0.5361574933003505,0.5117866981503345,0.5335978835978836,0.5093434343434343,0.5873015873015873,0.5606060606060606,0.5873015873015873,0.8571428571428571,1.0,1.0,1.0,0.5873015873015873
SVM,FI_vs_T,42,True,True,experiment_results_statistical_IL_top_10_video_2025-08-14_220927_early_stop/svm_FI_vs_T_2025-08-14_220927_seed42_early_stop.pkl,"{'C': 1, 'decision_function_shape': 'ovo', 'gamma': 'scale', 'kernel': 'rbf'}",0.7054263565891473,0.6630874150762754,0.6480172465518147,0.7008855929152566,0.6849563748944554,0.7054263565891473,0.6893939393939393,0.4883720930232558,0.8294573643410853,1.0,1.0,1.0,0.4883720930232558,0.5555555555555556,0.4879263593549308,0.4657478884751612,0.5392290249433107,0.5147186147186148,0.5555555555555556,0.5303030303030303,0.42857142857142855,0.7142857142857143,0.9206349206349206,0.9523809523809523,0.9682539682539683,0.42857142857142855
MLP,FI_vs_T,42,True,True,experiment_results_statistical_IL_top_10_video_2025-08-14_220927_early_stop/mlp_FI_vs_T_2025-08-14_220927_seed42_early_stop.pkl,"{'activation': 'relu', 'alpha': 0.0001, 'batch_size': 36, 'early_stopping': True, 'hidden_layer_sizes': [50], 'learning_rate': 'constant', 'learning_rate_init': 0.001, 'max_iter': 2000, 'solver': 'adam'}",0.09302325581395349,0.015833745670460166,0.015473887814313346,0.008653326122228232,0.008456659619450317,0.09302325581395349,0.09090909090909091,0.09302325581395349,0.17829457364341086,0.2558139534883721,0.3488372093023256,0.4418604651162791,0.09302325581395349,0.09523809523809523,0.016563146997929608,0.015810276679841896,0.009070294784580499,0.008658008658008658,0.09523809523809523,0.09090909090909091,0.09523809523809523,0.1746031746031746,0.23809523809523808,0.3333333333333333,0.42857142857142855,0.09523809523809523
NaiveBayes,FI_vs_T,42,False,True,experiment_results_statistical_IL_top_10_video_2025-08-14_220927_early_stop/naivebayes_FI_vs_T_2025-08-14_220927_seed42_early_stop.pkl,"{'priors': None, 'var_smoothing': 1e-09}",0.7751937984496124,0.7308565650729453,0.7142461885940146,0.7242370033067708,0.7077770714134352,0.7751937984496124,0.7575757575757575,0.7751937984496124,0.9069767441860465,1.0,1.0,1.0,0.7751937984496124,0.5079365079365079,0.44715813287241857,0.42683276319639957,0.43287981859410435,0.4132034632034632,0.5079365079365079,0.4848484848484849,0.5079365079365079,0.7619047619047619,0.8888888888888888,0.9047619047619048,0.9523809523809523,0.5079365079365079
LightGBM,FI_vs_T,42,False,True,experiment_results_statistical_IL_top_10_video_2025-08-14_220927_early_stop/lightgbm_FI_vs_T_2025-08-14_220927_seed42_early_stop.pkl,"{'boosting_type': 'gbdt', 'class_weight': None, 'colsample_bytree': 1.0, 'importance_type': 'split', 'learning_rate': 0.1, 'max_depth': -1, 'min_child_samples': 20, 'min_child_weight': 0.001, 'min_split_gain': 0.0, 'n_estimators': 100, 'n_jobs': -1, 'num_leaves': 31, 'objective': None, 'random_state': 42, 'reg_alpha': 0.0, 'reg_lambda': 0.0, 'subsample': 1.0, 'subsample_for_bin': 200000, 'subsample_freq': 0, 'verbose': -1}",0.8372093023255814,0.7937984496124031,0.7757575757575758,0.7780126849894291,0.7603305785123967,0.8372093023255814,0.8181818181818182,0.8372093023255814,0.9224806201550387,1.0,1.0,1.0,0.8372093023255814,0.6190476190476191,0.5795558938416081,0.5532124441215351,0.5838246409674981,0.5572871572871573,0.6190476190476191,0.5909090909090908,0.6190476190476191,0.8888888888888888,0.9841269841269841,0.9841269841269841,1.0,0.6190476190476191
ExtraTrees,FI_vs_T,42,False,True,experiment_results_statistical_IL_top_10_video_2025-08-14_220927_early_stop/extratrees_FI_vs_T_2025-08-14_220927_seed42_early_stop.pkl,"{'bootstrap': False, 'ccp_alpha': 0.0, 'class_weight': None, 'criterion': 'gini', 'max_depth': None, 'max_features': 'sqrt', 'max_leaf_nodes': None, 'max_samples': None, 'min_impurity_decrease': 0.0, 'min_samples_leaf': 1, 'min_samples_split': 2, 'min_weight_fraction_leaf': 0.0, 'monotonic_cst': None, 'n_estimators': 100, 'n_jobs': -1, 'oob_score': False, 'random_state': 42, 'verbose': 0, 'warm_start': False}",0.8372093023255814,0.7937984496124031,0.7757575757575758,0.7780126849894291,0.7603305785123967,0.8372093023255814,0.8181818181818182,0.8372093023255814,0.9224806201550387,1.0,1.0,1.0,0.8372093023255814,0.6190476190476191,0.5692561406847122,0.5433808615626797,0.5824263038548753,0.5559523809523809,0.6190476190476191,0.5909090909090908,0.6031746031746031,0.8888888888888888,1.0,1.0,1.0,0.6031746031746031
GradientBoosting,FI_vs_T,42,False,True,experiment_results_statistical_IL_top_10_video_2025-08-14_220927_early_stop/gradientboosting_FI_vs_T_2025-08-14_220927_seed42_early_stop.pkl,"{'ccp_alpha': 0.0, 'criterion': 'friedman_mse', 'init': None, 'learning_rate': 0.1, 'loss': 'log_loss', 'max_depth': 3, 'max_features': None, 'max_leaf_nodes': None, 'min_impurity_decrease': 0.0, 'min_samples_leaf': 1, 'min_samples_split': 2, 'min_weight_fraction_leaf': 0.0, 'n_estimators': 100, 'n_iter_no_change': None, 'random_state': 42, 'subsample': 1.0, 'tol': 0.0001, 'validation_fraction': 0.1, 'verbose': 0, 'warm_start': False}",0.8372093023255814,0.7937984496124031,0.7757575757575758,0.7780126849894291,0.7603305785123967,0.8372093023255814,0.8181818181818182,0.8372093023255814,0.9224806201550387,1.0,1.0,1.0,0.8372093023255814,0.5873015873015873,0.5438688295831153,0.5191475191475191,0.5448979591836735,0.5201298701298701,0.5873015873015873,0.5606060606060606,0.5873015873015873,0.7619047619047619,0.9365079365079365,1.0,1.0,0.5873015873015873
KNN,FI_vs_T,42,False,True,experiment_results_statistical_IL_top_10_video_2025-08-14_220927_early_stop/knn_FI_vs_T_2025-08-14_220927_seed42_early_stop.pkl,"{'algorithm': 'auto', 'leaf_size': 30, 'metric': 'minkowski', 'metric_params': None, 'n_jobs': -1, 'n_neighbors': 5, 'p': 2, 'weights': 'uniform'}",0.5503875968992248,0.5263107777408766,0.5174355889089433,0.5679148241232675,0.5569456535256808,0.5503875968992248,0.5454545454545455,0.5503875968992248,0.8372093023255814,0.8914728682170543,0.9069767441860465,0.9069767441860465,0.49612403100775193,0.49206349206349204,0.4529621747013052,0.43896060022542227,0.45923406399596883,0.44256854256854256,0.49206349206349204,0.4848484848484848,0.49206349206349204,0.7619047619047619,0.7936507936507936,0.8095238095238095,0.8095238095238095,0.4444444444444444
LogisticRegression,FI_vs_T,42,False,True,experiment_results_statistical_IL_top_10_video_2025-08-14_220927_early_stop/logisticregression_FI_vs_T_2025-08-14_220927_seed42_early_stop.pkl,"{'C': 1.0, 'class_weight': None, 'dual': False, 'fit_intercept': True, 'intercept_scaling': 1, 'l1_ratio': None, 'max_iter': 100, 'multi_class': 'deprecated', 'n_jobs': -1, 'penalty': 'l2', 'random_state': 42, 'solver': 'lbfgs', 'tol': 0.0001, 'verbose': 0, 'warm_start': False}",0.27906976744186046,0.2648270945700566,0.2588082969661917,0.43559104061729714,0.42569124423963134,0.27906976744186046,0.2727272727272727,0.27906976744186046,0.5426356589147286,0.7441860465116279,0.7751937984496124,0.7906976744186046,0.27906976744186046,0.23809523809523808,0.19205858389531857,0.18332864826371323,0.2244001476559616,0.214200140944327,0.23809523809523808,0.22727272727272727,0.23809523809523808,0.47619047619047616,0.6349206349206349,0.6825396825396826,0.746031746031746,0.23809523809523808
RandomForest,FI_vs_T,123,True,True,experiment_results_statistical_IL_top_10_video_2025-08-14_220927_early_stop/randomforest_FI_vs_T_2025-08-14_220927_seed123_early_stop.pkl,"{'bootstrap': True, 'max_depth': 10, 'max_features': 'sqrt', 'min_samples_leaf': 1, 'min_samples_split': 2, 'n_estimators': 100}",0.8372093023255814,0.7937984496124031,0.7757575757575758,0.7780126849894291,0.7603305785123967,0.8372093023255814,0.8181818181818182,0.8372093023255814,0.9224806201550387,1.0,1.0,1.0,0.8372093023255814,0.6190476190476191,0.5700859986574273,0.5441729987184533,0.5628117913832199,0.5372294372294371,0.6190476190476191,0.5909090909090909,0.6349206349206349,0.8571428571428571,0.9682539682539683,0.9841269841269841,1.0,0.6190476190476191
XGBoost,FI_vs_T,123,True,True,experiment_results_statistical_IL_top_10_video_2025-08-14_220927_early_stop/xgboost_FI_vs_T_2025-08-14_220927_seed123_early_stop.pkl,"{'colsample_bytree': 0.8, 'device': 'cpu', 'learning_rate': 0.1, 'max_depth': 4, 'n_estimators': 1000, 'reg_lambda': 1, 'subsample': 0.8}",0.8372093023255814,0.7937984496124031,0.7757575757575758,0.7780126849894291,0.7603305785123967,0.8372093023255814,0.8181818181818182,0.8372093023255814,0.9224806201550387,1.0,1.0,1.0,0.8372093023255814,0.6190476190476191,0.575895004466433,0.549717958808868,0.5746031746031747,0.5484848484848484,0.6190476190476191,0.5909090909090909,0.6190476190476191,0.8571428571428571,0.9682539682539683,1.0,1.0,0.6190476190476191
CatBoost,FI_vs_T,123,True,True,experiment_results_statistical_IL_top_10_video_2025-08-14_220927_early_stop/catboost_FI_vs_T_2025-08-14_220927_seed123_early_stop.pkl,"{'border_count': 64, 'depth': 8, 'iterations': 1000, 'l2_leaf_reg': 5, 'learning_rate': 0.05}",0.8372093023255814,0.7937984496124031,0.7757575757575758,0.7780126849894291,0.7603305785123967,0.8372093023255814,0.8181818181818182,0.8372093023255814,0.9224806201550387,1.0,1.0,1.0,0.8372093023255814,0.5873015873015873,0.5416530559387703,0.517032462487008,0.5375283446712018,0.513095238095238,0.5873015873015873,0.5606060606060606,0.5873015873015873,0.9047619047619048,0.9841269841269841,1.0,1.0,0.5873015873015873
SVM,FI_vs_T,123,True,True,experiment_results_statistical_IL_top_10_video_2025-08-14_220927_early_stop/svm_FI_vs_T_2025-08-14_220927_seed123_early_stop.pkl,"{'C': 100, 'decision_function_shape': 'ovo', 'gamma': 'scale', 'kernel': 'rbf'}",0.8372093023255814,0.7937984496124031,0.7757575757575758,0.7780126849894291,0.7603305785123967,0.8372093023255814,0.8181818181818182,0.6589147286821705,0.9147286821705426,1.0,1.0,1.0,0.6589147286821705,0.5396825396825397,0.475647228588405,0.4540269000162048,0.4885281385281385,0.46632231404958674,0.5396825396825397,0.5151515151515151,0.5555555555555556,0.7777777777777778,0.9523809523809523,0.9523809523809523,0.9682539682539683,0.5555555555555556
MLP,FI_vs_T,123,True,True,experiment_results_statistical_IL_top_10_video_2025-08-14_220927_early_stop/mlp_FI_vs_T_2025-08-14_220927_seed123_early_stop.pkl,"{'activation': 'relu', 'alpha': 0.0001, 'batch_size': 36, 'early_stopping': True, 'hidden_layer_sizes': [100], 'learning_rate': 'constant', 'learning_rate_init': 0.001, 'max_iter': 2000, 'solver': 'adam'}",0.09302325581395349,0.015833745670460166,0.015473887814313346,0.008653326122228232,0.008456659619450317,0.09302325581395349,0.09090909090909091,0.09302325581395349,0.18604651162790697,0.27906976744186046,0.37209302325581395,0.46511627906976744,0.09302325581395349,0.09523809523809523,0.016563146997929608,0.015810276679841896,0.009070294784580499,0.008658008658008658,0.09523809523809523,0.09090909090909091,0.09523809523809523,0.19047619047619047,0.2857142857142857,0.38095238095238093,0.47619047619047616,0.09523809523809523
NaiveBayes,FI_vs_T,123,False,True,experiment_results_statistical_IL_top_10_video_2025-08-14_220927_early_stop/naivebayes_FI_vs_T_2025-08-14_220927_seed123_early_stop.pkl,"{'priors': None, 'var_smoothing': 1e-09}",0.7751937984496124,0.7308565650729453,0.7142461885940146,0.7242370033067708,0.7077770714134352,0.7751937984496124,0.7575757575757575,0.7751937984496124,0.9069767441860465,1.0,1.0,1.0,0.7751937984496124,0.5079365079365079,0.44715813287241857,0.42683276319639957,0.43287981859410435,0.4132034632034632,0.5079365079365079,0.4848484848484849,0.5079365079365079,0.7619047619047619,0.8888888888888888,0.9047619047619048,0.9523809523809523,0.5079365079365079
LightGBM,FI_vs_T,123,False,True,experiment_results_statistical_IL_top_10_video_2025-08-14_220927_early_stop/lightgbm_FI_vs_T_2025-08-14_220927_seed123_early_stop.pkl,"{'boosting_type': 'gbdt', 'class_weight': None, 'colsample_bytree': 1.0, 'importance_type': 'split', 'learning_rate': 0.1, 'max_depth': -1, 'min_child_samples': 20, 'min_child_weight': 0.001, 'min_split_gain': 0.0, 'n_estimators': 100, 'n_jobs': -1, 'num_leaves': 31, 'objective': None, 'random_state': 123, 'reg_alpha': 0.0, 'reg_lambda': 0.0, 'subsample': 1.0, 'subsample_for_bin': 200000, 'subsample_freq': 0, 'verbose': -1}",0.8372093023255814,0.7937984496124031,0.7757575757575758,0.7780126849894291,0.7603305785123967,0.8372093023255814,0.8181818181818182,0.8372093023255814,0.9224806201550387,1.0,1.0,1.0,0.8372093023255814,0.6190476190476191,0.5795558938416081,0.5532124441215351,0.5838246409674981,0.5572871572871573,0.6190476190476191,0.5909090909090908,0.6190476190476191,0.8888888888888888,0.9841269841269841,0.9841269841269841,1.0,0.6190476190476191
ExtraTrees,FI_vs_T,123,False,True,experiment_results_statistical_IL_top_10_video_2025-08-14_220927_early_stop/extratrees_FI_vs_T_2025-08-14_220927_seed123_early_stop.pkl,"{'bootstrap': False, 'ccp_alpha': 0.0, 'class_weight': None, 'criterion': 'gini', 'max_depth': None, 'max_features': 'sqrt', 'max_leaf_nodes': None, 'max_samples': None, 'min_impurity_decrease': 0.0, 'min_samples_leaf': 1, 'min_samples_split': 2, 'min_weight_fraction_leaf': 0.0, 'monotonic_cst': None, 'n_estimators': 100, 'n_jobs': -1, 'oob_score': False, 'random_state': 123, 'verbose': 0, 'warm_start': False}",0.8372093023255814,0.7937984496124031,0.7757575757575758,0.7780126849894291,0.7603305785123967,0.8372093023255814,0.8181818181818182,0.8372093023255814,0.9224806201550387,1.0,1.0,1.0,0.8372093023255814,0.6190476190476191,0.5601197744054887,0.5346597846597847,0.5590702947845806,0.5336580086580086,0.6190476190476191,0.5909090909090908,0.6349206349206349,0.9047619047619048,1.0,1.0,1.0,0.6190476190476191
GradientBoosting,FI_vs_T,123,False,True,experiment_results_statistical_IL_top_10_video_2025-08-14_220927_early_stop/gradientboosting_FI_vs_T_2025-08-14_220927_seed123_early_stop.pkl,"{'ccp_alpha': 0.0, 'criterion': 'friedman_mse', 'init': None, 'learning_rate': 0.1, 'loss': 'log_loss', 'max_depth': 3, 'max_features': None, 'max_leaf_nodes': None, 'min_impurity_decrease': 0.0, 'min_samples_leaf': 1, 'min_samples_split': 2, 'min_weight_fraction_leaf': 0.0, 'n_estimators': 100, 'n_iter_no_change': None, 'random_state': 123, 'subsample': 1.0, 'tol': 0.0001, 'validation_fraction': 0.1, 'verbose': 0, 'warm_start': False}",0.8372093023255814,0.7937984496124031,0.7757575757575758,0.7780126849894291,0.7603305785123967,0.8372093023255814,0.8181818181818182,0.8372093023255814,0.9224806201550387,1.0,1.0,1.0,0.8372093023255814,0.6031746031746031,0.5582988440131297,0.5329216238307147,0.5448979591836735,0.5201298701298701,0.6031746031746031,0.5757575757575757,0.6031746031746031,0.7619047619047619,0.9523809523809523,1.0,1.0,0.6031746031746031
KNN,FI_vs_T,123,False,True,experiment_results_statistical_IL_top_10_video_2025-08-14_220927_early_stop/knn_FI_vs_T_2025-08-14_220927_seed123_early_stop.pkl,"{'algorithm': 'auto', 'leaf_size': 30, 'metric': 'minkowski', 'metric_params': None, 'n_jobs': -1, 'n_neighbors': 5, 'p': 2, 'weights': 'uniform'}",0.5503875968992248,0.5263107777408766,0.5174355889089433,0.5679148241232675,0.5569456535256808,0.5503875968992248,0.5454545454545455,0.5503875968992248,0.8372093023255814,0.8914728682170543,0.9069767441860465,0.9069767441860465,0.49612403100775193,0.49206349206349204,0.4529621747013052,0.43896060022542227,0.45923406399596883,0.44256854256854256,0.49206349206349204,0.4848484848484848,0.49206349206349204,0.7619047619047619,0.7936507936507936,0.8095238095238095,0.8095238095238095,0.4444444444444444
LogisticRegression,FI_vs_T,123,False,True,experiment_results_statistical_IL_top_10_video_2025-08-14_220927_early_stop/logisticregression_FI_vs_T_2025-08-14_220927_seed123_early_stop.pkl,"{'C': 1.0, 'class_weight': None, 'dual': False, 'fit_intercept': True, 'intercept_scaling': 1, 'l1_ratio': None, 'max_iter': 100, 'multi_class': 'deprecated', 'n_jobs': -1, 'penalty': 'l2', 'random_state': 123, 'solver': 'lbfgs', 'tol': 0.0001, 'verbose': 0, 'warm_start': False}",0.27906976744186046,0.2648270945700566,0.2588082969661917,0.43559104061729714,0.42569124423963134,0.27906976744186046,0.2727272727272727,0.27906976744186046,0.5426356589147286,0.7441860465116279,0.7751937984496124,0.7906976744186046,0.27906976744186046,0.23809523809523808,0.19205858389531857,0.18332864826371323,0.2244001476559616,0.214200140944327,0.23809523809523808,0.22727272727272727,0.23809523809523808,0.47619047619047616,0.6349206349206349,0.6825396825396826,0.746031746031746,0.23809523809523808
RandomForest,FI_vs_T,456,True,True,experiment_results_statistical_IL_top_10_video_2025-08-14_220927_early_stop/randomforest_FI_vs_T_2025-08-14_220927_seed456_early_stop.pkl,"{'bootstrap': True, 'max_depth': 10, 'max_features': 'log2', 'min_samples_leaf': 2, 'min_samples_split': 2, 'n_estimators': 100}",0.8372093023255814,0.7937984496124031,0.7757575757575758,0.7780126849894291,0.7603305785123967,0.8372093023255814,0.8181818181818182,0.8372093023255814,0.9224806201550387,1.0,1.0,1.0,0.8372093023255814,0.6666666666666666,0.6255395398252541,0.5971059243786517,0.6229780801209374,0.5946608946608946,0.6666666666666666,0.6363636363636362,0.6666666666666666,0.8888888888888888,0.9841269841269841,1.0,1.0,0.6666666666666666
XGBoost,FI_vs_T,456,True,True,experiment_results_statistical_IL_top_10_video_2025-08-14_220927_early_stop/xgboost_FI_vs_T_2025-08-14_220927_seed456_early_stop.pkl,"{'colsample_bytree': 0.8, 'device': 'cpu', 'learning_rate': 0.05, 'max_depth': 4, 'n_estimators': 1000, 'reg_lambda': 1, 'subsample': 0.8}",0.8372093023255814,0.7937984496124031,0.7757575757575758,0.7780126849894291,0.7603305785123967,0.8372093023255814,0.8181818181818182,0.8372093023255814,0.9224806201550387,1.0,1.0,1.0,0.8372093023255814,0.6190476190476191,0.5701578844435986,0.5442416169688897,0.5593348450491308,0.5339105339105339,0.6190476190476191,0.5909090909090909,0.6190476190476191,0.8253968253968254,0.9841269841269841,1.0,1.0,0.6190476190476191
CatBoost,FI_vs_T,456,True,True,experiment_results_statistical_IL_top_10_video_2025-08-14_220927_early_stop/catboost_FI_vs_T_2025-08-14_220927_seed456_early_stop.pkl,"{'border_count': 32, 'depth': 6, 'iterations': 1000, 'l2_leaf_reg': 1, 'learning_rate': 0.1}",0.8372093023255814,0.7937984496124031,0.7757575757575758,0.7780126849894291,0.7603305785123967,0.8372093023255814,0.8181818181818182,0.8372093023255814,0.9224806201550387,1.0,1.0,1.0,0.8372093023255814,0.5555555555555556,0.5117971975114832,0.48853368853368856,0.5086167800453515,0.4854978354978355,0.5555555555555556,0.5303030303030303,0.5555555555555556,0.8571428571428571,0.9841269841269841,1.0,1.0,0.5555555555555556
SVM,FI_vs_T,456,True,True,experiment_results_statistical_IL_top_10_video_2025-08-14_220927_early_stop/svm_FI_vs_T_2025-08-14_220927_seed456_early_stop.pkl,"{'C': 10, 'decision_function_shape': 'ovo', 'gamma': 'scale', 'kernel': 'rbf'}",0.8217054263565892,0.778186154930341,0.7605001059546513,0.7647236484445787,0.7473435655253837,0.8217054263565892,0.8030303030303031,0.6821705426356589,0.9069767441860465,1.0,1.0,1.0,0.6821705426356589,0.5396825396825397,0.4808626480895388,0.45900525499455985,0.4845598845598845,0.462534435261708,0.5396825396825397,0.5151515151515151,0.5714285714285714,0.7777777777777778,0.9523809523809523,0.9523809523809523,0.9523809523809523,0.5714285714285714
MLP,FI_vs_T,456,True,True,experiment_results_statistical_IL_top_10_video_2025-08-14_220927_early_stop/mlp_FI_vs_T_2025-08-14_220927_seed456_early_stop.pkl,"{'activation': 'relu', 'alpha': 0.0001, 'batch_size': 36, 'early_stopping': True, 'hidden_layer_sizes': [50], 'learning_rate': 'constant', 'learning_rate_init': 0.001, 'max_iter': 2000, 'solver': 'adam'}",0.09302325581395349,0.015833745670460166,0.015473887814313346,0.008653326122228232,0.008456659619450317,0.09302325581395349,0.09090909090909091,0.09302325581395349,0.18604651162790697,0.2713178294573643,0.3643410852713178,0.4573643410852713,0.09302325581395349,0.09523809523809523,0.016563146997929608,0.015810276679841896,0.009070294784580499,0.008658008658008658,0.09523809523809523,0.09090909090909091,0.09523809523809523,0.19047619047619047,0.2698412698412698,0.36507936507936506,0.4603174603174603,0.09523809523809523
NaiveBayes,FI_vs_T,456,False,True,experiment_results_statistical_IL_top_10_video_2025-08-14_220927_early_stop/naivebayes_FI_vs_T_2025-08-14_220927_seed456_early_stop.pkl,"{'priors': None, 'var_smoothing': 1e-09}",0.7751937984496124,0.7308565650729453,0.7142461885940146,0.7242370033067708,0.7077770714134352,0.7751937984496124,0.7575757575757575,0.7751937984496124,0.9069767441860465,1.0,1.0,1.0,0.7751937984496124,0.5079365079365079,0.44715813287241857,0.42683276319639957,0.43287981859410435,0.4132034632034632,0.5079365079365079,0.4848484848484849,0.5079365079365079,0.7619047619047619,0.8888888888888888,0.9047619047619048,0.9523809523809523,0.5079365079365079
LightGBM,FI_vs_T,456,False,True,experiment_results_statistical_IL_top_10_video_2025-08-14_220927_early_stop/lightgbm_FI_vs_T_2025-08-14_220927_seed456_early_stop.pkl,"{'boosting_type': 'gbdt', 'class_weight': None, 'colsample_bytree': 1.0, 'importance_type': 'split', 'learning_rate': 0.1, 'max_depth': -1, 'min_child_samples': 20, 'min_child_weight': 0.001, 'min_split_gain': 0.0, 'n_estimators': 100, 'n_jobs': -1, 'num_leaves': 31, 'objective': None, 'random_state': 456, 'reg_alpha': 0.0, 'reg_lambda': 0.0, 'subsample': 1.0, 'subsample_for_bin': 200000, 'subsample_freq': 0, 'verbose': -1}",0.8372093023255814,0.7937984496124031,0.7757575757575758,0.7780126849894291,0.7603305785123967,0.8372093023255814,0.8181818181818182,0.8372093023255814,0.9224806201550387,1.0,1.0,1.0,0.8372093023255814,0.6190476190476191,0.5795558938416081,0.5532124441215351,0.5838246409674981,0.5572871572871573,0.6190476190476191,0.5909090909090908,0.6190476190476191,0.8888888888888888,0.9841269841269841,0.9841269841269841,1.0,0.6190476190476191
ExtraTrees,FI_vs_T,456,False,True,experiment_results_statistical_IL_top_10_video_2025-08-14_220927_early_stop/extratrees_FI_vs_T_2025-08-14_220927_seed456_early_stop.pkl,"{'bootstrap': False, 'ccp_alpha': 0.0, 'class_weight': None, 'criterion': 'gini', 'max_depth': None, 'max_features': 'sqrt', 'max_leaf_nodes': None, 'max_samples': None, 'min_impurity_decrease': 0.0, 'min_samples_leaf': 1, 'min_samples_split': 2, 'min_weight_fraction_leaf': 0.0, 'monotonic_cst': None, 'n_estimators': 100, 'n_jobs': -1, 'oob_score': False, 'random_state': 456, 'verbose': 0, 'warm_start': False}",0.8372093023255814,0.7937984496124031,0.7757575757575758,0.7780126849894291,0.7603305785123967,0.8372093023255814,0.8181818181818182,0.8372093023255814,0.9224806201550387,1.0,1.0,1.0,0.8372093023255814,0.6031746031746031,0.5454212454212454,0.5206293706293706,0.5363945578231293,0.512012987012987,0.6031746031746031,0.5757575757575757,0.6031746031746031,0.873015873015873,0.9841269841269841,1.0,1.0,0.6031746031746031
GradientBoosting,FI_vs_T,456,False,True,experiment_results_statistical_IL_top_10_video_2025-08-14_220927_early_stop/gradientboosting_FI_vs_T_2025-08-14_220927_seed456_early_stop.pkl,"{'ccp_alpha': 0.0, 'criterion': 'friedman_mse', 'init': None, 'learning_rate': 0.1, 'loss': 'log_loss', 'max_depth': 3, 'max_features': None, 'max_leaf_nodes': None, 'min_impurity_decrease': 0.0, 'min_samples_leaf': 1, 'min_samples_split': 2, 'min_weight_fraction_leaf': 0.0, 'n_estimators': 100, 'n_iter_no_change': None, 'random_state': 456, 'subsample': 1.0, 'tol': 0.0001, 'validation_fraction': 0.1, 'verbose': 0, 'warm_start': False}",0.8372093023255814,0.7937984496124031,0.7757575757575758,0.7780126849894291,0.7603305785123967,0.8372093023255814,0.8181818181818182,0.8372093023255814,0.9224806201550387,1.0,1.0,1.0,0.8372093023255814,0.6031746031746031,0.5623392480535337,0.5367783731420094,0.5575963718820862,0.5322510822510822,0.6031746031746031,0.5757575757575757,0.6031746031746031,0.7777777777777778,0.9365079365079365,1.0,1.0,0.6031746031746031
KNN,FI_vs_T,456,False,True,experiment_results_statistical_IL_top_10_video_2025-08-14_220927_early_stop/knn_FI_vs_T_2025-08-14_220927_seed456_early_stop.pkl,"{'algorithm': 'auto', 'leaf_size': 30, 'metric': 'minkowski', 'metric_params': None, 'n_jobs': -1, 'n_neighbors': 5, 'p': 2, 'weights': 'uniform'}",0.5503875968992248,0.5263107777408766,0.5174355889089433,0.5679148241232675,0.5569456535256808,0.5503875968992248,0.5454545454545455,0.5503875968992248,0.8372093023255814,0.8914728682170543,0.9069767441860465,0.9069767441860465,0.49612403100775193,0.49206349206349204,0.4529621747013052,0.43896060022542227,0.45923406399596883,0.44256854256854256,0.49206349206349204,0.4848484848484848,0.49206349206349204,0.7619047619047619,0.7936507936507936,0.8095238095238095,0.8095238095238095,0.4444444444444444
LogisticRegression,FI_vs_T,456,False,True,experiment_results_statistical_IL_top_10_video_2025-08-14_220927_early_stop/logisticregression_FI_vs_T_2025-08-14_220927_seed456_early_stop.pkl,"{'C': 1.0, 'class_weight': None, 'dual': False, 'fit_intercept': True, 'intercept_scaling': 1, 'l1_ratio': None, 'max_iter': 100, 'multi_class': 'deprecated', 'n_jobs': -1, 'penalty': 'l2', 'random_state': 456, 'solver': 'lbfgs', 'tol': 0.0001, 'verbose': 0, 'warm_start': False}",0.27906976744186046,0.2648270945700566,0.2588082969661917,0.43559104061729714,0.42569124423963134,0.27906976744186046,0.2727272727272727,0.27906976744186046,0.5426356589147286,0.7441860465116279,0.7751937984496124,0.7906976744186046,0.27906976744186046,0.23809523809523808,0.19205858389531857,0.18332864826371323,0.2244001476559616,0.214200140944327,0.23809523809523808,0.22727272727272727,0.23809523809523808,0.47619047619047616,0.6349206349206349,0.6825396825396826,0.746031746031746,0.23809523809523808
RandomForest,FT_vs_I,42,True,True,experiment_results_statistical_IL_top_10_video_2025-08-14_220927_early_stop/randomforest_FT_vs_I_2025-08-14_220927_seed42_early_stop.pkl,"{'bootstrap': True, 'max_depth': 10, 'max_features': 'log2', 'min_samples_leaf': 1, 'min_samples_split': 2, 'n_estimators': 300}",0.8503937007874016,0.8086431056583043,0.7780126849894292,0.7924815849631699,0.7624633431085044,0.8503937007874016,0.8181818181818182,0.8503937007874016,0.937007874015748,1.0,1.0,1.0,0.8503937007874016,0.6615384615384615,0.6129956999522217,0.603707886316582,0.605656108597285,0.5964795008912657,0.6615384615384615,0.6515151515151515,0.6615384615384615,0.9076923076923077,1.0,1.0,1.0,0.6615384615384615
XGBoost,FT_vs_I,42,True,True,experiment_results_statistical_IL_top_10_video_2025-08-14_220927_early_stop/xgboost_FT_vs_I_2025-08-14_220927_seed42_early_stop.pkl,"{'colsample_bytree': 0.8, 'device': 'cpu', 'learning_rate': 0.05, 'max_depth': 4, 'n_estimators': 1000, 'reg_lambda': 1, 'subsample': 0.8}",0.8503937007874016,0.8086431056583043,0.7780126849894292,0.7924815849631699,0.7624633431085044,0.8503937007874016,0.8181818181818182,0.8503937007874016,0.937007874015748,1.0,1.0,1.0,0.8503937007874016,0.5692307692307692,0.5169428007889546,0.5091103341103341,0.5208791208791209,0.512987012987013,0.5692307692307692,0.5606060606060606,0.5692307692307692,0.8615384615384616,0.9846153846153847,1.0,1.0,0.5692307692307692
CatBoost,FT_vs_I,42,True,True,experiment_results_statistical_IL_top_10_video_2025-08-14_220927_early_stop/catboost_FT_vs_I_2025-08-14_220927_seed42_early_stop.pkl,"{'border_count': 32, 'depth': 4, 'iterations': 1000, 'l2_leaf_reg': 3, 'learning_rate': 0.05}",0.8503937007874016,0.8086431056583043,0.7780126849894292,0.7924815849631699,0.7624633431085044,0.8503937007874016,0.8181818181818182,0.8503937007874016,0.937007874015748,1.0,1.0,1.0,0.8503937007874016,0.6307692307692307,0.5857429526994744,0.5768680594767551,0.5787330316742081,0.5699643493761141,0.6307692307692307,0.6212121212121212,0.6307692307692307,0.8923076923076924,1.0,1.0,1.0,0.6307692307692307
SVM,FT_vs_I,42,True,True,experiment_results_statistical_IL_top_10_video_2025-08-14_220927_early_stop/svm_FT_vs_I_2025-08-14_220927_seed42_early_stop.pkl,"{'C': 1, 'decision_function_shape': 'ovo', 'gamma': 'scale', 'kernel': 'rbf'}",0.7244094488188977,0.67221144993785,0.6467488950159618,0.7011387518051689,0.6745804657519429,0.7244094488188977,0.696969696969697,0.48031496062992124,0.7007874015748031,1.0,1.0,1.0,0.48031496062992124,0.49230769230769234,0.402843636002007,0.39673994454743117,0.3915473999684526,0.3856148636052943,0.49230769230769234,0.4848484848484849,0.4461538461538462,0.7384615384615385,0.9076923076923077,0.9538461538461539,0.9846153846153847,0.4461538461538462
MLP,FT_vs_I,42,True,True,experiment_results_statistical_IL_top_10_video_2025-08-14_220927_early_stop/mlp_FT_vs_I_2025-08-14_220927_seed42_early_stop.pkl,"{'activation': 'tanh', 'alpha': 0.0001, 'batch_size': 1, 'early_stopping': True, 'hidden_layer_sizes': [50], 'learning_rate': 'constant', 'learning_rate_init': 0.01, 'max_iter': 2000, 'solver': 'adam'}",0.09448818897637795,0.016314507449158782,0.015696533682145193,0.008928017856035713,0.008589835361488905,0.09448818897637795,0.09090909090909091,0.09448818897637795,0.1889763779527559,0.28346456692913385,0.3779527559055118,0.47244094488188976,0.09448818897637795,0.09230769230769231,0.015601300108342361,0.015364916773367477,0.008520710059171599,0.008391608391608392,0.09230769230769231,0.09090909090909091,0.09230769230769231,0.18461538461538463,0.27692307692307694,0.36923076923076925,0.46153846153846156,0.09230769230769231
NaiveBayes,FT_vs_I,42,False,True,experiment_results_statistical_IL_top_10_video_2025-08-14_220927_early_stop/naivebayes_FT_vs_I_2025-08-14_220927_seed42_early_stop.pkl,"{'priors': None, 'var_smoothing': 1e-09}",0.7874015748031497,0.7461563892859323,0.7178928896917683,0.7366067511355803,0.7087049802592325,0.7874015748031497,0.7575757575757577,0.7874015748031497,0.937007874015748,1.0,1.0,1.0,0.7874015748031497,0.5384615384615384,0.48409383258881594,0.47675907754959135,0.47096746390864036,0.463831593243358,0.5384615384615384,0.5303030303030302,0.5384615384615384,0.7538461538461538,0.8769230769230769,0.9076923076923077,0.9538461538461539,0.5384615384615384
LightGBM,FT_vs_I,42,False,True,experiment_results_statistical_IL_top_10_video_2025-08-14_220927_early_stop/lightgbm_FT_vs_I_2025-08-14_220927_seed42_early_stop.pkl,"{'boosting_type': 'gbdt', 'class_weight': None, 'colsample_bytree': 1.0, 'importance_type': 'split', 'learning_rate': 0.1, 'max_depth': -1, 'min_child_samples': 20, 'min_child_weight': 0.001, 'min_split_gain': 0.0, 'n_estimators': 100, 'n_jobs': -1, 'num_leaves': 31, 'objective': None, 'random_state': 42, 'reg_alpha': 0.0, 'reg_lambda': 0.0, 'subsample': 1.0, 'subsample_for_bin': 200000, 'subsample_freq': 0, 'verbose': -1}",0.8503937007874016,0.8086431056583043,0.7780126849894292,0.7924815849631699,0.7624633431085044,0.8503937007874016,0.8181818181818182,0.8503937007874016,0.937007874015748,1.0,1.0,1.0,0.8503937007874016,0.5384615384615384,0.49011501319193623,0.4826890281435736,0.4912087912087912,0.48376623376623373,0.5384615384615384,0.5303030303030303,0.5384615384615384,0.7538461538461538,0.8769230769230769,0.8769230769230769,0.9692307692307692,0.5384615384615384
ExtraTrees,FT_vs_I,42,False,True,experiment_results_statistical_IL_top_10_video_2025-08-14_220927_early_stop/extratrees_FT_vs_I_2025-08-14_220927_seed42_early_stop.pkl,"{'bootstrap': False, 'ccp_alpha': 0.0, 'class_weight': None, 'criterion': 'gini', 'max_depth': None, 'max_features': 'sqrt', 'max_leaf_nodes': None, 'max_samples': None, 'min_impurity_decrease': 0.0, 'min_samples_leaf': 1, 'min_samples_split': 2, 'min_weight_fraction_leaf': 0.0, 'monotonic_cst': None, 'n_estimators': 100, 'n_jobs': -1, 'oob_score': False, 'random_state': 42, 'verbose': 0, 'warm_start': False}",0.8503937007874016,0.8086431056583043,0.7780126849894292,0.7924815849631699,0.7624633431085044,0.8503937007874016,0.8181818181818182,0.8503937007874016,0.937007874015748,1.0,1.0,1.0,0.8503937007874016,0.6307692307692307,0.5828458498023715,0.5740148520780932,0.5905279034690799,0.5815805109922757,0.6307692307692307,0.6212121212121212,0.6307692307692307,0.8769230769230769,1.0,1.0,1.0,0.6307692307692307
GradientBoosting,FT_vs_I,42,False,True,experiment_results_statistical_IL_top_10_video_2025-08-14_220927_early_stop/gradientboosting_FT_vs_I_2025-08-14_220927_seed42_early_stop.pkl,"{'ccp_alpha': 0.0, 'criterion': 'friedman_mse', 'init': None, 'learning_rate': 0.1, 'loss': 'log_loss', 'max_depth': 3, 'max_features': None, 'max_leaf_nodes': None, 'min_impurity_decrease': 0.0, 'min_samples_leaf': 1, 'min_samples_split': 2, 'min_weight_fraction_leaf': 0.0, 'n_estimators': 100, 'n_iter_no_change': None, 'random_state': 42, 'subsample': 1.0, 'tol': 0.0001, 'validation_fraction': 0.1, 'verbose': 0, 'warm_start': False}",0.8503937007874016,0.8086431056583043,0.7780126849894292,0.7924815849631699,0.7624633431085044,0.8503937007874016,0.8181818181818182,0.8503937007874016,0.937007874015748,1.0,1.0,1.0,0.8503937007874016,0.5076923076923077,0.45383874354830167,0.44696239894908507,0.4518184078365074,0.44497267438443905,0.5076923076923077,0.5,0.5076923076923077,0.7230769230769231,0.8923076923076924,0.9230769230769231,0.9538461538461539,0.5076923076923077
KNN,FT_vs_I,42,False,True,experiment_results_statistical_IL_top_10_video_2025-08-14_220927_early_stop/knn_FT_vs_I_2025-08-14_220927_seed42_early_stop.pkl,"{'algorithm': 'auto', 'leaf_size': 30, 'metric': 'minkowski', 'metric_params': None, 'n_jobs': -1, 'n_neighbors': 5, 'p': 2, 'weights': 'uniform'}",0.5275590551181102,0.49555384083191045,0.4801161953458532,0.523293720329385,0.5056087406354787,0.5275590551181102,0.5151515151515151,0.5511811023622047,0.7795275590551181,0.8818897637795275,0.905511811023622,0.905511811023622,0.49606299212598426,0.4,0.3722754168908015,0.37204613568249933,0.42287625418060204,0.4197628458498024,0.4,0.4090909090909091,0.3384615384615385,0.7230769230769231,0.7538461538461538,0.8153846153846154,0.8307692307692308,0.3076923076923077
LogisticRegression,FT_vs_I,42,False,True,experiment_results_statistical_IL_top_10_video_2025-08-14_220927_early_stop/logisticregression_FT_vs_I_2025-08-14_220927_seed42_early_stop.pkl,"{'C': 1.0, 'class_weight': None, 'dual': False, 'fit_intercept': True, 'intercept_scaling': 1, 'l1_ratio': None, 'max_iter': 100, 'multi_class': 'deprecated', 'n_jobs': -1, 'penalty': 'l2', 'random_state': 42, 'solver': 'lbfgs', 'tol': 0.0001, 'verbose': 0, 'warm_start': False}",0.3779527559055118,0.29908643102445487,0.28775739954625584,0.43045392237269575,0.41414884955554815,0.3779527559055118,0.36363636363636365,0.3779527559055118,0.6299212598425197,0.7952755905511811,0.8188976377952756,0.8346456692913385,0.3779527559055118,0.3076923076923077,0.23437615016562388,0.2308249963752356,0.25896449704142016,0.25504079254079254,0.3076923076923077,0.30303030303030304,0.3076923076923077,0.5538461538461539,0.7384615384615385,0.7692307692307693,0.8153846153846154,0.3076923076923077
RandomForest,FT_vs_I,123,True,True,experiment_results_statistical_IL_top_10_video_2025-08-14_220927_early_stop/randomforest_FT_vs_I_2025-08-14_220927_seed123_early_stop.pkl,"{'bootstrap': True, 'max_depth': 10, 'max_features': 'log2', 'min_samples_leaf': 2, 'min_samples_split': 10, 'n_estimators': 300}",0.8503937007874016,0.8086431056583043,0.7780126849894292,0.7924815849631699,0.7624633431085044,0.8503937007874016,0.8181818181818182,0.8503937007874016,0.937007874015748,1.0,1.0,1.0,0.8503937007874016,0.6461538461538462,0.5997151343639637,0.5906285414190552,0.6029088558500323,0.593773873185638,0.6461538461538462,0.6363636363636364,0.6461538461538462,0.8923076923076924,1.0,1.0,1.0,0.6461538461538462
XGBoost,FT_vs_I,123,True,True,experiment_results_statistical_IL_top_10_video_2025-08-14_220927_early_stop/xgboost_FT_vs_I_2025-08-14_220927_seed123_early_stop.pkl,"{'colsample_bytree': 0.8, 'device': 'cpu', 'learning_rate': 0.05, 'max_depth': 4, 'n_estimators': 1000, 'reg_lambda': 3, 'subsample': 0.8}",0.8503937007874016,0.8086431056583043,0.7780126849894292,0.7924815849631699,0.7624633431085044,0.8503937007874016,0.8181818181818182,0.8503937007874016,0.937007874015748,1.0,1.0,1.0,0.8503937007874016,0.6153846153846154,0.5649232818463586,0.55636383818202,0.5701831501831502,0.5615440115440116,0.6153846153846154,0.606060606060606,0.6153846153846154,0.8461538461538461,0.9846153846153847,1.0,1.0,0.6153846153846154
CatBoost,FT_vs_I,123,True,True,experiment_results_statistical_IL_top_10_video_2025-08-14_220927_early_stop/catboost_FT_vs_I_2025-08-14_220927_seed123_early_stop.pkl,"{'border_count': 32, 'depth': 4, 'iterations': 1000, 'l2_leaf_reg': 5, 'learning_rate': 0.1}",0.8503937007874016,0.8086431056583043,0.7780126849894292,0.7924815849631699,0.7624633431085044,0.8503937007874016,0.8181818181818182,0.8503937007874016,0.937007874015748,1.0,1.0,1.0,0.8503937007874016,0.6153846153846154,0.5761679123552033,0.5674380955013366,0.5765352294764059,0.5677998472116119,0.6153846153846154,0.6060606060606061,0.6153846153846154,0.8923076923076924,1.0,1.0,1.0,0.6153846153846154
SVM,FT_vs_I,123,True,True,experiment_results_statistical_IL_top_10_video_2025-08-14_220927_early_stop/svm_FT_vs_I_2025-08-14_220927_seed123_early_stop.pkl,"{'C': 1, 'decision_function_shape': 'ovo', 'gamma': 'scale', 'kernel': 'rbf'}",0.7244094488188977,0.67221144993785,0.6467488950159618,0.7011387518051689,0.6745804657519429,0.7244094488188977,0.696969696969697,0.5039370078740157,0.6929133858267716,0.984251968503937,1.0,1.0,0.5039370078740157,0.49230769230769234,0.402843636002007,0.39673994454743117,0.3915473999684526,0.3856148636052943,0.49230769230769234,0.4848484848484849,0.46153846153846156,0.676923076923077,0.9076923076923077,0.9538461538461539,0.9846153846153847,0.46153846153846156
MLP,FT_vs_I,123,True,True,experiment_results_statistical_IL_top_10_video_2025-08-14_220927_early_stop/mlp_FT_vs_I_2025-08-14_220927_seed123_early_stop.pkl,"{'activation': 'tanh', 'alpha': 0.0001, 'batch_size': 16, 'early_stopping': True, 'hidden_layer_sizes': [50], 'learning_rate': 'constant', 'learning_rate_init': 0.01, 'max_iter': 2000, 'solver': 'adam'}",0.09448818897637795,0.016314507449158782,0.015696533682145193,0.008928017856035713,0.008589835361488905,0.09448818897637795,0.09090909090909091,0.09448818897637795,0.1889763779527559,0.28346456692913385,0.3779527559055118,0.4645669291338583,0.09448818897637795,0.09230769230769231,0.015601300108342361,0.015364916773367477,0.008520710059171599,0.008391608391608392,0.09230769230769231,0.09090909090909091,0.09230769230769231,0.18461538461538463,0.27692307692307694,0.36923076923076925,0.4461538461538462,0.09230769230769231
NaiveBayes,FT_vs_I,123,False,True,experiment_results_statistical_IL_top_10_video_2025-08-14_220927_early_stop/naivebayes_FT_vs_I_2025-08-14_220927_seed123_early_stop.pkl,"{'priors': None, 'var_smoothing': 1e-09}",0.7874015748031497,0.7461563892859323,0.7178928896917683,0.7366067511355803,0.7087049802592325,0.7874015748031497,0.7575757575757577,0.7874015748031497,0.937007874015748,1.0,1.0,1.0,0.7874015748031497,0.5384615384615384,0.48409383258881594,0.47675907754959135,0.47096746390864036,0.463831593243358,0.5384615384615384,0.5303030303030302,0.5384615384615384,0.7538461538461538,0.8769230769230769,0.9076923076923077,0.9538461538461539,0.5384615384615384
LightGBM,FT_vs_I,123,False,True,experiment_results_statistical_IL_top_10_video_2025-08-14_220927_early_stop/lightgbm_FT_vs_I_2025-08-14_220927_seed123_early_stop.pkl,"{'boosting_type': 'gbdt', 'class_weight': None, 'colsample_bytree': 1.0, 'importance_type': 'split', 'learning_rate': 0.1, 'max_depth': -1, 'min_child_samples': 20, 'min_child_weight': 0.001, 'min_split_gain': 0.0, 'n_estimators': 100, 'n_jobs': -1, 'num_leaves': 31, 'objective': None, 'random_state': 123, 'reg_alpha': 0.0, 'reg_lambda': 0.0, 'subsample': 1.0, 'subsample_for_bin': 200000, 'subsample_freq': 0, 'verbose': -1}",0.8503937007874016,0.8086431056583043,0.7780126849894292,0.7924815849631699,0.7624633431085044,0.8503937007874016,0.8181818181818182,0.8503937007874016,0.937007874015748,1.0,1.0,1.0,0.8503937007874016,0.5384615384615384,0.49011501319193623,0.4826890281435736,0.4912087912087912,0.48376623376623373,0.5384615384615384,0.5303030303030303,0.5384615384615384,0.7538461538461538,0.8769230769230769,0.8769230769230769,0.9692307692307692,0.5384615384615384
ExtraTrees,FT_vs_I,123,False,True,experiment_results_statistical_IL_top_10_video_2025-08-14_220927_early_stop/extratrees_FT_vs_I_2025-08-14_220927_seed123_early_stop.pkl,"{'bootstrap': False, 'ccp_alpha': 0.0, 'class_weight': None, 'criterion': 'gini', 'max_depth': None, 'max_features': 'sqrt', 'max_leaf_nodes': None, 'max_samples': None, 'min_impurity_decrease': 0.0, 'min_samples_leaf': 1, 'min_samples_split': 2, 'min_weight_fraction_leaf': 0.0, 'monotonic_cst': None, 'n_estimators': 100, 'n_jobs': -1, 'oob_score': False, 'random_state': 123, 'verbose': 0, 'warm_start': False}",0.8503937007874016,0.8086431056583043,0.7780126849894292,0.7924815849631699,0.7624633431085044,0.8503937007874016,0.8181818181818182,0.8503937007874016,0.937007874015748,1.0,1.0,1.0,0.8503937007874016,0.5846153846153846,0.5384868754433971,0.5303279833912244,0.5402714932126697,0.5320855614973262,0.5846153846153846,0.5757575757575757,0.5846153846153846,0.8615384615384616,1.0,1.0,1.0,0.5846153846153846
GradientBoosting,FT_vs_I,123,False,True,experiment_results_statistical_IL_top_10_video_2025-08-14_220927_early_stop/gradientboosting_FT_vs_I_2025-08-14_220927_seed123_early_stop.pkl,"{'ccp_alpha': 0.0, 'criterion': 'friedman_mse', 'init': None, 'learning_rate': 0.1, 'loss': 'log_loss', 'max_depth': 3, 'max_features': None, 'max_leaf_nodes': None, 'min_impurity_decrease': 0.0, 'min_samples_leaf': 1, 'min_samples_split': 2, 'min_weight_fraction_leaf': 0.0, 'n_estimators': 100, 'n_iter_no_change': None, 'random_state': 123, 'subsample': 1.0, 'tol': 0.0001, 'validation_fraction': 0.1, 'verbose': 0, 'warm_start': False}",0.8503937007874016,0.8086431056583043,0.7780126849894292,0.7924815849631699,0.7624633431085044,0.8503937007874016,0.8181818181818182,0.8503937007874016,0.937007874015748,1.0,1.0,1.0,0.8503937007874016,0.5230769230769231,0.46711852250313785,0.46004096913187825,0.46219780219780215,0.4551948051948052,0.5230769230769231,0.5151515151515151,0.5230769230769231,0.7076923076923077,0.8769230769230769,0.9230769230769231,0.9538461538461539,0.5230769230769231
KNN,FT_vs_I,123,False,True,experiment_results_statistical_IL_top_10_video_2025-08-14_220927_early_stop/knn_FT_vs_I_2025-08-14_220927_seed123_early_stop.pkl,"{'algorithm': 'auto', 'leaf_size': 30, 'metric': 'minkowski', 'metric_params': None, 'n_jobs': -1, 'n_neighbors': 5, 'p': 2, 'weights': 'uniform'}",0.5275590551181102,0.49555384083191045,0.4801161953458532,0.523293720329385,0.5056087406354787,0.5275590551181102,0.5151515151515151,0.5511811023622047,0.7795275590551181,0.8818897637795275,0.905511811023622,0.905511811023622,0.49606299212598426,0.4,0.3722754168908015,0.37204613568249933,0.42287625418060204,0.4197628458498024,0.4,0.4090909090909091,0.3384615384615385,0.7230769230769231,0.7538461538461538,0.8153846153846154,0.8307692307692308,0.3076923076923077
LogisticRegression,FT_vs_I,123,False,True,experiment_results_statistical_IL_top_10_video_2025-08-14_220927_early_stop/logisticregression_FT_vs_I_2025-08-14_220927_seed123_early_stop.pkl,"{'C': 1.0, 'class_weight': None, 'dual': False, 'fit_intercept': True, 'intercept_scaling': 1, 'l1_ratio': None, 'max_iter': 100, 'multi_class': 'deprecated', 'n_jobs': -1, 'penalty': 'l2', 'random_state': 123, 'solver': 'lbfgs', 'tol': 0.0001, 'verbose': 0, 'warm_start': False}",0.3779527559055118,0.29908643102445487,0.28775739954625584,0.43045392237269575,0.41414884955554815,0.3779527559055118,0.36363636363636365,0.3779527559055118,0.6299212598425197,0.7952755905511811,0.8188976377952756,0.8346456692913385,0.3779527559055118,0.3076923076923077,0.23437615016562388,0.2308249963752356,0.25896449704142016,0.25504079254079254,0.3076923076923077,0.30303030303030304,0.3076923076923077,0.5538461538461539,0.7384615384615385,0.7692307692307693,0.8153846153846154,0.3076923076923077
RandomForest,FT_vs_I,456,True,True,experiment_results_statistical_IL_top_10_video_2025-08-14_220927_early_stop/randomforest_FT_vs_I_2025-08-14_220927_seed456_early_stop.pkl,"{'bootstrap': False, 'max_depth': 10, 'max_features': 'sqrt', 'min_samples_leaf': 2, 'min_samples_split': 10, 'n_estimators': 100}",0.8503937007874016,0.8086431056583043,0.7780126849894292,0.7924815849631699,0.7624633431085044,0.8503937007874016,0.8181818181818182,0.8503937007874016,0.937007874015748,1.0,1.0,1.0,0.8503937007874016,0.6461538461538462,0.6036050905616122,0.5944595588864364,0.5948868778280544,0.585873440285205,0.6461538461538462,0.6363636363636364,0.6461538461538462,0.8769230769230769,1.0,1.0,1.0,0.6461538461538462
XGBoost,FT_vs_I,456,True,True,experiment_results_statistical_IL_top_10_video_2025-08-14_220927_early_stop/xgboost_FT_vs_I_2025-08-14_220927_seed456_early_stop.pkl,"{'colsample_bytree': 1.0, 'device': 'cpu', 'learning_rate': 0.05, 'max_depth': 4, 'n_estimators': 1000, 'reg_lambda': 3, 'subsample': 0.8}",0.8503937007874016,0.8086431056583043,0.7780126849894292,0.7924815849631699,0.7624633431085044,0.8503937007874016,0.8181818181818182,0.8503937007874016,0.937007874015748,1.0,1.0,1.0,0.8503937007874016,0.5846153846153846,0.5251615051615052,0.5172045126590581,0.5346153846153846,0.5265151515151515,0.5846153846153846,0.5757575757575757,0.5846153846153846,0.8615384615384616,0.9846153846153847,1.0,1.0,0.5846153846153846
CatBoost,FT_vs_I,456,True,True,experiment_results_statistical_IL_top_10_video_2025-08-14_220927_early_stop/catboost_FT_vs_I_2025-08-14_220927_seed456_early_stop.pkl,"{'border_count': 32, 'depth': 6, 'iterations': 1000, 'l2_leaf_reg': 1, 'learning_rate': 0.1}",0.8503937007874016,0.8086431056583043,0.7780126849894292,0.7924815849631699,0.7624633431085044,0.8503937007874016,0.8181818181818182,0.8503937007874016,0.937007874015748,1.0,1.0,1.0,0.8503937007874016,0.6461538461538462,0.6059227728792946,0.5967421248053659,0.6040077569489335,0.5948561242678889,0.6461538461538462,0.6363636363636364,0.6461538461538462,0.8923076923076924,1.0,1.0,1.0,0.6461538461538462
SVM,FT_vs_I,456,True,True,experiment_results_statistical_IL_top_10_video_2025-08-14_220927_early_stop/svm_FT_vs_I_2025-08-14_220927_seed456_early_stop.pkl,"{'C': 1, 'decision_function_shape': 'ovo', 'gamma': 'scale', 'kernel': 'rbf'}",0.7244094488188977,0.67221144993785,0.6467488950159618,0.7011387518051689,0.6745804657519429,0.7244094488188977,0.696969696969697,0.49606299212598426,0.7007874015748031,0.984251968503937,1.0,1.0,0.49606299212598426,0.49230769230769234,0.402843636002007,0.39673994454743117,0.3915473999684526,0.3856148636052943,0.49230769230769234,0.4848484848484849,0.46153846153846156,0.7076923076923077,0.9076923076923077,0.9538461538461539,0.9846153846153847,0.46153846153846156
MLP,FT_vs_I,456,True,True,experiment_results_statistical_IL_top_10_video_2025-08-14_220927_early_stop/mlp_FT_vs_I_2025-08-14_220927_seed456_early_stop.pkl,"{'activation': 'relu', 'alpha': 0.0001, 'batch_size': 36, 'early_stopping': True, 'hidden_layer_sizes': [50], 'learning_rate': 'constant', 'learning_rate_init': 0.001, 'max_iter': 2000, 'solver': 'adam'}",0.09448818897637795,0.016314507449158782,0.015696533682145193,0.008928017856035713,0.008589835361488905,0.09448818897637795,0.09090909090909091,0.09448818897637795,0.18110236220472442,0.2755905511811024,0.3700787401574803,0.4645669291338583,0.09448818897637795,0.09230769230769231,0.015601300108342361,0.015364916773367477,0.008520710059171599,0.008391608391608392,0.09230769230769231,0.09090909090909091,0.09230769230769231,0.16923076923076924,0.26153846153846155,0.35384615384615387,0.4461538461538462,0.09230769230769231
NaiveBayes,FT_vs_I,456,False,True,experiment_results_statistical_IL_top_10_video_2025-08-14_220927_early_stop/naivebayes_FT_vs_I_2025-08-14_220927_seed456_early_stop.pkl,"{'priors': None, 'var_smoothing': 1e-09}",0.7874015748031497,0.7461563892859323,0.7178928896917683,0.7366067511355803,0.7087049802592325,0.7874015748031497,0.7575757575757577,0.7874015748031497,0.937007874015748,1.0,1.0,1.0,0.7874015748031497,0.5384615384615384,0.48409383258881594,0.47675907754959135,0.47096746390864036,0.463831593243358,0.5384615384615384,0.5303030303030302,0.5384615384615384,0.7538461538461538,0.8769230769230769,0.9076923076923077,0.9538461538461539,0.5384615384615384
LightGBM,FT_vs_I,456,False,True,experiment_results_statistical_IL_top_10_video_2025-08-14_220927_early_stop/lightgbm_FT_vs_I_2025-08-14_220927_seed456_early_stop.pkl,"{'boosting_type': 'gbdt', 'class_weight': None, 'colsample_bytree': 1.0, 'importance_type': 'split', 'learning_rate': 0.1, 'max_depth': -1, 'min_child_samples': 20, 'min_child_weight': 0.001, 'min_split_gain': 0.0, 'n_estimators': 100, 'n_jobs': -1, 'num_leaves': 31, 'objective': None, 'random_state': 456, 'reg_alpha': 0.0, 'reg_lambda': 0.0, 'subsample': 1.0, 'subsample_for_bin': 200000, 'subsample_freq': 0, 'verbose': -1}",0.8503937007874016,0.8086431056583043,0.7780126849894292,0.7924815849631699,0.7624633431085044,0.8503937007874016,0.8181818181818182,0.8503937007874016,0.937007874015748,1.0,1.0,1.0,0.8503937007874016,0.5384615384615384,0.49011501319193623,0.4826890281435736,0.4912087912087912,0.48376623376623373,0.5384615384615384,0.5303030303030303,0.5384615384615384,0.7538461538461538,0.8769230769230769,0.8769230769230769,0.9692307692307692,0.5384615384615384
ExtraTrees,FT_vs_I,456,False,True,experiment_results_statistical_IL_top_10_video_2025-08-14_220927_early_stop/extratrees_FT_vs_I_2025-08-14_220927_seed456_early_stop.pkl,"{'bootstrap': False, 'ccp_alpha': 0.0, 'class_weight': None, 'criterion': 'gini', 'max_depth': None, 'max_features': 'sqrt', 'max_leaf_nodes': None, 'max_samples': None, 'min_impurity_decrease': 0.0, 'min_samples_leaf': 1, 'min_samples_split': 2, 'min_weight_fraction_leaf': 0.0, 'monotonic_cst': None, 'n_estimators': 100, 'n_jobs': -1, 'oob_score': False, 'random_state': 456, 'verbose': 0, 'warm_start': False}",0.8503937007874016,0.8086431056583043,0.7780126849894292,0.7924815849631699,0.7624633431085044,0.8503937007874016,0.8181818181818182,0.8503937007874016,0.937007874015748,1.0,1.0,1.0,0.8503937007874016,0.5230769230769231,0.4829964684145286,0.47567834010521753,0.47895281189398836,0.4716959511077157,0.5230769230769231,0.5151515151515151,0.5384615384615384,0.8461538461538461,1.0,1.0,1.0,0.5230769230769231
GradientBoosting,FT_vs_I,456,False,True,experiment_results_statistical_IL_top_10_video_2025-08-14_220927_early_stop/gradientboosting_FT_vs_I_2025-08-14_220927_seed456_early_stop.pkl,"{'ccp_alpha': 0.0, 'criterion': 'friedman_mse', 'init': None, 'learning_rate': 0.1, 'loss': 'log_loss', 'max_depth': 3, 'max_features': None, 'max_leaf_nodes': None, 'min_impurity_decrease': 0.0, 'min_samples_leaf': 1, 'min_samples_split': 2, 'min_weight_fraction_leaf': 0.0, 'n_estimators': 100, 'n_iter_no_change': None, 'random_state': 456, 'subsample': 1.0, 'tol': 0.0001, 'validation_fraction': 0.1, 'verbose': 0, 'warm_start': False}",0.8503937007874016,0.8086431056583043,0.7780126849894292,0.7924815849631699,0.7624633431085044,0.8503937007874016,0.8181818181818182,0.8503937007874016,0.937007874015748,1.0,1.0,1.0,0.8503937007874016,0.5230769230769231,0.46852203127506775,0.4614232126193849,0.4746238377007608,0.46743256743256745,0.5230769230769231,0.5151515151515151,0.5230769230769231,0.7230769230769231,0.8769230769230769,0.9230769230769231,0.9538461538461539,0.5230769230769231
KNN,FT_vs_I,456,False,True,experiment_results_statistical_IL_top_10_video_2025-08-14_220927_early_stop/knn_FT_vs_I_2025-08-14_220927_seed456_early_stop.pkl,"{'algorithm': 'auto', 'leaf_size': 30, 'metric': 'minkowski', 'metric_params': None, 'n_jobs': -1, 'n_neighbors': 5, 'p': 2, 'weights': 'uniform'}",0.5275590551181102,0.49555384083191045,0.4801161953458532,0.523293720329385,0.5056087406354787,0.5275590551181102,0.5151515151515151,0.5511811023622047,0.7795275590551181,0.8818897637795275,0.905511811023622,0.905511811023622,0.49606299212598426,0.4,0.3722754168908015,0.37204613568249933,0.42287625418060204,0.4197628458498024,0.4,0.4090909090909091,0.3384615384615385,0.7230769230769231,0.7538461538461538,0.8153846153846154,0.8307692307692308,0.3076923076923077
LogisticRegression,FT_vs_I,456,False,True,experiment_results_statistical_IL_top_10_video_2025-08-14_220927_early_stop/logisticregression_FT_vs_I_2025-08-14_220927_seed456_early_stop.pkl,"{'C': 1.0, 'class_weight': None, 'dual': False, 'fit_intercept': True, 'intercept_scaling': 1, 'l1_ratio': None, 'max_iter': 100, 'multi_class': 'deprecated', 'n_jobs': -1, 'penalty': 'l2', 'random_state': 456, 'solver': 'lbfgs', 'tol': 0.0001, 'verbose': 0, 'warm_start': False}",0.3779527559055118,0.29908643102445487,0.28775739954625584,0.43045392237269575,0.41414884955554815,0.3779527559055118,0.36363636363636365,0.3779527559055118,0.6299212598425197,0.7952755905511811,0.8188976377952756,0.8346456692913385,0.3779527559055118,0.3076923076923077,0.23437615016562388,0.2308249963752356,0.25896449704142016,0.25504079254079254,0.3076923076923077,0.30303030303030304,0.3076923076923077,0.5538461538461539,0.7384615384615385,0.7692307692307693,0.8153846153846154,0.3076923076923077
RandomForest,IT_vs_F,42,True,True,experiment_results_statistical_IL_top_10_video_2025-08-14_220927_early_stop/randomforest_IT_vs_F_2025-08-14_220927_seed42_early_stop.pkl,"{'bootstrap': True, 'max_depth': 10, 'max_features': 'log2', 'min_samples_leaf': 1, 'min_samples_split': 2, 'n_estimators': 100}",0.84375,0.8011363636363636,0.7768595041322314,0.78515625,0.7613636363636364,0.84375,0.8181818181818182,0.84375,0.921875,1.0,1.0,1.0,0.84375,0.609375,0.5587459415584416,0.5418142463597009,0.5666666666666667,0.5494949494949495,0.609375,0.5909090909090908,0.609375,0.828125,0.921875,0.984375,0.984375,0.609375
XGBoost,IT_vs_F,42,True,True,experiment_results_statistical_IL_top_10_video_2025-08-14_220927_early_stop/xgboost_IT_vs_F_2025-08-14_220927_seed42_early_stop.pkl,"{'colsample_bytree': 0.8, 'device': 'cpu', 'learning_rate': 0.05, 'max_depth': 4, 'n_estimators': 1000, 'reg_lambda': 1, 'subsample': 0.8}",0.84375,0.8011363636363636,0.7768595041322314,0.78515625,0.7613636363636364,0.84375,0.8181818181818182,0.84375,0.921875,1.0,1.0,1.0,0.84375,0.609375,0.5661695075757576,0.5490128558310375,0.56953125,0.5522727272727272,0.609375,0.5909090909090908,0.609375,0.828125,0.96875,0.96875,0.96875,0.609375
CatBoost,IT_vs_F,42,True,True,experiment_results_statistical_IL_top_10_video_2025-08-14_220927_early_stop/catboost_IT_vs_F_2025-08-14_220927_seed42_early_stop.pkl,"{'border_count': 32, 'depth': 6, 'iterations': 1000, 'l2_leaf_reg': 1, 'learning_rate': 0.05}",0.84375,0.8011363636363636,0.7768595041322314,0.78515625,0.7613636363636364,0.84375,0.8181818181818182,0.84375,0.921875,1.0,1.0,1.0,0.84375,0.546875,0.49372294372294373,0.4787616423980061,0.4953125,0.4803030303030303,0.546875,0.5303030303030304,0.546875,0.8125,0.984375,0.984375,0.984375,0.546875
SVM,IT_vs_F,42,True,True,experiment_results_statistical_IL_top_10_video_2025-08-14_220927_early_stop/svm_IT_vs_F_2025-08-14_220927_seed42_early_stop.pkl,"{'C': 10, 'decision_function_shape': 'ovo', 'gamma': 'scale', 'kernel': 'poly'}",0.828125,0.7854841897233201,0.7616816385195833,0.7707331730769231,0.7473776223776224,0.828125,0.8030303030303029,0.6875,0.8515625,0.9765625,1.0,1.0,0.6875,0.546875,0.5114094239094239,0.4959121686394413,0.5501488095238094,0.5334776334776334,0.546875,0.5303030303030304,0.484375,0.6875,0.84375,0.90625,0.9375,0.484375
MLP,IT_vs_F,42,True,True,experiment_results_statistical_IL_top_10_video_2025-08-14_220927_early_stop/mlp_IT_vs_F_2025-08-14_220927_seed42_early_stop.pkl,"{'activation': 'relu', 'alpha': 0.0001, 'batch_size': 36, 'early_stopping': True, 'hidden_layer_sizes': [50], 'learning_rate': 'constant', 'learning_rate_init': 0.001, 'max_iter': 2000, 'solver': 'adam'}",0.09375,0.01607142857142857,0.015584415584415584,0.0087890625,0.008522727272727272,0.09375,0.09090909090909091,0.09375,0.171875,0.25,0.34375,0.4375,0.09375,0.09375,0.01607142857142857,0.015584415584415584,0.0087890625,0.008522727272727272,0.09375,0.09090909090909091,0.09375,0.1875,0.25,0.34375,0.4375,0.09375
NaiveBayes,IT_vs_F,42,False,True,experiment_results_statistical_IL_top_10_video_2025-08-14_220927_early_stop/naivebayes_IT_vs_F_2025-08-14_220927_seed42_early_stop.pkl,"{'priors': None, 'var_smoothing': 1e-09}",0.78125,0.7388060309255962,0.7164179693823963,0.7322544642857143,0.710064935064935,0.78125,0.7575757575757575,0.78125,0.9140625,1.0,1.0,1.0,0.78125,0.609375,0.5623782467532467,0.545336481700118,0.55703125,0.5401515151515152,0.609375,0.5909090909090908,0.609375,0.765625,0.921875,0.984375,0.984375,0.609375
LightGBM,IT_vs_F,42,False,True,experiment_results_statistical_IL_top_10_video_2025-08-14_220927_early_stop/lightgbm_IT_vs_F_2025-08-14_220927_seed42_early_stop.pkl,"{'boosting_type': 'gbdt', 'class_weight': None, 'colsample_bytree': 1.0, 'importance_type': 'split', 'learning_rate': 0.1, 'max_depth': -1, 'min_child_samples': 20, 'min_child_weight': 0.001, 'min_split_gain': 0.0, 'n_estimators': 100, 'n_jobs': -1, 'num_leaves': 31, 'objective': None, 'random_state': 42, 'reg_alpha': 0.0, 'reg_lambda': 0.0, 'subsample': 1.0, 'subsample_for_bin': 200000, 'subsample_freq': 0, 'verbose': -1}",0.84375,0.8011363636363636,0.7768595041322314,0.78515625,0.7613636363636364,0.84375,0.8181818181818182,0.84375,0.921875,1.0,1.0,1.0,0.84375,0.5625,0.5159752930892637,0.5003396781471647,0.5474499458874459,0.5308605535878264,0.5625,0.5454545454545454,0.5625,0.75,0.875,0.890625,0.921875,0.5625
ExtraTrees,IT_vs_F,42,False,True,experiment_results_statistical_IL_top_10_video_2025-08-14_220927_early_stop/extratrees_IT_vs_F_2025-08-14_220927_seed42_early_stop.pkl,"{'bootstrap': False, 'ccp_alpha': 0.0, 'class_weight': None, 'criterion': 'gini', 'max_depth': None, 'max_features': 'sqrt', 'max_leaf_nodes': None, 'max_samples': None, 'min_impurity_decrease': 0.0, 'min_samples_leaf': 1, 'min_samples_split': 2, 'min_weight_fraction_leaf': 0.0, 'monotonic_cst': None, 'n_estimators': 100, 'n_jobs': -1, 'oob_score': False, 'random_state': 42, 'verbose': 0, 'warm_start': False}",0.84375,0.8011363636363636,0.7768595041322314,0.78515625,0.7613636363636364,0.84375,0.8181818181818182,0.84375,0.921875,1.0,1.0,1.0,0.84375,0.578125,0.5306006493506493,0.5145218417945691,0.5296875,0.5136363636363637,0.578125,0.5606060606060607,0.578125,0.8125,0.984375,0.984375,1.0,0.578125
GradientBoosting,IT_vs_F,42,False,True,experiment_results_statistical_IL_top_10_video_2025-08-14_220927_early_stop/gradientboosting_IT_vs_F_2025-08-14_220927_seed42_early_stop.pkl,"{'ccp_alpha': 0.0, 'criterion': 'friedman_mse', 'init': None, 'learning_rate': 0.1, 'loss': 'log_loss', 'max_depth': 3, 'max_features': None, 'max_leaf_nodes': None, 'min_impurity_decrease': 0.0, 'min_samples_leaf': 1, 'min_samples_split': 2, 'min_weight_fraction_leaf': 0.0, 'n_estimators': 100, 'n_iter_no_change': None, 'random_state': 42, 'subsample': 1.0, 'tol': 0.0001, 'validation_fraction': 0.1, 'verbose': 0, 'warm_start': False}",0.84375,0.8011363636363636,0.7768595041322314,0.78515625,0.7613636363636364,0.84375,0.8181818181818182,0.84375,0.921875,1.0,1.0,1.0,0.84375,0.5625,0.4970950924075924,0.4820316047588774,0.4849330357142857,0.47023809523809523,0.5625,0.5454545454545454,0.5625,0.796875,0.9375,0.953125,1.0,0.5625
KNN,IT_vs_F,42,False,True,experiment_results_statistical_IL_top_10_video_2025-08-14_220927_early_stop/knn_IT_vs_F_2025-08-14_220927_seed42_early_stop.pkl,"{'algorithm': 'auto', 'leaf_size': 30, 'metric': 'minkowski', 'metric_params': None, 'n_jobs': -1, 'n_neighbors': 5, 'p': 2, 'weights': 'uniform'}",0.5703125,0.5422062014257243,0.5323633257566969,0.57285644271664,0.5597059107824657,0.5703125,0.5681818181818182,0.5625,0.8125,0.875,0.8984375,0.90625,0.5078125,0.453125,0.4211647727272727,0.4084022038567493,0.44375000000000003,0.4303030303030303,0.453125,0.4393939393939394,0.4375,0.65625,0.734375,0.796875,0.8125,0.40625
LogisticRegression,IT_vs_F,42,False,True,experiment_results_statistical_IL_top_10_video_2025-08-14_220927_early_stop/logisticregression_IT_vs_F_2025-08-14_220927_seed42_early_stop.pkl,"{'C': 1.0, 'class_weight': None, 'dual': False, 'fit_intercept': True, 'intercept_scaling': 1, 'l1_ratio': None, 'max_iter': 100, 'multi_class': 'deprecated', 'n_jobs': -1, 'penalty': 'l2', 'random_state': 42, 'solver': 'lbfgs', 'tol': 0.0001, 'verbose': 0, 'warm_start': False}",0.09375,0.01607142857142857,0.015584415584415584,0.0087890625,0.008522727272727272,0.09375,0.09090909090909091,0.09375,0.21875,0.359375,0.5078125,0.625,0.09375,0.09375,0.01607142857142857,0.015584415584415584,0.0087890625,0.008522727272727272,0.09375,0.09090909090909091,0.09375,0.1875,0.328125,0.515625,0.5625,0.09375
RandomForest,IT_vs_F,123,True,True,experiment_results_statistical_IL_top_10_video_2025-08-14_220927_early_stop/randomforest_IT_vs_F_2025-08-14_220927_seed123_early_stop.pkl,"{'bootstrap': True, 'max_depth': 10, 'max_features': 'log2', 'min_samples_leaf': 1, 'min_samples_split': 2, 'n_estimators': 500}",0.84375,0.8011363636363636,0.7768595041322314,0.78515625,0.7613636363636364,0.84375,0.8181818181818182,0.84375,0.921875,1.0,1.0,1.0,0.84375,0.640625,0.5977171266233766,0.5796044864226683,0.6046875,0.5863636363636364,0.640625,0.6212121212121212,0.625,0.859375,0.96875,0.984375,1.0,0.625
XGBoost,IT_vs_F,123,True,True,experiment_results_statistical_IL_top_10_video_2025-08-14_220927_early_stop/xgboost_IT_vs_F_2025-08-14_220927_seed123_early_stop.pkl,"{'colsample_bytree': 0.8, 'device': 'cpu', 'learning_rate': 0.05, 'max_depth': 4, 'n_estimators': 1000, 'reg_lambda': 1, 'subsample': 0.8}",0.84375,0.8011363636363636,0.7768595041322314,0.78515625,0.7613636363636364,0.84375,0.8181818181818182,0.84375,0.921875,1.0,1.0,1.0,0.84375,0.609375,0.5658143939393939,0.5486685032139578,0.5708333333333333,0.5535353535353535,0.609375,0.5909090909090908,0.609375,0.859375,0.96875,0.96875,0.96875,0.609375
CatBoost,IT_vs_F,123,True,True,experiment_results_statistical_IL_top_10_video_2025-08-14_220927_early_stop/catboost_IT_vs_F_2025-08-14_220927_seed123_early_stop.pkl,"{'border_count': 64, 'depth': 6, 'iterations': 1000, 'l2_leaf_reg': 1, 'learning_rate': 0.1}",0.84375,0.8011363636363636,0.7768595041322314,0.78515625,0.7613636363636364,0.84375,0.8181818181818182,0.84375,0.921875,1.0,1.0,1.0,0.84375,0.5625,0.5093740818005524,0.493938503564172,0.5281047077922078,0.5121015348288075,0.5625,0.5454545454545454,0.5625,0.8125,0.984375,1.0,1.0,0.5625
SVM,IT_vs_F,123,True,True,experiment_results_statistical_IL_top_10_video_2025-08-14_220927_early_stop/svm_IT_vs_F_2025-08-14_220927_seed123_early_stop.pkl,"{'C': 100, 'decision_function_shape': 'ovo', 'gamma': 'scale', 'kernel': 'rbf'}",0.84375,0.8011363636363636,0.7768595041322314,0.78515625,0.7613636363636364,0.84375,0.8181818181818182,0.6953125,0.859375,1.0,1.0,1.0,0.6953125,0.578125,0.5314466783216784,0.5153422335240517,0.523251488095238,0.5073953823953823,0.578125,0.5606060606060607,0.53125,0.8125,1.0,1.0,1.0,0.53125
MLP,IT_vs_F,123,True,True,experiment_results_statistical_IL_top_10_video_2025-08-14_220927_early_stop/mlp_IT_vs_F_2025-08-14_220927_seed123_early_stop.pkl,"{'activation': 'relu', 'alpha': 0.0001, 'batch_size': 36, 'early_stopping': True, 'hidden_layer_sizes': [100], 'learning_rate': 'constant', 'learning_rate_init': 0.001, 'max_iter': 2000, 'solver': 'adam'}",0.09375,0.01607142857142857,0.015584415584415584,0.0087890625,0.008522727272727272,0.09375,0.09090909090909091,0.09375,0.1875,0.28125,0.375,0.46875,0.09375,0.09375,0.01607142857142857,0.015584415584415584,0.0087890625,0.008522727272727272,0.09375,0.09090909090909091,0.09375,0.1875,0.28125,0.375,0.46875,0.09375
NaiveBayes,IT_vs_F,123,False,True,experiment_results_statistical_IL_top_10_video_2025-08-14_220927_early_stop/naivebayes_IT_vs_F_2025-08-14_220927_seed123_early_stop.pkl,"{'priors': None, 'var_smoothing': 1e-09}",0.78125,0.7388060309255962,0.7164179693823963,0.7322544642857143,0.710064935064935,0.78125,0.7575757575757575,0.78125,0.9140625,1.0,1.0,1.0,0.78125,0.609375,0.5623782467532467,0.545336481700118,0.55703125,0.5401515151515152,0.609375,0.5909090909090908,0.609375,0.765625,0.921875,0.984375,0.984375,0.609375
LightGBM,IT_vs_F,123,False,True,experiment_results_statistical_IL_top_10_video_2025-08-14_220927_early_stop/lightgbm_IT_vs_F_2025-08-14_220927_seed123_early_stop.pkl,"{'boosting_type': 'gbdt', 'class_weight': None, 'colsample_bytree': 1.0, 'importance_type': 'split', 'learning_rate': 0.1, 'max_depth': -1, 'min_child_samples': 20, 'min_child_weight': 0.001, 'min_split_gain': 0.0, 'n_estimators': 100, 'n_jobs': -1, 'num_leaves': 31, 'objective': None, 'random_state': 123, 'reg_alpha': 0.0, 'reg_lambda': 0.0, 'subsample': 1.0, 'subsample_for_bin': 200000, 'subsample_freq': 0, 'verbose': -1}",0.84375,0.8011363636363636,0.7768595041322314,0.78515625,0.7613636363636364,0.84375,0.8181818181818182,0.84375,0.921875,1.0,1.0,1.0,0.84375,0.5625,0.5159752930892637,0.5003396781471647,0.5474499458874459,0.5308605535878264,0.5625,0.5454545454545454,0.5625,0.75,0.875,0.890625,0.921875,0.5625
ExtraTrees,IT_vs_F,123,False,True,experiment_results_statistical_IL_top_10_video_2025-08-14_220927_early_stop/extratrees_IT_vs_F_2025-08-14_220927_seed123_early_stop.pkl,"{'bootstrap': False, 'ccp_alpha': 0.0, 'class_weight': None, 'criterion': 'gini', 'max_depth': None, 'max_features': 'sqrt', 'max_leaf_nodes': None, 'max_samples': None, 'min_impurity_decrease': 0.0, 'min_samples_leaf': 1, 'min_samples_split': 2, 'min_weight_fraction_leaf': 0.0, 'monotonic_cst': None, 'n_estimators': 100, 'n_jobs': -1, 'oob_score': False, 'random_state': 123, 'verbose': 0, 'warm_start': False}",0.84375,0.8011363636363636,0.7768595041322314,0.78515625,0.7613636363636364,0.84375,0.8181818181818182,0.84375,0.921875,1.0,1.0,1.0,0.84375,0.625,0.5810470779220779,0.563439590712318,0.578125,0.5606060606060606,0.625,0.606060606060606,0.65625,0.84375,1.0,1.0,1.0,0.625
GradientBoosting,IT_vs_F,123,False,True,experiment_results_statistical_IL_top_10_video_2025-08-14_220927_early_stop/gradientboosting_IT_vs_F_2025-08-14_220927_seed123_early_stop.pkl,"{'ccp_alpha': 0.0, 'criterion': 'friedman_mse', 'init': None, 'learning_rate': 0.1, 'loss': 'log_loss', 'max_depth': 3, 'max_features': None, 'max_leaf_nodes': None, 'min_impurity_decrease': 0.0, 'min_samples_leaf': 1, 'min_samples_split': 2, 'min_weight_fraction_leaf': 0.0, 'n_estimators': 100, 'n_iter_no_change': None, 'random_state': 123, 'subsample': 1.0, 'tol': 0.0001, 'validation_fraction': 0.1, 'verbose': 0, 'warm_start': False}",0.84375,0.8011363636363636,0.7768595041322314,0.78515625,0.7613636363636364,0.84375,0.8181818181818182,0.84375,0.921875,1.0,1.0,1.0,0.84375,0.578125,0.5194451381951382,0.5037043764316492,0.5072544642857143,0.49188311688311687,0.578125,0.5606060606060606,0.578125,0.796875,0.9375,0.96875,1.0,0.578125
KNN,IT_vs_F,123,False,True,experiment_results_statistical_IL_top_10_video_2025-08-14_220927_early_stop/knn_IT_vs_F_2025-08-14_220927_seed123_early_stop.pkl,"{'algorithm': 'auto', 'leaf_size': 30, 'metric': 'minkowski', 'metric_params': None, 'n_jobs': -1, 'n_neighbors': 5, 'p': 2, 'weights': 'uniform'}",0.5703125,0.5422062014257243,0.5323633257566969,0.57285644271664,0.5597059107824657,0.5703125,0.5681818181818182,0.5625,0.8125,0.875,0.8984375,0.90625,0.5078125,0.453125,0.4211647727272727,0.4084022038567493,0.44375000000000003,0.4303030303030303,0.453125,0.4393939393939394,0.4375,0.65625,0.734375,0.796875,0.8125,0.40625
LogisticRegression,IT_vs_F,123,False,True,experiment_results_statistical_IL_top_10_video_2025-08-14_220927_early_stop/logisticregression_IT_vs_F_2025-08-14_220927_seed123_early_stop.pkl,"{'C': 1.0, 'class_weight': None, 'dual': False, 'fit_intercept': True, 'intercept_scaling': 1, 'l1_ratio': None, 'max_iter': 100, 'multi_class': 'deprecated', 'n_jobs': -1, 'penalty': 'l2', 'random_state': 123, 'solver': 'lbfgs', 'tol': 0.0001, 'verbose': 0, 'warm_start': False}",0.09375,0.01607142857142857,0.015584415584415584,0.0087890625,0.008522727272727272,0.09375,0.09090909090909091,0.09375,0.21875,0.359375,0.5078125,0.625,0.09375,0.09375,0.01607142857142857,0.015584415584415584,0.0087890625,0.008522727272727272,0.09375,0.09090909090909091,0.09375,0.1875,0.328125,0.515625,0.5625,0.09375
RandomForest,IT_vs_F,456,True,True,experiment_results_statistical_IL_top_10_video_2025-08-14_220927_early_stop/randomforest_IT_vs_F_2025-08-14_220927_seed456_early_stop.pkl,"{'bootstrap': True, 'max_depth': 10, 'max_features': 'log2', 'min_samples_leaf': 1, 'min_samples_split': 2, 'n_estimators': 100}",0.84375,0.8011363636363636,0.7768595041322314,0.78515625,0.7613636363636364,0.84375,0.8181818181818182,0.84375,0.921875,1.0,1.0,1.0,0.84375,0.609375,0.5580245275557776,0.5411146933874207,0.5647321428571428,0.5476190476190476,0.609375,0.5909090909090908,0.609375,0.84375,0.96875,1.0,1.0,0.609375
XGBoost,IT_vs_F,456,True,True,experiment_results_statistical_IL_top_10_video_2025-08-14_220927_early_stop/xgboost_IT_vs_F_2025-08-14_220927_seed456_early_stop.pkl,"{'colsample_bytree': 0.8, 'device': 'cpu', 'learning_rate': 0.1, 'max_depth': 4, 'n_estimators': 1000, 'reg_lambda': 3, 'subsample': 0.8}",0.84375,0.8011363636363636,0.7768595041322314,0.78515625,0.7613636363636364,0.84375,0.8181818181818182,0.84375,0.921875,1.0,1.0,1.0,0.84375,0.59375,0.5429414335664335,0.5264886628522992,0.5467261904761905,0.5301587301587302,0.59375,0.5757575757575757,0.59375,0.859375,0.96875,0.96875,0.96875,0.59375
CatBoost,IT_vs_F,456,True,True,experiment_results_statistical_IL_top_10_video_2025-08-14_220927_early_stop/catboost_IT_vs_F_2025-08-14_220927_seed456_early_stop.pkl,"{'border_count': 32, 'depth': 4, 'iterations': 1000, 'l2_leaf_reg': 3, 'learning_rate': 0.05}",0.84375,0.8011363636363636,0.7768595041322314,0.78515625,0.7613636363636364,0.84375,0.8181818181818182,0.84375,0.921875,1.0,1.0,1.0,0.84375,0.5625,0.5060200216450217,0.4906860815951725,0.50859375,0.4931818181818182,0.5625,0.5454545454545455,0.5625,0.828125,0.984375,0.984375,1.0,0.5625
SVM,IT_vs_F,456,True,True,experiment_results_statistical_IL_top_10_video_2025-08-14_220927_early_stop/svm_IT_vs_F_2025-08-14_220927_seed456_early_stop.pkl,"{'C': 1, 'decision_function_shape': 'ovo', 'gamma': 'scale', 'kernel': 'poly'}",0.65625,0.6073676323676324,0.5889625525989163,0.6928943452380952,0.6718975468975469,0.65625,0.6363636363636364,0.515625,0.78125,0.9921875,1.0,1.0,0.515625,0.46875,0.39968781218781224,0.38757606030333297,0.4446428571428571,0.4311688311688311,0.46875,0.45454545454545453,0.484375,0.6875,0.9375,0.9375,0.953125,0.484375
MLP,IT_vs_F,456,True,True,experiment_results_statistical_IL_top_10_video_2025-08-14_220927_early_stop/mlp_IT_vs_F_2025-08-14_220927_seed456_early_stop.pkl,"{'activation': 'relu', 'alpha': 0.0001, 'batch_size': 36, 'early_stopping': True, 'hidden_layer_sizes': [50], 'learning_rate': 'constant', 'learning_rate_init': 0.001, 'max_iter': 2000, 'solver': 'adam'}",0.09375,0.01607142857142857,0.015584415584415584,0.0087890625,0.008522727272727272,0.09375,0.09090909090909091,0.09375,0.171875,0.265625,0.359375,0.453125,0.09375,0.09375,0.01607142857142857,0.015584415584415584,0.0087890625,0.008522727272727272,0.09375,0.09090909090909091,0.09375,0.1875,0.28125,0.375,0.46875,0.09375
NaiveBayes,IT_vs_F,456,False,True,experiment_results_statistical_IL_top_10_video_2025-08-14_220927_early_stop/naivebayes_IT_vs_F_2025-08-14_220927_seed456_early_stop.pkl,"{'priors': None, 'var_smoothing': 1e-09}",0.78125,0.7388060309255962,0.7164179693823963,0.7322544642857143,0.710064935064935,0.78125,0.7575757575757575,0.78125,0.9140625,1.0,1.0,1.0,0.78125,0.609375,0.5623782467532467,0.545336481700118,0.55703125,0.5401515151515152,0.609375,0.5909090909090908,0.609375,0.765625,0.921875,0.984375,0.984375,0.609375
LightGBM,IT_vs_F,456,False,True,experiment_results_statistical_IL_top_10_video_2025-08-14_220927_early_stop/lightgbm_IT_vs_F_2025-08-14_220927_seed456_early_stop.pkl,"{'boosting_type': 'gbdt', 'class_weight': None, 'colsample_bytree': 1.0, 'importance_type': 'split', 'learning_rate': 0.1, 'max_depth': -1, 'min_child_samples': 20, 'min_child_weight': 0.001, 'min_split_gain': 0.0, 'n_estimators': 100, 'n_jobs': -1, 'num_leaves': 31, 'objective': None, 'random_state': 456, 'reg_alpha': 0.0, 'reg_lambda': 0.0, 'subsample': 1.0, 'subsample_for_bin': 200000, 'subsample_freq': 0, 'verbose': -1}",0.84375,0.8011363636363636,0.7768595041322314,0.78515625,0.7613636363636364,0.84375,0.8181818181818182,0.84375,0.921875,1.0,1.0,1.0,0.84375,0.5625,0.5159752930892637,0.5003396781471647,0.5474499458874459,0.5308605535878264,0.5625,0.5454545454545454,0.5625,0.75,0.875,0.890625,0.921875,0.5625
ExtraTrees,IT_vs_F,456,False,True,experiment_results_statistical_IL_top_10_video_2025-08-14_220927_early_stop/extratrees_IT_vs_F_2025-08-14_220927_seed456_early_stop.pkl,"{'bootstrap': False, 'ccp_alpha': 0.0, 'class_weight': None, 'criterion': 'gini', 'max_depth': None, 'max_features': 'sqrt', 'max_leaf_nodes': None, 'max_samples': None, 'min_impurity_decrease': 0.0, 'min_samples_leaf': 1, 'min_samples_split': 2, 'min_weight_fraction_leaf': 0.0, 'monotonic_cst': None, 'n_estimators': 100, 'n_jobs': -1, 'oob_score': False, 'random_state': 456, 'verbose': 0, 'warm_start': False}",0.84375,0.8011363636363636,0.7768595041322314,0.78515625,0.7613636363636364,0.84375,0.8181818181818182,0.84375,0.921875,1.0,1.0,1.0,0.84375,0.625,0.5760533737096237,0.5585972108699382,0.5848214285714286,0.567099567099567,0.625,0.606060606060606,0.625,0.84375,1.0,1.0,1.0,0.625
GradientBoosting,IT_vs_F,456,False,True,experiment_results_statistical_IL_top_10_video_2025-08-14_220927_early_stop/gradientboosting_IT_vs_F_2025-08-14_220927_seed456_early_stop.pkl,"{'ccp_alpha': 0.0, 'criterion': 'friedman_mse', 'init': None, 'learning_rate': 0.1, 'loss': 'log_loss', 'max_depth': 3, 'max_features': None, 'max_leaf_nodes': None, 'min_impurity_decrease': 0.0, 'min_samples_leaf': 1, 'min_samples_split': 2, 'min_weight_fraction_leaf': 0.0, 'n_estimators': 100, 'n_iter_no_change': None, 'random_state': 456, 'subsample': 1.0, 'tol': 0.0001, 'validation_fraction': 0.1, 'verbose': 0, 'warm_start': False}",0.84375,0.8011363636363636,0.7768595041322314,0.78515625,0.7613636363636364,0.84375,0.8181818181818182,0.84375,0.921875,1.0,1.0,1.0,0.84375,0.5625,0.4997049825174826,0.48456240728968003,0.4897693452380952,0.4749278499278499,0.5625,0.5454545454545454,0.5625,0.796875,0.9375,0.953125,1.0,0.5625
KNN,IT_vs_F,456,False,True,experiment_results_statistical_IL_top_10_video_2025-08-14_220927_early_stop/knn_IT_vs_F_2025-08-14_220927_seed456_early_stop.pkl,"{'algorithm': 'auto', 'leaf_size': 30, 'metric': 'minkowski', 'metric_params': None, 'n_jobs': -1, 'n_neighbors': 5, 'p': 2, 'weights': 'uniform'}",0.5703125,0.5422062014257243,0.5323633257566969,0.57285644271664,0.5597059107824657,0.5703125,0.5681818181818182,0.5625,0.8125,0.875,0.8984375,0.90625,0.5078125,0.453125,0.4211647727272727,0.4084022038567493,0.44375000000000003,0.4303030303030303,0.453125,0.4393939393939394,0.4375,0.65625,0.734375,0.796875,0.8125,0.40625
LogisticRegression,IT_vs_F,456,False,True,experiment_results_statistical_IL_top_10_video_2025-08-14_220927_early_stop/logisticregression_IT_vs_F_2025-08-14_220927_seed456_early_stop.pkl,"{'C': 1.0, 'class_weight': None, 'dual': False, 'fit_intercept': True, 'intercept_scaling': 1, 'l1_ratio': None, 'max_iter': 100, 'multi_class': 'deprecated', 'n_jobs': -1, 'penalty': 'l2', 'random_state': 456, 'solver': 'lbfgs', 'tol': 0.0001, 'verbose': 0, 'warm_start': False}",0.09375,0.01607142857142857,0.015584415584415584,0.0087890625,0.008522727272727272,0.09375,0.09090909090909091,0.09375,0.21875,0.359375,0.5078125,0.625,0.09375,0.09375,0.01607142857142857,0.015584415584415584,0.0087890625,0.008522727272727272,0.09375,0.09090909090909091,0.09375,0.1875,0.328125,0.515625,0.5625,0.09375
RandomForest,F_vs_I,42,True,True,experiment_results_statistical_IL_top_10_video_2025-08-14_220927_early_stop/randomforest_F_vs_I_2025-08-14_220927_seed42_early_stop.pkl,"{'bootstrap': True, 'max_depth': 10, 'max_features': 'sqrt', 'min_samples_leaf': 1, 'min_samples_split': 2, 'n_estimators': 500}",0.84375,0.8011363636363636,0.7768595041322314,0.78515625,0.7613636363636364,0.84375,0.8181818181818182,0.84375,0.9375,1.0,1.0,1.0,0.84375,0.6307692307692307,0.5866220735785953,0.5777338603425559,0.591553544494721,0.5825906120023766,0.6307692307692307,0.6212121212121212,0.6307692307692307,0.8923076923076924,0.9846153846153847,0.9846153846153847,1.0,0.6307692307692307
XGBoost,F_vs_I,42,True,True,experiment_results_statistical_IL_top_10_video_2025-08-14_220927_early_stop/xgboost_F_vs_I_2025-08-14_220927_seed42_early_stop.pkl,"{'colsample_bytree': 0.8, 'device': 'cpu', 'learning_rate': 0.1, 'max_depth': 4, 'n_estimators': 1000, 'reg_lambda': 1, 'subsample': 0.8}",0.84375,0.8011363636363636,0.7768595041322314,0.78515625,0.7613636363636364,0.84375,0.8181818181818182,0.84375,0.9375,1.0,1.0,1.0,0.84375,0.47692307692307695,0.44366349369693847,0.43694131955001525,0.4743374272786038,0.4671504965622612,0.47692307692307695,0.4696969696969697,0.47692307692307695,0.7384615384615385,0.8923076923076924,0.9076923076923077,0.9230769230769231,0.47692307692307695
CatBoost,F_vs_I,42,True,True,experiment_results_statistical_IL_top_10_video_2025-08-14_220927_early_stop/catboost_F_vs_I_2025-08-14_220927_seed42_early_stop.pkl,"{'border_count': 32, 'depth': 4, 'iterations': 1000, 'l2_leaf_reg': 3, 'learning_rate': 0.1}",0.84375,0.8011363636363636,0.7768595041322314,0.78515625,0.7613636363636364,0.84375,0.8181818181818182,0.84375,0.9375,1.0,1.0,1.0,0.75,0.5230769230769231,0.47821409359870903,0.4778554778554778,0.48533505709976293,0.48243782361429427,0.5230769230769231,0.5303030303030303,0.5384615384615384,0.8615384615384616,0.9846153846153847,0.9846153846153847,0.9846153846153847,0.4461538461538462
SVM,F_vs_I,42,True,True,experiment_results_statistical_IL_top_10_video_2025-08-14_220927_early_stop/svm_F_vs_I_2025-08-14_220927_seed42_early_stop.pkl,"{'C': 0.1, 'decision_function_shape': 'ovo', 'gamma': 'scale', 'kernel': 'rbf'}",0.703125,0.658795348673066,0.6388318532587308,0.7112132352941176,0.6896613190730837,0.703125,0.6818181818181819,0.0,0.0,0.0,0.0,0.0625,0.0,0.4461538461538462,0.38593432208816825,0.3869738847011574,0.45339366515837104,0.45098039215686275,0.4461538461538462,0.45454545454545464,0.0,0.0,0.0,0.015384615384615385,0.13846153846153847,0.0
MLP,F_vs_I,42,True,True,experiment_results_statistical_IL_top_10_video_2025-08-14_220927_early_stop/mlp_F_vs_I_2025-08-14_220927_seed42_early_stop.pkl,"{'activation': 'relu', 'alpha': 0.0001, 'batch_size': 36, 'early_stopping': True, 'hidden_layer_sizes': [50], 'learning_rate': 'constant', 'learning_rate_init': 0.001, 'max_iter': 2000, 'solver': 'adam'}",0.09375,0.01607142857142857,0.015584415584415584,0.0087890625,0.008522727272727272,0.09375,0.09090909090909091,0.09375,0.1875,0.25,0.34375,0.4375,0.09375,0.09230769230769231,0.015601300108342361,0.015364916773367477,0.008520710059171599,0.008391608391608392,0.09230769230769231,0.09090909090909091,0.09230769230769231,0.16923076923076924,0.26153846153846155,0.35384615384615387,0.4461538461538462,0.09230769230769231
NaiveBayes,F_vs_I,42,False,True,experiment_results_statistical_IL_top_10_video_2025-08-14_220927_early_stop/naivebayes_F_vs_I_2025-08-14_220927_seed42_early_stop.pkl,"{'priors': None, 'var_smoothing': 1e-09}",0.828125,0.7854020979020979,0.761602034329307,0.7717633928571428,0.7483766233766235,0.828125,0.8030303030303031,0.828125,0.9375,1.0,1.0,1.0,0.734375,0.5384615384615384,0.49730884500115263,0.49666091484273306,0.5160310277957336,0.5126687038451745,0.5384615384615384,0.5454545454545454,0.5538461538461539,0.7230769230769231,0.8769230769230769,0.9384615384615385,0.9692307692307692,0.46153846153846156
LightGBM,F_vs_I,42,False,True,experiment_results_statistical_IL_top_10_video_2025-08-14_220927_early_stop/lightgbm_F_vs_I_2025-08-14_220927_seed42_early_stop.pkl,"{'boosting_type': 'gbdt', 'class_weight': None, 'colsample_bytree': 1.0, 'importance_type': 'split', 'learning_rate': 0.1, 'max_depth': -1, 'min_child_samples': 20, 'min_child_weight': 0.001, 'min_split_gain': 0.0, 'n_estimators': 100, 'n_jobs': -1, 'num_leaves': 31, 'objective': None, 'random_state': 42, 'reg_alpha': 0.0, 'reg_lambda': 0.0, 'subsample': 1.0, 'subsample_for_bin': 200000, 'subsample_freq': 0, 'verbose': -1}",0.84375,0.8011363636363636,0.7768595041322314,0.78515625,0.7613636363636364,0.84375,0.8181818181818182,0.84375,0.9375,1.0,1.0,1.0,0.75,0.47692307692307695,0.4361241322779784,0.43582932219295856,0.4972026219394641,0.49365648970912124,0.47692307692307695,0.4848484848484849,0.49230769230769234,0.7538461538461538,0.8615384615384616,0.8615384615384616,0.8923076923076924,0.4
ExtraTrees,F_vs_I,42,False,True,experiment_results_statistical_IL_top_10_video_2025-08-14_220927_early_stop/extratrees_F_vs_I_2025-08-14_220927_seed42_early_stop.pkl,"{'bootstrap': False, 'ccp_alpha': 0.0, 'class_weight': None, 'criterion': 'gini', 'max_depth': None, 'max_features': 'sqrt', 'max_leaf_nodes': None, 'max_samples': None, 'min_impurity_decrease': 0.0, 'min_samples_leaf': 1, 'min_samples_split': 2, 'min_weight_fraction_leaf': 0.0, 'monotonic_cst': None, 'n_estimators': 100, 'n_jobs': -1, 'oob_score': False, 'random_state': 42, 'verbose': 0, 'warm_start': False}",0.84375,0.8011363636363636,0.7768595041322314,0.78515625,0.7613636363636364,0.84375,0.8181818181818182,0.84375,0.9375,1.0,1.0,1.0,0.75,0.5384615384615384,0.4983378160301237,0.4976742954015681,0.5160310277957336,0.5126687038451745,0.5384615384615384,0.5454545454545454,0.5538461538461539,0.8461538461538461,1.0,1.0,1.0,0.4461538461538462
GradientBoosting,F_vs_I,42,False,True,experiment_results_statistical_IL_top_10_video_2025-08-14_220927_early_stop/gradientboosting_F_vs_I_2025-08-14_220927_seed42_early_stop.pkl,"{'ccp_alpha': 0.0, 'criterion': 'friedman_mse', 'init': None, 'learning_rate': 0.1, 'loss': 'log_loss', 'max_depth': 3, 'max_features': None, 'max_leaf_nodes': None, 'min_impurity_decrease': 0.0, 'min_samples_leaf': 1, 'min_samples_split': 2, 'min_weight_fraction_leaf': 0.0, 'n_estimators': 100, 'n_iter_no_change': None, 'random_state': 42, 'subsample': 1.0, 'tol': 0.0001, 'validation_fraction': 0.1, 'verbose': 0, 'warm_start': False}",0.84375,0.8011363636363636,0.7768595041322314,0.78515625,0.7613636363636364,0.84375,0.8181818181818182,0.84375,0.9375,1.0,1.0,1.0,0.75,0.4307692307692308,0.385176362099439,0.3862274089546817,0.38691014867485457,0.38550420168067223,0.4307692307692308,0.4393939393939394,0.4461538461538462,0.676923076923077,0.8,0.8769230769230769,0.8769230769230769,0.35384615384615387
KNN,F_vs_I,42,False,True,experiment_results_statistical_IL_top_10_video_2025-08-14_220927_early_stop/knn_F_vs_I_2025-08-14_220927_seed42_early_stop.pkl,"{'algorithm': 'auto', 'leaf_size': 30, 'metric': 'minkowski', 'metric_params': None, 'n_jobs': -1, 'n_neighbors': 5, 'p': 2, 'weights': 'uniform'}",0.453125,0.4374387254901961,0.42418300653594776,0.5769886363636363,0.5595041322314049,0.453125,0.4393939393939394,0.515625,0.8125,0.890625,0.90625,0.90625,0.421875,0.3230769230769231,0.31027195027195026,0.3097796143250689,0.415483870967742,0.4116324535679375,0.3230769230769231,0.33333333333333337,0.3230769230769231,0.5846153846153846,0.6923076923076923,0.7692307692307693,0.8,0.3076923076923077
LogisticRegression,F_vs_I,42,False,True,experiment_results_statistical_IL_top_10_video_2025-08-14_220927_early_stop/logisticregression_F_vs_I_2025-08-14_220927_seed42_early_stop.pkl,"{'C': 1.0, 'class_weight': None, 'dual': False, 'fit_intercept': True, 'intercept_scaling': 1, 'l1_ratio': None, 'max_iter': 100, 'multi_class': 'deprecated', 'n_jobs': -1, 'penalty': 'l2', 'random_state': 42, 'solver': 'lbfgs', 'tol': 0.0001, 'verbose': 0, 'warm_start': False}",0.4375,0.3899350649350649,0.37811885084612357,0.49375,0.4787878787878787,0.4375,0.42424242424242425,0.4375,0.625,0.8125,0.921875,0.921875,0.4375,0.2923076923076923,0.2378006307418072,0.23419759088208283,0.2583874948580831,0.25447253281477883,0.2923076923076923,0.28787878787878785,0.2923076923076923,0.5692307692307692,0.6923076923076923,0.8307692307692308,0.8615384615384616,0.2923076923076923
RandomForest,F_vs_I,123,True,True,experiment_results_statistical_IL_top_10_video_2025-08-14_220927_early_stop/randomforest_F_vs_I_2025-08-14_220927_seed123_early_stop.pkl,"{'bootstrap': True, 'max_depth': 10, 'max_features': 'log2', 'min_samples_leaf': 1, 'min_samples_split': 2, 'n_estimators': 100}",0.84375,0.8011363636363636,0.7768595041322314,0.78515625,0.7613636363636364,0.84375,0.8181818181818182,0.84375,0.9375,1.0,1.0,1.0,0.84375,0.6307692307692307,0.5865721235286453,0.5776846671115445,0.5910407239819006,0.5820855614973263,0.6307692307692307,0.6212121212121212,0.6307692307692307,0.8615384615384616,1.0,1.0,1.0,0.6153846153846154
XGBoost,F_vs_I,123,True,True,experiment_results_statistical_IL_top_10_video_2025-08-14_220927_early_stop/xgboost_F_vs_I_2025-08-14_220927_seed123_early_stop.pkl,"{'colsample_bytree': 0.8, 'device': 'cpu', 'learning_rate': 0.05, 'max_depth': 4, 'n_estimators': 1000, 'reg_lambda': 1, 'subsample': 0.8}",0.84375,0.8011363636363636,0.7768595041322314,0.78515625,0.7613636363636364,0.84375,0.8181818181818182,0.84375,0.9375,1.0,1.0,1.0,0.84375,0.4461538461538462,0.40298901098901097,0.3968831168831169,0.4701754385964912,0.4630515683147261,0.4461538461538462,0.43939393939393945,0.4461538461538462,0.7076923076923077,0.8769230769230769,0.8769230769230769,0.8923076923076924,0.4461538461538462
CatBoost,F_vs_I,123,True,True,experiment_results_statistical_IL_top_10_video_2025-08-14_220927_early_stop/catboost_F_vs_I_2025-08-14_220927_seed123_early_stop.pkl,"{'border_count': 32, 'depth': 6, 'iterations': 1000, 'l2_leaf_reg': 3, 'learning_rate': 0.05}",0.84375,0.8011363636363636,0.7768595041322314,0.78515625,0.7613636363636364,0.84375,0.8181818181818182,0.84375,0.9375,1.0,1.0,1.0,0.75,0.5076923076923077,0.46451919121602375,0.46436807399374236,0.47864841041311623,0.475852489756233,0.5076923076923077,0.5151515151515151,0.5230769230769231,0.8461538461538461,0.9846153846153847,1.0,1.0,0.4307692307692308
SVM,F_vs_I,123,True,True,experiment_results_statistical_IL_top_10_video_2025-08-14_220927_early_stop/svm_F_vs_I_2025-08-14_220927_seed123_early_stop.pkl,"{'C': 1, 'decision_function_shape': 'ovo', 'gamma': 'scale', 'kernel': 'rbf'}",0.765625,0.7221918706293706,0.7003072684890866,0.7342633928571428,0.712012987012987,0.765625,0.7424242424242425,0.5625,0.796875,0.953125,0.96875,0.984375,0.5625,0.46153846153846156,0.3962942879141974,0.3902898290064066,0.4658331142541669,0.4587750367654673,0.46153846153846156,0.45454545454545464,0.4153846153846154,0.6923076923076923,0.8615384615384616,0.9692307692307692,0.9692307692307692,0.4153846153846154
MLP,F_vs_I,123,True,True,experiment_results_statistical_IL_top_10_video_2025-08-14_220927_early_stop/mlp_F_vs_I_2025-08-14_220927_seed123_early_stop.pkl,"{'activation': 'tanh', 'alpha': 0.0001, 'batch_size': 36, 'early_stopping': True, 'hidden_layer_sizes': [50], 'learning_rate': 'constant', 'learning_rate_init': 0.01, 'max_iter': 2000, 'solver': 'adam'}",0.09375,0.01607142857142857,0.015584415584415584,0.0087890625,0.008522727272727272,0.09375,0.09090909090909091,0.09375,0.1875,0.28125,0.34375,0.4375,0.09375,0.09230769230769231,0.015601300108342361,0.015364916773367477,0.008520710059171599,0.008391608391608392,0.09230769230769231,0.09090909090909091,0.09230769230769231,0.18461538461538463,0.27692307692307694,0.36923076923076925,0.46153846153846156,0.09230769230769231
NaiveBayes,F_vs_I,123,False,True,experiment_results_statistical_IL_top_10_video_2025-08-14_220927_early_stop/naivebayes_F_vs_I_2025-08-14_220927_seed123_early_stop.pkl,"{'priors': None, 'var_smoothing': 1e-09}",0.828125,0.7854020979020979,0.761602034329307,0.7717633928571428,0.7483766233766235,0.828125,0.8030303030303031,0.828125,0.9375,1.0,1.0,1.0,0.734375,0.5384615384615384,0.49730884500115263,0.49666091484273306,0.5160310277957336,0.5126687038451745,0.5384615384615384,0.5454545454545454,0.5538461538461539,0.7230769230769231,0.8769230769230769,0.9384615384615385,0.9692307692307692,0.46153846153846156
LightGBM,F_vs_I,123,False,True,experiment_results_statistical_IL_top_10_video_2025-08-14_220927_early_stop/lightgbm_F_vs_I_2025-08-14_220927_seed123_early_stop.pkl,"{'boosting_type': 'gbdt', 'class_weight': None, 'colsample_bytree': 1.0, 'importance_type': 'split', 'learning_rate': 0.1, 'max_depth': -1, 'min_child_samples': 20, 'min_child_weight': 0.001, 'min_split_gain': 0.0, 'n_estimators': 100, 'n_jobs': -1, 'num_leaves': 31, 'objective': None, 'random_state': 123, 'reg_alpha': 0.0, 'reg_lambda': 0.0, 'subsample': 1.0, 'subsample_for_bin': 200000, 'subsample_freq': 0, 'verbose': -1}",0.84375,0.8011363636363636,0.7768595041322314,0.78515625,0.7613636363636364,0.84375,0.8181818181818182,0.84375,0.9375,1.0,1.0,1.0,0.75,0.47692307692307695,0.4361241322779784,0.43582932219295856,0.4972026219394641,0.49365648970912124,0.47692307692307695,0.4848484848484849,0.49230769230769234,0.7538461538461538,0.8615384615384616,0.8615384615384616,0.8923076923076924,0.4
ExtraTrees,F_vs_I,123,False,True,experiment_results_statistical_IL_top_10_video_2025-08-14_220927_early_stop/extratrees_F_vs_I_2025-08-14_220927_seed123_early_stop.pkl,"{'bootstrap': False, 'ccp_alpha': 0.0, 'class_weight': None, 'criterion': 'gini', 'max_depth': None, 'max_features': 'sqrt', 'max_leaf_nodes': None, 'max_samples': None, 'min_impurity_decrease': 0.0, 'min_samples_leaf': 1, 'min_samples_split': 2, 'min_weight_fraction_leaf': 0.0, 'monotonic_cst': None, 'n_estimators': 100, 'n_jobs': -1, 'oob_score': False, 'random_state': 123, 'verbose': 0, 'warm_start': False}",0.84375,0.8011363636363636,0.7768595041322314,0.78515625,0.7613636363636364,0.84375,0.8181818181818182,0.84375,0.9375,1.0,1.0,1.0,0.75,0.5846153846153846,0.542119419042496,0.5407925407925408,0.5307563025210085,0.5271708683473388,0.5846153846153846,0.5909090909090909,0.6,0.8307692307692308,1.0,1.0,1.0,0.5076923076923077
GradientBoosting,F_vs_I,123,False,True,experiment_results_statistical_IL_top_10_video_2025-08-14_220927_early_stop/gradientboosting_F_vs_I_2025-08-14_220927_seed123_early_stop.pkl,"{'ccp_alpha': 0.0, 'criterion': 'friedman_mse', 'init': None, 'learning_rate': 0.1, 'loss': 'log_loss', 'max_depth': 3, 'max_features': None, 'max_leaf_nodes': None, 'min_impurity_decrease': 0.0, 'min_samples_leaf': 1, 'min_samples_split': 2, 'min_weight_fraction_leaf': 0.0, 'n_estimators': 100, 'n_iter_no_change': None, 'random_state': 123, 'subsample': 1.0, 'tol': 0.0001, 'validation_fraction': 0.1, 'verbose': 0, 'warm_start': False}",0.84375,0.8011363636363636,0.7768595041322314,0.78515625,0.7613636363636364,0.84375,0.8181818181818182,0.84375,0.9375,1.0,1.0,1.0,0.75,0.4153846153846154,0.37369553523399685,0.3749205340114431,0.37998707175177765,0.37868601986249045,0.4153846153846154,0.4242424242424242,0.4307692307692308,0.676923076923077,0.8,0.8769230769230769,0.8923076923076924,0.3384615384615385
KNN,F_vs_I,123,False,True,experiment_results_statistical_IL_top_10_video_2025-08-14_220927_early_stop/knn_F_vs_I_2025-08-14_220927_seed123_early_stop.pkl,"{'algorithm': 'auto', 'leaf_size': 30, 'metric': 'minkowski', 'metric_params': None, 'n_jobs': -1, 'n_neighbors': 5, 'p': 2, 'weights': 'uniform'}",0.453125,0.4374387254901961,0.42418300653594776,0.5769886363636363,0.5595041322314049,0.453125,0.4393939393939394,0.515625,0.8125,0.890625,0.90625,0.90625,0.421875,0.3230769230769231,0.31027195027195026,0.3097796143250689,0.415483870967742,0.4116324535679375,0.3230769230769231,0.33333333333333337,0.3230769230769231,0.5846153846153846,0.6923076923076923,0.7692307692307693,0.8,0.3076923076923077
LogisticRegression,F_vs_I,123,False,True,experiment_results_statistical_IL_top_10_video_2025-08-14_220927_early_stop/logisticregression_F_vs_I_2025-08-14_220927_seed123_early_stop.pkl,"{'C': 1.0, 'class_weight': None, 'dual': False, 'fit_intercept': True, 'intercept_scaling': 1, 'l1_ratio': None, 'max_iter': 100, 'multi_class': 'deprecated', 'n_jobs': -1, 'penalty': 'l2', 'random_state': 123, 'solver': 'lbfgs', 'tol': 0.0001, 'verbose': 0, 'warm_start': False}",0.4375,0.3899350649350649,0.37811885084612357,0.49375,0.4787878787878787,0.4375,0.42424242424242425,0.4375,0.625,0.8125,0.921875,0.921875,0.4375,0.2923076923076923,0.2378006307418072,0.23419759088208283,0.2583874948580831,0.25447253281477883,0.2923076923076923,0.28787878787878785,0.2923076923076923,0.5692307692307692,0.6923076923076923,0.8307692307692308,0.8615384615384616,0.2923076923076923
RandomForest,F_vs_I,456,True,True,experiment_results_statistical_IL_top_10_video_2025-08-14_220927_early_stop/randomforest_F_vs_I_2025-08-14_220927_seed456_early_stop.pkl,"{'bootstrap': True, 'max_depth': 10, 'max_features': 'sqrt', 'min_samples_leaf': 1, 'min_samples_split': 10, 'n_estimators': 500}",0.84375,0.8011363636363636,0.7768595041322314,0.78515625,0.7613636363636364,0.84375,0.8181818181818182,0.84375,0.9375,1.0,1.0,1.0,0.84375,0.5846153846153846,0.5383718622514609,0.5302147128234085,0.54045464339582,0.5322659366777014,0.5846153846153846,0.5757575757575757,0.5846153846153846,0.8923076923076924,0.9846153846153847,0.9846153846153847,1.0,0.5846153846153846
XGBoost,F_vs_I,456,True,True,experiment_results_statistical_IL_top_10_video_2025-08-14_220927_early_stop/xgboost_F_vs_I_2025-08-14_220927_seed456_early_stop.pkl,"{'colsample_bytree': 0.8, 'device': 'cpu', 'learning_rate': 0.05, 'max_depth': 4, 'n_estimators': 1000, 'reg_lambda': 1, 'subsample': 0.8}",0.84375,0.8011363636363636,0.7768595041322314,0.78515625,0.7613636363636364,0.84375,0.8181818181818182,0.84375,0.9375,1.0,1.0,1.0,0.84375,0.46153846153846156,0.42963805425343893,0.43001543910634826,0.4810859728506787,0.4782531194295899,0.46153846153846156,0.4696969696969697,0.46153846153846156,0.7076923076923077,0.8615384615384616,0.8615384615384616,0.8923076923076924,0.46153846153846156
CatBoost,F_vs_I,456,True,True,experiment_results_statistical_IL_top_10_video_2025-08-14_220927_early_stop/catboost_F_vs_I_2025-08-14_220927_seed456_early_stop.pkl,"{'border_count': 32, 'depth': 4, 'iterations': 1000, 'l2_leaf_reg': 1, 'learning_rate': 0.1}",0.84375,0.8011363636363636,0.7768595041322314,0.78515625,0.7613636363636364,0.84375,0.8181818181818182,0.84375,0.9375,1.0,1.0,1.0,0.84375,0.5384615384615384,0.4959522528753298,0.49532487714305895,0.5066537384184443,0.5034334946099652,0.5384615384615384,0.5454545454545454,0.5384615384615384,0.8461538461538461,0.9692307692307692,0.9846153846153847,1.0,0.5384615384615384
SVM,F_vs_I,456,True,True,experiment_results_statistical_IL_top_10_video_2025-08-14_220927_early_stop/svm_F_vs_I_2025-08-14_220927_seed456_early_stop.pkl,"{'C': 0.1, 'decision_function_shape': 'ovo', 'gamma': 'scale', 'kernel': 'rbf'}",0.703125,0.658795348673066,0.6388318532587308,0.7112132352941176,0.6896613190730837,0.703125,0.6818181818181819,0.0,0.0,0.0,0.0,0.078125,0.0,0.4461538461538462,0.38593432208816825,0.3869738847011574,0.45339366515837104,0.45098039215686275,0.4461538461538462,0.45454545454545464,0.0,0.015384615384615385,0.015384615384615385,0.09230769230769231,0.2153846153846154,0.0
MLP,F_vs_I,456,True,True,experiment_results_statistical_IL_top_10_video_2025-08-14_220927_early_stop/mlp_F_vs_I_2025-08-14_220927_seed456_early_stop.pkl,"{'activation': 'relu', 'alpha': 0.0001, 'batch_size': 36, 'early_stopping': True, 'hidden_layer_sizes': [50], 'learning_rate': 'constant', 'learning_rate_init': 0.001, 'max_iter': 2000, 'solver': 'adam'}",0.09375,0.01607142857142857,0.015584415584415584,0.0087890625,0.008522727272727272,0.09375,0.09090909090909091,0.09375,0.1875,0.28125,0.375,0.46875,0.09375,0.09230769230769231,0.015601300108342361,0.015364916773367477,0.008520710059171599,0.008391608391608392,0.09230769230769231,0.09090909090909091,0.09230769230769231,0.16923076923076924,0.26153846153846155,0.35384615384615387,0.4461538461538462,0.09230769230769231
NaiveBayes,F_vs_I,456,False,True,experiment_results_statistical_IL_top_10_video_2025-08-14_220927_early_stop/naivebayes_F_vs_I_2025-08-14_220927_seed456_early_stop.pkl,"{'priors': None, 'var_smoothing': 1e-09}",0.828125,0.7854020979020979,0.761602034329307,0.7717633928571428,0.7483766233766235,0.828125,0.8030303030303031,0.828125,0.9375,1.0,1.0,1.0,0.734375,0.5384615384615384,0.49730884500115263,0.49666091484273306,0.5160310277957336,0.5126687038451745,0.5384615384615384,0.5454545454545454,0.5538461538461539,0.7230769230769231,0.8769230769230769,0.9384615384615385,0.9692307692307692,0.46153846153846156
LightGBM,F_vs_I,456,False,True,experiment_results_statistical_IL_top_10_video_2025-08-14_220927_early_stop/lightgbm_F_vs_I_2025-08-14_220927_seed456_early_stop.pkl,"{'boosting_type': 'gbdt', 'class_weight': None, 'colsample_bytree': 1.0, 'importance_type': 'split', 'learning_rate': 0.1, 'max_depth': -1, 'min_child_samples': 20, 'min_child_weight': 0.001, 'min_split_gain': 0.0, 'n_estimators': 100, 'n_jobs': -1, 'num_leaves': 31, 'objective': None, 'random_state': 456, 'reg_alpha': 0.0, 'reg_lambda': 0.0, 'subsample': 1.0, 'subsample_for_bin': 200000, 'subsample_freq': 0, 'verbose': -1}",0.84375,0.8011363636363636,0.7768595041322314,0.78515625,0.7613636363636364,0.84375,0.8181818181818182,0.84375,0.9375,1.0,1.0,1.0,0.75,0.47692307692307695,0.4361241322779784,0.43582932219295856,0.4972026219394641,0.49365648970912124,0.47692307692307695,0.4848484848484849,0.49230769230769234,0.7538461538461538,0.8615384615384616,0.8615384615384616,0.8923076923076924,0.4
ExtraTrees,F_vs_I,456,False,True,experiment_results_statistical_IL_top_10_video_2025-08-14_220927_early_stop/extratrees_F_vs_I_2025-08-14_220927_seed456_early_stop.pkl,"{'bootstrap': False, 'ccp_alpha': 0.0, 'class_weight': None, 'criterion': 'gini', 'max_depth': None, 'max_features': 'sqrt', 'max_leaf_nodes': None, 'max_samples': None, 'min_impurity_decrease': 0.0, 'min_samples_leaf': 1, 'min_samples_split': 2, 'min_weight_fraction_leaf': 0.0, 'monotonic_cst': None, 'n_estimators': 100, 'n_jobs': -1, 'oob_score': False, 'random_state': 456, 'verbose': 0, 'warm_start': False}",0.84375,0.8011363636363636,0.7768595041322314,0.78515625,0.7613636363636364,0.84375,0.8181818181818182,0.84375,0.9375,1.0,1.0,1.0,0.75,0.5076923076923077,0.47265734265734266,0.47238292011019284,0.4810859728506788,0.47825311942959003,0.5076923076923077,0.5151515151515151,0.5076923076923077,0.8615384615384616,0.9846153846153847,1.0,1.0,0.4153846153846154
GradientBoosting,F_vs_I,456,False,True,experiment_results_statistical_IL_top_10_video_2025-08-14_220927_early_stop/gradientboosting_F_vs_I_2025-08-14_220927_seed456_early_stop.pkl,"{'ccp_alpha': 0.0, 'criterion': 'friedman_mse', 'init': None, 'learning_rate': 0.1, 'loss': 'log_loss', 'max_depth': 3, 'max_features': None, 'max_leaf_nodes': None, 'min_impurity_decrease': 0.0, 'min_samples_leaf': 1, 'min_samples_split': 2, 'min_weight_fraction_leaf': 0.0, 'n_estimators': 100, 'n_iter_no_change': None, 'random_state': 456, 'subsample': 1.0, 'tol': 0.0001, 'validation_fraction': 0.1, 'verbose': 0, 'warm_start': False}",0.84375,0.8011363636363636,0.7768595041322314,0.78515625,0.7613636363636364,0.84375,0.8181818181818182,0.84375,0.9375,1.0,1.0,1.0,0.75,0.4153846153846154,0.36886959194651503,0.370167711076802,0.3705365223012282,0.36937866055513113,0.4153846153846154,0.4242424242424242,0.4307692307692308,0.6615384615384615,0.8307692307692308,0.8615384615384616,0.8923076923076924,0.3384615384615385
KNN,F_vs_I,456,False,True,experiment_results_statistical_IL_top_10_video_2025-08-14_220927_early_stop/knn_F_vs_I_2025-08-14_220927_seed456_early_stop.pkl,"{'algorithm': 'auto', 'leaf_size': 30, 'metric': 'minkowski', 'metric_params': None, 'n_jobs': -1, 'n_neighbors': 5, 'p': 2, 'weights': 'uniform'}",0.453125,0.4374387254901961,0.42418300653594776,0.5769886363636363,0.5595041322314049,0.453125,0.4393939393939394,0.515625,0.8125,0.890625,0.90625,0.90625,0.421875,0.3230769230769231,0.31027195027195026,0.3097796143250689,0.415483870967742,0.4116324535679375,0.3230769230769231,0.33333333333333337,0.3230769230769231,0.5846153846153846,0.6923076923076923,0.7692307692307693,0.8,0.3076923076923077
LogisticRegression,F_vs_I,456,False,True,experiment_results_statistical_IL_top_10_video_2025-08-14_220927_early_stop/logisticregression_F_vs_I_2025-08-14_220927_seed456_early_stop.pkl,"{'C': 1.0, 'class_weight': None, 'dual': False, 'fit_intercept': True, 'intercept_scaling': 1, 'l1_ratio': None, 'max_iter': 100, 'multi_class': 'deprecated', 'n_jobs': -1, 'penalty': 'l2', 'random_state': 456, 'solver': 'lbfgs', 'tol': 0.0001, 'verbose': 0, 'warm_start': False}",0.4375,0.3899350649350649,0.37811885084612357,0.49375,0.4787878787878787,0.4375,0.42424242424242425,0.4375,0.625,0.8125,0.921875,0.921875,0.4375,0.2923076923076923,0.2378006307418072,0.23419759088208283,0.2583874948580831,0.25447253281477883,0.2923076923076923,0.28787878787878785,0.2923076923076923,0.5692307692307692,0.6923076923076923,0.8307692307692308,0.8615384615384616,0.2923076923076923
RandomForest,F_vs_T,42,True,True,experiment_results_statistical_IL_top_10_video_2025-08-14_220927_early_stop/randomforest_F_vs_T_2025-08-14_220927_seed42_early_stop.pkl,"{'bootstrap': True, 'max_depth': 10, 'max_features': 'sqrt', 'min_samples_leaf': 1, 'min_samples_split': 2, 'n_estimators': 500}",0.84375,0.8011363636363636,0.7768595041322314,0.78515625,0.7613636363636364,0.84375,0.8181818181818182,0.84375,0.9375,1.0,1.0,1.0,0.84375,0.6031746031746031,0.5489439132296277,0.5239919171737353,0.5523809523809523,0.5272727272727272,0.6031746031746031,0.5757575757575757,0.6031746031746031,0.8571428571428571,1.0,1.0,1.0,0.6031746031746031
XGBoost,F_vs_T,42,True,True,experiment_results_statistical_IL_top_10_video_2025-08-14_220927_early_stop/xgboost_F_vs_T_2025-08-14_220927_seed42_early_stop.pkl,"{'colsample_bytree': 0.8, 'device': 'cpu', 'learning_rate': 0.1, 'max_depth': 4, 'n_estimators': 1000, 'reg_lambda': 1, 'subsample': 0.8}",0.84375,0.8011363636363636,0.7768595041322314,0.78515625,0.7613636363636364,0.84375,0.8181818181818182,0.84375,0.9375,1.0,1.0,1.0,0.84375,0.5555555555555556,0.510552146266432,0.4873452305270487,0.5285714285714286,0.5045454545454545,0.5555555555555556,0.5303030303030303,0.5555555555555556,0.7936507936507936,0.9365079365079365,0.9365079365079365,0.9682539682539683,0.5555555555555556
CatBoost,F_vs_T,42,True,True,experiment_results_statistical_IL_top_10_video_2025-08-14_220927_early_stop/catboost_F_vs_T_2025-08-14_220927_seed42_early_stop.pkl,"{'border_count': 32, 'depth': 4, 'iterations': 1000, 'l2_leaf_reg': 3, 'learning_rate': 0.1}",0.84375,0.8011363636363636,0.7768595041322314,0.78515625,0.7613636363636364,0.84375,0.8181818181818182,0.84375,0.9375,1.0,1.0,1.0,0.75,0.5238095238095238,0.48363303363303367,0.4692254714981988,0.5129251700680273,0.4946608946608946,0.5238095238095238,0.5151515151515151,0.5396825396825397,0.8412698412698413,0.9841269841269841,0.9841269841269841,0.9841269841269841,0.4444444444444444
SVM,F_vs_T,42,True,True,experiment_results_statistical_IL_top_10_video_2025-08-14_220927_early_stop/svm_F_vs_T_2025-08-14_220927_seed42_early_stop.pkl,"{'C': 0.1, 'decision_function_shape': 'ovo', 'gamma': 'scale', 'kernel': 'rbf'}",0.703125,0.658795348673066,0.6388318532587308,0.7112132352941176,0.6896613190730837,0.703125,0.6818181818181819,0.0,0.0,0.0,0.0,0.0625,0.0,0.47619047619047616,0.4075480075480076,0.3965988556897647,0.39667422524565377,0.3836940836940837,0.47619047619047616,0.46969696969696967,0.0,0.0,0.0,0.015873015873015872,0.14285714285714285,0.0
MLP,F_vs_T,42,True,True,experiment_results_statistical_IL_top_10_video_2025-08-14_220927_early_stop/mlp_F_vs_T_2025-08-14_220927_seed42_early_stop.pkl,"{'activation': 'relu', 'alpha': 0.0001, 'batch_size': 36, 'early_stopping': True, 'hidden_layer_sizes': [50], 'learning_rate': 'constant', 'learning_rate_init': 0.001, 'max_iter': 2000, 'solver': 'adam'}",0.09375,0.01607142857142857,0.015584415584415584,0.0087890625,0.008522727272727272,0.09375,0.09090909090909091,0.09375,0.1875,0.25,0.34375,0.4375,0.09375,0.09523809523809523,0.016563146997929608,0.015810276679841896,0.009070294784580499,0.008658008658008658,0.09523809523809523,0.09090909090909091,0.09523809523809523,0.1746031746031746,0.23809523809523808,0.3333333333333333,0.42857142857142855,0.09523809523809523
NaiveBayes,F_vs_T,42,False,True,experiment_results_statistical_IL_top_10_video_2025-08-14_220927_early_stop/naivebayes_F_vs_T_2025-08-14_220927_seed42_early_stop.pkl,"{'priors': None, 'var_smoothing': 1e-09}",0.828125,0.7854020979020979,0.761602034329307,0.7717633928571428,0.7483766233766235,0.828125,0.8030303030303031,0.828125,0.9375,1.0,1.0,1.0,0.734375,0.4444444444444444,0.3744142101284958,0.36497113997113995,0.404572940287226,0.39123376623376627,0.4444444444444444,0.4393939393939394,0.4603174603174603,0.7619047619047619,0.8888888888888888,0.8888888888888888,0.9206349206349206,0.36507936507936506
LightGBM,F_vs_T,42,False,True,experiment_results_statistical_IL_top_10_video_2025-08-14_220927_early_stop/lightgbm_F_vs_T_2025-08-14_220927_seed42_early_stop.pkl,"{'boosting_type': 'gbdt', 'class_weight': None, 'colsample_bytree': 1.0, 'importance_type': 'split', 'learning_rate': 0.1, 'max_depth': -1, 'min_child_samples': 20, 'min_child_weight': 0.001, 'min_split_gain': 0.0, 'n_estimators': 100, 'n_jobs': -1, 'num_leaves': 31, 'objective': None, 'random_state': 42, 'reg_alpha': 0.0, 'reg_lambda': 0.0, 'subsample': 1.0, 'subsample_for_bin': 200000, 'subsample_freq': 0, 'verbose': -1}",0.84375,0.8011363636363636,0.7768595041322314,0.78515625,0.7613636363636364,0.84375,0.8181818181818182,0.84375,0.9375,1.0,1.0,1.0,0.75,0.5079365079365079,0.4706076991791277,0.4564314473405382,0.47378117913832196,0.45698051948051943,0.5079365079365079,0.49999999999999994,0.5238095238095238,0.7301587301587301,0.8571428571428571,0.873015873015873,0.8888888888888888,0.42857142857142855
ExtraTrees,F_vs_T,42,False,True,experiment_results_statistical_IL_top_10_video_2025-08-14_220927_early_stop/extratrees_F_vs_T_2025-08-14_220927_seed42_early_stop.pkl,"{'bootstrap': False, 'ccp_alpha': 0.0, 'class_weight': None, 'criterion': 'gini', 'max_depth': None, 'max_features': 'sqrt', 'max_leaf_nodes': None, 'max_samples': None, 'min_impurity_decrease': 0.0, 'min_samples_leaf': 1, 'min_samples_split': 2, 'min_weight_fraction_leaf': 0.0, 'monotonic_cst': None, 'n_estimators': 100, 'n_jobs': -1, 'oob_score': False, 'random_state': 42, 'verbose': 0, 'warm_start': False}",0.84375,0.8011363636363636,0.7768595041322314,0.78515625,0.7613636363636364,0.84375,0.8181818181818182,0.84375,0.9375,1.0,1.0,1.0,0.75,0.5238095238095238,0.4748008605151462,0.46079476079476084,0.4729780801209373,0.4565295815295815,0.5238095238095238,0.5151515151515151,0.5396825396825397,0.8253968253968254,0.9682539682539683,0.9682539682539683,1.0,0.4444444444444444
GradientBoosting,F_vs_T,42,False,True,experiment_results_statistical_IL_top_10_video_2025-08-14_220927_early_stop/gradientboosting_F_vs_T_2025-08-14_220927_seed42_early_stop.pkl,"{'ccp_alpha': 0.0, 'criterion': 'friedman_mse', 'init': None, 'learning_rate': 0.1, 'loss': 'log_loss', 'max_depth': 3, 'max_features': None, 'max_leaf_nodes': None, 'min_impurity_decrease': 0.0, 'min_samples_leaf': 1, 'min_samples_split': 2, 'min_weight_fraction_leaf': 0.0, 'n_estimators': 100, 'n_iter_no_change': None, 'random_state': 42, 'subsample': 1.0, 'tol': 0.0001, 'validation_fraction': 0.1, 'verbose': 0, 'warm_start': False}",0.84375,0.8011363636363636,0.7768595041322314,0.78515625,0.7613636363636364,0.84375,0.8181818181818182,0.84375,0.9375,1.0,1.0,1.0,0.75,0.5079365079365079,0.4668934240362812,0.45324675324675323,0.488095238095238,0.47095959595959597,0.5079365079365079,0.5,0.5238095238095238,0.7142857142857143,0.8253968253968254,0.9365079365079365,0.9682539682539683,0.42857142857142855
KNN,F_vs_T,42,False,True,experiment_results_statistical_IL_top_10_video_2025-08-14_220927_early_stop/knn_F_vs_T_2025-08-14_220927_seed42_early_stop.pkl,"{'algorithm': 'auto', 'leaf_size': 30, 'metric': 'minkowski', 'metric_params': None, 'n_jobs': -1, 'n_neighbors': 5, 'p': 2, 'weights': 'uniform'}",0.453125,0.4374387254901961,0.42418300653594776,0.5769886363636363,0.5595041322314049,0.453125,0.4393939393939394,0.515625,0.8125,0.890625,0.90625,0.90625,0.421875,0.3333333333333333,0.29226090516413095,0.28386390409850826,0.3068724925867783,0.29583749583749586,0.3333333333333333,0.3333333333333333,0.42857142857142855,0.6507936507936508,0.6666666666666666,0.7301587301587301,0.746031746031746,0.3333333333333333
LogisticRegression,F_vs_T,42,False,True,experiment_results_statistical_IL_top_10_video_2025-08-14_220927_early_stop/logisticregression_F_vs_T_2025-08-14_220927_seed42_early_stop.pkl,"{'C': 1.0, 'class_weight': None, 'dual': False, 'fit_intercept': True, 'intercept_scaling': 1, 'l1_ratio': None, 'max_iter': 100, 'multi_class': 'deprecated', 'n_jobs': -1, 'penalty': 'l2', 'random_state': 42, 'solver': 'lbfgs', 'tol': 0.0001, 'verbose': 0, 'warm_start': False}",0.4375,0.3899350649350649,0.37811885084612357,0.49375,0.4787878787878787,0.4375,0.42424242424242425,0.4375,0.625,0.8125,0.921875,0.921875,0.4375,0.25396825396825395,0.18911987483416054,0.18052351688715326,0.1876684006936108,0.1791380188439012,0.25396825396825395,0.2424242424242424,0.25396825396825395,0.5396825396825397,0.6984126984126984,0.7777777777777778,0.8095238095238095,0.25396825396825395
RandomForest,F_vs_T,123,True,True,experiment_results_statistical_IL_top_10_video_2025-08-14_220927_early_stop/randomforest_F_vs_T_2025-08-14_220927_seed123_early_stop.pkl,"{'bootstrap': True, 'max_depth': 10, 'max_features': 'log2', 'min_samples_leaf': 1, 'min_samples_split': 2, 'n_estimators': 100}",0.84375,0.8011363636363636,0.7768595041322314,0.78515625,0.7613636363636364,0.84375,0.8181818181818182,0.84375,0.9375,1.0,1.0,1.0,0.84375,0.5714285714285714,0.5297982440839584,0.5057165057165057,0.5294028722600151,0.5053391053391054,0.5714285714285714,0.5454545454545454,0.5714285714285714,0.8095238095238095,0.9682539682539683,0.9841269841269841,0.9841269841269841,0.5714285714285714
XGBoost,F_vs_T,123,True,True,experiment_results_statistical_IL_top_10_video_2025-08-14_220927_early_stop/xgboost_F_vs_T_2025-08-14_220927_seed123_early_stop.pkl,"{'colsample_bytree': 0.8, 'device': 'cpu', 'learning_rate': 0.05, 'max_depth': 4, 'n_estimators': 1000, 'reg_lambda': 1, 'subsample': 0.8}",0.84375,0.8011363636363636,0.7768595041322314,0.78515625,0.7613636363636364,0.84375,0.8181818181818182,0.84375,0.9375,1.0,1.0,1.0,0.84375,0.5396825396825397,0.49791716220287646,0.4752845639209275,0.5115646258503401,0.48831168831168825,0.5396825396825397,0.5151515151515151,0.5396825396825397,0.7301587301587301,0.9047619047619048,0.9365079365079365,0.9523809523809523,0.5396825396825397
CatBoost,F_vs_T,123,True,True,experiment_results_statistical_IL_top_10_video_2025-08-14_220927_early_stop/catboost_F_vs_T_2025-08-14_220927_seed123_early_stop.pkl,"{'border_count': 32, 'depth': 6, 'iterations': 1000, 'l2_leaf_reg': 3, 'learning_rate': 0.05}",0.84375,0.8011363636363636,0.7768595041322314,0.78515625,0.7613636363636364,0.84375,0.8181818181818182,0.84375,0.9375,1.0,1.0,1.0,0.75,0.5079365079365079,0.46771350342778917,0.45402955630228353,0.4834845049130763,0.46655844155844145,0.5079365079365079,0.5,0.5238095238095238,0.8571428571428571,0.9841269841269841,0.9841269841269841,0.9841269841269841,0.42857142857142855
SVM,F_vs_T,123,True,True,experiment_results_statistical_IL_top_10_video_2025-08-14_220927_early_stop/svm_F_vs_T_2025-08-14_220927_seed123_early_stop.pkl,"{'C': 1, 'decision_function_shape': 'ovo', 'gamma': 'scale', 'kernel': 'rbf'}",0.765625,0.7221918706293706,0.7003072684890866,0.7342633928571428,0.712012987012987,0.765625,0.7424242424242425,0.5625,0.796875,0.953125,0.96875,0.984375,0.5625,0.5238095238095238,0.45983593126450273,0.4389342980252071,0.5148904006046863,0.4914862914862915,0.5238095238095238,0.5000000000000001,0.4126984126984127,0.6984126984126984,0.8888888888888888,0.9206349206349206,0.9523809523809523,0.4126984126984127
MLP,F_vs_T,123,True,True,experiment_results_statistical_IL_top_10_video_2025-08-14_220927_early_stop/mlp_F_vs_T_2025-08-14_220927_seed123_early_stop.pkl,"{'activation': 'tanh', 'alpha': 0.0001, 'batch_size': 36, 'early_stopping': True, 'hidden_layer_sizes': [50], 'learning_rate': 'constant', 'learning_rate_init': 0.01, 'max_iter': 2000, 'solver': 'adam'}",0.09375,0.01607142857142857,0.015584415584415584,0.0087890625,0.008522727272727272,0.09375,0.09090909090909091,0.09375,0.1875,0.28125,0.34375,0.4375,0.09375,0.09523809523809523,0.016563146997929608,0.015810276679841896,0.009070294784580499,0.008658008658008658,0.09523809523809523,0.09090909090909091,0.09523809523809523,0.19047619047619047,0.2857142857142857,0.3492063492063492,0.4444444444444444,0.09523809523809523
NaiveBayes,F_vs_T,123,False,True,experiment_results_statistical_IL_top_10_video_2025-08-14_220927_early_stop/naivebayes_F_vs_T_2025-08-14_220927_seed123_early_stop.pkl,"{'priors': None, 'var_smoothing': 1e-09}",0.828125,0.7854020979020979,0.761602034329307,0.7717633928571428,0.7483766233766235,0.828125,0.8030303030303031,0.828125,0.9375,1.0,1.0,1.0,0.734375,0.4444444444444444,0.3744142101284958,0.36497113997113995,0.404572940287226,0.39123376623376627,0.4444444444444444,0.4393939393939394,0.4603174603174603,0.7619047619047619,0.8888888888888888,0.8888888888888888,0.9206349206349206,0.36507936507936506
LightGBM,F_vs_T,123,False,True,experiment_results_statistical_IL_top_10_video_2025-08-14_220927_early_stop/lightgbm_F_vs_T_2025-08-14_220927_seed123_early_stop.pkl,"{'boosting_type': 'gbdt', 'class_weight': None, 'colsample_bytree': 1.0, 'importance_type': 'split', 'learning_rate': 0.1, 'max_depth': -1, 'min_child_samples': 20, 'min_child_weight': 0.001, 'min_split_gain': 0.0, 'n_estimators': 100, 'n_jobs': -1, 'num_leaves': 31, 'objective': None, 'random_state': 123, 'reg_alpha': 0.0, 'reg_lambda': 0.0, 'subsample': 1.0, 'subsample_for_bin': 200000, 'subsample_freq': 0, 'verbose': -1}",0.84375,0.8011363636363636,0.7768595041322314,0.78515625,0.7613636363636364,0.84375,0.8181818181818182,0.84375,0.9375,1.0,1.0,1.0,0.75,0.5079365079365079,0.4706076991791277,0.4564314473405382,0.47378117913832196,0.45698051948051943,0.5079365079365079,0.49999999999999994,0.5238095238095238,0.7301587301587301,0.8571428571428571,0.873015873015873,0.8888888888888888,0.42857142857142855
ExtraTrees,F_vs_T,123,False,True,experiment_results_statistical_IL_top_10_video_2025-08-14_220927_early_stop/extratrees_F_vs_T_2025-08-14_220927_seed123_early_stop.pkl,"{'bootstrap': False, 'ccp_alpha': 0.0, 'class_weight': None, 'criterion': 'gini', 'max_depth': None, 'max_features': 'sqrt', 'max_leaf_nodes': None, 'max_samples': None, 'min_impurity_decrease': 0.0, 'min_samples_leaf': 1, 'min_samples_split': 2, 'min_weight_fraction_leaf': 0.0, 'monotonic_cst': None, 'n_estimators': 100, 'n_jobs': -1, 'oob_score': False, 'random_state': 123, 'verbose': 0, 'warm_start': False}",0.84375,0.8011363636363636,0.7768595041322314,0.78515625,0.7613636363636364,0.84375,0.8181818181818182,0.84375,0.9375,1.0,1.0,1.0,0.75,0.5079365079365079,0.46674542388828105,0.45310548037820764,0.480801209372638,0.4639971139971139,0.5079365079365079,0.5,0.5238095238095238,0.8571428571428571,1.0,1.0,1.0,0.42857142857142855
GradientBoosting,F_vs_T,123,False,True,experiment_results_statistical_IL_top_10_video_2025-08-14_220927_early_stop/gradientboosting_F_vs_T_2025-08-14_220927_seed123_early_stop.pkl,"{'ccp_alpha': 0.0, 'criterion': 'friedman_mse', 'init': None, 'learning_rate': 0.1, 'loss': 'log_loss', 'max_depth': 3, 'max_features': None, 'max_leaf_nodes': None, 'min_impurity_decrease': 0.0, 'min_samples_leaf': 1, 'min_samples_split': 2, 'min_weight_fraction_leaf': 0.0, 'n_estimators': 100, 'n_iter_no_change': None, 'random_state': 123, 'subsample': 1.0, 'tol': 0.0001, 'validation_fraction': 0.1, 'verbose': 0, 'warm_start': False}",0.84375,0.8011363636363636,0.7768595041322314,0.78515625,0.7613636363636364,0.84375,0.8181818181818182,0.84375,0.9375,1.0,1.0,1.0,0.75,0.5238095238095238,0.48168498168498175,0.4673659673659674,0.5034013605442177,0.4855699855699855,0.5238095238095238,0.5151515151515151,0.5396825396825397,0.7301587301587301,0.8253968253968254,0.9365079365079365,0.9682539682539683,0.4444444444444444
KNN,F_vs_T,123,False,True,experiment_results_statistical_IL_top_10_video_2025-08-14_220927_early_stop/knn_F_vs_T_2025-08-14_220927_seed123_early_stop.pkl,"{'algorithm': 'auto', 'leaf_size': 30, 'metric': 'minkowski', 'metric_params': None, 'n_jobs': -1, 'n_neighbors': 5, 'p': 2, 'weights': 'uniform'}",0.453125,0.4374387254901961,0.42418300653594776,0.5769886363636363,0.5595041322314049,0.453125,0.4393939393939394,0.515625,0.8125,0.890625,0.90625,0.90625,0.421875,0.3333333333333333,0.29226090516413095,0.28386390409850826,0.3068724925867783,0.29583749583749586,0.3333333333333333,0.3333333333333333,0.42857142857142855,0.6507936507936508,0.6666666666666666,0.7301587301587301,0.746031746031746,0.3333333333333333
LogisticRegression,F_vs_T,123,False,True,experiment_results_statistical_IL_top_10_video_2025-08-14_220927_early_stop/logisticregression_F_vs_T_2025-08-14_220927_seed123_early_stop.pkl,"{'C': 1.0, 'class_weight': None, 'dual': False, 'fit_intercept': True, 'intercept_scaling': 1, 'l1_ratio': None, 'max_iter': 100, 'multi_class': 'deprecated', 'n_jobs': -1, 'penalty': 'l2', 'random_state': 123, 'solver': 'lbfgs', 'tol': 0.0001, 'verbose': 0, 'warm_start': False}",0.4375,0.3899350649350649,0.37811885084612357,0.49375,0.4787878787878787,0.4375,0.42424242424242425,0.4375,0.625,0.8125,0.921875,0.921875,0.4375,0.25396825396825395,0.18911987483416054,0.18052351688715326,0.1876684006936108,0.1791380188439012,0.25396825396825395,0.2424242424242424,0.25396825396825395,0.5396825396825397,0.6984126984126984,0.7777777777777778,0.8095238095238095,0.25396825396825395
RandomForest,F_vs_T,456,True,True,experiment_results_statistical_IL_top_10_video_2025-08-14_220927_early_stop/randomforest_F_vs_T_2025-08-14_220927_seed456_early_stop.pkl,"{'bootstrap': True, 'max_depth': 10, 'max_features': 'sqrt', 'min_samples_leaf': 1, 'min_samples_split': 10, 'n_estimators': 500}",0.84375,0.8011363636363636,0.7768595041322314,0.78515625,0.7613636363636364,0.84375,0.8181818181818182,0.84375,0.9375,1.0,1.0,1.0,0.84375,0.5555555555555556,0.5112739112739113,0.4880341880341881,0.5069160997732426,0.4838744588744588,0.5555555555555556,0.5303030303030303,0.5555555555555556,0.8253968253968254,1.0,1.0,1.0,0.5555555555555556
XGBoost,F_vs_T,456,True,True,experiment_results_statistical_IL_top_10_video_2025-08-14_220927_early_stop/xgboost_F_vs_T_2025-08-14_220927_seed456_early_stop.pkl,"{'colsample_bytree': 0.8, 'device': 'cpu', 'learning_rate': 0.05, 'max_depth': 4, 'n_estimators': 1000, 'reg_lambda': 1, 'subsample': 0.8}",0.84375,0.8011363636363636,0.7768595041322314,0.78515625,0.7613636363636364,0.84375,0.8181818181818182,0.84375,0.9375,1.0,1.0,1.0,0.84375,0.5079365079365079,0.46182124753553316,0.4484051302233121,0.48189720332577474,0.46504329004329004,0.5079365079365079,0.5,0.5079365079365079,0.7142857142857143,0.9206349206349206,0.9523809523809523,0.9682539682539683,0.5079365079365079
CatBoost,F_vs_T,456,True,True,experiment_results_statistical_IL_top_10_video_2025-08-14_220927_early_stop/catboost_F_vs_T_2025-08-14_220927_seed456_early_stop.pkl,"{'border_count': 32, 'depth': 4, 'iterations': 1000, 'l2_leaf_reg': 1, 'learning_rate': 0.1}",0.84375,0.8011363636363636,0.7768595041322314,0.78515625,0.7613636363636364,0.84375,0.8181818181818182,0.84375,0.9375,1.0,1.0,1.0,0.75,0.5238095238095238,0.4856154427582999,0.47111777111777114,0.500755857898715,0.483044733044733,0.5238095238095238,0.5151515151515151,0.5396825396825397,0.8253968253968254,0.9841269841269841,0.9841269841269841,0.9841269841269841,0.4444444444444444
SVM,F_vs_T,456,True,True,experiment_results_statistical_IL_top_10_video_2025-08-14_220927_early_stop/svm_F_vs_T_2025-08-14_220927_seed456_early_stop.pkl,"{'C': 0.1, 'decision_function_shape': 'ovo', 'gamma': 'scale', 'kernel': 'rbf'}",0.703125,0.658795348673066,0.6388318532587308,0.7112132352941176,0.6896613190730837,0.703125,0.6818181818181819,0.0,0.0,0.0,0.0,0.078125,0.0,0.47619047619047616,0.4075480075480076,0.3965988556897647,0.39667422524565377,0.3836940836940837,0.47619047619047616,0.46969696969696967,0.0,0.0,0.031746031746031744,0.047619047619047616,0.14285714285714285,0.0
MLP,F_vs_T,456,True,True,experiment_results_statistical_IL_top_10_video_2025-08-14_220927_early_stop/mlp_F_vs_T_2025-08-14_220927_seed456_early_stop.pkl,"{'activation': 'relu', 'alpha': 0.0001, 'batch_size': 36, 'early_stopping': True, 'hidden_layer_sizes': [50], 'learning_rate': 'constant', 'learning_rate_init': 0.001, 'max_iter': 2000, 'solver': 'adam'}",0.09375,0.01607142857142857,0.015584415584415584,0.0087890625,0.008522727272727272,0.09375,0.09090909090909091,0.09375,0.1875,0.28125,0.375,0.46875,0.09375,0.09523809523809523,0.016563146997929608,0.015810276679841896,0.009070294784580499,0.008658008658008658,0.09523809523809523,0.09090909090909091,0.09523809523809523,0.1746031746031746,0.2698412698412698,0.36507936507936506,0.4603174603174603,0.09523809523809523
NaiveBayes,F_vs_T,456,False,True,experiment_results_statistical_IL_top_10_video_2025-08-14_220927_early_stop/naivebayes_F_vs_T_2025-08-14_220927_seed456_early_stop.pkl,"{'priors': None, 'var_smoothing': 1e-09}",0.828125,0.7854020979020979,0.761602034329307,0.7717633928571428,0.7483766233766235,0.828125,0.8030303030303031,0.828125,0.9375,1.0,1.0,1.0,0.734375,0.4444444444444444,0.3744142101284958,0.36497113997113995,0.404572940287226,0.39123376623376627,0.4444444444444444,0.4393939393939394,0.4603174603174603,0.7619047619047619,0.8888888888888888,0.8888888888888888,0.9206349206349206,0.36507936507936506
LightGBM,F_vs_T,456,False,True,experiment_results_statistical_IL_top_10_video_2025-08-14_220927_early_stop/lightgbm_F_vs_T_2025-08-14_220927_seed456_early_stop.pkl,"{'boosting_type': 'gbdt', 'class_weight': None, 'colsample_bytree': 1.0, 'importance_type': 'split', 'learning_rate': 0.1, 'max_depth': -1, 'min_child_samples': 20, 'min_child_weight': 0.001, 'min_split_gain': 0.0, 'n_estimators': 100, 'n_jobs': -1, 'num_leaves': 31, 'objective': None, 'random_state': 456, 'reg_alpha': 0.0, 'reg_lambda': 0.0, 'subsample': 1.0, 'subsample_for_bin': 200000, 'subsample_freq': 0, 'verbose': -1}",0.84375,0.8011363636363636,0.7768595041322314,0.78515625,0.7613636363636364,0.84375,0.8181818181818182,0.84375,0.9375,1.0,1.0,1.0,0.75,0.5079365079365079,0.4706076991791277,0.4564314473405382,0.47378117913832196,0.45698051948051943,0.5079365079365079,0.49999999999999994,0.5238095238095238,0.7301587301587301,0.8571428571428571,0.873015873015873,0.8888888888888888,0.42857142857142855
ExtraTrees,F_vs_T,456,False,True,experiment_results_statistical_IL_top_10_video_2025-08-14_220927_early_stop/extratrees_F_vs_T_2025-08-14_220927_seed456_early_stop.pkl,"{'bootstrap': False, 'ccp_alpha': 0.0, 'class_weight': None, 'criterion': 'gini', 'max_depth': None, 'max_features': 'sqrt', 'max_leaf_nodes': None, 'max_samples': None, 'min_impurity_decrease': 0.0, 'min_samples_leaf': 1, 'min_samples_split': 2, 'min_weight_fraction_leaf': 0.0, 'monotonic_cst': None, 'n_estimators': 100, 'n_jobs': -1, 'oob_score': False, 'random_state': 456, 'verbose': 0, 'warm_start': False}",0.84375,0.8011363636363636,0.7768595041322314,0.78515625,0.7613636363636364,0.84375,0.8181818181818182,0.84375,0.9375,1.0,1.0,1.0,0.75,0.5079365079365079,0.4616140473283331,0.44820734820734826,0.45559334845049126,0.43993506493506485,0.5079365079365079,0.5,0.5238095238095238,0.873015873015873,1.0,1.0,1.0,0.42857142857142855
GradientBoosting,F_vs_T,456,False,True,experiment_results_statistical_IL_top_10_video_2025-08-14_220927_early_stop/gradientboosting_F_vs_T_2025-08-14_220927_seed456_early_stop.pkl,"{'ccp_alpha': 0.0, 'criterion': 'friedman_mse', 'init': None, 'learning_rate': 0.1, 'loss': 'log_loss', 'max_depth': 3, 'max_features': None, 'max_leaf_nodes': None, 'min_impurity_decrease': 0.0, 'min_samples_leaf': 1, 'min_samples_split': 2, 'min_weight_fraction_leaf': 0.0, 'n_estimators': 100, 'n_iter_no_change': None, 'random_state': 456, 'subsample': 1.0, 'tol': 0.0001, 'validation_fraction': 0.1, 'verbose': 0, 'warm_start': False}",0.84375,0.8011363636363636,0.7768595041322314,0.78515625,0.7613636363636364,0.84375,0.8181818181818182,0.84375,0.9375,1.0,1.0,1.0,0.75,0.5396825396825397,0.4871779014636158,0.47260920897284536,0.4968253968253968,0.47929292929292927,0.5396825396825397,0.5303030303030303,0.5555555555555556,0.7142857142857143,0.8412698412698413,0.9365079365079365,0.9841269841269841,0.4603174603174603
KNN,F_vs_T,456,False,True,experiment_results_statistical_IL_top_10_video_2025-08-14_220927_early_stop/knn_F_vs_T_2025-08-14_220927_seed456_early_stop.pkl,"{'algorithm': 'auto', 'leaf_size': 30, 'metric': 'minkowski', 'metric_params': None, 'n_jobs': -1, 'n_neighbors': 5, 'p': 2, 'weights': 'uniform'}",0.453125,0.4374387254901961,0.42418300653594776,0.5769886363636363,0.5595041322314049,0.453125,0.4393939393939394,0.515625,0.8125,0.890625,0.90625,0.90625,0.421875,0.3333333333333333,0.29226090516413095,0.28386390409850826,0.3068724925867783,0.29583749583749586,0.3333333333333333,0.3333333333333333,0.42857142857142855,0.6507936507936508,0.6666666666666666,0.7301587301587301,0.746031746031746,0.3333333333333333
LogisticRegression,F_vs_T,456,False,True,experiment_results_statistical_IL_top_10_video_2025-08-14_220927_early_stop/logisticregression_F_vs_T_2025-08-14_220927_seed456_early_stop.pkl,"{'C': 1.0, 'class_weight': None, 'dual': False, 'fit_intercept': True, 'intercept_scaling': 1, 'l1_ratio': None, 'max_iter': 100, 'multi_class': 'deprecated', 'n_jobs': -1, 'penalty': 'l2', 'random_state': 456, 'solver': 'lbfgs', 'tol': 0.0001, 'verbose': 0, 'warm_start': False}",0.4375,0.3899350649350649,0.37811885084612357,0.49375,0.4787878787878787,0.4375,0.42424242424242425,0.4375,0.625,0.8125,0.921875,0.921875,0.4375,0.25396825396825395,0.18911987483416054,0.18052351688715326,0.1876684006936108,0.1791380188439012,0.25396825396825395,0.2424242424242424,0.25396825396825395,0.5396825396825397,0.6984126984126984,0.7777777777777778,0.8095238095238095,0.25396825396825395
RandomForest,I_vs_F,42,True,True,experiment_results_statistical_IL_top_10_video_2025-08-14_220927_early_stop/randomforest_I_vs_F_2025-08-14_220927_seed42_early_stop.pkl,"{'bootstrap': True, 'max_depth': 10, 'max_features': 'sqrt', 'min_samples_leaf': 2, 'min_samples_split': 2, 'n_estimators': 500}",0.8307692307692308,0.7866220735785953,0.774703557312253,0.7710407239819005,0.7593582887700535,0.8307692307692308,0.8181818181818182,0.8307692307692308,0.9230769230769231,1.0,1.0,1.0,0.8307692307692308,0.59375,0.5444742757242758,0.5279750552477824,0.5518973214285714,0.5351731601731602,0.59375,0.5757575757575757,0.59375,0.828125,0.9375,0.96875,0.96875,0.59375
XGBoost,I_vs_F,42,True,True,experiment_results_statistical_IL_top_10_video_2025-08-14_220927_early_stop/xgboost_I_vs_F_2025-08-14_220927_seed42_early_stop.pkl,"{'colsample_bytree': 0.8, 'device': 'cpu', 'learning_rate': 0.05, 'max_depth': 4, 'n_estimators': 1000, 'reg_lambda': 1, 'subsample': 1.0}",0.8307692307692308,0.7866220735785953,0.774703557312253,0.7710407239819005,0.7593582887700535,0.8307692307692308,0.8181818181818182,0.8307692307692308,0.9230769230769231,1.0,1.0,1.0,0.8307692307692308,0.53125,0.4930194805194805,0.4780794962613145,0.49453125,0.4795454545454545,0.53125,0.5151515151515151,0.53125,0.78125,0.90625,0.90625,0.90625,0.53125
CatBoost,I_vs_F,42,True,True,experiment_results_statistical_IL_top_10_video_2025-08-14_220927_early_stop/catboost_I_vs_F_2025-08-14_220927_seed42_early_stop.pkl,"{'border_count': 32, 'depth': 8, 'iterations': 1000, 'l2_leaf_reg': 1, 'learning_rate': 0.05}",0.8307692307692308,0.7866220735785953,0.774703557312253,0.7710407239819005,0.7593582887700535,0.8307692307692308,0.8181818181818182,0.8307692307692308,0.9230769230769231,1.0,1.0,1.0,0.7384615384615385,0.546875,0.5032467532467533,0.4879968516332153,0.50859375,0.49318181818181817,0.546875,0.5303030303030304,0.515625,0.828125,0.96875,0.96875,0.96875,0.453125
SVM,I_vs_F,42,True,True,experiment_results_statistical_IL_top_10_video_2025-08-14_220927_early_stop/svm_I_vs_F_2025-08-14_220927_seed42_early_stop.pkl,"{'C': 10, 'decision_function_shape': 'ovo', 'gamma': 'scale', 'kernel': 'rbf'}",0.8307692307692308,0.7866220735785953,0.774703557312253,0.7710407239819005,0.7593582887700535,0.8307692307692308,0.8181818181818182,0.6923076923076923,0.9076923076923077,1.0,1.0,1.0,0.6923076923076923,0.484375,0.4429432546620047,0.4410647433374706,0.45733981092436976,0.45061115355233006,0.484375,0.5,0.53125,0.78125,0.9375,0.953125,0.96875,0.53125
MLP,I_vs_F,42,True,True,experiment_results_statistical_IL_top_10_video_2025-08-14_220927_early_stop/mlp_I_vs_F_2025-08-14_220927_seed42_early_stop.pkl,"{'activation': 'relu', 'alpha': 0.0001, 'batch_size': 36, 'early_stopping': True, 'hidden_layer_sizes': [50], 'learning_rate': 'constant', 'learning_rate_init': 0.001, 'max_iter': 2000, 'solver': 'adam'}",0.09230769230769231,0.015601300108342361,0.015364916773367477,0.008520710059171599,0.008391608391608392,0.09230769230769231,0.09090909090909091,0.09230769230769231,0.16923076923076924,0.26153846153846155,0.35384615384615387,0.4461538461538462,0.09230769230769231,0.09375,0.01607142857142857,0.015584415584415584,0.0087890625,0.008522727272727272,0.09375,0.09090909090909091,0.09375,0.1875,0.25,0.34375,0.4375,0.09375
NaiveBayes,I_vs_F,42,False,True,experiment_results_statistical_IL_top_10_video_2025-08-14_220927_early_stop/naivebayes_I_vs_F_2025-08-14_220927_seed42_early_stop.pkl,"{'priors': None, 'var_smoothing': 1e-09}",0.8307692307692308,0.7866220735785953,0.774703557312253,0.7710407239819005,0.7593582887700535,0.8307692307692308,0.8181818181818182,0.8307692307692308,0.9230769230769231,1.0,1.0,1.0,0.7384615384615385,0.5,0.4254479895104895,0.4125556261919898,0.3981026785714286,0.386038961038961,0.5,0.4848484848484848,0.46875,0.703125,0.828125,0.90625,0.9375,0.40625
LightGBM,I_vs_F,42,False,True,experiment_results_statistical_IL_top_10_video_2025-08-14_220927_early_stop/lightgbm_I_vs_F_2025-08-14_220927_seed42_early_stop.pkl,"{'boosting_type': 'gbdt', 'class_weight': None, 'colsample_bytree': 1.0, 'importance_type': 'split', 'learning_rate': 0.1, 'max_depth': -1, 'min_child_samples': 20, 'min_child_weight': 0.001, 'min_split_gain': 0.0, 'n_estimators': 100, 'n_jobs': -1, 'num_leaves': 31, 'objective': None, 'random_state': 42, 'reg_alpha': 0.0, 'reg_lambda': 0.0, 'subsample': 1.0, 'subsample_for_bin': 200000, 'subsample_freq': 0, 'verbose': -1}",0.8307692307692308,0.7866220735785953,0.774703557312253,0.7710407239819005,0.7593582887700535,0.8307692307692308,0.8181818181818182,0.8307692307692308,0.9230769230769231,1.0,1.0,1.0,0.7384615384615385,0.5625,0.5178285256410257,0.5021367521367522,0.5616071428571429,0.5445887445887446,0.5625,0.5454545454545455,0.53125,0.6875,0.78125,0.828125,0.859375,0.46875
ExtraTrees,I_vs_F,42,False,True,experiment_results_statistical_IL_top_10_video_2025-08-14_220927_early_stop/extratrees_I_vs_F_2025-08-14_220927_seed42_early_stop.pkl,"{'bootstrap': False, 'ccp_alpha': 0.0, 'class_weight': None, 'criterion': 'gini', 'max_depth': None, 'max_features': 'sqrt', 'max_leaf_nodes': None, 'max_samples': None, 'min_impurity_decrease': 0.0, 'min_samples_leaf': 1, 'min_samples_split': 2, 'min_weight_fraction_leaf': 0.0, 'monotonic_cst': None, 'n_estimators': 100, 'n_jobs': -1, 'oob_score': False, 'random_state': 42, 'verbose': 0, 'warm_start': False}",0.8307692307692308,0.7866220735785953,0.774703557312253,0.7710407239819005,0.7593582887700535,0.8307692307692308,0.8181818181818182,0.8307692307692308,0.9230769230769231,1.0,1.0,1.0,0.7384615384615385,0.59375,0.5494005994005994,0.53275209638846,0.5426339285714286,0.5261904761904762,0.59375,0.5757575757575757,0.578125,0.796875,0.953125,0.96875,0.984375,0.5
GradientBoosting,I_vs_F,42,False,True,experiment_results_statistical_IL_top_10_video_2025-08-14_220927_early_stop/gradientboosting_I_vs_F_2025-08-14_220927_seed42_early_stop.pkl,"{'ccp_alpha': 0.0, 'criterion': 'friedman_mse', 'init': None, 'learning_rate': 0.1, 'loss': 'log_loss', 'max_depth': 3, 'max_features': None, 'max_leaf_nodes': None, 'min_impurity_decrease': 0.0, 'min_samples_leaf': 1, 'min_samples_split': 2, 'min_weight_fraction_leaf': 0.0, 'n_estimators': 100, 'n_iter_no_change': None, 'random_state': 42, 'subsample': 1.0, 'tol': 0.0001, 'validation_fraction': 0.1, 'verbose': 0, 'warm_start': False}",0.8307692307692308,0.7866220735785953,0.774703557312253,0.7710407239819005,0.7593582887700535,0.8307692307692308,0.8181818181818182,0.8307692307692308,0.9230769230769231,1.0,1.0,1.0,0.7384615384615385,0.515625,0.462150992389963,0.44814641686299445,0.5005377435064935,0.4853699330972058,0.515625,0.5,0.484375,0.6875,0.8125,0.84375,0.84375,0.421875
KNN,I_vs_F,42,False,True,experiment_results_statistical_IL_top_10_video_2025-08-14_220927_early_stop/knn_I_vs_F_2025-08-14_220927_seed42_early_stop.pkl,"{'algorithm': 'auto', 'leaf_size': 30, 'metric': 'minkowski', 'metric_params': None, 'n_jobs': -1, 'n_neighbors': 5, 'p': 2, 'weights': 'uniform'}",0.4153846153846154,0.38060712216309944,0.37972793311761743,0.4814362560516407,0.4770555202373385,0.4153846153846154,0.4242424242424242,0.47692307692307695,0.7384615384615385,0.8769230769230769,0.9076923076923077,0.9076923076923077,0.4,0.359375,0.3048473696911197,0.2956095706095706,0.3197076612903226,0.31001955034213097,0.359375,0.34848484848484845,0.359375,0.5625,0.703125,0.765625,0.765625,0.328125
LogisticRegression,I_vs_F,42,False,True,experiment_results_statistical_IL_top_10_video_2025-08-14_220927_early_stop/logisticregression_I_vs_F_2025-08-14_220927_seed42_early_stop.pkl,"{'C': 1.0, 'class_weight': None, 'dual': False, 'fit_intercept': True, 'intercept_scaling': 1, 'l1_ratio': None, 'max_iter': 100, 'multi_class': 'deprecated', 'n_jobs': -1, 'penalty': 'l2', 'random_state': 42, 'solver': 'lbfgs', 'tol': 0.0001, 'verbose': 0, 'warm_start': False}",0.36923076923076925,0.3430769230769231,0.3378787878787879,0.5016483516483518,0.494047619047619,0.36923076923076925,0.36363636363636365,0.36923076923076925,0.6307692307692307,0.8,0.8923076923076924,0.9076923076923077,0.36923076923076925,0.171875,0.12397851089588377,0.12022158632328123,0.22936320754716982,0.22241280731846771,0.171875,0.16666666666666666,0.171875,0.390625,0.53125,0.671875,0.71875,0.171875
RandomForest,I_vs_F,123,True,True,experiment_results_statistical_IL_top_10_video_2025-08-14_220927_early_stop/randomforest_I_vs_F_2025-08-14_220927_seed123_early_stop.pkl,"{'bootstrap': True, 'max_depth': 10, 'max_features': 'log2', 'min_samples_leaf': 1, 'min_samples_split': 10, 'n_estimators': 500}",0.8307692307692308,0.7866220735785953,0.774703557312253,0.7710407239819005,0.7593582887700535,0.8307692307692308,0.8181818181818182,0.8307692307692308,0.9230769230769231,1.0,1.0,1.0,0.8307692307692308,0.515625,0.4674606643356643,0.45329518965882604,0.47075892857142854,0.4564935064935065,0.515625,0.5,0.515625,0.8125,0.9375,0.984375,0.984375,0.515625
XGBoost,I_vs_F,123,True,True,experiment_results_statistical_IL_top_10_video_2025-08-14_220927_early_stop/xgboost_I_vs_F_2025-08-14_220927_seed123_early_stop.pkl,"{'colsample_bytree': 0.8, 'device': 'cpu', 'learning_rate': 0.05, 'max_depth': 4, 'n_estimators': 1000, 'reg_lambda': 3, 'subsample': 0.8}",0.8307692307692308,0.7866220735785953,0.774703557312253,0.7710407239819005,0.7593582887700535,0.8307692307692308,0.8181818181818182,0.8307692307692308,0.9230769230769231,1.0,1.0,1.0,0.8307692307692308,0.53125,0.49491003787878785,0.4799127640036731,0.515625,0.5,0.53125,0.5151515151515151,0.53125,0.765625,0.90625,0.90625,0.90625,0.53125
CatBoost,I_vs_F,123,True,True,experiment_results_statistical_IL_top_10_video_2025-08-14_220927_early_stop/catboost_I_vs_F_2025-08-14_220927_seed123_early_stop.pkl,"{'border_count': 32, 'depth': 6, 'iterations': 1000, 'l2_leaf_reg': 1, 'learning_rate': 0.1}",0.8307692307692308,0.7866220735785953,0.774703557312253,0.7710407239819005,0.7593582887700535,0.8307692307692308,0.8181818181818182,0.8307692307692308,0.9230769230769231,1.0,1.0,1.0,0.7384615384615385,0.53125,0.4787446928071928,0.46423727787364144,0.4845982142857143,0.46991341991341984,0.53125,0.5151515151515151,0.5,0.78125,0.953125,0.984375,0.984375,0.4375
SVM,I_vs_F,123,True,True,experiment_results_statistical_IL_top_10_video_2025-08-14_220927_early_stop/svm_I_vs_F_2025-08-14_220927_seed123_early_stop.pkl,"{'C': 10, 'decision_function_shape': 'ovo', 'gamma': 'scale', 'kernel': 'rbf'}",0.8307692307692308,0.7866220735785953,0.774703557312253,0.7710407239819005,0.7593582887700535,0.8307692307692308,0.8181818181818182,0.676923076923077,0.8307692307692308,1.0,1.0,1.0,0.676923076923077,0.484375,0.4429432546620047,0.4410647433374706,0.45733981092436976,0.45061115355233006,0.484375,0.5,0.40625,0.734375,0.953125,0.953125,0.953125,0.40625
MLP,I_vs_F,123,True,True,experiment_results_statistical_IL_top_10_video_2025-08-14_220927_early_stop/mlp_I_vs_F_2025-08-14_220927_seed123_early_stop.pkl,"{'activation': 'relu', 'alpha': 0.0001, 'batch_size': 36, 'early_stopping': True, 'hidden_layer_sizes': [50], 'learning_rate': 'constant', 'learning_rate_init': 0.001, 'max_iter': 2000, 'solver': 'adam'}",0.09230769230769231,0.015601300108342361,0.015364916773367477,0.008520710059171599,0.008391608391608392,0.09230769230769231,0.09090909090909091,0.09230769230769231,0.18461538461538463,0.27692307692307694,0.36923076923076925,0.46153846153846156,0.09230769230769231,0.0625,0.007352941176470588,0.0106951871657754,0.00390625,0.005681818181818182,0.0625,0.09090909090909091,0.0625,0.15625,0.25,0.34375,0.4375,0.0625
NaiveBayes,I_vs_F,123,False,True,experiment_results_statistical_IL_top_10_video_2025-08-14_220927_early_stop/naivebayes_I_vs_F_2025-08-14_220927_seed123_early_stop.pkl,"{'priors': None, 'var_smoothing': 1e-09}",0.8307692307692308,0.7866220735785953,0.774703557312253,0.7710407239819005,0.7593582887700535,0.8307692307692308,0.8181818181818182,0.8307692307692308,0.9230769230769231,1.0,1.0,1.0,0.7384615384615385,0.5,0.4254479895104895,0.4125556261919898,0.3981026785714286,0.386038961038961,0.5,0.4848484848484848,0.46875,0.703125,0.828125,0.90625,0.9375,0.40625
LightGBM,I_vs_F,123,False,True,experiment_results_statistical_IL_top_10_video_2025-08-14_220927_early_stop/lightgbm_I_vs_F_2025-08-14_220927_seed123_early_stop.pkl,"{'boosting_type': 'gbdt', 'class_weight': None, 'colsample_bytree': 1.0, 'importance_type': 'split', 'learning_rate': 0.1, 'max_depth': -1, 'min_child_samples': 20, 'min_child_weight': 0.001, 'min_split_gain': 0.0, 'n_estimators': 100, 'n_jobs': -1, 'num_leaves': 31, 'objective': None, 'random_state': 123, 'reg_alpha': 0.0, 'reg_lambda': 0.0, 'subsample': 1.0, 'subsample_for_bin': 200000, 'subsample_freq': 0, 'verbose': -1}",0.8307692307692308,0.7866220735785953,0.774703557312253,0.7710407239819005,0.7593582887700535,0.8307692307692308,0.8181818181818182,0.8307692307692308,0.9230769230769231,1.0,1.0,1.0,0.7384615384615385,0.5625,0.5178285256410257,0.5021367521367522,0.5616071428571429,0.5445887445887446,0.5625,0.5454545454545455,0.53125,0.6875,0.78125,0.828125,0.859375,0.46875
ExtraTrees,I_vs_F,123,False,True,experiment_results_statistical_IL_top_10_video_2025-08-14_220927_early_stop/extratrees_I_vs_F_2025-08-14_220927_seed123_early_stop.pkl,"{'bootstrap': False, 'ccp_alpha': 0.0, 'class_weight': None, 'criterion': 'gini', 'max_depth': None, 'max_features': 'sqrt', 'max_leaf_nodes': None, 'max_samples': None, 'min_impurity_decrease': 0.0, 'min_samples_leaf': 1, 'min_samples_split': 2, 'min_weight_fraction_leaf': 0.0, 'monotonic_cst': None, 'n_estimators': 100, 'n_jobs': -1, 'oob_score': False, 'random_state': 123, 'verbose': 0, 'warm_start': False}",0.8307692307692308,0.7866220735785953,0.774703557312253,0.7710407239819005,0.7593582887700535,0.8307692307692308,0.8181818181818182,0.8307692307692308,0.9230769230769231,1.0,1.0,1.0,0.7384615384615385,0.546875,0.4923623251748252,0.477442254714982,0.49702380952380953,0.4819624819624819,0.546875,0.5303030303030303,0.515625,0.828125,0.96875,0.96875,1.0,0.453125
GradientBoosting,I_vs_F,123,False,True,experiment_results_statistical_IL_top_10_video_2025-08-14_220927_early_stop/gradientboosting_I_vs_F_2025-08-14_220927_seed123_early_stop.pkl,"{'ccp_alpha': 0.0, 'criterion': 'friedman_mse', 'init': None, 'learning_rate': 0.1, 'loss': 'log_loss', 'max_depth': 3, 'max_features': None, 'max_leaf_nodes': None, 'min_impurity_decrease': 0.0, 'min_samples_leaf': 1, 'min_samples_split': 2, 'min_weight_fraction_leaf': 0.0, 'n_estimators': 100, 'n_iter_no_change': None, 'random_state': 123, 'subsample': 1.0, 'tol': 0.0001, 'validation_fraction': 0.1, 'verbose': 0, 'warm_start': False}",0.8307692307692308,0.7866220735785953,0.774703557312253,0.7710407239819005,0.7593582887700535,0.8307692307692308,0.8181818181818182,0.8307692307692308,0.9230769230769231,1.0,1.0,1.0,0.7384615384615385,0.515625,0.4599276722318602,0.44599047004301595,0.49846972880061113,0.48336458550362293,0.515625,0.5,0.484375,0.6875,0.796875,0.84375,0.84375,0.421875
KNN,I_vs_F,123,False,True,experiment_results_statistical_IL_top_10_video_2025-08-14_220927_early_stop/knn_I_vs_F_2025-08-14_220927_seed123_early_stop.pkl,"{'algorithm': 'auto', 'leaf_size': 30, 'metric': 'minkowski', 'metric_params': None, 'n_jobs': -1, 'n_neighbors': 5, 'p': 2, 'weights': 'uniform'}",0.4153846153846154,0.38060712216309944,0.37972793311761743,0.4814362560516407,0.4770555202373385,0.4153846153846154,0.4242424242424242,0.47692307692307695,0.7384615384615385,0.8769230769230769,0.9076923076923077,0.9076923076923077,0.4,0.359375,0.3048473696911197,0.2956095706095706,0.3197076612903226,0.31001955034213097,0.359375,0.34848484848484845,0.359375,0.5625,0.703125,0.765625,0.765625,0.328125
LogisticRegression,I_vs_F,123,False,True,experiment_results_statistical_IL_top_10_video_2025-08-14_220927_early_stop/logisticregression_I_vs_F_2025-08-14_220927_seed123_early_stop.pkl,"{'C': 1.0, 'class_weight': None, 'dual': False, 'fit_intercept': True, 'intercept_scaling': 1, 'l1_ratio': None, 'max_iter': 100, 'multi_class': 'deprecated', 'n_jobs': -1, 'penalty': 'l2', 'random_state': 123, 'solver': 'lbfgs', 'tol': 0.0001, 'verbose': 0, 'warm_start': False}",0.36923076923076925,0.3430769230769231,0.3378787878787879,0.5016483516483518,0.494047619047619,0.36923076923076925,0.36363636363636365,0.36923076923076925,0.6307692307692307,0.8,0.8923076923076924,0.9076923076923077,0.36923076923076925,0.171875,0.12397851089588377,0.12022158632328123,0.22936320754716982,0.22241280731846771,0.171875,0.16666666666666666,0.171875,0.390625,0.53125,0.671875,0.71875,0.171875
RandomForest,I_vs_F,456,True,True,experiment_results_statistical_IL_top_10_video_2025-08-14_220927_early_stop/randomforest_I_vs_F_2025-08-14_220927_seed456_early_stop.pkl,"{'bootstrap': True, 'max_depth': 10, 'max_features': 'sqrt', 'min_samples_leaf': 2, 'min_samples_split': 2, 'n_estimators': 500}",0.8307692307692308,0.7866220735785953,0.774703557312253,0.7710407239819005,0.7593582887700535,0.8307692307692308,0.8181818181818182,0.8307692307692308,0.9230769230769231,1.0,1.0,1.0,0.8307692307692308,0.5625,0.517288961038961,0.5016135379771743,0.5265625,0.5106060606060606,0.5625,0.5454545454545454,0.5625,0.8125,0.9375,0.96875,0.984375,0.5625
XGBoost,I_vs_F,456,True,True,experiment_results_statistical_IL_top_10_video_2025-08-14_220927_early_stop/xgboost_I_vs_F_2025-08-14_220927_seed456_early_stop.pkl,"{'colsample_bytree': 0.8, 'device': 'cpu', 'learning_rate': 0.1, 'max_depth': 4, 'n_estimators': 1000, 'reg_lambda': 1, 'subsample': 1.0}",0.8307692307692308,0.7866220735785953,0.774703557312253,0.7710407239819005,0.7593582887700535,0.8307692307692308,0.8181818181818182,0.8307692307692308,0.9230769230769231,1.0,1.0,1.0,0.8307692307692308,0.5625,0.521969696969697,0.5061524334251607,0.5276041666666667,0.5116161616161615,0.5625,0.5454545454545454,0.5625,0.78125,0.890625,0.90625,0.90625,0.5625
CatBoost,I_vs_F,456,True,True,experiment_results_statistical_IL_top_10_video_2025-08-14_220927_early_stop/catboost_I_vs_F_2025-08-14_220927_seed456_early_stop.pkl,"{'border_count': 32, 'depth': 6, 'iterations': 1000, 'l2_leaf_reg': 5, 'learning_rate': 0.05}",0.8307692307692308,0.7866220735785953,0.774703557312253,0.7710407239819005,0.7593582887700535,0.8307692307692308,0.8181818181818182,0.8307692307692308,0.9230769230769231,1.0,1.0,1.0,0.7384615384615385,0.53125,0.4848297535797536,0.47013794286521554,0.49107142857142855,0.4761904761904761,0.53125,0.5151515151515151,0.5,0.84375,0.953125,0.953125,0.96875,0.4375
SVM,I_vs_F,456,True,True,experiment_results_statistical_IL_top_10_video_2025-08-14_220927_early_stop/svm_I_vs_F_2025-08-14_220927_seed456_early_stop.pkl,"{'C': 10, 'decision_function_shape': 'ovo', 'gamma': 'scale', 'kernel': 'rbf'}",0.8307692307692308,0.7866220735785953,0.774703557312253,0.7710407239819005,0.7593582887700535,0.8307692307692308,0.8181818181818182,0.6615384615384615,0.7846153846153846,1.0,1.0,1.0,0.6615384615384615,0.484375,0.4429432546620047,0.4410647433374706,0.45733981092436976,0.45061115355233006,0.484375,0.5,0.453125,0.78125,0.953125,0.953125,0.96875,0.453125
MLP,I_vs_F,456,True,True,experiment_results_statistical_IL_top_10_video_2025-08-14_220927_early_stop/mlp_I_vs_F_2025-08-14_220927_seed456_early_stop.pkl,"{'activation': 'relu', 'alpha': 0.0001, 'batch_size': 36, 'early_stopping': True, 'hidden_layer_sizes': [50], 'learning_rate': 'constant', 'learning_rate_init': 0.001, 'max_iter': 2000, 'solver': 'adam'}",0.09230769230769231,0.015601300108342361,0.015364916773367477,0.008520710059171599,0.008391608391608392,0.09230769230769231,0.09090909090909091,0.09230769230769231,0.16923076923076924,0.26153846153846155,0.35384615384615387,0.4461538461538462,0.09230769230769231,0.09375,0.01607142857142857,0.015584415584415584,0.0087890625,0.008522727272727272,0.09375,0.09090909090909091,0.09375,0.1875,0.28125,0.375,0.46875,0.09375
NaiveBayes,I_vs_F,456,False,True,experiment_results_statistical_IL_top_10_video_2025-08-14_220927_early_stop/naivebayes_I_vs_F_2025-08-14_220927_seed456_early_stop.pkl,"{'priors': None, 'var_smoothing': 1e-09}",0.8307692307692308,0.7866220735785953,0.774703557312253,0.7710407239819005,0.7593582887700535,0.8307692307692308,0.8181818181818182,0.8307692307692308,0.9230769230769231,1.0,1.0,1.0,0.7384615384615385,0.5,0.4254479895104895,0.4125556261919898,0.3981026785714286,0.386038961038961,0.5,0.4848484848484848,0.46875,0.703125,0.828125,0.90625,0.9375,0.40625
LightGBM,I_vs_F,456,False,True,experiment_results_statistical_IL_top_10_video_2025-08-14_220927_early_stop/lightgbm_I_vs_F_2025-08-14_220927_seed456_early_stop.pkl,"{'boosting_type': 'gbdt', 'class_weight': None, 'colsample_bytree': 1.0, 'importance_type': 'split', 'learning_rate': 0.1, 'max_depth': -1, 'min_child_samples': 20, 'min_child_weight': 0.001, 'min_split_gain': 0.0, 'n_estimators': 100, 'n_jobs': -1, 'num_leaves': 31, 'objective': None, 'random_state': 456, 'reg_alpha': 0.0, 'reg_lambda': 0.0, 'subsample': 1.0, 'subsample_for_bin': 200000, 'subsample_freq': 0, 'verbose': -1}",0.8307692307692308,0.7866220735785953,0.774703557312253,0.7710407239819005,0.7593582887700535,0.8307692307692308,0.8181818181818182,0.8307692307692308,0.9230769230769231,1.0,1.0,1.0,0.7384615384615385,0.5625,0.5178285256410257,0.5021367521367522,0.5616071428571429,0.5445887445887446,0.5625,0.5454545454545455,0.53125,0.6875,0.78125,0.828125,0.859375,0.46875
ExtraTrees,I_vs_F,456,False,True,experiment_results_statistical_IL_top_10_video_2025-08-14_220927_early_stop/extratrees_I_vs_F_2025-08-14_220927_seed456_early_stop.pkl,"{'bootstrap': False, 'ccp_alpha': 0.0, 'class_weight': None, 'criterion': 'gini', 'max_depth': None, 'max_features': 'sqrt', 'max_leaf_nodes': None, 'max_samples': None, 'min_impurity_decrease': 0.0, 'min_samples_leaf': 1, 'min_samples_split': 2, 'min_weight_fraction_leaf': 0.0, 'monotonic_cst': None, 'n_estimators': 100, 'n_jobs': -1, 'oob_score': False, 'random_state': 456, 'verbose': 0, 'warm_start': False}",0.8307692307692308,0.7866220735785953,0.774703557312253,0.7710407239819005,0.7593582887700535,0.8307692307692308,0.8181818181818182,0.8307692307692308,0.9230769230769231,1.0,1.0,1.0,0.7384615384615385,0.546875,0.5018356643356643,0.4866285229921594,0.5098214285714285,0.4943722943722944,0.546875,0.5303030303030303,0.515625,0.8125,0.96875,0.984375,0.984375,0.453125
GradientBoosting,I_vs_F,456,False,True,experiment_results_statistical_IL_top_10_video_2025-08-14_220927_early_stop/gradientboosting_I_vs_F_2025-08-14_220927_seed456_early_stop.pkl,"{'ccp_alpha': 0.0, 'criterion': 'friedman_mse', 'init': None, 'learning_rate': 0.1, 'loss': 'log_loss', 'max_depth': 3, 'max_features': None, 'max_leaf_nodes': None, 'min_impurity_decrease': 0.0, 'min_samples_leaf': 1, 'min_samples_split': 2, 'min_weight_fraction_leaf': 0.0, 'n_estimators': 100, 'n_iter_no_change': None, 'random_state': 456, 'subsample': 1.0, 'tol': 0.0001, 'validation_fraction': 0.1, 'verbose': 0, 'warm_start': False}",0.8307692307692308,0.7866220735785953,0.774703557312253,0.7710407239819005,0.7593582887700535,0.8307692307692308,0.8181818181818182,0.8307692307692308,0.9230769230769231,1.0,1.0,1.0,0.7384615384615385,0.484375,0.4324083165875046,0.4193050342666711,0.474139371657754,0.4597715119105494,0.484375,0.4696969696969697,0.453125,0.671875,0.796875,0.828125,0.84375,0.390625
KNN,I_vs_F,456,False,True,experiment_results_statistical_IL_top_10_video_2025-08-14_220927_early_stop/knn_I_vs_F_2025-08-14_220927_seed456_early_stop.pkl,"{'algorithm': 'auto', 'leaf_size': 30, 'metric': 'minkowski', 'metric_params': None, 'n_jobs': -1, 'n_neighbors': 5, 'p': 2, 'weights': 'uniform'}",0.4153846153846154,0.38060712216309944,0.37972793311761743,0.4814362560516407,0.4770555202373385,0.4153846153846154,0.4242424242424242,0.47692307692307695,0.7384615384615385,0.8769230769230769,0.9076923076923077,0.9076923076923077,0.4,0.359375,0.3048473696911197,0.2956095706095706,0.3197076612903226,0.31001955034213097,0.359375,0.34848484848484845,0.359375,0.5625,0.703125,0.765625,0.765625,0.328125
LogisticRegression,I_vs_F,456,False,True,experiment_results_statistical_IL_top_10_video_2025-08-14_220927_early_stop/logisticregression_I_vs_F_2025-08-14_220927_seed456_early_stop.pkl,"{'C': 1.0, 'class_weight': None, 'dual': False, 'fit_intercept': True, 'intercept_scaling': 1, 'l1_ratio': None, 'max_iter': 100, 'multi_class': 'deprecated', 'n_jobs': -1, 'penalty': 'l2', 'random_state': 456, 'solver': 'lbfgs', 'tol': 0.0001, 'verbose': 0, 'warm_start': False}",0.36923076923076925,0.3430769230769231,0.3378787878787879,0.5016483516483518,0.494047619047619,0.36923076923076925,0.36363636363636365,0.36923076923076925,0.6307692307692307,0.8,0.8923076923076924,0.9076923076923077,0.36923076923076925,0.171875,0.12397851089588377,0.12022158632328123,0.22936320754716982,0.22241280731846771,0.171875,0.16666666666666666,0.171875,0.390625,0.53125,0.671875,0.71875,0.171875
RandomForest,I_vs_T,42,True,True,experiment_results_statistical_IL_top_10_video_2025-08-14_220927_early_stop/randomforest_I_vs_T_2025-08-14_220927_seed42_early_stop.pkl,"{'bootstrap': True, 'max_depth': 10, 'max_features': 'sqrt', 'min_samples_leaf': 2, 'min_samples_split': 2, 'n_estimators': 500}",0.8307692307692308,0.7866220735785953,0.774703557312253,0.7710407239819005,0.7593582887700535,0.8307692307692308,0.8181818181818182,0.8307692307692308,0.9230769230769231,1.0,1.0,1.0,0.8307692307692308,0.5714285714285714,0.5201150701150701,0.49647347601893055,0.5157596371882086,0.4923160173160172,0.5714285714285714,0.5454545454545454,0.5714285714285714,0.873015873015873,0.9841269841269841,1.0,1.0,0.5714285714285714
XGBoost,I_vs_T,42,True,True,experiment_results_statistical_IL_top_10_video_2025-08-14_220927_early_stop/xgboost_I_vs_T_2025-08-14_220927_seed42_early_stop.pkl,"{'colsample_bytree': 0.8, 'device': 'cpu', 'learning_rate': 0.05, 'max_depth': 4, 'n_estimators': 1000, 'reg_lambda': 1, 'subsample': 1.0}",0.8307692307692308,0.7866220735785953,0.774703557312253,0.7710407239819005,0.7593582887700535,0.8307692307692308,0.8181818181818182,0.8307692307692308,0.9230769230769231,1.0,1.0,1.0,0.8307692307692308,0.49206349206349204,0.44732137814844575,0.4397477588865149,0.44947089947089947,0.43712121212121213,0.49206349206349204,0.49999999999999994,0.49206349206349204,0.7777777777777778,0.8888888888888888,0.9523809523809523,0.9682539682539683,0.49206349206349204
CatBoost,I_vs_T,42,True,True,experiment_results_statistical_IL_top_10_video_2025-08-14_220927_early_stop/catboost_I_vs_T_2025-08-14_220927_seed42_early_stop.pkl,"{'border_count': 32, 'depth': 8, 'iterations': 1000, 'l2_leaf_reg': 1, 'learning_rate': 0.05}",0.8307692307692308,0.7866220735785953,0.774703557312253,0.7710407239819005,0.7593582887700535,0.8307692307692308,0.8181818181818182,0.8307692307692308,0.9230769230769231,1.0,1.0,1.0,0.7384615384615385,0.5079365079365079,0.4546564546564547,0.4339902521720704,0.4293650793650794,0.4098484848484848,0.5079365079365079,0.4848484848484849,0.47619047619047616,0.8412698412698413,0.9841269841269841,1.0,1.0,0.4126984126984127
SVM,I_vs_T,42,True,True,experiment_results_statistical_IL_top_10_video_2025-08-14_220927_early_stop/svm_I_vs_T_2025-08-14_220927_seed42_early_stop.pkl,"{'C': 10, 'decision_function_shape': 'ovo', 'gamma': 'scale', 'kernel': 'rbf'}",0.8307692307692308,0.7866220735785953,0.774703557312253,0.7710407239819005,0.7593582887700535,0.8307692307692308,0.8181818181818182,0.6923076923076923,0.9076923076923077,1.0,1.0,1.0,0.6923076923076923,0.4126984126984127,0.3700235437077543,0.3659634623749456,0.3772486772486772,0.3681818181818182,0.4126984126984127,0.4242424242424242,0.49206349206349204,0.7301587301587301,0.9047619047619048,0.9523809523809523,0.9841269841269841,0.49206349206349204
MLP,I_vs_T,42,True,True,experiment_results_statistical_IL_top_10_video_2025-08-14_220927_early_stop/mlp_I_vs_T_2025-08-14_220927_seed42_early_stop.pkl,"{'activation': 'relu', 'alpha': 0.0001, 'batch_size': 36, 'early_stopping': True, 'hidden_layer_sizes': [50], 'learning_rate': 'constant', 'learning_rate_init': 0.001, 'max_iter': 2000, 'solver': 'adam'}",0.09230769230769231,0.015601300108342361,0.015364916773367477,0.008520710059171599,0.008391608391608392,0.09230769230769231,0.09090909090909091,0.09230769230769231,0.16923076923076924,0.26153846153846155,0.35384615384615387,0.4461538461538462,0.09230769230769231,0.09523809523809523,0.016563146997929608,0.015810276679841896,0.009070294784580499,0.008658008658008658,0.09523809523809523,0.09090909090909091,0.09523809523809523,0.1746031746031746,0.23809523809523808,0.3333333333333333,0.42857142857142855,0.09523809523809523
NaiveBayes,I_vs_T,42,False,True,experiment_results_statistical_IL_top_10_video_2025-08-14_220927_early_stop/naivebayes_I_vs_T_2025-08-14_220927_seed42_early_stop.pkl,"{'priors': None, 'var_smoothing': 1e-09}",0.8307692307692308,0.7866220735785953,0.774703557312253,0.7710407239819005,0.7593582887700535,0.8307692307692308,0.8181818181818182,0.8307692307692308,0.9230769230769231,1.0,1.0,1.0,0.7384615384615385,0.49206349206349204,0.43247804172173915,0.41281994891620566,0.4778739778739779,0.45615243342516065,0.49206349206349204,0.4696969696969697,0.4603174603174603,0.6825396825396826,0.7936507936507936,0.8571428571428571,0.9365079365079365,0.3968253968253968
LightGBM,I_vs_T,42,False,True,experiment_results_statistical_IL_top_10_video_2025-08-14_220927_early_stop/lightgbm_I_vs_T_2025-08-14_220927_seed42_early_stop.pkl,"{'boosting_type': 'gbdt', 'class_weight': None, 'colsample_bytree': 1.0, 'importance_type': 'split', 'learning_rate': 0.1, 'max_depth': -1, 'min_child_samples': 20, 'min_child_weight': 0.001, 'min_split_gain': 0.0, 'n_estimators': 100, 'n_jobs': -1, 'num_leaves': 31, 'objective': None, 'random_state': 42, 'reg_alpha': 0.0, 'reg_lambda': 0.0, 'subsample': 1.0, 'subsample_for_bin': 200000, 'subsample_freq': 0, 'verbose': -1}",0.8307692307692308,0.7866220735785953,0.774703557312253,0.7710407239819005,0.7593582887700535,0.8307692307692308,0.8181818181818182,0.8307692307692308,0.9230769230769231,1.0,1.0,1.0,0.7384615384615385,0.5555555555555556,0.5184498041640899,0.494883903974813,0.5126984126984127,0.4893939393939393,0.5555555555555556,0.5303030303030303,0.5238095238095238,0.7777777777777778,0.873015873015873,0.9047619047619048,0.9523809523809523,0.4603174603174603
ExtraTrees,I_vs_T,42,False,True,experiment_results_statistical_IL_top_10_video_2025-08-14_220927_early_stop/extratrees_I_vs_T_2025-08-14_220927_seed42_early_stop.pkl,"{'bootstrap': False, 'ccp_alpha': 0.0, 'class_weight': None, 'criterion': 'gini', 'max_depth': None, 'max_features': 'sqrt', 'max_leaf_nodes': None, 'max_samples': None, 'min_impurity_decrease': 0.0, 'min_samples_leaf': 1, 'min_samples_split': 2, 'min_weight_fraction_leaf': 0.0, 'monotonic_cst': None, 'n_estimators': 100, 'n_jobs': -1, 'oob_score': False, 'random_state': 42, 'verbose': 0, 'warm_start': False}",0.8307692307692308,0.7866220735785953,0.774703557312253,0.7710407239819005,0.7593582887700535,0.8307692307692308,0.8181818181818182,0.8307692307692308,0.9230769230769231,1.0,1.0,1.0,0.7384615384615385,0.5873015873015873,0.5471639471639471,0.522292858656495,0.576681783824641,0.5504689754689754,0.5873015873015873,0.5606060606060606,0.5396825396825397,0.8412698412698413,0.9841269841269841,1.0,1.0,0.4603174603174603
GradientBoosting,I_vs_T,42,False,True,experiment_results_statistical_IL_top_10_video_2025-08-14_220927_early_stop/gradientboosting_I_vs_T_2025-08-14_220927_seed42_early_stop.pkl,"{'ccp_alpha': 0.0, 'criterion': 'friedman_mse', 'init': None, 'learning_rate': 0.1, 'loss': 'log_loss', 'max_depth': 3, 'max_features': None, 'max_leaf_nodes': None, 'min_impurity_decrease': 0.0, 'min_samples_leaf': 1, 'min_samples_split': 2, 'min_weight_fraction_leaf': 0.0, 'n_estimators': 100, 'n_iter_no_change': None, 'random_state': 42, 'subsample': 1.0, 'tol': 0.0001, 'validation_fraction': 0.1, 'verbose': 0, 'warm_start': False}",0.8307692307692308,0.7866220735785953,0.774703557312253,0.7710407239819005,0.7593582887700535,0.8307692307692308,0.8181818181818182,0.8307692307692308,0.9230769230769231,1.0,1.0,1.0,0.7384615384615385,0.47619047619047616,0.4233893091035948,0.40414434050797693,0.41020408163265304,0.3915584415584416,0.47619047619047616,0.45454545454545464,0.4444444444444444,0.6825396825396826,0.8253968253968254,0.873015873015873,0.873015873015873,0.38095238095238093
KNN,I_vs_T,42,False,True,experiment_results_statistical_IL_top_10_video_2025-08-14_220927_early_stop/knn_I_vs_T_2025-08-14_220927_seed42_early_stop.pkl,"{'algorithm': 'auto', 'leaf_size': 30, 'metric': 'minkowski', 'metric_params': None, 'n_jobs': -1, 'n_neighbors': 5, 'p': 2, 'weights': 'uniform'}",0.4153846153846154,0.38060712216309944,0.37972793311761743,0.4814362560516407,0.4770555202373385,0.4153846153846154,0.4242424242424242,0.47692307692307695,0.7384615384615385,0.8769230769230769,0.9076923076923077,0.9076923076923077,0.4,0.3492063492063492,0.3114229024943311,0.3020021645021645,0.41681363903586127,0.4006734006734007,0.3492063492063492,0.34848484848484845,0.36507936507936506,0.6507936507936508,0.6984126984126984,0.7619047619047619,0.8095238095238095,0.2857142857142857
LogisticRegression,I_vs_T,42,False,True,experiment_results_statistical_IL_top_10_video_2025-08-14_220927_early_stop/logisticregression_I_vs_T_2025-08-14_220927_seed42_early_stop.pkl,"{'C': 1.0, 'class_weight': None, 'dual': False, 'fit_intercept': True, 'intercept_scaling': 1, 'l1_ratio': None, 'max_iter': 100, 'multi_class': 'deprecated', 'n_jobs': -1, 'penalty': 'l2', 'random_state': 42, 'solver': 'lbfgs', 'tol': 0.0001, 'verbose': 0, 'warm_start': False}",0.36923076923076925,0.3430769230769231,0.3378787878787879,0.5016483516483518,0.494047619047619,0.36923076923076925,0.36363636363636365,0.36923076923076925,0.6307692307692307,0.8,0.8923076923076924,0.9076923076923077,0.36923076923076925,0.19047619047619047,0.12914372098045565,0.1232735518449804,0.14027316352897748,0.13389711064129667,0.19047619047619047,0.1818181818181818,0.19047619047619047,0.42857142857142855,0.5396825396825397,0.6984126984126984,0.7301587301587301,0.19047619047619047
RandomForest,I_vs_T,123,True,True,experiment_results_statistical_IL_top_10_video_2025-08-14_220927_early_stop/randomforest_I_vs_T_2025-08-14_220927_seed123_early_stop.pkl,"{'bootstrap': True, 'max_depth': 10, 'max_features': 'log2', 'min_samples_leaf': 1, 'min_samples_split': 10, 'n_estimators': 500}",0.8307692307692308,0.7866220735785953,0.774703557312253,0.7710407239819005,0.7593582887700535,0.8307692307692308,0.8181818181818182,0.8307692307692308,0.9230769230769231,1.0,1.0,1.0,0.8307692307692308,0.5238095238095238,0.47236995808424376,0.4508985963531418,0.4825396825396825,0.4606060606060606,0.5238095238095238,0.49999999999999994,0.5238095238095238,0.873015873015873,0.9841269841269841,1.0,1.0,0.5238095238095238
XGBoost,I_vs_T,123,True,True,experiment_results_statistical_IL_top_10_video_2025-08-14_220927_early_stop/xgboost_I_vs_T_2025-08-14_220927_seed123_early_stop.pkl,"{'colsample_bytree': 0.8, 'device': 'cpu', 'learning_rate': 0.05, 'max_depth': 4, 'n_estimators': 1000, 'reg_lambda': 3, 'subsample': 0.8}",0.8307692307692308,0.7866220735785953,0.774703557312253,0.7710407239819005,0.7593582887700535,0.8307692307692308,0.8181818181818182,0.8307692307692308,0.9230769230769231,1.0,1.0,1.0,0.8307692307692308,0.5238095238095238,0.4787942216513644,0.45703084793993887,0.46780045351473926,0.44653679653679657,0.5238095238095238,0.5,0.5238095238095238,0.8095238095238095,0.9523809523809523,0.9682539682539683,0.9841269841269841,0.5238095238095238
CatBoost,I_vs_T,123,True,True,experiment_results_statistical_IL_top_10_video_2025-08-14_220927_early_stop/catboost_I_vs_T_2025-08-14_220927_seed123_early_stop.pkl,"{'border_count': 32, 'depth': 6, 'iterations': 1000, 'l2_leaf_reg': 1, 'learning_rate': 0.1}",0.8307692307692308,0.7866220735785953,0.774703557312253,0.7710407239819005,0.7593582887700535,0.8307692307692308,0.8181818181818182,0.8307692307692308,0.9230769230769231,1.0,1.0,1.0,0.7384615384615385,0.5238095238095238,0.4695780410066125,0.448233584597221,0.4442176870748299,0.42402597402597403,0.5238095238095238,0.5,0.49206349206349204,0.8571428571428571,0.9682539682539683,0.9841269841269841,1.0,0.42857142857142855
SVM,I_vs_T,123,True,True,experiment_results_statistical_IL_top_10_video_2025-08-14_220927_early_stop/svm_I_vs_T_2025-08-14_220927_seed123_early_stop.pkl,"{'C': 10, 'decision_function_shape': 'ovo', 'gamma': 'scale', 'kernel': 'rbf'}",0.8307692307692308,0.7866220735785953,0.774703557312253,0.7710407239819005,0.7593582887700535,0.8307692307692308,0.8181818181818182,0.676923076923077,0.8307692307692308,1.0,1.0,1.0,0.676923076923077,0.4126984126984127,0.3700235437077543,0.3659634623749456,0.3772486772486772,0.3681818181818182,0.4126984126984127,0.4242424242424242,0.4444444444444444,0.6666666666666666,0.9047619047619048,0.9365079365079365,0.9841269841269841,0.4444444444444444
MLP,I_vs_T,123,True,True,experiment_results_statistical_IL_top_10_video_2025-08-14_220927_early_stop/mlp_I_vs_T_2025-08-14_220927_seed123_early_stop.pkl,"{'activation': 'relu', 'alpha': 0.0001, 'batch_size': 36, 'early_stopping': True, 'hidden_layer_sizes': [50], 'learning_rate': 'constant', 'learning_rate_init': 0.001, 'max_iter': 2000, 'solver': 'adam'}",0.09230769230769231,0.015601300108342361,0.015364916773367477,0.008520710059171599,0.008391608391608392,0.09230769230769231,0.09090909090909091,0.09230769230769231,0.18461538461538463,0.27692307692307694,0.36923076923076925,0.46153846153846156,0.09230769230769231,0.06349206349206349,0.007581141909500118,0.010854816824966078,0.004031242126480221,0.005772005772005772,0.06349206349206349,0.09090909090909091,0.06349206349206349,0.15873015873015872,0.25396825396825395,0.3492063492063492,0.4444444444444444,0.06349206349206349
NaiveBayes,I_vs_T,123,False,True,experiment_results_statistical_IL_top_10_video_2025-08-14_220927_early_stop/naivebayes_I_vs_T_2025-08-14_220927_seed123_early_stop.pkl,"{'priors': None, 'var_smoothing': 1e-09}",0.8307692307692308,0.7866220735785953,0.774703557312253,0.7710407239819005,0.7593582887700535,0.8307692307692308,0.8181818181818182,0.8307692307692308,0.9230769230769231,1.0,1.0,1.0,0.7384615384615385,0.49206349206349204,0.43247804172173915,0.41281994891620566,0.4778739778739779,0.45615243342516065,0.49206349206349204,0.4696969696969697,0.4603174603174603,0.6825396825396826,0.7936507936507936,0.8571428571428571,0.9365079365079365,0.3968253968253968
LightGBM,I_vs_T,123,False,True,experiment_results_statistical_IL_top_10_video_2025-08-14_220927_early_stop/lightgbm_I_vs_T_2025-08-14_220927_seed123_early_stop.pkl,"{'boosting_type': 'gbdt', 'class_weight': None, 'colsample_bytree': 1.0, 'importance_type': 'split', 'learning_rate': 0.1, 'max_depth': -1, 'min_child_samples': 20, 'min_child_weight': 0.001, 'min_split_gain': 0.0, 'n_estimators': 100, 'n_jobs': -1, 'num_leaves': 31, 'objective': None, 'random_state': 123, 'reg_alpha': 0.0, 'reg_lambda': 0.0, 'subsample': 1.0, 'subsample_for_bin': 200000, 'subsample_freq': 0, 'verbose': -1}",0.8307692307692308,0.7866220735785953,0.774703557312253,0.7710407239819005,0.7593582887700535,0.8307692307692308,0.8181818181818182,0.8307692307692308,0.9230769230769231,1.0,1.0,1.0,0.7384615384615385,0.5555555555555556,0.5184498041640899,0.494883903974813,0.5126984126984127,0.4893939393939393,0.5555555555555556,0.5303030303030303,0.5238095238095238,0.7777777777777778,0.873015873015873,0.9047619047619048,0.9523809523809523,0.4603174603174603
ExtraTrees,I_vs_T,123,False,True,experiment_results_statistical_IL_top_10_video_2025-08-14_220927_early_stop/extratrees_I_vs_T_2025-08-14_220927_seed123_early_stop.pkl,"{'bootstrap': False, 'ccp_alpha': 0.0, 'class_weight': None, 'criterion': 'gini', 'max_depth': None, 'max_features': 'sqrt', 'max_leaf_nodes': None, 'max_samples': None, 'min_impurity_decrease': 0.0, 'min_samples_leaf': 1, 'min_samples_split': 2, 'min_weight_fraction_leaf': 0.0, 'monotonic_cst': None, 'n_estimators': 100, 'n_jobs': -1, 'oob_score': False, 'random_state': 123, 'verbose': 0, 'warm_start': False}",0.8307692307692308,0.7866220735785953,0.774703557312253,0.7710407239819005,0.7593582887700535,0.8307692307692308,0.8181818181818182,0.8307692307692308,0.9230769230769231,1.0,1.0,1.0,0.7384615384615385,0.6190476190476191,0.5728010085152943,0.5467645990373262,0.5782312925170069,0.551948051948052,0.6190476190476191,0.5909090909090909,0.5714285714285714,0.8571428571428571,0.9841269841269841,1.0,1.0,0.5079365079365079
GradientBoosting,I_vs_T,123,False,True,experiment_results_statistical_IL_top_10_video_2025-08-14_220927_early_stop/gradientboosting_I_vs_T_2025-08-14_220927_seed123_early_stop.pkl,"{'ccp_alpha': 0.0, 'criterion': 'friedman_mse', 'init': None, 'learning_rate': 0.1, 'loss': 'log_loss', 'max_depth': 3, 'max_features': None, 'max_leaf_nodes': None, 'min_impurity_decrease': 0.0, 'min_samples_leaf': 1, 'min_samples_split': 2, 'min_weight_fraction_leaf': 0.0, 'n_estimators': 100, 'n_iter_no_change': None, 'random_state': 123, 'subsample': 1.0, 'tol': 0.0001, 'validation_fraction': 0.1, 'verbose': 0, 'warm_start': False}",0.8307692307692308,0.7866220735785953,0.774703557312253,0.7710407239819005,0.7593582887700535,0.8307692307692308,0.8181818181818182,0.8307692307692308,0.9230769230769231,1.0,1.0,1.0,0.7384615384615385,0.49206349206349204,0.4292300292300293,0.40971957335593706,0.42210884353741496,0.40292207792207796,0.49206349206349204,0.4696969696969697,0.4603174603174603,0.7142857142857143,0.8253968253968254,0.873015873015873,0.873015873015873,0.3968253968253968
KNN,I_vs_T,123,False,True,experiment_results_statistical_IL_top_10_video_2025-08-14_220927_early_stop/knn_I_vs_T_2025-08-14_220927_seed123_early_stop.pkl,"{'algorithm': 'auto', 'leaf_size': 30, 'metric': 'minkowski', 'metric_params': None, 'n_jobs': -1, 'n_neighbors': 5, 'p': 2, 'weights': 'uniform'}",0.4153846153846154,0.38060712216309944,0.37972793311761743,0.4814362560516407,0.4770555202373385,0.4153846153846154,0.4242424242424242,0.47692307692307695,0.7384615384615385,0.8769230769230769,0.9076923076923077,0.9076923076923077,0.4,0.3492063492063492,0.3114229024943311,0.3020021645021645,0.41681363903586127,0.4006734006734007,0.3492063492063492,0.34848484848484845,0.36507936507936506,0.6507936507936508,0.6984126984126984,0.7619047619047619,0.8095238095238095,0.2857142857142857
LogisticRegression,I_vs_T,123,False,True,experiment_results_statistical_IL_top_10_video_2025-08-14_220927_early_stop/logisticregression_I_vs_T_2025-08-14_220927_seed123_early_stop.pkl,"{'C': 1.0, 'class_weight': None, 'dual': False, 'fit_intercept': True, 'intercept_scaling': 1, 'l1_ratio': None, 'max_iter': 100, 'multi_class': 'deprecated', 'n_jobs': -1, 'penalty': 'l2', 'random_state': 123, 'solver': 'lbfgs', 'tol': 0.0001, 'verbose': 0, 'warm_start': False}",0.36923076923076925,0.3430769230769231,0.3378787878787879,0.5016483516483518,0.494047619047619,0.36923076923076925,0.36363636363636365,0.36923076923076925,0.6307692307692307,0.8,0.8923076923076924,0.9076923076923077,0.36923076923076925,0.19047619047619047,0.12914372098045565,0.1232735518449804,0.14027316352897748,0.13389711064129667,0.19047619047619047,0.1818181818181818,0.19047619047619047,0.42857142857142855,0.5396825396825397,0.6984126984126984,0.7301587301587301,0.19047619047619047
RandomForest,I_vs_T,456,True,True,experiment_results_statistical_IL_top_10_video_2025-08-14_220927_early_stop/randomforest_I_vs_T_2025-08-14_220927_seed456_early_stop.pkl,"{'bootstrap': True, 'max_depth': 10, 'max_features': 'sqrt', 'min_samples_leaf': 2, 'min_samples_split': 2, 'n_estimators': 500}",0.8307692307692308,0.7866220735785953,0.774703557312253,0.7710407239819005,0.7593582887700535,0.8307692307692308,0.8181818181818182,0.8307692307692308,0.9230769230769231,1.0,1.0,1.0,0.8307692307692308,0.6031746031746031,0.553865182436611,0.528689492325856,0.5404761904761904,0.5159090909090909,0.6031746031746031,0.5757575757575758,0.6031746031746031,0.873015873015873,0.9682539682539683,1.0,1.0,0.6031746031746031
XGBoost,I_vs_T,456,True,True,experiment_results_statistical_IL_top_10_video_2025-08-14_220927_early_stop/xgboost_I_vs_T_2025-08-14_220927_seed456_early_stop.pkl,"{'colsample_bytree': 0.8, 'device': 'cpu', 'learning_rate': 0.1, 'max_depth': 4, 'n_estimators': 1000, 'reg_lambda': 1, 'subsample': 1.0}",0.8307692307692308,0.7866220735785953,0.774703557312253,0.7710407239819005,0.7593582887700535,0.8307692307692308,0.8181818181818182,0.8307692307692308,0.9230769230769231,1.0,1.0,1.0,0.8307692307692308,0.5238095238095238,0.47179605330865837,0.46247199027947694,0.5319521748093177,0.5153482880755608,0.5238095238095238,0.5303030303030303,0.5238095238095238,0.7619047619047619,0.873015873015873,0.9365079365079365,0.9523809523809523,0.5238095238095238
CatBoost,I_vs_T,456,True,True,experiment_results_statistical_IL_top_10_video_2025-08-14_220927_early_stop/catboost_I_vs_T_2025-08-14_220927_seed456_early_stop.pkl,"{'border_count': 32, 'depth': 6, 'iterations': 1000, 'l2_leaf_reg': 5, 'learning_rate': 0.05}",0.8307692307692308,0.7866220735785953,0.774703557312253,0.7710407239819005,0.7593582887700535,0.8307692307692308,0.8181818181818182,0.8307692307692308,0.9230769230769231,1.0,1.0,1.0,0.7384615384615385,0.5079365079365079,0.45772957201528625,0.4369236823782278,0.44436885865457293,0.4241702741702742,0.5079365079365079,0.4848484848484848,0.47619047619047616,0.8412698412698413,0.9841269841269841,1.0,1.0,0.4126984126984127
SVM,I_vs_T,456,True,True,experiment_results_statistical_IL_top_10_video_2025-08-14_220927_early_stop/svm_I_vs_T_2025-08-14_220927_seed456_early_stop.pkl,"{'C': 10, 'decision_function_shape': 'ovo', 'gamma': 'scale', 'kernel': 'rbf'}",0.8307692307692308,0.7866220735785953,0.774703557312253,0.7710407239819005,0.7593582887700535,0.8307692307692308,0.8181818181818182,0.6615384615384615,0.7846153846153846,1.0,1.0,1.0,0.6615384615384615,0.4126984126984127,0.3700235437077543,0.3659634623749456,0.3772486772486772,0.3681818181818182,0.4126984126984127,0.4242424242424242,0.42857142857142855,0.7301587301587301,0.9047619047619048,0.9523809523809523,0.9841269841269841,0.42857142857142855
MLP,I_vs_T,456,True,True,experiment_results_statistical_IL_top_10_video_2025-08-14_220927_early_stop/mlp_I_vs_T_2025-08-14_220927_seed456_early_stop.pkl,"{'activation': 'relu', 'alpha': 0.0001, 'batch_size': 36, 'early_stopping': True, 'hidden_layer_sizes': [50], 'learning_rate': 'constant', 'learning_rate_init': 0.001, 'max_iter': 2000, 'solver': 'adam'}",0.09230769230769231,0.015601300108342361,0.015364916773367477,0.008520710059171599,0.008391608391608392,0.09230769230769231,0.09090909090909091,0.09230769230769231,0.16923076923076924,0.26153846153846155,0.35384615384615387,0.4461538461538462,0.09230769230769231,0.09523809523809523,0.016563146997929608,0.015810276679841896,0.009070294784580499,0.008658008658008658,0.09523809523809523,0.09090909090909091,0.09523809523809523,0.1746031746031746,0.2698412698412698,0.36507936507936506,0.4603174603174603,0.09523809523809523
NaiveBayes,I_vs_T,456,False,True,experiment_results_statistical_IL_top_10_video_2025-08-14_220927_early_stop/naivebayes_I_vs_T_2025-08-14_220927_seed456_early_stop.pkl,"{'priors': None, 'var_smoothing': 1e-09}",0.8307692307692308,0.7866220735785953,0.774703557312253,0.7710407239819005,0.7593582887700535,0.8307692307692308,0.8181818181818182,0.8307692307692308,0.9230769230769231,1.0,1.0,1.0,0.7384615384615385,0.49206349206349204,0.43247804172173915,0.41281994891620566,0.4778739778739779,0.45615243342516065,0.49206349206349204,0.4696969696969697,0.4603174603174603,0.6825396825396826,0.7936507936507936,0.8571428571428571,0.9365079365079365,0.3968253968253968
LightGBM,I_vs_T,456,False,True,experiment_results_statistical_IL_top_10_video_2025-08-14_220927_early_stop/lightgbm_I_vs_T_2025-08-14_220927_seed456_early_stop.pkl,"{'boosting_type': 'gbdt', 'class_weight': None, 'colsample_bytree': 1.0, 'importance_type': 'split', 'learning_rate': 0.1, 'max_depth': -1, 'min_child_samples': 20, 'min_child_weight': 0.001, 'min_split_gain': 0.0, 'n_estimators': 100, 'n_jobs': -1, 'num_leaves': 31, 'objective': None, 'random_state': 456, 'reg_alpha': 0.0, 'reg_lambda': 0.0, 'subsample': 1.0, 'subsample_for_bin': 200000, 'subsample_freq': 0, 'verbose': -1}",0.8307692307692308,0.7866220735785953,0.774703557312253,0.7710407239819005,0.7593582887700535,0.8307692307692308,0.8181818181818182,0.8307692307692308,0.9230769230769231,1.0,1.0,1.0,0.7384615384615385,0.5555555555555556,0.5184498041640899,0.494883903974813,0.5126984126984127,0.4893939393939393,0.5555555555555556,0.5303030303030303,0.5238095238095238,0.7777777777777778,0.873015873015873,0.9047619047619048,0.9523809523809523,0.4603174603174603
ExtraTrees,I_vs_T,456,False,True,experiment_results_statistical_IL_top_10_video_2025-08-14_220927_early_stop/extratrees_I_vs_T_2025-08-14_220927_seed456_early_stop.pkl,"{'bootstrap': False, 'ccp_alpha': 0.0, 'class_weight': None, 'criterion': 'gini', 'max_depth': None, 'max_features': 'sqrt', 'max_leaf_nodes': None, 'max_samples': None, 'min_impurity_decrease': 0.0, 'min_samples_leaf': 1, 'min_samples_split': 2, 'min_weight_fraction_leaf': 0.0, 'monotonic_cst': None, 'n_estimators': 100, 'n_jobs': -1, 'oob_score': False, 'random_state': 456, 'verbose': 0, 'warm_start': False}",0.8307692307692308,0.7866220735785953,0.774703557312253,0.7710407239819005,0.7593582887700535,0.8307692307692308,0.8181818181818182,0.8307692307692308,0.9230769230769231,1.0,1.0,1.0,0.7384615384615385,0.5873015873015873,0.552800949439605,0.5276736335559865,0.5761286332714904,0.5499409681227863,0.5873015873015873,0.5606060606060607,0.5555555555555556,0.8412698412698413,0.9682539682539683,0.9841269841269841,1.0,0.49206349206349204
GradientBoosting,I_vs_T,456,False,True,experiment_results_statistical_IL_top_10_video_2025-08-14_220927_early_stop/gradientboosting_I_vs_T_2025-08-14_220927_seed456_early_stop.pkl,"{'ccp_alpha': 0.0, 'criterion': 'friedman_mse', 'init': None, 'learning_rate': 0.1, 'loss': 'log_loss', 'max_depth': 3, 'max_features': None, 'max_leaf_nodes': None, 'min_impurity_decrease': 0.0, 'min_samples_leaf': 1, 'min_samples_split': 2, 'min_weight_fraction_leaf': 0.0, 'n_estimators': 100, 'n_iter_no_change': None, 'random_state': 456, 'subsample': 1.0, 'tol': 0.0001, 'validation_fraction': 0.1, 'verbose': 0, 'warm_start': False}",0.8307692307692308,0.7866220735785953,0.774703557312253,0.7710407239819005,0.7593582887700535,0.8307692307692308,0.8181818181818182,0.8307692307692308,0.9230769230769231,1.0,1.0,1.0,0.7384615384615385,0.4603174603174603,0.400462764748479,0.38225991180536634,0.3895691609977325,0.3718614718614719,0.4603174603174603,0.43939393939393945,0.42857142857142855,0.6666666666666666,0.8253968253968254,0.873015873015873,0.873015873015873,0.36507936507936506
KNN,I_vs_T,456,False,True,experiment_results_statistical_IL_top_10_video_2025-08-14_220927_early_stop/knn_I_vs_T_2025-08-14_220927_seed456_early_stop.pkl,"{'algorithm': 'auto', 'leaf_size': 30, 'metric': 'minkowski', 'metric_params': None, 'n_jobs': -1, 'n_neighbors': 5, 'p': 2, 'weights': 'uniform'}",0.4153846153846154,0.38060712216309944,0.37972793311761743,0.4814362560516407,0.4770555202373385,0.4153846153846154,0.4242424242424242,0.47692307692307695,0.7384615384615385,0.8769230769230769,0.9076923076923077,0.9076923076923077,0.4,0.3492063492063492,0.3114229024943311,0.3020021645021645,0.41681363903586127,0.4006734006734007,0.3492063492063492,0.34848484848484845,0.36507936507936506,0.6507936507936508,0.6984126984126984,0.7619047619047619,0.8095238095238095,0.2857142857142857
LogisticRegression,I_vs_T,456,False,True,experiment_results_statistical_IL_top_10_video_2025-08-14_220927_early_stop/logisticregression_I_vs_T_2025-08-14_220927_seed456_early_stop.pkl,"{'C': 1.0, 'class_weight': None, 'dual': False, 'fit_intercept': True, 'intercept_scaling': 1, 'l1_ratio': None, 'max_iter': 100, 'multi_class': 'deprecated', 'n_jobs': -1, 'penalty': 'l2', 'random_state': 456, 'solver': 'lbfgs', 'tol': 0.0001, 'verbose': 0, 'warm_start': False}",0.36923076923076925,0.3430769230769231,0.3378787878787879,0.5016483516483518,0.494047619047619,0.36923076923076925,0.36363636363636365,0.36923076923076925,0.6307692307692307,0.8,0.8923076923076924,0.9076923076923077,0.36923076923076925,0.19047619047619047,0.12914372098045565,0.1232735518449804,0.14027316352897748,0.13389711064129667,0.19047619047619047,0.1818181818181818,0.19047619047619047,0.42857142857142855,0.5396825396825397,0.6984126984126984,0.7301587301587301,0.19047619047619047
RandomForest,T_vs_F,42,True,True,experiment_results_statistical_IL_top_10_video_2025-08-14_220927_early_stop/randomforest_T_vs_F_2025-08-14_220927_seed42_early_stop.pkl,"{'bootstrap': True, 'max_depth': 10, 'max_features': 'sqrt', 'min_samples_leaf': 1, 'min_samples_split': 10, 'n_estimators': 100}",0.8571428571428571,0.8163265306122449,0.7792207792207791,0.7999999999999999,0.7636363636363637,0.8571428571428571,0.8181818181818182,0.8571428571428571,0.9365079365079365,1.0,1.0,1.0,0.8571428571428571,0.625,0.5721356768231768,0.5547982320709592,0.5760788690476191,0.5586219336219336,0.625,0.606060606060606,0.625,0.84375,0.953125,0.984375,1.0,0.625
XGBoost,T_vs_F,42,True,True,experiment_results_statistical_IL_top_10_video_2025-08-14_220927_early_stop/xgboost_T_vs_F_2025-08-14_220927_seed42_early_stop.pkl,"{'colsample_bytree': 0.8, 'device': 'cpu', 'learning_rate': 0.05, 'max_depth': 4, 'n_estimators': 1000, 'reg_lambda': 1, 'subsample': 0.8}",0.8571428571428571,0.8163265306122449,0.7792207792207791,0.7999999999999999,0.7636363636363637,0.8571428571428571,0.8181818181818182,0.8571428571428571,0.9365079365079365,1.0,1.0,1.0,0.8571428571428571,0.59375,0.5442630286380286,0.5277702095883914,0.5381696428571429,0.5218614718614718,0.59375,0.5757575757575757,0.59375,0.765625,0.859375,0.90625,0.953125,0.59375
CatBoost,T_vs_F,42,True,True,experiment_results_statistical_IL_top_10_video_2025-08-14_220927_early_stop/catboost_T_vs_F_2025-08-14_220927_seed42_early_stop.pkl,"{'border_count': 32, 'depth': 8, 'iterations': 1000, 'l2_leaf_reg': 1, 'learning_rate': 0.1}",0.8571428571428571,0.8163265306122449,0.7792207792207791,0.7999999999999999,0.7636363636363637,0.8571428571428571,0.8181818181818182,0.8571428571428571,0.9365079365079365,1.0,1.0,1.0,0.8571428571428571,0.625,0.5733282342657342,0.5559546514091968,0.5780133928571428,0.5604978354978355,0.625,0.606060606060606,0.625,0.875,0.984375,1.0,1.0,0.625
SVM,T_vs_F,42,True,True,experiment_results_statistical_IL_top_10_video_2025-08-14_220927_early_stop/svm_T_vs_F_2025-08-14_220927_seed42_early_stop.pkl,"{'C': 10, 'decision_function_shape': 'ovo', 'gamma': 'scale', 'kernel': 'poly'}",0.8412698412698413,0.8003425146282288,0.7639633094178548,0.7863945578231293,0.7506493506493506,0.8412698412698413,0.8030303030303031,0.42857142857142855,0.6031746031746031,0.8888888888888888,0.9841269841269841,1.0,0.42857142857142855,0.46875,0.40696803196803194,0.3946356673629401,0.39553571428571427,0.3835497835497836,0.46875,0.45454545454545464,0.328125,0.59375,0.875,0.9375,1.0,0.328125
MLP,T_vs_F,42,True,True,experiment_results_statistical_IL_top_10_video_2025-08-14_220927_early_stop/mlp_T_vs_F_2025-08-14_220927_seed42_early_stop.pkl,"{'activation': 'relu', 'alpha': 0.0001, 'batch_size': 36, 'early_stopping': True, 'hidden_layer_sizes': [50], 'learning_rate': 'constant', 'learning_rate_init': 0.001, 'max_iter': 2000, 'solver': 'adam'}",0.09523809523809523,0.016563146997929608,0.015810276679841896,0.009070294784580499,0.008658008658008658,0.09523809523809523,0.09090909090909091,0.09523809523809523,0.1746031746031746,0.23809523809523808,0.3333333333333333,0.42857142857142855,0.09523809523809523,0.09375,0.01607142857142857,0.015584415584415584,0.0087890625,0.008522727272727272,0.09375,0.09090909090909091,0.09375,0.1875,0.25,0.34375,0.4375,0.09375
NaiveBayes,T_vs_F,42,False,True,experiment_results_statistical_IL_top_10_video_2025-08-14_220927_early_stop/naivebayes_T_vs_F_2025-08-14_220927_seed42_early_stop.pkl,"{'priors': None, 'var_smoothing': 1e-09}",0.8571428571428571,0.8163265306122449,0.7792207792207791,0.7999999999999999,0.7636363636363637,0.8571428571428571,0.8181818181818182,0.8571428571428571,0.9365079365079365,1.0,1.0,1.0,0.8571428571428571,0.5625,0.4830419580419581,0.46840432294977746,0.4440848214285714,0.4306277056277057,0.5625,0.5454545454545454,0.5625,0.75,0.890625,0.9375,0.96875,0.5625
LightGBM,T_vs_F,42,False,True,experiment_results_statistical_IL_top_10_video_2025-08-14_220927_early_stop/lightgbm_T_vs_F_2025-08-14_220927_seed42_early_stop.pkl,"{'boosting_type': 'gbdt', 'class_weight': None, 'colsample_bytree': 1.0, 'importance_type': 'split', 'learning_rate': 0.1, 'max_depth': -1, 'min_child_samples': 20, 'min_child_weight': 0.001, 'min_split_gain': 0.0, 'n_estimators': 100, 'n_jobs': -1, 'num_leaves': 31, 'objective': None, 'random_state': 42, 'reg_alpha': 0.0, 'reg_lambda': 0.0, 'subsample': 1.0, 'subsample_for_bin': 200000, 'subsample_freq': 0, 'verbose': -1}",0.8571428571428571,0.8163265306122449,0.7792207792207791,0.7999999999999999,0.7636363636363637,0.8571428571428571,0.8181818181818182,0.8571428571428571,0.9365079365079365,1.0,1.0,1.0,0.8571428571428571,0.5625,0.532657967032967,0.5165168165168166,0.5535714285714286,0.5367965367965367,0.5625,0.5454545454545454,0.5625,0.71875,0.8125,0.8125,0.859375,0.5625
ExtraTrees,T_vs_F,42,False,True,experiment_results_statistical_IL_top_10_video_2025-08-14_220927_early_stop/extratrees_T_vs_F_2025-08-14_220927_seed42_early_stop.pkl,"{'bootstrap': False, 'ccp_alpha': 0.0, 'class_weight': None, 'criterion': 'gini', 'max_depth': None, 'max_features': 'sqrt', 'max_leaf_nodes': None, 'max_samples': None, 'min_impurity_decrease': 0.0, 'min_samples_leaf': 1, 'min_samples_split': 2, 'min_weight_fraction_leaf': 0.0, 'monotonic_cst': None, 'n_estimators': 100, 'n_jobs': -1, 'oob_score': False, 'random_state': 42, 'verbose': 0, 'warm_start': False}",0.8571428571428571,0.8163265306122449,0.7792207792207791,0.7999999999999999,0.7636363636363637,0.8571428571428571,0.8181818181818182,0.8571428571428571,0.9365079365079365,1.0,1.0,1.0,0.8571428571428571,0.546875,0.4968604312354313,0.4818040545313272,0.5061383928571428,0.4908008658008658,0.546875,0.5303030303030304,0.546875,0.90625,1.0,1.0,1.0,0.546875
GradientBoosting,T_vs_F,42,False,True,experiment_results_statistical_IL_top_10_video_2025-08-14_220927_early_stop/gradientboosting_T_vs_F_2025-08-14_220927_seed42_early_stop.pkl,"{'ccp_alpha': 0.0, 'criterion': 'friedman_mse', 'init': None, 'learning_rate': 0.1, 'loss': 'log_loss', 'max_depth': 3, 'max_features': None, 'max_leaf_nodes': None, 'min_impurity_decrease': 0.0, 'min_samples_leaf': 1, 'min_samples_split': 2, 'min_weight_fraction_leaf': 0.0, 'n_estimators': 100, 'n_iter_no_change': None, 'random_state': 42, 'subsample': 1.0, 'tol': 0.0001, 'validation_fraction': 0.1, 'verbose': 0, 'warm_start': False}",0.8571428571428571,0.8163265306122449,0.7792207792207791,0.7999999999999999,0.7636363636363637,0.8571428571428571,0.8181818181818182,0.8571428571428571,0.9365079365079365,1.0,1.0,1.0,0.8571428571428571,0.5625,0.519067888633106,0.5033385586745271,0.5195837710084034,0.503838808250573,0.5625,0.5454545454545454,0.5625,0.765625,0.875,0.875,0.890625,0.5625
KNN,T_vs_F,42,False,True,experiment_results_statistical_IL_top_10_video_2025-08-14_220927_early_stop/knn_T_vs_F_2025-08-14_220927_seed42_early_stop.pkl,"{'algorithm': 'auto', 'leaf_size': 30, 'metric': 'minkowski', 'metric_params': None, 'n_jobs': -1, 'n_neighbors': 5, 'p': 2, 'weights': 'uniform'}",0.47619047619047616,0.40452358099416924,0.3921967515550403,0.4252834467120182,0.40974025974025974,0.47619047619047616,0.4696969696969697,0.47619047619047616,0.7777777777777778,0.8571428571428571,0.8888888888888888,0.9047619047619048,0.3968253968253968,0.40625,0.34738906926406926,0.33686212777121866,0.40332512315270935,0.39110314972383936,0.40625,0.3939393939393939,0.359375,0.640625,0.71875,0.734375,0.75,0.359375
LogisticRegression,T_vs_F,42,False,True,experiment_results_statistical_IL_top_10_video_2025-08-14_220927_early_stop/logisticregression_T_vs_F_2025-08-14_220927_seed42_early_stop.pkl,"{'C': 1.0, 'class_weight': None, 'dual': False, 'fit_intercept': True, 'intercept_scaling': 1, 'l1_ratio': None, 'max_iter': 100, 'multi_class': 'deprecated', 'n_jobs': -1, 'penalty': 'l2', 'random_state': 42, 'solver': 'lbfgs', 'tol': 0.0001, 'verbose': 0, 'warm_start': False}",0.3968253968253968,0.3314436885865457,0.31637806637806637,0.4390289449112978,0.41907308377896607,0.3968253968253968,0.37878787878787884,0.3968253968253968,0.6349206349206349,0.8253968253968254,0.8412698412698413,0.8571428571428571,0.3968253968253968,0.25,0.16168668775649794,0.15678709115781617,0.14773111179361179,0.14325441143622963,0.25,0.2424242424242424,0.25,0.5,0.671875,0.71875,0.796875,0.25
RandomForest,T_vs_F,123,True,True,experiment_results_statistical_IL_top_10_video_2025-08-14_220927_early_stop/randomforest_T_vs_F_2025-08-14_220927_seed123_early_stop.pkl,"{'bootstrap': True, 'max_depth': 10, 'max_features': 'sqrt', 'min_samples_leaf': 2, 'min_samples_split': 10, 'n_estimators': 100}",0.8412698412698413,0.8003425146282289,0.7639633094178548,0.7863945578231293,0.7506493506493506,0.8412698412698413,0.8030303030303031,0.8412698412698413,0.9365079365079365,1.0,1.0,1.0,0.8412698412698413,0.5625,0.5156031468531468,0.49997880906971814,0.5103794642857142,0.4949134199134199,0.5625,0.5454545454545454,0.5625,0.84375,0.984375,0.984375,0.984375,0.5625
XGBoost,T_vs_F,123,True,True,experiment_results_statistical_IL_top_10_video_2025-08-14_220927_early_stop/xgboost_T_vs_F_2025-08-14_220927_seed123_early_stop.pkl,"{'colsample_bytree': 0.8, 'device': 'cpu', 'learning_rate': 0.1, 'max_depth': 4, 'n_estimators': 1000, 'reg_lambda': 3, 'subsample': 0.8}",0.8571428571428571,0.8163265306122449,0.7792207792207791,0.7999999999999999,0.7636363636363637,0.8571428571428571,0.8181818181818182,0.8571428571428571,0.9365079365079365,1.0,1.0,1.0,0.8571428571428571,0.59375,0.5412254412254411,0.5248246702792158,0.5345982142857142,0.5183982683982683,0.59375,0.5757575757575757,0.59375,0.796875,0.90625,0.9375,0.9375,0.59375
CatBoost,T_vs_F,123,True,True,experiment_results_statistical_IL_top_10_video_2025-08-14_220927_early_stop/catboost_T_vs_F_2025-08-14_220927_seed123_early_stop.pkl,"{'border_count': 32, 'depth': 4, 'iterations': 1000, 'l2_leaf_reg': 5, 'learning_rate': 0.1}",0.8571428571428571,0.8163265306122449,0.7792207792207791,0.7999999999999999,0.7636363636363637,0.8571428571428571,0.8181818181818182,0.8571428571428571,0.9365079365079365,1.0,1.0,1.0,0.8571428571428571,0.546875,0.5027732683982684,0.4875377148104421,0.5026041666666666,0.48737373737373735,0.546875,0.5303030303030303,0.546875,0.875,0.96875,1.0,1.0,0.546875
SVM,T_vs_F,123,True,True,experiment_results_statistical_IL_top_10_video_2025-08-14_220927_early_stop/svm_T_vs_F_2025-08-14_220927_seed123_early_stop.pkl,"{'C': 1, 'decision_function_shape': 'ovo', 'gamma': 'scale', 'kernel': 'rbf'}",0.6984126984126984,0.6383589333169165,0.6093426181661477,0.7050092764378477,0.6729634002361274,0.6984126984126984,0.6666666666666666,0.5079365079365079,0.7936507936507936,0.8888888888888888,0.9047619047619048,0.9365079365079365,0.5079365079365079,0.484375,0.42502228163992867,0.41214281855993085,0.44099025974025974,0.4276269185360094,0.484375,0.4696969696969697,0.484375,0.71875,0.875,0.921875,0.96875,0.484375
MLP,T_vs_F,123,True,True,experiment_results_statistical_IL_top_10_video_2025-08-14_220927_early_stop/mlp_T_vs_F_2025-08-14_220927_seed123_early_stop.pkl,"{'activation': 'tanh', 'alpha': 0.0001, 'batch_size': 36, 'early_stopping': True, 'hidden_layer_sizes': [50], 'learning_rate': 'constant', 'learning_rate_init': 0.01, 'max_iter': 2000, 'solver': 'adam'}",0.09523809523809523,0.016563146997929608,0.015810276679841896,0.009070294784580499,0.008658008658008658,0.09523809523809523,0.09090909090909091,0.09523809523809523,0.19047619047619047,0.25396825396825395,0.3492063492063492,0.4444444444444444,0.09523809523809523,0.09375,0.01607142857142857,0.015584415584415584,0.0087890625,0.008522727272727272,0.09375,0.09090909090909091,0.09375,0.1875,0.25,0.34375,0.4375,0.09375
NaiveBayes,T_vs_F,123,False,True,experiment_results_statistical_IL_top_10_video_2025-08-14_220927_early_stop/naivebayes_T_vs_F_2025-08-14_220927_seed123_early_stop.pkl,"{'priors': None, 'var_smoothing': 1e-09}",0.8571428571428571,0.8163265306122449,0.7792207792207791,0.7999999999999999,0.7636363636363637,0.8571428571428571,0.8181818181818182,0.8571428571428571,0.9365079365079365,1.0,1.0,1.0,0.8571428571428571,0.5625,0.4830419580419581,0.46840432294977746,0.4440848214285714,0.4306277056277057,0.5625,0.5454545454545454,0.5625,0.75,0.890625,0.9375,0.96875,0.5625
LightGBM,T_vs_F,123,False,True,experiment_results_statistical_IL_top_10_video_2025-08-14_220927_early_stop/lightgbm_T_vs_F_2025-08-14_220927_seed123_early_stop.pkl,"{'boosting_type': 'gbdt', 'class_weight': None, 'colsample_bytree': 1.0, 'importance_type': 'split', 'learning_rate': 0.1, 'max_depth': -1, 'min_child_samples': 20, 'min_child_weight': 0.001, 'min_split_gain': 0.0, 'n_estimators': 100, 'n_jobs': -1, 'num_leaves': 31, 'objective': None, 'random_state': 123, 'reg_alpha': 0.0, 'reg_lambda': 0.0, 'subsample': 1.0, 'subsample_for_bin': 200000, 'subsample_freq': 0, 'verbose': -1}",0.8571428571428571,0.8163265306122449,0.7792207792207791,0.7999999999999999,0.7636363636363637,0.8571428571428571,0.8181818181818182,0.8571428571428571,0.9365079365079365,1.0,1.0,1.0,0.8571428571428571,0.5625,0.532657967032967,0.5165168165168166,0.5535714285714286,0.5367965367965367,0.5625,0.5454545454545454,0.5625,0.71875,0.8125,0.8125,0.859375,0.5625
ExtraTrees,T_vs_F,123,False,True,experiment_results_statistical_IL_top_10_video_2025-08-14_220927_early_stop/extratrees_T_vs_F_2025-08-14_220927_seed123_early_stop.pkl,"{'bootstrap': False, 'ccp_alpha': 0.0, 'class_weight': None, 'criterion': 'gini', 'max_depth': None, 'max_features': 'sqrt', 'max_leaf_nodes': None, 'max_samples': None, 'min_impurity_decrease': 0.0, 'min_samples_leaf': 1, 'min_samples_split': 2, 'min_weight_fraction_leaf': 0.0, 'monotonic_cst': None, 'n_estimators': 100, 'n_jobs': -1, 'oob_score': False, 'random_state': 123, 'verbose': 0, 'warm_start': False}",0.8571428571428571,0.8163265306122449,0.7792207792207791,0.7999999999999999,0.7636363636363637,0.8571428571428571,0.8181818181818182,0.8571428571428571,0.9365079365079365,1.0,1.0,1.0,0.8571428571428571,0.59375,0.5456647519147519,0.5291294564021837,0.5401785714285714,0.5238095238095238,0.59375,0.5757575757575757,0.59375,0.890625,0.984375,1.0,1.0,0.59375
GradientBoosting,T_vs_F,123,False,True,experiment_results_statistical_IL_top_10_video_2025-08-14_220927_early_stop/gradientboosting_T_vs_F_2025-08-14_220927_seed123_early_stop.pkl,"{'ccp_alpha': 0.0, 'criterion': 'friedman_mse', 'init': None, 'learning_rate': 0.1, 'loss': 'log_loss', 'max_depth': 3, 'max_features': None, 'max_leaf_nodes': None, 'min_impurity_decrease': 0.0, 'min_samples_leaf': 1, 'min_samples_split': 2, 'min_weight_fraction_leaf': 0.0, 'n_estimators': 100, 'n_iter_no_change': None, 'random_state': 123, 'subsample': 1.0, 'tol': 0.0001, 'validation_fraction': 0.1, 'verbose': 0, 'warm_start': False}",0.8571428571428571,0.8163265306122449,0.7792207792207791,0.7999999999999999,0.7636363636363637,0.8571428571428571,0.8181818181818182,0.8571428571428571,0.9365079365079365,1.0,1.0,1.0,0.8571428571428571,0.5625,0.5240696803196803,0.5081887809160537,0.5251116071428571,0.5091991341991342,0.5625,0.5454545454545454,0.5625,0.75,0.859375,0.890625,0.890625,0.5625
KNN,T_vs_F,123,False,True,experiment_results_statistical_IL_top_10_video_2025-08-14_220927_early_stop/knn_T_vs_F_2025-08-14_220927_seed123_early_stop.pkl,"{'algorithm': 'auto', 'leaf_size': 30, 'metric': 'minkowski', 'metric_params': None, 'n_jobs': -1, 'n_neighbors': 5, 'p': 2, 'weights': 'uniform'}",0.47619047619047616,0.40452358099416924,0.3921967515550403,0.4252834467120182,0.40974025974025974,0.47619047619047616,0.4696969696969697,0.47619047619047616,0.7777777777777778,0.8571428571428571,0.8888888888888888,0.9047619047619048,0.3968253968253968,0.40625,0.34738906926406926,0.33686212777121866,0.40332512315270935,0.39110314972383936,0.40625,0.3939393939393939,0.359375,0.640625,0.71875,0.734375,0.75,0.359375
LogisticRegression,T_vs_F,123,False,True,experiment_results_statistical_IL_top_10_video_2025-08-14_220927_early_stop/logisticregression_T_vs_F_2025-08-14_220927_seed123_early_stop.pkl,"{'C': 1.0, 'class_weight': None, 'dual': False, 'fit_intercept': True, 'intercept_scaling': 1, 'l1_ratio': None, 'max_iter': 100, 'multi_class': 'deprecated', 'n_jobs': -1, 'penalty': 'l2', 'random_state': 123, 'solver': 'lbfgs', 'tol': 0.0001, 'verbose': 0, 'warm_start': False}",0.3968253968253968,0.3314436885865457,0.31637806637806637,0.4390289449112978,0.41907308377896607,0.3968253968253968,0.37878787878787884,0.3968253968253968,0.6349206349206349,0.8253968253968254,0.8412698412698413,0.8571428571428571,0.3968253968253968,0.25,0.16168668775649794,0.15678709115781617,0.14773111179361179,0.14325441143622963,0.25,0.2424242424242424,0.25,0.5,0.671875,0.71875,0.796875,0.25
RandomForest,T_vs_F,456,True,True,experiment_results_statistical_IL_top_10_video_2025-08-14_220927_early_stop/randomforest_T_vs_F_2025-08-14_220927_seed456_early_stop.pkl,"{'bootstrap': True, 'max_depth': 10, 'max_features': 'log2', 'min_samples_leaf': 2, 'min_samples_split': 10, 'n_estimators': 300}",0.8571428571428571,0.8163265306122449,0.7792207792207791,0.7999999999999999,0.7636363636363637,0.8571428571428571,0.8181818181818182,0.8571428571428571,0.9365079365079365,1.0,1.0,1.0,0.8571428571428571,0.5625,0.5136472902097902,0.4980822208094935,0.5225074404761905,0.5066738816738816,0.5625,0.5454545454545454,0.5625,0.890625,1.0,1.0,1.0,0.5625
XGBoost,T_vs_F,456,True,True,experiment_results_statistical_IL_top_10_video_2025-08-14_220927_early_stop/xgboost_T_vs_F_2025-08-14_220927_seed456_early_stop.pkl,"{'colsample_bytree': 1.0, 'device': 'cpu', 'learning_rate': 0.05, 'max_depth': 4, 'n_estimators': 1000, 'reg_lambda': 1, 'subsample': 0.8}",0.8571428571428571,0.8163265306122449,0.7792207792207791,0.7999999999999999,0.7636363636363637,0.8571428571428571,0.8181818181818182,0.8571428571428571,0.9365079365079365,1.0,1.0,1.0,0.8571428571428571,0.609375,0.5556797143074317,0.5388409350859944,0.5538471638655462,0.5370639164756812,0.609375,0.5909090909090909,0.609375,0.796875,0.890625,0.921875,0.953125,0.609375
CatBoost,T_vs_F,456,True,True,experiment_results_statistical_IL_top_10_video_2025-08-14_220927_early_stop/catboost_T_vs_F_2025-08-14_220927_seed456_early_stop.pkl,"{'border_count': 32, 'depth': 8, 'iterations': 1000, 'l2_leaf_reg': 3, 'learning_rate': 0.1}",0.8571428571428571,0.8163265306122449,0.7792207792207791,0.7999999999999999,0.7636363636363637,0.8571428571428571,0.8181818181818182,0.8571428571428571,0.9365079365079365,1.0,1.0,1.0,0.8571428571428571,0.5625,0.5161661255411256,0.500524727797455,0.5143229166666666,0.4987373737373737,0.5625,0.5454545454545454,0.5625,0.890625,0.984375,0.984375,1.0,0.5625
SVM,T_vs_F,456,True,True,experiment_results_statistical_IL_top_10_video_2025-08-14_220927_early_stop/svm_T_vs_F_2025-08-14_220927_seed456_early_stop.pkl,"{'C': 10, 'decision_function_shape': 'ovo', 'gamma': 'scale', 'kernel': 'rbf'}",0.8571428571428571,0.8163265306122449,0.7792207792207791,0.7999999999999999,0.7636363636363637,0.8571428571428571,0.8181818181818182,0.5396825396825397,0.6825396825396826,0.9682539682539683,0.9841269841269841,1.0,0.5396825396825397,0.46875,0.4330638111888112,0.41994066539521085,0.4375,0.4242424242424242,0.46875,0.45454545454545453,0.453125,0.734375,0.9375,0.984375,0.984375,0.453125
MLP,T_vs_F,456,True,True,experiment_results_statistical_IL_top_10_video_2025-08-14_220927_early_stop/mlp_T_vs_F_2025-08-14_220927_seed456_early_stop.pkl,"{'activation': 'relu', 'alpha': 0.0001, 'batch_size': 36, 'early_stopping': True, 'hidden_layer_sizes': [50], 'learning_rate': 'constant', 'learning_rate_init': 0.001, 'max_iter': 2000, 'solver': 'adam'}",0.09523809523809523,0.016563146997929608,0.015810276679841896,0.009070294784580499,0.008658008658008658,0.09523809523809523,0.09090909090909091,0.09523809523809523,0.1746031746031746,0.2698412698412698,0.36507936507936506,0.4603174603174603,0.09523809523809523,0.09375,0.01607142857142857,0.015584415584415584,0.0087890625,0.008522727272727272,0.09375,0.09090909090909091,0.09375,0.1875,0.28125,0.375,0.46875,0.09375
NaiveBayes,T_vs_F,456,False,True,experiment_results_statistical_IL_top_10_video_2025-08-14_220927_early_stop/naivebayes_T_vs_F_2025-08-14_220927_seed456_early_stop.pkl,"{'priors': None, 'var_smoothing': 1e-09}",0.8571428571428571,0.8163265306122449,0.7792207792207791,0.7999999999999999,0.7636363636363637,0.8571428571428571,0.8181818181818182,0.8571428571428571,0.9365079365079365,1.0,1.0,1.0,0.8571428571428571,0.5625,0.4830419580419581,0.46840432294977746,0.4440848214285714,0.4306277056277057,0.5625,0.5454545454545454,0.5625,0.75,0.890625,0.9375,0.96875,0.5625
LightGBM,T_vs_F,456,False,True,experiment_results_statistical_IL_top_10_video_2025-08-14_220927_early_stop/lightgbm_T_vs_F_2025-08-14_220927_seed456_early_stop.pkl,"{'boosting_type': 'gbdt', 'class_weight': None, 'colsample_bytree': 1.0, 'importance_type': 'split', 'learning_rate': 0.1, 'max_depth': -1, 'min_child_samples': 20, 'min_child_weight': 0.001, 'min_split_gain': 0.0, 'n_estimators': 100, 'n_jobs': -1, 'num_leaves': 31, 'objective': None, 'random_state': 456, 'reg_alpha': 0.0, 'reg_lambda': 0.0, 'subsample': 1.0, 'subsample_for_bin': 200000, 'subsample_freq': 0, 'verbose': -1}",0.8571428571428571,0.8163265306122449,0.7792207792207791,0.7999999999999999,0.7636363636363637,0.8571428571428571,0.8181818181818182,0.8571428571428571,0.9365079365079365,1.0,1.0,1.0,0.8571428571428571,0.5625,0.532657967032967,0.5165168165168166,0.5535714285714286,0.5367965367965367,0.5625,0.5454545454545454,0.5625,0.71875,0.8125,0.8125,0.859375,0.5625
ExtraTrees,T_vs_F,456,False,True,experiment_results_statistical_IL_top_10_video_2025-08-14_220927_early_stop/extratrees_T_vs_F_2025-08-14_220927_seed456_early_stop.pkl,"{'bootstrap': False, 'ccp_alpha': 0.0, 'class_weight': None, 'criterion': 'gini', 'max_depth': None, 'max_features': 'sqrt', 'max_leaf_nodes': None, 'max_samples': None, 'min_impurity_decrease': 0.0, 'min_samples_leaf': 1, 'min_samples_split': 2, 'min_weight_fraction_leaf': 0.0, 'monotonic_cst': None, 'n_estimators': 100, 'n_jobs': -1, 'oob_score': False, 'random_state': 456, 'verbose': 0, 'warm_start': False}",0.8571428571428571,0.8163265306122449,0.7792207792207791,0.7999999999999999,0.7636363636363637,0.8571428571428571,0.8181818181818182,0.8571428571428571,0.9365079365079365,1.0,1.0,1.0,0.8571428571428571,0.546875,0.5083416583416583,0.49293736566463847,0.5206473214285714,0.5048701298701298,0.546875,0.5303030303030304,0.546875,0.890625,1.0,1.0,1.0,0.546875
GradientBoosting,T_vs_F,456,False,True,experiment_results_statistical_IL_top_10_video_2025-08-14_220927_early_stop/gradientboosting_T_vs_F_2025-08-14_220927_seed456_early_stop.pkl,"{'ccp_alpha': 0.0, 'criterion': 'friedman_mse', 'init': None, 'learning_rate': 0.1, 'loss': 'log_loss', 'max_depth': 3, 'max_features': None, 'max_leaf_nodes': None, 'min_impurity_decrease': 0.0, 'min_samples_leaf': 1, 'min_samples_split': 2, 'min_weight_fraction_leaf': 0.0, 'n_estimators': 100, 'n_iter_no_change': None, 'random_state': 456, 'subsample': 1.0, 'tol': 0.0001, 'validation_fraction': 0.1, 'verbose': 0, 'warm_start': False}",0.8571428571428571,0.8163265306122449,0.7792207792207791,0.7999999999999999,0.7636363636363637,0.8571428571428571,0.8181818181818182,0.8571428571428571,0.9365079365079365,1.0,1.0,1.0,0.8571428571428571,0.546875,0.507554945054945,0.4921744921744922,0.5104910714285714,0.49502164502164503,0.546875,0.5303030303030304,0.546875,0.75,0.859375,0.875,0.890625,0.546875
KNN,T_vs_F,456,False,True,experiment_results_statistical_IL_top_10_video_2025-08-14_220927_early_stop/knn_T_vs_F_2025-08-14_220927_seed456_early_stop.pkl,"{'algorithm': 'auto', 'leaf_size': 30, 'metric': 'minkowski', 'metric_params': None, 'n_jobs': -1, 'n_neighbors': 5, 'p': 2, 'weights': 'uniform'}",0.47619047619047616,0.40452358099416924,0.3921967515550403,0.4252834467120182,0.40974025974025974,0.47619047619047616,0.4696969696969697,0.47619047619047616,0.7777777777777778,0.8571428571428571,0.8888888888888888,0.9047619047619048,0.3968253968253968,0.40625,0.34738906926406926,0.33686212777121866,0.40332512315270935,0.39110314972383936,0.40625,0.3939393939393939,0.359375,0.640625,0.71875,0.734375,0.75,0.359375
LogisticRegression,T_vs_F,456,False,True,experiment_results_statistical_IL_top_10_video_2025-08-14_220927_early_stop/logisticregression_T_vs_F_2025-08-14_220927_seed456_early_stop.pkl,"{'C': 1.0, 'class_weight': None, 'dual': False, 'fit_intercept': True, 'intercept_scaling': 1, 'l1_ratio': None, 'max_iter': 100, 'multi_class': 'deprecated', 'n_jobs': -1, 'penalty': 'l2', 'random_state': 456, 'solver': 'lbfgs', 'tol': 0.0001, 'verbose': 0, 'warm_start': False}",0.3968253968253968,0.3314436885865457,0.31637806637806637,0.4390289449112978,0.41907308377896607,0.3968253968253968,0.37878787878787884,0.3968253968253968,0.6349206349206349,0.8253968253968254,0.8412698412698413,0.8571428571428571,0.3968253968253968,0.25,0.16168668775649794,0.15678709115781617,0.14773111179361179,0.14325441143622963,0.25,0.2424242424242424,0.25,0.5,0.671875,0.71875,0.796875,0.25
RandomForest,T_vs_I,42,True,True,experiment_results_statistical_IL_top_10_video_2025-08-14_220927_early_stop/randomforest_T_vs_I_2025-08-14_220927_seed42_early_stop.pkl,"{'bootstrap': True, 'max_depth': 10, 'max_features': 'sqrt', 'min_samples_leaf': 1, 'min_samples_split': 10, 'n_estimators': 100}",0.8571428571428571,0.8163265306122449,0.7792207792207791,0.7999999999999999,0.7636363636363637,0.8571428571428571,0.8181818181818182,0.8571428571428571,0.9365079365079365,1.0,1.0,1.0,0.8571428571428571,0.5846153846153846,0.5355931025496242,0.5274780555412967,0.5270846800258565,0.5190985485103131,0.5846153846153846,0.5757575757575757,0.5846153846153846,0.8461538461538461,1.0,1.0,1.0,0.5846153846153846
XGBoost,T_vs_I,42,True,True,experiment_results_statistical_IL_top_10_video_2025-08-14_220927_early_stop/xgboost_T_vs_I_2025-08-14_220927_seed42_early_stop.pkl,"{'colsample_bytree': 0.8, 'device': 'cpu', 'learning_rate': 0.05, 'max_depth': 4, 'n_estimators': 1000, 'reg_lambda': 1, 'subsample': 0.8}",0.8571428571428571,0.8163265306122449,0.7792207792207791,0.7999999999999999,0.7636363636363637,0.8571428571428571,0.8181818181818182,0.8571428571428571,0.9365079365079365,1.0,1.0,1.0,0.8571428571428571,0.5846153846153846,0.529396449704142,0.5213752913752914,0.5507615191825719,0.5424166476798056,0.5846153846153846,0.5757575757575757,0.5846153846153846,0.7230769230769231,0.8923076923076924,0.9384615384615385,0.9538461538461539,0.5846153846153846
CatBoost,T_vs_I,42,True,True,experiment_results_statistical_IL_top_10_video_2025-08-14_220927_early_stop/catboost_T_vs_I_2025-08-14_220927_seed42_early_stop.pkl,"{'border_count': 32, 'depth': 8, 'iterations': 1000, 'l2_leaf_reg': 1, 'learning_rate': 0.1}",0.8571428571428571,0.8163265306122449,0.7792207792207791,0.7999999999999999,0.7636363636363637,0.8571428571428571,0.8181818181818182,0.8571428571428571,0.9365079365079365,1.0,1.0,1.0,0.8571428571428571,0.5692307692307692,0.5223140738859803,0.5144002242816472,0.5148868778280543,0.5070855614973262,0.5692307692307692,0.5606060606060606,0.5692307692307692,0.8615384615384616,0.9846153846153847,0.9846153846153847,1.0,0.5692307692307692
SVM,T_vs_I,42,True,True,experiment_results_statistical_IL_top_10_video_2025-08-14_220927_early_stop/svm_T_vs_I_2025-08-14_220927_seed42_early_stop.pkl,"{'C': 10, 'decision_function_shape': 'ovo', 'gamma': 'scale', 'kernel': 'poly'}",0.8412698412698413,0.8003425146282288,0.7639633094178548,0.7863945578231293,0.7506493506493506,0.8412698412698413,0.8030303030303031,0.42857142857142855,0.6031746031746031,0.8888888888888888,0.9841269841269841,1.0,0.42857142857142855,0.4307692307692308,0.3645021645021645,0.3589794044339499,0.35825174825174827,0.3528236914600551,0.4307692307692308,0.4242424242424242,0.26153846153846155,0.5692307692307692,0.8153846153846154,0.9230769230769231,0.9692307692307692,0.26153846153846155
MLP,T_vs_I,42,True,True,experiment_results_statistical_IL_top_10_video_2025-08-14_220927_early_stop/mlp_T_vs_I_2025-08-14_220927_seed42_early_stop.pkl,"{'activation': 'relu', 'alpha': 0.0001, 'batch_size': 36, 'early_stopping': True, 'hidden_layer_sizes': [50], 'learning_rate': 'constant', 'learning_rate_init': 0.001, 'max_iter': 2000, 'solver': 'adam'}",0.09523809523809523,0.016563146997929608,0.015810276679841896,0.009070294784580499,0.008658008658008658,0.09523809523809523,0.09090909090909091,0.09523809523809523,0.1746031746031746,0.23809523809523808,0.3333333333333333,0.42857142857142855,0.09523809523809523,0.09230769230769231,0.015601300108342361,0.015364916773367477,0.008520710059171599,0.008391608391608392,0.09230769230769231,0.09090909090909091,0.09230769230769231,0.16923076923076924,0.26153846153846155,0.35384615384615387,0.4461538461538462,0.09230769230769231
NaiveBayes,T_vs_I,42,False,True,experiment_results_statistical_IL_top_10_video_2025-08-14_220927_early_stop/naivebayes_T_vs_I_2025-08-14_220927_seed42_early_stop.pkl,"{'priors': None, 'var_smoothing': 1e-09}",0.8571428571428571,0.8163265306122449,0.7792207792207791,0.7999999999999999,0.7636363636363637,0.8571428571428571,0.8181818181818182,0.8571428571428571,0.9365079365079365,1.0,1.0,1.0,0.8571428571428571,0.5230769230769231,0.45485768412189814,0.44796590102914213,0.4464985994397759,0.4397334691452338,0.5230769230769231,0.5151515151515151,0.5230769230769231,0.7076923076923077,0.8615384615384616,0.9076923076923077,0.9230769230769231,0.5230769230769231
LightGBM,T_vs_I,42,False,True,experiment_results_statistical_IL_top_10_video_2025-08-14_220927_early_stop/lightgbm_T_vs_I_2025-08-14_220927_seed42_early_stop.pkl,"{'boosting_type': 'gbdt', 'class_weight': None, 'colsample_bytree': 1.0, 'importance_type': 'split', 'learning_rate': 0.1, 'max_depth': -1, 'min_child_samples': 20, 'min_child_weight': 0.001, 'min_split_gain': 0.0, 'n_estimators': 100, 'n_jobs': -1, 'num_leaves': 31, 'objective': None, 'random_state': 42, 'reg_alpha': 0.0, 'reg_lambda': 0.0, 'subsample': 1.0, 'subsample_for_bin': 200000, 'subsample_freq': 0, 'verbose': -1}",0.8571428571428571,0.8163265306122449,0.7792207792207791,0.7999999999999999,0.7636363636363637,0.8571428571428571,0.8181818181818182,0.8571428571428571,0.9365079365079365,1.0,1.0,1.0,0.8571428571428571,0.5384615384615384,0.4865479348237969,0.4791759964173757,0.5010033444816053,0.4934123847167325,0.5384615384615384,0.5303030303030303,0.5384615384615384,0.6461538461538462,0.7692307692307693,0.8153846153846154,0.8461538461538461,0.5384615384615384
ExtraTrees,T_vs_I,42,False,True,experiment_results_statistical_IL_top_10_video_2025-08-14_220927_early_stop/extratrees_T_vs_I_2025-08-14_220927_seed42_early_stop.pkl,"{'bootstrap': False, 'ccp_alpha': 0.0, 'class_weight': None, 'criterion': 'gini', 'max_depth': None, 'max_features': 'sqrt', 'max_leaf_nodes': None, 'max_samples': None, 'min_impurity_decrease': 0.0, 'min_samples_leaf': 1, 'min_samples_split': 2, 'min_weight_fraction_leaf': 0.0, 'monotonic_cst': None, 'n_estimators': 100, 'n_jobs': -1, 'oob_score': False, 'random_state': 42, 'verbose': 0, 'warm_start': False}",0.8571428571428571,0.8163265306122449,0.7792207792207791,0.7999999999999999,0.7636363636363637,0.8571428571428571,0.8181818181818182,0.8571428571428571,0.9365079365079365,1.0,1.0,1.0,0.8571428571428571,0.6307692307692307,0.5861425530990748,0.5772616053248464,0.582579185520362,0.5737522281639929,0.6307692307692307,0.6212121212121212,0.6307692307692307,0.8769230769230769,1.0,1.0,1.0,0.6307692307692307
GradientBoosting,T_vs_I,42,False,True,experiment_results_statistical_IL_top_10_video_2025-08-14_220927_early_stop/gradientboosting_T_vs_I_2025-08-14_220927_seed42_early_stop.pkl,"{'ccp_alpha': 0.0, 'criterion': 'friedman_mse', 'init': None, 'learning_rate': 0.1, 'loss': 'log_loss', 'max_depth': 3, 'max_features': None, 'max_leaf_nodes': None, 'min_impurity_decrease': 0.0, 'min_samples_leaf': 1, 'min_samples_split': 2, 'min_weight_fraction_leaf': 0.0, 'n_estimators': 100, 'n_iter_no_change': None, 'random_state': 42, 'subsample': 1.0, 'tol': 0.0001, 'validation_fraction': 0.1, 'verbose': 0, 'warm_start': False}",0.8571428571428571,0.8163265306122449,0.7792207792207791,0.7999999999999999,0.7636363636363637,0.8571428571428571,0.8181818181818182,0.8571428571428571,0.9365079365079365,1.0,1.0,1.0,0.8571428571428571,0.6,0.5658889605377899,0.5573148853781265,0.5675242404654168,0.5589253883371531,0.6,0.5909090909090909,0.6,0.7846153846153846,0.9230769230769231,0.9230769230769231,0.9230769230769231,0.6
KNN,T_vs_I,42,False,True,experiment_results_statistical_IL_top_10_video_2025-08-14_220927_early_stop/knn_T_vs_I_2025-08-14_220927_seed42_early_stop.pkl,"{'algorithm': 'auto', 'leaf_size': 30, 'metric': 'minkowski', 'metric_params': None, 'n_jobs': -1, 'n_neighbors': 5, 'p': 2, 'weights': 'uniform'}",0.47619047619047616,0.40452358099416924,0.3921967515550403,0.4252834467120182,0.40974025974025974,0.47619047619047616,0.4696969696969697,0.47619047619047616,0.7777777777777778,0.8571428571428571,0.8888888888888888,0.9047619047619048,0.3968253968253968,0.38461538461538464,0.35579126755597346,0.3548568187605621,0.5477680939749906,0.542080907598149,0.38461538461538464,0.3939393939393939,0.35384615384615387,0.6,0.6923076923076923,0.7692307692307693,0.7846153846153846,0.3384615384615385
LogisticRegression,T_vs_I,42,False,True,experiment_results_statistical_IL_top_10_video_2025-08-14_220927_early_stop/logisticregression_T_vs_I_2025-08-14_220927_seed42_early_stop.pkl,"{'C': 1.0, 'class_weight': None, 'dual': False, 'fit_intercept': True, 'intercept_scaling': 1, 'l1_ratio': None, 'max_iter': 100, 'multi_class': 'deprecated', 'n_jobs': -1, 'penalty': 'l2', 'random_state': 42, 'solver': 'lbfgs', 'tol': 0.0001, 'verbose': 0, 'warm_start': False}",0.3968253968253968,0.3314436885865457,0.31637806637806637,0.4390289449112978,0.41907308377896607,0.3968253968253968,0.37878787878787884,0.3968253968253968,0.6349206349206349,0.8253968253968254,0.8412698412698413,0.8571428571428571,0.3968253968253968,0.23076923076923078,0.14327697070731124,0.14110610751477626,0.1414066702528241,0.13926414494596312,0.23076923076923078,0.22727272727272724,0.23076923076923078,0.4461538461538462,0.6923076923076923,0.7692307692307693,0.8153846153846154,0.23076923076923078
RandomForest,T_vs_I,123,True,True,experiment_results_statistical_IL_top_10_video_2025-08-14_220927_early_stop/randomforest_T_vs_I_2025-08-14_220927_seed123_early_stop.pkl,"{'bootstrap': True, 'max_depth': 10, 'max_features': 'sqrt', 'min_samples_leaf': 2, 'min_samples_split': 10, 'n_estimators': 100}",0.8412698412698413,0.8003425146282289,0.7639633094178548,0.7863945578231293,0.7506493506493506,0.8412698412698413,0.8030303030303031,0.8412698412698413,0.9365079365079365,1.0,1.0,1.0,0.8412698412698413,0.5846153846153846,0.5387468718572397,0.5305840404654634,0.5346670976082741,0.5265660809778457,0.5846153846153846,0.5757575757575757,0.5846153846153846,0.8615384615384616,1.0,1.0,1.0,0.5846153846153846
XGBoost,T_vs_I,123,True,True,experiment_results_statistical_IL_top_10_video_2025-08-14_220927_early_stop/xgboost_T_vs_I_2025-08-14_220927_seed123_early_stop.pkl,"{'colsample_bytree': 0.8, 'device': 'cpu', 'learning_rate': 0.1, 'max_depth': 4, 'n_estimators': 1000, 'reg_lambda': 3, 'subsample': 0.8}",0.8571428571428571,0.8163265306122449,0.7792207792207791,0.7999999999999999,0.7636363636363637,0.8571428571428571,0.8181818181818182,0.8571428571428571,0.9365079365079365,1.0,1.0,1.0,0.8571428571428571,0.5692307692307692,0.517416429724122,0.5095767868495141,0.5334065934065934,0.5253246753246753,0.5692307692307692,0.5606060606060607,0.5692307692307692,0.7230769230769231,0.8769230769230769,0.9538461538461539,0.9538461538461539,0.5692307692307692
CatBoost,T_vs_I,123,True,True,experiment_results_statistical_IL_top_10_video_2025-08-14_220927_early_stop/catboost_T_vs_I_2025-08-14_220927_seed123_early_stop.pkl,"{'border_count': 32, 'depth': 4, 'iterations': 1000, 'l2_leaf_reg': 5, 'learning_rate': 0.1}",0.8571428571428571,0.8163265306122449,0.7792207792207791,0.7999999999999999,0.7636363636363637,0.8571428571428571,0.8181818181818182,0.8571428571428571,0.9365079365079365,1.0,1.0,1.0,0.8571428571428571,0.5846153846153846,0.5365798081517145,0.5284498110585067,0.5287330316742082,0.5207219251336899,0.5846153846153846,0.5757575757575757,0.5846153846153846,0.8615384615384616,0.9846153846153847,1.0,1.0,0.5846153846153846
SVM,T_vs_I,123,True,True,experiment_results_statistical_IL_top_10_video_2025-08-14_220927_early_stop/svm_T_vs_I_2025-08-14_220927_seed123_early_stop.pkl,"{'C': 1, 'decision_function_shape': 'ovo', 'gamma': 'scale', 'kernel': 'rbf'}",0.6984126984126984,0.6383589333169165,0.6093426181661477,0.7050092764378477,0.6729634002361274,0.6984126984126984,0.6666666666666666,0.5079365079365079,0.7936507936507936,0.8888888888888888,0.9047619047619048,0.9365079365079365,0.5079365079365079,0.38461538461538464,0.2819909502262443,0.27771836007130124,0.2683316683316683,0.2642660369933097,0.38461538461538464,0.37878787878787873,0.4307692307692308,0.6461538461538462,0.8307692307692308,0.8923076923076924,0.9230769230769231,0.4307692307692308
MLP,T_vs_I,123,True,True,experiment_results_statistical_IL_top_10_video_2025-08-14_220927_early_stop/mlp_T_vs_I_2025-08-14_220927_seed123_early_stop.pkl,"{'activation': 'tanh', 'alpha': 0.0001, 'batch_size': 36, 'early_stopping': True, 'hidden_layer_sizes': [50], 'learning_rate': 'constant', 'learning_rate_init': 0.01, 'max_iter': 2000, 'solver': 'adam'}",0.09523809523809523,0.016563146997929608,0.015810276679841896,0.009070294784580499,0.008658008658008658,0.09523809523809523,0.09090909090909091,0.09523809523809523,0.19047619047619047,0.25396825396825395,0.3492063492063492,0.4444444444444444,0.09523809523809523,0.09230769230769231,0.015601300108342361,0.015364916773367477,0.008520710059171599,0.008391608391608392,0.09230769230769231,0.09090909090909091,0.09230769230769231,0.18461538461538463,0.27692307692307694,0.36923076923076925,0.46153846153846156,0.09230769230769231
NaiveBayes,T_vs_I,123,False,True,experiment_results_statistical_IL_top_10_video_2025-08-14_220927_early_stop/naivebayes_T_vs_I_2025-08-14_220927_seed123_early_stop.pkl,"{'priors': None, 'var_smoothing': 1e-09}",0.8571428571428571,0.8163265306122449,0.7792207792207791,0.7999999999999999,0.7636363636363637,0.8571428571428571,0.8181818181818182,0.8571428571428571,0.9365079365079365,1.0,1.0,1.0,0.8571428571428571,0.5230769230769231,0.45485768412189814,0.44796590102914213,0.4464985994397759,0.4397334691452338,0.5230769230769231,0.5151515151515151,0.5230769230769231,0.7076923076923077,0.8615384615384616,0.9076923076923077,0.9230769230769231,0.5230769230769231
LightGBM,T_vs_I,123,False,True,experiment_results_statistical_IL_top_10_video_2025-08-14_220927_early_stop/lightgbm_T_vs_I_2025-08-14_220927_seed123_early_stop.pkl,"{'boosting_type': 'gbdt', 'class_weight': None, 'colsample_bytree': 1.0, 'importance_type': 'split', 'learning_rate': 0.1, 'max_depth': -1, 'min_child_samples': 20, 'min_child_weight': 0.001, 'min_split_gain': 0.0, 'n_estimators': 100, 'n_jobs': -1, 'num_leaves': 31, 'objective': None, 'random_state': 123, 'reg_alpha': 0.0, 'reg_lambda': 0.0, 'subsample': 1.0, 'subsample_for_bin': 200000, 'subsample_freq': 0, 'verbose': -1}",0.8571428571428571,0.8163265306122449,0.7792207792207791,0.7999999999999999,0.7636363636363637,0.8571428571428571,0.8181818181818182,0.8571428571428571,0.9365079365079365,1.0,1.0,1.0,0.8571428571428571,0.5384615384615384,0.4865479348237969,0.4791759964173757,0.5010033444816053,0.4934123847167325,0.5384615384615384,0.5303030303030303,0.5384615384615384,0.6461538461538462,0.7692307692307693,0.8153846153846154,0.8461538461538461,0.5384615384615384
ExtraTrees,T_vs_I,123,False,True,experiment_results_statistical_IL_top_10_video_2025-08-14_220927_early_stop/extratrees_T_vs_I_2025-08-14_220927_seed123_early_stop.pkl,"{'bootstrap': False, 'ccp_alpha': 0.0, 'class_weight': None, 'criterion': 'gini', 'max_depth': None, 'max_features': 'sqrt', 'max_leaf_nodes': None, 'max_samples': None, 'min_impurity_decrease': 0.0, 'min_samples_leaf': 1, 'min_samples_split': 2, 'min_weight_fraction_leaf': 0.0, 'monotonic_cst': None, 'n_estimators': 100, 'n_jobs': -1, 'oob_score': False, 'random_state': 123, 'verbose': 0, 'warm_start': False}",0.8571428571428571,0.8163265306122449,0.7792207792207791,0.7999999999999999,0.7636363636363637,0.8571428571428571,0.8181818181818182,0.8571428571428571,0.9365079365079365,1.0,1.0,1.0,0.8571428571428571,0.6,0.5521488544899915,0.5437829627552948,0.5547769877181642,0.5463712757830405,0.6,0.5909090909090909,0.6,0.8923076923076924,1.0,1.0,1.0,0.6
GradientBoosting,T_vs_I,123,False,True,experiment_results_statistical_IL_top_10_video_2025-08-14_220927_early_stop/gradientboosting_T_vs_I_2025-08-14_220927_seed123_early_stop.pkl,"{'ccp_alpha': 0.0, 'criterion': 'friedman_mse', 'init': None, 'learning_rate': 0.1, 'loss': 'log_loss', 'max_depth': 3, 'max_features': None, 'max_leaf_nodes': None, 'min_impurity_decrease': 0.0, 'min_samples_leaf': 1, 'min_samples_split': 2, 'min_weight_fraction_leaf': 0.0, 'n_estimators': 100, 'n_iter_no_change': None, 'random_state': 123, 'subsample': 1.0, 'tol': 0.0001, 'validation_fraction': 0.1, 'verbose': 0, 'warm_start': False}",0.8571428571428571,0.8163265306122449,0.7792207792207791,0.7999999999999999,0.7636363636363637,0.8571428571428571,0.8181818181818182,0.8571428571428571,0.9365079365079365,1.0,1.0,1.0,0.8571428571428571,0.6,0.5638822715745793,0.5553386007931462,0.5657142857142857,0.5571428571428572,0.6,0.5909090909090909,0.6,0.7846153846153846,0.9230769230769231,0.9230769230769231,0.9230769230769231,0.6
KNN,T_vs_I,123,False,True,experiment_results_statistical_IL_top_10_video_2025-08-14_220927_early_stop/knn_T_vs_I_2025-08-14_220927_seed123_early_stop.pkl,"{'algorithm': 'auto', 'leaf_size': 30, 'metric': 'minkowski', 'metric_params': None, 'n_jobs': -1, 'n_neighbors': 5, 'p': 2, 'weights': 'uniform'}",0.47619047619047616,0.40452358099416924,0.3921967515550403,0.4252834467120182,0.40974025974025974,0.47619047619047616,0.4696969696969697,0.47619047619047616,0.7777777777777778,0.8571428571428571,0.8888888888888888,0.9047619047619048,0.3968253968253968,0.38461538461538464,0.35579126755597346,0.3548568187605621,0.5477680939749906,0.542080907598149,0.38461538461538464,0.3939393939393939,0.35384615384615387,0.6,0.6923076923076923,0.7692307692307693,0.7846153846153846,0.3384615384615385
LogisticRegression,T_vs_I,123,False,True,experiment_results_statistical_IL_top_10_video_2025-08-14_220927_early_stop/logisticregression_T_vs_I_2025-08-14_220927_seed123_early_stop.pkl,"{'C': 1.0, 'class_weight': None, 'dual': False, 'fit_intercept': True, 'intercept_scaling': 1, 'l1_ratio': None, 'max_iter': 100, 'multi_class': 'deprecated', 'n_jobs': -1, 'penalty': 'l2', 'random_state': 123, 'solver': 'lbfgs', 'tol': 0.0001, 'verbose': 0, 'warm_start': False}",0.3968253968253968,0.3314436885865457,0.31637806637806637,0.4390289449112978,0.41907308377896607,0.3968253968253968,0.37878787878787884,0.3968253968253968,0.6349206349206349,0.8253968253968254,0.8412698412698413,0.8571428571428571,0.3968253968253968,0.23076923076923078,0.14327697070731124,0.14110610751477626,0.1414066702528241,0.13926414494596312,0.23076923076923078,0.22727272727272724,0.23076923076923078,0.4461538461538462,0.6923076923076923,0.7692307692307693,0.8153846153846154,0.23076923076923078
RandomForest,T_vs_I,456,True,True,experiment_results_statistical_IL_top_10_video_2025-08-14_220927_early_stop/randomforest_T_vs_I_2025-08-14_220927_seed456_early_stop.pkl,"{'bootstrap': True, 'max_depth': 10, 'max_features': 'log2', 'min_samples_leaf': 2, 'min_samples_split': 10, 'n_estimators': 300}",0.8571428571428571,0.8163265306122449,0.7792207792207791,0.7999999999999999,0.7636363636363637,0.8571428571428571,0.8181818181818182,0.8571428571428571,0.9365079365079365,1.0,1.0,1.0,0.8571428571428571,0.6153846153846154,0.5580506450071668,0.5495953322040278,0.5864253393665159,0.5775401069518717,0.6153846153846154,0.6060606060606061,0.6153846153846154,0.8923076923076924,1.0,1.0,1.0,0.6153846153846154
XGBoost,T_vs_I,456,True,True,experiment_results_statistical_IL_top_10_video_2025-08-14_220927_early_stop/xgboost_T_vs_I_2025-08-14_220927_seed456_early_stop.pkl,"{'colsample_bytree': 1.0, 'device': 'cpu', 'learning_rate': 0.05, 'max_depth': 4, 'n_estimators': 1000, 'reg_lambda': 1, 'subsample': 0.8}",0.8571428571428571,0.8163265306122449,0.7792207792207791,0.7999999999999999,0.7636363636363637,0.8571428571428571,0.8181818181818182,0.8571428571428571,0.9365079365079365,1.0,1.0,1.0,0.8571428571428571,0.5846153846153846,0.5283516483516484,0.5203463203463203,0.5630769230769231,0.5545454545454546,0.5846153846153846,0.5757575757575757,0.5846153846153846,0.7230769230769231,0.8923076923076924,0.9230769230769231,0.9538461538461539,0.5846153846153846
CatBoost,T_vs_I,456,True,True,experiment_results_statistical_IL_top_10_video_2025-08-14_220927_early_stop/catboost_T_vs_I_2025-08-14_220927_seed456_early_stop.pkl,"{'border_count': 32, 'depth': 8, 'iterations': 1000, 'l2_leaf_reg': 3, 'learning_rate': 0.1}",0.8571428571428571,0.8163265306122449,0.7792207792207791,0.7999999999999999,0.7636363636363637,0.8571428571428571,0.8181818181818182,0.8571428571428571,0.9365079365079365,1.0,1.0,1.0,0.8571428571428571,0.5846153846153846,0.5310499533910905,0.523003741976074,0.5124692954104719,0.5047046091163738,0.5846153846153846,0.5757575757575757,0.5846153846153846,0.8769230769230769,1.0,1.0,1.0,0.5846153846153846
SVM,T_vs_I,456,True,True,experiment_results_statistical_IL_top_10_video_2025-08-14_220927_early_stop/svm_T_vs_I_2025-08-14_220927_seed456_early_stop.pkl,"{'C': 10, 'decision_function_shape': 'ovo', 'gamma': 'scale', 'kernel': 'rbf'}",0.8571428571428571,0.8163265306122449,0.7792207792207791,0.7999999999999999,0.7636363636363637,0.8571428571428571,0.8181818181818182,0.5396825396825397,0.6825396825396826,0.9682539682539683,0.9841269841269841,1.0,0.5396825396825397,0.49230769230769234,0.4270078639309408,0.42053804781077503,0.41582417582417586,0.4095238095238095,0.49230769230769234,0.4848484848484848,0.38461538461538464,0.676923076923077,0.8923076923076924,0.9692307692307692,0.9846153846153847,0.38461538461538464
MLP,T_vs_I,456,True,True,experiment_results_statistical_IL_top_10_video_2025-08-14_220927_early_stop/mlp_T_vs_I_2025-08-14_220927_seed456_early_stop.pkl,"{'activation': 'relu', 'alpha': 0.0001, 'batch_size': 36, 'early_stopping': True, 'hidden_layer_sizes': [50], 'learning_rate': 'constant', 'learning_rate_init': 0.001, 'max_iter': 2000, 'solver': 'adam'}",0.09523809523809523,0.016563146997929608,0.015810276679841896,0.009070294784580499,0.008658008658008658,0.09523809523809523,0.09090909090909091,0.09523809523809523,0.1746031746031746,0.2698412698412698,0.36507936507936506,0.4603174603174603,0.09523809523809523,0.09230769230769231,0.015601300108342361,0.015364916773367477,0.008520710059171599,0.008391608391608392,0.09230769230769231,0.09090909090909091,0.09230769230769231,0.16923076923076924,0.26153846153846155,0.35384615384615387,0.4461538461538462,0.09230769230769231
NaiveBayes,T_vs_I,456,False,True,experiment_results_statistical_IL_top_10_video_2025-08-14_220927_early_stop/naivebayes_T_vs_I_2025-08-14_220927_seed456_early_stop.pkl,"{'priors': None, 'var_smoothing': 1e-09}",0.8571428571428571,0.8163265306122449,0.7792207792207791,0.7999999999999999,0.7636363636363637,0.8571428571428571,0.8181818181818182,0.8571428571428571,0.9365079365079365,1.0,1.0,1.0,0.8571428571428571,0.5230769230769231,0.45485768412189814,0.44796590102914213,0.4464985994397759,0.4397334691452338,0.5230769230769231,0.5151515151515151,0.5230769230769231,0.7076923076923077,0.8615384615384616,0.9076923076923077,0.9230769230769231,0.5230769230769231
LightGBM,T_vs_I,456,False,True,experiment_results_statistical_IL_top_10_video_2025-08-14_220927_early_stop/lightgbm_T_vs_I_2025-08-14_220927_seed456_early_stop.pkl,"{'boosting_type': 'gbdt', 'class_weight': None, 'colsample_bytree': 1.0, 'importance_type': 'split', 'learning_rate': 0.1, 'max_depth': -1, 'min_child_samples': 20, 'min_child_weight': 0.001, 'min_split_gain': 0.0, 'n_estimators': 100, 'n_jobs': -1, 'num_leaves': 31, 'objective': None, 'random_state': 456, 'reg_alpha': 0.0, 'reg_lambda': 0.0, 'subsample': 1.0, 'subsample_for_bin': 200000, 'subsample_freq': 0, 'verbose': -1}",0.8571428571428571,0.8163265306122449,0.7792207792207791,0.7999999999999999,0.7636363636363637,0.8571428571428571,0.8181818181818182,0.8571428571428571,0.9365079365079365,1.0,1.0,1.0,0.8571428571428571,0.5384615384615384,0.4865479348237969,0.4791759964173757,0.5010033444816053,0.4934123847167325,0.5384615384615384,0.5303030303030303,0.5384615384615384,0.6461538461538462,0.7692307692307693,0.8153846153846154,0.8461538461538461,0.5384615384615384
ExtraTrees,T_vs_I,456,False,True,experiment_results_statistical_IL_top_10_video_2025-08-14_220927_early_stop/extratrees_T_vs_I_2025-08-14_220927_seed456_early_stop.pkl,"{'bootstrap': False, 'ccp_alpha': 0.0, 'class_weight': None, 'criterion': 'gini', 'max_depth': None, 'max_features': 'sqrt', 'max_leaf_nodes': None, 'max_samples': None, 'min_impurity_decrease': 0.0, 'min_samples_leaf': 1, 'min_samples_split': 2, 'min_weight_fraction_leaf': 0.0, 'monotonic_cst': None, 'n_estimators': 100, 'n_jobs': -1, 'oob_score': False, 'random_state': 456, 'verbose': 0, 'warm_start': False}",0.8571428571428571,0.8163265306122449,0.7792207792207791,0.7999999999999999,0.7636363636363637,0.8571428571428571,0.8181818181818182,0.8571428571428571,0.9365079365079365,1.0,1.0,1.0,0.8571428571428571,0.5692307692307692,0.5173682504786183,0.5095293375925786,0.5177440206851971,0.509899414311179,0.5692307692307692,0.5606060606060606,0.5692307692307692,0.8769230769230769,0.9846153846153847,1.0,1.0,0.5692307692307692
GradientBoosting,T_vs_I,456,False,True,experiment_results_statistical_IL_top_10_video_2025-08-14_220927_early_stop/gradientboosting_T_vs_I_2025-08-14_220927_seed456_early_stop.pkl,"{'ccp_alpha': 0.0, 'criterion': 'friedman_mse', 'init': None, 'learning_rate': 0.1, 'loss': 'log_loss', 'max_depth': 3, 'max_features': None, 'max_leaf_nodes': None, 'min_impurity_decrease': 0.0, 'min_samples_leaf': 1, 'min_samples_split': 2, 'min_weight_fraction_leaf': 0.0, 'n_estimators': 100, 'n_iter_no_change': None, 'random_state': 456, 'subsample': 1.0, 'tol': 0.0001, 'validation_fraction': 0.1, 'verbose': 0, 'warm_start': False}",0.8571428571428571,0.8163265306122449,0.7792207792207791,0.7999999999999999,0.7636363636363637,0.8571428571428571,0.8181818181818182,0.8571428571428571,0.9365079365079365,1.0,1.0,1.0,0.8571428571428571,0.6,0.5658889605377899,0.5573148853781265,0.5675242404654168,0.5589253883371531,0.6,0.5909090909090909,0.6,0.7846153846153846,0.9230769230769231,0.9230769230769231,0.9230769230769231,0.6
KNN,T_vs_I,456,False,True,experiment_results_statistical_IL_top_10_video_2025-08-14_220927_early_stop/knn_T_vs_I_2025-08-14_220927_seed456_early_stop.pkl,"{'algorithm': 'auto', 'leaf_size': 30, 'metric': 'minkowski', 'metric_params': None, 'n_jobs': -1, 'n_neighbors': 5, 'p': 2, 'weights': 'uniform'}",0.47619047619047616,0.40452358099416924,0.3921967515550403,0.4252834467120182,0.40974025974025974,0.47619047619047616,0.4696969696969697,0.47619047619047616,0.7777777777777778,0.8571428571428571,0.8888888888888888,0.9047619047619048,0.3968253968253968,0.38461538461538464,0.35579126755597346,0.3548568187605621,0.5477680939749906,0.542080907598149,0.38461538461538464,0.3939393939393939,0.35384615384615387,0.6,0.6923076923076923,0.7692307692307693,0.7846153846153846,0.3384615384615385
LogisticRegression,T_vs_I,456,False,True,experiment_results_statistical_IL_top_10_video_2025-08-14_220927_early_stop/logisticregression_T_vs_I_2025-08-14_220927_seed456_early_stop.pkl,"{'C': 1.0, 'class_weight': None, 'dual': False, 'fit_intercept': True, 'intercept_scaling': 1, 'l1_ratio': None, 'max_iter': 100, 'multi_class': 'deprecated', 'n_jobs': -1, 'penalty': 'l2', 'random_state': 456, 'solver': 'lbfgs', 'tol': 0.0001, 'verbose': 0, 'warm_start': False}",0.3968253968253968,0.3314436885865457,0.31637806637806637,0.4390289449112978,0.41907308377896607,0.3968253968253968,0.37878787878787884,0.3968253968253968,0.6349206349206349,0.8253968253968254,0.8412698412698413,0.8571428571428571,0.3968253968253968,0.23076923076923078,0.14327697070731124,0.14110610751477626,0.1414066702528241,0.13926414494596312,0.23076923076923078,0.22727272727272724,0.23076923076923078,0.4461538461538462,0.6923076923076923,0.7692307692307693,0.8153846153846154,0.23076923076923078
