scenario_id,sub_experiment_name,model_name,random_seed,train_samples,test_samples,hyperparameters,model_path,train_accuracy,train_f1_weighted,train_f1_macro,train_precision_weighted,train_precision_macro,train_recall_weighted,train_recall_macro,train_top_1_accuracy,train_top_2_accuracy,train_top_3_accuracy,train_top_4_accuracy,train_top_5_accuracy,train_recognition_rate,test_accuracy,test_f1_weighted,test_f1_macro,test_precision_weighted,test_precision_macro,test_recall_weighted,test_recall_macro,test_top_1_accuracy,test_top_2_accuracy,test_top_3_accuracy,test_top_4_accuracy,test_top_5_accuracy,test_recognition_rate
1.1,S1.1_F_1_S1toS2,RandomForest,42,61,61,"{'n_estimators': 300, 'max_depth': 20, 'min_samples_split': 2, 'min_samples_leaf': 1, 'max_features': 'sqrt', 'bootstrap': True}",scenario_results_rf_only_2026-01-25_223058_early_stop/randomforest_S1.1_F_1_S1toS2_2026-01-25_223058_seed42_early_stop.pkl,1.0,1.0,1.0,1.0,1.0,1.0,1.0,1.0,1.0,1.0,1.0,1.0,1.0,0.8032786885245902,0.756830601092896,0.756830601092896,0.7377049180327869,0.7377049180327869,0.8032786885245902,0.8032786885245902,0.7868852459016393,0.8852459016393442,0.9672131147540983,0.9672131147540983,0.9672131147540983,0.7868852459016393
1.1,S1.1_F_2_S1toS2,RandomForest,42,61,61,"{'n_estimators': 300, 'max_depth': 20, 'min_samples_split': 2, 'min_samples_leaf': 1, 'max_features': 'sqrt', 'bootstrap': True}",scenario_results_rf_only_2026-01-25_223058_early_stop/randomforest_S1.1_F_2_S1toS2_2026-01-25_223058_seed42_early_stop.pkl,1.0,1.0,1.0,1.0,1.0,1.0,1.0,1.0,1.0,1.0,1.0,1.0,1.0,0.8688524590163934,0.8278688524590163,0.8278688524590163,0.8087431693989071,0.8087431693989071,0.8688524590163934,0.8688524590163934,0.8688524590163934,0.9344262295081968,0.9508196721311475,0.9836065573770492,1.0,0.8688524590163934
1.1,S1.1_F_3_S1toS2,RandomForest,42,61,61,"{'n_estimators': 300, 'max_depth': 20, 'min_samples_split': 2, 'min_samples_leaf': 1, 'max_features': 'sqrt', 'bootstrap': True}",scenario_results_rf_only_2026-01-25_223058_early_stop/randomforest_S1.1_F_3_S1toS2_2026-01-25_223058_seed42_early_stop.pkl,1.0,1.0,1.0,1.0,1.0,1.0,1.0,1.0,1.0,1.0,1.0,1.0,1.0,0.8852459016393442,0.8688524590163934,0.8688524590163934,0.860655737704918,0.860655737704918,0.8852459016393442,0.8852459016393442,0.8852459016393442,0.9508196721311475,0.9836065573770492,0.9836065573770492,0.9836065573770492,0.8688524590163934
1.1,S1.1_I_1_S1toS2,RandomForest,42,61,61,"{'n_estimators': 300, 'max_depth': 20, 'min_samples_split': 2, 'min_samples_leaf': 1, 'max_features': 'sqrt', 'bootstrap': True}",scenario_results_rf_only_2026-01-25_223058_early_stop/randomforest_S1.1_I_1_S1toS2_2026-01-25_223058_seed42_early_stop.pkl,1.0,1.0,1.0,1.0,1.0,1.0,1.0,1.0,1.0,1.0,1.0,1.0,1.0,0.8688524590163934,0.8278688524590164,0.8278688524590164,0.808743169398907,0.808743169398907,0.8688524590163934,0.8688524590163934,0.819672131147541,0.9508196721311475,0.9836065573770492,1.0,1.0,0.819672131147541
1.1,S1.1_I_2_S1toS2,RandomForest,42,61,61,"{'n_estimators': 300, 'max_depth': 20, 'min_samples_split': 2, 'min_samples_leaf': 1, 'max_features': 'sqrt', 'bootstrap': True}",scenario_results_rf_only_2026-01-25_223058_early_stop/randomforest_S1.1_I_2_S1toS2_2026-01-25_223058_seed42_early_stop.pkl,1.0,1.0,1.0,1.0,1.0,1.0,1.0,1.0,1.0,1.0,1.0,1.0,1.0,0.819672131147541,0.7978142076502733,0.7978142076502733,0.7901639344262296,0.7901639344262296,0.819672131147541,0.819672131147541,0.819672131147541,0.8852459016393442,0.9180327868852459,0.9344262295081968,0.9672131147540983,0.8032786885245902
1.1,S1.1_I_3_S1toS2,RandomForest,42,61,61,"{'n_estimators': 300, 'max_depth': 20, 'min_samples_split': 2, 'min_samples_leaf': 1, 'max_features': 'sqrt', 'bootstrap': True}",scenario_results_rf_only_2026-01-25_223058_early_stop/randomforest_S1.1_I_3_S1toS2_2026-01-25_223058_seed42_early_stop.pkl,1.0,1.0,1.0,1.0,1.0,1.0,1.0,1.0,1.0,1.0,1.0,1.0,1.0,0.8360655737704918,0.7907103825136612,0.7907103825136612,0.7718579234972678,0.7718579234972678,0.8360655737704918,0.8360655737704918,0.819672131147541,0.9344262295081968,0.9836065573770492,0.9836065573770492,1.0,0.819672131147541
1.1,S1.1_T_1_S1toS2,RandomForest,42,61,61,"{'n_estimators': 300, 'max_depth': 20, 'min_samples_split': 2, 'min_samples_leaf': 1, 'max_features': 'sqrt', 'bootstrap': True}",scenario_results_rf_only_2026-01-25_223058_early_stop/randomforest_S1.1_T_1_S1toS2_2026-01-25_223058_seed42_early_stop.pkl,1.0,1.0,1.0,1.0,1.0,1.0,1.0,1.0,1.0,1.0,1.0,1.0,1.0,0.8688524590163934,0.8306010928961748,0.8306010928961748,0.8114754098360656,0.8114754098360656,0.8688524590163934,0.8688524590163934,0.8524590163934426,0.9180327868852459,0.9508196721311475,0.9836065573770492,1.0,0.8360655737704918
1.1,S1.1_T_2_S1toS2,RandomForest,42,61,61,"{'n_estimators': 300, 'max_depth': 20, 'min_samples_split': 2, 'min_samples_leaf': 1, 'max_features': 'sqrt', 'bootstrap': True}",scenario_results_rf_only_2026-01-25_223058_early_stop/randomforest_S1.1_T_2_S1toS2_2026-01-25_223058_seed42_early_stop.pkl,1.0,1.0,1.0,1.0,1.0,1.0,1.0,1.0,1.0,1.0,1.0,1.0,1.0,0.8688524590163934,0.8360655737704918,0.8360655737704918,0.819672131147541,0.819672131147541,0.8688524590163934,0.8688524590163934,0.8524590163934426,0.9016393442622951,0.9508196721311475,0.9836065573770492,0.9836065573770492,0.8524590163934426
1.1,S1.1_T_3_S1toS2,RandomForest,42,61,61,"{'n_estimators': 300, 'max_depth': 20, 'min_samples_split': 2, 'min_samples_leaf': 1, 'max_features': 'sqrt', 'bootstrap': True}",scenario_results_rf_only_2026-01-25_223058_early_stop/randomforest_S1.1_T_3_S1toS2_2026-01-25_223058_seed42_early_stop.pkl,1.0,1.0,1.0,1.0,1.0,1.0,1.0,1.0,1.0,1.0,1.0,1.0,1.0,0.8360655737704918,0.808743169398907,0.808743169398907,0.7978142076502732,0.7978142076502732,0.8360655737704918,0.8360655737704918,0.819672131147541,0.9508196721311475,0.9672131147540983,0.9672131147540983,0.9672131147540983,0.8032786885245902
1.1,S1.1_F_1_S1toS2,RandomForest,123,61,61,"{'n_estimators': 300, 'max_depth': 20, 'min_samples_split': 2, 'min_samples_leaf': 1, 'max_features': 'sqrt', 'bootstrap': True}",scenario_results_rf_only_2026-01-25_223058_early_stop/randomforest_S1.1_F_1_S1toS2_2026-01-25_223058_seed123_early_stop.pkl,1.0,1.0,1.0,1.0,1.0,1.0,1.0,1.0,1.0,1.0,1.0,1.0,1.0,0.7540983606557377,0.6939890710382512,0.6939890710382512,0.6639344262295082,0.6639344262295082,0.7540983606557377,0.7540983606557377,0.7704918032786885,0.8688524590163934,0.9508196721311475,0.9672131147540983,0.9672131147540983,0.7540983606557377
1.1,S1.1_F_2_S1toS2,RandomForest,123,61,61,"{'n_estimators': 300, 'max_depth': 20, 'min_samples_split': 2, 'min_samples_leaf': 1, 'max_features': 'sqrt', 'bootstrap': True}",scenario_results_rf_only_2026-01-25_223058_early_stop/randomforest_S1.1_F_2_S1toS2_2026-01-25_223058_seed123_early_stop.pkl,1.0,1.0,1.0,1.0,1.0,1.0,1.0,1.0,1.0,1.0,1.0,1.0,1.0,0.8032786885245902,0.7404371584699453,0.7404371584699453,0.7103825136612021,0.7103825136612021,0.8032786885245902,0.8032786885245902,0.7704918032786885,0.9180327868852459,0.9836065573770492,0.9836065573770492,1.0,0.7704918032786885
1.1,S1.1_F_3_S1toS2,RandomForest,123,61,61,"{'n_estimators': 300, 'max_depth': 20, 'min_samples_split': 2, 'min_samples_leaf': 1, 'max_features': 'sqrt', 'bootstrap': True}",scenario_results_rf_only_2026-01-25_223058_early_stop/randomforest_S1.1_F_3_S1toS2_2026-01-25_223058_seed123_early_stop.pkl,1.0,1.0,1.0,1.0,1.0,1.0,1.0,1.0,1.0,1.0,1.0,1.0,1.0,0.819672131147541,0.7896174863387978,0.7896174863387978,0.7759562841530055,0.7759562841530055,0.819672131147541,0.819672131147541,0.8524590163934426,0.9180327868852459,0.9508196721311475,0.9508196721311475,0.9836065573770492,0.819672131147541
1.1,S1.1_I_1_S1toS2,RandomForest,123,61,61,"{'n_estimators': 300, 'max_depth': 20, 'min_samples_split': 2, 'min_samples_leaf': 1, 'max_features': 'sqrt', 'bootstrap': True}",scenario_results_rf_only_2026-01-25_223058_early_stop/randomforest_S1.1_I_1_S1toS2_2026-01-25_223058_seed123_early_stop.pkl,1.0,1.0,1.0,1.0,1.0,1.0,1.0,1.0,1.0,1.0,1.0,1.0,1.0,0.8032786885245902,0.7622950819672131,0.7622950819672131,0.7459016393442623,0.7459016393442623,0.8032786885245902,0.8032786885245902,0.8360655737704918,0.9180327868852459,0.9672131147540983,0.9836065573770492,0.9836065573770492,0.8032786885245902
1.1,S1.1_I_2_S1toS2,RandomForest,123,61,61,"{'n_estimators': 300, 'max_depth': 20, 'min_samples_split': 2, 'min_samples_leaf': 1, 'max_features': 'sqrt', 'bootstrap': True}",scenario_results_rf_only_2026-01-25_223058_early_stop/randomforest_S1.1_I_2_S1toS2_2026-01-25_223058_seed123_early_stop.pkl,1.0,1.0,1.0,1.0,1.0,1.0,1.0,1.0,1.0,1.0,1.0,1.0,1.0,0.8360655737704918,0.8142076502732242,0.8142076502732242,0.8032786885245902,0.8032786885245902,0.8360655737704918,0.8360655737704918,0.819672131147541,0.9344262295081968,0.9836065573770492,0.9836065573770492,1.0,0.819672131147541
1.1,S1.1_I_3_S1toS2,RandomForest,123,61,61,"{'n_estimators': 300, 'max_depth': 20, 'min_samples_split': 2, 'min_samples_leaf': 1, 'max_features': 'sqrt', 'bootstrap': True}",scenario_results_rf_only_2026-01-25_223058_early_stop/randomforest_S1.1_I_3_S1toS2_2026-01-25_223058_seed123_early_stop.pkl,1.0,1.0,1.0,1.0,1.0,1.0,1.0,1.0,1.0,1.0,1.0,1.0,1.0,0.8852459016393442,0.855191256830601,0.855191256830601,0.8415300546448087,0.8415300546448087,0.8852459016393442,0.8852459016393442,0.8852459016393442,0.9508196721311475,0.9672131147540983,1.0,1.0,0.8852459016393442
1.1,S1.1_T_1_S1toS2,RandomForest,123,61,61,"{'n_estimators': 300, 'max_depth': 20, 'min_samples_split': 2, 'min_samples_leaf': 1, 'max_features': 'sqrt', 'bootstrap': True}",scenario_results_rf_only_2026-01-25_223058_early_stop/randomforest_S1.1_T_1_S1toS2_2026-01-25_223058_seed123_early_stop.pkl,1.0,1.0,1.0,1.0,1.0,1.0,1.0,1.0,1.0,1.0,1.0,1.0,1.0,0.9016393442622951,0.8715846994535519,0.8715846994535519,0.8579234972677595,0.8579234972677595,0.9016393442622951,0.9016393442622951,0.8524590163934426,0.9180327868852459,0.9508196721311475,0.9836065573770492,1.0,0.8524590163934426
1.1,S1.1_T_2_S1toS2,RandomForest,123,61,61,"{'n_estimators': 300, 'max_depth': 20, 'min_samples_split': 2, 'min_samples_leaf': 1, 'max_features': 'sqrt', 'bootstrap': True}",scenario_results_rf_only_2026-01-25_223058_early_stop/randomforest_S1.1_T_2_S1toS2_2026-01-25_223058_seed123_early_stop.pkl,1.0,1.0,1.0,1.0,1.0,1.0,1.0,1.0,1.0,1.0,1.0,1.0,1.0,0.8688524590163934,0.8306010928961748,0.8306010928961748,0.8142076502732241,0.8142076502732241,0.8688524590163934,0.8688524590163934,0.8360655737704918,0.9180327868852459,0.9508196721311475,0.9672131147540983,0.9836065573770492,0.8360655737704918
1.1,S1.1_T_3_S1toS2,RandomForest,123,61,61,"{'n_estimators': 300, 'max_depth': 20, 'min_samples_split': 2, 'min_samples_leaf': 1, 'max_features': 'sqrt', 'bootstrap': True}",scenario_results_rf_only_2026-01-25_223058_early_stop/randomforest_S1.1_T_3_S1toS2_2026-01-25_223058_seed123_early_stop.pkl,1.0,1.0,1.0,1.0,1.0,1.0,1.0,1.0,1.0,1.0,1.0,1.0,1.0,0.7868852459016393,0.7459016393442623,0.7459016393442623,0.7267759562841529,0.7267759562841529,0.7868852459016393,0.7868852459016393,0.8032786885245902,0.8852459016393442,0.9672131147540983,0.9836065573770492,0.9836065573770492,0.7868852459016393
1.1,S1.1_F_1_S1toS2,RandomForest,456,61,61,"{'n_estimators': 300, 'max_depth': 20, 'min_samples_split': 2, 'min_samples_leaf': 1, 'max_features': 'sqrt', 'bootstrap': True}",scenario_results_rf_only_2026-01-25_223058_early_stop/randomforest_S1.1_F_1_S1toS2_2026-01-25_223058_seed456_early_stop.pkl,1.0,1.0,1.0,1.0,1.0,1.0,1.0,1.0,1.0,1.0,1.0,1.0,1.0,0.8360655737704918,0.8032786885245901,0.8032786885245901,0.7868852459016393,0.7868852459016393,0.8360655737704918,0.8360655737704918,0.8360655737704918,0.9508196721311475,0.9672131147540983,0.9836065573770492,0.9836065573770492,0.819672131147541
1.1,S1.1_F_2_S1toS2,RandomForest,456,61,61,"{'n_estimators': 300, 'max_depth': 20, 'min_samples_split': 2, 'min_samples_leaf': 1, 'max_features': 'sqrt', 'bootstrap': True}",scenario_results_rf_only_2026-01-25_223058_early_stop/randomforest_S1.1_F_2_S1toS2_2026-01-25_223058_seed456_early_stop.pkl,1.0,1.0,1.0,1.0,1.0,1.0,1.0,1.0,1.0,1.0,1.0,1.0,1.0,0.819672131147541,0.7814207650273224,0.7814207650273224,0.7650273224043717,0.7650273224043717,0.819672131147541,0.819672131147541,0.8524590163934426,0.9180327868852459,0.9508196721311475,0.9836065573770492,1.0,0.819672131147541
1.1,S1.1_F_3_S1toS2,RandomForest,456,61,61,"{'n_estimators': 300, 'max_depth': 20, 'min_samples_split': 2, 'min_samples_leaf': 1, 'max_features': 'sqrt', 'bootstrap': True}",scenario_results_rf_only_2026-01-25_223058_early_stop/randomforest_S1.1_F_3_S1toS2_2026-01-25_223058_seed456_early_stop.pkl,1.0,1.0,1.0,1.0,1.0,1.0,1.0,1.0,1.0,1.0,1.0,1.0,1.0,0.8852459016393442,0.8524590163934426,0.8524590163934426,0.8360655737704918,0.8360655737704918,0.8852459016393442,0.8852459016393442,0.8524590163934426,0.9344262295081968,0.9508196721311475,0.9672131147540983,1.0,0.8524590163934426
1.1,S1.1_I_1_S1toS2,RandomForest,456,61,61,"{'n_estimators': 300, 'max_depth': 20, 'min_samples_split': 2, 'min_samples_leaf': 1, 'max_features': 'sqrt', 'bootstrap': True}",scenario_results_rf_only_2026-01-25_223058_early_stop/randomforest_S1.1_I_1_S1toS2_2026-01-25_223058_seed456_early_stop.pkl,1.0,1.0,1.0,1.0,1.0,1.0,1.0,1.0,1.0,1.0,1.0,1.0,1.0,0.7868852459016393,0.7431693989071038,0.7431693989071038,0.7240437158469945,0.7240437158469945,0.7868852459016393,0.7868852459016393,0.8032786885245902,0.8852459016393442,0.9344262295081968,0.9508196721311475,0.9508196721311475,0.7868852459016393
1.1,S1.1_I_2_S1toS2,RandomForest,456,61,61,"{'n_estimators': 300, 'max_depth': 20, 'min_samples_split': 2, 'min_samples_leaf': 1, 'max_features': 'sqrt', 'bootstrap': True}",scenario_results_rf_only_2026-01-25_223058_early_stop/randomforest_S1.1_I_2_S1toS2_2026-01-25_223058_seed456_early_stop.pkl,1.0,1.0,1.0,1.0,1.0,1.0,1.0,1.0,1.0,1.0,1.0,1.0,1.0,0.819672131147541,0.7868852459016393,0.7868852459016393,0.7704918032786885,0.7704918032786885,0.819672131147541,0.819672131147541,0.8360655737704918,0.9016393442622951,0.9672131147540983,0.9836065573770492,0.9836065573770492,0.8032786885245902
1.1,S1.1_I_3_S1toS2,RandomForest,456,61,61,"{'n_estimators': 300, 'max_depth': 20, 'min_samples_split': 2, 'min_samples_leaf': 1, 'max_features': 'sqrt', 'bootstrap': True}",scenario_results_rf_only_2026-01-25_223058_early_stop/randomforest_S1.1_I_3_S1toS2_2026-01-25_223058_seed456_early_stop.pkl,1.0,1.0,1.0,1.0,1.0,1.0,1.0,1.0,1.0,1.0,1.0,1.0,1.0,0.8360655737704918,0.8032786885245902,0.8032786885245902,0.7868852459016393,0.7868852459016393,0.8360655737704918,0.8360655737704918,0.8360655737704918,0.9508196721311475,0.9836065573770492,0.9836065573770492,0.9836065573770492,0.8360655737704918
1.1,S1.1_T_1_S1toS2,RandomForest,456,61,61,"{'n_estimators': 300, 'max_depth': 20, 'min_samples_split': 2, 'min_samples_leaf': 1, 'max_features': 'sqrt', 'bootstrap': True}",scenario_results_rf_only_2026-01-25_223058_early_stop/randomforest_S1.1_T_1_S1toS2_2026-01-25_223058_seed456_early_stop.pkl,1.0,1.0,1.0,1.0,1.0,1.0,1.0,1.0,1.0,1.0,1.0,1.0,1.0,0.7704918032786885,0.7213114754098361,0.7213114754098361,0.6967213114754098,0.6967213114754098,0.7704918032786885,0.7704918032786885,0.7704918032786885,0.8852459016393442,0.9344262295081968,0.9508196721311475,0.9672131147540983,0.7540983606557377
1.1,S1.1_T_2_S1toS2,RandomForest,456,61,61,"{'n_estimators': 300, 'max_depth': 20, 'min_samples_split': 2, 'min_samples_leaf': 1, 'max_features': 'sqrt', 'bootstrap': True}",scenario_results_rf_only_2026-01-25_223058_early_stop/randomforest_S1.1_T_2_S1toS2_2026-01-25_223058_seed456_early_stop.pkl,1.0,1.0,1.0,1.0,1.0,1.0,1.0,1.0,1.0,1.0,1.0,1.0,1.0,0.8360655737704918,0.7978142076502732,0.7978142076502732,0.7786885245901639,0.7786885245901639,0.8360655737704918,0.8360655737704918,0.8360655737704918,0.9180327868852459,0.9508196721311475,0.9836065573770492,0.9836065573770492,0.8360655737704918
1.1,S1.1_T_3_S1toS2,RandomForest,456,61,61,"{'n_estimators': 300, 'max_depth': 20, 'min_samples_split': 2, 'min_samples_leaf': 1, 'max_features': 'sqrt', 'bootstrap': True}",scenario_results_rf_only_2026-01-25_223058_early_stop/randomforest_S1.1_T_3_S1toS2_2026-01-25_223058_seed456_early_stop.pkl,1.0,1.0,1.0,1.0,1.0,1.0,1.0,1.0,1.0,1.0,1.0,1.0,1.0,0.7868852459016393,0.7486338797814208,0.7486338797814208,0.7295081967213115,0.7295081967213115,0.7868852459016393,0.7868852459016393,0.7868852459016393,0.8688524590163934,0.9344262295081968,0.9672131147540983,0.9672131147540983,0.7868852459016393
1.2,S1.2_F_1_S2toS1,RandomForest,42,61,61,"{'n_estimators': 300, 'max_depth': 20, 'min_samples_split': 2, 'min_samples_leaf': 1, 'max_features': 'sqrt', 'bootstrap': True}",scenario_results_rf_only_2026-01-25_223058_early_stop/randomforest_S1.2_F_1_S2toS1_2026-01-25_223058_seed42_early_stop.pkl,1.0,1.0,1.0,1.0,1.0,1.0,1.0,1.0,1.0,1.0,1.0,1.0,1.0,0.8360655737704918,0.8060109289617488,0.8060109289617488,0.7923497267759563,0.7923497267759563,0.8360655737704918,0.8360655737704918,0.8360655737704918,0.9508196721311475,0.9836065573770492,0.9836065573770492,0.9836065573770492,0.819672131147541
1.2,S1.2_F_2_S2toS1,RandomForest,42,61,61,"{'n_estimators': 300, 'max_depth': 20, 'min_samples_split': 2, 'min_samples_leaf': 1, 'max_features': 'sqrt', 'bootstrap': True}",scenario_results_rf_only_2026-01-25_223058_early_stop/randomforest_S1.2_F_2_S2toS1_2026-01-25_223058_seed42_early_stop.pkl,1.0,1.0,1.0,1.0,1.0,1.0,1.0,1.0,1.0,1.0,1.0,1.0,1.0,0.8360655737704918,0.7896174863387979,0.7896174863387979,0.7677595628415301,0.7677595628415301,0.8360655737704918,0.8360655737704918,0.8524590163934426,0.9344262295081968,0.9672131147540983,1.0,1.0,0.8360655737704918
1.2,S1.2_F_3_S2toS1,RandomForest,42,61,61,"{'n_estimators': 300, 'max_depth': 20, 'min_samples_split': 2, 'min_samples_leaf': 1, 'max_features': 'sqrt', 'bootstrap': True}",scenario_results_rf_only_2026-01-25_223058_early_stop/randomforest_S1.2_F_3_S2toS1_2026-01-25_223058_seed42_early_stop.pkl,1.0,1.0,1.0,1.0,1.0,1.0,1.0,1.0,1.0,1.0,1.0,1.0,1.0,0.8688524590163934,0.8442622950819673,0.8442622950819673,0.8333333333333333,0.8333333333333333,0.8688524590163934,0.8688524590163934,0.8688524590163934,0.9180327868852459,0.9508196721311475,0.9836065573770492,0.9836065573770492,0.8688524590163934
1.2,S1.2_I_1_S2toS1,RandomForest,42,61,61,"{'n_estimators': 300, 'max_depth': 20, 'min_samples_split': 2, 'min_samples_leaf': 1, 'max_features': 'sqrt', 'bootstrap': True}",scenario_results_rf_only_2026-01-25_223058_early_stop/randomforest_S1.2_I_1_S2toS1_2026-01-25_223058_seed42_early_stop.pkl,1.0,1.0,1.0,1.0,1.0,1.0,1.0,1.0,1.0,1.0,1.0,1.0,1.0,0.8688524590163934,0.8387978142076503,0.8387978142076503,0.825136612021858,0.825136612021858,0.8688524590163934,0.8688524590163934,0.819672131147541,0.9016393442622951,0.9508196721311475,0.9672131147540983,0.9672131147540983,0.819672131147541
1.2,S1.2_I_2_S2toS1,RandomForest,42,61,61,"{'n_estimators': 300, 'max_depth': 20, 'min_samples_split': 2, 'min_samples_leaf': 1, 'max_features': 'sqrt', 'bootstrap': True}",scenario_results_rf_only_2026-01-25_223058_early_stop/randomforest_S1.2_I_2_S2toS1_2026-01-25_223058_seed42_early_stop.pkl,1.0,1.0,1.0,1.0,1.0,1.0,1.0,1.0,1.0,1.0,1.0,1.0,1.0,0.8524590163934426,0.8251366120218578,0.8251366120218578,0.8114754098360656,0.8114754098360656,0.8524590163934426,0.8524590163934426,0.8688524590163934,0.9180327868852459,0.9344262295081968,0.9508196721311475,0.9672131147540983,0.8524590163934426
1.2,S1.2_I_3_S2toS1,RandomForest,42,61,61,"{'n_estimators': 300, 'max_depth': 20, 'min_samples_split': 2, 'min_samples_leaf': 1, 'max_features': 'sqrt', 'bootstrap': True}",scenario_results_rf_only_2026-01-25_223058_early_stop/randomforest_S1.2_I_3_S2toS1_2026-01-25_223058_seed42_early_stop.pkl,1.0,1.0,1.0,1.0,1.0,1.0,1.0,1.0,1.0,1.0,1.0,1.0,1.0,0.8852459016393442,0.860655737704918,0.860655737704918,0.8497267759562841,0.8497267759562841,0.8852459016393442,0.8852459016393442,0.8688524590163934,0.9836065573770492,1.0,1.0,1.0,0.8688524590163934
1.2,S1.2_T_1_S2toS1,RandomForest,42,61,61,"{'n_estimators': 300, 'max_depth': 20, 'min_samples_split': 2, 'min_samples_leaf': 1, 'max_features': 'sqrt', 'bootstrap': True}",scenario_results_rf_only_2026-01-25_223058_early_stop/randomforest_S1.2_T_1_S2toS1_2026-01-25_223058_seed42_early_stop.pkl,1.0,1.0,1.0,1.0,1.0,1.0,1.0,1.0,1.0,1.0,1.0,1.0,1.0,0.8852459016393442,0.8524590163934425,0.8524590163934425,0.8387978142076503,0.8387978142076503,0.8852459016393442,0.8852459016393442,0.8688524590163934,0.9672131147540983,0.9836065573770492,0.9836065573770492,0.9836065573770492,0.8360655737704918
1.2,S1.2_T_2_S2toS1,RandomForest,42,61,61,"{'n_estimators': 300, 'max_depth': 20, 'min_samples_split': 2, 'min_samples_leaf': 1, 'max_features': 'sqrt', 'bootstrap': True}",scenario_results_rf_only_2026-01-25_223058_early_stop/randomforest_S1.2_T_2_S2toS1_2026-01-25_223058_seed42_early_stop.pkl,1.0,1.0,1.0,1.0,1.0,1.0,1.0,1.0,1.0,1.0,1.0,1.0,1.0,0.9016393442622951,0.8797814207650273,0.8797814207650273,0.8688524590163934,0.8688524590163934,0.9016393442622951,0.9016393442622951,0.9016393442622951,0.9344262295081968,0.9508196721311475,0.9836065573770492,1.0,0.8852459016393442
1.2,S1.2_T_3_S2toS1,RandomForest,42,61,61,"{'n_estimators': 300, 'max_depth': 20, 'min_samples_split': 2, 'min_samples_leaf': 1, 'max_features': 'sqrt', 'bootstrap': True}",scenario_results_rf_only_2026-01-25_223058_early_stop/randomforest_S1.2_T_3_S2toS1_2026-01-25_223058_seed42_early_stop.pkl,1.0,1.0,1.0,1.0,1.0,1.0,1.0,1.0,1.0,1.0,1.0,1.0,1.0,0.819672131147541,0.8032786885245902,0.8032786885245902,0.7950819672131147,0.7950819672131147,0.819672131147541,0.819672131147541,0.8360655737704918,0.9180327868852459,0.9344262295081968,0.9508196721311475,0.9508196721311475,0.819672131147541
1.2,S1.2_F_1_S2toS1,RandomForest,123,61,61,"{'n_estimators': 300, 'max_depth': 20, 'min_samples_split': 2, 'min_samples_leaf': 1, 'max_features': 'sqrt', 'bootstrap': True}",scenario_results_rf_only_2026-01-25_223058_early_stop/randomforest_S1.2_F_1_S2toS1_2026-01-25_223058_seed123_early_stop.pkl,1.0,1.0,1.0,1.0,1.0,1.0,1.0,1.0,1.0,1.0,1.0,1.0,1.0,0.819672131147541,0.7743169398907104,0.7743169398907104,0.7554644808743168,0.7554644808743168,0.819672131147541,0.819672131147541,0.8032786885245902,0.9180327868852459,0.9508196721311475,0.9508196721311475,0.9836065573770492,0.8032786885245902
1.2,S1.2_F_2_S2toS1,RandomForest,123,61,61,"{'n_estimators': 300, 'max_depth': 20, 'min_samples_split': 2, 'min_samples_leaf': 1, 'max_features': 'sqrt', 'bootstrap': True}",scenario_results_rf_only_2026-01-25_223058_early_stop/randomforest_S1.2_F_2_S2toS1_2026-01-25_223058_seed123_early_stop.pkl,1.0,1.0,1.0,1.0,1.0,1.0,1.0,1.0,1.0,1.0,1.0,1.0,1.0,0.8524590163934426,0.8098360655737704,0.8098360655737704,0.7909836065573771,0.7909836065573771,0.8524590163934426,0.8524590163934426,0.8524590163934426,0.9672131147540983,0.9836065573770492,0.9836065573770492,1.0,0.819672131147541
1.2,S1.2_F_3_S2toS1,RandomForest,123,61,61,"{'n_estimators': 300, 'max_depth': 20, 'min_samples_split': 2, 'min_samples_leaf': 1, 'max_features': 'sqrt', 'bootstrap': True}",scenario_results_rf_only_2026-01-25_223058_early_stop/randomforest_S1.2_F_3_S2toS1_2026-01-25_223058_seed123_early_stop.pkl,1.0,1.0,1.0,1.0,1.0,1.0,1.0,1.0,1.0,1.0,1.0,1.0,1.0,0.9016393442622951,0.8743169398907104,0.8743169398907104,0.860655737704918,0.860655737704918,0.9016393442622951,0.9016393442622951,0.8688524590163934,0.9508196721311475,0.9508196721311475,0.9508196721311475,0.9508196721311475,0.8688524590163934
1.2,S1.2_I_1_S2toS1,RandomForest,123,61,61,"{'n_estimators': 300, 'max_depth': 20, 'min_samples_split': 2, 'min_samples_leaf': 1, 'max_features': 'sqrt', 'bootstrap': True}",scenario_results_rf_only_2026-01-25_223058_early_stop/randomforest_S1.2_I_1_S2toS1_2026-01-25_223058_seed123_early_stop.pkl,1.0,1.0,1.0,1.0,1.0,1.0,1.0,1.0,1.0,1.0,1.0,1.0,1.0,0.819672131147541,0.7814207650273225,0.7814207650273225,0.7650273224043715,0.7650273224043715,0.819672131147541,0.819672131147541,0.7868852459016393,0.9016393442622951,0.9016393442622951,0.9344262295081968,0.9672131147540983,0.7868852459016393
1.2,S1.2_I_2_S2toS1,RandomForest,123,61,61,"{'n_estimators': 300, 'max_depth': 20, 'min_samples_split': 2, 'min_samples_leaf': 1, 'max_features': 'sqrt', 'bootstrap': True}",scenario_results_rf_only_2026-01-25_223058_early_stop/randomforest_S1.2_I_2_S2toS1_2026-01-25_223058_seed123_early_stop.pkl,1.0,1.0,1.0,1.0,1.0,1.0,1.0,1.0,1.0,1.0,1.0,1.0,1.0,0.819672131147541,0.7868852459016393,0.7868852459016393,0.7704918032786885,0.7704918032786885,0.819672131147541,0.819672131147541,0.819672131147541,0.9344262295081968,0.9344262295081968,0.9344262295081968,0.9836065573770492,0.819672131147541
1.2,S1.2_I_3_S2toS1,RandomForest,123,61,61,"{'n_estimators': 300, 'max_depth': 20, 'min_samples_split': 2, 'min_samples_leaf': 1, 'max_features': 'sqrt', 'bootstrap': True}",scenario_results_rf_only_2026-01-25_223058_early_stop/randomforest_S1.2_I_3_S2toS1_2026-01-25_223058_seed123_early_stop.pkl,1.0,1.0,1.0,1.0,1.0,1.0,1.0,1.0,1.0,1.0,1.0,1.0,1.0,0.8852459016393442,0.8524590163934426,0.8524590163934426,0.8360655737704918,0.8360655737704918,0.8852459016393442,0.8852459016393442,0.8360655737704918,0.9508196721311475,0.9508196721311475,0.9508196721311475,0.9508196721311475,0.8360655737704918
1.2,S1.2_T_1_S2toS1,RandomForest,123,61,61,"{'n_estimators': 300, 'max_depth': 20, 'min_samples_split': 2, 'min_samples_leaf': 1, 'max_features': 'sqrt', 'bootstrap': True}",scenario_results_rf_only_2026-01-25_223058_early_stop/randomforest_S1.2_T_1_S2toS1_2026-01-25_223058_seed123_early_stop.pkl,1.0,1.0,1.0,1.0,1.0,1.0,1.0,1.0,1.0,1.0,1.0,1.0,1.0,0.8688524590163934,0.8360655737704918,0.8360655737704918,0.819672131147541,0.819672131147541,0.8688524590163934,0.8688524590163934,0.8852459016393442,0.9344262295081968,0.9836065573770492,1.0,1.0,0.8524590163934426
1.2,S1.2_T_2_S2toS1,RandomForest,123,61,61,"{'n_estimators': 300, 'max_depth': 20, 'min_samples_split': 2, 'min_samples_leaf': 1, 'max_features': 'sqrt', 'bootstrap': True}",scenario_results_rf_only_2026-01-25_223058_early_stop/randomforest_S1.2_T_2_S2toS1_2026-01-25_223058_seed123_early_stop.pkl,1.0,1.0,1.0,1.0,1.0,1.0,1.0,1.0,1.0,1.0,1.0,1.0,1.0,0.8032786885245902,0.7497267759562841,0.7497267759562841,0.7254098360655737,0.7254098360655737,0.8032786885245902,0.8032786885245902,0.8032786885245902,0.9344262295081968,0.9836065573770492,0.9836065573770492,0.9836065573770492,0.7868852459016393
1.2,S1.2_T_3_S2toS1,RandomForest,123,61,61,"{'n_estimators': 300, 'max_depth': 20, 'min_samples_split': 2, 'min_samples_leaf': 1, 'max_features': 'sqrt', 'bootstrap': True}",scenario_results_rf_only_2026-01-25_223058_early_stop/randomforest_S1.2_T_3_S2toS1_2026-01-25_223058_seed123_early_stop.pkl,1.0,1.0,1.0,1.0,1.0,1.0,1.0,1.0,1.0,1.0,1.0,1.0,1.0,0.819672131147541,0.7950819672131147,0.7950819672131147,0.7841530054644807,0.7841530054644807,0.819672131147541,0.819672131147541,0.819672131147541,0.9344262295081968,0.9344262295081968,0.9344262295081968,0.9344262295081968,0.8032786885245902
1.2,S1.2_F_1_S2toS1,RandomForest,456,61,61,"{'n_estimators': 300, 'max_depth': 20, 'min_samples_split': 2, 'min_samples_leaf': 1, 'max_features': 'sqrt', 'bootstrap': True}",scenario_results_rf_only_2026-01-25_223058_early_stop/randomforest_S1.2_F_1_S2toS1_2026-01-25_223058_seed456_early_stop.pkl,1.0,1.0,1.0,1.0,1.0,1.0,1.0,1.0,1.0,1.0,1.0,1.0,1.0,0.8032786885245902,0.7650273224043715,0.7650273224043715,0.7486338797814208,0.7486338797814208,0.8032786885245902,0.8032786885245902,0.8032786885245902,0.9016393442622951,0.9344262295081968,0.9672131147540983,0.9672131147540983,0.8032786885245902
1.2,S1.2_F_2_S2toS1,RandomForest,456,61,61,"{'n_estimators': 300, 'max_depth': 20, 'min_samples_split': 2, 'min_samples_leaf': 1, 'max_features': 'sqrt', 'bootstrap': True}",scenario_results_rf_only_2026-01-25_223058_early_stop/randomforest_S1.2_F_2_S2toS1_2026-01-25_223058_seed456_early_stop.pkl,1.0,1.0,1.0,1.0,1.0,1.0,1.0,1.0,1.0,1.0,1.0,1.0,1.0,0.9016393442622951,0.8743169398907104,0.8743169398907104,0.860655737704918,0.860655737704918,0.9016393442622951,0.9016393442622951,0.8852459016393442,0.9344262295081968,0.9672131147540983,0.9836065573770492,0.9836065573770492,0.8852459016393442
1.2,S1.2_F_3_S2toS1,RandomForest,456,61,61,"{'n_estimators': 300, 'max_depth': 20, 'min_samples_split': 2, 'min_samples_leaf': 1, 'max_features': 'sqrt', 'bootstrap': True}",scenario_results_rf_only_2026-01-25_223058_early_stop/randomforest_S1.2_F_3_S2toS1_2026-01-25_223058_seed456_early_stop.pkl,1.0,1.0,1.0,1.0,1.0,1.0,1.0,1.0,1.0,1.0,1.0,1.0,1.0,0.8688524590163934,0.8415300546448087,0.8415300546448087,0.8278688524590164,0.8278688524590164,0.8688524590163934,0.8688524590163934,0.8852459016393442,0.9508196721311475,0.9836065573770492,0.9836065573770492,0.9836065573770492,0.8688524590163934
1.2,S1.2_I_1_S2toS1,RandomForest,456,61,61,"{'n_estimators': 300, 'max_depth': 20, 'min_samples_split': 2, 'min_samples_leaf': 1, 'max_features': 'sqrt', 'bootstrap': True}",scenario_results_rf_only_2026-01-25_223058_early_stop/randomforest_S1.2_I_1_S2toS1_2026-01-25_223058_seed456_early_stop.pkl,1.0,1.0,1.0,1.0,1.0,1.0,1.0,1.0,1.0,1.0,1.0,1.0,1.0,0.7540983606557377,0.7205308352849336,0.7205308352849336,0.7076502732240437,0.7076502732240437,0.7540983606557377,0.7540983606557377,0.7540983606557377,0.8360655737704918,0.8360655737704918,0.9672131147540983,0.9672131147540983,0.7377049180327869
1.2,S1.2_I_2_S2toS1,RandomForest,456,61,61,"{'n_estimators': 300, 'max_depth': 20, 'min_samples_split': 2, 'min_samples_leaf': 1, 'max_features': 'sqrt', 'bootstrap': True}",scenario_results_rf_only_2026-01-25_223058_early_stop/randomforest_S1.2_I_2_S2toS1_2026-01-25_223058_seed456_early_stop.pkl,1.0,1.0,1.0,1.0,1.0,1.0,1.0,1.0,1.0,1.0,1.0,1.0,1.0,0.8360655737704918,0.8005464480874316,0.8005464480874316,0.7841530054644807,0.7841530054644807,0.8360655737704918,0.8360655737704918,0.8524590163934426,0.9016393442622951,0.9180327868852459,0.9344262295081968,0.9672131147540983,0.8360655737704918
1.2,S1.2_I_3_S2toS1,RandomForest,456,61,61,"{'n_estimators': 300, 'max_depth': 20, 'min_samples_split': 2, 'min_samples_leaf': 1, 'max_features': 'sqrt', 'bootstrap': True}",scenario_results_rf_only_2026-01-25_223058_early_stop/randomforest_S1.2_I_3_S2toS1_2026-01-25_223058_seed456_early_stop.pkl,1.0,1.0,1.0,1.0,1.0,1.0,1.0,1.0,1.0,1.0,1.0,1.0,1.0,0.8688524590163934,0.8415300546448088,0.8415300546448088,0.8306010928961748,0.8306010928961748,0.8688524590163934,0.8688524590163934,0.8688524590163934,0.8852459016393442,0.9344262295081968,0.9508196721311475,0.9508196721311475,0.8688524590163934
1.2,S1.2_T_1_S2toS1,RandomForest,456,61,61,"{'n_estimators': 300, 'max_depth': 20, 'min_samples_split': 2, 'min_samples_leaf': 1, 'max_features': 'sqrt', 'bootstrap': True}",scenario_results_rf_only_2026-01-25_223058_early_stop/randomforest_S1.2_T_1_S2toS1_2026-01-25_223058_seed456_early_stop.pkl,1.0,1.0,1.0,1.0,1.0,1.0,1.0,1.0,1.0,1.0,1.0,1.0,1.0,0.8688524590163934,0.8306010928961748,0.8306010928961748,0.8114754098360656,0.8114754098360656,0.8688524590163934,0.8688524590163934,0.8688524590163934,0.9508196721311475,1.0,1.0,1.0,0.8524590163934426
1.2,S1.2_T_2_S2toS1,RandomForest,456,61,61,"{'n_estimators': 300, 'max_depth': 20, 'min_samples_split': 2, 'min_samples_leaf': 1, 'max_features': 'sqrt', 'bootstrap': True}",scenario_results_rf_only_2026-01-25_223058_early_stop/randomforest_S1.2_T_2_S2toS1_2026-01-25_223058_seed456_early_stop.pkl,1.0,1.0,1.0,1.0,1.0,1.0,1.0,1.0,1.0,1.0,1.0,1.0,1.0,0.7868852459016393,0.7377049180327869,0.7377049180327869,0.7131147540983607,0.7131147540983607,0.7868852459016393,0.7868852459016393,0.7704918032786885,0.8524590163934426,0.9344262295081968,0.9508196721311475,0.9508196721311475,0.7704918032786885
1.2,S1.2_T_3_S2toS1,RandomForest,456,61,61,"{'n_estimators': 300, 'max_depth': 20, 'min_samples_split': 2, 'min_samples_leaf': 1, 'max_features': 'sqrt', 'bootstrap': True}",scenario_results_rf_only_2026-01-25_223058_early_stop/randomforest_S1.2_T_3_S2toS1_2026-01-25_223058_seed456_early_stop.pkl,1.0,1.0,1.0,1.0,1.0,1.0,1.0,1.0,1.0,1.0,1.0,1.0,1.0,0.8032786885245902,0.7732240437158471,0.7732240437158471,0.7595628415300546,0.7595628415300546,0.8032786885245902,0.8032786885245902,0.819672131147541,0.8852459016393442,0.9344262295081968,0.9344262295081968,0.9672131147540983,0.8032786885245902
2.1,S2.1_FtoI_1_S1toS2,RandomForest,42,61,61,"{'n_estimators': 300, 'max_depth': 20, 'min_samples_split': 2, 'min_samples_leaf': 1, 'max_features': 'sqrt', 'bootstrap': True}",scenario_results_rf_only_2026-01-25_223058_early_stop/randomforest_S2.1_FtoI_1_S1toS2_2026-01-25_223058_seed42_early_stop.pkl,1.0,1.0,1.0,1.0,1.0,1.0,1.0,1.0,1.0,1.0,1.0,1.0,1.0,0.7540983606557377,0.6775956284153005,0.6775956284153005,0.639344262295082,0.639344262295082,0.7540983606557377,0.7540983606557377,0.7049180327868853,0.8852459016393442,0.9508196721311475,0.9672131147540983,0.9672131147540983,0.7049180327868853
2.1,S2.1_FtoI_2_S1toS2,RandomForest,42,61,61,"{'n_estimators': 300, 'max_depth': 20, 'min_samples_split': 2, 'min_samples_leaf': 1, 'max_features': 'sqrt', 'bootstrap': True}",scenario_results_rf_only_2026-01-25_223058_early_stop/randomforest_S2.1_FtoI_2_S1toS2_2026-01-25_223058_seed42_early_stop.pkl,1.0,1.0,1.0,1.0,1.0,1.0,1.0,1.0,1.0,1.0,1.0,1.0,1.0,0.8688524590163934,0.8442622950819673,0.8442622950819673,0.8333333333333333,0.8333333333333333,0.8688524590163934,0.8688524590163934,0.8852459016393442,0.9180327868852459,0.9508196721311475,0.9672131147540983,0.9836065573770492,0.8524590163934426
2.1,S2.1_FtoI_3_S1toS2,RandomForest,42,61,61,"{'n_estimators': 300, 'max_depth': 20, 'min_samples_split': 2, 'min_samples_leaf': 1, 'max_features': 'sqrt', 'bootstrap': True}",scenario_results_rf_only_2026-01-25_223058_early_stop/randomforest_S2.1_FtoI_3_S1toS2_2026-01-25_223058_seed42_early_stop.pkl,1.0,1.0,1.0,1.0,1.0,1.0,1.0,1.0,1.0,1.0,1.0,1.0,1.0,0.8852459016393442,0.860655737704918,0.860655737704918,0.8497267759562841,0.8497267759562841,0.8852459016393442,0.8852459016393442,0.8688524590163934,0.9508196721311475,0.9672131147540983,0.9672131147540983,1.0,0.8688524590163934
2.1,S2.1_FtoT_1_S1toS2,RandomForest,42,61,61,"{'n_estimators': 300, 'max_depth': 20, 'min_samples_split': 2, 'min_samples_leaf': 1, 'max_features': 'sqrt', 'bootstrap': True}",scenario_results_rf_only_2026-01-25_223058_early_stop/randomforest_S2.1_FtoT_1_S1toS2_2026-01-25_223058_seed42_early_stop.pkl,1.0,1.0,1.0,1.0,1.0,1.0,1.0,1.0,1.0,1.0,1.0,1.0,1.0,0.8360655737704918,0.8032786885245902,0.8032786885245902,0.7868852459016393,0.7868852459016393,0.8360655737704918,0.8360655737704918,0.8524590163934426,0.9344262295081968,0.9672131147540983,1.0,1.0,0.8360655737704918
2.1,S2.1_FtoT_2_S1toS2,RandomForest,42,61,61,"{'n_estimators': 300, 'max_depth': 20, 'min_samples_split': 2, 'min_samples_leaf': 1, 'max_features': 'sqrt', 'bootstrap': True}",scenario_results_rf_only_2026-01-25_223058_early_stop/randomforest_S2.1_FtoT_2_S1toS2_2026-01-25_223058_seed42_early_stop.pkl,1.0,1.0,1.0,1.0,1.0,1.0,1.0,1.0,1.0,1.0,1.0,1.0,1.0,0.7704918032786885,0.7377049180327869,0.7377049180327869,0.7213114754098361,0.7213114754098361,0.7704918032786885,0.7704918032786885,0.819672131147541,0.9508196721311475,0.9508196721311475,0.9672131147540983,0.9672131147540983,0.7704918032786885
2.1,S2.1_FtoT_3_S1toS2,RandomForest,42,61,61,"{'n_estimators': 300, 'max_depth': 20, 'min_samples_split': 2, 'min_samples_leaf': 1, 'max_features': 'sqrt', 'bootstrap': True}",scenario_results_rf_only_2026-01-25_223058_early_stop/randomforest_S2.1_FtoT_3_S1toS2_2026-01-25_223058_seed42_early_stop.pkl,1.0,1.0,1.0,1.0,1.0,1.0,1.0,1.0,1.0,1.0,1.0,1.0,1.0,0.8852459016393442,0.860655737704918,0.860655737704918,0.8497267759562841,0.8497267759562841,0.8852459016393442,0.8852459016393442,0.8852459016393442,0.9180327868852459,0.9672131147540983,0.9672131147540983,0.9672131147540983,0.8852459016393442
2.1,S2.1_ItoT_1_S1toS2,RandomForest,42,61,61,"{'n_estimators': 300, 'max_depth': 20, 'min_samples_split': 2, 'min_samples_leaf': 1, 'max_features': 'sqrt', 'bootstrap': True}",scenario_results_rf_only_2026-01-25_223058_early_stop/randomforest_S2.1_ItoT_1_S1toS2_2026-01-25_223058_seed42_early_stop.pkl,1.0,1.0,1.0,1.0,1.0,1.0,1.0,1.0,1.0,1.0,1.0,1.0,1.0,0.8524590163934426,0.8032786885245902,0.8032786885245902,0.7786885245901639,0.7786885245901639,0.8524590163934426,0.8524590163934426,0.8524590163934426,0.8852459016393442,0.9672131147540983,0.9836065573770492,1.0,0.8360655737704918
2.1,S2.1_ItoT_2_S1toS2,RandomForest,42,61,61,"{'n_estimators': 300, 'max_depth': 20, 'min_samples_split': 2, 'min_samples_leaf': 1, 'max_features': 'sqrt', 'bootstrap': True}",scenario_results_rf_only_2026-01-25_223058_early_stop/randomforest_S2.1_ItoT_2_S1toS2_2026-01-25_223058_seed42_early_stop.pkl,1.0,1.0,1.0,1.0,1.0,1.0,1.0,1.0,1.0,1.0,1.0,1.0,1.0,0.819672131147541,0.7704918032786884,0.7704918032786884,0.7486338797814207,0.7486338797814207,0.819672131147541,0.819672131147541,0.8360655737704918,0.8524590163934426,0.9016393442622951,0.9180327868852459,0.9672131147540983,0.819672131147541
2.1,S2.1_ItoT_3_S1toS2,RandomForest,42,61,61,"{'n_estimators': 300, 'max_depth': 20, 'min_samples_split': 2, 'min_samples_leaf': 1, 'max_features': 'sqrt', 'bootstrap': True}",scenario_results_rf_only_2026-01-25_223058_early_stop/randomforest_S2.1_ItoT_3_S1toS2_2026-01-25_223058_seed42_early_stop.pkl,1.0,1.0,1.0,1.0,1.0,1.0,1.0,1.0,1.0,1.0,1.0,1.0,1.0,0.8360655737704918,0.7978142076502733,0.7978142076502733,0.7814207650273224,0.7814207650273224,0.8360655737704918,0.8360655737704918,0.8524590163934426,0.9344262295081968,0.9672131147540983,0.9672131147540983,0.9836065573770492,0.8360655737704918
2.1,S2.1_ItoF_1_S1toS2,RandomForest,42,61,61,"{'n_estimators': 300, 'max_depth': 20, 'min_samples_split': 2, 'min_samples_leaf': 1, 'max_features': 'sqrt', 'bootstrap': True}",scenario_results_rf_only_2026-01-25_223058_early_stop/randomforest_S2.1_ItoF_1_S1toS2_2026-01-25_223058_seed42_early_stop.pkl,1.0,1.0,1.0,1.0,1.0,1.0,1.0,1.0,1.0,1.0,1.0,1.0,1.0,0.7868852459016393,0.7568306010928962,0.7568306010928962,0.7431693989071038,0.7431693989071038,0.7868852459016393,0.7868852459016393,0.7540983606557377,0.9180327868852459,0.9344262295081968,0.9672131147540983,0.9836065573770492,0.7540983606557377
2.1,S2.1_ItoF_2_S1toS2,RandomForest,42,61,61,"{'n_estimators': 300, 'max_depth': 20, 'min_samples_split': 2, 'min_samples_leaf': 1, 'max_features': 'sqrt', 'bootstrap': True}",scenario_results_rf_only_2026-01-25_223058_early_stop/randomforest_S2.1_ItoF_2_S1toS2_2026-01-25_223058_seed42_early_stop.pkl,1.0,1.0,1.0,1.0,1.0,1.0,1.0,1.0,1.0,1.0,1.0,1.0,1.0,0.8032786885245902,0.7568306010928961,0.7568306010928961,0.7377049180327869,0.7377049180327869,0.8032786885245902,0.8032786885245902,0.8032786885245902,0.9344262295081968,0.9672131147540983,0.9836065573770492,0.9836065573770492,0.7868852459016393
2.1,S2.1_ItoF_3_S1toS2,RandomForest,42,61,61,"{'n_estimators': 300, 'max_depth': 20, 'min_samples_split': 2, 'min_samples_leaf': 1, 'max_features': 'sqrt', 'bootstrap': True}",scenario_results_rf_only_2026-01-25_223058_early_stop/randomforest_S2.1_ItoF_3_S1toS2_2026-01-25_223058_seed42_early_stop.pkl,1.0,1.0,1.0,1.0,1.0,1.0,1.0,1.0,1.0,1.0,1.0,1.0,1.0,0.8360655737704918,0.8043715846994536,0.8043715846994536,0.7909836065573771,0.7909836065573771,0.8360655737704918,0.8360655737704918,0.8852459016393442,0.9508196721311475,0.9672131147540983,1.0,1.0,0.819672131147541
2.1,S2.1_TtoF_1_S1toS2,RandomForest,42,61,61,"{'n_estimators': 300, 'max_depth': 20, 'min_samples_split': 2, 'min_samples_leaf': 1, 'max_features': 'sqrt', 'bootstrap': True}",scenario_results_rf_only_2026-01-25_223058_early_stop/randomforest_S2.1_TtoF_1_S1toS2_2026-01-25_223058_seed42_early_stop.pkl,1.0,1.0,1.0,1.0,1.0,1.0,1.0,1.0,1.0,1.0,1.0,1.0,1.0,0.8524590163934426,0.8224043715846995,0.8224043715846995,0.8087431693989071,0.8087431693989071,0.8524590163934426,0.8524590163934426,0.8524590163934426,0.9180327868852459,0.9508196721311475,0.9836065573770492,0.9836065573770492,0.8360655737704918
2.1,S2.1_TtoF_2_S1toS2,RandomForest,42,61,61,"{'n_estimators': 300, 'max_depth': 20, 'min_samples_split': 2, 'min_samples_leaf': 1, 'max_features': 'sqrt', 'bootstrap': True}",scenario_results_rf_only_2026-01-25_223058_early_stop/randomforest_S2.1_TtoF_2_S1toS2_2026-01-25_223058_seed42_early_stop.pkl,1.0,1.0,1.0,1.0,1.0,1.0,1.0,1.0,1.0,1.0,1.0,1.0,1.0,0.819672131147541,0.7704918032786885,0.7704918032786885,0.7486338797814208,0.7486338797814208,0.819672131147541,0.819672131147541,0.8360655737704918,0.9344262295081968,0.9836065573770492,1.0,1.0,0.819672131147541
2.1,S2.1_TtoF_3_S1toS2,RandomForest,42,61,61,"{'n_estimators': 300, 'max_depth': 20, 'min_samples_split': 2, 'min_samples_leaf': 1, 'max_features': 'sqrt', 'bootstrap': True}",scenario_results_rf_only_2026-01-25_223058_early_stop/randomforest_S2.1_TtoF_3_S1toS2_2026-01-25_223058_seed42_early_stop.pkl,1.0,1.0,1.0,1.0,1.0,1.0,1.0,1.0,1.0,1.0,1.0,1.0,1.0,0.7704918032786885,0.726775956284153,0.726775956284153,0.7049180327868853,0.7049180327868853,0.7704918032786885,0.7704918032786885,0.7704918032786885,0.8852459016393442,0.9344262295081968,0.9508196721311475,0.9672131147540983,0.7377049180327869
2.1,S2.1_TtoI_1_S1toS2,RandomForest,42,61,61,"{'n_estimators': 300, 'max_depth': 20, 'min_samples_split': 2, 'min_samples_leaf': 1, 'max_features': 'sqrt', 'bootstrap': True}",scenario_results_rf_only_2026-01-25_223058_early_stop/randomforest_S2.1_TtoI_1_S1toS2_2026-01-25_223058_seed42_early_stop.pkl,1.0,1.0,1.0,1.0,1.0,1.0,1.0,1.0,1.0,1.0,1.0,1.0,1.0,0.8688524590163934,0.8306010928961749,0.8306010928961749,0.8142076502732242,0.8142076502732242,0.8688524590163934,0.8688524590163934,0.8688524590163934,0.9344262295081968,0.9836065573770492,0.9836065573770492,0.9836065573770492,0.8524590163934426
2.1,S2.1_TtoI_2_S1toS2,RandomForest,42,61,61,"{'n_estimators': 300, 'max_depth': 20, 'min_samples_split': 2, 'min_samples_leaf': 1, 'max_features': 'sqrt', 'bootstrap': True}",scenario_results_rf_only_2026-01-25_223058_early_stop/randomforest_S2.1_TtoI_2_S1toS2_2026-01-25_223058_seed42_early_stop.pkl,1.0,1.0,1.0,1.0,1.0,1.0,1.0,1.0,1.0,1.0,1.0,1.0,1.0,0.8524590163934426,0.8251366120218578,0.8251366120218578,0.8142076502732241,0.8142076502732241,0.8524590163934426,0.8524590163934426,0.8852459016393442,0.9180327868852459,0.9672131147540983,0.9672131147540983,1.0,0.8524590163934426
2.1,S2.1_TtoI_3_S1toS2,RandomForest,42,61,61,"{'n_estimators': 300, 'max_depth': 20, 'min_samples_split': 2, 'min_samples_leaf': 1, 'max_features': 'sqrt', 'bootstrap': True}",scenario_results_rf_only_2026-01-25_223058_early_stop/randomforest_S2.1_TtoI_3_S1toS2_2026-01-25_223058_seed42_early_stop.pkl,1.0,1.0,1.0,1.0,1.0,1.0,1.0,1.0,1.0,1.0,1.0,1.0,1.0,0.9016393442622951,0.8797814207650273,0.8797814207650273,0.8688524590163934,0.8688524590163934,0.9016393442622951,0.9016393442622951,0.8688524590163934,0.9672131147540983,0.9836065573770492,0.9836065573770492,1.0,0.8688524590163934
2.1,S2.1_FtoI_1_S1toS2,RandomForest,123,61,61,"{'n_estimators': 300, 'max_depth': 20, 'min_samples_split': 2, 'min_samples_leaf': 1, 'max_features': 'sqrt', 'bootstrap': True}",scenario_results_rf_only_2026-01-25_223058_early_stop/randomforest_S2.1_FtoI_1_S1toS2_2026-01-25_223058_seed123_early_stop.pkl,1.0,1.0,1.0,1.0,1.0,1.0,1.0,1.0,1.0,1.0,1.0,1.0,1.0,0.8688524590163934,0.8333333333333333,0.8333333333333333,0.8169398907103824,0.8169398907103824,0.8688524590163934,0.8688524590163934,0.8360655737704918,0.9180327868852459,0.9344262295081968,0.9672131147540983,1.0,0.819672131147541
2.1,S2.1_FtoI_2_S1toS2,RandomForest,123,61,61,"{'n_estimators': 300, 'max_depth': 20, 'min_samples_split': 2, 'min_samples_leaf': 1, 'max_features': 'sqrt', 'bootstrap': True}",scenario_results_rf_only_2026-01-25_223058_early_stop/randomforest_S2.1_FtoI_2_S1toS2_2026-01-25_223058_seed123_early_stop.pkl,1.0,1.0,1.0,1.0,1.0,1.0,1.0,1.0,1.0,1.0,1.0,1.0,1.0,0.8688524590163934,0.8387978142076502,0.8387978142076502,0.8251366120218578,0.8251366120218578,0.8688524590163934,0.8688524590163934,0.8688524590163934,0.9344262295081968,0.9672131147540983,0.9672131147540983,0.9672131147540983,0.8524590163934426
2.1,S2.1_FtoI_3_S1toS2,RandomForest,123,61,61,"{'n_estimators': 300, 'max_depth': 20, 'min_samples_split': 2, 'min_samples_leaf': 1, 'max_features': 'sqrt', 'bootstrap': True}",scenario_results_rf_only_2026-01-25_223058_early_stop/randomforest_S2.1_FtoI_3_S1toS2_2026-01-25_223058_seed123_early_stop.pkl,1.0,1.0,1.0,1.0,1.0,1.0,1.0,1.0,1.0,1.0,1.0,1.0,1.0,0.7868852459016393,0.7377049180327869,0.7377049180327869,0.7163934426229509,0.7163934426229509,0.7868852459016393,0.7868852459016393,0.7540983606557377,0.9508196721311475,0.9672131147540983,0.9836065573770492,0.9836065573770492,0.7540983606557377
2.1,S2.1_FtoT_1_S1toS2,RandomForest,123,61,61,"{'n_estimators': 300, 'max_depth': 20, 'min_samples_split': 2, 'min_samples_leaf': 1, 'max_features': 'sqrt', 'bootstrap': True}",scenario_results_rf_only_2026-01-25_223058_early_stop/randomforest_S2.1_FtoT_1_S1toS2_2026-01-25_223058_seed123_early_stop.pkl,1.0,1.0,1.0,1.0,1.0,1.0,1.0,1.0,1.0,1.0,1.0,1.0,1.0,0.819672131147541,0.7786885245901639,0.7786885245901639,0.7595628415300546,0.7595628415300546,0.819672131147541,0.819672131147541,0.819672131147541,0.9672131147540983,0.9836065573770492,1.0,1.0,0.7868852459016393
2.1,S2.1_FtoT_2_S1toS2,RandomForest,123,61,61,"{'n_estimators': 300, 'max_depth': 20, 'min_samples_split': 2, 'min_samples_leaf': 1, 'max_features': 'sqrt', 'bootstrap': True}",scenario_results_rf_only_2026-01-25_223058_early_stop/randomforest_S2.1_FtoT_2_S1toS2_2026-01-25_223058_seed123_early_stop.pkl,1.0,1.0,1.0,1.0,1.0,1.0,1.0,1.0,1.0,1.0,1.0,1.0,1.0,0.8360655737704918,0.7950819672131147,0.7950819672131147,0.7759562841530055,0.7759562841530055,0.8360655737704918,0.8360655737704918,0.8524590163934426,0.9508196721311475,0.9508196721311475,0.9508196721311475,0.9836065573770492,0.819672131147541
2.1,S2.1_FtoT_3_S1toS2,RandomForest,123,61,61,"{'n_estimators': 300, 'max_depth': 20, 'min_samples_split': 2, 'min_samples_leaf': 1, 'max_features': 'sqrt', 'bootstrap': True}",scenario_results_rf_only_2026-01-25_223058_early_stop/randomforest_S2.1_FtoT_3_S1toS2_2026-01-25_223058_seed123_early_stop.pkl,1.0,1.0,1.0,1.0,1.0,1.0,1.0,1.0,1.0,1.0,1.0,1.0,1.0,0.8688524590163934,0.8306010928961749,0.8306010928961749,0.8142076502732242,0.8142076502732242,0.8688524590163934,0.8688524590163934,0.8524590163934426,0.9016393442622951,0.9344262295081968,0.9672131147540983,0.9836065573770492,0.8524590163934426
2.1,S2.1_ItoT_1_S1toS2,RandomForest,123,61,61,"{'n_estimators': 300, 'max_depth': 20, 'min_samples_split': 2, 'min_samples_leaf': 1, 'max_features': 'sqrt', 'bootstrap': True}",scenario_results_rf_only_2026-01-25_223058_early_stop/randomforest_S2.1_ItoT_1_S1toS2_2026-01-25_223058_seed123_early_stop.pkl,1.0,1.0,1.0,1.0,1.0,1.0,1.0,1.0,1.0,1.0,1.0,1.0,1.0,0.9016393442622951,0.8754098360655739,0.8754098360655739,0.8647540983606558,0.8647540983606558,0.9016393442622951,0.9016393442622951,0.8852459016393442,1.0,1.0,1.0,1.0,0.8852459016393442
2.1,S2.1_ItoT_2_S1toS2,RandomForest,123,61,61,"{'n_estimators': 300, 'max_depth': 20, 'min_samples_split': 2, 'min_samples_leaf': 1, 'max_features': 'sqrt', 'bootstrap': True}",scenario_results_rf_only_2026-01-25_223058_early_stop/randomforest_S2.1_ItoT_2_S1toS2_2026-01-25_223058_seed123_early_stop.pkl,1.0,1.0,1.0,1.0,1.0,1.0,1.0,1.0,1.0,1.0,1.0,1.0,1.0,0.8524590163934426,0.8060109289617486,0.8060109289617486,0.784153005464481,0.784153005464481,0.8524590163934426,0.8524590163934426,0.8524590163934426,0.9344262295081968,0.9508196721311475,1.0,1.0,0.8524590163934426
2.1,S2.1_ItoT_3_S1toS2,RandomForest,123,61,61,"{'n_estimators': 300, 'max_depth': 20, 'min_samples_split': 2, 'min_samples_leaf': 1, 'max_features': 'sqrt', 'bootstrap': True}",scenario_results_rf_only_2026-01-25_223058_early_stop/randomforest_S2.1_ItoT_3_S1toS2_2026-01-25_223058_seed123_early_stop.pkl,1.0,1.0,1.0,1.0,1.0,1.0,1.0,1.0,1.0,1.0,1.0,1.0,1.0,0.8360655737704918,0.8016393442622951,0.8016393442622951,0.7882513661202186,0.7882513661202186,0.8360655737704918,0.8360655737704918,0.8688524590163934,0.9508196721311475,0.9508196721311475,0.9508196721311475,0.9508196721311475,0.8360655737704918
2.1,S2.1_ItoF_1_S1toS2,RandomForest,123,61,61,"{'n_estimators': 300, 'max_depth': 20, 'min_samples_split': 2, 'min_samples_leaf': 1, 'max_features': 'sqrt', 'bootstrap': True}",scenario_results_rf_only_2026-01-25_223058_early_stop/randomforest_S2.1_ItoF_1_S1toS2_2026-01-25_223058_seed123_early_stop.pkl,1.0,1.0,1.0,1.0,1.0,1.0,1.0,1.0,1.0,1.0,1.0,1.0,1.0,0.7704918032786885,0.7278688524590163,0.7278688524590163,0.7122950819672131,0.7122950819672131,0.7704918032786885,0.7704918032786885,0.7704918032786885,0.9016393442622951,0.9344262295081968,0.9672131147540983,0.9672131147540983,0.7377049180327869
2.1,S2.1_ItoF_2_S1toS2,RandomForest,123,61,61,"{'n_estimators': 300, 'max_depth': 20, 'min_samples_split': 2, 'min_samples_leaf': 1, 'max_features': 'sqrt', 'bootstrap': True}",scenario_results_rf_only_2026-01-25_223058_early_stop/randomforest_S2.1_ItoF_2_S1toS2_2026-01-25_223058_seed123_early_stop.pkl,1.0,1.0,1.0,1.0,1.0,1.0,1.0,1.0,1.0,1.0,1.0,1.0,1.0,0.8360655737704918,0.7950819672131147,0.7950819672131147,0.7759562841530055,0.7759562841530055,0.8360655737704918,0.8360655737704918,0.8032786885245902,0.9508196721311475,0.9508196721311475,0.9672131147540983,0.9672131147540983,0.8032786885245902
2.1,S2.1_ItoF_3_S1toS2,RandomForest,123,61,61,"{'n_estimators': 300, 'max_depth': 20, 'min_samples_split': 2, 'min_samples_leaf': 1, 'max_features': 'sqrt', 'bootstrap': True}",scenario_results_rf_only_2026-01-25_223058_early_stop/randomforest_S2.1_ItoF_3_S1toS2_2026-01-25_223058_seed123_early_stop.pkl,1.0,1.0,1.0,1.0,1.0,1.0,1.0,1.0,1.0,1.0,1.0,1.0,1.0,0.7377049180327869,0.6830601092896175,0.6830601092896175,0.6557377049180327,0.6557377049180327,0.7377049180327869,0.7377049180327869,0.7704918032786885,0.8852459016393442,0.9672131147540983,0.9836065573770492,1.0,0.7213114754098361
2.1,S2.1_TtoF_1_S1toS2,RandomForest,123,61,61,"{'n_estimators': 300, 'max_depth': 20, 'min_samples_split': 2, 'min_samples_leaf': 1, 'max_features': 'sqrt', 'bootstrap': True}",scenario_results_rf_only_2026-01-25_223058_early_stop/randomforest_S2.1_TtoF_1_S1toS2_2026-01-25_223058_seed123_early_stop.pkl,1.0,1.0,1.0,1.0,1.0,1.0,1.0,1.0,1.0,1.0,1.0,1.0,1.0,0.7704918032786885,0.7278688524590163,0.7278688524590163,0.7090163934426229,0.7090163934426229,0.7704918032786885,0.7704918032786885,0.8032786885245902,0.8852459016393442,0.9344262295081968,0.9836065573770492,0.9836065573770492,0.7704918032786885
2.1,S2.1_TtoF_2_S1toS2,RandomForest,123,61,61,"{'n_estimators': 300, 'max_depth': 20, 'min_samples_split': 2, 'min_samples_leaf': 1, 'max_features': 'sqrt', 'bootstrap': True}",scenario_results_rf_only_2026-01-25_223058_early_stop/randomforest_S2.1_TtoF_2_S1toS2_2026-01-25_223058_seed123_early_stop.pkl,1.0,1.0,1.0,1.0,1.0,1.0,1.0,1.0,1.0,1.0,1.0,1.0,1.0,0.819672131147541,0.7896174863387978,0.7896174863387978,0.7759562841530054,0.7759562841530054,0.819672131147541,0.819672131147541,0.819672131147541,0.9508196721311475,0.9508196721311475,0.9672131147540983,0.9836065573770492,0.8032786885245902
2.1,S2.1_TtoF_3_S1toS2,RandomForest,123,61,61,"{'n_estimators': 300, 'max_depth': 20, 'min_samples_split': 2, 'min_samples_leaf': 1, 'max_features': 'sqrt', 'bootstrap': True}",scenario_results_rf_only_2026-01-25_223058_early_stop/randomforest_S2.1_TtoF_3_S1toS2_2026-01-25_223058_seed123_early_stop.pkl,1.0,1.0,1.0,1.0,1.0,1.0,1.0,1.0,1.0,1.0,1.0,1.0,1.0,0.7540983606557377,0.7076502732240437,0.7076502732240437,0.6857923497267758,0.6857923497267758,0.7540983606557377,0.7540983606557377,0.7540983606557377,0.8852459016393442,0.9672131147540983,1.0,1.0,0.7377049180327869
2.1,S2.1_TtoI_1_S1toS2,RandomForest,123,61,61,"{'n_estimators': 300, 'max_depth': 20, 'min_samples_split': 2, 'min_samples_leaf': 1, 'max_features': 'sqrt', 'bootstrap': True}",scenario_results_rf_only_2026-01-25_223058_early_stop/randomforest_S2.1_TtoI_1_S1toS2_2026-01-25_223058_seed123_early_stop.pkl,1.0,1.0,1.0,1.0,1.0,1.0,1.0,1.0,1.0,1.0,1.0,1.0,1.0,0.7704918032786885,0.721311475409836,0.721311475409836,0.7021857923497267,0.7021857923497267,0.7704918032786885,0.7704918032786885,0.8032786885245902,0.9344262295081968,0.9672131147540983,0.9836065573770492,0.9836065573770492,0.7704918032786885
2.1,S2.1_TtoI_2_S1toS2,RandomForest,123,61,61,"{'n_estimators': 300, 'max_depth': 20, 'min_samples_split': 2, 'min_samples_leaf': 1, 'max_features': 'sqrt', 'bootstrap': True}",scenario_results_rf_only_2026-01-25_223058_early_stop/randomforest_S2.1_TtoI_2_S1toS2_2026-01-25_223058_seed123_early_stop.pkl,1.0,1.0,1.0,1.0,1.0,1.0,1.0,1.0,1.0,1.0,1.0,1.0,1.0,0.8360655737704918,0.8032786885245901,0.8032786885245901,0.7868852459016393,0.7868852459016393,0.8360655737704918,0.8360655737704918,0.819672131147541,0.9508196721311475,0.9836065573770492,0.9836065573770492,1.0,0.819672131147541
2.1,S2.1_TtoI_3_S1toS2,RandomForest,123,61,61,"{'n_estimators': 300, 'max_depth': 20, 'min_samples_split': 2, 'min_samples_leaf': 1, 'max_features': 'sqrt', 'bootstrap': True}",scenario_results_rf_only_2026-01-25_223058_early_stop/randomforest_S2.1_TtoI_3_S1toS2_2026-01-25_223058_seed123_early_stop.pkl,1.0,1.0,1.0,1.0,1.0,1.0,1.0,1.0,1.0,1.0,1.0,1.0,1.0,0.8360655737704918,0.8005464480874316,0.8005464480874316,0.7841530054644807,0.7841530054644807,0.8360655737704918,0.8360655737704918,0.8524590163934426,0.9344262295081968,1.0,1.0,1.0,0.819672131147541
2.1,S2.1_FtoI_1_S1toS2,RandomForest,456,61,61,"{'n_estimators': 300, 'max_depth': 20, 'min_samples_split': 2, 'min_samples_leaf': 1, 'max_features': 'sqrt', 'bootstrap': True}",scenario_results_rf_only_2026-01-25_223058_early_stop/randomforest_S2.1_FtoI_1_S1toS2_2026-01-25_223058_seed456_early_stop.pkl,1.0,1.0,1.0,1.0,1.0,1.0,1.0,1.0,1.0,1.0,1.0,1.0,1.0,0.8032786885245902,0.7459016393442623,0.7459016393442623,0.7213114754098361,0.7213114754098361,0.8032786885245902,0.8032786885245902,0.7704918032786885,0.9016393442622951,0.9672131147540983,0.9836065573770492,1.0,0.7704918032786885
2.1,S2.1_FtoI_2_S1toS2,RandomForest,456,61,61,"{'n_estimators': 300, 'max_depth': 20, 'min_samples_split': 2, 'min_samples_leaf': 1, 'max_features': 'sqrt', 'bootstrap': True}",scenario_results_rf_only_2026-01-25_223058_early_stop/randomforest_S2.1_FtoI_2_S1toS2_2026-01-25_223058_seed456_early_stop.pkl,1.0,1.0,1.0,1.0,1.0,1.0,1.0,1.0,1.0,1.0,1.0,1.0,1.0,0.8360655737704918,0.8032786885245902,0.8032786885245902,0.7896174863387978,0.7896174863387978,0.8360655737704918,0.8360655737704918,0.8524590163934426,0.9180327868852459,0.9672131147540983,0.9672131147540983,0.9672131147540983,0.8360655737704918
2.1,S2.1_FtoI_3_S1toS2,RandomForest,456,61,61,"{'n_estimators': 300, 'max_depth': 20, 'min_samples_split': 2, 'min_samples_leaf': 1, 'max_features': 'sqrt', 'bootstrap': True}",scenario_results_rf_only_2026-01-25_223058_early_stop/randomforest_S2.1_FtoI_3_S1toS2_2026-01-25_223058_seed456_early_stop.pkl,1.0,1.0,1.0,1.0,1.0,1.0,1.0,1.0,1.0,1.0,1.0,1.0,1.0,0.9016393442622951,0.8715846994535519,0.8715846994535519,0.8579234972677595,0.8579234972677595,0.9016393442622951,0.9016393442622951,0.8852459016393442,0.9016393442622951,0.9672131147540983,0.9672131147540983,0.9836065573770492,0.8852459016393442
2.1,S2.1_FtoT_1_S1toS2,RandomForest,456,61,61,"{'n_estimators': 300, 'max_depth': 20, 'min_samples_split': 2, 'min_samples_leaf': 1, 'max_features': 'sqrt', 'bootstrap': True}",scenario_results_rf_only_2026-01-25_223058_early_stop/randomforest_S2.1_FtoT_1_S1toS2_2026-01-25_223058_seed456_early_stop.pkl,1.0,1.0,1.0,1.0,1.0,1.0,1.0,1.0,1.0,1.0,1.0,1.0,1.0,0.8032786885245902,0.7540983606557377,0.7540983606557377,0.73224043715847,0.73224043715847,0.8032786885245902,0.8032786885245902,0.819672131147541,0.9180327868852459,0.9344262295081968,0.9508196721311475,0.9836065573770492,0.8032786885245902
2.1,S2.1_FtoT_2_S1toS2,RandomForest,456,61,61,"{'n_estimators': 300, 'max_depth': 20, 'min_samples_split': 2, 'min_samples_leaf': 1, 'max_features': 'sqrt', 'bootstrap': True}",scenario_results_rf_only_2026-01-25_223058_early_stop/randomforest_S2.1_FtoT_2_S1toS2_2026-01-25_223058_seed456_early_stop.pkl,1.0,1.0,1.0,1.0,1.0,1.0,1.0,1.0,1.0,1.0,1.0,1.0,1.0,0.7704918032786885,0.7267759562841529,0.7267759562841529,0.7076502732240438,0.7076502732240438,0.7704918032786885,0.7704918032786885,0.7704918032786885,0.8852459016393442,0.9180327868852459,0.9508196721311475,0.9672131147540983,0.7540983606557377
2.1,S2.1_FtoT_3_S1toS2,RandomForest,456,61,61,"{'n_estimators': 300, 'max_depth': 20, 'min_samples_split': 2, 'min_samples_leaf': 1, 'max_features': 'sqrt', 'bootstrap': True}",scenario_results_rf_only_2026-01-25_223058_early_stop/randomforest_S2.1_FtoT_3_S1toS2_2026-01-25_223058_seed456_early_stop.pkl,1.0,1.0,1.0,1.0,1.0,1.0,1.0,1.0,1.0,1.0,1.0,1.0,1.0,0.8852459016393442,0.8579234972677595,0.8579234972677595,0.8442622950819673,0.8442622950819673,0.8852459016393442,0.8852459016393442,0.9016393442622951,0.9836065573770492,1.0,1.0,1.0,0.8852459016393442
2.1,S2.1_ItoT_1_S1toS2,RandomForest,456,61,61,"{'n_estimators': 300, 'max_depth': 20, 'min_samples_split': 2, 'min_samples_leaf': 1, 'max_features': 'sqrt', 'bootstrap': True}",scenario_results_rf_only_2026-01-25_223058_early_stop/randomforest_S2.1_ItoT_1_S1toS2_2026-01-25_223058_seed456_early_stop.pkl,1.0,1.0,1.0,1.0,1.0,1.0,1.0,1.0,1.0,1.0,1.0,1.0,1.0,0.8360655737704918,0.7950819672131146,0.7950819672131146,0.7759562841530054,0.7759562841530054,0.8360655737704918,0.8360655737704918,0.819672131147541,0.9344262295081968,0.9836065573770492,0.9836065573770492,0.9836065573770492,0.819672131147541
2.1,S2.1_ItoT_2_S1toS2,RandomForest,456,61,61,"{'n_estimators': 300, 'max_depth': 20, 'min_samples_split': 2, 'min_samples_leaf': 1, 'max_features': 'sqrt', 'bootstrap': True}",scenario_results_rf_only_2026-01-25_223058_early_stop/randomforest_S2.1_ItoT_2_S1toS2_2026-01-25_223058_seed456_early_stop.pkl,1.0,1.0,1.0,1.0,1.0,1.0,1.0,1.0,1.0,1.0,1.0,1.0,1.0,0.7868852459016393,0.7349726775956283,0.7349726775956283,0.7103825136612022,0.7103825136612022,0.7868852459016393,0.7868852459016393,0.7868852459016393,0.8688524590163934,0.9016393442622951,0.9344262295081968,1.0,0.7868852459016393
2.1,S2.1_ItoT_3_S1toS2,RandomForest,456,61,61,"{'n_estimators': 300, 'max_depth': 20, 'min_samples_split': 2, 'min_samples_leaf': 1, 'max_features': 'sqrt', 'bootstrap': True}",scenario_results_rf_only_2026-01-25_223058_early_stop/randomforest_S2.1_ItoT_3_S1toS2_2026-01-25_223058_seed456_early_stop.pkl,1.0,1.0,1.0,1.0,1.0,1.0,1.0,1.0,1.0,1.0,1.0,1.0,1.0,0.8524590163934426,0.8142076502732241,0.8142076502732241,0.7950819672131147,0.7950819672131147,0.8524590163934426,0.8524590163934426,0.8688524590163934,0.9344262295081968,0.9672131147540983,1.0,1.0,0.8360655737704918
2.1,S2.1_ItoF_1_S1toS2,RandomForest,456,61,61,"{'n_estimators': 300, 'max_depth': 20, 'min_samples_split': 2, 'min_samples_leaf': 1, 'max_features': 'sqrt', 'bootstrap': True}",scenario_results_rf_only_2026-01-25_223058_early_stop/randomforest_S2.1_ItoF_1_S1toS2_2026-01-25_223058_seed456_early_stop.pkl,1.0,1.0,1.0,1.0,1.0,1.0,1.0,1.0,1.0,1.0,1.0,1.0,1.0,0.7540983606557377,0.6994535519125683,0.6994535519125683,0.6748633879781422,0.6748633879781422,0.7540983606557377,0.7540983606557377,0.7540983606557377,0.8688524590163934,0.9508196721311475,0.9508196721311475,0.9836065573770492,0.7540983606557377
2.1,S2.1_ItoF_2_S1toS2,RandomForest,456,61,61,"{'n_estimators': 300, 'max_depth': 20, 'min_samples_split': 2, 'min_samples_leaf': 1, 'max_features': 'sqrt', 'bootstrap': True}",scenario_results_rf_only_2026-01-25_223058_early_stop/randomforest_S2.1_ItoF_2_S1toS2_2026-01-25_223058_seed456_early_stop.pkl,1.0,1.0,1.0,1.0,1.0,1.0,1.0,1.0,1.0,1.0,1.0,1.0,1.0,0.7704918032786885,0.7076502732240437,0.7076502732240437,0.680327868852459,0.680327868852459,0.7704918032786885,0.7704918032786885,0.7704918032786885,0.9016393442622951,0.9344262295081968,0.9508196721311475,0.9508196721311475,0.7540983606557377
2.1,S2.1_ItoF_3_S1toS2,RandomForest,456,61,61,"{'n_estimators': 300, 'max_depth': 20, 'min_samples_split': 2, 'min_samples_leaf': 1, 'max_features': 'sqrt', 'bootstrap': True}",scenario_results_rf_only_2026-01-25_223058_early_stop/randomforest_S2.1_ItoF_3_S1toS2_2026-01-25_223058_seed456_early_stop.pkl,1.0,1.0,1.0,1.0,1.0,1.0,1.0,1.0,1.0,1.0,1.0,1.0,1.0,0.7868852459016393,0.7387978142076503,0.7387978142076503,0.7172131147540983,0.7172131147540983,0.7868852459016393,0.7868852459016393,0.819672131147541,0.9180327868852459,0.9672131147540983,0.9836065573770492,0.9836065573770492,0.7540983606557377
2.1,S2.1_TtoF_1_S1toS2,RandomForest,456,61,61,"{'n_estimators': 300, 'max_depth': 20, 'min_samples_split': 2, 'min_samples_leaf': 1, 'max_features': 'sqrt', 'bootstrap': True}",scenario_results_rf_only_2026-01-25_223058_early_stop/randomforest_S2.1_TtoF_1_S1toS2_2026-01-25_223058_seed456_early_stop.pkl,1.0,1.0,1.0,1.0,1.0,1.0,1.0,1.0,1.0,1.0,1.0,1.0,1.0,0.8032786885245902,0.7459016393442623,0.7459016393442623,0.7185792349726775,0.7185792349726775,0.8032786885245902,0.8032786885245902,0.7868852459016393,0.9016393442622951,0.9672131147540983,1.0,1.0,0.7868852459016393
2.1,S2.1_TtoF_2_S1toS2,RandomForest,456,61,61,"{'n_estimators': 300, 'max_depth': 20, 'min_samples_split': 2, 'min_samples_leaf': 1, 'max_features': 'sqrt', 'bootstrap': True}",scenario_results_rf_only_2026-01-25_223058_early_stop/randomforest_S2.1_TtoF_2_S1toS2_2026-01-25_223058_seed456_early_stop.pkl,1.0,1.0,1.0,1.0,1.0,1.0,1.0,1.0,1.0,1.0,1.0,1.0,1.0,0.819672131147541,0.76775956284153,0.76775956284153,0.7431693989071038,0.7431693989071038,0.819672131147541,0.819672131147541,0.8360655737704918,0.9180327868852459,0.9508196721311475,0.9672131147540983,0.9836065573770492,0.8032786885245902
2.1,S2.1_TtoF_3_S1toS2,RandomForest,456,61,61,"{'n_estimators': 300, 'max_depth': 20, 'min_samples_split': 2, 'min_samples_leaf': 1, 'max_features': 'sqrt', 'bootstrap': True}",scenario_results_rf_only_2026-01-25_223058_early_stop/randomforest_S2.1_TtoF_3_S1toS2_2026-01-25_223058_seed456_early_stop.pkl,1.0,1.0,1.0,1.0,1.0,1.0,1.0,1.0,1.0,1.0,1.0,1.0,1.0,0.8032786885245902,0.7459016393442623,0.7459016393442623,0.7185792349726776,0.7185792349726776,0.8032786885245902,0.8032786885245902,0.7868852459016393,0.9180327868852459,0.9508196721311475,0.9672131147540983,0.9836065573770492,0.7704918032786885
2.1,S2.1_TtoI_1_S1toS2,RandomForest,456,61,61,"{'n_estimators': 300, 'max_depth': 20, 'min_samples_split': 2, 'min_samples_leaf': 1, 'max_features': 'sqrt', 'bootstrap': True}",scenario_results_rf_only_2026-01-25_223058_early_stop/randomforest_S2.1_TtoI_1_S1toS2_2026-01-25_223058_seed456_early_stop.pkl,1.0,1.0,1.0,1.0,1.0,1.0,1.0,1.0,1.0,1.0,1.0,1.0,1.0,0.8524590163934426,0.8114754098360656,0.8114754098360656,0.7923497267759563,0.7923497267759563,0.8524590163934426,0.8524590163934426,0.8524590163934426,0.9180327868852459,0.9672131147540983,1.0,1.0,0.8360655737704918
2.1,S2.1_TtoI_2_S1toS2,RandomForest,456,61,61,"{'n_estimators': 300, 'max_depth': 20, 'min_samples_split': 2, 'min_samples_leaf': 1, 'max_features': 'sqrt', 'bootstrap': True}",scenario_results_rf_only_2026-01-25_223058_early_stop/randomforest_S2.1_TtoI_2_S1toS2_2026-01-25_223058_seed456_early_stop.pkl,1.0,1.0,1.0,1.0,1.0,1.0,1.0,1.0,1.0,1.0,1.0,1.0,1.0,0.8032786885245902,0.7568306010928961,0.7568306010928961,0.7349726775956283,0.7349726775956283,0.8032786885245902,0.8032786885245902,0.8032786885245902,0.9180327868852459,0.9836065573770492,1.0,1.0,0.8032786885245902
2.1,S2.1_TtoI_3_S1toS2,RandomForest,456,61,61,"{'n_estimators': 300, 'max_depth': 20, 'min_samples_split': 2, 'min_samples_leaf': 1, 'max_features': 'sqrt', 'bootstrap': True}",scenario_results_rf_only_2026-01-25_223058_early_stop/randomforest_S2.1_TtoI_3_S1toS2_2026-01-25_223058_seed456_early_stop.pkl,1.0,1.0,1.0,1.0,1.0,1.0,1.0,1.0,1.0,1.0,1.0,1.0,1.0,0.8524590163934426,0.8224043715846995,0.8224043715846995,0.808743169398907,0.808743169398907,0.8524590163934426,0.8524590163934426,0.819672131147541,0.9016393442622951,0.9344262295081968,0.9508196721311475,0.9672131147540983,0.819672131147541
2.2,S2.2_FtoI_1_S2toS1,RandomForest,42,61,61,"{'n_estimators': 300, 'max_depth': 20, 'min_samples_split': 2, 'min_samples_leaf': 1, 'max_features': 'sqrt', 'bootstrap': True}",scenario_results_rf_only_2026-01-25_223058_early_stop/randomforest_S2.2_FtoI_1_S2toS1_2026-01-25_223058_seed42_early_stop.pkl,1.0,1.0,1.0,1.0,1.0,1.0,1.0,1.0,1.0,1.0,1.0,1.0,1.0,0.9016393442622951,0.8770491803278688,0.8770491803278688,0.866120218579235,0.866120218579235,0.9016393442622951,0.9016393442622951,0.9016393442622951,0.9180327868852459,1.0,1.0,1.0,0.9016393442622951
2.2,S2.2_FtoI_2_S2toS1,RandomForest,42,61,61,"{'n_estimators': 300, 'max_depth': 20, 'min_samples_split': 2, 'min_samples_leaf': 1, 'max_features': 'sqrt', 'bootstrap': True}",scenario_results_rf_only_2026-01-25_223058_early_stop/randomforest_S2.2_FtoI_2_S2toS1_2026-01-25_223058_seed42_early_stop.pkl,1.0,1.0,1.0,1.0,1.0,1.0,1.0,1.0,1.0,1.0,1.0,1.0,1.0,0.8360655737704918,0.8087431693989071,0.8087431693989071,0.7950819672131147,0.7950819672131147,0.8360655737704918,0.8360655737704918,0.8032786885245902,0.8524590163934426,0.9180327868852459,0.9508196721311475,0.9508196721311475,0.8032786885245902
2.2,S2.2_FtoI_3_S2toS1,RandomForest,42,61,61,"{'n_estimators': 300, 'max_depth': 20, 'min_samples_split': 2, 'min_samples_leaf': 1, 'max_features': 'sqrt', 'bootstrap': True}",scenario_results_rf_only_2026-01-25_223058_early_stop/randomforest_S2.2_FtoI_3_S2toS1_2026-01-25_223058_seed42_early_stop.pkl,1.0,1.0,1.0,1.0,1.0,1.0,1.0,1.0,1.0,1.0,1.0,1.0,1.0,0.8688524590163934,0.8306010928961748,0.8306010928961748,0.8142076502732241,0.8142076502732241,0.8688524590163934,0.8688524590163934,0.8688524590163934,0.9672131147540983,1.0,1.0,1.0,0.8688524590163934
2.2,S2.2_FtoT_1_S2toS1,RandomForest,42,61,61,"{'n_estimators': 300, 'max_depth': 20, 'min_samples_split': 2, 'min_samples_leaf': 1, 'max_features': 'sqrt', 'bootstrap': True}",scenario_results_rf_only_2026-01-25_223058_early_stop/randomforest_S2.2_FtoT_1_S2toS1_2026-01-25_223058_seed42_early_stop.pkl,1.0,1.0,1.0,1.0,1.0,1.0,1.0,1.0,1.0,1.0,1.0,1.0,1.0,0.8524590163934426,0.8196721311475409,0.8196721311475409,0.8032786885245902,0.8032786885245902,0.8524590163934426,0.8524590163934426,0.8360655737704918,0.9508196721311475,0.9672131147540983,0.9672131147540983,0.9836065573770492,0.8360655737704918
2.2,S2.2_FtoT_2_S2toS1,RandomForest,42,61,61,"{'n_estimators': 300, 'max_depth': 20, 'min_samples_split': 2, 'min_samples_leaf': 1, 'max_features': 'sqrt', 'bootstrap': True}",scenario_results_rf_only_2026-01-25_223058_early_stop/randomforest_S2.2_FtoT_2_S2toS1_2026-01-25_223058_seed42_early_stop.pkl,1.0,1.0,1.0,1.0,1.0,1.0,1.0,1.0,1.0,1.0,1.0,1.0,1.0,0.8688524590163934,0.8360655737704918,0.8360655737704918,0.819672131147541,0.819672131147541,0.8688524590163934,0.8688524590163934,0.8524590163934426,0.9344262295081968,0.9508196721311475,0.9836065573770492,1.0,0.8524590163934426
2.2,S2.2_FtoT_3_S2toS1,RandomForest,42,61,61,"{'n_estimators': 300, 'max_depth': 20, 'min_samples_split': 2, 'min_samples_leaf': 1, 'max_features': 'sqrt', 'bootstrap': True}",scenario_results_rf_only_2026-01-25_223058_early_stop/randomforest_S2.2_FtoT_3_S2toS1_2026-01-25_223058_seed42_early_stop.pkl,1.0,1.0,1.0,1.0,1.0,1.0,1.0,1.0,1.0,1.0,1.0,1.0,1.0,0.8360655737704918,0.808743169398907,0.808743169398907,0.7950819672131147,0.7950819672131147,0.8360655737704918,0.8360655737704918,0.8032786885245902,0.9016393442622951,0.9836065573770492,1.0,1.0,0.8032786885245902
2.2,S2.2_ItoT_1_S2toS1,RandomForest,42,61,61,"{'n_estimators': 300, 'max_depth': 20, 'min_samples_split': 2, 'min_samples_leaf': 1, 'max_features': 'sqrt', 'bootstrap': True}",scenario_results_rf_only_2026-01-25_223058_early_stop/randomforest_S2.2_ItoT_1_S2toS1_2026-01-25_223058_seed42_early_stop.pkl,1.0,1.0,1.0,1.0,1.0,1.0,1.0,1.0,1.0,1.0,1.0,1.0,1.0,0.7868852459016393,0.7377049180327868,0.7377049180327868,0.7131147540983607,0.7131147540983607,0.7868852459016393,0.7868852459016393,0.7868852459016393,0.8688524590163934,0.9344262295081968,0.9508196721311475,0.9508196721311475,0.7868852459016393
2.2,S2.2_ItoT_2_S2toS1,RandomForest,42,61,61,"{'n_estimators': 300, 'max_depth': 20, 'min_samples_split': 2, 'min_samples_leaf': 1, 'max_features': 'sqrt', 'bootstrap': True}",scenario_results_rf_only_2026-01-25_223058_early_stop/randomforest_S2.2_ItoT_2_S2toS1_2026-01-25_223058_seed42_early_stop.pkl,1.0,1.0,1.0,1.0,1.0,1.0,1.0,1.0,1.0,1.0,1.0,1.0,1.0,0.8688524590163934,0.8360655737704917,0.8360655737704917,0.819672131147541,0.819672131147541,0.8688524590163934,0.8688524590163934,0.8688524590163934,0.9344262295081968,0.9344262295081968,0.9672131147540983,0.9672131147540983,0.8524590163934426
2.2,S2.2_ItoT_3_S2toS1,RandomForest,42,61,61,"{'n_estimators': 300, 'max_depth': 20, 'min_samples_split': 2, 'min_samples_leaf': 1, 'max_features': 'sqrt', 'bootstrap': True}",scenario_results_rf_only_2026-01-25_223058_early_stop/randomforest_S2.2_ItoT_3_S2toS1_2026-01-25_223058_seed42_early_stop.pkl,1.0,1.0,1.0,1.0,1.0,1.0,1.0,1.0,1.0,1.0,1.0,1.0,1.0,0.7868852459016393,0.7622950819672131,0.7622950819672131,0.7513661202185792,0.7513661202185792,0.7868852459016393,0.7868852459016393,0.7704918032786885,0.8524590163934426,0.9836065573770492,0.9836065573770492,1.0,0.7540983606557377
2.2,S2.2_ItoF_1_S2toS1,RandomForest,42,61,61,"{'n_estimators': 300, 'max_depth': 20, 'min_samples_split': 2, 'min_samples_leaf': 1, 'max_features': 'sqrt', 'bootstrap': True}",scenario_results_rf_only_2026-01-25_223058_early_stop/randomforest_S2.2_ItoF_1_S2toS1_2026-01-25_223058_seed42_early_stop.pkl,1.0,1.0,1.0,1.0,1.0,1.0,1.0,1.0,1.0,1.0,1.0,1.0,1.0,0.7213114754098361,0.680327868852459,0.680327868852459,0.6639344262295083,0.6639344262295083,0.7213114754098361,0.7213114754098361,0.6885245901639344,0.8360655737704918,0.8852459016393442,0.9344262295081968,0.9672131147540983,0.6721311475409836
2.2,S2.2_ItoF_2_S2toS1,RandomForest,42,61,61,"{'n_estimators': 300, 'max_depth': 20, 'min_samples_split': 2, 'min_samples_leaf': 1, 'max_features': 'sqrt', 'bootstrap': True}",scenario_results_rf_only_2026-01-25_223058_early_stop/randomforest_S2.2_ItoF_2_S2toS1_2026-01-25_223058_seed42_early_stop.pkl,1.0,1.0,1.0,1.0,1.0,1.0,1.0,1.0,1.0,1.0,1.0,1.0,1.0,0.9180327868852459,0.8989071038251365,0.8989071038251365,0.8907103825136611,0.8907103825136611,0.9180327868852459,0.9180327868852459,0.9180327868852459,0.9508196721311475,0.9836065573770492,1.0,1.0,0.9016393442622951
2.2,S2.2_ItoF_3_S2toS1,RandomForest,42,61,61,"{'n_estimators': 300, 'max_depth': 20, 'min_samples_split': 2, 'min_samples_leaf': 1, 'max_features': 'sqrt', 'bootstrap': True}",scenario_results_rf_only_2026-01-25_223058_early_stop/randomforest_S2.2_ItoF_3_S2toS1_2026-01-25_223058_seed42_early_stop.pkl,1.0,1.0,1.0,1.0,1.0,1.0,1.0,1.0,1.0,1.0,1.0,1.0,1.0,0.7540983606557377,0.7114754098360654,0.7114754098360654,0.6926229508196722,0.6926229508196722,0.7540983606557377,0.7540983606557377,0.7540983606557377,0.8688524590163934,0.9344262295081968,0.9672131147540983,0.9672131147540983,0.7377049180327869
2.2,S2.2_TtoF_1_S2toS1,RandomForest,42,61,61,"{'n_estimators': 300, 'max_depth': 20, 'min_samples_split': 2, 'min_samples_leaf': 1, 'max_features': 'sqrt', 'bootstrap': True}",scenario_results_rf_only_2026-01-25_223058_early_stop/randomforest_S2.2_TtoF_1_S2toS1_2026-01-25_223058_seed42_early_stop.pkl,1.0,1.0,1.0,1.0,1.0,1.0,1.0,1.0,1.0,1.0,1.0,1.0,1.0,0.8360655737704918,0.8114754098360656,0.8114754098360656,0.8005464480874316,0.8005464480874316,0.8360655737704918,0.8360655737704918,0.8360655737704918,0.9180327868852459,0.9672131147540983,0.9672131147540983,1.0,0.8360655737704918
2.2,S2.2_TtoF_2_S2toS1,RandomForest,42,61,61,"{'n_estimators': 300, 'max_depth': 20, 'min_samples_split': 2, 'min_samples_leaf': 1, 'max_features': 'sqrt', 'bootstrap': True}",scenario_results_rf_only_2026-01-25_223058_early_stop/randomforest_S2.2_TtoF_2_S2toS1_2026-01-25_223058_seed42_early_stop.pkl,1.0,1.0,1.0,1.0,1.0,1.0,1.0,1.0,1.0,1.0,1.0,1.0,1.0,0.8852459016393442,0.8497267759562841,0.8497267759562841,0.8333333333333333,0.8333333333333333,0.8852459016393442,0.8852459016393442,0.8524590163934426,0.9508196721311475,0.9672131147540983,0.9672131147540983,0.9672131147540983,0.8524590163934426
2.2,S2.2_TtoF_3_S2toS1,RandomForest,42,61,61,"{'n_estimators': 300, 'max_depth': 20, 'min_samples_split': 2, 'min_samples_leaf': 1, 'max_features': 'sqrt', 'bootstrap': True}",scenario_results_rf_only_2026-01-25_223058_early_stop/randomforest_S2.2_TtoF_3_S2toS1_2026-01-25_223058_seed42_early_stop.pkl,1.0,1.0,1.0,1.0,1.0,1.0,1.0,1.0,1.0,1.0,1.0,1.0,1.0,0.8360655737704918,0.7978142076502732,0.7978142076502732,0.7786885245901639,0.7786885245901639,0.8360655737704918,0.8360655737704918,0.819672131147541,0.9508196721311475,0.9836065573770492,0.9836065573770492,1.0,0.8032786885245902
2.2,S2.2_TtoI_1_S2toS1,RandomForest,42,61,61,"{'n_estimators': 300, 'max_depth': 20, 'min_samples_split': 2, 'min_samples_leaf': 1, 'max_features': 'sqrt', 'bootstrap': True}",scenario_results_rf_only_2026-01-25_223058_early_stop/randomforest_S2.2_TtoI_1_S2toS1_2026-01-25_223058_seed42_early_stop.pkl,1.0,1.0,1.0,1.0,1.0,1.0,1.0,1.0,1.0,1.0,1.0,1.0,1.0,0.8688524590163934,0.8278688524590163,0.8278688524590163,0.808743169398907,0.808743169398907,0.8688524590163934,0.8688524590163934,0.8524590163934426,0.9344262295081968,0.9672131147540983,0.9836065573770492,1.0,0.8524590163934426
2.2,S2.2_TtoI_2_S2toS1,RandomForest,42,61,61,"{'n_estimators': 300, 'max_depth': 20, 'min_samples_split': 2, 'min_samples_leaf': 1, 'max_features': 'sqrt', 'bootstrap': True}",scenario_results_rf_only_2026-01-25_223058_early_stop/randomforest_S2.2_TtoI_2_S2toS1_2026-01-25_223058_seed42_early_stop.pkl,1.0,1.0,1.0,1.0,1.0,1.0,1.0,1.0,1.0,1.0,1.0,1.0,1.0,0.8524590163934426,0.808743169398907,0.808743169398907,0.7868852459016393,0.7868852459016393,0.8524590163934426,0.8524590163934426,0.8524590163934426,0.9508196721311475,0.9508196721311475,0.9836065573770492,1.0,0.8524590163934426
2.2,S2.2_TtoI_3_S2toS1,RandomForest,42,61,61,"{'n_estimators': 300, 'max_depth': 20, 'min_samples_split': 2, 'min_samples_leaf': 1, 'max_features': 'sqrt', 'bootstrap': True}",scenario_results_rf_only_2026-01-25_223058_early_stop/randomforest_S2.2_TtoI_3_S2toS1_2026-01-25_223058_seed42_early_stop.pkl,1.0,1.0,1.0,1.0,1.0,1.0,1.0,1.0,1.0,1.0,1.0,1.0,1.0,0.9016393442622951,0.8743169398907105,0.8743169398907105,0.860655737704918,0.860655737704918,0.9016393442622951,0.9016393442622951,0.9344262295081968,0.9344262295081968,0.9508196721311475,0.9672131147540983,0.9672131147540983,0.9016393442622951
2.2,S2.2_FtoI_1_S2toS1,RandomForest,123,61,61,"{'n_estimators': 300, 'max_depth': 20, 'min_samples_split': 2, 'min_samples_leaf': 1, 'max_features': 'sqrt', 'bootstrap': True}",scenario_results_rf_only_2026-01-25_223058_early_stop/randomforest_S2.2_FtoI_1_S2toS1_2026-01-25_223058_seed123_early_stop.pkl,1.0,1.0,1.0,1.0,1.0,1.0,1.0,1.0,1.0,1.0,1.0,1.0,1.0,0.8360655737704918,0.7841530054644807,0.7841530054644807,0.7595628415300547,0.7595628415300547,0.8360655737704918,0.8360655737704918,0.8524590163934426,0.9344262295081968,0.9344262295081968,0.9672131147540983,0.9672131147540983,0.8360655737704918
2.2,S2.2_FtoI_2_S2toS1,RandomForest,123,61,61,"{'n_estimators': 300, 'max_depth': 20, 'min_samples_split': 2, 'min_samples_leaf': 1, 'max_features': 'sqrt', 'bootstrap': True}",scenario_results_rf_only_2026-01-25_223058_early_stop/randomforest_S2.2_FtoI_2_S2toS1_2026-01-25_223058_seed123_early_stop.pkl,1.0,1.0,1.0,1.0,1.0,1.0,1.0,1.0,1.0,1.0,1.0,1.0,1.0,0.8524590163934426,0.8169398907103825,0.8169398907103825,0.8005464480874316,0.8005464480874316,0.8524590163934426,0.8524590163934426,0.8688524590163934,0.9180327868852459,0.9508196721311475,0.9508196721311475,0.9672131147540983,0.8524590163934426
2.2,S2.2_FtoI_3_S2toS1,RandomForest,123,61,61,"{'n_estimators': 300, 'max_depth': 20, 'min_samples_split': 2, 'min_samples_leaf': 1, 'max_features': 'sqrt', 'bootstrap': True}",scenario_results_rf_only_2026-01-25_223058_early_stop/randomforest_S2.2_FtoI_3_S2toS1_2026-01-25_223058_seed123_early_stop.pkl,1.0,1.0,1.0,1.0,1.0,1.0,1.0,1.0,1.0,1.0,1.0,1.0,1.0,0.8360655737704918,0.8005464480874316,0.8005464480874316,0.7841530054644807,0.7841530054644807,0.8360655737704918,0.8360655737704918,0.8688524590163934,1.0,1.0,1.0,1.0,0.819672131147541
2.2,S2.2_FtoT_1_S2toS1,RandomForest,123,61,61,"{'n_estimators': 300, 'max_depth': 20, 'min_samples_split': 2, 'min_samples_leaf': 1, 'max_features': 'sqrt', 'bootstrap': True}",scenario_results_rf_only_2026-01-25_223058_early_stop/randomforest_S2.2_FtoT_1_S2toS1_2026-01-25_223058_seed123_early_stop.pkl,1.0,1.0,1.0,1.0,1.0,1.0,1.0,1.0,1.0,1.0,1.0,1.0,1.0,0.9016393442622951,0.8852459016393442,0.8852459016393442,0.8770491803278688,0.8770491803278688,0.9016393442622951,0.9016393442622951,0.9016393442622951,0.9180327868852459,0.9508196721311475,0.9836065573770492,1.0,0.9016393442622951
2.2,S2.2_FtoT_2_S2toS1,RandomForest,123,61,61,"{'n_estimators': 300, 'max_depth': 20, 'min_samples_split': 2, 'min_samples_leaf': 1, 'max_features': 'sqrt', 'bootstrap': True}",scenario_results_rf_only_2026-01-25_223058_early_stop/randomforest_S2.2_FtoT_2_S2toS1_2026-01-25_223058_seed123_early_stop.pkl,1.0,1.0,1.0,1.0,1.0,1.0,1.0,1.0,1.0,1.0,1.0,1.0,1.0,0.7704918032786885,0.7224043715846994,0.7224043715846994,0.703551912568306,0.703551912568306,0.7704918032786885,0.7704918032786885,0.7868852459016393,0.8852459016393442,0.9344262295081968,0.9344262295081968,0.9508196721311475,0.7540983606557377
2.2,S2.2_FtoT_3_S2toS1,RandomForest,123,61,61,"{'n_estimators': 300, 'max_depth': 20, 'min_samples_split': 2, 'min_samples_leaf': 1, 'max_features': 'sqrt', 'bootstrap': True}",scenario_results_rf_only_2026-01-25_223058_early_stop/randomforest_S2.2_FtoT_3_S2toS1_2026-01-25_223058_seed123_early_stop.pkl,1.0,1.0,1.0,1.0,1.0,1.0,1.0,1.0,1.0,1.0,1.0,1.0,1.0,0.7868852459016393,0.7540983606557377,0.7540983606557377,0.7377049180327869,0.7377049180327869,0.7868852459016393,0.7868852459016393,0.8032786885245902,0.9016393442622951,0.9344262295081968,0.9836065573770492,0.9836065573770492,0.7868852459016393
2.2,S2.2_ItoT_1_S2toS1,RandomForest,123,61,61,"{'n_estimators': 300, 'max_depth': 20, 'min_samples_split': 2, 'min_samples_leaf': 1, 'max_features': 'sqrt', 'bootstrap': True}",scenario_results_rf_only_2026-01-25_223058_early_stop/randomforest_S2.2_ItoT_1_S2toS1_2026-01-25_223058_seed123_early_stop.pkl,1.0,1.0,1.0,1.0,1.0,1.0,1.0,1.0,1.0,1.0,1.0,1.0,1.0,0.7049180327868853,0.6595628415300545,0.6595628415300545,0.6407103825136611,0.6407103825136611,0.7049180327868853,0.7049180327868853,0.6721311475409836,0.8852459016393442,0.9672131147540983,1.0,1.0,0.6721311475409836
2.2,S2.2_ItoT_2_S2toS1,RandomForest,123,61,61,"{'n_estimators': 300, 'max_depth': 20, 'min_samples_split': 2, 'min_samples_leaf': 1, 'max_features': 'sqrt', 'bootstrap': True}",scenario_results_rf_only_2026-01-25_223058_early_stop/randomforest_S2.2_ItoT_2_S2toS1_2026-01-25_223058_seed123_early_stop.pkl,1.0,1.0,1.0,1.0,1.0,1.0,1.0,1.0,1.0,1.0,1.0,1.0,1.0,0.819672131147541,0.7786885245901639,0.7786885245901639,0.7595628415300547,0.7595628415300547,0.819672131147541,0.819672131147541,0.8524590163934426,0.9180327868852459,0.9672131147540983,0.9672131147540983,0.9672131147540983,0.819672131147541
2.2,S2.2_ItoT_3_S2toS1,RandomForest,123,61,61,"{'n_estimators': 300, 'max_depth': 20, 'min_samples_split': 2, 'min_samples_leaf': 1, 'max_features': 'sqrt', 'bootstrap': True}",scenario_results_rf_only_2026-01-25_223058_early_stop/randomforest_S2.2_ItoT_3_S2toS1_2026-01-25_223058_seed123_early_stop.pkl,1.0,1.0,1.0,1.0,1.0,1.0,1.0,1.0,1.0,1.0,1.0,1.0,1.0,0.7868852459016393,0.7349726775956283,0.7349726775956283,0.7103825136612021,0.7103825136612021,0.7868852459016393,0.7868852459016393,0.8032786885245902,0.9508196721311475,0.9836065573770492,0.9836065573770492,0.9836065573770492,0.7868852459016393
2.2,S2.2_ItoF_1_S2toS1,RandomForest,123,61,61,"{'n_estimators': 300, 'max_depth': 20, 'min_samples_split': 2, 'min_samples_leaf': 1, 'max_features': 'sqrt', 'bootstrap': True}",scenario_results_rf_only_2026-01-25_223058_early_stop/randomforest_S2.2_ItoF_1_S2toS1_2026-01-25_223058_seed123_early_stop.pkl,1.0,1.0,1.0,1.0,1.0,1.0,1.0,1.0,1.0,1.0,1.0,1.0,1.0,0.6721311475409836,0.6295081967213114,0.6295081967213114,0.610655737704918,0.610655737704918,0.6721311475409836,0.6721311475409836,0.6885245901639344,0.819672131147541,0.8688524590163934,0.9508196721311475,0.9508196721311475,0.6721311475409836
2.2,S2.2_ItoF_2_S2toS1,RandomForest,123,61,61,"{'n_estimators': 300, 'max_depth': 20, 'min_samples_split': 2, 'min_samples_leaf': 1, 'max_features': 'sqrt', 'bootstrap': True}",scenario_results_rf_only_2026-01-25_223058_early_stop/randomforest_S2.2_ItoF_2_S2toS1_2026-01-25_223058_seed123_early_stop.pkl,1.0,1.0,1.0,1.0,1.0,1.0,1.0,1.0,1.0,1.0,1.0,1.0,1.0,0.8032786885245902,0.7786885245901639,0.7786885245901639,0.76775956284153,0.76775956284153,0.8032786885245902,0.8032786885245902,0.8524590163934426,0.9508196721311475,0.9672131147540983,0.9672131147540983,0.9672131147540983,0.8032786885245902
2.2,S2.2_ItoF_3_S2toS1,RandomForest,123,61,61,"{'n_estimators': 300, 'max_depth': 20, 'min_samples_split': 2, 'min_samples_leaf': 1, 'max_features': 'sqrt', 'bootstrap': True}",scenario_results_rf_only_2026-01-25_223058_early_stop/randomforest_S2.2_ItoF_3_S2toS1_2026-01-25_223058_seed123_early_stop.pkl,1.0,1.0,1.0,1.0,1.0,1.0,1.0,1.0,1.0,1.0,1.0,1.0,1.0,0.7868852459016393,0.7513661202185793,0.7513661202185793,0.7349726775956283,0.7349726775956283,0.7868852459016393,0.7868852459016393,0.7704918032786885,0.9180327868852459,0.9508196721311475,0.9508196721311475,0.9836065573770492,0.7704918032786885
2.2,S2.2_TtoF_1_S2toS1,RandomForest,123,61,61,"{'n_estimators': 300, 'max_depth': 20, 'min_samples_split': 2, 'min_samples_leaf': 1, 'max_features': 'sqrt', 'bootstrap': True}",scenario_results_rf_only_2026-01-25_223058_early_stop/randomforest_S2.2_TtoF_1_S2toS1_2026-01-25_223058_seed123_early_stop.pkl,1.0,1.0,1.0,1.0,1.0,1.0,1.0,1.0,1.0,1.0,1.0,1.0,1.0,0.8852459016393442,0.8551912568306012,0.8551912568306012,0.8415300546448087,0.8415300546448087,0.8852459016393442,0.8852459016393442,0.819672131147541,0.9180327868852459,0.9344262295081968,0.9836065573770492,0.9836065573770492,0.819672131147541
2.2,S2.2_TtoF_2_S2toS1,RandomForest,123,61,61,"{'n_estimators': 300, 'max_depth': 20, 'min_samples_split': 2, 'min_samples_leaf': 1, 'max_features': 'sqrt', 'bootstrap': True}",scenario_results_rf_only_2026-01-25_223058_early_stop/randomforest_S2.2_TtoF_2_S2toS1_2026-01-25_223058_seed123_early_stop.pkl,1.0,1.0,1.0,1.0,1.0,1.0,1.0,1.0,1.0,1.0,1.0,1.0,1.0,0.8688524590163934,0.8415300546448087,0.8415300546448087,0.8306010928961748,0.8306010928961748,0.8688524590163934,0.8688524590163934,0.8524590163934426,0.9508196721311475,0.9836065573770492,0.9836065573770492,0.9836065573770492,0.8524590163934426
2.2,S2.2_TtoF_3_S2toS1,RandomForest,123,61,61,"{'n_estimators': 300, 'max_depth': 20, 'min_samples_split': 2, 'min_samples_leaf': 1, 'max_features': 'sqrt', 'bootstrap': True}",scenario_results_rf_only_2026-01-25_223058_early_stop/randomforest_S2.2_TtoF_3_S2toS1_2026-01-25_223058_seed123_early_stop.pkl,1.0,1.0,1.0,1.0,1.0,1.0,1.0,1.0,1.0,1.0,1.0,1.0,1.0,0.8360655737704918,0.8032786885245902,0.8032786885245902,0.7868852459016393,0.7868852459016393,0.8360655737704918,0.8360655737704918,0.8360655737704918,0.9016393442622951,0.9508196721311475,0.9672131147540983,0.9836065573770492,0.819672131147541
2.2,S2.2_TtoI_1_S2toS1,RandomForest,123,61,61,"{'n_estimators': 300, 'max_depth': 20, 'min_samples_split': 2, 'min_samples_leaf': 1, 'max_features': 'sqrt', 'bootstrap': True}",scenario_results_rf_only_2026-01-25_223058_early_stop/randomforest_S2.2_TtoI_1_S2toS1_2026-01-25_223058_seed123_early_stop.pkl,1.0,1.0,1.0,1.0,1.0,1.0,1.0,1.0,1.0,1.0,1.0,1.0,1.0,0.8688524590163934,0.8360655737704918,0.8360655737704918,0.819672131147541,0.819672131147541,0.8688524590163934,0.8688524590163934,0.8524590163934426,0.9180327868852459,0.9672131147540983,0.9836065573770492,0.9836065573770492,0.819672131147541
2.2,S2.2_TtoI_2_S2toS1,RandomForest,123,61,61,"{'n_estimators': 300, 'max_depth': 20, 'min_samples_split': 2, 'min_samples_leaf': 1, 'max_features': 'sqrt', 'bootstrap': True}",scenario_results_rf_only_2026-01-25_223058_early_stop/randomforest_S2.2_TtoI_2_S2toS1_2026-01-25_223058_seed123_early_stop.pkl,1.0,1.0,1.0,1.0,1.0,1.0,1.0,1.0,1.0,1.0,1.0,1.0,1.0,0.8524590163934426,0.819672131147541,0.819672131147541,0.8032786885245902,0.8032786885245902,0.8524590163934426,0.8524590163934426,0.8360655737704918,0.9016393442622951,0.9508196721311475,0.9508196721311475,0.9672131147540983,0.8360655737704918
2.2,S2.2_TtoI_3_S2toS1,RandomForest,123,61,61,"{'n_estimators': 300, 'max_depth': 20, 'min_samples_split': 2, 'min_samples_leaf': 1, 'max_features': 'sqrt', 'bootstrap': True}",scenario_results_rf_only_2026-01-25_223058_early_stop/randomforest_S2.2_TtoI_3_S2toS1_2026-01-25_223058_seed123_early_stop.pkl,1.0,1.0,1.0,1.0,1.0,1.0,1.0,1.0,1.0,1.0,1.0,1.0,1.0,0.8852459016393442,0.8579234972677596,0.8579234972677596,0.8442622950819673,0.8442622950819673,0.8852459016393442,0.8852459016393442,0.8524590163934426,0.9344262295081968,0.9836065573770492,0.9836065573770492,0.9836065573770492,0.8524590163934426
2.2,S2.2_FtoI_1_S2toS1,RandomForest,456,61,61,"{'n_estimators': 300, 'max_depth': 20, 'min_samples_split': 2, 'min_samples_leaf': 1, 'max_features': 'sqrt', 'bootstrap': True}",scenario_results_rf_only_2026-01-25_223058_early_stop/randomforest_S2.2_FtoI_1_S2toS1_2026-01-25_223058_seed456_early_stop.pkl,1.0,1.0,1.0,1.0,1.0,1.0,1.0,1.0,1.0,1.0,1.0,1.0,1.0,0.7704918032786885,0.7240437158469945,0.7240437158469945,0.7021857923497267,0.7021857923497267,0.7704918032786885,0.7704918032786885,0.8032786885245902,0.8360655737704918,0.9016393442622951,0.9344262295081968,0.9836065573770492,0.7704918032786885
2.2,S2.2_FtoI_2_S2toS1,RandomForest,456,61,61,"{'n_estimators': 300, 'max_depth': 20, 'min_samples_split': 2, 'min_samples_leaf': 1, 'max_features': 'sqrt', 'bootstrap': True}",scenario_results_rf_only_2026-01-25_223058_early_stop/randomforest_S2.2_FtoI_2_S2toS1_2026-01-25_223058_seed456_early_stop.pkl,1.0,1.0,1.0,1.0,1.0,1.0,1.0,1.0,1.0,1.0,1.0,1.0,1.0,0.8032786885245902,0.7595628415300547,0.7595628415300547,0.7404371584699453,0.7404371584699453,0.8032786885245902,0.8032786885245902,0.8360655737704918,0.8852459016393442,0.9180327868852459,0.9672131147540983,0.9672131147540983,0.8032786885245902
2.2,S2.2_FtoI_3_S2toS1,RandomForest,456,61,61,"{'n_estimators': 300, 'max_depth': 20, 'min_samples_split': 2, 'min_samples_leaf': 1, 'max_features': 'sqrt', 'bootstrap': True}",scenario_results_rf_only_2026-01-25_223058_early_stop/randomforest_S2.2_FtoI_3_S2toS1_2026-01-25_223058_seed456_early_stop.pkl,1.0,1.0,1.0,1.0,1.0,1.0,1.0,1.0,1.0,1.0,1.0,1.0,1.0,0.9016393442622951,0.8770491803278687,0.8770491803278687,0.8661202185792349,0.8661202185792349,0.9016393442622951,0.9016393442622951,0.8688524590163934,0.9344262295081968,0.9672131147540983,1.0,1.0,0.8688524590163934
2.2,S2.2_FtoT_1_S2toS1,RandomForest,456,61,61,"{'n_estimators': 300, 'max_depth': 20, 'min_samples_split': 2, 'min_samples_leaf': 1, 'max_features': 'sqrt', 'bootstrap': True}",scenario_results_rf_only_2026-01-25_223058_early_stop/randomforest_S2.2_FtoT_1_S2toS1_2026-01-25_223058_seed456_early_stop.pkl,1.0,1.0,1.0,1.0,1.0,1.0,1.0,1.0,1.0,1.0,1.0,1.0,1.0,0.7540983606557377,0.6939890710382514,0.6939890710382514,0.6639344262295082,0.6639344262295082,0.7540983606557377,0.7540983606557377,0.7377049180327869,0.9016393442622951,0.9508196721311475,0.9508196721311475,0.9672131147540983,0.7213114754098361
2.2,S2.2_FtoT_2_S2toS1,RandomForest,456,61,61,"{'n_estimators': 300, 'max_depth': 20, 'min_samples_split': 2, 'min_samples_leaf': 1, 'max_features': 'sqrt', 'bootstrap': True}",scenario_results_rf_only_2026-01-25_223058_early_stop/randomforest_S2.2_FtoT_2_S2toS1_2026-01-25_223058_seed456_early_stop.pkl,1.0,1.0,1.0,1.0,1.0,1.0,1.0,1.0,1.0,1.0,1.0,1.0,1.0,0.7377049180327869,0.6775956284153005,0.6775956284153005,0.6502732240437159,0.6502732240437159,0.7377049180327869,0.7377049180327869,0.7540983606557377,0.9180327868852459,0.9672131147540983,0.9836065573770492,0.9836065573770492,0.7377049180327869
2.2,S2.2_FtoT_3_S2toS1,RandomForest,456,61,61,"{'n_estimators': 300, 'max_depth': 20, 'min_samples_split': 2, 'min_samples_leaf': 1, 'max_features': 'sqrt', 'bootstrap': True}",scenario_results_rf_only_2026-01-25_223058_early_stop/randomforest_S2.2_FtoT_3_S2toS1_2026-01-25_223058_seed456_early_stop.pkl,1.0,1.0,1.0,1.0,1.0,1.0,1.0,1.0,1.0,1.0,1.0,1.0,1.0,0.8032786885245902,0.7650273224043715,0.7650273224043715,0.7459016393442623,0.7459016393442623,0.8032786885245902,0.8032786885245902,0.819672131147541,0.9508196721311475,0.9836065573770492,0.9836065573770492,0.9836065573770492,0.8032786885245902
2.2,S2.2_ItoT_1_S2toS1,RandomForest,456,61,61,"{'n_estimators': 300, 'max_depth': 20, 'min_samples_split': 2, 'min_samples_leaf': 1, 'max_features': 'sqrt', 'bootstrap': True}",scenario_results_rf_only_2026-01-25_223058_early_stop/randomforest_S2.2_ItoT_1_S2toS1_2026-01-25_223058_seed456_early_stop.pkl,1.0,1.0,1.0,1.0,1.0,1.0,1.0,1.0,1.0,1.0,1.0,1.0,1.0,0.7868852459016393,0.7513661202185793,0.7513661202185793,0.7349726775956285,0.7349726775956285,0.7868852459016393,0.7868852459016393,0.8032786885245902,0.9180327868852459,0.9344262295081968,0.9508196721311475,0.9672131147540983,0.7704918032786885
2.2,S2.2_ItoT_2_S2toS1,RandomForest,456,61,61,"{'n_estimators': 300, 'max_depth': 20, 'min_samples_split': 2, 'min_samples_leaf': 1, 'max_features': 'sqrt', 'bootstrap': True}",scenario_results_rf_only_2026-01-25_223058_early_stop/randomforest_S2.2_ItoT_2_S2toS1_2026-01-25_223058_seed456_early_stop.pkl,1.0,1.0,1.0,1.0,1.0,1.0,1.0,1.0,1.0,1.0,1.0,1.0,1.0,0.8852459016393442,0.8579234972677595,0.8579234972677595,0.8442622950819673,0.8442622950819673,0.8852459016393442,0.8852459016393442,0.8852459016393442,0.9180327868852459,0.9672131147540983,0.9836065573770492,0.9836065573770492,0.8852459016393442
2.2,S2.2_ItoT_3_S2toS1,RandomForest,456,61,61,"{'n_estimators': 300, 'max_depth': 20, 'min_samples_split': 2, 'min_samples_leaf': 1, 'max_features': 'sqrt', 'bootstrap': True}",scenario_results_rf_only_2026-01-25_223058_early_stop/randomforest_S2.2_ItoT_3_S2toS1_2026-01-25_223058_seed456_early_stop.pkl,1.0,1.0,1.0,1.0,1.0,1.0,1.0,1.0,1.0,1.0,1.0,1.0,1.0,0.7704918032786885,0.7278688524590163,0.7278688524590163,0.7090163934426229,0.7090163934426229,0.7704918032786885,0.7704918032786885,0.8032786885245902,0.9016393442622951,0.9508196721311475,0.9672131147540983,0.9836065573770492,0.7704918032786885
2.2,S2.2_ItoF_1_S2toS1,RandomForest,456,61,61,"{'n_estimators': 300, 'max_depth': 20, 'min_samples_split': 2, 'min_samples_leaf': 1, 'max_features': 'sqrt', 'bootstrap': True}",scenario_results_rf_only_2026-01-25_223058_early_stop/randomforest_S2.2_ItoF_1_S2toS1_2026-01-25_223058_seed456_early_stop.pkl,1.0,1.0,1.0,1.0,1.0,1.0,1.0,1.0,1.0,1.0,1.0,1.0,1.0,0.639344262295082,0.5904761904761905,0.5904761904761905,0.575136612021858,0.575136612021858,0.639344262295082,0.639344262295082,0.7049180327868853,0.8852459016393442,0.9508196721311475,0.9508196721311475,0.9836065573770492,0.639344262295082
2.2,S2.2_ItoF_2_S2toS1,RandomForest,456,61,61,"{'n_estimators': 300, 'max_depth': 20, 'min_samples_split': 2, 'min_samples_leaf': 1, 'max_features': 'sqrt', 'bootstrap': True}",scenario_results_rf_only_2026-01-25_223058_early_stop/randomforest_S2.2_ItoF_2_S2toS1_2026-01-25_223058_seed456_early_stop.pkl,1.0,1.0,1.0,1.0,1.0,1.0,1.0,1.0,1.0,1.0,1.0,1.0,1.0,0.8524590163934426,0.8142076502732241,0.8142076502732241,0.7978142076502733,0.7978142076502733,0.8524590163934426,0.8524590163934426,0.8360655737704918,0.9344262295081968,0.9672131147540983,0.9672131147540983,0.9672131147540983,0.819672131147541
2.2,S2.2_ItoF_3_S2toS1,RandomForest,456,61,61,"{'n_estimators': 300, 'max_depth': 20, 'min_samples_split': 2, 'min_samples_leaf': 1, 'max_features': 'sqrt', 'bootstrap': True}",scenario_results_rf_only_2026-01-25_223058_early_stop/randomforest_S2.2_ItoF_3_S2toS1_2026-01-25_223058_seed456_early_stop.pkl,1.0,1.0,1.0,1.0,1.0,1.0,1.0,1.0,1.0,1.0,1.0,1.0,1.0,0.8032786885245902,0.7551912568306011,0.7551912568306011,0.7336065573770492,0.7336065573770492,0.8032786885245902,0.8032786885245902,0.7704918032786885,0.9180327868852459,0.9672131147540983,0.9836065573770492,0.9836065573770492,0.7704918032786885
2.2,S2.2_TtoF_1_S2toS1,RandomForest,456,61,61,"{'n_estimators': 300, 'max_depth': 20, 'min_samples_split': 2, 'min_samples_leaf': 1, 'max_features': 'sqrt', 'bootstrap': True}",scenario_results_rf_only_2026-01-25_223058_early_stop/randomforest_S2.2_TtoF_1_S2toS1_2026-01-25_223058_seed456_early_stop.pkl,1.0,1.0,1.0,1.0,1.0,1.0,1.0,1.0,1.0,1.0,1.0,1.0,1.0,0.8852459016393442,0.8497267759562841,0.8497267759562841,0.8333333333333334,0.8333333333333334,0.8852459016393442,0.8852459016393442,0.9016393442622951,0.9672131147540983,0.9672131147540983,0.9672131147540983,0.9672131147540983,0.8852459016393442
2.2,S2.2_TtoF_2_S2toS1,RandomForest,456,61,61,"{'n_estimators': 300, 'max_depth': 20, 'min_samples_split': 2, 'min_samples_leaf': 1, 'max_features': 'sqrt', 'bootstrap': True}",scenario_results_rf_only_2026-01-25_223058_early_stop/randomforest_S2.2_TtoF_2_S2toS1_2026-01-25_223058_seed456_early_stop.pkl,1.0,1.0,1.0,1.0,1.0,1.0,1.0,1.0,1.0,1.0,1.0,1.0,1.0,0.8360655737704918,0.8005464480874316,0.8005464480874316,0.7841530054644807,0.7841530054644807,0.8360655737704918,0.8360655737704918,0.819672131147541,0.9344262295081968,0.9672131147540983,0.9836065573770492,0.9836065573770492,0.819672131147541
2.2,S2.2_TtoF_3_S2toS1,RandomForest,456,61,61,"{'n_estimators': 300, 'max_depth': 20, 'min_samples_split': 2, 'min_samples_leaf': 1, 'max_features': 'sqrt', 'bootstrap': True}",scenario_results_rf_only_2026-01-25_223058_early_stop/randomforest_S2.2_TtoF_3_S2toS1_2026-01-25_223058_seed456_early_stop.pkl,1.0,1.0,1.0,1.0,1.0,1.0,1.0,1.0,1.0,1.0,1.0,1.0,1.0,0.7704918032786885,0.7404371584699453,0.7404371584699453,0.726775956284153,0.726775956284153,0.7704918032786885,0.7704918032786885,0.7868852459016393,0.9180327868852459,0.9508196721311475,0.9672131147540983,0.9836065573770492,0.7540983606557377
2.2,S2.2_TtoI_1_S2toS1,RandomForest,456,61,61,"{'n_estimators': 300, 'max_depth': 20, 'min_samples_split': 2, 'min_samples_leaf': 1, 'max_features': 'sqrt', 'bootstrap': True}",scenario_results_rf_only_2026-01-25_223058_early_stop/randomforest_S2.2_TtoI_1_S2toS1_2026-01-25_223058_seed456_early_stop.pkl,1.0,1.0,1.0,1.0,1.0,1.0,1.0,1.0,1.0,1.0,1.0,1.0,1.0,0.8688524590163934,0.8333333333333333,0.8333333333333333,0.8169398907103824,0.8169398907103824,0.8688524590163934,0.8688524590163934,0.8688524590163934,0.9180327868852459,0.9508196721311475,0.9836065573770492,0.9836065573770492,0.8524590163934426
2.2,S2.2_TtoI_2_S2toS1,RandomForest,456,61,61,"{'n_estimators': 300, 'max_depth': 20, 'min_samples_split': 2, 'min_samples_leaf': 1, 'max_features': 'sqrt', 'bootstrap': True}",scenario_results_rf_only_2026-01-25_223058_early_stop/randomforest_S2.2_TtoI_2_S2toS1_2026-01-25_223058_seed456_early_stop.pkl,1.0,1.0,1.0,1.0,1.0,1.0,1.0,1.0,1.0,1.0,1.0,1.0,1.0,0.8524590163934426,0.8114754098360656,0.8114754098360656,0.7923497267759562,0.7923497267759562,0.8524590163934426,0.8524590163934426,0.8524590163934426,0.9344262295081968,0.9836065573770492,0.9836065573770492,0.9836065573770492,0.8360655737704918
2.2,S2.2_TtoI_3_S2toS1,RandomForest,456,61,61,"{'n_estimators': 300, 'max_depth': 20, 'min_samples_split': 2, 'min_samples_leaf': 1, 'max_features': 'sqrt', 'bootstrap': True}",scenario_results_rf_only_2026-01-25_223058_early_stop/randomforest_S2.2_TtoI_3_S2toS1_2026-01-25_223058_seed456_early_stop.pkl,1.0,1.0,1.0,1.0,1.0,1.0,1.0,1.0,1.0,1.0,1.0,1.0,1.0,0.8360655737704918,0.7923497267759562,0.7923497267759562,0.773224043715847,0.773224043715847,0.8360655737704918,0.8360655737704918,0.8524590163934426,0.9180327868852459,0.9508196721311475,0.9672131147540983,0.9672131147540983,0.819672131147541
3.1,S3.1_FtoI_1,RandomForest,42,122,122,"{'bootstrap': True, 'max_depth': 20, 'max_features': 'sqrt', 'min_samples_leaf': 1, 'min_samples_split': 2, 'n_estimators': 300}",scenario_results_rf_only_2026-01-25_223058_early_stop/randomforest_S3.1_FtoI_1_2026-01-25_223058_seed42_early_stop.pkl,1.0,1.0,1.0,1.0,1.0,1.0,1.0,1.0,1.0,1.0,1.0,1.0,1.0,0.9590163934426229,0.946448087431694,0.946448087431694,0.9426229508196722,0.9426229508196722,0.9590163934426229,0.9590163934426229,0.9590163934426229,0.9754098360655737,0.9918032786885246,1.0,1.0,0.9590163934426229
3.1,S3.1_FtoI_2,RandomForest,42,122,122,"{'bootstrap': True, 'max_depth': 20, 'max_features': 'sqrt', 'min_samples_leaf': 1, 'min_samples_split': 2, 'n_estimators': 300}",scenario_results_rf_only_2026-01-25_223058_early_stop/randomforest_S3.1_FtoI_2_2026-01-25_223058_seed42_early_stop.pkl,1.0,1.0,1.0,1.0,1.0,1.0,1.0,1.0,1.0,1.0,1.0,1.0,1.0,0.9508196721311475,0.9426229508196722,0.9426229508196722,0.948087431693989,0.948087431693989,0.9508196721311475,0.9508196721311475,0.9508196721311475,0.9918032786885246,1.0,1.0,1.0,0.9508196721311475
3.1,S3.1_FtoI_3,RandomForest,42,122,122,"{'bootstrap': True, 'max_depth': 20, 'max_features': 'sqrt', 'min_samples_leaf': 1, 'min_samples_split': 2, 'n_estimators': 300}",scenario_results_rf_only_2026-01-25_223058_early_stop/randomforest_S3.1_FtoI_3_2026-01-25_223058_seed42_early_stop.pkl,1.0,1.0,1.0,1.0,1.0,1.0,1.0,1.0,1.0,1.0,1.0,1.0,1.0,0.9590163934426229,0.9492583918813428,0.9492583918813428,0.9491803278688524,0.9491803278688524,0.9590163934426229,0.9590163934426229,0.9590163934426229,0.9754098360655737,1.0,1.0,1.0,0.9590163934426229
3.1,S3.1_FtoT_1,RandomForest,42,122,122,"{'bootstrap': True, 'max_depth': 20, 'max_features': 'sqrt', 'min_samples_leaf': 1, 'min_samples_split': 2, 'n_estimators': 300}",scenario_results_rf_only_2026-01-25_223058_early_stop/randomforest_S3.1_FtoT_1_2026-01-25_223058_seed42_early_stop.pkl,1.0,1.0,1.0,1.0,1.0,1.0,1.0,1.0,1.0,1.0,1.0,1.0,1.0,0.9754098360655737,0.9748633879781421,0.9748633879781421,0.9863387978142077,0.9863387978142077,0.9754098360655737,0.9754098360655737,0.9754098360655737,1.0,1.0,1.0,1.0,0.9754098360655737
3.1,S3.1_FtoT_2,RandomForest,42,122,122,"{'bootstrap': True, 'max_depth': 20, 'max_features': 'sqrt', 'min_samples_leaf': 1, 'min_samples_split': 2, 'n_estimators': 300}",scenario_results_rf_only_2026-01-25_223058_early_stop/randomforest_S3.1_FtoT_2_2026-01-25_223058_seed42_early_stop.pkl,1.0,1.0,1.0,1.0,1.0,1.0,1.0,1.0,1.0,1.0,1.0,1.0,1.0,0.9508196721311475,0.9405152224824357,0.9405152224824357,0.9437158469945355,0.9437158469945355,0.9508196721311475,0.9508196721311475,0.9508196721311475,0.9754098360655737,0.9836065573770492,0.9918032786885246,0.9918032786885246,0.9508196721311475
3.1,S3.1_FtoT_3,RandomForest,42,122,122,"{'bootstrap': True, 'max_depth': 20, 'max_features': 'sqrt', 'min_samples_leaf': 1, 'min_samples_split': 2, 'n_estimators': 300}",scenario_results_rf_only_2026-01-25_223058_early_stop/randomforest_S3.1_FtoT_3_2026-01-25_223058_seed42_early_stop.pkl,1.0,1.0,1.0,1.0,1.0,1.0,1.0,1.0,1.0,1.0,1.0,1.0,1.0,0.9180327868852459,0.9087431693989072,0.9087431693989072,0.9071038251366119,0.9071038251366119,0.9180327868852459,0.9180327868852459,0.9180327868852459,0.9508196721311475,0.9836065573770492,1.0,1.0,0.9180327868852459
3.1,S3.1_ItoT_1,RandomForest,42,122,122,"{'bootstrap': True, 'max_depth': 20, 'max_features': 'sqrt', 'min_samples_leaf': 1, 'min_samples_split': 2, 'n_estimators': 300}",scenario_results_rf_only_2026-01-25_223058_early_stop/randomforest_S3.1_ItoT_1_2026-01-25_223058_seed42_early_stop.pkl,1.0,1.0,1.0,1.0,1.0,1.0,1.0,1.0,1.0,1.0,1.0,1.0,1.0,1.0,1.0,1.0,1.0,1.0,1.0,1.0,1.0,1.0,1.0,1.0,1.0,1.0
3.1,S3.1_ItoT_2,RandomForest,42,122,122,"{'bootstrap': True, 'max_depth': 20, 'max_features': 'sqrt', 'min_samples_leaf': 1, 'min_samples_split': 2, 'n_estimators': 300}",scenario_results_rf_only_2026-01-25_223058_early_stop/randomforest_S3.1_ItoT_2_2026-01-25_223058_seed42_early_stop.pkl,1.0,1.0,1.0,1.0,1.0,1.0,1.0,1.0,1.0,1.0,1.0,1.0,1.0,0.9672131147540983,0.9633879781420764,0.9633879781420764,0.9644808743169399,0.9644808743169399,0.9672131147540983,0.9672131147540983,0.9672131147540983,0.9836065573770492,1.0,1.0,1.0,0.9672131147540983
3.1,S3.1_ItoT_3,RandomForest,42,122,122,"{'bootstrap': True, 'max_depth': 20, 'max_features': 'sqrt', 'min_samples_leaf': 1, 'min_samples_split': 2, 'n_estimators': 300}",scenario_results_rf_only_2026-01-25_223058_early_stop/randomforest_S3.1_ItoT_3_2026-01-25_223058_seed42_early_stop.pkl,1.0,1.0,1.0,1.0,1.0,1.0,1.0,1.0,1.0,1.0,1.0,1.0,1.0,0.9754098360655737,0.9737704918032787,0.9737704918032787,0.9836065573770492,0.9836065573770492,0.9754098360655737,0.9754098360655737,0.9754098360655737,1.0,1.0,1.0,1.0,0.9754098360655737
3.1,S3.1_ItoF_1,RandomForest,42,122,122,"{'bootstrap': True, 'max_depth': 20, 'max_features': 'sqrt', 'min_samples_leaf': 1, 'min_samples_split': 2, 'n_estimators': 300}",scenario_results_rf_only_2026-01-25_223058_early_stop/randomforest_S3.1_ItoF_1_2026-01-25_223058_seed42_early_stop.pkl,1.0,1.0,1.0,1.0,1.0,1.0,1.0,1.0,1.0,1.0,1.0,1.0,1.0,0.9672131147540983,0.960655737704918,0.960655737704918,0.9644808743169399,0.9644808743169399,0.9672131147540983,0.9672131147540983,0.9672131147540983,0.9836065573770492,0.9836065573770492,0.9918032786885246,1.0,0.9672131147540983
3.1,S3.1_ItoF_2,RandomForest,42,122,122,"{'bootstrap': True, 'max_depth': 20, 'max_features': 'sqrt', 'min_samples_leaf': 1, 'min_samples_split': 2, 'n_estimators': 300}",scenario_results_rf_only_2026-01-25_223058_early_stop/randomforest_S3.1_ItoF_2_2026-01-25_223058_seed42_early_stop.pkl,1.0,1.0,1.0,1.0,1.0,1.0,1.0,1.0,1.0,1.0,1.0,1.0,1.0,0.9836065573770492,0.9825136612021858,0.9825136612021858,0.9890710382513661,0.9890710382513661,0.9836065573770492,0.9836065573770492,0.9836065573770492,0.9918032786885246,0.9918032786885246,1.0,1.0,0.9836065573770492
3.1,S3.1_ItoF_3,RandomForest,42,122,122,"{'bootstrap': True, 'max_depth': 20, 'max_features': 'sqrt', 'min_samples_leaf': 1, 'min_samples_split': 2, 'n_estimators': 300}",scenario_results_rf_only_2026-01-25_223058_early_stop/randomforest_S3.1_ItoF_3_2026-01-25_223058_seed42_early_stop.pkl,1.0,1.0,1.0,1.0,1.0,1.0,1.0,1.0,1.0,1.0,1.0,1.0,1.0,0.9672131147540983,0.9595628415300547,0.9595628415300547,0.9617486338797815,0.9617486338797815,0.9672131147540983,0.9672131147540983,0.9672131147540983,0.9918032786885246,1.0,1.0,1.0,0.9672131147540983
3.1,S3.1_TtoF_1,RandomForest,42,122,122,"{'bootstrap': True, 'max_depth': 20, 'max_features': 'sqrt', 'min_samples_leaf': 1, 'min_samples_split': 2, 'n_estimators': 300}",scenario_results_rf_only_2026-01-25_223058_early_stop/randomforest_S3.1_TtoF_1_2026-01-25_223058_seed42_early_stop.pkl,1.0,1.0,1.0,1.0,1.0,1.0,1.0,1.0,1.0,1.0,1.0,1.0,1.0,0.9754098360655737,0.9737704918032787,0.9737704918032787,0.9836065573770492,0.9836065573770492,0.9754098360655737,0.9754098360655737,0.9754098360655737,1.0,1.0,1.0,1.0,0.9754098360655737
3.1,S3.1_TtoF_2,RandomForest,42,122,122,"{'bootstrap': True, 'max_depth': 20, 'max_features': 'sqrt', 'min_samples_leaf': 1, 'min_samples_split': 2, 'n_estimators': 300}",scenario_results_rf_only_2026-01-25_223058_early_stop/randomforest_S3.1_TtoF_2_2026-01-25_223058_seed42_early_stop.pkl,1.0,1.0,1.0,1.0,1.0,1.0,1.0,1.0,1.0,1.0,1.0,1.0,1.0,0.9344262295081968,0.9289617486338797,0.9289617486338797,0.9289617486338798,0.9289617486338798,0.9344262295081968,0.9344262295081968,0.9344262295081968,0.9672131147540983,0.9754098360655737,0.9836065573770492,0.9918032786885246,0.9344262295081968
3.1,S3.1_TtoF_3,RandomForest,42,122,122,"{'bootstrap': True, 'max_depth': 20, 'max_features': 'sqrt', 'min_samples_leaf': 1, 'min_samples_split': 2, 'n_estimators': 300}",scenario_results_rf_only_2026-01-25_223058_early_stop/randomforest_S3.1_TtoF_3_2026-01-25_223058_seed42_early_stop.pkl,1.0,1.0,1.0,1.0,1.0,1.0,1.0,1.0,1.0,1.0,1.0,1.0,1.0,0.9590163934426229,0.9540983606557377,0.9540983606557377,0.9617486338797815,0.9617486338797815,0.9590163934426229,0.9590163934426229,0.9590163934426229,0.9918032786885246,1.0,1.0,1.0,0.9590163934426229
3.1,S3.1_TtoI_1,RandomForest,42,122,122,"{'bootstrap': True, 'max_depth': 20, 'max_features': 'sqrt', 'min_samples_leaf': 1, 'min_samples_split': 2, 'n_estimators': 300}",scenario_results_rf_only_2026-01-25_223058_early_stop/randomforest_S3.1_TtoI_1_2026-01-25_223058_seed42_early_stop.pkl,1.0,1.0,1.0,1.0,1.0,1.0,1.0,1.0,1.0,1.0,1.0,1.0,1.0,0.9836065573770492,0.9825136612021858,0.9825136612021858,0.9890710382513661,0.9890710382513661,0.9836065573770492,0.9836065573770492,0.9836065573770492,0.9918032786885246,1.0,1.0,1.0,0.9836065573770492
3.1,S3.1_TtoI_2,RandomForest,42,122,122,"{'bootstrap': True, 'max_depth': 20, 'max_features': 'sqrt', 'min_samples_leaf': 1, 'min_samples_split': 2, 'n_estimators': 300}",scenario_results_rf_only_2026-01-25_223058_early_stop/randomforest_S3.1_TtoI_2_2026-01-25_223058_seed42_early_stop.pkl,1.0,1.0,1.0,1.0,1.0,1.0,1.0,1.0,1.0,1.0,1.0,1.0,1.0,0.9590163934426229,0.9530054644808744,0.9530054644808744,0.9535519125683061,0.9535519125683061,0.9590163934426229,0.9590163934426229,0.9590163934426229,0.9754098360655737,0.9918032786885246,1.0,1.0,0.9590163934426229
3.1,S3.1_TtoI_3,RandomForest,42,122,122,"{'bootstrap': True, 'max_depth': 20, 'max_features': 'sqrt', 'min_samples_leaf': 1, 'min_samples_split': 2, 'n_estimators': 300}",scenario_results_rf_only_2026-01-25_223058_early_stop/randomforest_S3.1_TtoI_3_2026-01-25_223058_seed42_early_stop.pkl,1.0,1.0,1.0,1.0,1.0,1.0,1.0,1.0,1.0,1.0,1.0,1.0,1.0,0.9754098360655737,0.9737704918032787,0.9737704918032787,0.9836065573770492,0.9836065573770492,0.9754098360655737,0.9754098360655737,0.9754098360655737,0.9836065573770492,0.9918032786885246,1.0,1.0,0.9754098360655737
3.1,S3.1_FtoI_1,RandomForest,123,122,122,"{'bootstrap': True, 'max_depth': 20, 'max_features': 'sqrt', 'min_samples_leaf': 1, 'min_samples_split': 2, 'n_estimators': 300}",scenario_results_rf_only_2026-01-25_223058_early_stop/randomforest_S3.1_FtoI_1_2026-01-25_223058_seed123_early_stop.pkl,1.0,1.0,1.0,1.0,1.0,1.0,1.0,1.0,1.0,1.0,1.0,1.0,1.0,0.9590163934426229,0.9475409836065574,0.9475409836065574,0.9453551912568305,0.9453551912568305,0.9590163934426229,0.9590163934426229,0.9590163934426229,0.9754098360655737,0.9836065573770492,1.0,1.0,0.9590163934426229
3.1,S3.1_FtoI_2,RandomForest,123,122,122,"{'bootstrap': True, 'max_depth': 20, 'max_features': 'sqrt', 'min_samples_leaf': 1, 'min_samples_split': 2, 'n_estimators': 300}",scenario_results_rf_only_2026-01-25_223058_early_stop/randomforest_S3.1_FtoI_2_2026-01-25_223058_seed123_early_stop.pkl,1.0,1.0,1.0,1.0,1.0,1.0,1.0,1.0,1.0,1.0,1.0,1.0,1.0,0.9590163934426229,0.9579234972677596,0.9579234972677596,0.9644808743169399,0.9644808743169399,0.9590163934426229,0.9590163934426229,0.9590163934426229,0.9918032786885246,1.0,1.0,1.0,0.9590163934426229
3.1,S3.1_FtoI_3,RandomForest,123,122,122,"{'bootstrap': True, 'max_depth': 20, 'max_features': 'sqrt', 'min_samples_leaf': 1, 'min_samples_split': 2, 'n_estimators': 300}",scenario_results_rf_only_2026-01-25_223058_early_stop/randomforest_S3.1_FtoI_3_2026-01-25_223058_seed123_early_stop.pkl,1.0,1.0,1.0,1.0,1.0,1.0,1.0,1.0,1.0,1.0,1.0,1.0,1.0,0.9754098360655737,0.9711163153786105,0.9711163153786105,0.9737704918032787,0.9737704918032787,0.9754098360655737,0.9754098360655737,0.9754098360655737,1.0,1.0,1.0,1.0,0.9754098360655737
3.1,S3.1_FtoT_1,RandomForest,123,122,122,"{'bootstrap': True, 'max_depth': 20, 'max_features': 'sqrt', 'min_samples_leaf': 1, 'min_samples_split': 2, 'n_estimators': 300}",scenario_results_rf_only_2026-01-25_223058_early_stop/randomforest_S3.1_FtoT_1_2026-01-25_223058_seed123_early_stop.pkl,1.0,1.0,1.0,1.0,1.0,1.0,1.0,1.0,1.0,1.0,1.0,1.0,1.0,0.9754098360655737,0.9737704918032787,0.9737704918032787,0.9836065573770492,0.9836065573770492,0.9754098360655737,0.9754098360655737,0.9754098360655737,0.9836065573770492,0.9918032786885246,1.0,1.0,0.9754098360655737
3.1,S3.1_FtoT_2,RandomForest,123,122,122,"{'bootstrap': True, 'max_depth': 20, 'max_features': 'sqrt', 'min_samples_leaf': 1, 'min_samples_split': 2, 'n_estimators': 300}",scenario_results_rf_only_2026-01-25_223058_early_stop/randomforest_S3.1_FtoT_2_2026-01-25_223058_seed123_early_stop.pkl,1.0,1.0,1.0,1.0,1.0,1.0,1.0,1.0,1.0,1.0,1.0,1.0,1.0,0.9590163934426229,0.9536299765807963,0.9536299765807963,0.9628415300546448,0.9628415300546448,0.9590163934426229,0.9590163934426229,0.9590163934426229,0.9754098360655737,0.9918032786885246,1.0,1.0,0.9590163934426229
3.1,S3.1_FtoT_3,RandomForest,123,122,122,"{'bootstrap': True, 'max_depth': 20, 'max_features': 'sqrt', 'min_samples_leaf': 1, 'min_samples_split': 2, 'n_estimators': 300}",scenario_results_rf_only_2026-01-25_223058_early_stop/randomforest_S3.1_FtoT_3_2026-01-25_223058_seed123_early_stop.pkl,1.0,1.0,1.0,1.0,1.0,1.0,1.0,1.0,1.0,1.0,1.0,1.0,1.0,0.9262295081967213,0.914207650273224,0.914207650273224,0.9071038251366119,0.9071038251366119,0.9262295081967213,0.9262295081967213,0.9262295081967213,0.9672131147540983,0.9836065573770492,0.9918032786885246,0.9918032786885246,0.9262295081967213
3.1,S3.1_ItoT_1,RandomForest,123,122,122,"{'bootstrap': True, 'max_depth': 20, 'max_features': 'sqrt', 'min_samples_leaf': 1, 'min_samples_split': 2, 'n_estimators': 300}",scenario_results_rf_only_2026-01-25_223058_early_stop/randomforest_S3.1_ItoT_1_2026-01-25_223058_seed123_early_stop.pkl,1.0,1.0,1.0,1.0,1.0,1.0,1.0,1.0,1.0,1.0,1.0,1.0,1.0,1.0,1.0,1.0,1.0,1.0,1.0,1.0,1.0,1.0,1.0,1.0,1.0,1.0
3.1,S3.1_ItoT_2,RandomForest,123,122,122,"{'bootstrap': True, 'max_depth': 20, 'max_features': 'sqrt', 'min_samples_leaf': 1, 'min_samples_split': 2, 'n_estimators': 300}",scenario_results_rf_only_2026-01-25_223058_early_stop/randomforest_S3.1_ItoT_2_2026-01-25_223058_seed123_early_stop.pkl,1.0,1.0,1.0,1.0,1.0,1.0,1.0,1.0,1.0,1.0,1.0,1.0,1.0,0.9836065573770492,0.9770491803278689,0.9770491803278689,0.9726775956284153,0.9726775956284153,0.9836065573770492,0.9836065573770492,0.9836065573770492,0.9918032786885246,1.0,1.0,1.0,0.9836065573770492
3.1,S3.1_ItoT_3,RandomForest,123,122,122,"{'bootstrap': True, 'max_depth': 20, 'max_features': 'sqrt', 'min_samples_leaf': 1, 'min_samples_split': 2, 'n_estimators': 300}",scenario_results_rf_only_2026-01-25_223058_early_stop/randomforest_S3.1_ItoT_3_2026-01-25_223058_seed123_early_stop.pkl,1.0,1.0,1.0,1.0,1.0,1.0,1.0,1.0,1.0,1.0,1.0,1.0,1.0,0.9836065573770492,0.9825136612021859,0.9825136612021859,0.989071038251366,0.989071038251366,0.9836065573770492,0.9836065573770492,0.9836065573770492,1.0,1.0,1.0,1.0,0.9836065573770492
3.1,S3.1_ItoF_1,RandomForest,123,122,122,"{'bootstrap': True, 'max_depth': 20, 'max_features': 'sqrt', 'min_samples_leaf': 1, 'min_samples_split': 2, 'n_estimators': 300}",scenario_results_rf_only_2026-01-25_223058_early_stop/randomforest_S3.1_ItoF_1_2026-01-25_223058_seed123_early_stop.pkl,1.0,1.0,1.0,1.0,1.0,1.0,1.0,1.0,1.0,1.0,1.0,1.0,1.0,0.9918032786885246,0.9912568306010929,0.9912568306010929,0.9945355191256832,0.9945355191256832,0.9918032786885246,0.9918032786885246,0.9918032786885246,0.9918032786885246,0.9918032786885246,1.0,1.0,0.9918032786885246
3.1,S3.1_ItoF_2,RandomForest,123,122,122,"{'bootstrap': True, 'max_depth': 20, 'max_features': 'sqrt', 'min_samples_leaf': 1, 'min_samples_split': 2, 'n_estimators': 300}",scenario_results_rf_only_2026-01-25_223058_early_stop/randomforest_S3.1_ItoF_2_2026-01-25_223058_seed123_early_stop.pkl,1.0,1.0,1.0,1.0,1.0,1.0,1.0,1.0,1.0,1.0,1.0,1.0,1.0,0.9836065573770492,0.9825136612021858,0.9825136612021858,0.989071038251366,0.989071038251366,0.9836065573770492,0.9836065573770492,0.9836065573770492,1.0,1.0,1.0,1.0,0.9836065573770492
3.1,S3.1_ItoF_3,RandomForest,123,122,122,"{'bootstrap': True, 'max_depth': 20, 'max_features': 'sqrt', 'min_samples_leaf': 1, 'min_samples_split': 2, 'n_estimators': 300}",scenario_results_rf_only_2026-01-25_223058_early_stop/randomforest_S3.1_ItoF_3_2026-01-25_223058_seed123_early_stop.pkl,1.0,1.0,1.0,1.0,1.0,1.0,1.0,1.0,1.0,1.0,1.0,1.0,1.0,0.9754098360655737,0.9693989071038251,0.9693989071038251,0.9699453551912569,0.9699453551912569,0.9754098360655737,0.9754098360655737,0.9754098360655737,0.9836065573770492,1.0,1.0,1.0,0.9754098360655737
3.1,S3.1_TtoF_1,RandomForest,123,122,122,"{'bootstrap': True, 'max_depth': 20, 'max_features': 'sqrt', 'min_samples_leaf': 1, 'min_samples_split': 2, 'n_estimators': 300}",scenario_results_rf_only_2026-01-25_223058_early_stop/randomforest_S3.1_TtoF_1_2026-01-25_223058_seed123_early_stop.pkl,1.0,1.0,1.0,1.0,1.0,1.0,1.0,1.0,1.0,1.0,1.0,1.0,1.0,0.9836065573770492,0.9825136612021859,0.9825136612021859,0.9890710382513661,0.9890710382513661,0.9836065573770492,0.9836065573770492,0.9836065573770492,1.0,1.0,1.0,1.0,0.9836065573770492
3.1,S3.1_TtoF_2,RandomForest,123,122,122,"{'bootstrap': True, 'max_depth': 20, 'max_features': 'sqrt', 'min_samples_leaf': 1, 'min_samples_split': 2, 'n_estimators': 300}",scenario_results_rf_only_2026-01-25_223058_early_stop/randomforest_S3.1_TtoF_2_2026-01-25_223058_seed123_early_stop.pkl,1.0,1.0,1.0,1.0,1.0,1.0,1.0,1.0,1.0,1.0,1.0,1.0,1.0,0.9426229508196722,0.9344262295081968,0.9344262295081968,0.9344262295081968,0.9344262295081968,0.9426229508196722,0.9426229508196722,0.9426229508196722,0.9754098360655737,0.9836065573770492,0.9836065573770492,1.0,0.9426229508196722
3.1,S3.1_TtoF_3,RandomForest,123,122,122,"{'bootstrap': True, 'max_depth': 20, 'max_features': 'sqrt', 'min_samples_leaf': 1, 'min_samples_split': 2, 'n_estimators': 300}",scenario_results_rf_only_2026-01-25_223058_early_stop/randomforest_S3.1_TtoF_3_2026-01-25_223058_seed123_early_stop.pkl,1.0,1.0,1.0,1.0,1.0,1.0,1.0,1.0,1.0,1.0,1.0,1.0,1.0,0.9590163934426229,0.9524590163934425,0.9524590163934425,0.9562841530054644,0.9562841530054644,0.9590163934426229,0.9590163934426229,0.9590163934426229,0.9754098360655737,0.9918032786885246,0.9918032786885246,0.9918032786885246,0.9590163934426229
3.1,S3.1_TtoI_1,RandomForest,123,122,122,"{'bootstrap': True, 'max_depth': 20, 'max_features': 'sqrt', 'min_samples_leaf': 1, 'min_samples_split': 2, 'n_estimators': 300}",scenario_results_rf_only_2026-01-25_223058_early_stop/randomforest_S3.1_TtoI_1_2026-01-25_223058_seed123_early_stop.pkl,1.0,1.0,1.0,1.0,1.0,1.0,1.0,1.0,1.0,1.0,1.0,1.0,1.0,0.9672131147540983,0.966120218579235,0.966120218579235,0.9808743169398906,0.9808743169398906,0.9672131147540983,0.9672131147540983,0.9672131147540983,0.9918032786885246,1.0,1.0,1.0,0.9672131147540983
3.1,S3.1_TtoI_2,RandomForest,123,122,122,"{'bootstrap': True, 'max_depth': 20, 'max_features': 'sqrt', 'min_samples_leaf': 1, 'min_samples_split': 2, 'n_estimators': 300}",scenario_results_rf_only_2026-01-25_223058_early_stop/randomforest_S3.1_TtoI_2_2026-01-25_223058_seed123_early_stop.pkl,1.0,1.0,1.0,1.0,1.0,1.0,1.0,1.0,1.0,1.0,1.0,1.0,1.0,0.9672131147540983,0.9617486338797815,0.9617486338797815,0.9617486338797815,0.9617486338797815,0.9672131147540983,0.9672131147540983,0.9672131147540983,0.9836065573770492,0.9918032786885246,1.0,1.0,0.9672131147540983
3.1,S3.1_TtoI_3,RandomForest,123,122,122,"{'bootstrap': True, 'max_depth': 20, 'max_features': 'sqrt', 'min_samples_leaf': 1, 'min_samples_split': 2, 'n_estimators': 300}",scenario_results_rf_only_2026-01-25_223058_early_stop/randomforest_S3.1_TtoI_3_2026-01-25_223058_seed123_early_stop.pkl,1.0,1.0,1.0,1.0,1.0,1.0,1.0,1.0,1.0,1.0,1.0,1.0,1.0,0.9754098360655737,0.9737704918032787,0.9737704918032787,0.9836065573770492,0.9836065573770492,0.9754098360655737,0.9754098360655737,0.9754098360655737,0.9836065573770492,0.9918032786885246,1.0,1.0,0.9754098360655737
3.1,S3.1_FtoI_1,RandomForest,456,122,122,"{'bootstrap': True, 'max_depth': 20, 'max_features': 'sqrt', 'min_samples_leaf': 1, 'min_samples_split': 2, 'n_estimators': 300}",scenario_results_rf_only_2026-01-25_223058_early_stop/randomforest_S3.1_FtoI_1_2026-01-25_223058_seed456_early_stop.pkl,1.0,1.0,1.0,1.0,1.0,1.0,1.0,1.0,1.0,1.0,1.0,1.0,1.0,0.9590163934426229,0.946448087431694,0.946448087431694,0.9426229508196722,0.9426229508196722,0.9590163934426229,0.9590163934426229,0.9590163934426229,0.9836065573770492,0.9918032786885246,1.0,1.0,0.9590163934426229
3.1,S3.1_FtoI_2,RandomForest,456,122,122,"{'bootstrap': True, 'max_depth': 20, 'max_features': 'sqrt', 'min_samples_leaf': 1, 'min_samples_split': 2, 'n_estimators': 300}",scenario_results_rf_only_2026-01-25_223058_early_stop/randomforest_S3.1_FtoI_2_2026-01-25_223058_seed456_early_stop.pkl,1.0,1.0,1.0,1.0,1.0,1.0,1.0,1.0,1.0,1.0,1.0,1.0,1.0,0.9590163934426229,0.9513661202185792,0.9513661202185792,0.953551912568306,0.953551912568306,0.9590163934426229,0.9590163934426229,0.9590163934426229,0.9918032786885246,0.9918032786885246,0.9918032786885246,1.0,0.9590163934426229
3.1,S3.1_FtoI_3,RandomForest,456,122,122,"{'bootstrap': True, 'max_depth': 20, 'max_features': 'sqrt', 'min_samples_leaf': 1, 'min_samples_split': 2, 'n_estimators': 300}",scenario_results_rf_only_2026-01-25_223058_early_stop/randomforest_S3.1_FtoI_3_2026-01-25_223058_seed456_early_stop.pkl,1.0,1.0,1.0,1.0,1.0,1.0,1.0,1.0,1.0,1.0,1.0,1.0,1.0,0.9508196721311475,0.9427010148321624,0.9427010148321624,0.946448087431694,0.946448087431694,0.9508196721311475,0.9508196721311475,0.9508196721311475,1.0,1.0,1.0,1.0,0.9508196721311475
3.1,S3.1_FtoT_1,RandomForest,456,122,122,"{'bootstrap': True, 'max_depth': 20, 'max_features': 'sqrt', 'min_samples_leaf': 1, 'min_samples_split': 2, 'n_estimators': 300}",scenario_results_rf_only_2026-01-25_223058_early_stop/randomforest_S3.1_FtoT_1_2026-01-25_223058_seed456_early_stop.pkl,1.0,1.0,1.0,1.0,1.0,1.0,1.0,1.0,1.0,1.0,1.0,1.0,1.0,0.9836065573770492,0.9825136612021858,0.9825136612021858,0.989071038251366,0.989071038251366,0.9836065573770492,0.9836065573770492,0.9836065573770492,1.0,1.0,1.0,1.0,0.9836065573770492
3.1,S3.1_FtoT_2,RandomForest,456,122,122,"{'bootstrap': True, 'max_depth': 20, 'max_features': 'sqrt', 'min_samples_leaf': 1, 'min_samples_split': 2, 'n_estimators': 300}",scenario_results_rf_only_2026-01-25_223058_early_stop/randomforest_S3.1_FtoT_2_2026-01-25_223058_seed456_early_stop.pkl,1.0,1.0,1.0,1.0,1.0,1.0,1.0,1.0,1.0,1.0,1.0,1.0,1.0,0.9508196721311475,0.9448087431693988,0.9448087431693988,0.948087431693989,0.948087431693989,0.9508196721311475,0.9508196721311475,0.9508196721311475,0.9754098360655737,1.0,1.0,1.0,0.9508196721311475
3.1,S3.1_FtoT_3,RandomForest,456,122,122,"{'bootstrap': True, 'max_depth': 20, 'max_features': 'sqrt', 'min_samples_leaf': 1, 'min_samples_split': 2, 'n_estimators': 300}",scenario_results_rf_only_2026-01-25_223058_early_stop/randomforest_S3.1_FtoT_3_2026-01-25_223058_seed456_early_stop.pkl,1.0,1.0,1.0,1.0,1.0,1.0,1.0,1.0,1.0,1.0,1.0,1.0,1.0,0.9262295081967213,0.921311475409836,0.921311475409836,0.9262295081967213,0.9262295081967213,0.9262295081967213,0.9262295081967213,0.9262295081967213,0.9590163934426229,0.9836065573770492,0.9918032786885246,1.0,0.9262295081967213
3.1,S3.1_ItoT_1,RandomForest,456,122,122,"{'bootstrap': True, 'max_depth': 20, 'max_features': 'sqrt', 'min_samples_leaf': 1, 'min_samples_split': 2, 'n_estimators': 300}",scenario_results_rf_only_2026-01-25_223058_early_stop/randomforest_S3.1_ItoT_1_2026-01-25_223058_seed456_early_stop.pkl,1.0,1.0,1.0,1.0,1.0,1.0,1.0,1.0,1.0,1.0,1.0,1.0,1.0,1.0,1.0,1.0,1.0,1.0,1.0,1.0,1.0,1.0,1.0,1.0,1.0,1.0
3.1,S3.1_ItoT_2,RandomForest,456,122,122,"{'bootstrap': True, 'max_depth': 20, 'max_features': 'sqrt', 'min_samples_leaf': 1, 'min_samples_split': 2, 'n_estimators': 300}",scenario_results_rf_only_2026-01-25_223058_early_stop/randomforest_S3.1_ItoT_2_2026-01-25_223058_seed456_early_stop.pkl,1.0,1.0,1.0,1.0,1.0,1.0,1.0,1.0,1.0,1.0,1.0,1.0,1.0,0.9754098360655737,0.9721311475409835,0.9721311475409835,0.9699453551912568,0.9699453551912568,0.9754098360655737,0.9754098360655737,0.9754098360655737,0.9836065573770492,1.0,1.0,1.0,0.9754098360655737
3.1,S3.1_ItoT_3,RandomForest,456,122,122,"{'bootstrap': True, 'max_depth': 20, 'max_features': 'sqrt', 'min_samples_leaf': 1, 'min_samples_split': 2, 'n_estimators': 300}",scenario_results_rf_only_2026-01-25_223058_early_stop/randomforest_S3.1_ItoT_3_2026-01-25_223058_seed456_early_stop.pkl,1.0,1.0,1.0,1.0,1.0,1.0,1.0,1.0,1.0,1.0,1.0,1.0,1.0,0.9836065573770492,0.9825136612021859,0.9825136612021859,0.989071038251366,0.989071038251366,0.9836065573770492,0.9836065573770492,0.9836065573770492,0.9918032786885246,1.0,1.0,1.0,0.9836065573770492
3.1,S3.1_ItoF_1,RandomForest,456,122,122,"{'bootstrap': True, 'max_depth': 20, 'max_features': 'sqrt', 'min_samples_leaf': 1, 'min_samples_split': 2, 'n_estimators': 300}",scenario_results_rf_only_2026-01-25_223058_early_stop/randomforest_S3.1_ItoF_1_2026-01-25_223058_seed456_early_stop.pkl,1.0,1.0,1.0,1.0,1.0,1.0,1.0,1.0,1.0,1.0,1.0,1.0,1.0,0.9836065573770492,0.9825136612021858,0.9825136612021858,0.9890710382513661,0.9890710382513661,0.9836065573770492,0.9836065573770492,0.9836065573770492,0.9918032786885246,1.0,1.0,1.0,0.9836065573770492
3.1,S3.1_ItoF_2,RandomForest,456,122,122,"{'bootstrap': True, 'max_depth': 20, 'max_features': 'sqrt', 'min_samples_leaf': 1, 'min_samples_split': 2, 'n_estimators': 300}",scenario_results_rf_only_2026-01-25_223058_early_stop/randomforest_S3.1_ItoF_2_2026-01-25_223058_seed456_early_stop.pkl,1.0,1.0,1.0,1.0,1.0,1.0,1.0,1.0,1.0,1.0,1.0,1.0,1.0,1.0,1.0,1.0,1.0,1.0,1.0,1.0,1.0,1.0,1.0,1.0,1.0,1.0
3.1,S3.1_ItoF_3,RandomForest,456,122,122,"{'bootstrap': True, 'max_depth': 20, 'max_features': 'sqrt', 'min_samples_leaf': 1, 'min_samples_split': 2, 'n_estimators': 300}",scenario_results_rf_only_2026-01-25_223058_early_stop/randomforest_S3.1_ItoF_3_2026-01-25_223058_seed456_early_stop.pkl,1.0,1.0,1.0,1.0,1.0,1.0,1.0,1.0,1.0,1.0,1.0,1.0,1.0,0.9508196721311475,0.9437158469945355,0.9437158469945355,0.9508196721311475,0.9508196721311475,0.9508196721311475,0.9508196721311475,0.9508196721311475,0.9754098360655737,0.9918032786885246,1.0,1.0,0.9508196721311475
3.1,S3.1_TtoF_1,RandomForest,456,122,122,"{'bootstrap': True, 'max_depth': 20, 'max_features': 'sqrt', 'min_samples_leaf': 1, 'min_samples_split': 2, 'n_estimators': 300}",scenario_results_rf_only_2026-01-25_223058_early_stop/randomforest_S3.1_TtoF_1_2026-01-25_223058_seed456_early_stop.pkl,1.0,1.0,1.0,1.0,1.0,1.0,1.0,1.0,1.0,1.0,1.0,1.0,1.0,0.9672131147540983,0.9606557377049181,0.9606557377049181,0.9644808743169399,0.9644808743169399,0.9672131147540983,0.9672131147540983,0.9672131147540983,1.0,1.0,1.0,1.0,0.9672131147540983
3.1,S3.1_TtoF_2,RandomForest,456,122,122,"{'bootstrap': True, 'max_depth': 20, 'max_features': 'sqrt', 'min_samples_leaf': 1, 'min_samples_split': 2, 'n_estimators': 300}",scenario_results_rf_only_2026-01-25_223058_early_stop/randomforest_S3.1_TtoF_2_2026-01-25_223058_seed456_early_stop.pkl,1.0,1.0,1.0,1.0,1.0,1.0,1.0,1.0,1.0,1.0,1.0,1.0,1.0,0.9672131147540983,0.9595628415300547,0.9595628415300547,0.9617486338797814,0.9617486338797814,0.9672131147540983,0.9672131147540983,0.9672131147540983,0.9836065573770492,0.9918032786885246,0.9918032786885246,1.0,0.9672131147540983
3.1,S3.1_TtoF_3,RandomForest,456,122,122,"{'bootstrap': True, 'max_depth': 20, 'max_features': 'sqrt', 'min_samples_leaf': 1, 'min_samples_split': 2, 'n_estimators': 300}",scenario_results_rf_only_2026-01-25_223058_early_stop/randomforest_S3.1_TtoF_3_2026-01-25_223058_seed456_early_stop.pkl,1.0,1.0,1.0,1.0,1.0,1.0,1.0,1.0,1.0,1.0,1.0,1.0,1.0,0.9672131147540983,0.9606557377049181,0.9606557377049181,0.9644808743169399,0.9644808743169399,0.9672131147540983,0.9672131147540983,0.9672131147540983,0.9918032786885246,1.0,1.0,1.0,0.9672131147540983
3.1,S3.1_TtoI_1,RandomForest,456,122,122,"{'bootstrap': True, 'max_depth': 20, 'max_features': 'sqrt', 'min_samples_leaf': 1, 'min_samples_split': 2, 'n_estimators': 300}",scenario_results_rf_only_2026-01-25_223058_early_stop/randomforest_S3.1_TtoI_1_2026-01-25_223058_seed456_early_stop.pkl,1.0,1.0,1.0,1.0,1.0,1.0,1.0,1.0,1.0,1.0,1.0,1.0,1.0,0.9508196721311475,0.9508977361436378,0.9508977361436378,0.9710382513661202,0.9710382513661202,0.9508196721311475,0.9508196721311475,0.9508196721311475,1.0,1.0,1.0,1.0,0.9508196721311475
3.1,S3.1_TtoI_2,RandomForest,456,122,122,"{'bootstrap': True, 'max_depth': 20, 'max_features': 'sqrt', 'min_samples_leaf': 1, 'min_samples_split': 2, 'n_estimators': 300}",scenario_results_rf_only_2026-01-25_223058_early_stop/randomforest_S3.1_TtoI_2_2026-01-25_223058_seed456_early_stop.pkl,1.0,1.0,1.0,1.0,1.0,1.0,1.0,1.0,1.0,1.0,1.0,1.0,1.0,0.9754098360655737,0.9693989071038253,0.9693989071038253,0.9699453551912568,0.9699453551912568,0.9754098360655737,0.9754098360655737,0.9754098360655737,0.9836065573770492,1.0,1.0,1.0,0.9754098360655737
3.1,S3.1_TtoI_3,RandomForest,456,122,122,"{'bootstrap': True, 'max_depth': 20, 'max_features': 'sqrt', 'min_samples_leaf': 1, 'min_samples_split': 2, 'n_estimators': 300}",scenario_results_rf_only_2026-01-25_223058_early_stop/randomforest_S3.1_TtoI_3_2026-01-25_223058_seed456_early_stop.pkl,1.0,1.0,1.0,1.0,1.0,1.0,1.0,1.0,1.0,1.0,1.0,1.0,1.0,0.9754098360655737,0.9693989071038251,0.9693989071038251,0.9699453551912569,0.9699453551912569,0.9754098360655737,0.9754098360655737,0.9754098360655737,0.9836065573770492,0.9918032786885246,1.0,1.0,0.9754098360655737
3.2,"S3.2_F, ItoT_1",RandomForest,42,244,122,"{'bootstrap': True, 'max_depth': 20, 'max_features': 'sqrt', 'min_samples_leaf': 1, 'min_samples_split': 2, 'n_estimators': 300}","scenario_results_rf_only_2026-01-25_223058_early_stop/randomforest_S3.2_F, ItoT_1_2026-01-25_223058_seed42_early_stop.pkl",1.0,1.0,1.0,1.0,1.0,1.0,1.0,1.0,1.0,1.0,1.0,1.0,1.0,1.0,1.0,1.0,1.0,1.0,1.0,1.0,1.0,1.0,1.0,1.0,1.0,1.0
3.2,"S3.2_F, ItoT_2",RandomForest,42,244,122,"{'bootstrap': True, 'max_depth': 20, 'max_features': 'sqrt', 'min_samples_leaf': 1, 'min_samples_split': 2, 'n_estimators': 300}","scenario_results_rf_only_2026-01-25_223058_early_stop/randomforest_S3.2_F, ItoT_2_2026-01-25_223058_seed42_early_stop.pkl",1.0,1.0,1.0,1.0,1.0,1.0,1.0,1.0,1.0,1.0,1.0,1.0,1.0,0.9836065573770492,0.9781420765027323,0.9781420765027323,0.9754098360655737,0.9754098360655737,0.9836065573770492,0.9836065573770492,0.9836065573770492,0.9918032786885246,1.0,1.0,1.0,0.9836065573770492
3.2,"S3.2_F, ItoT_3",RandomForest,42,244,122,"{'bootstrap': True, 'max_depth': 20, 'max_features': 'sqrt', 'min_samples_leaf': 1, 'min_samples_split': 2, 'n_estimators': 300}","scenario_results_rf_only_2026-01-25_223058_early_stop/randomforest_S3.2_F, ItoT_3_2026-01-25_223058_seed42_early_stop.pkl",1.0,1.0,1.0,1.0,1.0,1.0,1.0,1.0,1.0,1.0,1.0,1.0,1.0,1.0,1.0,1.0,1.0,1.0,1.0,1.0,1.0,1.0,1.0,1.0,1.0,1.0
3.2,"S3.2_I, TtoF_1",RandomForest,42,244,122,"{'bootstrap': True, 'max_depth': 20, 'max_features': 'sqrt', 'min_samples_leaf': 1, 'min_samples_split': 2, 'n_estimators': 300}","scenario_results_rf_only_2026-01-25_223058_early_stop/randomforest_S3.2_I, TtoF_1_2026-01-25_223058_seed42_early_stop.pkl",1.0,1.0,1.0,1.0,1.0,1.0,1.0,1.0,1.0,1.0,1.0,1.0,1.0,1.0,1.0,1.0,1.0,1.0,1.0,1.0,1.0,1.0,1.0,1.0,1.0,1.0
3.2,"S3.2_I, TtoF_2",RandomForest,42,244,122,"{'bootstrap': True, 'max_depth': 20, 'max_features': 'sqrt', 'min_samples_leaf': 1, 'min_samples_split': 2, 'n_estimators': 300}","scenario_results_rf_only_2026-01-25_223058_early_stop/randomforest_S3.2_I, TtoF_2_2026-01-25_223058_seed42_early_stop.pkl",1.0,1.0,1.0,1.0,1.0,1.0,1.0,1.0,1.0,1.0,1.0,1.0,1.0,1.0,1.0,1.0,1.0,1.0,1.0,1.0,1.0,1.0,1.0,1.0,1.0,1.0
3.2,"S3.2_I, TtoF_3",RandomForest,42,244,122,"{'bootstrap': True, 'max_depth': 20, 'max_features': 'sqrt', 'min_samples_leaf': 1, 'min_samples_split': 2, 'n_estimators': 300}","scenario_results_rf_only_2026-01-25_223058_early_stop/randomforest_S3.2_I, TtoF_3_2026-01-25_223058_seed42_early_stop.pkl",1.0,1.0,1.0,1.0,1.0,1.0,1.0,1.0,1.0,1.0,1.0,1.0,1.0,1.0,1.0,1.0,1.0,1.0,1.0,1.0,1.0,1.0,1.0,1.0,1.0,1.0
3.2,"S3.2_T, FtoI_1",RandomForest,42,244,122,"{'bootstrap': True, 'max_depth': 20, 'max_features': 'sqrt', 'min_samples_leaf': 1, 'min_samples_split': 2, 'n_estimators': 300}","scenario_results_rf_only_2026-01-25_223058_early_stop/randomforest_S3.2_T, FtoI_1_2026-01-25_223058_seed42_early_stop.pkl",1.0,1.0,1.0,1.0,1.0,1.0,1.0,1.0,1.0,1.0,1.0,1.0,1.0,1.0,1.0,1.0,1.0,1.0,1.0,1.0,1.0,1.0,1.0,1.0,1.0,1.0
3.2,"S3.2_T, FtoI_2",RandomForest,42,244,122,"{'bootstrap': True, 'max_depth': 20, 'max_features': 'sqrt', 'min_samples_leaf': 1, 'min_samples_split': 2, 'n_estimators': 300}","scenario_results_rf_only_2026-01-25_223058_early_stop/randomforest_S3.2_T, FtoI_2_2026-01-25_223058_seed42_early_stop.pkl",1.0,1.0,1.0,1.0,1.0,1.0,1.0,1.0,1.0,1.0,1.0,1.0,1.0,0.9918032786885246,0.9912568306010929,0.9912568306010929,0.9945355191256832,0.9945355191256832,0.9918032786885246,0.9918032786885246,0.9918032786885246,1.0,1.0,1.0,1.0,0.9918032786885246
3.2,"S3.2_T, FtoI_3",RandomForest,42,244,122,"{'bootstrap': True, 'max_depth': 20, 'max_features': 'sqrt', 'min_samples_leaf': 1, 'min_samples_split': 2, 'n_estimators': 300}","scenario_results_rf_only_2026-01-25_223058_early_stop/randomforest_S3.2_T, FtoI_3_2026-01-25_223058_seed42_early_stop.pkl",1.0,1.0,1.0,1.0,1.0,1.0,1.0,1.0,1.0,1.0,1.0,1.0,1.0,1.0,1.0,1.0,1.0,1.0,1.0,1.0,1.0,1.0,1.0,1.0,1.0,1.0
3.2,"S3.2_F, ItoT_1",RandomForest,123,244,122,"{'bootstrap': True, 'max_depth': 20, 'max_features': 'sqrt', 'min_samples_leaf': 1, 'min_samples_split': 2, 'n_estimators': 300}","scenario_results_rf_only_2026-01-25_223058_early_stop/randomforest_S3.2_F, ItoT_1_2026-01-25_223058_seed123_early_stop.pkl",1.0,1.0,1.0,1.0,1.0,1.0,1.0,1.0,1.0,1.0,1.0,1.0,1.0,1.0,1.0,1.0,1.0,1.0,1.0,1.0,1.0,1.0,1.0,1.0,1.0,1.0
3.2,"S3.2_F, ItoT_2",RandomForest,123,244,122,"{'bootstrap': True, 'max_depth': 20, 'max_features': 'sqrt', 'min_samples_leaf': 1, 'min_samples_split': 2, 'n_estimators': 300}","scenario_results_rf_only_2026-01-25_223058_early_stop/randomforest_S3.2_F, ItoT_2_2026-01-25_223058_seed123_early_stop.pkl",1.0,1.0,1.0,1.0,1.0,1.0,1.0,1.0,1.0,1.0,1.0,1.0,1.0,0.9918032786885246,0.9912568306010929,0.9912568306010929,0.9945355191256832,0.9945355191256832,0.9918032786885246,0.9918032786885246,0.9918032786885246,0.9918032786885246,1.0,1.0,1.0,0.9918032786885246
3.2,"S3.2_F, ItoT_3",RandomForest,123,244,122,"{'bootstrap': True, 'max_depth': 20, 'max_features': 'sqrt', 'min_samples_leaf': 1, 'min_samples_split': 2, 'n_estimators': 300}","scenario_results_rf_only_2026-01-25_223058_early_stop/randomforest_S3.2_F, ItoT_3_2026-01-25_223058_seed123_early_stop.pkl",1.0,1.0,1.0,1.0,1.0,1.0,1.0,1.0,1.0,1.0,1.0,1.0,1.0,1.0,1.0,1.0,1.0,1.0,1.0,1.0,1.0,1.0,1.0,1.0,1.0,1.0
3.2,"S3.2_I, TtoF_1",RandomForest,123,244,122,"{'bootstrap': True, 'max_depth': 20, 'max_features': 'sqrt', 'min_samples_leaf': 1, 'min_samples_split': 2, 'n_estimators': 300}","scenario_results_rf_only_2026-01-25_223058_early_stop/randomforest_S3.2_I, TtoF_1_2026-01-25_223058_seed123_early_stop.pkl",1.0,1.0,1.0,1.0,1.0,1.0,1.0,1.0,1.0,1.0,1.0,1.0,1.0,1.0,1.0,1.0,1.0,1.0,1.0,1.0,1.0,1.0,1.0,1.0,1.0,1.0
3.2,"S3.2_I, TtoF_2",RandomForest,123,244,122,"{'bootstrap': True, 'max_depth': 20, 'max_features': 'sqrt', 'min_samples_leaf': 1, 'min_samples_split': 2, 'n_estimators': 300}","scenario_results_rf_only_2026-01-25_223058_early_stop/randomforest_S3.2_I, TtoF_2_2026-01-25_223058_seed123_early_stop.pkl",1.0,1.0,1.0,1.0,1.0,1.0,1.0,1.0,1.0,1.0,1.0,1.0,1.0,0.9918032786885246,0.9912568306010929,0.9912568306010929,0.9945355191256832,0.9945355191256832,0.9918032786885246,0.9918032786885246,0.9918032786885246,0.9918032786885246,1.0,1.0,1.0,0.9918032786885246
3.2,"S3.2_I, TtoF_3",RandomForest,123,244,122,"{'bootstrap': True, 'max_depth': 20, 'max_features': 'sqrt', 'min_samples_leaf': 1, 'min_samples_split': 2, 'n_estimators': 300}","scenario_results_rf_only_2026-01-25_223058_early_stop/randomforest_S3.2_I, TtoF_3_2026-01-25_223058_seed123_early_stop.pkl",1.0,1.0,1.0,1.0,1.0,1.0,1.0,1.0,1.0,1.0,1.0,1.0,1.0,1.0,1.0,1.0,1.0,1.0,1.0,1.0,1.0,1.0,1.0,1.0,1.0,1.0
3.2,"S3.2_T, FtoI_1",RandomForest,123,244,122,"{'bootstrap': True, 'max_depth': 20, 'max_features': 'sqrt', 'min_samples_leaf': 1, 'min_samples_split': 2, 'n_estimators': 300}","scenario_results_rf_only_2026-01-25_223058_early_stop/randomforest_S3.2_T, FtoI_1_2026-01-25_223058_seed123_early_stop.pkl",1.0,1.0,1.0,1.0,1.0,1.0,1.0,1.0,1.0,1.0,1.0,1.0,1.0,0.9918032786885246,0.9912568306010929,0.9912568306010929,0.994535519125683,0.994535519125683,0.9918032786885246,0.9918032786885246,0.9918032786885246,1.0,1.0,1.0,1.0,0.9918032786885246
3.2,"S3.2_T, FtoI_2",RandomForest,123,244,122,"{'bootstrap': True, 'max_depth': 20, 'max_features': 'sqrt', 'min_samples_leaf': 1, 'min_samples_split': 2, 'n_estimators': 300}","scenario_results_rf_only_2026-01-25_223058_early_stop/randomforest_S3.2_T, FtoI_2_2026-01-25_223058_seed123_early_stop.pkl",1.0,1.0,1.0,1.0,1.0,1.0,1.0,1.0,1.0,1.0,1.0,1.0,1.0,0.9836065573770492,0.9830601092896175,0.9830601092896175,0.9863387978142076,0.9863387978142076,0.9836065573770492,0.9836065573770492,0.9836065573770492,0.9918032786885246,1.0,1.0,1.0,0.9836065573770492
3.2,"S3.2_T, FtoI_3",RandomForest,123,244,122,"{'bootstrap': True, 'max_depth': 20, 'max_features': 'sqrt', 'min_samples_leaf': 1, 'min_samples_split': 2, 'n_estimators': 300}","scenario_results_rf_only_2026-01-25_223058_early_stop/randomforest_S3.2_T, FtoI_3_2026-01-25_223058_seed123_early_stop.pkl",1.0,1.0,1.0,1.0,1.0,1.0,1.0,1.0,1.0,1.0,1.0,1.0,1.0,0.9918032786885246,0.9912568306010929,0.9912568306010929,0.994535519125683,0.994535519125683,0.9918032786885246,0.9918032786885246,0.9918032786885246,1.0,1.0,1.0,1.0,0.9918032786885246
3.2,"S3.2_F, ItoT_1",RandomForest,456,244,122,"{'bootstrap': True, 'max_depth': 20, 'max_features': 'sqrt', 'min_samples_leaf': 1, 'min_samples_split': 2, 'n_estimators': 300}","scenario_results_rf_only_2026-01-25_223058_early_stop/randomforest_S3.2_F, ItoT_1_2026-01-25_223058_seed456_early_stop.pkl",1.0,1.0,1.0,1.0,1.0,1.0,1.0,1.0,1.0,1.0,1.0,1.0,1.0,1.0,1.0,1.0,1.0,1.0,1.0,1.0,1.0,1.0,1.0,1.0,1.0,1.0
3.2,"S3.2_F, ItoT_2",RandomForest,456,244,122,"{'bootstrap': True, 'max_depth': 20, 'max_features': 'sqrt', 'min_samples_leaf': 1, 'min_samples_split': 2, 'n_estimators': 300}","scenario_results_rf_only_2026-01-25_223058_early_stop/randomforest_S3.2_F, ItoT_2_2026-01-25_223058_seed456_early_stop.pkl",1.0,1.0,1.0,1.0,1.0,1.0,1.0,1.0,1.0,1.0,1.0,1.0,1.0,1.0,1.0,1.0,1.0,1.0,1.0,1.0,1.0,1.0,1.0,1.0,1.0,1.0
3.2,"S3.2_F, ItoT_3",RandomForest,456,244,122,"{'bootstrap': True, 'max_depth': 20, 'max_features': 'sqrt', 'min_samples_leaf': 1, 'min_samples_split': 2, 'n_estimators': 300}","scenario_results_rf_only_2026-01-25_223058_early_stop/randomforest_S3.2_F, ItoT_3_2026-01-25_223058_seed456_early_stop.pkl",1.0,1.0,1.0,1.0,1.0,1.0,1.0,1.0,1.0,1.0,1.0,1.0,1.0,1.0,1.0,1.0,1.0,1.0,1.0,1.0,1.0,1.0,1.0,1.0,1.0,1.0
3.2,"S3.2_I, TtoF_1",RandomForest,456,244,122,"{'bootstrap': True, 'max_depth': 20, 'max_features': 'sqrt', 'min_samples_leaf': 1, 'min_samples_split': 2, 'n_estimators': 300}","scenario_results_rf_only_2026-01-25_223058_early_stop/randomforest_S3.2_I, TtoF_1_2026-01-25_223058_seed456_early_stop.pkl",1.0,1.0,1.0,1.0,1.0,1.0,1.0,1.0,1.0,1.0,1.0,1.0,1.0,1.0,1.0,1.0,1.0,1.0,1.0,1.0,1.0,1.0,1.0,1.0,1.0,1.0
3.2,"S3.2_I, TtoF_2",RandomForest,456,244,122,"{'bootstrap': True, 'max_depth': 20, 'max_features': 'sqrt', 'min_samples_leaf': 1, 'min_samples_split': 2, 'n_estimators': 300}","scenario_results_rf_only_2026-01-25_223058_early_stop/randomforest_S3.2_I, TtoF_2_2026-01-25_223058_seed456_early_stop.pkl",1.0,1.0,1.0,1.0,1.0,1.0,1.0,1.0,1.0,1.0,1.0,1.0,1.0,0.9918032786885246,0.9912568306010928,0.9912568306010928,0.994535519125683,0.994535519125683,0.9918032786885246,0.9918032786885246,0.9918032786885246,1.0,1.0,1.0,1.0,0.9918032786885246
3.2,"S3.2_I, TtoF_3",RandomForest,456,244,122,"{'bootstrap': True, 'max_depth': 20, 'max_features': 'sqrt', 'min_samples_leaf': 1, 'min_samples_split': 2, 'n_estimators': 300}","scenario_results_rf_only_2026-01-25_223058_early_stop/randomforest_S3.2_I, TtoF_3_2026-01-25_223058_seed456_early_stop.pkl",1.0,1.0,1.0,1.0,1.0,1.0,1.0,1.0,1.0,1.0,1.0,1.0,1.0,1.0,1.0,1.0,1.0,1.0,1.0,1.0,1.0,1.0,1.0,1.0,1.0,1.0
3.2,"S3.2_T, FtoI_1",RandomForest,456,244,122,"{'bootstrap': True, 'max_depth': 20, 'max_features': 'sqrt', 'min_samples_leaf': 1, 'min_samples_split': 2, 'n_estimators': 300}","scenario_results_rf_only_2026-01-25_223058_early_stop/randomforest_S3.2_T, FtoI_1_2026-01-25_223058_seed456_early_stop.pkl",1.0,1.0,1.0,1.0,1.0,1.0,1.0,1.0,1.0,1.0,1.0,1.0,1.0,1.0,1.0,1.0,1.0,1.0,1.0,1.0,1.0,1.0,1.0,1.0,1.0,1.0
3.2,"S3.2_T, FtoI_2",RandomForest,456,244,122,"{'bootstrap': True, 'max_depth': 20, 'max_features': 'sqrt', 'min_samples_leaf': 1, 'min_samples_split': 2, 'n_estimators': 300}","scenario_results_rf_only_2026-01-25_223058_early_stop/randomforest_S3.2_T, FtoI_2_2026-01-25_223058_seed456_early_stop.pkl",1.0,1.0,1.0,1.0,1.0,1.0,1.0,1.0,1.0,1.0,1.0,1.0,1.0,0.9918032786885246,0.9912568306010929,0.9912568306010929,0.9945355191256832,0.9945355191256832,0.9918032786885246,0.9918032786885246,0.9918032786885246,1.0,1.0,1.0,1.0,0.9918032786885246
3.2,"S3.2_T, FtoI_3",RandomForest,456,244,122,"{'bootstrap': True, 'max_depth': 20, 'max_features': 'sqrt', 'min_samples_leaf': 1, 'min_samples_split': 2, 'n_estimators': 300}","scenario_results_rf_only_2026-01-25_223058_early_stop/randomforest_S3.2_T, FtoI_3_2026-01-25_223058_seed456_early_stop.pkl",1.0,1.0,1.0,1.0,1.0,1.0,1.0,1.0,1.0,1.0,1.0,1.0,1.0,1.0,1.0,1.0,1.0,1.0,1.0,1.0,1.0,1.0,1.0,1.0,1.0,1.0
4.1,S4.1_F1toI2,RandomForest,42,122,122,"{'bootstrap': True, 'max_depth': 20, 'max_features': 'sqrt', 'min_samples_leaf': 1, 'min_samples_split': 2, 'n_estimators': 300}",scenario_results_rf_only_2026-01-25_223058_early_stop/randomforest_S4.1_F1toI2_2026-01-25_223058_seed42_early_stop.pkl,1.0,1.0,1.0,1.0,1.0,1.0,1.0,1.0,1.0,1.0,1.0,1.0,1.0,0.9672131147540983,0.960655737704918,0.960655737704918,0.9644808743169399,0.9644808743169399,0.9672131147540983,0.9672131147540983,0.9672131147540983,0.9836065573770492,0.9836065573770492,0.9836065573770492,0.9836065573770492,0.9672131147540983
4.1,S4.1_F1toI3,RandomForest,42,122,122,"{'bootstrap': True, 'max_depth': 20, 'max_features': 'sqrt', 'min_samples_leaf': 1, 'min_samples_split': 2, 'n_estimators': 300}",scenario_results_rf_only_2026-01-25_223058_early_stop/randomforest_S4.1_F1toI3_2026-01-25_223058_seed42_early_stop.pkl,1.0,1.0,1.0,1.0,1.0,1.0,1.0,1.0,1.0,1.0,1.0,1.0,1.0,0.9672131147540983,0.960655737704918,0.960655737704918,0.9644808743169399,0.9644808743169399,0.9672131147540983,0.9672131147540983,0.9672131147540983,0.9754098360655737,0.9754098360655737,0.9754098360655737,0.9918032786885246,0.9672131147540983
4.1,S4.1_F1toT2,RandomForest,42,122,122,"{'bootstrap': True, 'max_depth': 20, 'max_features': 'sqrt', 'min_samples_leaf': 1, 'min_samples_split': 2, 'n_estimators': 300}",scenario_results_rf_only_2026-01-25_223058_early_stop/randomforest_S4.1_F1toT2_2026-01-25_223058_seed42_early_stop.pkl,1.0,1.0,1.0,1.0,1.0,1.0,1.0,1.0,1.0,1.0,1.0,1.0,1.0,0.9754098360655737,0.9693989071038253,0.9693989071038253,0.9699453551912568,0.9699453551912568,0.9754098360655737,0.9754098360655737,0.9754098360655737,0.9836065573770492,0.9836065573770492,0.9836065573770492,0.9836065573770492,0.9754098360655737
4.1,S4.1_F1toT3,RandomForest,42,122,122,"{'bootstrap': True, 'max_depth': 20, 'max_features': 'sqrt', 'min_samples_leaf': 1, 'min_samples_split': 2, 'n_estimators': 300}",scenario_results_rf_only_2026-01-25_223058_early_stop/randomforest_S4.1_F1toT3_2026-01-25_223058_seed42_early_stop.pkl,1.0,1.0,1.0,1.0,1.0,1.0,1.0,1.0,1.0,1.0,1.0,1.0,1.0,0.9672131147540983,0.960655737704918,0.960655737704918,0.9644808743169399,0.9644808743169399,0.9672131147540983,0.9672131147540983,0.9672131147540983,0.9754098360655737,0.9836065573770492,0.9836065573770492,0.9836065573770492,0.9672131147540983
4.1,S4.1_F2toI1,RandomForest,42,122,122,"{'bootstrap': True, 'max_depth': 20, 'max_features': 'sqrt', 'min_samples_leaf': 1, 'min_samples_split': 2, 'n_estimators': 300}",scenario_results_rf_only_2026-01-25_223058_early_stop/randomforest_S4.1_F2toI1_2026-01-25_223058_seed42_early_stop.pkl,1.0,1.0,1.0,1.0,1.0,1.0,1.0,1.0,1.0,1.0,1.0,1.0,1.0,0.9508196721311475,0.9514441842310695,0.9514441842310695,0.976502732240437,0.976502732240437,0.9508196721311475,0.9508196721311475,0.9508196721311475,0.9918032786885246,0.9918032786885246,1.0,1.0,0.9508196721311475
4.1,S4.1_F2toI3,RandomForest,42,122,122,"{'bootstrap': True, 'max_depth': 20, 'max_features': 'sqrt', 'min_samples_leaf': 1, 'min_samples_split': 2, 'n_estimators': 300}",scenario_results_rf_only_2026-01-25_223058_early_stop/randomforest_S4.1_F2toI3_2026-01-25_223058_seed42_early_stop.pkl,1.0,1.0,1.0,1.0,1.0,1.0,1.0,1.0,1.0,1.0,1.0,1.0,1.0,0.9262295081967213,0.9191256830601092,0.9191256830601092,0.9221311475409835,0.9221311475409835,0.9262295081967213,0.9262295081967213,0.9262295081967213,0.9754098360655737,0.9918032786885246,0.9918032786885246,1.0,0.9262295081967213
4.1,S4.1_F2toT1,RandomForest,42,122,122,"{'bootstrap': True, 'max_depth': 20, 'max_features': 'sqrt', 'min_samples_leaf': 1, 'min_samples_split': 2, 'n_estimators': 300}",scenario_results_rf_only_2026-01-25_223058_early_stop/randomforest_S4.1_F2toT1_2026-01-25_223058_seed42_early_stop.pkl,1.0,1.0,1.0,1.0,1.0,1.0,1.0,1.0,1.0,1.0,1.0,1.0,1.0,0.9508196721311475,0.9442622950819671,0.9442622950819671,0.9562841530054644,0.9562841530054644,0.9508196721311475,0.9508196721311475,0.9508196721311475,1.0,1.0,1.0,1.0,0.9508196721311475
4.1,S4.1_F2toT3,RandomForest,42,122,122,"{'bootstrap': True, 'max_depth': 20, 'max_features': 'sqrt', 'min_samples_leaf': 1, 'min_samples_split': 2, 'n_estimators': 300}",scenario_results_rf_only_2026-01-25_223058_early_stop/randomforest_S4.1_F2toT3_2026-01-25_223058_seed42_early_stop.pkl,1.0,1.0,1.0,1.0,1.0,1.0,1.0,1.0,1.0,1.0,1.0,1.0,1.0,0.9508196721311475,0.9442622950819671,0.9442622950819671,0.948087431693989,0.948087431693989,0.9508196721311475,0.9508196721311475,0.9508196721311475,0.9754098360655737,0.9836065573770492,0.9836065573770492,0.9918032786885246,0.9508196721311475
4.1,S4.1_F3toI1,RandomForest,42,122,122,"{'bootstrap': True, 'max_depth': 20, 'max_features': 'sqrt', 'min_samples_leaf': 1, 'min_samples_split': 2, 'n_estimators': 300}",scenario_results_rf_only_2026-01-25_223058_early_stop/randomforest_S4.1_F3toI1_2026-01-25_223058_seed42_early_stop.pkl,1.0,1.0,1.0,1.0,1.0,1.0,1.0,1.0,1.0,1.0,1.0,1.0,1.0,0.9508196721311475,0.9431693989071038,0.9431693989071038,0.9453551912568305,0.9453551912568305,0.9508196721311475,0.9508196721311475,0.9508196721311475,0.9754098360655737,0.9918032786885246,1.0,1.0,0.9508196721311475
4.1,S4.1_F3toI2,RandomForest,42,122,122,"{'bootstrap': True, 'max_depth': 20, 'max_features': 'sqrt', 'min_samples_leaf': 1, 'min_samples_split': 2, 'n_estimators': 300}",scenario_results_rf_only_2026-01-25_223058_early_stop/randomforest_S4.1_F3toI2_2026-01-25_223058_seed42_early_stop.pkl,1.0,1.0,1.0,1.0,1.0,1.0,1.0,1.0,1.0,1.0,1.0,1.0,1.0,0.9344262295081968,0.919672131147541,0.919672131147541,0.9153005464480873,0.9153005464480873,0.9344262295081968,0.9344262295081968,0.9344262295081968,0.9508196721311475,0.9672131147540983,0.9836065573770492,0.9918032786885246,0.9344262295081968
4.1,S4.1_F3toT1,RandomForest,42,122,122,"{'bootstrap': True, 'max_depth': 20, 'max_features': 'sqrt', 'min_samples_leaf': 1, 'min_samples_split': 2, 'n_estimators': 300}",scenario_results_rf_only_2026-01-25_223058_early_stop/randomforest_S4.1_F3toT1_2026-01-25_223058_seed42_early_stop.pkl,1.0,1.0,1.0,1.0,1.0,1.0,1.0,1.0,1.0,1.0,1.0,1.0,1.0,0.9344262295081968,0.9262295081967213,0.9262295081967213,0.9316939890710382,0.9316939890710382,0.9344262295081968,0.9344262295081968,0.9344262295081968,0.9672131147540983,0.9836065573770492,0.9836065573770492,0.9918032786885246,0.9344262295081968
4.1,S4.1_F3toT2,RandomForest,42,122,122,"{'bootstrap': True, 'max_depth': 20, 'max_features': 'sqrt', 'min_samples_leaf': 1, 'min_samples_split': 2, 'n_estimators': 300}",scenario_results_rf_only_2026-01-25_223058_early_stop/randomforest_S4.1_F3toT2_2026-01-25_223058_seed42_early_stop.pkl,1.0,1.0,1.0,1.0,1.0,1.0,1.0,1.0,1.0,1.0,1.0,1.0,1.0,0.9344262295081968,0.9278688524590163,0.9278688524590163,0.9344262295081968,0.9344262295081968,0.9344262295081968,0.9344262295081968,0.9344262295081968,0.9508196721311475,0.9754098360655737,0.9754098360655737,0.9754098360655737,0.9344262295081968
4.1,S4.1_I1toF2,RandomForest,42,122,122,"{'bootstrap': True, 'max_depth': 20, 'max_features': 'sqrt', 'min_samples_leaf': 1, 'min_samples_split': 2, 'n_estimators': 300}",scenario_results_rf_only_2026-01-25_223058_early_stop/randomforest_S4.1_I1toF2_2026-01-25_223058_seed42_early_stop.pkl,1.0,1.0,1.0,1.0,1.0,1.0,1.0,1.0,1.0,1.0,1.0,1.0,1.0,0.9672131147540983,0.9617486338797814,0.9617486338797814,0.9590163934426229,0.9590163934426229,0.9672131147540983,0.9672131147540983,0.9672131147540983,0.9918032786885246,1.0,1.0,1.0,0.9672131147540983
4.1,S4.1_I1toF3,RandomForest,42,122,122,"{'bootstrap': True, 'max_depth': 20, 'max_features': 'sqrt', 'min_samples_leaf': 1, 'min_samples_split': 2, 'n_estimators': 300}",scenario_results_rf_only_2026-01-25_223058_early_stop/randomforest_S4.1_I1toF3_2026-01-25_223058_seed42_early_stop.pkl,1.0,1.0,1.0,1.0,1.0,1.0,1.0,1.0,1.0,1.0,1.0,1.0,1.0,0.9672131147540983,0.9617486338797815,0.9617486338797815,0.9617486338797815,0.9617486338797815,0.9672131147540983,0.9672131147540983,0.9672131147540983,0.9836065573770492,0.9918032786885246,1.0,1.0,0.9672131147540983
4.1,S4.1_I1toT2,RandomForest,42,122,122,"{'bootstrap': True, 'max_depth': 20, 'max_features': 'sqrt', 'min_samples_leaf': 1, 'min_samples_split': 2, 'n_estimators': 300}",scenario_results_rf_only_2026-01-25_223058_early_stop/randomforest_S4.1_I1toT2_2026-01-25_223058_seed42_early_stop.pkl,1.0,1.0,1.0,1.0,1.0,1.0,1.0,1.0,1.0,1.0,1.0,1.0,1.0,0.9590163934426229,0.9513661202185792,0.9513661202185792,0.953551912568306,0.953551912568306,0.9590163934426229,0.9590163934426229,0.9590163934426229,0.9836065573770492,0.9836065573770492,0.9836065573770492,0.9918032786885246,0.9590163934426229
4.1,S4.1_I1toT3,RandomForest,42,122,122,"{'bootstrap': True, 'max_depth': 20, 'max_features': 'sqrt', 'min_samples_leaf': 1, 'min_samples_split': 2, 'n_estimators': 300}",scenario_results_rf_only_2026-01-25_223058_early_stop/randomforest_S4.1_I1toT3_2026-01-25_223058_seed42_early_stop.pkl,1.0,1.0,1.0,1.0,1.0,1.0,1.0,1.0,1.0,1.0,1.0,1.0,1.0,0.9590163934426229,0.9590163934426229,0.9590163934426229,0.9699453551912568,0.9699453551912568,0.9590163934426229,0.9590163934426229,0.9590163934426229,0.9836065573770492,0.9918032786885246,1.0,1.0,0.9590163934426229
4.1,S4.1_I2toF1,RandomForest,42,122,122,"{'bootstrap': True, 'max_depth': 20, 'max_features': 'sqrt', 'min_samples_leaf': 1, 'min_samples_split': 2, 'n_estimators': 300}",scenario_results_rf_only_2026-01-25_223058_early_stop/randomforest_S4.1_I2toF1_2026-01-25_223058_seed42_early_stop.pkl,1.0,1.0,1.0,1.0,1.0,1.0,1.0,1.0,1.0,1.0,1.0,1.0,1.0,0.9508196721311475,0.9431693989071038,0.9431693989071038,0.9535519125683061,0.9535519125683061,0.9508196721311475,0.9508196721311475,0.9508196721311475,0.9918032786885246,0.9918032786885246,0.9918032786885246,0.9918032786885246,0.9508196721311475
4.1,S4.1_I2toF3,RandomForest,42,122,122,"{'bootstrap': True, 'max_depth': 20, 'max_features': 'sqrt', 'min_samples_leaf': 1, 'min_samples_split': 2, 'n_estimators': 300}",scenario_results_rf_only_2026-01-25_223058_early_stop/randomforest_S4.1_I2toF3_2026-01-25_223058_seed42_early_stop.pkl,1.0,1.0,1.0,1.0,1.0,1.0,1.0,1.0,1.0,1.0,1.0,1.0,1.0,0.9426229508196722,0.9355191256830601,0.9355191256830601,0.9426229508196722,0.9426229508196722,0.9426229508196722,0.9426229508196722,0.9426229508196722,0.9836065573770492,1.0,1.0,1.0,0.9426229508196722
4.1,S4.1_I2toT1,RandomForest,42,122,122,"{'bootstrap': True, 'max_depth': 20, 'max_features': 'sqrt', 'min_samples_leaf': 1, 'min_samples_split': 2, 'n_estimators': 300}",scenario_results_rf_only_2026-01-25_223058_early_stop/randomforest_S4.1_I2toT1_2026-01-25_223058_seed42_early_stop.pkl,1.0,1.0,1.0,1.0,1.0,1.0,1.0,1.0,1.0,1.0,1.0,1.0,1.0,0.9754098360655737,0.9737704918032787,0.9737704918032787,0.9836065573770492,0.9836065573770492,0.9754098360655737,0.9754098360655737,0.9754098360655737,1.0,1.0,1.0,1.0,0.9754098360655737
4.1,S4.1_I2toT3,RandomForest,42,122,122,"{'bootstrap': True, 'max_depth': 20, 'max_features': 'sqrt', 'min_samples_leaf': 1, 'min_samples_split': 2, 'n_estimators': 300}",scenario_results_rf_only_2026-01-25_223058_early_stop/randomforest_S4.1_I2toT3_2026-01-25_223058_seed42_early_stop.pkl,1.0,1.0,1.0,1.0,1.0,1.0,1.0,1.0,1.0,1.0,1.0,1.0,1.0,0.9672131147540983,0.9672131147540983,0.9672131147540983,0.9781420765027322,0.9781420765027322,0.9672131147540983,0.9672131147540983,0.9672131147540983,0.9836065573770492,0.9836065573770492,0.9836065573770492,0.9918032786885246,0.9672131147540983
4.1,S4.1_I3toF1,RandomForest,42,122,122,"{'bootstrap': True, 'max_depth': 20, 'max_features': 'sqrt', 'min_samples_leaf': 1, 'min_samples_split': 2, 'n_estimators': 300}",scenario_results_rf_only_2026-01-25_223058_early_stop/randomforest_S4.1_I3toF1_2026-01-25_223058_seed42_early_stop.pkl,1.0,1.0,1.0,1.0,1.0,1.0,1.0,1.0,1.0,1.0,1.0,1.0,1.0,0.9508196721311475,0.9491803278688524,0.9491803278688524,0.9672131147540983,0.9672131147540983,0.9508196721311475,0.9508196721311475,0.9508196721311475,0.9918032786885246,1.0,1.0,1.0,0.9508196721311475
4.1,S4.1_I3toF2,RandomForest,42,122,122,"{'bootstrap': True, 'max_depth': 20, 'max_features': 'sqrt', 'min_samples_leaf': 1, 'min_samples_split': 2, 'n_estimators': 300}",scenario_results_rf_only_2026-01-25_223058_early_stop/randomforest_S4.1_I3toF2_2026-01-25_223058_seed42_early_stop.pkl,1.0,1.0,1.0,1.0,1.0,1.0,1.0,1.0,1.0,1.0,1.0,1.0,1.0,0.9590163934426229,0.9573770491803278,0.9573770491803278,0.9672131147540983,0.9672131147540983,0.9590163934426229,0.9590163934426229,0.9590163934426229,0.9836065573770492,0.9836065573770492,1.0,1.0,0.9590163934426229
4.1,S4.1_I3toT1,RandomForest,42,122,122,"{'bootstrap': True, 'max_depth': 20, 'max_features': 'sqrt', 'min_samples_leaf': 1, 'min_samples_split': 2, 'n_estimators': 300}",scenario_results_rf_only_2026-01-25_223058_early_stop/randomforest_S4.1_I3toT1_2026-01-25_223058_seed42_early_stop.pkl,1.0,1.0,1.0,1.0,1.0,1.0,1.0,1.0,1.0,1.0,1.0,1.0,1.0,0.9754098360655737,0.9683060109289617,0.9683060109289617,0.9672131147540983,0.9672131147540983,0.9754098360655737,0.9754098360655737,0.9754098360655737,0.9754098360655737,0.9836065573770492,0.9918032786885246,0.9918032786885246,0.9754098360655737
4.1,S4.1_I3toT2,RandomForest,42,122,122,"{'bootstrap': True, 'max_depth': 20, 'max_features': 'sqrt', 'min_samples_leaf': 1, 'min_samples_split': 2, 'n_estimators': 300}",scenario_results_rf_only_2026-01-25_223058_early_stop/randomforest_S4.1_I3toT2_2026-01-25_223058_seed42_early_stop.pkl,1.0,1.0,1.0,1.0,1.0,1.0,1.0,1.0,1.0,1.0,1.0,1.0,1.0,0.9426229508196722,0.9420765027322404,0.9420765027322404,0.9453551912568305,0.9453551912568305,0.9426229508196722,0.9426229508196722,0.9426229508196722,0.9836065573770492,0.9836065573770492,0.9918032786885246,1.0,0.9426229508196722
4.1,S4.1_T1toF2,RandomForest,42,122,122,"{'bootstrap': True, 'max_depth': 20, 'max_features': 'sqrt', 'min_samples_leaf': 1, 'min_samples_split': 2, 'n_estimators': 300}",scenario_results_rf_only_2026-01-25_223058_early_stop/randomforest_S4.1_T1toF2_2026-01-25_223058_seed42_early_stop.pkl,1.0,1.0,1.0,1.0,1.0,1.0,1.0,1.0,1.0,1.0,1.0,1.0,1.0,0.9262295081967213,0.9181108508977361,0.9181108508977361,0.9218579234972678,0.9218579234972678,0.9262295081967213,0.9262295081967213,0.9262295081967213,0.9836065573770492,1.0,1.0,1.0,0.9262295081967213
4.1,S4.1_T1toF3,RandomForest,42,122,122,"{'bootstrap': True, 'max_depth': 20, 'max_features': 'sqrt', 'min_samples_leaf': 1, 'min_samples_split': 2, 'n_estimators': 300}",scenario_results_rf_only_2026-01-25_223058_early_stop/randomforest_S4.1_T1toF3_2026-01-25_223058_seed42_early_stop.pkl,1.0,1.0,1.0,1.0,1.0,1.0,1.0,1.0,1.0,1.0,1.0,1.0,1.0,0.9016393442622951,0.8890710382513661,0.8890710382513661,0.894808743169399,0.894808743169399,0.9016393442622951,0.9016393442622951,0.9016393442622951,0.9590163934426229,0.9836065573770492,1.0,1.0,0.9016393442622951
4.1,S4.1_T1toI2,RandomForest,42,122,122,"{'bootstrap': True, 'max_depth': 20, 'max_features': 'sqrt', 'min_samples_leaf': 1, 'min_samples_split': 2, 'n_estimators': 300}",scenario_results_rf_only_2026-01-25_223058_early_stop/randomforest_S4.1_T1toI2_2026-01-25_223058_seed42_early_stop.pkl,1.0,1.0,1.0,1.0,1.0,1.0,1.0,1.0,1.0,1.0,1.0,1.0,1.0,0.9508196721311475,0.9431693989071038,0.9431693989071038,0.9453551912568305,0.9453551912568305,0.9508196721311475,0.9508196721311475,0.9508196721311475,0.9836065573770492,0.9836065573770492,0.9918032786885246,0.9918032786885246,0.9508196721311475
4.1,S4.1_T1toI3,RandomForest,42,122,122,"{'bootstrap': True, 'max_depth': 20, 'max_features': 'sqrt', 'min_samples_leaf': 1, 'min_samples_split': 2, 'n_estimators': 300}",scenario_results_rf_only_2026-01-25_223058_early_stop/randomforest_S4.1_T1toI3_2026-01-25_223058_seed42_early_stop.pkl,1.0,1.0,1.0,1.0,1.0,1.0,1.0,1.0,1.0,1.0,1.0,1.0,1.0,0.9344262295081968,0.9306010928961748,0.9306010928961748,0.953551912568306,0.953551912568306,0.9344262295081968,0.9344262295081968,0.9344262295081968,0.9836065573770492,0.9918032786885246,1.0,1.0,0.9344262295081968
4.1,S4.1_T2toF1,RandomForest,42,122,122,"{'bootstrap': True, 'max_depth': 20, 'max_features': 'sqrt', 'min_samples_leaf': 1, 'min_samples_split': 2, 'n_estimators': 300}",scenario_results_rf_only_2026-01-25_223058_early_stop/randomforest_S4.1_T2toF1_2026-01-25_223058_seed42_early_stop.pkl,1.0,1.0,1.0,1.0,1.0,1.0,1.0,1.0,1.0,1.0,1.0,1.0,1.0,0.9262295081967213,0.9202185792349725,0.9202185792349725,0.9316939890710382,0.9316939890710382,0.9262295081967213,0.9262295081967213,0.9262295081967213,0.9672131147540983,0.9836065573770492,0.9918032786885246,1.0,0.9262295081967213
4.1,S4.1_T2toF3,RandomForest,42,122,122,"{'bootstrap': True, 'max_depth': 20, 'max_features': 'sqrt', 'min_samples_leaf': 1, 'min_samples_split': 2, 'n_estimators': 300}",scenario_results_rf_only_2026-01-25_223058_early_stop/randomforest_S4.1_T2toF3_2026-01-25_223058_seed42_early_stop.pkl,1.0,1.0,1.0,1.0,1.0,1.0,1.0,1.0,1.0,1.0,1.0,1.0,1.0,0.9262295081967213,0.9240437158469945,0.9240437158469945,0.9262295081967213,0.9262295081967213,0.9262295081967213,0.9262295081967213,0.9262295081967213,0.9590163934426229,0.9672131147540983,0.9836065573770492,0.9918032786885246,0.9262295081967213
4.1,S4.1_T2toI1,RandomForest,42,122,122,"{'bootstrap': True, 'max_depth': 20, 'max_features': 'sqrt', 'min_samples_leaf': 1, 'min_samples_split': 2, 'n_estimators': 300}",scenario_results_rf_only_2026-01-25_223058_early_stop/randomforest_S4.1_T2toI1_2026-01-25_223058_seed42_early_stop.pkl,1.0,1.0,1.0,1.0,1.0,1.0,1.0,1.0,1.0,1.0,1.0,1.0,1.0,0.9426229508196722,0.9284933645589383,0.9284933645589383,0.9245901639344262,0.9245901639344262,0.9426229508196722,0.9426229508196722,0.9426229508196722,0.9508196721311475,0.9672131147540983,0.9918032786885246,1.0,0.9426229508196722
4.1,S4.1_T2toI3,RandomForest,42,122,122,"{'bootstrap': True, 'max_depth': 20, 'max_features': 'sqrt', 'min_samples_leaf': 1, 'min_samples_split': 2, 'n_estimators': 300}",scenario_results_rf_only_2026-01-25_223058_early_stop/randomforest_S4.1_T2toI3_2026-01-25_223058_seed42_early_stop.pkl,1.0,1.0,1.0,1.0,1.0,1.0,1.0,1.0,1.0,1.0,1.0,1.0,1.0,0.9262295081967213,0.9191256830601092,0.9191256830601092,0.9180327868852459,0.9180327868852459,0.9262295081967213,0.9262295081967213,0.9262295081967213,0.9590163934426229,0.9754098360655737,0.9754098360655737,0.9918032786885246,0.9262295081967213
4.1,S4.1_T3toF1,RandomForest,42,122,122,"{'bootstrap': True, 'max_depth': 20, 'max_features': 'sqrt', 'min_samples_leaf': 1, 'min_samples_split': 2, 'n_estimators': 300}",scenario_results_rf_only_2026-01-25_223058_early_stop/randomforest_S4.1_T3toF1_2026-01-25_223058_seed42_early_stop.pkl,1.0,1.0,1.0,1.0,1.0,1.0,1.0,1.0,1.0,1.0,1.0,1.0,1.0,0.9918032786885246,0.9912568306010929,0.9912568306010929,0.994535519125683,0.994535519125683,0.9918032786885246,0.9918032786885246,0.9918032786885246,0.9918032786885246,0.9918032786885246,0.9918032786885246,0.9918032786885246,0.9918032786885246
4.1,S4.1_T3toF2,RandomForest,42,122,122,"{'bootstrap': True, 'max_depth': 20, 'max_features': 'sqrt', 'min_samples_leaf': 1, 'min_samples_split': 2, 'n_estimators': 300}",scenario_results_rf_only_2026-01-25_223058_early_stop/randomforest_S4.1_T3toF2_2026-01-25_223058_seed42_early_stop.pkl,1.0,1.0,1.0,1.0,1.0,1.0,1.0,1.0,1.0,1.0,1.0,1.0,1.0,0.9590163934426229,0.9524590163934425,0.9524590163934425,0.9562841530054645,0.9562841530054645,0.9590163934426229,0.9590163934426229,0.9590163934426229,0.9836065573770492,1.0,1.0,1.0,0.9590163934426229
4.1,S4.1_T3toI1,RandomForest,42,122,122,"{'bootstrap': True, 'max_depth': 20, 'max_features': 'sqrt', 'min_samples_leaf': 1, 'min_samples_split': 2, 'n_estimators': 300}",scenario_results_rf_only_2026-01-25_223058_early_stop/randomforest_S4.1_T3toI1_2026-01-25_223058_seed42_early_stop.pkl,1.0,1.0,1.0,1.0,1.0,1.0,1.0,1.0,1.0,1.0,1.0,1.0,1.0,0.9672131147540983,0.9623731459797035,0.9623731459797035,0.9683060109289617,0.9683060109289617,0.9672131147540983,0.9672131147540983,0.9672131147540983,0.9754098360655737,1.0,1.0,1.0,0.9672131147540983
4.1,S4.1_T3toI2,RandomForest,42,122,122,"{'bootstrap': True, 'max_depth': 20, 'max_features': 'sqrt', 'min_samples_leaf': 1, 'min_samples_split': 2, 'n_estimators': 300}",scenario_results_rf_only_2026-01-25_223058_early_stop/randomforest_S4.1_T3toI2_2026-01-25_223058_seed42_early_stop.pkl,1.0,1.0,1.0,1.0,1.0,1.0,1.0,1.0,1.0,1.0,1.0,1.0,1.0,0.9590163934426229,0.9579234972677596,0.9579234972677596,0.9644808743169399,0.9644808743169399,0.9590163934426229,0.9590163934426229,0.9590163934426229,0.9836065573770492,0.9918032786885246,0.9918032786885246,1.0,0.9590163934426229
4.1,S4.1_F1toI2,RandomForest,123,122,122,"{'bootstrap': True, 'max_depth': 20, 'max_features': 'sqrt', 'min_samples_leaf': 1, 'min_samples_split': 2, 'n_estimators': 300}",scenario_results_rf_only_2026-01-25_223058_early_stop/randomforest_S4.1_F1toI2_2026-01-25_223058_seed123_early_stop.pkl,1.0,1.0,1.0,1.0,1.0,1.0,1.0,1.0,1.0,1.0,1.0,1.0,1.0,0.9590163934426229,0.9530054644808742,0.9530054644808742,0.9562841530054644,0.9562841530054644,0.9590163934426229,0.9590163934426229,0.9590163934426229,0.9836065573770492,0.9836065573770492,0.9836065573770492,0.9918032786885246,0.9590163934426229
4.1,S4.1_F1toI3,RandomForest,123,122,122,"{'bootstrap': True, 'max_depth': 20, 'max_features': 'sqrt', 'min_samples_leaf': 1, 'min_samples_split': 2, 'n_estimators': 300}",scenario_results_rf_only_2026-01-25_223058_early_stop/randomforest_S4.1_F1toI3_2026-01-25_223058_seed123_early_stop.pkl,1.0,1.0,1.0,1.0,1.0,1.0,1.0,1.0,1.0,1.0,1.0,1.0,1.0,0.9590163934426229,0.9519125683060109,0.9519125683060109,0.9590163934426229,0.9590163934426229,0.9590163934426229,0.9590163934426229,0.9590163934426229,0.9754098360655737,0.9754098360655737,0.9836065573770492,0.9836065573770492,0.9590163934426229
4.1,S4.1_F1toT2,RandomForest,123,122,122,"{'bootstrap': True, 'max_depth': 20, 'max_features': 'sqrt', 'min_samples_leaf': 1, 'min_samples_split': 2, 'n_estimators': 300}",scenario_results_rf_only_2026-01-25_223058_early_stop/randomforest_S4.1_F1toT2_2026-01-25_223058_seed123_early_stop.pkl,1.0,1.0,1.0,1.0,1.0,1.0,1.0,1.0,1.0,1.0,1.0,1.0,1.0,0.9836065573770492,0.9781420765027323,0.9781420765027323,0.9754098360655737,0.9754098360655737,0.9836065573770492,0.9836065573770492,0.9836065573770492,0.9836065573770492,0.9836065573770492,0.9836065573770492,0.9836065573770492,0.9836065573770492
4.1,S4.1_F1toT3,RandomForest,123,122,122,"{'bootstrap': True, 'max_depth': 20, 'max_features': 'sqrt', 'min_samples_leaf': 1, 'min_samples_split': 2, 'n_estimators': 300}",scenario_results_rf_only_2026-01-25_223058_early_stop/randomforest_S4.1_F1toT3_2026-01-25_223058_seed123_early_stop.pkl,1.0,1.0,1.0,1.0,1.0,1.0,1.0,1.0,1.0,1.0,1.0,1.0,1.0,0.9754098360655737,0.9683060109289618,0.9683060109289618,0.9672131147540983,0.9672131147540983,0.9754098360655737,0.9754098360655737,0.9754098360655737,0.9836065573770492,0.9836065573770492,0.9836065573770492,0.9836065573770492,0.9754098360655737
4.1,S4.1_F2toI1,RandomForest,123,122,122,"{'bootstrap': True, 'max_depth': 20, 'max_features': 'sqrt', 'min_samples_leaf': 1, 'min_samples_split': 2, 'n_estimators': 300}",scenario_results_rf_only_2026-01-25_223058_early_stop/randomforest_S4.1_F2toI1_2026-01-25_223058_seed123_early_stop.pkl,1.0,1.0,1.0,1.0,1.0,1.0,1.0,1.0,1.0,1.0,1.0,1.0,1.0,0.9590163934426229,0.9519125683060109,0.9519125683060109,0.9590163934426229,0.9590163934426229,0.9590163934426229,0.9590163934426229,0.9590163934426229,0.9754098360655737,0.9918032786885246,0.9918032786885246,1.0,0.9590163934426229
4.1,S4.1_F2toI3,RandomForest,123,122,122,"{'bootstrap': True, 'max_depth': 20, 'max_features': 'sqrt', 'min_samples_leaf': 1, 'min_samples_split': 2, 'n_estimators': 300}",scenario_results_rf_only_2026-01-25_223058_early_stop/randomforest_S4.1_F2toI3_2026-01-25_223058_seed123_early_stop.pkl,1.0,1.0,1.0,1.0,1.0,1.0,1.0,1.0,1.0,1.0,1.0,1.0,1.0,0.9426229508196722,0.9420765027322404,0.9420765027322404,0.9494535519125683,0.9494535519125683,0.9426229508196722,0.9426229508196722,0.9426229508196722,0.9672131147540983,0.9918032786885246,0.9918032786885246,1.0,0.9426229508196722
4.1,S4.1_F2toT1,RandomForest,123,122,122,"{'bootstrap': True, 'max_depth': 20, 'max_features': 'sqrt', 'min_samples_leaf': 1, 'min_samples_split': 2, 'n_estimators': 300}",scenario_results_rf_only_2026-01-25_223058_early_stop/randomforest_S4.1_F2toT1_2026-01-25_223058_seed123_early_stop.pkl,1.0,1.0,1.0,1.0,1.0,1.0,1.0,1.0,1.0,1.0,1.0,1.0,1.0,0.9754098360655737,0.969398907103825,0.969398907103825,0.9699453551912569,0.9699453551912569,0.9754098360655737,0.9754098360655737,0.9754098360655737,1.0,1.0,1.0,1.0,0.9754098360655737
4.1,S4.1_F2toT3,RandomForest,123,122,122,"{'bootstrap': True, 'max_depth': 20, 'max_features': 'sqrt', 'min_samples_leaf': 1, 'min_samples_split': 2, 'n_estimators': 300}",scenario_results_rf_only_2026-01-25_223058_early_stop/randomforest_S4.1_F2toT3_2026-01-25_223058_seed123_early_stop.pkl,1.0,1.0,1.0,1.0,1.0,1.0,1.0,1.0,1.0,1.0,1.0,1.0,1.0,0.9508196721311475,0.9442622950819672,0.9442622950819672,0.9508196721311475,0.9508196721311475,0.9508196721311475,0.9508196721311475,0.9508196721311475,0.9754098360655737,0.9918032786885246,0.9918032786885246,0.9918032786885246,0.9508196721311475
4.1,S4.1_F3toI1,RandomForest,123,122,122,"{'bootstrap': True, 'max_depth': 20, 'max_features': 'sqrt', 'min_samples_leaf': 1, 'min_samples_split': 2, 'n_estimators': 300}",scenario_results_rf_only_2026-01-25_223058_early_stop/randomforest_S4.1_F3toI1_2026-01-25_223058_seed123_early_stop.pkl,1.0,1.0,1.0,1.0,1.0,1.0,1.0,1.0,1.0,1.0,1.0,1.0,1.0,0.9344262295081968,0.9273224043715846,0.9273224043715846,0.9371584699453551,0.9371584699453551,0.9344262295081968,0.9344262295081968,0.9344262295081968,0.9754098360655737,0.9754098360655737,0.9918032786885246,1.0,0.9344262295081968
4.1,S4.1_F3toI2,RandomForest,123,122,122,"{'bootstrap': True, 'max_depth': 20, 'max_features': 'sqrt', 'min_samples_leaf': 1, 'min_samples_split': 2, 'n_estimators': 300}",scenario_results_rf_only_2026-01-25_223058_early_stop/randomforest_S4.1_F3toI2_2026-01-25_223058_seed123_early_stop.pkl,1.0,1.0,1.0,1.0,1.0,1.0,1.0,1.0,1.0,1.0,1.0,1.0,1.0,0.9262295081967213,0.913192818110851,0.913192818110851,0.9109289617486338,0.9109289617486338,0.9262295081967213,0.9262295081967213,0.9262295081967213,0.9672131147540983,0.9754098360655737,0.9754098360655737,0.9754098360655737,0.9262295081967213
4.1,S4.1_F3toT1,RandomForest,123,122,122,"{'bootstrap': True, 'max_depth': 20, 'max_features': 'sqrt', 'min_samples_leaf': 1, 'min_samples_split': 2, 'n_estimators': 300}",scenario_results_rf_only_2026-01-25_223058_early_stop/randomforest_S4.1_F3toT1_2026-01-25_223058_seed123_early_stop.pkl,1.0,1.0,1.0,1.0,1.0,1.0,1.0,1.0,1.0,1.0,1.0,1.0,1.0,0.9344262295081968,0.926775956284153,0.926775956284153,0.9371584699453551,0.9371584699453551,0.9344262295081968,0.9344262295081968,0.9344262295081968,0.9836065573770492,0.9836065573770492,0.9918032786885246,0.9918032786885246,0.9344262295081968
4.1,S4.1_F3toT2,RandomForest,123,122,122,"{'bootstrap': True, 'max_depth': 20, 'max_features': 'sqrt', 'min_samples_leaf': 1, 'min_samples_split': 2, 'n_estimators': 300}",scenario_results_rf_only_2026-01-25_223058_early_stop/randomforest_S4.1_F3toT2_2026-01-25_223058_seed123_early_stop.pkl,1.0,1.0,1.0,1.0,1.0,1.0,1.0,1.0,1.0,1.0,1.0,1.0,1.0,0.9262295081967213,0.9136612021857924,0.9136612021857924,0.9098360655737705,0.9098360655737705,0.9262295081967213,0.9262295081967213,0.9262295081967213,0.9672131147540983,0.9672131147540983,0.9754098360655737,0.9754098360655737,0.9262295081967213
4.1,S4.1_I1toF2,RandomForest,123,122,122,"{'bootstrap': True, 'max_depth': 20, 'max_features': 'sqrt', 'min_samples_leaf': 1, 'min_samples_split': 2, 'n_estimators': 300}",scenario_results_rf_only_2026-01-25_223058_early_stop/randomforest_S4.1_I1toF2_2026-01-25_223058_seed123_early_stop.pkl,1.0,1.0,1.0,1.0,1.0,1.0,1.0,1.0,1.0,1.0,1.0,1.0,1.0,0.9754098360655737,0.9743169398907104,0.9743169398907104,0.9808743169398906,0.9808743169398906,0.9754098360655737,0.9754098360655737,0.9754098360655737,1.0,1.0,1.0,1.0,0.9754098360655737
4.1,S4.1_I1toF3,RandomForest,123,122,122,"{'bootstrap': True, 'max_depth': 20, 'max_features': 'sqrt', 'min_samples_leaf': 1, 'min_samples_split': 2, 'n_estimators': 300}",scenario_results_rf_only_2026-01-25_223058_early_stop/randomforest_S4.1_I1toF3_2026-01-25_223058_seed123_early_stop.pkl,1.0,1.0,1.0,1.0,1.0,1.0,1.0,1.0,1.0,1.0,1.0,1.0,1.0,0.9754098360655737,0.9743169398907104,0.9743169398907104,0.9808743169398906,0.9808743169398906,0.9754098360655737,0.9754098360655737,0.9754098360655737,0.9918032786885246,1.0,1.0,1.0,0.9754098360655737
4.1,S4.1_I1toT2,RandomForest,123,122,122,"{'bootstrap': True, 'max_depth': 20, 'max_features': 'sqrt', 'min_samples_leaf': 1, 'min_samples_split': 2, 'n_estimators': 300}",scenario_results_rf_only_2026-01-25_223058_early_stop/randomforest_S4.1_I1toT2_2026-01-25_223058_seed123_early_stop.pkl,1.0,1.0,1.0,1.0,1.0,1.0,1.0,1.0,1.0,1.0,1.0,1.0,1.0,0.9672131147540983,0.9606557377049181,0.9606557377049181,0.9644808743169399,0.9644808743169399,0.9672131147540983,0.9672131147540983,0.9672131147540983,0.9836065573770492,1.0,1.0,1.0,0.9672131147540983
4.1,S4.1_I1toT3,RandomForest,123,122,122,"{'bootstrap': True, 'max_depth': 20, 'max_features': 'sqrt', 'min_samples_leaf': 1, 'min_samples_split': 2, 'n_estimators': 300}",scenario_results_rf_only_2026-01-25_223058_early_stop/randomforest_S4.1_I1toT3_2026-01-25_223058_seed123_early_stop.pkl,1.0,1.0,1.0,1.0,1.0,1.0,1.0,1.0,1.0,1.0,1.0,1.0,1.0,0.9754098360655737,0.9748633879781421,0.9748633879781421,0.9781420765027322,0.9781420765027322,0.9754098360655737,0.9754098360655737,0.9754098360655737,1.0,1.0,1.0,1.0,0.9754098360655737
4.1,S4.1_I2toF1,RandomForest,123,122,122,"{'bootstrap': True, 'max_depth': 20, 'max_features': 'sqrt', 'min_samples_leaf': 1, 'min_samples_split': 2, 'n_estimators': 300}",scenario_results_rf_only_2026-01-25_223058_early_stop/randomforest_S4.1_I2toF1_2026-01-25_223058_seed123_early_stop.pkl,1.0,1.0,1.0,1.0,1.0,1.0,1.0,1.0,1.0,1.0,1.0,1.0,1.0,0.9672131147540983,0.9655737704918033,0.9655737704918033,0.9754098360655737,0.9754098360655737,0.9672131147540983,0.9672131147540983,0.9672131147540983,0.9918032786885246,0.9918032786885246,0.9918032786885246,0.9918032786885246,0.9672131147540983
4.1,S4.1_I2toF3,RandomForest,123,122,122,"{'bootstrap': True, 'max_depth': 20, 'max_features': 'sqrt', 'min_samples_leaf': 1, 'min_samples_split': 2, 'n_estimators': 300}",scenario_results_rf_only_2026-01-25_223058_early_stop/randomforest_S4.1_I2toF3_2026-01-25_223058_seed123_early_stop.pkl,1.0,1.0,1.0,1.0,1.0,1.0,1.0,1.0,1.0,1.0,1.0,1.0,1.0,0.9672131147540983,0.9666666666666667,0.9666666666666667,0.9699453551912569,0.9699453551912569,0.9672131147540983,0.9672131147540983,0.9672131147540983,0.9918032786885246,1.0,1.0,1.0,0.9672131147540983
4.1,S4.1_I2toT1,RandomForest,123,122,122,"{'bootstrap': True, 'max_depth': 20, 'max_features': 'sqrt', 'min_samples_leaf': 1, 'min_samples_split': 2, 'n_estimators': 300}",scenario_results_rf_only_2026-01-25_223058_early_stop/randomforest_S4.1_I2toT1_2026-01-25_223058_seed123_early_stop.pkl,1.0,1.0,1.0,1.0,1.0,1.0,1.0,1.0,1.0,1.0,1.0,1.0,1.0,0.9754098360655737,0.9737704918032787,0.9737704918032787,0.9836065573770492,0.9836065573770492,0.9754098360655737,0.9754098360655737,0.9754098360655737,1.0,1.0,1.0,1.0,0.9754098360655737
4.1,S4.1_I2toT3,RandomForest,123,122,122,"{'bootstrap': True, 'max_depth': 20, 'max_features': 'sqrt', 'min_samples_leaf': 1, 'min_samples_split': 2, 'n_estimators': 300}",scenario_results_rf_only_2026-01-25_223058_early_stop/randomforest_S4.1_I2toT3_2026-01-25_223058_seed123_early_stop.pkl,1.0,1.0,1.0,1.0,1.0,1.0,1.0,1.0,1.0,1.0,1.0,1.0,1.0,0.9590163934426229,0.9540983606557377,0.9540983606557377,0.9617486338797814,0.9617486338797814,0.9590163934426229,0.9590163934426229,0.9590163934426229,0.9918032786885246,0.9918032786885246,0.9918032786885246,0.9918032786885246,0.9590163934426229
4.1,S4.1_I3toF1,RandomForest,123,122,122,"{'bootstrap': True, 'max_depth': 20, 'max_features': 'sqrt', 'min_samples_leaf': 1, 'min_samples_split': 2, 'n_estimators': 300}",scenario_results_rf_only_2026-01-25_223058_early_stop/randomforest_S4.1_I3toF1_2026-01-25_223058_seed123_early_stop.pkl,1.0,1.0,1.0,1.0,1.0,1.0,1.0,1.0,1.0,1.0,1.0,1.0,1.0,0.9754098360655737,0.9737704918032787,0.9737704918032787,0.9836065573770492,0.9836065573770492,0.9754098360655737,0.9754098360655737,0.9754098360655737,1.0,1.0,1.0,1.0,0.9754098360655737
4.1,S4.1_I3toF2,RandomForest,123,122,122,"{'bootstrap': True, 'max_depth': 20, 'max_features': 'sqrt', 'min_samples_leaf': 1, 'min_samples_split': 2, 'n_estimators': 300}",scenario_results_rf_only_2026-01-25_223058_early_stop/randomforest_S4.1_I3toF2_2026-01-25_223058_seed123_early_stop.pkl,1.0,1.0,1.0,1.0,1.0,1.0,1.0,1.0,1.0,1.0,1.0,1.0,1.0,0.9508196721311475,0.9371584699453552,0.9371584699453552,0.9316939890710382,0.9316939890710382,0.9508196721311475,0.9508196721311475,0.9508196721311475,0.9754098360655737,0.9836065573770492,0.9918032786885246,0.9918032786885246,0.9508196721311475
4.1,S4.1_I3toT1,RandomForest,123,122,122,"{'bootstrap': True, 'max_depth': 20, 'max_features': 'sqrt', 'min_samples_leaf': 1, 'min_samples_split': 2, 'n_estimators': 300}",scenario_results_rf_only_2026-01-25_223058_early_stop/randomforest_S4.1_I3toT1_2026-01-25_223058_seed123_early_stop.pkl,1.0,1.0,1.0,1.0,1.0,1.0,1.0,1.0,1.0,1.0,1.0,1.0,1.0,0.9508196721311475,0.9366120218579234,0.9366120218579234,0.9344262295081968,0.9344262295081968,0.9508196721311475,0.9508196721311475,0.9508196721311475,0.9590163934426229,0.9754098360655737,0.9918032786885246,0.9918032786885246,0.9508196721311475
4.1,S4.1_I3toT2,RandomForest,123,122,122,"{'bootstrap': True, 'max_depth': 20, 'max_features': 'sqrt', 'min_samples_leaf': 1, 'min_samples_split': 2, 'n_estimators': 300}",scenario_results_rf_only_2026-01-25_223058_early_stop/randomforest_S4.1_I3toT2_2026-01-25_223058_seed123_early_stop.pkl,1.0,1.0,1.0,1.0,1.0,1.0,1.0,1.0,1.0,1.0,1.0,1.0,1.0,0.9508196721311475,0.9475409836065574,0.9475409836065574,0.9453551912568307,0.9453551912568307,0.9508196721311475,0.9508196721311475,0.9508196721311475,0.9754098360655737,0.9754098360655737,0.9754098360655737,0.9836065573770492,0.9508196721311475
4.1,S4.1_T1toF2,RandomForest,123,122,122,"{'bootstrap': True, 'max_depth': 20, 'max_features': 'sqrt', 'min_samples_leaf': 1, 'min_samples_split': 2, 'n_estimators': 300}",scenario_results_rf_only_2026-01-25_223058_early_stop/randomforest_S4.1_T1toF2_2026-01-25_223058_seed123_early_stop.pkl,1.0,1.0,1.0,1.0,1.0,1.0,1.0,1.0,1.0,1.0,1.0,1.0,1.0,0.9262295081967213,0.9229508196721311,0.9229508196721311,0.9371584699453551,0.9371584699453551,0.9262295081967213,0.9262295081967213,0.9262295081967213,0.9672131147540983,0.9918032786885246,1.0,1.0,0.9262295081967213
4.1,S4.1_T1toF3,RandomForest,123,122,122,"{'bootstrap': True, 'max_depth': 20, 'max_features': 'sqrt', 'min_samples_leaf': 1, 'min_samples_split': 2, 'n_estimators': 300}",scenario_results_rf_only_2026-01-25_223058_early_stop/randomforest_S4.1_T1toF3_2026-01-25_223058_seed123_early_stop.pkl,1.0,1.0,1.0,1.0,1.0,1.0,1.0,1.0,1.0,1.0,1.0,1.0,1.0,0.8934426229508197,0.8901118917512361,0.8901118917512361,0.917798594847775,0.917798594847775,0.8934426229508197,0.8934426229508197,0.8934426229508197,0.9508196721311475,0.9590163934426229,0.9836065573770492,1.0,0.8934426229508197
4.1,S4.1_T1toI2,RandomForest,123,122,122,"{'bootstrap': True, 'max_depth': 20, 'max_features': 'sqrt', 'min_samples_leaf': 1, 'min_samples_split': 2, 'n_estimators': 300}",scenario_results_rf_only_2026-01-25_223058_early_stop/randomforest_S4.1_T1toI2_2026-01-25_223058_seed123_early_stop.pkl,1.0,1.0,1.0,1.0,1.0,1.0,1.0,1.0,1.0,1.0,1.0,1.0,1.0,0.9672131147540983,0.9595628415300547,0.9595628415300547,0.9617486338797814,0.9617486338797814,0.9672131147540983,0.9672131147540983,0.9672131147540983,0.9918032786885246,0.9918032786885246,1.0,1.0,0.9672131147540983
4.1,S4.1_T1toI3,RandomForest,123,122,122,"{'bootstrap': True, 'max_depth': 20, 'max_features': 'sqrt', 'min_samples_leaf': 1, 'min_samples_split': 2, 'n_estimators': 300}",scenario_results_rf_only_2026-01-25_223058_early_stop/randomforest_S4.1_T1toI3_2026-01-25_223058_seed123_early_stop.pkl,1.0,1.0,1.0,1.0,1.0,1.0,1.0,1.0,1.0,1.0,1.0,1.0,1.0,0.9426229508196722,0.9427010148321624,0.9427010148321624,0.9710382513661202,0.9710382513661202,0.9426229508196722,0.9426229508196722,0.9426229508196722,0.9754098360655737,0.9836065573770492,0.9918032786885246,1.0,0.9426229508196722
4.1,S4.1_T2toF1,RandomForest,123,122,122,"{'bootstrap': True, 'max_depth': 20, 'max_features': 'sqrt', 'min_samples_leaf': 1, 'min_samples_split': 2, 'n_estimators': 300}",scenario_results_rf_only_2026-01-25_223058_early_stop/randomforest_S4.1_T2toF1_2026-01-25_223058_seed123_early_stop.pkl,1.0,1.0,1.0,1.0,1.0,1.0,1.0,1.0,1.0,1.0,1.0,1.0,1.0,0.9426229508196722,0.9377049180327869,0.9377049180327869,0.9426229508196722,0.9426229508196722,0.9426229508196722,0.9426229508196722,0.9426229508196722,0.9836065573770492,0.9918032786885246,0.9918032786885246,1.0,0.9426229508196722
4.1,S4.1_T2toF3,RandomForest,123,122,122,"{'bootstrap': True, 'max_depth': 20, 'max_features': 'sqrt', 'min_samples_leaf': 1, 'min_samples_split': 2, 'n_estimators': 300}",scenario_results_rf_only_2026-01-25_223058_early_stop/randomforest_S4.1_T2toF3_2026-01-25_223058_seed123_early_stop.pkl,1.0,1.0,1.0,1.0,1.0,1.0,1.0,1.0,1.0,1.0,1.0,1.0,1.0,0.9262295081967213,0.919672131147541,0.919672131147541,0.9234972677595628,0.9234972677595628,0.9262295081967213,0.9262295081967213,0.9262295081967213,0.9836065573770492,0.9918032786885246,0.9918032786885246,1.0,0.9262295081967213
4.1,S4.1_T2toI1,RandomForest,123,122,122,"{'bootstrap': True, 'max_depth': 20, 'max_features': 'sqrt', 'min_samples_leaf': 1, 'min_samples_split': 2, 'n_estimators': 300}",scenario_results_rf_only_2026-01-25_223058_early_stop/randomforest_S4.1_T2toI1_2026-01-25_223058_seed123_early_stop.pkl,1.0,1.0,1.0,1.0,1.0,1.0,1.0,1.0,1.0,1.0,1.0,1.0,1.0,0.9508196721311475,0.9382513661202186,0.9382513661202186,0.9344262295081968,0.9344262295081968,0.9508196721311475,0.9508196721311475,0.9508196721311475,0.9672131147540983,0.9918032786885246,1.0,1.0,0.9508196721311475
4.1,S4.1_T2toI3,RandomForest,123,122,122,"{'bootstrap': True, 'max_depth': 20, 'max_features': 'sqrt', 'min_samples_leaf': 1, 'min_samples_split': 2, 'n_estimators': 300}",scenario_results_rf_only_2026-01-25_223058_early_stop/randomforest_S4.1_T2toI3_2026-01-25_223058_seed123_early_stop.pkl,1.0,1.0,1.0,1.0,1.0,1.0,1.0,1.0,1.0,1.0,1.0,1.0,1.0,0.9262295081967213,0.9191256830601092,0.9191256830601092,0.9180327868852459,0.9180327868852459,0.9262295081967213,0.9262295081967213,0.9262295081967213,0.9754098360655737,0.9918032786885246,0.9918032786885246,0.9918032786885246,0.9262295081967213
4.1,S4.1_T3toF1,RandomForest,123,122,122,"{'bootstrap': True, 'max_depth': 20, 'max_features': 'sqrt', 'min_samples_leaf': 1, 'min_samples_split': 2, 'n_estimators': 300}",scenario_results_rf_only_2026-01-25_223058_early_stop/randomforest_S4.1_T3toF1_2026-01-25_223058_seed123_early_stop.pkl,1.0,1.0,1.0,1.0,1.0,1.0,1.0,1.0,1.0,1.0,1.0,1.0,1.0,0.9836065573770492,0.9770491803278689,0.9770491803278689,0.9726775956284153,0.9726775956284153,0.9836065573770492,0.9836065573770492,0.9836065573770492,0.9836065573770492,0.9918032786885246,0.9918032786885246,0.9918032786885246,0.9836065573770492
4.1,S4.1_T3toF2,RandomForest,123,122,122,"{'bootstrap': True, 'max_depth': 20, 'max_features': 'sqrt', 'min_samples_leaf': 1, 'min_samples_split': 2, 'n_estimators': 300}",scenario_results_rf_only_2026-01-25_223058_early_stop/randomforest_S4.1_T3toF2_2026-01-25_223058_seed123_early_stop.pkl,1.0,1.0,1.0,1.0,1.0,1.0,1.0,1.0,1.0,1.0,1.0,1.0,1.0,0.9672131147540983,0.9606557377049181,0.9606557377049181,0.9644808743169399,0.9644808743169399,0.9672131147540983,0.9672131147540983,0.9672131147540983,0.9672131147540983,0.9836065573770492,0.9918032786885246,1.0,0.9672131147540983
4.1,S4.1_T3toI1,RandomForest,123,122,122,"{'bootstrap': True, 'max_depth': 20, 'max_features': 'sqrt', 'min_samples_leaf': 1, 'min_samples_split': 2, 'n_estimators': 300}",scenario_results_rf_only_2026-01-25_223058_early_stop/randomforest_S4.1_T3toI1_2026-01-25_223058_seed123_early_stop.pkl,1.0,1.0,1.0,1.0,1.0,1.0,1.0,1.0,1.0,1.0,1.0,1.0,1.0,0.9590163934426229,0.9475409836065574,0.9475409836065574,0.9453551912568305,0.9453551912568305,0.9590163934426229,0.9590163934426229,0.9590163934426229,0.9590163934426229,0.9672131147540983,0.9754098360655737,1.0,0.9590163934426229
4.1,S4.1_T3toI2,RandomForest,123,122,122,"{'bootstrap': True, 'max_depth': 20, 'max_features': 'sqrt', 'min_samples_leaf': 1, 'min_samples_split': 2, 'n_estimators': 300}",scenario_results_rf_only_2026-01-25_223058_early_stop/randomforest_S4.1_T3toI2_2026-01-25_223058_seed123_early_stop.pkl,1.0,1.0,1.0,1.0,1.0,1.0,1.0,1.0,1.0,1.0,1.0,1.0,1.0,0.9590163934426229,0.9508196721311475,0.9508196721311475,0.9453551912568305,0.9453551912568305,0.9590163934426229,0.9590163934426229,0.9590163934426229,0.9672131147540983,0.9754098360655737,0.9836065573770492,0.9836065573770492,0.9590163934426229
4.1,S4.1_F1toI2,RandomForest,456,122,122,"{'bootstrap': True, 'max_depth': 20, 'max_features': 'sqrt', 'min_samples_leaf': 1, 'min_samples_split': 2, 'n_estimators': 300}",scenario_results_rf_only_2026-01-25_223058_early_stop/randomforest_S4.1_F1toI2_2026-01-25_223058_seed456_early_stop.pkl,1.0,1.0,1.0,1.0,1.0,1.0,1.0,1.0,1.0,1.0,1.0,1.0,1.0,0.9590163934426229,0.9513661202185792,0.9513661202185792,0.953551912568306,0.953551912568306,0.9590163934426229,0.9590163934426229,0.9590163934426229,0.9836065573770492,0.9836065573770492,0.9836065573770492,0.9836065573770492,0.9590163934426229
4.1,S4.1_F1toI3,RandomForest,456,122,122,"{'bootstrap': True, 'max_depth': 20, 'max_features': 'sqrt', 'min_samples_leaf': 1, 'min_samples_split': 2, 'n_estimators': 300}",scenario_results_rf_only_2026-01-25_223058_early_stop/randomforest_S4.1_F1toI3_2026-01-25_223058_seed456_early_stop.pkl,1.0,1.0,1.0,1.0,1.0,1.0,1.0,1.0,1.0,1.0,1.0,1.0,1.0,0.9672131147540983,0.960655737704918,0.960655737704918,0.9644808743169399,0.9644808743169399,0.9672131147540983,0.9672131147540983,0.9672131147540983,0.9754098360655737,0.9836065573770492,0.9918032786885246,0.9918032786885246,0.9672131147540983
4.1,S4.1_F1toT2,RandomForest,456,122,122,"{'bootstrap': True, 'max_depth': 20, 'max_features': 'sqrt', 'min_samples_leaf': 1, 'min_samples_split': 2, 'n_estimators': 300}",scenario_results_rf_only_2026-01-25_223058_early_stop/randomforest_S4.1_F1toT2_2026-01-25_223058_seed456_early_stop.pkl,1.0,1.0,1.0,1.0,1.0,1.0,1.0,1.0,1.0,1.0,1.0,1.0,1.0,0.9590163934426229,0.9530054644808743,0.9530054644808743,0.9617486338797815,0.9617486338797815,0.9590163934426229,0.9590163934426229,0.9590163934426229,0.9836065573770492,0.9836065573770492,0.9836065573770492,0.9836065573770492,0.9590163934426229
4.1,S4.1_F1toT3,RandomForest,456,122,122,"{'bootstrap': True, 'max_depth': 20, 'max_features': 'sqrt', 'min_samples_leaf': 1, 'min_samples_split': 2, 'n_estimators': 300}",scenario_results_rf_only_2026-01-25_223058_early_stop/randomforest_S4.1_F1toT3_2026-01-25_223058_seed456_early_stop.pkl,1.0,1.0,1.0,1.0,1.0,1.0,1.0,1.0,1.0,1.0,1.0,1.0,1.0,0.9672131147540983,0.9595628415300547,0.9595628415300547,0.9617486338797814,0.9617486338797814,0.9672131147540983,0.9672131147540983,0.9672131147540983,0.9836065573770492,0.9836065573770492,0.9836065573770492,0.9836065573770492,0.9672131147540983
4.1,S4.1_F2toI1,RandomForest,456,122,122,"{'bootstrap': True, 'max_depth': 20, 'max_features': 'sqrt', 'min_samples_leaf': 1, 'min_samples_split': 2, 'n_estimators': 300}",scenario_results_rf_only_2026-01-25_223058_early_stop/randomforest_S4.1_F2toI1_2026-01-25_223058_seed456_early_stop.pkl,1.0,1.0,1.0,1.0,1.0,1.0,1.0,1.0,1.0,1.0,1.0,1.0,1.0,0.9672131147540983,0.9606557377049181,0.9606557377049181,0.9644808743169399,0.9644808743169399,0.9672131147540983,0.9672131147540983,0.9672131147540983,0.9918032786885246,0.9918032786885246,1.0,1.0,0.9672131147540983
4.1,S4.1_F2toI3,RandomForest,456,122,122,"{'bootstrap': True, 'max_depth': 20, 'max_features': 'sqrt', 'min_samples_leaf': 1, 'min_samples_split': 2, 'n_estimators': 300}",scenario_results_rf_only_2026-01-25_223058_early_stop/randomforest_S4.1_F2toI3_2026-01-25_223058_seed456_early_stop.pkl,1.0,1.0,1.0,1.0,1.0,1.0,1.0,1.0,1.0,1.0,1.0,1.0,1.0,0.9508196721311475,0.9467603434816549,0.9467603434816549,0.9486338797814207,0.9486338797814207,0.9508196721311475,0.9508196721311475,0.9508196721311475,0.9754098360655737,0.9754098360655737,0.9754098360655737,0.9918032786885246,0.9508196721311475
4.1,S4.1_F2toT1,RandomForest,456,122,122,"{'bootstrap': True, 'max_depth': 20, 'max_features': 'sqrt', 'min_samples_leaf': 1, 'min_samples_split': 2, 'n_estimators': 300}",scenario_results_rf_only_2026-01-25_223058_early_stop/randomforest_S4.1_F2toT1_2026-01-25_223058_seed456_early_stop.pkl,1.0,1.0,1.0,1.0,1.0,1.0,1.0,1.0,1.0,1.0,1.0,1.0,1.0,0.9918032786885246,0.9912568306010929,0.9912568306010929,0.994535519125683,0.994535519125683,0.9918032786885246,0.9918032786885246,0.9918032786885246,1.0,1.0,1.0,1.0,0.9918032786885246
4.1,S4.1_F2toT3,RandomForest,456,122,122,"{'bootstrap': True, 'max_depth': 20, 'max_features': 'sqrt', 'min_samples_leaf': 1, 'min_samples_split': 2, 'n_estimators': 300}",scenario_results_rf_only_2026-01-25_223058_early_stop/randomforest_S4.1_F2toT3_2026-01-25_223058_seed456_early_stop.pkl,1.0,1.0,1.0,1.0,1.0,1.0,1.0,1.0,1.0,1.0,1.0,1.0,1.0,0.9426229508196722,0.9344262295081968,0.9344262295081968,0.9398907103825136,0.9398907103825136,0.9426229508196722,0.9426229508196722,0.9426229508196722,0.9754098360655737,0.9754098360655737,0.9918032786885246,0.9918032786885246,0.9426229508196722
4.1,S4.1_F3toI1,RandomForest,456,122,122,"{'bootstrap': True, 'max_depth': 20, 'max_features': 'sqrt', 'min_samples_leaf': 1, 'min_samples_split': 2, 'n_estimators': 300}",scenario_results_rf_only_2026-01-25_223058_early_stop/randomforest_S4.1_F3toI1_2026-01-25_223058_seed456_early_stop.pkl,1.0,1.0,1.0,1.0,1.0,1.0,1.0,1.0,1.0,1.0,1.0,1.0,1.0,0.9590163934426229,0.9519125683060109,0.9519125683060109,0.9590163934426229,0.9590163934426229,0.9590163934426229,0.9590163934426229,0.9590163934426229,0.9754098360655737,0.9836065573770492,0.9918032786885246,0.9918032786885246,0.9590163934426229
4.1,S4.1_F3toI2,RandomForest,456,122,122,"{'bootstrap': True, 'max_depth': 20, 'max_features': 'sqrt', 'min_samples_leaf': 1, 'min_samples_split': 2, 'n_estimators': 300}",scenario_results_rf_only_2026-01-25_223058_early_stop/randomforest_S4.1_F3toI2_2026-01-25_223058_seed456_early_stop.pkl,1.0,1.0,1.0,1.0,1.0,1.0,1.0,1.0,1.0,1.0,1.0,1.0,1.0,0.9344262295081968,0.9207650273224044,0.9207650273224044,0.9180327868852459,0.9180327868852459,0.9344262295081968,0.9344262295081968,0.9344262295081968,0.9590163934426229,0.9754098360655737,0.9754098360655737,0.9918032786885246,0.9344262295081968
4.1,S4.1_F3toT1,RandomForest,456,122,122,"{'bootstrap': True, 'max_depth': 20, 'max_features': 'sqrt', 'min_samples_leaf': 1, 'min_samples_split': 2, 'n_estimators': 300}",scenario_results_rf_only_2026-01-25_223058_early_stop/randomforest_S4.1_F3toT1_2026-01-25_223058_seed456_early_stop.pkl,1.0,1.0,1.0,1.0,1.0,1.0,1.0,1.0,1.0,1.0,1.0,1.0,1.0,0.9672131147540983,0.9650273224043716,0.9650273224043716,0.9781420765027322,0.9781420765027322,0.9672131147540983,0.9672131147540983,0.9672131147540983,0.9836065573770492,0.9918032786885246,1.0,1.0,0.9672131147540983
4.1,S4.1_F3toT2,RandomForest,456,122,122,"{'bootstrap': True, 'max_depth': 20, 'max_features': 'sqrt', 'min_samples_leaf': 1, 'min_samples_split': 2, 'n_estimators': 300}",scenario_results_rf_only_2026-01-25_223058_early_stop/randomforest_S4.1_F3toT2_2026-01-25_223058_seed456_early_stop.pkl,1.0,1.0,1.0,1.0,1.0,1.0,1.0,1.0,1.0,1.0,1.0,1.0,1.0,0.9344262295081968,0.9278688524590163,0.9278688524590163,0.9344262295081968,0.9344262295081968,0.9344262295081968,0.9344262295081968,0.9344262295081968,0.9590163934426229,0.9672131147540983,0.9754098360655737,0.9754098360655737,0.9344262295081968
4.1,S4.1_I1toF2,RandomForest,456,122,122,"{'bootstrap': True, 'max_depth': 20, 'max_features': 'sqrt', 'min_samples_leaf': 1, 'min_samples_split': 2, 'n_estimators': 300}",scenario_results_rf_only_2026-01-25_223058_early_stop/randomforest_S4.1_I1toF2_2026-01-25_223058_seed456_early_stop.pkl,1.0,1.0,1.0,1.0,1.0,1.0,1.0,1.0,1.0,1.0,1.0,1.0,1.0,0.9918032786885246,0.9912568306010929,0.9912568306010929,0.994535519125683,0.994535519125683,0.9918032786885246,0.9918032786885246,0.9918032786885246,1.0,1.0,1.0,1.0,0.9918032786885246
4.1,S4.1_I1toF3,RandomForest,456,122,122,"{'bootstrap': True, 'max_depth': 20, 'max_features': 'sqrt', 'min_samples_leaf': 1, 'min_samples_split': 2, 'n_estimators': 300}",scenario_results_rf_only_2026-01-25_223058_early_stop/randomforest_S4.1_I1toF3_2026-01-25_223058_seed456_early_stop.pkl,1.0,1.0,1.0,1.0,1.0,1.0,1.0,1.0,1.0,1.0,1.0,1.0,1.0,0.9836065573770492,0.9830601092896175,0.9830601092896175,0.9863387978142077,0.9863387978142077,0.9836065573770492,0.9836065573770492,0.9836065573770492,0.9918032786885246,1.0,1.0,1.0,0.9836065573770492
4.1,S4.1_I1toT2,RandomForest,456,122,122,"{'bootstrap': True, 'max_depth': 20, 'max_features': 'sqrt', 'min_samples_leaf': 1, 'min_samples_split': 2, 'n_estimators': 300}",scenario_results_rf_only_2026-01-25_223058_early_stop/randomforest_S4.1_I1toT2_2026-01-25_223058_seed456_early_stop.pkl,1.0,1.0,1.0,1.0,1.0,1.0,1.0,1.0,1.0,1.0,1.0,1.0,1.0,0.9754098360655737,0.9737704918032787,0.9737704918032787,0.9836065573770492,0.9836065573770492,0.9754098360655737,0.9754098360655737,0.9754098360655737,0.9918032786885246,1.0,1.0,1.0,0.9754098360655737
4.1,S4.1_I1toT3,RandomForest,456,122,122,"{'bootstrap': True, 'max_depth': 20, 'max_features': 'sqrt', 'min_samples_leaf': 1, 'min_samples_split': 2, 'n_estimators': 300}",scenario_results_rf_only_2026-01-25_223058_early_stop/randomforest_S4.1_I1toT3_2026-01-25_223058_seed456_early_stop.pkl,1.0,1.0,1.0,1.0,1.0,1.0,1.0,1.0,1.0,1.0,1.0,1.0,1.0,0.9754098360655737,0.9743169398907104,0.9743169398907104,0.9808743169398906,0.9808743169398906,0.9754098360655737,0.9754098360655737,0.9754098360655737,0.9918032786885246,0.9918032786885246,0.9918032786885246,1.0,0.9754098360655737
4.1,S4.1_I2toF1,RandomForest,456,122,122,"{'bootstrap': True, 'max_depth': 20, 'max_features': 'sqrt', 'min_samples_leaf': 1, 'min_samples_split': 2, 'n_estimators': 300}",scenario_results_rf_only_2026-01-25_223058_early_stop/randomforest_S4.1_I2toF1_2026-01-25_223058_seed456_early_stop.pkl,1.0,1.0,1.0,1.0,1.0,1.0,1.0,1.0,1.0,1.0,1.0,1.0,1.0,0.9918032786885246,0.9912568306010929,0.9912568306010929,0.994535519125683,0.994535519125683,0.9918032786885246,0.9918032786885246,0.9918032786885246,0.9918032786885246,0.9918032786885246,0.9918032786885246,0.9918032786885246,0.9918032786885246
4.1,S4.1_I2toF3,RandomForest,456,122,122,"{'bootstrap': True, 'max_depth': 20, 'max_features': 'sqrt', 'min_samples_leaf': 1, 'min_samples_split': 2, 'n_estimators': 300}",scenario_results_rf_only_2026-01-25_223058_early_stop/randomforest_S4.1_I2toF3_2026-01-25_223058_seed456_early_stop.pkl,1.0,1.0,1.0,1.0,1.0,1.0,1.0,1.0,1.0,1.0,1.0,1.0,1.0,0.9426229508196722,0.9306010928961749,0.9306010928961749,0.9316939890710383,0.9316939890710383,0.9426229508196722,0.9426229508196722,0.9426229508196722,1.0,1.0,1.0,1.0,0.9426229508196722
4.1,S4.1_I2toT1,RandomForest,456,122,122,"{'bootstrap': True, 'max_depth': 20, 'max_features': 'sqrt', 'min_samples_leaf': 1, 'min_samples_split': 2, 'n_estimators': 300}",scenario_results_rf_only_2026-01-25_223058_early_stop/randomforest_S4.1_I2toT1_2026-01-25_223058_seed456_early_stop.pkl,1.0,1.0,1.0,1.0,1.0,1.0,1.0,1.0,1.0,1.0,1.0,1.0,1.0,0.9918032786885246,0.9912568306010929,0.9912568306010929,0.994535519125683,0.994535519125683,0.9918032786885246,0.9918032786885246,0.9918032786885246,1.0,1.0,1.0,1.0,0.9918032786885246
4.1,S4.1_I2toT3,RandomForest,456,122,122,"{'bootstrap': True, 'max_depth': 20, 'max_features': 'sqrt', 'min_samples_leaf': 1, 'min_samples_split': 2, 'n_estimators': 300}",scenario_results_rf_only_2026-01-25_223058_early_stop/randomforest_S4.1_I2toT3_2026-01-25_223058_seed456_early_stop.pkl,1.0,1.0,1.0,1.0,1.0,1.0,1.0,1.0,1.0,1.0,1.0,1.0,1.0,0.9672131147540983,0.9628415300546448,0.9628415300546448,0.9672131147540983,0.9672131147540983,0.9672131147540983,0.9672131147540983,0.9672131147540983,0.9836065573770492,0.9918032786885246,0.9918032786885246,0.9918032786885246,0.9672131147540983
4.1,S4.1_I3toF1,RandomForest,456,122,122,"{'bootstrap': True, 'max_depth': 20, 'max_features': 'sqrt', 'min_samples_leaf': 1, 'min_samples_split': 2, 'n_estimators': 300}",scenario_results_rf_only_2026-01-25_223058_early_stop/randomforest_S4.1_I3toF1_2026-01-25_223058_seed456_early_stop.pkl,1.0,1.0,1.0,1.0,1.0,1.0,1.0,1.0,1.0,1.0,1.0,1.0,1.0,0.9672131147540983,0.9650273224043716,0.9650273224043716,0.9781420765027323,0.9781420765027323,0.9672131147540983,0.9672131147540983,0.9672131147540983,0.9836065573770492,1.0,1.0,1.0,0.9672131147540983
4.1,S4.1_I3toF2,RandomForest,456,122,122,"{'bootstrap': True, 'max_depth': 20, 'max_features': 'sqrt', 'min_samples_leaf': 1, 'min_samples_split': 2, 'n_estimators': 300}",scenario_results_rf_only_2026-01-25_223058_early_stop/randomforest_S4.1_I3toF2_2026-01-25_223058_seed456_early_stop.pkl,1.0,1.0,1.0,1.0,1.0,1.0,1.0,1.0,1.0,1.0,1.0,1.0,1.0,0.9426229508196722,0.9306010928961749,0.9306010928961749,0.9316939890710382,0.9316939890710382,0.9426229508196722,0.9426229508196722,0.9426229508196722,0.9754098360655737,0.9754098360655737,0.9836065573770492,0.9836065573770492,0.9426229508196722
4.1,S4.1_I3toT1,RandomForest,456,122,122,"{'bootstrap': True, 'max_depth': 20, 'max_features': 'sqrt', 'min_samples_leaf': 1, 'min_samples_split': 2, 'n_estimators': 300}",scenario_results_rf_only_2026-01-25_223058_early_stop/randomforest_S4.1_I3toT1_2026-01-25_223058_seed456_early_stop.pkl,1.0,1.0,1.0,1.0,1.0,1.0,1.0,1.0,1.0,1.0,1.0,1.0,1.0,0.9590163934426229,0.9497267759562842,0.9497267759562842,0.948087431693989,0.948087431693989,0.9590163934426229,0.9590163934426229,0.9590163934426229,0.9754098360655737,0.9754098360655737,0.9836065573770492,0.9836065573770492,0.9590163934426229
4.1,S4.1_I3toT2,RandomForest,456,122,122,"{'bootstrap': True, 'max_depth': 20, 'max_features': 'sqrt', 'min_samples_leaf': 1, 'min_samples_split': 2, 'n_estimators': 300}",scenario_results_rf_only_2026-01-25_223058_early_stop/randomforest_S4.1_I3toT2_2026-01-25_223058_seed456_early_stop.pkl,1.0,1.0,1.0,1.0,1.0,1.0,1.0,1.0,1.0,1.0,1.0,1.0,1.0,0.9672131147540983,0.9639344262295082,0.9639344262295082,0.965846994535519,0.965846994535519,0.9672131147540983,0.9672131147540983,0.9672131147540983,0.9836065573770492,0.9918032786885246,1.0,1.0,0.9672131147540983
4.1,S4.1_T1toF2,RandomForest,456,122,122,"{'bootstrap': True, 'max_depth': 20, 'max_features': 'sqrt', 'min_samples_leaf': 1, 'min_samples_split': 2, 'n_estimators': 300}",scenario_results_rf_only_2026-01-25_223058_early_stop/randomforest_S4.1_T1toF2_2026-01-25_223058_seed456_early_stop.pkl,1.0,1.0,1.0,1.0,1.0,1.0,1.0,1.0,1.0,1.0,1.0,1.0,1.0,0.9180327868852459,0.9104605776736924,0.9104605776736924,0.9218579234972678,0.9218579234972678,0.9180327868852459,0.9180327868852459,0.9180327868852459,1.0,1.0,1.0,1.0,0.9180327868852459
4.1,S4.1_T1toF3,RandomForest,456,122,122,"{'bootstrap': True, 'max_depth': 20, 'max_features': 'sqrt', 'min_samples_leaf': 1, 'min_samples_split': 2, 'n_estimators': 300}",scenario_results_rf_only_2026-01-25_223058_early_stop/randomforest_S4.1_T1toF3_2026-01-25_223058_seed456_early_stop.pkl,1.0,1.0,1.0,1.0,1.0,1.0,1.0,1.0,1.0,1.0,1.0,1.0,1.0,0.9180327868852459,0.9253187613843351,0.9253187613843351,0.9691647150663545,0.9691647150663545,0.9180327868852459,0.9180327868852459,0.9180327868852459,0.9754098360655737,0.9836065573770492,0.9918032786885246,1.0,0.9180327868852459
4.1,S4.1_T1toI2,RandomForest,456,122,122,"{'bootstrap': True, 'max_depth': 20, 'max_features': 'sqrt', 'min_samples_leaf': 1, 'min_samples_split': 2, 'n_estimators': 300}",scenario_results_rf_only_2026-01-25_223058_early_stop/randomforest_S4.1_T1toI2_2026-01-25_223058_seed456_early_stop.pkl,1.0,1.0,1.0,1.0,1.0,1.0,1.0,1.0,1.0,1.0,1.0,1.0,1.0,0.9508196721311475,0.9426229508196722,0.9426229508196722,0.948087431693989,0.948087431693989,0.9508196721311475,0.9508196721311475,0.9508196721311475,0.9836065573770492,0.9918032786885246,0.9918032786885246,0.9918032786885246,0.9508196721311475
4.1,S4.1_T1toI3,RandomForest,456,122,122,"{'bootstrap': True, 'max_depth': 20, 'max_features': 'sqrt', 'min_samples_leaf': 1, 'min_samples_split': 2, 'n_estimators': 300}",scenario_results_rf_only_2026-01-25_223058_early_stop/randomforest_S4.1_T1toI3_2026-01-25_223058_seed456_early_stop.pkl,1.0,1.0,1.0,1.0,1.0,1.0,1.0,1.0,1.0,1.0,1.0,1.0,1.0,0.9344262295081968,0.9334113973458235,0.9334113973458235,0.9601092896174863,0.9601092896174863,0.9344262295081968,0.9344262295081968,0.9344262295081968,0.9754098360655737,0.9918032786885246,1.0,1.0,0.9344262295081968
4.1,S4.1_T2toF1,RandomForest,456,122,122,"{'bootstrap': True, 'max_depth': 20, 'max_features': 'sqrt', 'min_samples_leaf': 1, 'min_samples_split': 2, 'n_estimators': 300}",scenario_results_rf_only_2026-01-25_223058_early_stop/randomforest_S4.1_T2toF1_2026-01-25_223058_seed456_early_stop.pkl,1.0,1.0,1.0,1.0,1.0,1.0,1.0,1.0,1.0,1.0,1.0,1.0,1.0,0.9672131147540983,0.9551912568306011,0.9551912568306011,0.9480874316939891,0.9480874316939891,0.9672131147540983,0.9672131147540983,0.9672131147540983,0.9836065573770492,0.9918032786885246,0.9918032786885246,0.9918032786885246,0.9672131147540983
4.1,S4.1_T2toF3,RandomForest,456,122,122,"{'bootstrap': True, 'max_depth': 20, 'max_features': 'sqrt', 'min_samples_leaf': 1, 'min_samples_split': 2, 'n_estimators': 300}",scenario_results_rf_only_2026-01-25_223058_early_stop/randomforest_S4.1_T2toF3_2026-01-25_223058_seed456_early_stop.pkl,1.0,1.0,1.0,1.0,1.0,1.0,1.0,1.0,1.0,1.0,1.0,1.0,1.0,0.9426229508196722,0.9366120218579235,0.9366120218579235,0.9371584699453551,0.9371584699453551,0.9426229508196722,0.9426229508196722,0.9426229508196722,0.9754098360655737,0.9754098360655737,0.9754098360655737,0.9836065573770492,0.9426229508196722
4.1,S4.1_T2toI1,RandomForest,456,122,122,"{'bootstrap': True, 'max_depth': 20, 'max_features': 'sqrt', 'min_samples_leaf': 1, 'min_samples_split': 2, 'n_estimators': 300}",scenario_results_rf_only_2026-01-25_223058_early_stop/randomforest_S4.1_T2toI1_2026-01-25_223058_seed456_early_stop.pkl,1.0,1.0,1.0,1.0,1.0,1.0,1.0,1.0,1.0,1.0,1.0,1.0,1.0,0.9590163934426229,0.946448087431694,0.946448087431694,0.9426229508196722,0.9426229508196722,0.9590163934426229,0.9590163934426229,0.9590163934426229,0.9754098360655737,0.9918032786885246,0.9918032786885246,1.0,0.9590163934426229
4.1,S4.1_T2toI3,RandomForest,456,122,122,"{'bootstrap': True, 'max_depth': 20, 'max_features': 'sqrt', 'min_samples_leaf': 1, 'min_samples_split': 2, 'n_estimators': 300}",scenario_results_rf_only_2026-01-25_223058_early_stop/randomforest_S4.1_T2toI3_2026-01-25_223058_seed456_early_stop.pkl,1.0,1.0,1.0,1.0,1.0,1.0,1.0,1.0,1.0,1.0,1.0,1.0,1.0,0.9508196721311475,0.9442622950819671,0.9442622950819671,0.9439890710382514,0.9439890710382514,0.9508196721311475,0.9508196721311475,0.9508196721311475,0.9836065573770492,0.9836065573770492,0.9918032786885246,1.0,0.9508196721311475
4.1,S4.1_T3toF1,RandomForest,456,122,122,"{'bootstrap': True, 'max_depth': 20, 'max_features': 'sqrt', 'min_samples_leaf': 1, 'min_samples_split': 2, 'n_estimators': 300}",scenario_results_rf_only_2026-01-25_223058_early_stop/randomforest_S4.1_T3toF1_2026-01-25_223058_seed456_early_stop.pkl,1.0,1.0,1.0,1.0,1.0,1.0,1.0,1.0,1.0,1.0,1.0,1.0,1.0,0.9590163934426229,0.9481654957064792,0.9481654957064792,0.946448087431694,0.946448087431694,0.9590163934426229,0.9590163934426229,0.9590163934426229,0.9754098360655737,0.9918032786885246,0.9918032786885246,0.9918032786885246,0.9590163934426229
4.1,S4.1_T3toF2,RandomForest,456,122,122,"{'bootstrap': True, 'max_depth': 20, 'max_features': 'sqrt', 'min_samples_leaf': 1, 'min_samples_split': 2, 'n_estimators': 300}",scenario_results_rf_only_2026-01-25_223058_early_stop/randomforest_S4.1_T3toF2_2026-01-25_223058_seed456_early_stop.pkl,1.0,1.0,1.0,1.0,1.0,1.0,1.0,1.0,1.0,1.0,1.0,1.0,1.0,0.9672131147540983,0.9644808743169399,0.9644808743169399,0.9631147540983607,0.9631147540983607,0.9672131147540983,0.9672131147540983,0.9672131147540983,0.9836065573770492,0.9836065573770492,0.9836065573770492,0.9918032786885246,0.9672131147540983
4.1,S4.1_T3toI1,RandomForest,456,122,122,"{'bootstrap': True, 'max_depth': 20, 'max_features': 'sqrt', 'min_samples_leaf': 1, 'min_samples_split': 2, 'n_estimators': 300}",scenario_results_rf_only_2026-01-25_223058_early_stop/randomforest_S4.1_T3toI1_2026-01-25_223058_seed456_early_stop.pkl,1.0,1.0,1.0,1.0,1.0,1.0,1.0,1.0,1.0,1.0,1.0,1.0,1.0,0.9672131147540983,0.9612021857923497,0.9612021857923497,0.9617486338797814,0.9617486338797814,0.9672131147540983,0.9672131147540983,0.9672131147540983,0.9836065573770492,0.9918032786885246,1.0,1.0,0.9672131147540983
4.1,S4.1_T3toI2,RandomForest,456,122,122,"{'bootstrap': True, 'max_depth': 20, 'max_features': 'sqrt', 'min_samples_leaf': 1, 'min_samples_split': 2, 'n_estimators': 300}",scenario_results_rf_only_2026-01-25_223058_early_stop/randomforest_S4.1_T3toI2_2026-01-25_223058_seed456_early_stop.pkl,1.0,1.0,1.0,1.0,1.0,1.0,1.0,1.0,1.0,1.0,1.0,1.0,1.0,0.9590163934426229,0.9524590163934427,0.9524590163934427,0.948087431693989,0.948087431693989,0.9590163934426229,0.9590163934426229,0.9590163934426229,0.9754098360655737,0.9918032786885246,0.9918032786885246,1.0,0.9590163934426229
4.2,"S4.2_F, I1toT2",RandomForest,42,244,122,"{'bootstrap': True, 'max_depth': 20, 'max_features': 'sqrt', 'min_samples_leaf': 1, 'min_samples_split': 2, 'n_estimators': 300}","scenario_results_rf_only_2026-01-25_223058_early_stop/randomforest_S4.2_F, I1toT2_2026-01-25_223058_seed42_early_stop.pkl",1.0,1.0,1.0,1.0,1.0,1.0,1.0,1.0,1.0,1.0,1.0,1.0,1.0,0.9836065573770492,0.9770491803278689,0.9770491803278689,0.9726775956284153,0.9726775956284153,0.9836065573770492,0.9836065573770492,0.9836065573770492,0.9918032786885246,1.0,1.0,1.0,0.9836065573770492
4.2,"S4.2_F, I2toT3",RandomForest,42,244,122,"{'bootstrap': True, 'max_depth': 20, 'max_features': 'sqrt', 'min_samples_leaf': 1, 'min_samples_split': 2, 'n_estimators': 300}","scenario_results_rf_only_2026-01-25_223058_early_stop/randomforest_S4.2_F, I2toT3_2026-01-25_223058_seed42_early_stop.pkl",1.0,1.0,1.0,1.0,1.0,1.0,1.0,1.0,1.0,1.0,1.0,1.0,1.0,0.9836065573770492,0.9830601092896175,0.9830601092896175,0.9863387978142076,0.9863387978142076,0.9836065573770492,0.9836065573770492,0.9836065573770492,0.9918032786885246,0.9918032786885246,0.9918032786885246,0.9918032786885246,0.9836065573770492
4.2,"S4.2_F, I3toT1",RandomForest,42,244,122,"{'bootstrap': True, 'max_depth': 20, 'max_features': 'sqrt', 'min_samples_leaf': 1, 'min_samples_split': 2, 'n_estimators': 300}","scenario_results_rf_only_2026-01-25_223058_early_stop/randomforest_S4.2_F, I3toT1_2026-01-25_223058_seed42_early_stop.pkl",1.0,1.0,1.0,1.0,1.0,1.0,1.0,1.0,1.0,1.0,1.0,1.0,1.0,1.0,1.0,1.0,1.0,1.0,1.0,1.0,1.0,1.0,1.0,1.0,1.0,1.0
4.2,"S4.2_F, I1toT3",RandomForest,42,244,122,"{'bootstrap': True, 'max_depth': 20, 'max_features': 'sqrt', 'min_samples_leaf': 1, 'min_samples_split': 2, 'n_estimators': 300}","scenario_results_rf_only_2026-01-25_223058_early_stop/randomforest_S4.2_F, I1toT3_2026-01-25_223058_seed42_early_stop.pkl",1.0,1.0,1.0,1.0,1.0,1.0,1.0,1.0,1.0,1.0,1.0,1.0,1.0,1.0,1.0,1.0,1.0,1.0,1.0,1.0,1.0,1.0,1.0,1.0,1.0,1.0
4.2,"S4.2_F, I2toT1",RandomForest,42,244,122,"{'bootstrap': True, 'max_depth': 20, 'max_features': 'sqrt', 'min_samples_leaf': 1, 'min_samples_split': 2, 'n_estimators': 300}","scenario_results_rf_only_2026-01-25_223058_early_stop/randomforest_S4.2_F, I2toT1_2026-01-25_223058_seed42_early_stop.pkl",1.0,1.0,1.0,1.0,1.0,1.0,1.0,1.0,1.0,1.0,1.0,1.0,1.0,1.0,1.0,1.0,1.0,1.0,1.0,1.0,1.0,1.0,1.0,1.0,1.0,1.0
4.2,"S4.2_F, I3toT2",RandomForest,42,244,122,"{'bootstrap': True, 'max_depth': 20, 'max_features': 'sqrt', 'min_samples_leaf': 1, 'min_samples_split': 2, 'n_estimators': 300}","scenario_results_rf_only_2026-01-25_223058_early_stop/randomforest_S4.2_F, I3toT2_2026-01-25_223058_seed42_early_stop.pkl",1.0,1.0,1.0,1.0,1.0,1.0,1.0,1.0,1.0,1.0,1.0,1.0,1.0,0.9754098360655737,0.9693989071038251,0.9693989071038251,0.9699453551912569,0.9699453551912569,0.9754098360655737,0.9754098360655737,0.9754098360655737,0.9836065573770492,0.9918032786885246,1.0,1.0,0.9754098360655737
4.2,"S4.2_F, T1toI2",RandomForest,42,244,122,"{'bootstrap': True, 'max_depth': 20, 'max_features': 'sqrt', 'min_samples_leaf': 1, 'min_samples_split': 2, 'n_estimators': 300}","scenario_results_rf_only_2026-01-25_223058_early_stop/randomforest_S4.2_F, T1toI2_2026-01-25_223058_seed42_early_stop.pkl",1.0,1.0,1.0,1.0,1.0,1.0,1.0,1.0,1.0,1.0,1.0,1.0,1.0,0.9672131147540983,0.9639344262295082,0.9639344262295082,0.9699453551912568,0.9699453551912568,0.9672131147540983,0.9672131147540983,0.9672131147540983,1.0,1.0,1.0,1.0,0.9672131147540983
4.2,"S4.2_F, T2toI3",RandomForest,42,244,122,"{'bootstrap': True, 'max_depth': 20, 'max_features': 'sqrt', 'min_samples_leaf': 1, 'min_samples_split': 2, 'n_estimators': 300}","scenario_results_rf_only_2026-01-25_223058_early_stop/randomforest_S4.2_F, T2toI3_2026-01-25_223058_seed42_early_stop.pkl",1.0,1.0,1.0,1.0,1.0,1.0,1.0,1.0,1.0,1.0,1.0,1.0,1.0,0.9754098360655737,0.976502732240437,0.976502732240437,0.9808743169398906,0.9808743169398906,0.9754098360655737,0.9754098360655737,0.9754098360655737,0.9836065573770492,1.0,1.0,1.0,0.9754098360655737
4.2,"S4.2_F, T3toI1",RandomForest,42,244,122,"{'bootstrap': True, 'max_depth': 20, 'max_features': 'sqrt', 'min_samples_leaf': 1, 'min_samples_split': 2, 'n_estimators': 300}","scenario_results_rf_only_2026-01-25_223058_early_stop/randomforest_S4.2_F, T3toI1_2026-01-25_223058_seed42_early_stop.pkl",1.0,1.0,1.0,1.0,1.0,1.0,1.0,1.0,1.0,1.0,1.0,1.0,1.0,1.0,1.0,1.0,1.0,1.0,1.0,1.0,1.0,1.0,1.0,1.0,1.0,1.0
4.2,"S4.2_F, T1toI3",RandomForest,42,244,122,"{'bootstrap': True, 'max_depth': 20, 'max_features': 'sqrt', 'min_samples_leaf': 1, 'min_samples_split': 2, 'n_estimators': 300}","scenario_results_rf_only_2026-01-25_223058_early_stop/randomforest_S4.2_F, T1toI3_2026-01-25_223058_seed42_early_stop.pkl",1.0,1.0,1.0,1.0,1.0,1.0,1.0,1.0,1.0,1.0,1.0,1.0,1.0,0.9918032786885246,0.9912568306010929,0.9912568306010929,0.994535519125683,0.994535519125683,0.9918032786885246,0.9918032786885246,0.9918032786885246,1.0,1.0,1.0,1.0,0.9918032786885246
4.2,"S4.2_F, T2toI1",RandomForest,42,244,122,"{'bootstrap': True, 'max_depth': 20, 'max_features': 'sqrt', 'min_samples_leaf': 1, 'min_samples_split': 2, 'n_estimators': 300}","scenario_results_rf_only_2026-01-25_223058_early_stop/randomforest_S4.2_F, T2toI1_2026-01-25_223058_seed42_early_stop.pkl",1.0,1.0,1.0,1.0,1.0,1.0,1.0,1.0,1.0,1.0,1.0,1.0,1.0,0.9918032786885246,0.9912568306010929,0.9912568306010929,0.9945355191256832,0.9945355191256832,0.9918032786885246,0.9918032786885246,0.9918032786885246,1.0,1.0,1.0,1.0,0.9918032786885246
4.2,"S4.2_F, T3toI2",RandomForest,42,244,122,"{'bootstrap': True, 'max_depth': 20, 'max_features': 'sqrt', 'min_samples_leaf': 1, 'min_samples_split': 2, 'n_estimators': 300}","scenario_results_rf_only_2026-01-25_223058_early_stop/randomforest_S4.2_F, T3toI2_2026-01-25_223058_seed42_early_stop.pkl",1.0,1.0,1.0,1.0,1.0,1.0,1.0,1.0,1.0,1.0,1.0,1.0,1.0,0.9836065573770492,0.9836065573770492,0.9836065573770492,0.9836065573770492,0.9836065573770492,0.9836065573770492,0.9836065573770492,0.9836065573770492,0.9918032786885246,0.9918032786885246,1.0,1.0,0.9836065573770492
4.2,"S4.2_I, T1toF2",RandomForest,42,244,122,"{'bootstrap': True, 'max_depth': 20, 'max_features': 'sqrt', 'min_samples_leaf': 1, 'min_samples_split': 2, 'n_estimators': 300}","scenario_results_rf_only_2026-01-25_223058_early_stop/randomforest_S4.2_I, T1toF2_2026-01-25_223058_seed42_early_stop.pkl",1.0,1.0,1.0,1.0,1.0,1.0,1.0,1.0,1.0,1.0,1.0,1.0,1.0,0.9754098360655737,0.9711163153786105,0.9711163153786105,0.9737704918032787,0.9737704918032787,0.9754098360655737,0.9754098360655737,0.9754098360655737,1.0,1.0,1.0,1.0,0.9754098360655737
4.2,"S4.2_I, T2toF3",RandomForest,42,244,122,"{'bootstrap': True, 'max_depth': 20, 'max_features': 'sqrt', 'min_samples_leaf': 1, 'min_samples_split': 2, 'n_estimators': 300}","scenario_results_rf_only_2026-01-25_223058_early_stop/randomforest_S4.2_I, T2toF3_2026-01-25_223058_seed42_early_stop.pkl",1.0,1.0,1.0,1.0,1.0,1.0,1.0,1.0,1.0,1.0,1.0,1.0,1.0,0.9836065573770492,0.9830601092896175,0.9830601092896175,0.9863387978142077,0.9863387978142077,0.9836065573770492,0.9836065573770492,0.9836065573770492,0.9918032786885246,1.0,1.0,1.0,0.9836065573770492
4.2,"S4.2_I, T3toF1",RandomForest,42,244,122,"{'bootstrap': True, 'max_depth': 20, 'max_features': 'sqrt', 'min_samples_leaf': 1, 'min_samples_split': 2, 'n_estimators': 300}","scenario_results_rf_only_2026-01-25_223058_early_stop/randomforest_S4.2_I, T3toF1_2026-01-25_223058_seed42_early_stop.pkl",1.0,1.0,1.0,1.0,1.0,1.0,1.0,1.0,1.0,1.0,1.0,1.0,1.0,0.9918032786885246,0.9912568306010929,0.9912568306010929,0.994535519125683,0.994535519125683,0.9918032786885246,0.9918032786885246,0.9918032786885246,0.9918032786885246,0.9918032786885246,1.0,1.0,0.9918032786885246
4.2,"S4.2_I, T1toF3",RandomForest,42,244,122,"{'bootstrap': True, 'max_depth': 20, 'max_features': 'sqrt', 'min_samples_leaf': 1, 'min_samples_split': 2, 'n_estimators': 300}","scenario_results_rf_only_2026-01-25_223058_early_stop/randomforest_S4.2_I, T1toF3_2026-01-25_223058_seed42_early_stop.pkl",1.0,1.0,1.0,1.0,1.0,1.0,1.0,1.0,1.0,1.0,1.0,1.0,1.0,0.9918032786885246,0.9912568306010929,0.9912568306010929,0.994535519125683,0.994535519125683,0.9918032786885246,0.9918032786885246,0.9918032786885246,1.0,1.0,1.0,1.0,0.9918032786885246
4.2,"S4.2_I, T2toF1",RandomForest,42,244,122,"{'bootstrap': True, 'max_depth': 20, 'max_features': 'sqrt', 'min_samples_leaf': 1, 'min_samples_split': 2, 'n_estimators': 300}","scenario_results_rf_only_2026-01-25_223058_early_stop/randomforest_S4.2_I, T2toF1_2026-01-25_223058_seed42_early_stop.pkl",1.0,1.0,1.0,1.0,1.0,1.0,1.0,1.0,1.0,1.0,1.0,1.0,1.0,0.9918032786885246,0.9912568306010929,0.9912568306010929,0.9945355191256832,0.9945355191256832,0.9918032786885246,0.9918032786885246,0.9918032786885246,1.0,1.0,1.0,1.0,0.9918032786885246
4.2,"S4.2_I, T3toF2",RandomForest,42,244,122,"{'bootstrap': True, 'max_depth': 20, 'max_features': 'sqrt', 'min_samples_leaf': 1, 'min_samples_split': 2, 'n_estimators': 300}","scenario_results_rf_only_2026-01-25_223058_early_stop/randomforest_S4.2_I, T3toF2_2026-01-25_223058_seed42_early_stop.pkl",1.0,1.0,1.0,1.0,1.0,1.0,1.0,1.0,1.0,1.0,1.0,1.0,1.0,0.9754098360655737,0.9711163153786105,0.9711163153786105,0.9737704918032787,0.9737704918032787,0.9754098360655737,0.9754098360655737,0.9754098360655737,0.9918032786885246,1.0,1.0,1.0,0.9754098360655737
4.2,"S4.2_F, I1toT2",RandomForest,123,244,122,"{'bootstrap': True, 'max_depth': 20, 'max_features': 'sqrt', 'min_samples_leaf': 1, 'min_samples_split': 2, 'n_estimators': 300}","scenario_results_rf_only_2026-01-25_223058_early_stop/randomforest_S4.2_F, I1toT2_2026-01-25_223058_seed123_early_stop.pkl",1.0,1.0,1.0,1.0,1.0,1.0,1.0,1.0,1.0,1.0,1.0,1.0,1.0,0.9836065573770492,0.9770491803278689,0.9770491803278689,0.9726775956284153,0.9726775956284153,0.9836065573770492,0.9836065573770492,0.9836065573770492,0.9918032786885246,1.0,1.0,1.0,0.9836065573770492
4.2,"S4.2_F, I2toT3",RandomForest,123,244,122,"{'bootstrap': True, 'max_depth': 20, 'max_features': 'sqrt', 'min_samples_leaf': 1, 'min_samples_split': 2, 'n_estimators': 300}","scenario_results_rf_only_2026-01-25_223058_early_stop/randomforest_S4.2_F, I2toT3_2026-01-25_223058_seed123_early_stop.pkl",1.0,1.0,1.0,1.0,1.0,1.0,1.0,1.0,1.0,1.0,1.0,1.0,1.0,0.9918032786885246,0.9912568306010929,0.9912568306010929,0.9945355191256832,0.9945355191256832,0.9918032786885246,0.9918032786885246,0.9918032786885246,0.9918032786885246,0.9918032786885246,0.9918032786885246,1.0,0.9918032786885246
4.2,"S4.2_F, I3toT1",RandomForest,123,244,122,"{'bootstrap': True, 'max_depth': 20, 'max_features': 'sqrt', 'min_samples_leaf': 1, 'min_samples_split': 2, 'n_estimators': 300}","scenario_results_rf_only_2026-01-25_223058_early_stop/randomforest_S4.2_F, I3toT1_2026-01-25_223058_seed123_early_stop.pkl",1.0,1.0,1.0,1.0,1.0,1.0,1.0,1.0,1.0,1.0,1.0,1.0,1.0,1.0,1.0,1.0,1.0,1.0,1.0,1.0,1.0,1.0,1.0,1.0,1.0,1.0
4.2,"S4.2_F, I1toT3",RandomForest,123,244,122,"{'bootstrap': True, 'max_depth': 20, 'max_features': 'sqrt', 'min_samples_leaf': 1, 'min_samples_split': 2, 'n_estimators': 300}","scenario_results_rf_only_2026-01-25_223058_early_stop/randomforest_S4.2_F, I1toT3_2026-01-25_223058_seed123_early_stop.pkl",1.0,1.0,1.0,1.0,1.0,1.0,1.0,1.0,1.0,1.0,1.0,1.0,1.0,1.0,1.0,1.0,1.0,1.0,1.0,1.0,1.0,1.0,1.0,1.0,1.0,1.0
4.2,"S4.2_F, I2toT1",RandomForest,123,244,122,"{'bootstrap': True, 'max_depth': 20, 'max_features': 'sqrt', 'min_samples_leaf': 1, 'min_samples_split': 2, 'n_estimators': 300}","scenario_results_rf_only_2026-01-25_223058_early_stop/randomforest_S4.2_F, I2toT1_2026-01-25_223058_seed123_early_stop.pkl",1.0,1.0,1.0,1.0,1.0,1.0,1.0,1.0,1.0,1.0,1.0,1.0,1.0,1.0,1.0,1.0,1.0,1.0,1.0,1.0,1.0,1.0,1.0,1.0,1.0,1.0
4.2,"S4.2_F, I3toT2",RandomForest,123,244,122,"{'bootstrap': True, 'max_depth': 20, 'max_features': 'sqrt', 'min_samples_leaf': 1, 'min_samples_split': 2, 'n_estimators': 300}","scenario_results_rf_only_2026-01-25_223058_early_stop/randomforest_S4.2_F, I3toT2_2026-01-25_223058_seed123_early_stop.pkl",1.0,1.0,1.0,1.0,1.0,1.0,1.0,1.0,1.0,1.0,1.0,1.0,1.0,0.9754098360655737,0.9693989071038253,0.9693989071038253,0.9699453551912568,0.9699453551912568,0.9754098360655737,0.9754098360655737,0.9754098360655737,0.9836065573770492,0.9918032786885246,0.9918032786885246,1.0,0.9754098360655737
4.2,"S4.2_F, T1toI2",RandomForest,123,244,122,"{'bootstrap': True, 'max_depth': 20, 'max_features': 'sqrt', 'min_samples_leaf': 1, 'min_samples_split': 2, 'n_estimators': 300}","scenario_results_rf_only_2026-01-25_223058_early_stop/randomforest_S4.2_F, T1toI2_2026-01-25_223058_seed123_early_stop.pkl",1.0,1.0,1.0,1.0,1.0,1.0,1.0,1.0,1.0,1.0,1.0,1.0,1.0,0.9754098360655737,0.9704918032786886,0.9704918032786886,0.9672131147540983,0.9672131147540983,0.9754098360655737,0.9754098360655737,0.9754098360655737,1.0,1.0,1.0,1.0,0.9754098360655737
4.2,"S4.2_F, T2toI3",RandomForest,123,244,122,"{'bootstrap': True, 'max_depth': 20, 'max_features': 'sqrt', 'min_samples_leaf': 1, 'min_samples_split': 2, 'n_estimators': 300}","scenario_results_rf_only_2026-01-25_223058_early_stop/randomforest_S4.2_F, T2toI3_2026-01-25_223058_seed123_early_stop.pkl",1.0,1.0,1.0,1.0,1.0,1.0,1.0,1.0,1.0,1.0,1.0,1.0,1.0,0.9672131147540983,0.96775956284153,0.96775956284153,0.9754098360655736,0.9754098360655736,0.9672131147540983,0.9672131147540983,0.9672131147540983,0.9918032786885246,1.0,1.0,1.0,0.9672131147540983
4.2,"S4.2_F, T3toI1",RandomForest,123,244,122,"{'bootstrap': True, 'max_depth': 20, 'max_features': 'sqrt', 'min_samples_leaf': 1, 'min_samples_split': 2, 'n_estimators': 300}","scenario_results_rf_only_2026-01-25_223058_early_stop/randomforest_S4.2_F, T3toI1_2026-01-25_223058_seed123_early_stop.pkl",1.0,1.0,1.0,1.0,1.0,1.0,1.0,1.0,1.0,1.0,1.0,1.0,1.0,1.0,1.0,1.0,1.0,1.0,1.0,1.0,1.0,1.0,1.0,1.0,1.0,1.0
4.2,"S4.2_F, T1toI3",RandomForest,123,244,122,"{'bootstrap': True, 'max_depth': 20, 'max_features': 'sqrt', 'min_samples_leaf': 1, 'min_samples_split': 2, 'n_estimators': 300}","scenario_results_rf_only_2026-01-25_223058_early_stop/randomforest_S4.2_F, T1toI3_2026-01-25_223058_seed123_early_stop.pkl",1.0,1.0,1.0,1.0,1.0,1.0,1.0,1.0,1.0,1.0,1.0,1.0,1.0,0.9918032786885246,0.9912568306010929,0.9912568306010929,0.994535519125683,0.994535519125683,0.9918032786885246,0.9918032786885246,0.9918032786885246,1.0,1.0,1.0,1.0,0.9918032786885246
4.2,"S4.2_F, T2toI1",RandomForest,123,244,122,"{'bootstrap': True, 'max_depth': 20, 'max_features': 'sqrt', 'min_samples_leaf': 1, 'min_samples_split': 2, 'n_estimators': 300}","scenario_results_rf_only_2026-01-25_223058_early_stop/randomforest_S4.2_F, T2toI1_2026-01-25_223058_seed123_early_stop.pkl",1.0,1.0,1.0,1.0,1.0,1.0,1.0,1.0,1.0,1.0,1.0,1.0,1.0,0.9918032786885246,0.9912568306010929,0.9912568306010929,0.9945355191256832,0.9945355191256832,0.9918032786885246,0.9918032786885246,0.9918032786885246,1.0,1.0,1.0,1.0,0.9918032786885246
4.2,"S4.2_F, T3toI2",RandomForest,123,244,122,"{'bootstrap': True, 'max_depth': 20, 'max_features': 'sqrt', 'min_samples_leaf': 1, 'min_samples_split': 2, 'n_estimators': 300}","scenario_results_rf_only_2026-01-25_223058_early_stop/randomforest_S4.2_F, T3toI2_2026-01-25_223058_seed123_early_stop.pkl",1.0,1.0,1.0,1.0,1.0,1.0,1.0,1.0,1.0,1.0,1.0,1.0,1.0,0.9754098360655737,0.976502732240437,0.976502732240437,0.9808743169398906,0.9808743169398906,0.9754098360655737,0.9754098360655737,0.9754098360655737,1.0,1.0,1.0,1.0,0.9754098360655737
4.2,"S4.2_I, T1toF2",RandomForest,123,244,122,"{'bootstrap': True, 'max_depth': 20, 'max_features': 'sqrt', 'min_samples_leaf': 1, 'min_samples_split': 2, 'n_estimators': 300}","scenario_results_rf_only_2026-01-25_223058_early_stop/randomforest_S4.2_I, T1toF2_2026-01-25_223058_seed123_early_stop.pkl",1.0,1.0,1.0,1.0,1.0,1.0,1.0,1.0,1.0,1.0,1.0,1.0,1.0,1.0,1.0,1.0,1.0,1.0,1.0,1.0,1.0,1.0,1.0,1.0,1.0,1.0
4.2,"S4.2_I, T2toF3",RandomForest,123,244,122,"{'bootstrap': True, 'max_depth': 20, 'max_features': 'sqrt', 'min_samples_leaf': 1, 'min_samples_split': 2, 'n_estimators': 300}","scenario_results_rf_only_2026-01-25_223058_early_stop/randomforest_S4.2_I, T2toF3_2026-01-25_223058_seed123_early_stop.pkl",1.0,1.0,1.0,1.0,1.0,1.0,1.0,1.0,1.0,1.0,1.0,1.0,1.0,0.9590163934426229,0.9535519125683061,0.9535519125683061,0.9535519125683061,0.9535519125683061,0.9590163934426229,0.9590163934426229,0.9590163934426229,0.9918032786885246,1.0,1.0,1.0,0.9590163934426229
4.2,"S4.2_I, T3toF1",RandomForest,123,244,122,"{'bootstrap': True, 'max_depth': 20, 'max_features': 'sqrt', 'min_samples_leaf': 1, 'min_samples_split': 2, 'n_estimators': 300}","scenario_results_rf_only_2026-01-25_223058_early_stop/randomforest_S4.2_I, T3toF1_2026-01-25_223058_seed123_early_stop.pkl",1.0,1.0,1.0,1.0,1.0,1.0,1.0,1.0,1.0,1.0,1.0,1.0,1.0,0.9918032786885246,0.9912568306010929,0.9912568306010929,0.994535519125683,0.994535519125683,0.9918032786885246,0.9918032786885246,0.9918032786885246,0.9918032786885246,0.9918032786885246,1.0,1.0,0.9918032786885246
4.2,"S4.2_I, T1toF3",RandomForest,123,244,122,"{'bootstrap': True, 'max_depth': 20, 'max_features': 'sqrt', 'min_samples_leaf': 1, 'min_samples_split': 2, 'n_estimators': 300}","scenario_results_rf_only_2026-01-25_223058_early_stop/randomforest_S4.2_I, T1toF3_2026-01-25_223058_seed123_early_stop.pkl",1.0,1.0,1.0,1.0,1.0,1.0,1.0,1.0,1.0,1.0,1.0,1.0,1.0,0.9836065573770492,0.9825136612021859,0.9825136612021859,0.989071038251366,0.989071038251366,0.9836065573770492,0.9836065573770492,0.9836065573770492,1.0,1.0,1.0,1.0,0.9836065573770492
4.2,"S4.2_I, T2toF1",RandomForest,123,244,122,"{'bootstrap': True, 'max_depth': 20, 'max_features': 'sqrt', 'min_samples_leaf': 1, 'min_samples_split': 2, 'n_estimators': 300}","scenario_results_rf_only_2026-01-25_223058_early_stop/randomforest_S4.2_I, T2toF1_2026-01-25_223058_seed123_early_stop.pkl",1.0,1.0,1.0,1.0,1.0,1.0,1.0,1.0,1.0,1.0,1.0,1.0,1.0,0.9918032786885246,0.9912568306010929,0.9912568306010929,0.994535519125683,0.994535519125683,0.9918032786885246,0.9918032786885246,0.9918032786885246,1.0,1.0,1.0,1.0,0.9918032786885246
4.2,"S4.2_I, T3toF2",RandomForest,123,244,122,"{'bootstrap': True, 'max_depth': 20, 'max_features': 'sqrt', 'min_samples_leaf': 1, 'min_samples_split': 2, 'n_estimators': 300}","scenario_results_rf_only_2026-01-25_223058_early_stop/randomforest_S4.2_I, T3toF2_2026-01-25_223058_seed123_early_stop.pkl",1.0,1.0,1.0,1.0,1.0,1.0,1.0,1.0,1.0,1.0,1.0,1.0,1.0,0.9590163934426229,0.9573770491803278,0.9573770491803278,0.9562841530054644,0.9562841530054644,0.9590163934426229,0.9590163934426229,0.9590163934426229,0.9918032786885246,1.0,1.0,1.0,0.9590163934426229
4.2,"S4.2_F, I1toT2",RandomForest,456,244,122,"{'bootstrap': True, 'max_depth': 20, 'max_features': 'sqrt', 'min_samples_leaf': 1, 'min_samples_split': 2, 'n_estimators': 300}","scenario_results_rf_only_2026-01-25_223058_early_stop/randomforest_S4.2_F, I1toT2_2026-01-25_223058_seed456_early_stop.pkl",1.0,1.0,1.0,1.0,1.0,1.0,1.0,1.0,1.0,1.0,1.0,1.0,1.0,0.9836065573770492,0.9770491803278689,0.9770491803278689,0.9726775956284153,0.9726775956284153,0.9836065573770492,0.9836065573770492,0.9836065573770492,1.0,1.0,1.0,1.0,0.9836065573770492
4.2,"S4.2_F, I2toT3",RandomForest,456,244,122,"{'bootstrap': True, 'max_depth': 20, 'max_features': 'sqrt', 'min_samples_leaf': 1, 'min_samples_split': 2, 'n_estimators': 300}","scenario_results_rf_only_2026-01-25_223058_early_stop/randomforest_S4.2_F, I2toT3_2026-01-25_223058_seed456_early_stop.pkl",1.0,1.0,1.0,1.0,1.0,1.0,1.0,1.0,1.0,1.0,1.0,1.0,1.0,0.9918032786885246,0.9912568306010929,0.9912568306010929,0.9945355191256832,0.9945355191256832,0.9918032786885246,0.9918032786885246,0.9918032786885246,0.9918032786885246,0.9918032786885246,1.0,1.0,0.9918032786885246
4.2,"S4.2_F, I3toT1",RandomForest,456,244,122,"{'bootstrap': True, 'max_depth': 20, 'max_features': 'sqrt', 'min_samples_leaf': 1, 'min_samples_split': 2, 'n_estimators': 300}","scenario_results_rf_only_2026-01-25_223058_early_stop/randomforest_S4.2_F, I3toT1_2026-01-25_223058_seed456_early_stop.pkl",1.0,1.0,1.0,1.0,1.0,1.0,1.0,1.0,1.0,1.0,1.0,1.0,1.0,1.0,1.0,1.0,1.0,1.0,1.0,1.0,1.0,1.0,1.0,1.0,1.0,1.0
4.2,"S4.2_F, I1toT3",RandomForest,456,244,122,"{'bootstrap': True, 'max_depth': 20, 'max_features': 'sqrt', 'min_samples_leaf': 1, 'min_samples_split': 2, 'n_estimators': 300}","scenario_results_rf_only_2026-01-25_223058_early_stop/randomforest_S4.2_F, I1toT3_2026-01-25_223058_seed456_early_stop.pkl",1.0,1.0,1.0,1.0,1.0,1.0,1.0,1.0,1.0,1.0,1.0,1.0,1.0,1.0,1.0,1.0,1.0,1.0,1.0,1.0,1.0,1.0,1.0,1.0,1.0,1.0
4.2,"S4.2_F, I2toT1",RandomForest,456,244,122,"{'bootstrap': True, 'max_depth': 20, 'max_features': 'sqrt', 'min_samples_leaf': 1, 'min_samples_split': 2, 'n_estimators': 300}","scenario_results_rf_only_2026-01-25_223058_early_stop/randomforest_S4.2_F, I2toT1_2026-01-25_223058_seed456_early_stop.pkl",1.0,1.0,1.0,1.0,1.0,1.0,1.0,1.0,1.0,1.0,1.0,1.0,1.0,1.0,1.0,1.0,1.0,1.0,1.0,1.0,1.0,1.0,1.0,1.0,1.0,1.0
4.2,"S4.2_F, I3toT2",RandomForest,456,244,122,"{'bootstrap': True, 'max_depth': 20, 'max_features': 'sqrt', 'min_samples_leaf': 1, 'min_samples_split': 2, 'n_estimators': 300}","scenario_results_rf_only_2026-01-25_223058_early_stop/randomforest_S4.2_F, I3toT2_2026-01-25_223058_seed456_early_stop.pkl",1.0,1.0,1.0,1.0,1.0,1.0,1.0,1.0,1.0,1.0,1.0,1.0,1.0,0.9754098360655737,0.9693989071038253,0.9693989071038253,0.9699453551912568,0.9699453551912568,0.9754098360655737,0.9754098360655737,0.9754098360655737,1.0,1.0,1.0,1.0,0.9754098360655737
4.2,"S4.2_F, T1toI2",RandomForest,456,244,122,"{'bootstrap': True, 'max_depth': 20, 'max_features': 'sqrt', 'min_samples_leaf': 1, 'min_samples_split': 2, 'n_estimators': 300}","scenario_results_rf_only_2026-01-25_223058_early_stop/randomforest_S4.2_F, T1toI2_2026-01-25_223058_seed456_early_stop.pkl",1.0,1.0,1.0,1.0,1.0,1.0,1.0,1.0,1.0,1.0,1.0,1.0,1.0,0.9918032786885246,0.9912568306010929,0.9912568306010929,0.9945355191256832,0.9945355191256832,0.9918032786885246,0.9918032786885246,0.9918032786885246,1.0,1.0,1.0,1.0,0.9918032786885246
4.2,"S4.2_F, T2toI3",RandomForest,456,244,122,"{'bootstrap': True, 'max_depth': 20, 'max_features': 'sqrt', 'min_samples_leaf': 1, 'min_samples_split': 2, 'n_estimators': 300}","scenario_results_rf_only_2026-01-25_223058_early_stop/randomforest_S4.2_F, T2toI3_2026-01-25_223058_seed456_early_stop.pkl",1.0,1.0,1.0,1.0,1.0,1.0,1.0,1.0,1.0,1.0,1.0,1.0,1.0,0.9754098360655737,0.976502732240437,0.976502732240437,0.9808743169398906,0.9808743169398906,0.9754098360655737,0.9754098360655737,0.9754098360655737,0.9836065573770492,1.0,1.0,1.0,0.9754098360655737
4.2,"S4.2_F, T3toI1",RandomForest,456,244,122,"{'bootstrap': True, 'max_depth': 20, 'max_features': 'sqrt', 'min_samples_leaf': 1, 'min_samples_split': 2, 'n_estimators': 300}","scenario_results_rf_only_2026-01-25_223058_early_stop/randomforest_S4.2_F, T3toI1_2026-01-25_223058_seed456_early_stop.pkl",1.0,1.0,1.0,1.0,1.0,1.0,1.0,1.0,1.0,1.0,1.0,1.0,1.0,1.0,1.0,1.0,1.0,1.0,1.0,1.0,1.0,1.0,1.0,1.0,1.0,1.0
4.2,"S4.2_F, T1toI3",RandomForest,456,244,122,"{'bootstrap': True, 'max_depth': 20, 'max_features': 'sqrt', 'min_samples_leaf': 1, 'min_samples_split': 2, 'n_estimators': 300}","scenario_results_rf_only_2026-01-25_223058_early_stop/randomforest_S4.2_F, T1toI3_2026-01-25_223058_seed456_early_stop.pkl",1.0,1.0,1.0,1.0,1.0,1.0,1.0,1.0,1.0,1.0,1.0,1.0,1.0,0.9918032786885246,0.9912568306010929,0.9912568306010929,0.994535519125683,0.994535519125683,0.9918032786885246,0.9918032786885246,0.9918032786885246,0.9918032786885246,0.9918032786885246,1.0,1.0,0.9918032786885246
4.2,"S4.2_F, T2toI1",RandomForest,456,244,122,"{'bootstrap': True, 'max_depth': 20, 'max_features': 'sqrt', 'min_samples_leaf': 1, 'min_samples_split': 2, 'n_estimators': 300}","scenario_results_rf_only_2026-01-25_223058_early_stop/randomforest_S4.2_F, T2toI1_2026-01-25_223058_seed456_early_stop.pkl",1.0,1.0,1.0,1.0,1.0,1.0,1.0,1.0,1.0,1.0,1.0,1.0,1.0,0.9836065573770492,0.9825136612021858,0.9825136612021858,0.9890710382513661,0.9890710382513661,0.9836065573770492,0.9836065573770492,0.9836065573770492,1.0,1.0,1.0,1.0,0.9836065573770492
4.2,"S4.2_F, T3toI2",RandomForest,456,244,122,"{'bootstrap': True, 'max_depth': 20, 'max_features': 'sqrt', 'min_samples_leaf': 1, 'min_samples_split': 2, 'n_estimators': 300}","scenario_results_rf_only_2026-01-25_223058_early_stop/randomforest_S4.2_F, T3toI2_2026-01-25_223058_seed456_early_stop.pkl",1.0,1.0,1.0,1.0,1.0,1.0,1.0,1.0,1.0,1.0,1.0,1.0,1.0,0.9836065573770492,0.9830601092896175,0.9830601092896175,0.9863387978142076,0.9863387978142076,0.9836065573770492,0.9836065573770492,0.9836065573770492,1.0,1.0,1.0,1.0,0.9836065573770492
4.2,"S4.2_I, T1toF2",RandomForest,456,244,122,"{'bootstrap': True, 'max_depth': 20, 'max_features': 'sqrt', 'min_samples_leaf': 1, 'min_samples_split': 2, 'n_estimators': 300}","scenario_results_rf_only_2026-01-25_223058_early_stop/randomforest_S4.2_I, T1toF2_2026-01-25_223058_seed456_early_stop.pkl",1.0,1.0,1.0,1.0,1.0,1.0,1.0,1.0,1.0,1.0,1.0,1.0,1.0,0.9918032786885246,0.9912568306010929,0.9912568306010929,0.994535519125683,0.994535519125683,0.9918032786885246,0.9918032786885246,0.9918032786885246,1.0,1.0,1.0,1.0,0.9918032786885246
4.2,"S4.2_I, T2toF3",RandomForest,456,244,122,"{'bootstrap': True, 'max_depth': 20, 'max_features': 'sqrt', 'min_samples_leaf': 1, 'min_samples_split': 2, 'n_estimators': 300}","scenario_results_rf_only_2026-01-25_223058_early_stop/randomforest_S4.2_I, T2toF3_2026-01-25_223058_seed456_early_stop.pkl",1.0,1.0,1.0,1.0,1.0,1.0,1.0,1.0,1.0,1.0,1.0,1.0,1.0,0.9836065573770492,0.9830601092896175,0.9830601092896175,0.9863387978142077,0.9863387978142077,0.9836065573770492,0.9836065573770492,0.9836065573770492,0.9918032786885246,1.0,1.0,1.0,0.9836065573770492
4.2,"S4.2_I, T3toF1",RandomForest,456,244,122,"{'bootstrap': True, 'max_depth': 20, 'max_features': 'sqrt', 'min_samples_leaf': 1, 'min_samples_split': 2, 'n_estimators': 300}","scenario_results_rf_only_2026-01-25_223058_early_stop/randomforest_S4.2_I, T3toF1_2026-01-25_223058_seed456_early_stop.pkl",1.0,1.0,1.0,1.0,1.0,1.0,1.0,1.0,1.0,1.0,1.0,1.0,1.0,0.9918032786885246,0.9912568306010929,0.9912568306010929,0.994535519125683,0.994535519125683,0.9918032786885246,0.9918032786885246,0.9918032786885246,0.9918032786885246,0.9918032786885246,1.0,1.0,0.9918032786885246
4.2,"S4.2_I, T1toF3",RandomForest,456,244,122,"{'bootstrap': True, 'max_depth': 20, 'max_features': 'sqrt', 'min_samples_leaf': 1, 'min_samples_split': 2, 'n_estimators': 300}","scenario_results_rf_only_2026-01-25_223058_early_stop/randomforest_S4.2_I, T1toF3_2026-01-25_223058_seed456_early_stop.pkl",1.0,1.0,1.0,1.0,1.0,1.0,1.0,1.0,1.0,1.0,1.0,1.0,1.0,0.9918032786885246,0.9912568306010929,0.9912568306010929,0.994535519125683,0.994535519125683,0.9918032786885246,0.9918032786885246,0.9918032786885246,1.0,1.0,1.0,1.0,0.9918032786885246
4.2,"S4.2_I, T2toF1",RandomForest,456,244,122,"{'bootstrap': True, 'max_depth': 20, 'max_features': 'sqrt', 'min_samples_leaf': 1, 'min_samples_split': 2, 'n_estimators': 300}","scenario_results_rf_only_2026-01-25_223058_early_stop/randomforest_S4.2_I, T2toF1_2026-01-25_223058_seed456_early_stop.pkl",1.0,1.0,1.0,1.0,1.0,1.0,1.0,1.0,1.0,1.0,1.0,1.0,1.0,1.0,1.0,1.0,1.0,1.0,1.0,1.0,1.0,1.0,1.0,1.0,1.0,1.0
4.2,"S4.2_I, T3toF2",RandomForest,456,244,122,"{'bootstrap': True, 'max_depth': 20, 'max_features': 'sqrt', 'min_samples_leaf': 1, 'min_samples_split': 2, 'n_estimators': 300}","scenario_results_rf_only_2026-01-25_223058_early_stop/randomforest_S4.2_I, T3toF2_2026-01-25_223058_seed456_early_stop.pkl",1.0,1.0,1.0,1.0,1.0,1.0,1.0,1.0,1.0,1.0,1.0,1.0,1.0,0.9590163934426229,0.9562841530054644,0.9562841530054644,0.9549180327868853,0.9549180327868853,0.9590163934426229,0.9590163934426229,0.9590163934426229,0.9918032786885246,1.0,1.0,1.0,0.9590163934426229
5.1,S5.1_F_1to2_S1toS2,RandomForest,42,61,61,"{'n_estimators': 300, 'max_depth': 20, 'min_samples_split': 2, 'min_samples_leaf': 1, 'max_features': 'sqrt', 'bootstrap': True}",scenario_results_rf_only_2026-01-25_223058_early_stop/randomforest_S5.1_F_1to2_S1toS2_2026-01-25_223058_seed42_early_stop.pkl,1.0,1.0,1.0,1.0,1.0,1.0,1.0,1.0,1.0,1.0,1.0,1.0,1.0,0.7868852459016393,0.7349726775956283,0.7349726775956283,0.7103825136612021,0.7103825136612021,0.7868852459016393,0.7868852459016393,0.7540983606557377,0.8688524590163934,0.9180327868852459,0.9344262295081968,0.9508196721311475,0.7540983606557377
5.1,S5.1_F_2to3_S1toS2,RandomForest,42,61,61,"{'n_estimators': 300, 'max_depth': 20, 'min_samples_split': 2, 'min_samples_leaf': 1, 'max_features': 'sqrt', 'bootstrap': True}",scenario_results_rf_only_2026-01-25_223058_early_stop/randomforest_S5.1_F_2to3_S1toS2_2026-01-25_223058_seed42_early_stop.pkl,1.0,1.0,1.0,1.0,1.0,1.0,1.0,1.0,1.0,1.0,1.0,1.0,1.0,0.819672131147541,0.7743169398907104,0.7743169398907104,0.7554644808743168,0.7554644808743168,0.819672131147541,0.819672131147541,0.7868852459016393,0.9180327868852459,0.9344262295081968,0.9508196721311475,0.9672131147540983,0.7868852459016393
5.1,S5.1_F_3to1_S1toS2,RandomForest,42,61,61,"{'n_estimators': 300, 'max_depth': 20, 'min_samples_split': 2, 'min_samples_leaf': 1, 'max_features': 'sqrt', 'bootstrap': True}",scenario_results_rf_only_2026-01-25_223058_early_stop/randomforest_S5.1_F_3to1_S1toS2_2026-01-25_223058_seed42_early_stop.pkl,1.0,1.0,1.0,1.0,1.0,1.0,1.0,1.0,1.0,1.0,1.0,1.0,1.0,0.8688524590163934,0.8387978142076502,0.8387978142076502,0.8251366120218578,0.8251366120218578,0.8688524590163934,0.8688524590163934,0.8524590163934426,0.9180327868852459,0.9344262295081968,0.9344262295081968,0.9672131147540983,0.8524590163934426
5.1,S5.1_F_2to1_S1toS2,RandomForest,42,61,61,"{'n_estimators': 300, 'max_depth': 20, 'min_samples_split': 2, 'min_samples_leaf': 1, 'max_features': 'sqrt', 'bootstrap': True}",scenario_results_rf_only_2026-01-25_223058_early_stop/randomforest_S5.1_F_2to1_S1toS2_2026-01-25_223058_seed42_early_stop.pkl,1.0,1.0,1.0,1.0,1.0,1.0,1.0,1.0,1.0,1.0,1.0,1.0,1.0,0.7868852459016393,0.7377049180327868,0.7377049180327868,0.715846994535519,0.715846994535519,0.7868852459016393,0.7868852459016393,0.7868852459016393,0.8688524590163934,0.9508196721311475,0.9672131147540983,0.9836065573770492,0.7704918032786885
5.1,S5.1_F_3to2_S1toS2,RandomForest,42,61,61,"{'n_estimators': 300, 'max_depth': 20, 'min_samples_split': 2, 'min_samples_leaf': 1, 'max_features': 'sqrt', 'bootstrap': True}",scenario_results_rf_only_2026-01-25_223058_early_stop/randomforest_S5.1_F_3to2_S1toS2_2026-01-25_223058_seed42_early_stop.pkl,1.0,1.0,1.0,1.0,1.0,1.0,1.0,1.0,1.0,1.0,1.0,1.0,1.0,0.8688524590163934,0.8360655737704917,0.8360655737704917,0.819672131147541,0.819672131147541,0.8688524590163934,0.8688524590163934,0.8688524590163934,0.9344262295081968,0.9508196721311475,0.9672131147540983,0.9672131147540983,0.8688524590163934
5.1,S5.1_F_1to3_S1toS2,RandomForest,42,61,61,"{'n_estimators': 300, 'max_depth': 20, 'min_samples_split': 2, 'min_samples_leaf': 1, 'max_features': 'sqrt', 'bootstrap': True}",scenario_results_rf_only_2026-01-25_223058_early_stop/randomforest_S5.1_F_1to3_S1toS2_2026-01-25_223058_seed42_early_stop.pkl,1.0,1.0,1.0,1.0,1.0,1.0,1.0,1.0,1.0,1.0,1.0,1.0,1.0,0.7540983606557377,0.7005464480874316,0.7005464480874316,0.6762295081967213,0.6762295081967213,0.7540983606557377,0.7540983606557377,0.7377049180327869,0.8524590163934426,0.8688524590163934,0.9180327868852459,0.9344262295081968,0.7377049180327869
5.1,S5.1_I_1to2_S1toS2,RandomForest,42,61,61,"{'n_estimators': 300, 'max_depth': 20, 'min_samples_split': 2, 'min_samples_leaf': 1, 'max_features': 'sqrt', 'bootstrap': True}",scenario_results_rf_only_2026-01-25_223058_early_stop/randomforest_S5.1_I_1to2_S1toS2_2026-01-25_223058_seed42_early_stop.pkl,1.0,1.0,1.0,1.0,1.0,1.0,1.0,1.0,1.0,1.0,1.0,1.0,1.0,0.7704918032786885,0.715846994535519,0.715846994535519,0.6945355191256829,0.6945355191256829,0.7704918032786885,0.7704918032786885,0.8032786885245902,0.8524590163934426,0.9180327868852459,0.9180327868852459,0.9344262295081968,0.7704918032786885
5.1,S5.1_I_2to3_S1toS2,RandomForest,42,61,61,"{'n_estimators': 300, 'max_depth': 20, 'min_samples_split': 2, 'min_samples_leaf': 1, 'max_features': 'sqrt', 'bootstrap': True}",scenario_results_rf_only_2026-01-25_223058_early_stop/randomforest_S5.1_I_2to3_S1toS2_2026-01-25_223058_seed42_early_stop.pkl,1.0,1.0,1.0,1.0,1.0,1.0,1.0,1.0,1.0,1.0,1.0,1.0,1.0,0.7540983606557377,0.7021857923497267,0.7021857923497267,0.6775956284153005,0.6775956284153005,0.7540983606557377,0.7540983606557377,0.7377049180327869,0.8360655737704918,0.8852459016393442,0.9016393442622951,0.9016393442622951,0.7377049180327869
5.1,S5.1_I_3to1_S1toS2,RandomForest,42,61,61,"{'n_estimators': 300, 'max_depth': 20, 'min_samples_split': 2, 'min_samples_leaf': 1, 'max_features': 'sqrt', 'bootstrap': True}",scenario_results_rf_only_2026-01-25_223058_early_stop/randomforest_S5.1_I_3to1_S1toS2_2026-01-25_223058_seed42_early_stop.pkl,1.0,1.0,1.0,1.0,1.0,1.0,1.0,1.0,1.0,1.0,1.0,1.0,1.0,0.8852459016393442,0.860655737704918,0.860655737704918,0.8497267759562842,0.8497267759562842,0.8852459016393442,0.8852459016393442,0.8852459016393442,0.9344262295081968,0.9508196721311475,0.9672131147540983,0.9672131147540983,0.8852459016393442
5.1,S5.1_I_2to1_S1toS2,RandomForest,42,61,61,"{'n_estimators': 300, 'max_depth': 20, 'min_samples_split': 2, 'min_samples_leaf': 1, 'max_features': 'sqrt', 'bootstrap': True}",scenario_results_rf_only_2026-01-25_223058_early_stop/randomforest_S5.1_I_2to1_S1toS2_2026-01-25_223058_seed42_early_stop.pkl,1.0,1.0,1.0,1.0,1.0,1.0,1.0,1.0,1.0,1.0,1.0,1.0,1.0,0.8852459016393442,0.8524590163934426,0.8524590163934426,0.8360655737704918,0.8360655737704918,0.8852459016393442,0.8852459016393442,0.8852459016393442,0.9508196721311475,0.9672131147540983,0.9836065573770492,0.9836065573770492,0.8688524590163934
5.1,S5.1_I_3to2_S1toS2,RandomForest,42,61,61,"{'n_estimators': 300, 'max_depth': 20, 'min_samples_split': 2, 'min_samples_leaf': 1, 'max_features': 'sqrt', 'bootstrap': True}",scenario_results_rf_only_2026-01-25_223058_early_stop/randomforest_S5.1_I_3to2_S1toS2_2026-01-25_223058_seed42_early_stop.pkl,1.0,1.0,1.0,1.0,1.0,1.0,1.0,1.0,1.0,1.0,1.0,1.0,1.0,0.8524590163934426,0.8060109289617486,0.8060109289617486,0.784153005464481,0.784153005464481,0.8524590163934426,0.8524590163934426,0.8360655737704918,0.9508196721311475,0.9508196721311475,0.9672131147540983,0.9672131147540983,0.819672131147541
5.1,S5.1_I_1to3_S1toS2,RandomForest,42,61,61,"{'n_estimators': 300, 'max_depth': 20, 'min_samples_split': 2, 'min_samples_leaf': 1, 'max_features': 'sqrt', 'bootstrap': True}",scenario_results_rf_only_2026-01-25_223058_early_stop/randomforest_S5.1_I_1to3_S1toS2_2026-01-25_223058_seed42_early_stop.pkl,1.0,1.0,1.0,1.0,1.0,1.0,1.0,1.0,1.0,1.0,1.0,1.0,1.0,0.8032786885245902,0.7568306010928961,0.7568306010928961,0.7349726775956285,0.7349726775956285,0.8032786885245902,0.8032786885245902,0.8032786885245902,0.9344262295081968,0.9508196721311475,0.9508196721311475,0.9508196721311475,0.7704918032786885
5.1,S5.1_T_1to2_S1toS2,RandomForest,42,61,61,"{'n_estimators': 300, 'max_depth': 20, 'min_samples_split': 2, 'min_samples_leaf': 1, 'max_features': 'sqrt', 'bootstrap': True}",scenario_results_rf_only_2026-01-25_223058_early_stop/randomforest_S5.1_T_1to2_S1toS2_2026-01-25_223058_seed42_early_stop.pkl,1.0,1.0,1.0,1.0,1.0,1.0,1.0,1.0,1.0,1.0,1.0,1.0,1.0,0.8524590163934426,0.8114754098360655,0.8114754098360655,0.7950819672131147,0.7950819672131147,0.8524590163934426,0.8524590163934426,0.8360655737704918,0.9180327868852459,0.9344262295081968,0.9344262295081968,0.9508196721311475,0.8360655737704918
5.1,S5.1_T_2to3_S1toS2,RandomForest,42,61,61,"{'n_estimators': 300, 'max_depth': 20, 'min_samples_split': 2, 'min_samples_leaf': 1, 'max_features': 'sqrt', 'bootstrap': True}",scenario_results_rf_only_2026-01-25_223058_early_stop/randomforest_S5.1_T_2to3_S1toS2_2026-01-25_223058_seed42_early_stop.pkl,1.0,1.0,1.0,1.0,1.0,1.0,1.0,1.0,1.0,1.0,1.0,1.0,1.0,0.8032786885245902,0.7633879781420766,0.7633879781420766,0.7472677595628414,0.7472677595628414,0.8032786885245902,0.8032786885245902,0.7868852459016393,0.9016393442622951,0.9180327868852459,0.9344262295081968,0.9508196721311475,0.7868852459016393
5.1,S5.1_T_3to1_S1toS2,RandomForest,42,61,61,"{'n_estimators': 300, 'max_depth': 20, 'min_samples_split': 2, 'min_samples_leaf': 1, 'max_features': 'sqrt', 'bootstrap': True}",scenario_results_rf_only_2026-01-25_223058_early_stop/randomforest_S5.1_T_3to1_S1toS2_2026-01-25_223058_seed42_early_stop.pkl,1.0,1.0,1.0,1.0,1.0,1.0,1.0,1.0,1.0,1.0,1.0,1.0,1.0,0.819672131147541,0.7841530054644807,0.7841530054644807,0.7677595628415301,0.7677595628415301,0.819672131147541,0.819672131147541,0.8360655737704918,0.8852459016393442,0.8852459016393442,0.9016393442622951,0.9180327868852459,0.819672131147541
5.1,S5.1_T_2to1_S1toS2,RandomForest,42,61,61,"{'n_estimators': 300, 'max_depth': 20, 'min_samples_split': 2, 'min_samples_leaf': 1, 'max_features': 'sqrt', 'bootstrap': True}",scenario_results_rf_only_2026-01-25_223058_early_stop/randomforest_S5.1_T_2to1_S1toS2_2026-01-25_223058_seed42_early_stop.pkl,1.0,1.0,1.0,1.0,1.0,1.0,1.0,1.0,1.0,1.0,1.0,1.0,1.0,0.8360655737704918,0.8005464480874316,0.8005464480874316,0.7841530054644807,0.7841530054644807,0.8360655737704918,0.8360655737704918,0.8524590163934426,0.9180327868852459,0.9344262295081968,0.9508196721311475,0.9836065573770492,0.819672131147541
5.1,S5.1_T_3to2_S1toS2,RandomForest,42,61,61,"{'n_estimators': 300, 'max_depth': 20, 'min_samples_split': 2, 'min_samples_leaf': 1, 'max_features': 'sqrt', 'bootstrap': True}",scenario_results_rf_only_2026-01-25_223058_early_stop/randomforest_S5.1_T_3to2_S1toS2_2026-01-25_223058_seed42_early_stop.pkl,1.0,1.0,1.0,1.0,1.0,1.0,1.0,1.0,1.0,1.0,1.0,1.0,1.0,0.7868852459016393,0.7415300546448088,0.7415300546448088,0.7226775956284154,0.7226775956284154,0.7868852459016393,0.7868852459016393,0.819672131147541,0.9344262295081968,0.9508196721311475,0.9836065573770492,0.9836065573770492,0.7540983606557377
5.1,S5.1_T_1to3_S1toS2,RandomForest,42,61,61,"{'n_estimators': 300, 'max_depth': 20, 'min_samples_split': 2, 'min_samples_leaf': 1, 'max_features': 'sqrt', 'bootstrap': True}",scenario_results_rf_only_2026-01-25_223058_early_stop/randomforest_S5.1_T_1to3_S1toS2_2026-01-25_223058_seed42_early_stop.pkl,1.0,1.0,1.0,1.0,1.0,1.0,1.0,1.0,1.0,1.0,1.0,1.0,1.0,0.7868852459016393,0.7404371584699453,0.7404371584699453,0.7185792349726775,0.7185792349726775,0.7868852459016393,0.7868852459016393,0.8032786885245902,0.8524590163934426,0.8688524590163934,0.9344262295081968,0.9672131147540983,0.7868852459016393
5.1,S5.1_F_1to2_S1toS2,RandomForest,123,61,61,"{'n_estimators': 300, 'max_depth': 20, 'min_samples_split': 2, 'min_samples_leaf': 1, 'max_features': 'sqrt', 'bootstrap': True}",scenario_results_rf_only_2026-01-25_223058_early_stop/randomforest_S5.1_F_1to2_S1toS2_2026-01-25_223058_seed123_early_stop.pkl,1.0,1.0,1.0,1.0,1.0,1.0,1.0,1.0,1.0,1.0,1.0,1.0,1.0,0.7377049180327869,0.6912568306010928,0.6912568306010928,0.6693989071038251,0.6693989071038251,0.7377049180327869,0.7377049180327869,0.7377049180327869,0.8852459016393442,0.9508196721311475,0.9836065573770492,0.9836065573770492,0.7377049180327869
5.1,S5.1_F_2to3_S1toS2,RandomForest,123,61,61,"{'n_estimators': 300, 'max_depth': 20, 'min_samples_split': 2, 'min_samples_leaf': 1, 'max_features': 'sqrt', 'bootstrap': True}",scenario_results_rf_only_2026-01-25_223058_early_stop/randomforest_S5.1_F_2to3_S1toS2_2026-01-25_223058_seed123_early_stop.pkl,1.0,1.0,1.0,1.0,1.0,1.0,1.0,1.0,1.0,1.0,1.0,1.0,1.0,0.819672131147541,0.7814207650273224,0.7814207650273224,0.7650273224043717,0.7650273224043717,0.819672131147541,0.819672131147541,0.7704918032786885,0.8852459016393442,0.9344262295081968,0.9344262295081968,1.0,0.7704918032786885
5.1,S5.1_F_3to1_S1toS2,RandomForest,123,61,61,"{'n_estimators': 300, 'max_depth': 20, 'min_samples_split': 2, 'min_samples_leaf': 1, 'max_features': 'sqrt', 'bootstrap': True}",scenario_results_rf_only_2026-01-25_223058_early_stop/randomforest_S5.1_F_3to1_S1toS2_2026-01-25_223058_seed123_early_stop.pkl,1.0,1.0,1.0,1.0,1.0,1.0,1.0,1.0,1.0,1.0,1.0,1.0,1.0,0.8360655737704918,0.7896174863387979,0.7896174863387979,0.7677595628415301,0.7677595628415301,0.8360655737704918,0.8360655737704918,0.8524590163934426,0.9180327868852459,0.9508196721311475,0.9836065573770492,0.9836065573770492,0.8360655737704918
5.1,S5.1_F_2to1_S1toS2,RandomForest,123,61,61,"{'n_estimators': 300, 'max_depth': 20, 'min_samples_split': 2, 'min_samples_leaf': 1, 'max_features': 'sqrt', 'bootstrap': True}",scenario_results_rf_only_2026-01-25_223058_early_stop/randomforest_S5.1_F_2to1_S1toS2_2026-01-25_223058_seed123_early_stop.pkl,1.0,1.0,1.0,1.0,1.0,1.0,1.0,1.0,1.0,1.0,1.0,1.0,1.0,0.7704918032786885,0.7131147540983607,0.7131147540983607,0.6857923497267758,0.6857923497267758,0.7704918032786885,0.7704918032786885,0.819672131147541,0.9180327868852459,0.9508196721311475,0.9672131147540983,0.9836065573770492,0.7704918032786885
5.1,S5.1_F_3to2_S1toS2,RandomForest,123,61,61,"{'n_estimators': 300, 'max_depth': 20, 'min_samples_split': 2, 'min_samples_leaf': 1, 'max_features': 'sqrt', 'bootstrap': True}",scenario_results_rf_only_2026-01-25_223058_early_stop/randomforest_S5.1_F_3to2_S1toS2_2026-01-25_223058_seed123_early_stop.pkl,1.0,1.0,1.0,1.0,1.0,1.0,1.0,1.0,1.0,1.0,1.0,1.0,1.0,0.8524590163934426,0.8251366120218578,0.8251366120218578,0.8114754098360656,0.8114754098360656,0.8524590163934426,0.8524590163934426,0.819672131147541,0.9344262295081968,0.9672131147540983,0.9672131147540983,0.9672131147540983,0.819672131147541
5.1,S5.1_F_1to3_S1toS2,RandomForest,123,61,61,"{'n_estimators': 300, 'max_depth': 20, 'min_samples_split': 2, 'min_samples_leaf': 1, 'max_features': 'sqrt', 'bootstrap': True}",scenario_results_rf_only_2026-01-25_223058_early_stop/randomforest_S5.1_F_1to3_S1toS2_2026-01-25_223058_seed123_early_stop.pkl,1.0,1.0,1.0,1.0,1.0,1.0,1.0,1.0,1.0,1.0,1.0,1.0,1.0,0.7213114754098361,0.6530054644808744,0.6530054644808744,0.6229508196721312,0.6229508196721312,0.7213114754098361,0.7213114754098361,0.7213114754098361,0.8360655737704918,0.9016393442622951,0.9508196721311475,0.9672131147540983,0.7049180327868853
5.1,S5.1_I_1to2_S1toS2,RandomForest,123,61,61,"{'n_estimators': 300, 'max_depth': 20, 'min_samples_split': 2, 'min_samples_leaf': 1, 'max_features': 'sqrt', 'bootstrap': True}",scenario_results_rf_only_2026-01-25_223058_early_stop/randomforest_S5.1_I_1to2_S1toS2_2026-01-25_223058_seed123_early_stop.pkl,1.0,1.0,1.0,1.0,1.0,1.0,1.0,1.0,1.0,1.0,1.0,1.0,1.0,0.7868852459016393,0.7480874316939891,0.7480874316939891,0.7349726775956283,0.7349726775956283,0.7868852459016393,0.7868852459016393,0.8032786885245902,0.9508196721311475,0.9836065573770492,0.9836065573770492,0.9836065573770492,0.7704918032786885
5.1,S5.1_I_2to3_S1toS2,RandomForest,123,61,61,"{'n_estimators': 300, 'max_depth': 20, 'min_samples_split': 2, 'min_samples_leaf': 1, 'max_features': 'sqrt', 'bootstrap': True}",scenario_results_rf_only_2026-01-25_223058_early_stop/randomforest_S5.1_I_2to3_S1toS2_2026-01-25_223058_seed123_early_stop.pkl,1.0,1.0,1.0,1.0,1.0,1.0,1.0,1.0,1.0,1.0,1.0,1.0,1.0,0.7540983606557377,0.7021857923497267,0.7021857923497267,0.6775956284153006,0.6775956284153006,0.7540983606557377,0.7540983606557377,0.7377049180327869,0.8524590163934426,0.9344262295081968,0.9508196721311475,0.9836065573770492,0.7377049180327869
5.1,S5.1_I_3to1_S1toS2,RandomForest,123,61,61,"{'n_estimators': 300, 'max_depth': 20, 'min_samples_split': 2, 'min_samples_leaf': 1, 'max_features': 'sqrt', 'bootstrap': True}",scenario_results_rf_only_2026-01-25_223058_early_stop/randomforest_S5.1_I_3to1_S1toS2_2026-01-25_223058_seed123_early_stop.pkl,1.0,1.0,1.0,1.0,1.0,1.0,1.0,1.0,1.0,1.0,1.0,1.0,1.0,0.7704918032786885,0.725136612021858,0.725136612021858,0.7090163934426229,0.7090163934426229,0.7704918032786885,0.7704918032786885,0.8032786885245902,0.8524590163934426,0.9180327868852459,0.9180327868852459,0.9672131147540983,0.7540983606557377
5.1,S5.1_I_2to1_S1toS2,RandomForest,123,61,61,"{'n_estimators': 300, 'max_depth': 20, 'min_samples_split': 2, 'min_samples_leaf': 1, 'max_features': 'sqrt', 'bootstrap': True}",scenario_results_rf_only_2026-01-25_223058_early_stop/randomforest_S5.1_I_2to1_S1toS2_2026-01-25_223058_seed123_early_stop.pkl,1.0,1.0,1.0,1.0,1.0,1.0,1.0,1.0,1.0,1.0,1.0,1.0,1.0,0.8032786885245902,0.760655737704918,0.760655737704918,0.7445355191256832,0.7445355191256832,0.8032786885245902,0.8032786885245902,0.819672131147541,0.9508196721311475,0.9672131147540983,0.9672131147540983,0.9836065573770492,0.7868852459016393
5.1,S5.1_I_3to2_S1toS2,RandomForest,123,61,61,"{'n_estimators': 300, 'max_depth': 20, 'min_samples_split': 2, 'min_samples_leaf': 1, 'max_features': 'sqrt', 'bootstrap': True}",scenario_results_rf_only_2026-01-25_223058_early_stop/randomforest_S5.1_I_3to2_S1toS2_2026-01-25_223058_seed123_early_stop.pkl,1.0,1.0,1.0,1.0,1.0,1.0,1.0,1.0,1.0,1.0,1.0,1.0,1.0,0.8852459016393442,0.8551912568306012,0.8551912568306012,0.8415300546448088,0.8415300546448088,0.8852459016393442,0.8852459016393442,0.9180327868852459,0.9508196721311475,0.9672131147540983,0.9672131147540983,0.9672131147540983,0.8852459016393442
5.1,S5.1_I_1to3_S1toS2,RandomForest,123,61,61,"{'n_estimators': 300, 'max_depth': 20, 'min_samples_split': 2, 'min_samples_leaf': 1, 'max_features': 'sqrt', 'bootstrap': True}",scenario_results_rf_only_2026-01-25_223058_early_stop/randomforest_S5.1_I_1to3_S1toS2_2026-01-25_223058_seed123_early_stop.pkl,1.0,1.0,1.0,1.0,1.0,1.0,1.0,1.0,1.0,1.0,1.0,1.0,1.0,0.8032786885245902,0.7650273224043715,0.7650273224043715,0.7519125683060108,0.7519125683060108,0.8032786885245902,0.8032786885245902,0.7868852459016393,0.9344262295081968,0.9672131147540983,0.9836065573770492,0.9836065573770492,0.7868852459016393
5.1,S5.1_T_1to2_S1toS2,RandomForest,123,61,61,"{'n_estimators': 300, 'max_depth': 20, 'min_samples_split': 2, 'min_samples_leaf': 1, 'max_features': 'sqrt', 'bootstrap': True}",scenario_results_rf_only_2026-01-25_223058_early_stop/randomforest_S5.1_T_1to2_S1toS2_2026-01-25_223058_seed123_early_stop.pkl,1.0,1.0,1.0,1.0,1.0,1.0,1.0,1.0,1.0,1.0,1.0,1.0,1.0,0.8360655737704918,0.7978142076502732,0.7978142076502732,0.7814207650273225,0.7814207650273225,0.8360655737704918,0.8360655737704918,0.819672131147541,0.8688524590163934,0.9016393442622951,0.9344262295081968,0.9672131147540983,0.8032786885245902
5.1,S5.1_T_2to3_S1toS2,RandomForest,123,61,61,"{'n_estimators': 300, 'max_depth': 20, 'min_samples_split': 2, 'min_samples_leaf': 1, 'max_features': 'sqrt', 'bootstrap': True}",scenario_results_rf_only_2026-01-25_223058_early_stop/randomforest_S5.1_T_2to3_S1toS2_2026-01-25_223058_seed123_early_stop.pkl,1.0,1.0,1.0,1.0,1.0,1.0,1.0,1.0,1.0,1.0,1.0,1.0,1.0,0.7868852459016393,0.7622950819672131,0.7622950819672131,0.7513661202185792,0.7513661202185792,0.7868852459016393,0.7868852459016393,0.8032786885245902,0.8524590163934426,0.9016393442622951,0.9508196721311475,0.9508196721311475,0.7868852459016393
5.1,S5.1_T_3to1_S1toS2,RandomForest,123,61,61,"{'n_estimators': 300, 'max_depth': 20, 'min_samples_split': 2, 'min_samples_leaf': 1, 'max_features': 'sqrt', 'bootstrap': True}",scenario_results_rf_only_2026-01-25_223058_early_stop/randomforest_S5.1_T_3to1_S1toS2_2026-01-25_223058_seed123_early_stop.pkl,1.0,1.0,1.0,1.0,1.0,1.0,1.0,1.0,1.0,1.0,1.0,1.0,1.0,0.8360655737704918,0.8005464480874316,0.8005464480874316,0.7841530054644807,0.7841530054644807,0.8360655737704918,0.8360655737704918,0.8360655737704918,0.9180327868852459,0.9344262295081968,0.9508196721311475,0.9508196721311475,0.8032786885245902
5.1,S5.1_T_2to1_S1toS2,RandomForest,123,61,61,"{'n_estimators': 300, 'max_depth': 20, 'min_samples_split': 2, 'min_samples_leaf': 1, 'max_features': 'sqrt', 'bootstrap': True}",scenario_results_rf_only_2026-01-25_223058_early_stop/randomforest_S5.1_T_2to1_S1toS2_2026-01-25_223058_seed123_early_stop.pkl,1.0,1.0,1.0,1.0,1.0,1.0,1.0,1.0,1.0,1.0,1.0,1.0,1.0,0.8524590163934426,0.8142076502732241,0.8142076502732241,0.7978142076502732,0.7978142076502732,0.8524590163934426,0.8524590163934426,0.8688524590163934,0.9016393442622951,0.9344262295081968,0.9344262295081968,0.9672131147540983,0.819672131147541
5.1,S5.1_T_3to2_S1toS2,RandomForest,123,61,61,"{'n_estimators': 300, 'max_depth': 20, 'min_samples_split': 2, 'min_samples_leaf': 1, 'max_features': 'sqrt', 'bootstrap': True}",scenario_results_rf_only_2026-01-25_223058_early_stop/randomforest_S5.1_T_3to2_S1toS2_2026-01-25_223058_seed123_early_stop.pkl,1.0,1.0,1.0,1.0,1.0,1.0,1.0,1.0,1.0,1.0,1.0,1.0,1.0,0.7868852459016393,0.7333333333333334,0.7333333333333334,0.7090163934426229,0.7090163934426229,0.7868852459016393,0.7868852459016393,0.819672131147541,0.9016393442622951,0.9508196721311475,0.9672131147540983,0.9672131147540983,0.7868852459016393
5.1,S5.1_T_1to3_S1toS2,RandomForest,123,61,61,"{'n_estimators': 300, 'max_depth': 20, 'min_samples_split': 2, 'min_samples_leaf': 1, 'max_features': 'sqrt', 'bootstrap': True}",scenario_results_rf_only_2026-01-25_223058_early_stop/randomforest_S5.1_T_1to3_S1toS2_2026-01-25_223058_seed123_early_stop.pkl,1.0,1.0,1.0,1.0,1.0,1.0,1.0,1.0,1.0,1.0,1.0,1.0,1.0,0.8032786885245902,0.7606557377049179,0.7606557377049179,0.7418032786885246,0.7418032786885246,0.8032786885245902,0.8032786885245902,0.8032786885245902,0.8688524590163934,0.9508196721311475,0.9836065573770492,0.9836065573770492,0.7868852459016393
5.1,S5.1_F_1to2_S1toS2,RandomForest,456,61,61,"{'n_estimators': 300, 'max_depth': 20, 'min_samples_split': 2, 'min_samples_leaf': 1, 'max_features': 'sqrt', 'bootstrap': True}",scenario_results_rf_only_2026-01-25_223058_early_stop/randomforest_S5.1_F_1to2_S1toS2_2026-01-25_223058_seed456_early_stop.pkl,1.0,1.0,1.0,1.0,1.0,1.0,1.0,1.0,1.0,1.0,1.0,1.0,1.0,0.8360655737704918,0.8005464480874316,0.8005464480874316,0.7841530054644807,0.7841530054644807,0.8360655737704918,0.8360655737704918,0.8360655737704918,0.8688524590163934,0.9508196721311475,0.9672131147540983,0.9672131147540983,0.819672131147541
5.1,S5.1_F_2to3_S1toS2,RandomForest,456,61,61,"{'n_estimators': 300, 'max_depth': 20, 'min_samples_split': 2, 'min_samples_leaf': 1, 'max_features': 'sqrt', 'bootstrap': True}",scenario_results_rf_only_2026-01-25_223058_early_stop/randomforest_S5.1_F_2to3_S1toS2_2026-01-25_223058_seed456_early_stop.pkl,1.0,1.0,1.0,1.0,1.0,1.0,1.0,1.0,1.0,1.0,1.0,1.0,1.0,0.7868852459016393,0.7431693989071038,0.7431693989071038,0.726775956284153,0.726775956284153,0.7868852459016393,0.7868852459016393,0.7704918032786885,0.9180327868852459,0.9180327868852459,0.9508196721311475,0.9508196721311475,0.7704918032786885
5.1,S5.1_F_3to1_S1toS2,RandomForest,456,61,61,"{'n_estimators': 300, 'max_depth': 20, 'min_samples_split': 2, 'min_samples_leaf': 1, 'max_features': 'sqrt', 'bootstrap': True}",scenario_results_rf_only_2026-01-25_223058_early_stop/randomforest_S5.1_F_3to1_S1toS2_2026-01-25_223058_seed456_early_stop.pkl,1.0,1.0,1.0,1.0,1.0,1.0,1.0,1.0,1.0,1.0,1.0,1.0,1.0,0.8524590163934426,0.819672131147541,0.819672131147541,0.8032786885245902,0.8032786885245902,0.8524590163934426,0.8524590163934426,0.819672131147541,0.9508196721311475,0.9836065573770492,0.9836065573770492,0.9836065573770492,0.7868852459016393
5.1,S5.1_F_2to1_S1toS2,RandomForest,456,61,61,"{'n_estimators': 300, 'max_depth': 20, 'min_samples_split': 2, 'min_samples_leaf': 1, 'max_features': 'sqrt', 'bootstrap': True}",scenario_results_rf_only_2026-01-25_223058_early_stop/randomforest_S5.1_F_2to1_S1toS2_2026-01-25_223058_seed456_early_stop.pkl,1.0,1.0,1.0,1.0,1.0,1.0,1.0,1.0,1.0,1.0,1.0,1.0,1.0,0.7868852459016393,0.7377049180327868,0.7377049180327868,0.7185792349726776,0.7185792349726776,0.7868852459016393,0.7868852459016393,0.7868852459016393,0.9672131147540983,0.9836065573770492,0.9836065573770492,0.9836065573770492,0.7540983606557377
5.1,S5.1_F_3to2_S1toS2,RandomForest,456,61,61,"{'n_estimators': 300, 'max_depth': 20, 'min_samples_split': 2, 'min_samples_leaf': 1, 'max_features': 'sqrt', 'bootstrap': True}",scenario_results_rf_only_2026-01-25_223058_early_stop/randomforest_S5.1_F_3to2_S1toS2_2026-01-25_223058_seed456_early_stop.pkl,1.0,1.0,1.0,1.0,1.0,1.0,1.0,1.0,1.0,1.0,1.0,1.0,1.0,0.819672131147541,0.7732240437158469,0.7732240437158469,0.7513661202185792,0.7513661202185792,0.819672131147541,0.819672131147541,0.8360655737704918,0.9508196721311475,0.9836065573770492,0.9836065573770492,0.9836065573770492,0.8032786885245902
5.1,S5.1_F_1to3_S1toS2,RandomForest,456,61,61,"{'n_estimators': 300, 'max_depth': 20, 'min_samples_split': 2, 'min_samples_leaf': 1, 'max_features': 'sqrt', 'bootstrap': True}",scenario_results_rf_only_2026-01-25_223058_early_stop/randomforest_S5.1_F_1to3_S1toS2_2026-01-25_223058_seed456_early_stop.pkl,1.0,1.0,1.0,1.0,1.0,1.0,1.0,1.0,1.0,1.0,1.0,1.0,1.0,0.819672131147541,0.7595628415300547,0.7595628415300547,0.7295081967213115,0.7295081967213115,0.819672131147541,0.819672131147541,0.7868852459016393,0.9180327868852459,0.9344262295081968,0.9344262295081968,0.9508196721311475,0.7868852459016393
5.1,S5.1_I_1to2_S1toS2,RandomForest,456,61,61,"{'n_estimators': 300, 'max_depth': 20, 'min_samples_split': 2, 'min_samples_leaf': 1, 'max_features': 'sqrt', 'bootstrap': True}",scenario_results_rf_only_2026-01-25_223058_early_stop/randomforest_S5.1_I_1to2_S1toS2_2026-01-25_223058_seed456_early_stop.pkl,1.0,1.0,1.0,1.0,1.0,1.0,1.0,1.0,1.0,1.0,1.0,1.0,1.0,0.7704918032786885,0.7205308352849337,0.7205308352849337,0.6994535519125683,0.6994535519125683,0.7704918032786885,0.7704918032786885,0.7540983606557377,0.8524590163934426,0.9016393442622951,0.9344262295081968,0.9344262295081968,0.7377049180327869
5.1,S5.1_I_2to3_S1toS2,RandomForest,456,61,61,"{'n_estimators': 300, 'max_depth': 20, 'min_samples_split': 2, 'min_samples_leaf': 1, 'max_features': 'sqrt', 'bootstrap': True}",scenario_results_rf_only_2026-01-25_223058_early_stop/randomforest_S5.1_I_2to3_S1toS2_2026-01-25_223058_seed456_early_stop.pkl,1.0,1.0,1.0,1.0,1.0,1.0,1.0,1.0,1.0,1.0,1.0,1.0,1.0,0.819672131147541,0.7704918032786884,0.7704918032786884,0.7459016393442623,0.7459016393442623,0.819672131147541,0.819672131147541,0.7868852459016393,0.9016393442622951,0.9508196721311475,0.9508196721311475,0.9508196721311475,0.7868852459016393
5.1,S5.1_I_3to1_S1toS2,RandomForest,456,61,61,"{'n_estimators': 300, 'max_depth': 20, 'min_samples_split': 2, 'min_samples_leaf': 1, 'max_features': 'sqrt', 'bootstrap': True}",scenario_results_rf_only_2026-01-25_223058_early_stop/randomforest_S5.1_I_3to1_S1toS2_2026-01-25_223058_seed456_early_stop.pkl,1.0,1.0,1.0,1.0,1.0,1.0,1.0,1.0,1.0,1.0,1.0,1.0,1.0,0.819672131147541,0.7797814207650272,0.7797814207650272,0.7636612021857923,0.7636612021857923,0.819672131147541,0.819672131147541,0.7868852459016393,0.9016393442622951,0.9344262295081968,0.9672131147540983,0.9836065573770492,0.7704918032786885
5.1,S5.1_I_2to1_S1toS2,RandomForest,456,61,61,"{'n_estimators': 300, 'max_depth': 20, 'min_samples_split': 2, 'min_samples_leaf': 1, 'max_features': 'sqrt', 'bootstrap': True}",scenario_results_rf_only_2026-01-25_223058_early_stop/randomforest_S5.1_I_2to1_S1toS2_2026-01-25_223058_seed456_early_stop.pkl,1.0,1.0,1.0,1.0,1.0,1.0,1.0,1.0,1.0,1.0,1.0,1.0,1.0,0.819672131147541,0.7841530054644807,0.7841530054644807,0.7704918032786885,0.7704918032786885,0.819672131147541,0.819672131147541,0.8524590163934426,0.9016393442622951,0.9672131147540983,1.0,1.0,0.819672131147541
5.1,S5.1_I_3to2_S1toS2,RandomForest,456,61,61,"{'n_estimators': 300, 'max_depth': 20, 'min_samples_split': 2, 'min_samples_leaf': 1, 'max_features': 'sqrt', 'bootstrap': True}",scenario_results_rf_only_2026-01-25_223058_early_stop/randomforest_S5.1_I_3to2_S1toS2_2026-01-25_223058_seed456_early_stop.pkl,1.0,1.0,1.0,1.0,1.0,1.0,1.0,1.0,1.0,1.0,1.0,1.0,1.0,0.7868852459016393,0.7431693989071038,0.7431693989071038,0.7240437158469946,0.7240437158469946,0.7868852459016393,0.7868852459016393,0.7868852459016393,0.8852459016393442,0.9180327868852459,0.9508196721311475,0.9508196721311475,0.7704918032786885
5.1,S5.1_I_1to3_S1toS2,RandomForest,456,61,61,"{'n_estimators': 300, 'max_depth': 20, 'min_samples_split': 2, 'min_samples_leaf': 1, 'max_features': 'sqrt', 'bootstrap': True}",scenario_results_rf_only_2026-01-25_223058_early_stop/randomforest_S5.1_I_1to3_S1toS2_2026-01-25_223058_seed456_early_stop.pkl,1.0,1.0,1.0,1.0,1.0,1.0,1.0,1.0,1.0,1.0,1.0,1.0,1.0,0.7540983606557377,0.6967213114754098,0.6967213114754098,0.6693989071038252,0.6693989071038252,0.7540983606557377,0.7540983606557377,0.7540983606557377,0.819672131147541,0.8852459016393442,0.9180327868852459,0.9180327868852459,0.7377049180327869
5.1,S5.1_T_1to2_S1toS2,RandomForest,456,61,61,"{'n_estimators': 300, 'max_depth': 20, 'min_samples_split': 2, 'min_samples_leaf': 1, 'max_features': 'sqrt', 'bootstrap': True}",scenario_results_rf_only_2026-01-25_223058_early_stop/randomforest_S5.1_T_1to2_S1toS2_2026-01-25_223058_seed456_early_stop.pkl,1.0,1.0,1.0,1.0,1.0,1.0,1.0,1.0,1.0,1.0,1.0,1.0,1.0,0.7377049180327869,0.7049180327868851,0.7049180327868851,0.6912568306010929,0.6912568306010929,0.7377049180327869,0.7377049180327869,0.7377049180327869,0.8524590163934426,0.9016393442622951,0.9180327868852459,0.9180327868852459,0.7377049180327869
5.1,S5.1_T_2to3_S1toS2,RandomForest,456,61,61,"{'n_estimators': 300, 'max_depth': 20, 'min_samples_split': 2, 'min_samples_leaf': 1, 'max_features': 'sqrt', 'bootstrap': True}",scenario_results_rf_only_2026-01-25_223058_early_stop/randomforest_S5.1_T_2to3_S1toS2_2026-01-25_223058_seed456_early_stop.pkl,1.0,1.0,1.0,1.0,1.0,1.0,1.0,1.0,1.0,1.0,1.0,1.0,1.0,0.7868852459016393,0.7633879781420765,0.7633879781420765,0.7554644808743168,0.7554644808743168,0.7868852459016393,0.7868852459016393,0.7377049180327869,0.8688524590163934,0.9180327868852459,0.9344262295081968,0.9508196721311475,0.7377049180327869
5.1,S5.1_T_3to1_S1toS2,RandomForest,456,61,61,"{'n_estimators': 300, 'max_depth': 20, 'min_samples_split': 2, 'min_samples_leaf': 1, 'max_features': 'sqrt', 'bootstrap': True}",scenario_results_rf_only_2026-01-25_223058_early_stop/randomforest_S5.1_T_3to1_S1toS2_2026-01-25_223058_seed456_early_stop.pkl,1.0,1.0,1.0,1.0,1.0,1.0,1.0,1.0,1.0,1.0,1.0,1.0,1.0,0.8360655737704918,0.8043715846994535,0.8043715846994535,0.7909836065573771,0.7909836065573771,0.8360655737704918,0.8360655737704918,0.8360655737704918,0.9344262295081968,0.9508196721311475,0.9836065573770492,0.9836065573770492,0.8360655737704918
5.1,S5.1_T_2to1_S1toS2,RandomForest,456,61,61,"{'n_estimators': 300, 'max_depth': 20, 'min_samples_split': 2, 'min_samples_leaf': 1, 'max_features': 'sqrt', 'bootstrap': True}",scenario_results_rf_only_2026-01-25_223058_early_stop/randomforest_S5.1_T_2to1_S1toS2_2026-01-25_223058_seed456_early_stop.pkl,1.0,1.0,1.0,1.0,1.0,1.0,1.0,1.0,1.0,1.0,1.0,1.0,1.0,0.8360655737704918,0.7950819672131147,0.7950819672131147,0.7759562841530054,0.7759562841530054,0.8360655737704918,0.8360655737704918,0.8360655737704918,0.9016393442622951,0.9016393442622951,0.9508196721311475,0.9508196721311475,0.8360655737704918
5.1,S5.1_T_3to2_S1toS2,RandomForest,456,61,61,"{'n_estimators': 300, 'max_depth': 20, 'min_samples_split': 2, 'min_samples_leaf': 1, 'max_features': 'sqrt', 'bootstrap': True}",scenario_results_rf_only_2026-01-25_223058_early_stop/randomforest_S5.1_T_3to2_S1toS2_2026-01-25_223058_seed456_early_stop.pkl,1.0,1.0,1.0,1.0,1.0,1.0,1.0,1.0,1.0,1.0,1.0,1.0,1.0,0.819672131147541,0.7841530054644807,0.7841530054644807,0.7710382513661201,0.7710382513661201,0.819672131147541,0.819672131147541,0.819672131147541,0.9016393442622951,0.9180327868852459,0.9344262295081968,0.9344262295081968,0.8032786885245902
5.1,S5.1_T_1to3_S1toS2,RandomForest,456,61,61,"{'n_estimators': 300, 'max_depth': 20, 'min_samples_split': 2, 'min_samples_leaf': 1, 'max_features': 'sqrt', 'bootstrap': True}",scenario_results_rf_only_2026-01-25_223058_early_stop/randomforest_S5.1_T_1to3_S1toS2_2026-01-25_223058_seed456_early_stop.pkl,1.0,1.0,1.0,1.0,1.0,1.0,1.0,1.0,1.0,1.0,1.0,1.0,1.0,0.7704918032786885,0.715846994535519,0.715846994535519,0.6939890710382512,0.6939890710382512,0.7704918032786885,0.7704918032786885,0.7540983606557377,0.8852459016393442,0.9180327868852459,0.9344262295081968,0.9508196721311475,0.7377049180327869
5.2,S5.2_F_2to1_S2toS1,RandomForest,42,61,61,"{'n_estimators': 300, 'max_depth': 20, 'min_samples_split': 2, 'min_samples_leaf': 1, 'max_features': 'sqrt', 'bootstrap': True}",scenario_results_rf_only_2026-01-25_223058_early_stop/randomforest_S5.2_F_2to1_S2toS1_2026-01-25_223058_seed42_early_stop.pkl,1.0,1.0,1.0,1.0,1.0,1.0,1.0,1.0,1.0,1.0,1.0,1.0,1.0,0.6885245901639344,0.644808743169399,0.644808743169399,0.6229508196721312,0.6229508196721312,0.6885245901639344,0.6885245901639344,0.7213114754098361,0.8524590163934426,0.8688524590163934,0.9016393442622951,0.9836065573770492,0.6885245901639344
5.2,S5.2_F_3to2_S2toS1,RandomForest,42,61,61,"{'n_estimators': 300, 'max_depth': 20, 'min_samples_split': 2, 'min_samples_leaf': 1, 'max_features': 'sqrt', 'bootstrap': True}",scenario_results_rf_only_2026-01-25_223058_early_stop/randomforest_S5.2_F_3to2_S2toS1_2026-01-25_223058_seed42_early_stop.pkl,1.0,1.0,1.0,1.0,1.0,1.0,1.0,1.0,1.0,1.0,1.0,1.0,1.0,0.8688524590163934,0.8278688524590164,0.8278688524590164,0.808743169398907,0.808743169398907,0.8688524590163934,0.8688524590163934,0.8524590163934426,0.9508196721311475,0.9836065573770492,0.9836065573770492,0.9836065573770492,0.8360655737704918
5.2,S5.2_F_1to3_S2toS1,RandomForest,42,61,61,"{'n_estimators': 300, 'max_depth': 20, 'min_samples_split': 2, 'min_samples_leaf': 1, 'max_features': 'sqrt', 'bootstrap': True}",scenario_results_rf_only_2026-01-25_223058_early_stop/randomforest_S5.2_F_1to3_S2toS1_2026-01-25_223058_seed42_early_stop.pkl,1.0,1.0,1.0,1.0,1.0,1.0,1.0,1.0,1.0,1.0,1.0,1.0,1.0,0.819672131147541,0.773224043715847,0.773224043715847,0.7513661202185792,0.7513661202185792,0.819672131147541,0.819672131147541,0.7868852459016393,0.9016393442622951,0.9672131147540983,0.9672131147540983,0.9672131147540983,0.7868852459016393
5.2,S5.2_F_1to2_S2toS1,RandomForest,42,61,61,"{'n_estimators': 300, 'max_depth': 20, 'min_samples_split': 2, 'min_samples_leaf': 1, 'max_features': 'sqrt', 'bootstrap': True}",scenario_results_rf_only_2026-01-25_223058_early_stop/randomforest_S5.2_F_1to2_S2toS1_2026-01-25_223058_seed42_early_stop.pkl,1.0,1.0,1.0,1.0,1.0,1.0,1.0,1.0,1.0,1.0,1.0,1.0,1.0,0.819672131147541,0.7841530054644807,0.7841530054644807,0.7677595628415301,0.7677595628415301,0.819672131147541,0.819672131147541,0.7868852459016393,0.9344262295081968,0.9508196721311475,0.9672131147540983,0.9672131147540983,0.7868852459016393
5.2,S5.2_F_2to3_S2toS1,RandomForest,42,61,61,"{'n_estimators': 300, 'max_depth': 20, 'min_samples_split': 2, 'min_samples_leaf': 1, 'max_features': 'sqrt', 'bootstrap': True}",scenario_results_rf_only_2026-01-25_223058_early_stop/randomforest_S5.2_F_2to3_S2toS1_2026-01-25_223058_seed42_early_stop.pkl,1.0,1.0,1.0,1.0,1.0,1.0,1.0,1.0,1.0,1.0,1.0,1.0,1.0,0.8032786885245902,0.7814207650273225,0.7814207650273225,0.7704918032786885,0.7704918032786885,0.8032786885245902,0.8032786885245902,0.8032786885245902,0.8688524590163934,0.9016393442622951,0.9180327868852459,0.9344262295081968,0.7868852459016393
5.2,S5.2_F_3to1_S2toS1,RandomForest,42,61,61,"{'n_estimators': 300, 'max_depth': 20, 'min_samples_split': 2, 'min_samples_leaf': 1, 'max_features': 'sqrt', 'bootstrap': True}",scenario_results_rf_only_2026-01-25_223058_early_stop/randomforest_S5.2_F_3to1_S2toS1_2026-01-25_223058_seed42_early_stop.pkl,1.0,1.0,1.0,1.0,1.0,1.0,1.0,1.0,1.0,1.0,1.0,1.0,1.0,0.7704918032786885,0.7306010928961749,0.7306010928961749,0.71448087431694,0.71448087431694,0.7704918032786885,0.7704918032786885,0.7540983606557377,0.8524590163934426,0.9016393442622951,0.9016393442622951,0.9016393442622951,0.7540983606557377
5.2,S5.2_I_2to1_S2toS1,RandomForest,42,61,61,"{'n_estimators': 300, 'max_depth': 20, 'min_samples_split': 2, 'min_samples_leaf': 1, 'max_features': 'sqrt', 'bootstrap': True}",scenario_results_rf_only_2026-01-25_223058_early_stop/randomforest_S5.2_I_2to1_S2toS1_2026-01-25_223058_seed42_early_stop.pkl,1.0,1.0,1.0,1.0,1.0,1.0,1.0,1.0,1.0,1.0,1.0,1.0,1.0,0.8360655737704918,0.8043715846994535,0.8043715846994535,0.7909836065573771,0.7909836065573771,0.8360655737704918,0.8360655737704918,0.819672131147541,0.8852459016393442,0.9672131147540983,0.9672131147540983,0.9672131147540983,0.8032786885245902
5.2,S5.2_I_3to2_S2toS1,RandomForest,42,61,61,"{'n_estimators': 300, 'max_depth': 20, 'min_samples_split': 2, 'min_samples_leaf': 1, 'max_features': 'sqrt', 'bootstrap': True}",scenario_results_rf_only_2026-01-25_223058_early_stop/randomforest_S5.2_I_3to2_S2toS1_2026-01-25_223058_seed42_early_stop.pkl,1.0,1.0,1.0,1.0,1.0,1.0,1.0,1.0,1.0,1.0,1.0,1.0,1.0,0.8360655737704918,0.7978142076502733,0.7978142076502733,0.7786885245901639,0.7786885245901639,0.8360655737704918,0.8360655737704918,0.819672131147541,0.9016393442622951,0.9180327868852459,0.9180327868852459,0.9344262295081968,0.8032786885245902
5.2,S5.2_I_1to3_S2toS1,RandomForest,42,61,61,"{'n_estimators': 300, 'max_depth': 20, 'min_samples_split': 2, 'min_samples_leaf': 1, 'max_features': 'sqrt', 'bootstrap': True}",scenario_results_rf_only_2026-01-25_223058_early_stop/randomforest_S5.2_I_1to3_S2toS1_2026-01-25_223058_seed42_early_stop.pkl,1.0,1.0,1.0,1.0,1.0,1.0,1.0,1.0,1.0,1.0,1.0,1.0,1.0,0.8688524590163934,0.8442622950819673,0.8442622950819673,0.8333333333333333,0.8333333333333333,0.8688524590163934,0.8688524590163934,0.8852459016393442,0.9344262295081968,0.9344262295081968,0.9344262295081968,0.9508196721311475,0.8524590163934426
5.2,S5.2_I_1to2_S2toS1,RandomForest,42,61,61,"{'n_estimators': 300, 'max_depth': 20, 'min_samples_split': 2, 'min_samples_leaf': 1, 'max_features': 'sqrt', 'bootstrap': True}",scenario_results_rf_only_2026-01-25_223058_early_stop/randomforest_S5.2_I_1to2_S2toS1_2026-01-25_223058_seed42_early_stop.pkl,1.0,1.0,1.0,1.0,1.0,1.0,1.0,1.0,1.0,1.0,1.0,1.0,1.0,0.8688524590163934,0.8360655737704918,0.8360655737704918,0.819672131147541,0.819672131147541,0.8688524590163934,0.8688524590163934,0.8524590163934426,0.9180327868852459,0.9508196721311475,0.9672131147540983,0.9836065573770492,0.8524590163934426
5.2,S5.2_I_2to3_S2toS1,RandomForest,42,61,61,"{'n_estimators': 300, 'max_depth': 20, 'min_samples_split': 2, 'min_samples_leaf': 1, 'max_features': 'sqrt', 'bootstrap': True}",scenario_results_rf_only_2026-01-25_223058_early_stop/randomforest_S5.2_I_2to3_S2toS1_2026-01-25_223058_seed42_early_stop.pkl,1.0,1.0,1.0,1.0,1.0,1.0,1.0,1.0,1.0,1.0,1.0,1.0,1.0,0.8524590163934426,0.8032786885245901,0.8032786885245901,0.7786885245901639,0.7786885245901639,0.8524590163934426,0.8524590163934426,0.8852459016393442,0.9180327868852459,0.9672131147540983,0.9836065573770492,1.0,0.8360655737704918
5.2,S5.2_I_3to1_S2toS1,RandomForest,42,61,61,"{'n_estimators': 300, 'max_depth': 20, 'min_samples_split': 2, 'min_samples_leaf': 1, 'max_features': 'sqrt', 'bootstrap': True}",scenario_results_rf_only_2026-01-25_223058_early_stop/randomforest_S5.2_I_3to1_S2toS1_2026-01-25_223058_seed42_early_stop.pkl,1.0,1.0,1.0,1.0,1.0,1.0,1.0,1.0,1.0,1.0,1.0,1.0,1.0,0.8032786885245902,0.7650273224043715,0.7650273224043715,0.7491803278688525,0.7491803278688525,0.8032786885245902,0.8032786885245902,0.7868852459016393,0.9180327868852459,0.9508196721311475,0.9508196721311475,0.9508196721311475,0.7868852459016393
5.2,S5.2_T_2to1_S2toS1,RandomForest,42,61,61,"{'n_estimators': 300, 'max_depth': 20, 'min_samples_split': 2, 'min_samples_leaf': 1, 'max_features': 'sqrt', 'bootstrap': True}",scenario_results_rf_only_2026-01-25_223058_early_stop/randomforest_S5.2_T_2to1_S2toS1_2026-01-25_223058_seed42_early_stop.pkl,1.0,1.0,1.0,1.0,1.0,1.0,1.0,1.0,1.0,1.0,1.0,1.0,1.0,0.8032786885245902,0.766120218579235,0.766120218579235,0.75,0.75,0.8032786885245902,0.8032786885245902,0.8032786885245902,0.9016393442622951,0.9344262295081968,0.9344262295081968,0.9672131147540983,0.7704918032786885
5.2,S5.2_T_3to2_S2toS1,RandomForest,42,61,61,"{'n_estimators': 300, 'max_depth': 20, 'min_samples_split': 2, 'min_samples_leaf': 1, 'max_features': 'sqrt', 'bootstrap': True}",scenario_results_rf_only_2026-01-25_223058_early_stop/randomforest_S5.2_T_3to2_S2toS1_2026-01-25_223058_seed42_early_stop.pkl,1.0,1.0,1.0,1.0,1.0,1.0,1.0,1.0,1.0,1.0,1.0,1.0,1.0,0.8360655737704918,0.7950819672131147,0.7950819672131147,0.7759562841530054,0.7759562841530054,0.8360655737704918,0.8360655737704918,0.8360655737704918,0.9344262295081968,0.9508196721311475,0.9508196721311475,0.9672131147540983,0.8360655737704918
5.2,S5.2_T_1to3_S2toS1,RandomForest,42,61,61,"{'n_estimators': 300, 'max_depth': 20, 'min_samples_split': 2, 'min_samples_leaf': 1, 'max_features': 'sqrt', 'bootstrap': True}",scenario_results_rf_only_2026-01-25_223058_early_stop/randomforest_S5.2_T_1to3_S2toS1_2026-01-25_223058_seed42_early_stop.pkl,1.0,1.0,1.0,1.0,1.0,1.0,1.0,1.0,1.0,1.0,1.0,1.0,1.0,0.8852459016393442,0.8497267759562841,0.8497267759562841,0.8333333333333333,0.8333333333333333,0.8852459016393442,0.8852459016393442,0.8852459016393442,0.9180327868852459,0.9508196721311475,0.9836065573770492,0.9836065573770492,0.8852459016393442
5.2,S5.2_T_1to2_S2toS1,RandomForest,42,61,61,"{'n_estimators': 300, 'max_depth': 20, 'min_samples_split': 2, 'min_samples_leaf': 1, 'max_features': 'sqrt', 'bootstrap': True}",scenario_results_rf_only_2026-01-25_223058_early_stop/randomforest_S5.2_T_1to2_S2toS1_2026-01-25_223058_seed42_early_stop.pkl,1.0,1.0,1.0,1.0,1.0,1.0,1.0,1.0,1.0,1.0,1.0,1.0,1.0,0.7704918032786885,0.7103825136612021,0.7103825136612021,0.6857923497267758,0.6857923497267758,0.7704918032786885,0.7704918032786885,0.8032786885245902,0.9180327868852459,0.9672131147540983,0.9672131147540983,0.9836065573770492,0.7704918032786885
5.2,S5.2_T_2to3_S2toS1,RandomForest,42,61,61,"{'n_estimators': 300, 'max_depth': 20, 'min_samples_split': 2, 'min_samples_leaf': 1, 'max_features': 'sqrt', 'bootstrap': True}",scenario_results_rf_only_2026-01-25_223058_early_stop/randomforest_S5.2_T_2to3_S2toS1_2026-01-25_223058_seed42_early_stop.pkl,1.0,1.0,1.0,1.0,1.0,1.0,1.0,1.0,1.0,1.0,1.0,1.0,1.0,0.7377049180327869,0.7096018735362998,0.7096018735362998,0.6994535519125683,0.6994535519125683,0.7377049180327869,0.7377049180327869,0.7868852459016393,0.8524590163934426,0.9180327868852459,0.9344262295081968,0.9344262295081968,0.7377049180327869
5.2,S5.2_T_3to1_S2toS1,RandomForest,42,61,61,"{'n_estimators': 300, 'max_depth': 20, 'min_samples_split': 2, 'min_samples_leaf': 1, 'max_features': 'sqrt', 'bootstrap': True}",scenario_results_rf_only_2026-01-25_223058_early_stop/randomforest_S5.2_T_3to1_S2toS1_2026-01-25_223058_seed42_early_stop.pkl,1.0,1.0,1.0,1.0,1.0,1.0,1.0,1.0,1.0,1.0,1.0,1.0,1.0,0.819672131147541,0.7797814207650273,0.7797814207650273,0.7636612021857924,0.7636612021857924,0.819672131147541,0.819672131147541,0.8360655737704918,0.9016393442622951,0.9672131147540983,0.9672131147540983,0.9672131147540983,0.8032786885245902
5.2,S5.2_F_2to1_S2toS1,RandomForest,123,61,61,"{'n_estimators': 300, 'max_depth': 20, 'min_samples_split': 2, 'min_samples_leaf': 1, 'max_features': 'sqrt', 'bootstrap': True}",scenario_results_rf_only_2026-01-25_223058_early_stop/randomforest_S5.2_F_2to1_S2toS1_2026-01-25_223058_seed123_early_stop.pkl,1.0,1.0,1.0,1.0,1.0,1.0,1.0,1.0,1.0,1.0,1.0,1.0,1.0,0.819672131147541,0.7704918032786885,0.7704918032786885,0.7459016393442623,0.7459016393442623,0.819672131147541,0.819672131147541,0.8032786885245902,0.8688524590163934,0.9672131147540983,0.9836065573770492,0.9836065573770492,0.7868852459016393
5.2,S5.2_F_3to2_S2toS1,RandomForest,123,61,61,"{'n_estimators': 300, 'max_depth': 20, 'min_samples_split': 2, 'min_samples_leaf': 1, 'max_features': 'sqrt', 'bootstrap': True}",scenario_results_rf_only_2026-01-25_223058_early_stop/randomforest_S5.2_F_3to2_S2toS1_2026-01-25_223058_seed123_early_stop.pkl,1.0,1.0,1.0,1.0,1.0,1.0,1.0,1.0,1.0,1.0,1.0,1.0,1.0,0.8360655737704918,0.7950819672131147,0.7950819672131147,0.7759562841530054,0.7759562841530054,0.8360655737704918,0.8360655737704918,0.8032786885245902,0.9344262295081968,0.9508196721311475,0.9508196721311475,0.9672131147540983,0.7868852459016393
5.2,S5.2_F_1to3_S2toS1,RandomForest,123,61,61,"{'n_estimators': 300, 'max_depth': 20, 'min_samples_split': 2, 'min_samples_leaf': 1, 'max_features': 'sqrt', 'bootstrap': True}",scenario_results_rf_only_2026-01-25_223058_early_stop/randomforest_S5.2_F_1to3_S2toS1_2026-01-25_223058_seed123_early_stop.pkl,1.0,1.0,1.0,1.0,1.0,1.0,1.0,1.0,1.0,1.0,1.0,1.0,1.0,0.8032786885245902,0.7568306010928961,0.7568306010928961,0.7349726775956283,0.7349726775956283,0.8032786885245902,0.8032786885245902,0.7704918032786885,0.9016393442622951,0.9508196721311475,0.9672131147540983,0.9672131147540983,0.7540983606557377
5.2,S5.2_F_1to2_S2toS1,RandomForest,123,61,61,"{'n_estimators': 300, 'max_depth': 20, 'min_samples_split': 2, 'min_samples_leaf': 1, 'max_features': 'sqrt', 'bootstrap': True}",scenario_results_rf_only_2026-01-25_223058_early_stop/randomforest_S5.2_F_1to2_S2toS1_2026-01-25_223058_seed123_early_stop.pkl,1.0,1.0,1.0,1.0,1.0,1.0,1.0,1.0,1.0,1.0,1.0,1.0,1.0,0.7377049180327869,0.663934426229508,0.663934426229508,0.6311475409836066,0.6311475409836066,0.7377049180327869,0.7377049180327869,0.7377049180327869,0.9016393442622951,0.9180327868852459,0.9344262295081968,0.9508196721311475,0.7049180327868853
5.2,S5.2_F_2to3_S2toS1,RandomForest,123,61,61,"{'n_estimators': 300, 'max_depth': 20, 'min_samples_split': 2, 'min_samples_leaf': 1, 'max_features': 'sqrt', 'bootstrap': True}",scenario_results_rf_only_2026-01-25_223058_early_stop/randomforest_S5.2_F_2to3_S2toS1_2026-01-25_223058_seed123_early_stop.pkl,1.0,1.0,1.0,1.0,1.0,1.0,1.0,1.0,1.0,1.0,1.0,1.0,1.0,0.819672131147541,0.7770491803278688,0.7770491803278688,0.7581967213114754,0.7581967213114754,0.819672131147541,0.819672131147541,0.819672131147541,0.9016393442622951,0.9180327868852459,0.9344262295081968,0.9508196721311475,0.8032786885245902
5.2,S5.2_F_3to1_S2toS1,RandomForest,123,61,61,"{'n_estimators': 300, 'max_depth': 20, 'min_samples_split': 2, 'min_samples_leaf': 1, 'max_features': 'sqrt', 'bootstrap': True}",scenario_results_rf_only_2026-01-25_223058_early_stop/randomforest_S5.2_F_3to1_S2toS1_2026-01-25_223058_seed123_early_stop.pkl,1.0,1.0,1.0,1.0,1.0,1.0,1.0,1.0,1.0,1.0,1.0,1.0,1.0,0.7213114754098361,0.6759562841530055,0.6759562841530055,0.6571038251366119,0.6571038251366119,0.7213114754098361,0.7213114754098361,0.7049180327868853,0.9016393442622951,0.9344262295081968,0.9508196721311475,0.9508196721311475,0.7049180327868853
5.2,S5.2_I_2to1_S2toS1,RandomForest,123,61,61,"{'n_estimators': 300, 'max_depth': 20, 'min_samples_split': 2, 'min_samples_leaf': 1, 'max_features': 'sqrt', 'bootstrap': True}",scenario_results_rf_only_2026-01-25_223058_early_stop/randomforest_S5.2_I_2to1_S2toS1_2026-01-25_223058_seed123_early_stop.pkl,1.0,1.0,1.0,1.0,1.0,1.0,1.0,1.0,1.0,1.0,1.0,1.0,1.0,0.819672131147541,0.76775956284153,0.76775956284153,0.7431693989071039,0.7431693989071039,0.819672131147541,0.819672131147541,0.7868852459016393,0.9180327868852459,0.9508196721311475,0.9836065573770492,0.9836065573770492,0.7868852459016393
5.2,S5.2_I_3to2_S2toS1,RandomForest,123,61,61,"{'n_estimators': 300, 'max_depth': 20, 'min_samples_split': 2, 'min_samples_leaf': 1, 'max_features': 'sqrt', 'bootstrap': True}",scenario_results_rf_only_2026-01-25_223058_early_stop/randomforest_S5.2_I_3to2_S2toS1_2026-01-25_223058_seed123_early_stop.pkl,1.0,1.0,1.0,1.0,1.0,1.0,1.0,1.0,1.0,1.0,1.0,1.0,1.0,0.8032786885245902,0.7513661202185792,0.7513661202185792,0.7267759562841529,0.7267759562841529,0.8032786885245902,0.8032786885245902,0.819672131147541,0.8852459016393442,0.9836065573770492,0.9836065573770492,0.9836065573770492,0.8032786885245902
5.2,S5.2_I_1to3_S2toS1,RandomForest,123,61,61,"{'n_estimators': 300, 'max_depth': 20, 'min_samples_split': 2, 'min_samples_leaf': 1, 'max_features': 'sqrt', 'bootstrap': True}",scenario_results_rf_only_2026-01-25_223058_early_stop/randomforest_S5.2_I_1to3_S2toS1_2026-01-25_223058_seed123_early_stop.pkl,1.0,1.0,1.0,1.0,1.0,1.0,1.0,1.0,1.0,1.0,1.0,1.0,1.0,0.8360655737704918,0.7978142076502732,0.7978142076502732,0.7786885245901639,0.7786885245901639,0.8360655737704918,0.8360655737704918,0.8360655737704918,0.9016393442622951,0.9180327868852459,0.9180327868852459,0.9180327868852459,0.819672131147541
5.2,S5.2_I_1to2_S2toS1,RandomForest,123,61,61,"{'n_estimators': 300, 'max_depth': 20, 'min_samples_split': 2, 'min_samples_leaf': 1, 'max_features': 'sqrt', 'bootstrap': True}",scenario_results_rf_only_2026-01-25_223058_early_stop/randomforest_S5.2_I_1to2_S2toS1_2026-01-25_223058_seed123_early_stop.pkl,1.0,1.0,1.0,1.0,1.0,1.0,1.0,1.0,1.0,1.0,1.0,1.0,1.0,0.7540983606557377,0.715846994535519,0.715846994535519,0.6994535519125683,0.6994535519125683,0.7540983606557377,0.7540983606557377,0.7377049180327869,0.8688524590163934,0.8852459016393442,0.9016393442622951,0.9180327868852459,0.7213114754098361
5.2,S5.2_I_2to3_S2toS1,RandomForest,123,61,61,"{'n_estimators': 300, 'max_depth': 20, 'min_samples_split': 2, 'min_samples_leaf': 1, 'max_features': 'sqrt', 'bootstrap': True}",scenario_results_rf_only_2026-01-25_223058_early_stop/randomforest_S5.2_I_2to3_S2toS1_2026-01-25_223058_seed123_early_stop.pkl,1.0,1.0,1.0,1.0,1.0,1.0,1.0,1.0,1.0,1.0,1.0,1.0,1.0,0.8032786885245902,0.7540983606557375,0.7540983606557375,0.73224043715847,0.73224043715847,0.8032786885245902,0.8032786885245902,0.7868852459016393,0.8688524590163934,0.9180327868852459,0.9180327868852459,0.9836065573770492,0.7868852459016393
5.2,S5.2_I_3to1_S2toS1,RandomForest,123,61,61,"{'n_estimators': 300, 'max_depth': 20, 'min_samples_split': 2, 'min_samples_leaf': 1, 'max_features': 'sqrt', 'bootstrap': True}",scenario_results_rf_only_2026-01-25_223058_early_stop/randomforest_S5.2_I_3to1_S2toS1_2026-01-25_223058_seed123_early_stop.pkl,1.0,1.0,1.0,1.0,1.0,1.0,1.0,1.0,1.0,1.0,1.0,1.0,1.0,0.8032786885245902,0.7622950819672131,0.7622950819672131,0.7431693989071039,0.7431693989071039,0.8032786885245902,0.8032786885245902,0.819672131147541,0.8688524590163934,0.8852459016393442,0.9180327868852459,0.9508196721311475,0.7868852459016393
5.2,S5.2_T_2to1_S2toS1,RandomForest,123,61,61,"{'n_estimators': 300, 'max_depth': 20, 'min_samples_split': 2, 'min_samples_leaf': 1, 'max_features': 'sqrt', 'bootstrap': True}",scenario_results_rf_only_2026-01-25_223058_early_stop/randomforest_S5.2_T_2to1_S2toS1_2026-01-25_223058_seed123_early_stop.pkl,1.0,1.0,1.0,1.0,1.0,1.0,1.0,1.0,1.0,1.0,1.0,1.0,1.0,0.819672131147541,0.7868852459016393,0.7868852459016393,0.7737704918032787,0.7737704918032787,0.819672131147541,0.819672131147541,0.8032786885245902,0.8688524590163934,0.9344262295081968,0.9672131147540983,0.9672131147540983,0.7868852459016393
5.2,S5.2_T_3to2_S2toS1,RandomForest,123,61,61,"{'n_estimators': 300, 'max_depth': 20, 'min_samples_split': 2, 'min_samples_leaf': 1, 'max_features': 'sqrt', 'bootstrap': True}",scenario_results_rf_only_2026-01-25_223058_early_stop/randomforest_S5.2_T_3to2_S2toS1_2026-01-25_223058_seed123_early_stop.pkl,1.0,1.0,1.0,1.0,1.0,1.0,1.0,1.0,1.0,1.0,1.0,1.0,1.0,0.8688524590163934,0.8360655737704918,0.8360655737704918,0.819672131147541,0.819672131147541,0.8688524590163934,0.8688524590163934,0.8688524590163934,0.9180327868852459,0.9344262295081968,0.9344262295081968,0.9508196721311475,0.8524590163934426
5.2,S5.2_T_1to3_S2toS1,RandomForest,123,61,61,"{'n_estimators': 300, 'max_depth': 20, 'min_samples_split': 2, 'min_samples_leaf': 1, 'max_features': 'sqrt', 'bootstrap': True}",scenario_results_rf_only_2026-01-25_223058_early_stop/randomforest_S5.2_T_1to3_S2toS1_2026-01-25_223058_seed123_early_stop.pkl,1.0,1.0,1.0,1.0,1.0,1.0,1.0,1.0,1.0,1.0,1.0,1.0,1.0,0.7540983606557377,0.715846994535519,0.715846994535519,0.7000000000000001,0.7000000000000001,0.7540983606557377,0.7540983606557377,0.7540983606557377,0.8688524590163934,0.8852459016393442,0.9180327868852459,0.9508196721311475,0.7377049180327869
5.2,S5.2_T_1to2_S2toS1,RandomForest,123,61,61,"{'n_estimators': 300, 'max_depth': 20, 'min_samples_split': 2, 'min_samples_leaf': 1, 'max_features': 'sqrt', 'bootstrap': True}",scenario_results_rf_only_2026-01-25_223058_early_stop/randomforest_S5.2_T_1to2_S2toS1_2026-01-25_223058_seed123_early_stop.pkl,1.0,1.0,1.0,1.0,1.0,1.0,1.0,1.0,1.0,1.0,1.0,1.0,1.0,0.7540983606557377,0.7049180327868853,0.7049180327868853,0.6830601092896176,0.6830601092896176,0.7540983606557377,0.7540983606557377,0.7540983606557377,0.8032786885245902,0.8852459016393442,0.9508196721311475,0.9508196721311475,0.7377049180327869
5.2,S5.2_T_2to3_S2toS1,RandomForest,123,61,61,"{'n_estimators': 300, 'max_depth': 20, 'min_samples_split': 2, 'min_samples_leaf': 1, 'max_features': 'sqrt', 'bootstrap': True}",scenario_results_rf_only_2026-01-25_223058_early_stop/randomforest_S5.2_T_2to3_S2toS1_2026-01-25_223058_seed123_early_stop.pkl,1.0,1.0,1.0,1.0,1.0,1.0,1.0,1.0,1.0,1.0,1.0,1.0,1.0,0.7213114754098361,0.6622950819672132,0.6622950819672132,0.6379781420765028,0.6379781420765028,0.7213114754098361,0.7213114754098361,0.7377049180327869,0.8852459016393442,0.9180327868852459,0.9344262295081968,0.9508196721311475,0.7213114754098361
5.2,S5.2_T_3to1_S2toS1,RandomForest,123,61,61,"{'n_estimators': 300, 'max_depth': 20, 'min_samples_split': 2, 'min_samples_leaf': 1, 'max_features': 'sqrt', 'bootstrap': True}",scenario_results_rf_only_2026-01-25_223058_early_stop/randomforest_S5.2_T_3to1_S2toS1_2026-01-25_223058_seed123_early_stop.pkl,1.0,1.0,1.0,1.0,1.0,1.0,1.0,1.0,1.0,1.0,1.0,1.0,1.0,0.8688524590163934,0.8333333333333333,0.8333333333333333,0.8169398907103824,0.8169398907103824,0.8688524590163934,0.8688524590163934,0.8524590163934426,0.9344262295081968,0.9672131147540983,0.9672131147540983,0.9672131147540983,0.8524590163934426
5.2,S5.2_F_2to1_S2toS1,RandomForest,456,61,61,"{'n_estimators': 300, 'max_depth': 20, 'min_samples_split': 2, 'min_samples_leaf': 1, 'max_features': 'sqrt', 'bootstrap': True}",scenario_results_rf_only_2026-01-25_223058_early_stop/randomforest_S5.2_F_2to1_S2toS1_2026-01-25_223058_seed456_early_stop.pkl,1.0,1.0,1.0,1.0,1.0,1.0,1.0,1.0,1.0,1.0,1.0,1.0,1.0,0.6885245901639344,0.6459016393442623,0.6459016393442623,0.6297814207650274,0.6297814207650274,0.6885245901639344,0.6885245901639344,0.6557377049180327,0.819672131147541,0.8688524590163934,0.9016393442622951,0.9180327868852459,0.639344262295082
5.2,S5.2_F_3to2_S2toS1,RandomForest,456,61,61,"{'n_estimators': 300, 'max_depth': 20, 'min_samples_split': 2, 'min_samples_leaf': 1, 'max_features': 'sqrt', 'bootstrap': True}",scenario_results_rf_only_2026-01-25_223058_early_stop/randomforest_S5.2_F_3to2_S2toS1_2026-01-25_223058_seed456_early_stop.pkl,1.0,1.0,1.0,1.0,1.0,1.0,1.0,1.0,1.0,1.0,1.0,1.0,1.0,0.8524590163934426,0.8207650273224043,0.8207650273224043,0.8073770491803278,0.8073770491803278,0.8524590163934426,0.8524590163934426,0.819672131147541,0.9344262295081968,0.9672131147540983,0.9672131147540983,0.9836065573770492,0.819672131147541
5.2,S5.2_F_1to3_S2toS1,RandomForest,456,61,61,"{'n_estimators': 300, 'max_depth': 20, 'min_samples_split': 2, 'min_samples_leaf': 1, 'max_features': 'sqrt', 'bootstrap': True}",scenario_results_rf_only_2026-01-25_223058_early_stop/randomforest_S5.2_F_1to3_S2toS1_2026-01-25_223058_seed456_early_stop.pkl,1.0,1.0,1.0,1.0,1.0,1.0,1.0,1.0,1.0,1.0,1.0,1.0,1.0,0.7049180327868853,0.6486338797814207,0.6486338797814207,0.6243169398907105,0.6243169398907105,0.7049180327868853,0.7049180327868853,0.7049180327868853,0.8852459016393442,0.9180327868852459,0.9672131147540983,0.9836065573770492,0.6885245901639344
5.2,S5.2_F_1to2_S2toS1,RandomForest,456,61,61,"{'n_estimators': 300, 'max_depth': 20, 'min_samples_split': 2, 'min_samples_leaf': 1, 'max_features': 'sqrt', 'bootstrap': True}",scenario_results_rf_only_2026-01-25_223058_early_stop/randomforest_S5.2_F_1to2_S2toS1_2026-01-25_223058_seed456_early_stop.pkl,1.0,1.0,1.0,1.0,1.0,1.0,1.0,1.0,1.0,1.0,1.0,1.0,1.0,0.7377049180327869,0.680327868852459,0.680327868852459,0.6557377049180327,0.6557377049180327,0.7377049180327869,0.7377049180327869,0.7377049180327869,0.8360655737704918,0.9016393442622951,0.9016393442622951,0.9180327868852459,0.7213114754098361
5.2,S5.2_F_2to3_S2toS1,RandomForest,456,61,61,"{'n_estimators': 300, 'max_depth': 20, 'min_samples_split': 2, 'min_samples_leaf': 1, 'max_features': 'sqrt', 'bootstrap': True}",scenario_results_rf_only_2026-01-25_223058_early_stop/randomforest_S5.2_F_2to3_S2toS1_2026-01-25_223058_seed456_early_stop.pkl,1.0,1.0,1.0,1.0,1.0,1.0,1.0,1.0,1.0,1.0,1.0,1.0,1.0,0.7377049180327869,0.7049180327868851,0.7049180327868851,0.691256830601093,0.691256830601093,0.7377049180327869,0.7377049180327869,0.7377049180327869,0.8360655737704918,0.8688524590163934,0.9344262295081968,0.9508196721311475,0.7377049180327869
5.2,S5.2_F_3to1_S2toS1,RandomForest,456,61,61,"{'n_estimators': 300, 'max_depth': 20, 'min_samples_split': 2, 'min_samples_leaf': 1, 'max_features': 'sqrt', 'bootstrap': True}",scenario_results_rf_only_2026-01-25_223058_early_stop/randomforest_S5.2_F_3to1_S2toS1_2026-01-25_223058_seed456_early_stop.pkl,1.0,1.0,1.0,1.0,1.0,1.0,1.0,1.0,1.0,1.0,1.0,1.0,1.0,0.7213114754098361,0.6786885245901639,0.6786885245901639,0.6598360655737705,0.6598360655737705,0.7213114754098361,0.7213114754098361,0.7049180327868853,0.7868852459016393,0.8688524590163934,0.9180327868852459,0.9508196721311475,0.7049180327868853
5.2,S5.2_I_2to1_S2toS1,RandomForest,456,61,61,"{'n_estimators': 300, 'max_depth': 20, 'min_samples_split': 2, 'min_samples_leaf': 1, 'max_features': 'sqrt', 'bootstrap': True}",scenario_results_rf_only_2026-01-25_223058_early_stop/randomforest_S5.2_I_2to1_S2toS1_2026-01-25_223058_seed456_early_stop.pkl,1.0,1.0,1.0,1.0,1.0,1.0,1.0,1.0,1.0,1.0,1.0,1.0,1.0,0.7377049180327869,0.6841530054644809,0.6841530054644809,0.662568306010929,0.662568306010929,0.7377049180327869,0.7377049180327869,0.7377049180327869,0.8688524590163934,0.9180327868852459,0.9344262295081968,0.9344262295081968,0.7213114754098361
5.2,S5.2_I_3to2_S2toS1,RandomForest,456,61,61,"{'n_estimators': 300, 'max_depth': 20, 'min_samples_split': 2, 'min_samples_leaf': 1, 'max_features': 'sqrt', 'bootstrap': True}",scenario_results_rf_only_2026-01-25_223058_early_stop/randomforest_S5.2_I_3to2_S2toS1_2026-01-25_223058_seed456_early_stop.pkl,1.0,1.0,1.0,1.0,1.0,1.0,1.0,1.0,1.0,1.0,1.0,1.0,1.0,0.8524590163934426,0.8114754098360656,0.8114754098360656,0.7923497267759562,0.7923497267759562,0.8524590163934426,0.8524590163934426,0.8524590163934426,0.9344262295081968,0.9672131147540983,0.9672131147540983,0.9836065573770492,0.819672131147541
5.2,S5.2_I_1to3_S2toS1,RandomForest,456,61,61,"{'n_estimators': 300, 'max_depth': 20, 'min_samples_split': 2, 'min_samples_leaf': 1, 'max_features': 'sqrt', 'bootstrap': True}",scenario_results_rf_only_2026-01-25_223058_early_stop/randomforest_S5.2_I_1to3_S2toS1_2026-01-25_223058_seed456_early_stop.pkl,1.0,1.0,1.0,1.0,1.0,1.0,1.0,1.0,1.0,1.0,1.0,1.0,1.0,0.819672131147541,0.7852459016393443,0.7852459016393443,0.7718579234972677,0.7718579234972677,0.819672131147541,0.819672131147541,0.8524590163934426,0.8852459016393442,0.9180327868852459,0.9508196721311475,0.9508196721311475,0.8032786885245902
5.2,S5.2_I_1to2_S2toS1,RandomForest,456,61,61,"{'n_estimators': 300, 'max_depth': 20, 'min_samples_split': 2, 'min_samples_leaf': 1, 'max_features': 'sqrt', 'bootstrap': True}",scenario_results_rf_only_2026-01-25_223058_early_stop/randomforest_S5.2_I_1to2_S2toS1_2026-01-25_223058_seed456_early_stop.pkl,1.0,1.0,1.0,1.0,1.0,1.0,1.0,1.0,1.0,1.0,1.0,1.0,1.0,0.8032786885245902,0.7650273224043717,0.7650273224043717,0.7491803278688525,0.7491803278688525,0.8032786885245902,0.8032786885245902,0.7704918032786885,0.8852459016393442,0.9344262295081968,0.9672131147540983,0.9672131147540983,0.7540983606557377
5.2,S5.2_I_2to3_S2toS1,RandomForest,456,61,61,"{'n_estimators': 300, 'max_depth': 20, 'min_samples_split': 2, 'min_samples_leaf': 1, 'max_features': 'sqrt', 'bootstrap': True}",scenario_results_rf_only_2026-01-25_223058_early_stop/randomforest_S5.2_I_2to3_S2toS1_2026-01-25_223058_seed456_early_stop.pkl,1.0,1.0,1.0,1.0,1.0,1.0,1.0,1.0,1.0,1.0,1.0,1.0,1.0,0.7540983606557377,0.6978142076502731,0.6978142076502731,0.6762295081967213,0.6762295081967213,0.7540983606557377,0.7540983606557377,0.7377049180327869,0.9344262295081968,0.9836065573770492,0.9836065573770492,0.9836065573770492,0.7377049180327869
5.2,S5.2_I_3to1_S2toS1,RandomForest,456,61,61,"{'n_estimators': 300, 'max_depth': 20, 'min_samples_split': 2, 'min_samples_leaf': 1, 'max_features': 'sqrt', 'bootstrap': True}",scenario_results_rf_only_2026-01-25_223058_early_stop/randomforest_S5.2_I_3to1_S2toS1_2026-01-25_223058_seed456_early_stop.pkl,1.0,1.0,1.0,1.0,1.0,1.0,1.0,1.0,1.0,1.0,1.0,1.0,1.0,0.7213114754098361,0.6612021857923497,0.6612021857923497,0.6338797814207651,0.6338797814207651,0.7213114754098361,0.7213114754098361,0.7377049180327869,0.8360655737704918,0.9016393442622951,0.9344262295081968,0.9344262295081968,0.7049180327868853
5.2,S5.2_T_2to1_S2toS1,RandomForest,456,61,61,"{'n_estimators': 300, 'max_depth': 20, 'min_samples_split': 2, 'min_samples_leaf': 1, 'max_features': 'sqrt', 'bootstrap': True}",scenario_results_rf_only_2026-01-25_223058_early_stop/randomforest_S5.2_T_2to1_S2toS1_2026-01-25_223058_seed456_early_stop.pkl,1.0,1.0,1.0,1.0,1.0,1.0,1.0,1.0,1.0,1.0,1.0,1.0,1.0,0.7540983606557377,0.7169398907103826,0.7169398907103826,0.7035519125683061,0.7035519125683061,0.7540983606557377,0.7540983606557377,0.7377049180327869,0.8852459016393442,0.9344262295081968,0.9508196721311475,0.9672131147540983,0.7377049180327869
5.2,S5.2_T_3to2_S2toS1,RandomForest,456,61,61,"{'n_estimators': 300, 'max_depth': 20, 'min_samples_split': 2, 'min_samples_leaf': 1, 'max_features': 'sqrt', 'bootstrap': True}",scenario_results_rf_only_2026-01-25_223058_early_stop/randomforest_S5.2_T_3to2_S2toS1_2026-01-25_223058_seed456_early_stop.pkl,1.0,1.0,1.0,1.0,1.0,1.0,1.0,1.0,1.0,1.0,1.0,1.0,1.0,0.8032786885245902,0.7568306010928961,0.7568306010928961,0.7377049180327869,0.7377049180327869,0.8032786885245902,0.8032786885245902,0.8032786885245902,0.8852459016393442,0.9344262295081968,0.9344262295081968,0.9344262295081968,0.7868852459016393
5.2,S5.2_T_1to3_S2toS1,RandomForest,456,61,61,"{'n_estimators': 300, 'max_depth': 20, 'min_samples_split': 2, 'min_samples_leaf': 1, 'max_features': 'sqrt', 'bootstrap': True}",scenario_results_rf_only_2026-01-25_223058_early_stop/randomforest_S5.2_T_1to3_S2toS1_2026-01-25_223058_seed456_early_stop.pkl,1.0,1.0,1.0,1.0,1.0,1.0,1.0,1.0,1.0,1.0,1.0,1.0,1.0,0.819672131147541,0.8005464480874316,0.8005464480874316,0.7956284153005464,0.7956284153005464,0.819672131147541,0.819672131147541,0.819672131147541,0.8688524590163934,0.9508196721311475,0.9508196721311475,0.9672131147540983,0.819672131147541
5.2,S5.2_T_1to2_S2toS1,RandomForest,456,61,61,"{'n_estimators': 300, 'max_depth': 20, 'min_samples_split': 2, 'min_samples_leaf': 1, 'max_features': 'sqrt', 'bootstrap': True}",scenario_results_rf_only_2026-01-25_223058_early_stop/randomforest_S5.2_T_1to2_S2toS1_2026-01-25_223058_seed456_early_stop.pkl,1.0,1.0,1.0,1.0,1.0,1.0,1.0,1.0,1.0,1.0,1.0,1.0,1.0,0.8524590163934426,0.8224043715846995,0.8224043715846995,0.8087431693989071,0.8087431693989071,0.8524590163934426,0.8524590163934426,0.8360655737704918,0.9180327868852459,0.9344262295081968,0.9344262295081968,0.9508196721311475,0.8360655737704918
5.2,S5.2_T_2to3_S2toS1,RandomForest,456,61,61,"{'n_estimators': 300, 'max_depth': 20, 'min_samples_split': 2, 'min_samples_leaf': 1, 'max_features': 'sqrt', 'bootstrap': True}",scenario_results_rf_only_2026-01-25_223058_early_stop/randomforest_S5.2_T_2to3_S2toS1_2026-01-25_223058_seed456_early_stop.pkl,1.0,1.0,1.0,1.0,1.0,1.0,1.0,1.0,1.0,1.0,1.0,1.0,1.0,0.7704918032786885,0.7196721311475409,0.7196721311475409,0.7008196721311475,0.7008196721311475,0.7704918032786885,0.7704918032786885,0.7868852459016393,0.9016393442622951,0.9508196721311475,0.9508196721311475,0.9508196721311475,0.7704918032786885
5.2,S5.2_T_3to1_S2toS1,RandomForest,456,61,61,"{'n_estimators': 300, 'max_depth': 20, 'min_samples_split': 2, 'min_samples_leaf': 1, 'max_features': 'sqrt', 'bootstrap': True}",scenario_results_rf_only_2026-01-25_223058_early_stop/randomforest_S5.2_T_3to1_S2toS1_2026-01-25_223058_seed456_early_stop.pkl,1.0,1.0,1.0,1.0,1.0,1.0,1.0,1.0,1.0,1.0,1.0,1.0,1.0,0.8688524590163934,0.8333333333333333,0.8333333333333333,0.8169398907103824,0.8169398907103824,0.8688524590163934,0.8688524590163934,0.8360655737704918,0.9508196721311475,0.9836065573770492,1.0,1.0,0.8360655737704918
