scenario_id,sub_experiment_name,model_name,random_seed,train_samples,test_samples,hyperparameters,model_path,train_accuracy,train_f1_weighted,train_f1_macro,train_precision_weighted,train_precision_macro,train_recall_weighted,train_recall_macro,train_top_1_accuracy,train_top_2_accuracy,train_top_3_accuracy,train_top_4_accuracy,train_top_5_accuracy,train_recognition_rate,test_accuracy,test_f1_weighted,test_f1_macro,test_precision_weighted,test_precision_macro,test_recall_weighted,test_recall_macro,test_top_1_accuracy,test_top_2_accuracy,test_top_3_accuracy,test_top_4_accuracy,test_top_5_accuracy,test_recognition_rate
1,Scenario1_F_Video1_Session1 vs Session2,RandomForest,42,60,60,"{'n_estimators': 100, 'max_depth': 10, 'min_samples_split': 2, 'min_samples_leaf': 1, 'max_features': 'sqrt', 'bootstrap': True}",scenario_results_scenarios_2025-11-29_143051_early_stop/randomforest_Scenario1_F_Video1_Session1 vs Session2_2025-11-29_143051_seed42_early_stop.pkl,0.9,0.8875,0.8875,0.8857142857142857,0.8857142857142857,0.9,0.9,0.9,0.9166666666666666,0.9333333333333333,0.95,0.9666666666666667,0.9,0.21666666666666667,0.15416666666666667,0.15416666666666667,0.13293650793650794,0.13293650793650794,0.21666666666666667,0.21666666666666667,0.21666666666666667,0.4166666666666667,0.5,0.5166666666666667,0.5666666666666667,0.21666666666666667
1,Scenario1_F_Video1_Session2 vs Session1,RandomForest,42,60,60,"{'n_estimators': 100, 'max_depth': 10, 'min_samples_split': 2, 'min_samples_leaf': 1, 'max_features': 'sqrt', 'bootstrap': True}",scenario_results_scenarios_2025-11-29_143051_early_stop/randomforest_Scenario1_F_Video1_Session2 vs Session1_2025-11-29_143051_seed42_early_stop.pkl,0.9,0.8875,0.8875,0.8857142857142857,0.8857142857142857,0.9,0.9,0.9,0.9166666666666666,0.9333333333333333,0.95,0.9666666666666667,0.9,0.2,0.1375,0.1375,0.11349206349206349,0.11349206349206349,0.2,0.2,0.18333333333333332,0.3,0.4,0.4666666666666667,0.48333333333333334,0.16666666666666666
1,Scenario1_F_Video2_Session1 vs Session2,RandomForest,42,61,61,"{'n_estimators': 100, 'max_depth': 10, 'min_samples_split': 2, 'min_samples_leaf': 1, 'max_features': 'sqrt', 'bootstrap': True}",scenario_results_scenarios_2025-11-29_143051_early_stop/randomforest_Scenario1_F_Video2_Session1 vs Session2_2025-11-29_143051_seed42_early_stop.pkl,0.8852459016393442,0.872495446265938,0.872495446265938,0.8709016393442623,0.8709016393442623,0.8852459016393442,0.8852459016393442,0.8852459016393442,0.9016393442622951,0.9180327868852459,0.9344262295081968,0.9508196721311475,0.8852459016393442,0.22950819672131148,0.13947436898256568,0.13947436898256568,0.10860655737704918,0.10860655737704918,0.22950819672131148,0.22950819672131148,0.21311475409836064,0.3770491803278688,0.5245901639344263,0.5737704918032787,0.6065573770491803,0.21311475409836064
1,Scenario1_F_Video2_Session2 vs Session1,RandomForest,42,61,61,"{'n_estimators': 100, 'max_depth': 10, 'min_samples_split': 2, 'min_samples_leaf': 1, 'max_features': 'sqrt', 'bootstrap': True}",scenario_results_scenarios_2025-11-29_143051_early_stop/randomforest_Scenario1_F_Video2_Session2 vs Session1_2025-11-29_143051_seed42_early_stop.pkl,0.8852459016393442,0.872495446265938,0.872495446265938,0.8709016393442623,0.8709016393442623,0.8852459016393442,0.8852459016393442,0.8852459016393442,0.9016393442622951,0.9180327868852459,0.9344262295081968,0.9508196721311475,0.8852459016393442,0.26229508196721313,0.20856102003642987,0.20856102003642987,0.1878415300546448,0.1878415300546448,0.26229508196721313,0.26229508196721313,0.29508196721311475,0.36065573770491804,0.45901639344262296,0.5737704918032787,0.639344262295082,0.26229508196721313
1,Scenario1_F_Video3_Session1 vs Session2,RandomForest,42,61,61,"{'n_estimators': 100, 'max_depth': 10, 'min_samples_split': 2, 'min_samples_leaf': 1, 'max_features': 'sqrt', 'bootstrap': True}",scenario_results_scenarios_2025-11-29_143051_early_stop/randomforest_Scenario1_F_Video3_Session1 vs Session2_2025-11-29_143051_seed42_early_stop.pkl,0.8852459016393442,0.872495446265938,0.872495446265938,0.8709016393442623,0.8709016393442623,0.8852459016393442,0.8852459016393442,0.8852459016393442,0.9016393442622951,0.9180327868852459,0.9344262295081968,0.9508196721311475,0.8852459016393442,0.3114754098360656,0.2304189435336976,0.2304189435336976,0.20150273224043716,0.20150273224043716,0.3114754098360656,0.3114754098360656,0.32786885245901637,0.47540983606557374,0.5245901639344263,0.5901639344262295,0.639344262295082,0.29508196721311475
1,Scenario1_F_Video3_Session2 vs Session1,RandomForest,42,61,61,"{'n_estimators': 100, 'max_depth': 10, 'min_samples_split': 2, 'min_samples_leaf': 1, 'max_features': 'sqrt', 'bootstrap': True}",scenario_results_scenarios_2025-11-29_143051_early_stop/randomforest_Scenario1_F_Video3_Session2 vs Session1_2025-11-29_143051_seed42_early_stop.pkl,0.8852459016393442,0.872495446265938,0.872495446265938,0.8709016393442623,0.8709016393442623,0.8852459016393442,0.8852459016393442,0.8852459016393442,0.9016393442622951,0.9180327868852459,0.9344262295081968,0.9508196721311475,0.8852459016393442,0.19672131147540983,0.13205828779599268,0.13205828779599268,0.10860655737704916,0.10860655737704916,0.19672131147540983,0.19672131147540983,0.21311475409836064,0.4098360655737705,0.4918032786885246,0.5409836065573771,0.5901639344262295,0.19672131147540983
1,Scenario1_I_Video1_Session2 vs Session1,RandomForest,42,61,60,"{'n_estimators': 100, 'max_depth': 10, 'min_samples_split': 2, 'min_samples_leaf': 1, 'max_features': 'sqrt', 'bootstrap': True}",scenario_results_scenarios_2025-11-29_143051_early_stop/randomforest_Scenario1_I_Video1_Session2 vs Session1_2025-11-29_143051_seed42_early_stop.pkl,0.8852459016393442,0.872495446265938,0.872495446265938,0.8709016393442623,0.8709016393442623,0.8852459016393442,0.8852459016393442,0.8852459016393442,0.9016393442622951,0.9180327868852459,0.9344262295081968,0.9508196721311475,0.8852459016393442,0.1,0.0625,0.0625,0.05293650793650794,0.05293650793650794,0.1,0.1,0.0,0.0,0.0,0.0,0.0,0.1
1,Scenario1_I_Video2_Session1 vs Session2,RandomForest,42,61,61,"{'n_estimators': 100, 'max_depth': 10, 'min_samples_split': 2, 'min_samples_leaf': 1, 'max_features': 'sqrt', 'bootstrap': True}",scenario_results_scenarios_2025-11-29_143051_early_stop/randomforest_Scenario1_I_Video2_Session1 vs Session2_2025-11-29_143051_seed42_early_stop.pkl,0.8852459016393442,0.872495446265938,0.872495446265938,0.8709016393442623,0.8709016393442623,0.8852459016393442,0.8852459016393442,0.8852459016393442,0.9016393442622951,0.9180327868852459,0.9344262295081968,0.9508196721311475,0.8852459016393442,0.2459016393442623,0.15227686703096538,0.15227686703096538,0.12090163934426228,0.12090163934426228,0.2459016393442623,0.2459016393442623,0.22950819672131148,0.45901639344262296,0.5409836065573771,0.639344262295082,0.7213114754098361,0.22950819672131148
1,Scenario1_I_Video2_Session2 vs Session1,RandomForest,42,61,61,"{'n_estimators': 100, 'max_depth': 10, 'min_samples_split': 2, 'min_samples_leaf': 1, 'max_features': 'sqrt', 'bootstrap': True}",scenario_results_scenarios_2025-11-29_143051_early_stop/randomforest_Scenario1_I_Video2_Session2 vs Session1_2025-11-29_143051_seed42_early_stop.pkl,0.8852459016393442,0.872495446265938,0.872495446265938,0.8709016393442623,0.8709016393442623,0.8852459016393442,0.8852459016393442,0.8852459016393442,0.9016393442622951,0.9180327868852459,0.9344262295081968,0.9508196721311475,0.8852459016393442,0.3442622950819672,0.27413479052823314,0.27413479052823314,0.2512295081967213,0.2512295081967213,0.3442622950819672,0.3442622950819672,0.3114754098360656,0.4098360655737705,0.4918032786885246,0.5737704918032787,0.5901639344262295,0.3114754098360656
1,Scenario1_I_Video3_Session1 vs Session2,RandomForest,42,61,61,"{'n_estimators': 100, 'max_depth': 10, 'min_samples_split': 2, 'min_samples_leaf': 1, 'max_features': 'sqrt', 'bootstrap': True}",scenario_results_scenarios_2025-11-29_143051_early_stop/randomforest_Scenario1_I_Video3_Session1 vs Session2_2025-11-29_143051_seed42_early_stop.pkl,0.8852459016393442,0.872495446265938,0.872495446265938,0.8709016393442623,0.8709016393442623,0.8852459016393442,0.8852459016393442,0.8852459016393442,0.9016393442622951,0.9180327868852459,0.9344262295081968,0.9508196721311475,0.8852459016393442,0.21311475409836064,0.1331511839708561,0.1331511839708561,0.10778688524590163,0.10778688524590163,0.21311475409836064,0.21311475409836064,0.26229508196721313,0.4426229508196721,0.5245901639344263,0.5737704918032787,0.6229508196721312,0.21311475409836064
1,Scenario1_I_Video3_Session2 vs Session1,RandomForest,42,61,61,"{'n_estimators': 100, 'max_depth': 10, 'min_samples_split': 2, 'min_samples_leaf': 1, 'max_features': 'sqrt', 'bootstrap': True}",scenario_results_scenarios_2025-11-29_143051_early_stop/randomforest_Scenario1_I_Video3_Session2 vs Session1_2025-11-29_143051_seed42_early_stop.pkl,0.8852459016393442,0.872495446265938,0.872495446265938,0.8709016393442623,0.8709016393442623,0.8852459016393442,0.8852459016393442,0.8852459016393442,0.9016393442622951,0.9180327868852459,0.9344262295081968,0.9508196721311475,0.8852459016393442,0.2786885245901639,0.22495446265938068,0.22495446265938068,0.20751366120218578,0.20751366120218578,0.2786885245901639,0.2786885245901639,0.3114754098360656,0.36065573770491804,0.5081967213114754,0.5409836065573771,0.5737704918032787,0.2786885245901639
1,Scenario1_T_Video1_Session1 vs Session2,RandomForest,42,61,61,"{'n_estimators': 100, 'max_depth': 10, 'min_samples_split': 2, 'min_samples_leaf': 1, 'max_features': 'sqrt', 'bootstrap': True}",scenario_results_scenarios_2025-11-29_143051_early_stop/randomforest_Scenario1_T_Video1_Session1 vs Session2_2025-11-29_143051_seed42_early_stop.pkl,0.8852459016393442,0.872495446265938,0.872495446265938,0.8709016393442623,0.8709016393442623,0.8852459016393442,0.8852459016393442,0.8852459016393442,0.9016393442622951,0.9180327868852459,0.9344262295081968,0.9508196721311475,0.8852459016393442,0.26229508196721313,0.20582877959927137,0.20582877959927137,0.18510928961748632,0.18510928961748632,0.26229508196721313,0.26229508196721313,0.26229508196721313,0.32786885245901637,0.4426229508196721,0.5573770491803278,0.5737704918032787,0.26229508196721313
1,Scenario1_T_Video1_Session2 vs Session1,RandomForest,42,61,61,"{'n_estimators': 100, 'max_depth': 10, 'min_samples_split': 2, 'min_samples_leaf': 1, 'max_features': 'sqrt', 'bootstrap': True}",scenario_results_scenarios_2025-11-29_143051_early_stop/randomforest_Scenario1_T_Video1_Session2 vs Session1_2025-11-29_143051_seed42_early_stop.pkl,0.8852459016393442,0.872495446265938,0.872495446265938,0.8709016393442623,0.8709016393442623,0.8852459016393442,0.8852459016393442,0.8852459016393442,0.9016393442622951,0.9180327868852459,0.9344262295081968,0.9508196721311475,0.8852459016393442,0.19672131147540983,0.14571948998178505,0.14571948998178505,0.13101092896174865,0.13101092896174865,0.19672131147540983,0.19672131147540983,0.22950819672131148,0.36065573770491804,0.39344262295081966,0.5081967213114754,0.639344262295082,0.19672131147540983
1,Scenario1_T_Video2_Session2 vs Session1,RandomForest,42,61,60,"{'n_estimators': 100, 'max_depth': 10, 'min_samples_split': 2, 'min_samples_leaf': 1, 'max_features': 'sqrt', 'bootstrap': True}",scenario_results_scenarios_2025-11-29_143051_early_stop/randomforest_Scenario1_T_Video2_Session2 vs Session1_2025-11-29_143051_seed42_early_stop.pkl,0.8852459016393442,0.872495446265938,0.872495446265938,0.8709016393442623,0.8709016393442623,0.8852459016393442,0.8852459016393442,0.8852459016393442,0.9016393442622951,0.9180327868852459,0.9344262295081968,0.9508196721311475,0.8852459016393442,0.23333333333333334,0.16249999999999998,0.16249999999999998,0.13626984126984126,0.13626984126984126,0.23333333333333334,0.23333333333333334,0.0,0.0,0.0,0.0,0.0,0.2
1,Scenario1_T_Video3_Session2 vs Session1,RandomForest,42,61,59,"{'n_estimators': 100, 'max_depth': 10, 'min_samples_split': 2, 'min_samples_leaf': 1, 'max_features': 'sqrt', 'bootstrap': True}",scenario_results_scenarios_2025-11-29_143051_early_stop/randomforest_Scenario1_T_Video3_Session2 vs Session1_2025-11-29_143051_seed42_early_stop.pkl,0.8852459016393442,0.872495446265938,0.872495446265938,0.8709016393442623,0.8709016393442623,0.8852459016393442,0.8852459016393442,0.8852459016393442,0.9016393442622951,0.9180327868852459,0.9344262295081968,0.9508196721311475,0.8852459016393442,0.22033898305084745,0.1715092816787732,0.1715092816787732,0.15536723163841806,0.15536723163841806,0.22033898305084745,0.22033898305084745,0.0,0.0,0.0,0.0,0.0,0.22033898305084745
1,Scenario1_F_Video1_Session1 vs Session2,XGBoost,42,60,60,"{'n_estimators': 1000, 'max_depth': 4, 'learning_rate': 0.05, 'subsample': 0.8, 'colsample_bytree': 0.8, 'reg_lambda': 1, 'device': 'cpu'}",scenario_results_scenarios_2025-11-29_143051_early_stop/xgboost_Scenario1_F_Video1_Session1 vs Session2_2025-11-29_143051_seed42_early_stop.pkl,0.016666666666666666,0.000546448087431694,0.000546448087431694,0.0002777777777777778,0.0002777777777777778,0.016666666666666666,0.016666666666666666,0.016666666666666666,0.03333333333333333,0.05,0.06666666666666667,0.08333333333333333,0.016666666666666666,0.016666666666666666,0.000546448087431694,0.000546448087431694,0.0002777777777777778,0.0002777777777777778,0.016666666666666666,0.016666666666666666,0.016666666666666666,0.03333333333333333,0.05,0.06666666666666667,0.08333333333333333,0.016666666666666666
1,Scenario1_F_Video1_Session2 vs Session1,XGBoost,42,60,60,"{'n_estimators': 1000, 'max_depth': 4, 'learning_rate': 0.05, 'subsample': 0.8, 'colsample_bytree': 0.8, 'reg_lambda': 1, 'device': 'cpu'}",scenario_results_scenarios_2025-11-29_143051_early_stop/xgboost_Scenario1_F_Video1_Session2 vs Session1_2025-11-29_143051_seed42_early_stop.pkl,0.016666666666666666,0.000546448087431694,0.000546448087431694,0.0002777777777777778,0.0002777777777777778,0.016666666666666666,0.016666666666666666,0.016666666666666666,0.03333333333333333,0.05,0.06666666666666667,0.08333333333333333,0.016666666666666666,0.016666666666666666,0.000546448087431694,0.000546448087431694,0.0002777777777777778,0.0002777777777777778,0.016666666666666666,0.016666666666666666,0.016666666666666666,0.03333333333333333,0.05,0.06666666666666667,0.08333333333333333,0.016666666666666666
1,Scenario1_F_Video2_Session1 vs Session2,XGBoost,42,61,61,"{'n_estimators': 1000, 'max_depth': 4, 'learning_rate': 0.05, 'subsample': 0.8, 'colsample_bytree': 0.8, 'reg_lambda': 1, 'device': 'cpu'}",scenario_results_scenarios_2025-11-29_143051_early_stop/xgboost_Scenario1_F_Video2_Session1 vs Session2_2025-11-29_143051_seed42_early_stop.pkl,0.01639344262295082,0.0005288207297726071,0.0005288207297726071,0.0002687449610319807,0.0002687449610319807,0.01639344262295082,0.01639344262295082,0.01639344262295082,0.03278688524590164,0.04918032786885246,0.06557377049180328,0.08196721311475409,0.01639344262295082,0.01639344262295082,0.0005288207297726071,0.0005288207297726071,0.0002687449610319807,0.0002687449610319807,0.01639344262295082,0.01639344262295082,0.01639344262295082,0.03278688524590164,0.04918032786885246,0.06557377049180328,0.08196721311475409,0.01639344262295082
1,Scenario1_F_Video2_Session2 vs Session1,XGBoost,42,61,61,"{'n_estimators': 1000, 'max_depth': 4, 'learning_rate': 0.05, 'subsample': 0.8, 'colsample_bytree': 0.8, 'reg_lambda': 1, 'device': 'cpu'}",scenario_results_scenarios_2025-11-29_143051_early_stop/xgboost_Scenario1_F_Video2_Session2 vs Session1_2025-11-29_143051_seed42_early_stop.pkl,0.01639344262295082,0.0005288207297726071,0.0005288207297726071,0.0002687449610319807,0.0002687449610319807,0.01639344262295082,0.01639344262295082,0.01639344262295082,0.03278688524590164,0.04918032786885246,0.06557377049180328,0.08196721311475409,0.01639344262295082,0.01639344262295082,0.0005288207297726071,0.0005288207297726071,0.0002687449610319807,0.0002687449610319807,0.01639344262295082,0.01639344262295082,0.01639344262295082,0.03278688524590164,0.04918032786885246,0.06557377049180328,0.08196721311475409,0.01639344262295082
1,Scenario1_F_Video3_Session1 vs Session2,XGBoost,42,61,61,"{'n_estimators': 1000, 'max_depth': 4, 'learning_rate': 0.05, 'subsample': 0.8, 'colsample_bytree': 0.8, 'reg_lambda': 1, 'device': 'cpu'}",scenario_results_scenarios_2025-11-29_143051_early_stop/xgboost_Scenario1_F_Video3_Session1 vs Session2_2025-11-29_143051_seed42_early_stop.pkl,0.01639344262295082,0.0005288207297726071,0.0005288207297726071,0.0002687449610319807,0.0002687449610319807,0.01639344262295082,0.01639344262295082,0.01639344262295082,0.03278688524590164,0.04918032786885246,0.06557377049180328,0.08196721311475409,0.01639344262295082,0.01639344262295082,0.0005288207297726071,0.0005288207297726071,0.0002687449610319807,0.0002687449610319807,0.01639344262295082,0.01639344262295082,0.01639344262295082,0.03278688524590164,0.04918032786885246,0.06557377049180328,0.08196721311475409,0.01639344262295082
1,Scenario1_F_Video3_Session2 vs Session1,XGBoost,42,61,61,"{'n_estimators': 1000, 'max_depth': 4, 'learning_rate': 0.05, 'subsample': 0.8, 'colsample_bytree': 0.8, 'reg_lambda': 1, 'device': 'cpu'}",scenario_results_scenarios_2025-11-29_143051_early_stop/xgboost_Scenario1_F_Video3_Session2 vs Session1_2025-11-29_143051_seed42_early_stop.pkl,0.01639344262295082,0.0005288207297726071,0.0005288207297726071,0.0002687449610319807,0.0002687449610319807,0.01639344262295082,0.01639344262295082,0.01639344262295082,0.03278688524590164,0.04918032786885246,0.06557377049180328,0.08196721311475409,0.01639344262295082,0.01639344262295082,0.0005288207297726071,0.0005288207297726071,0.0002687449610319807,0.0002687449610319807,0.01639344262295082,0.01639344262295082,0.01639344262295082,0.03278688524590164,0.04918032786885246,0.06557377049180328,0.08196721311475409,0.01639344262295082
1,Scenario1_I_Video1_Session2 vs Session1,XGBoost,42,61,60,"{'n_estimators': 1000, 'max_depth': 4, 'learning_rate': 0.05, 'subsample': 0.8, 'colsample_bytree': 0.8, 'reg_lambda': 1, 'device': 'cpu'}",scenario_results_scenarios_2025-11-29_143051_early_stop/xgboost_Scenario1_I_Video1_Session2 vs Session1_2025-11-29_143051_seed42_early_stop.pkl,0.01639344262295082,0.0005288207297726071,0.0005288207297726071,0.0002687449610319807,0.0002687449610319807,0.01639344262295082,0.01639344262295082,0.01639344262295082,0.03278688524590164,0.04918032786885246,0.06557377049180328,0.08196721311475409,0.01639344262295082,0.016666666666666666,0.000546448087431694,0.000546448087431694,0.0002777777777777778,0.0002777777777777778,0.016666666666666666,0.016666666666666666,0.0,0.0,0.0,0.0,0.0,0.016666666666666666
1,Scenario1_I_Video2_Session1 vs Session2,XGBoost,42,61,61,"{'n_estimators': 1000, 'max_depth': 4, 'learning_rate': 0.05, 'subsample': 0.8, 'colsample_bytree': 0.8, 'reg_lambda': 1, 'device': 'cpu'}",scenario_results_scenarios_2025-11-29_143051_early_stop/xgboost_Scenario1_I_Video2_Session1 vs Session2_2025-11-29_143051_seed42_early_stop.pkl,0.01639344262295082,0.0005288207297726071,0.0005288207297726071,0.0002687449610319807,0.0002687449610319807,0.01639344262295082,0.01639344262295082,0.01639344262295082,0.03278688524590164,0.04918032786885246,0.06557377049180328,0.08196721311475409,0.01639344262295082,0.01639344262295082,0.0005288207297726071,0.0005288207297726071,0.0002687449610319807,0.0002687449610319807,0.01639344262295082,0.01639344262295082,0.01639344262295082,0.03278688524590164,0.04918032786885246,0.06557377049180328,0.08196721311475409,0.01639344262295082
1,Scenario1_I_Video2_Session2 vs Session1,XGBoost,42,61,61,"{'n_estimators': 1000, 'max_depth': 4, 'learning_rate': 0.05, 'subsample': 0.8, 'colsample_bytree': 0.8, 'reg_lambda': 1, 'device': 'cpu'}",scenario_results_scenarios_2025-11-29_143051_early_stop/xgboost_Scenario1_I_Video2_Session2 vs Session1_2025-11-29_143051_seed42_early_stop.pkl,0.01639344262295082,0.0005288207297726071,0.0005288207297726071,0.0002687449610319807,0.0002687449610319807,0.01639344262295082,0.01639344262295082,0.01639344262295082,0.03278688524590164,0.04918032786885246,0.06557377049180328,0.08196721311475409,0.01639344262295082,0.01639344262295082,0.0005288207297726071,0.0005288207297726071,0.0002687449610319807,0.0002687449610319807,0.01639344262295082,0.01639344262295082,0.01639344262295082,0.03278688524590164,0.04918032786885246,0.06557377049180328,0.08196721311475409,0.01639344262295082
1,Scenario1_I_Video3_Session1 vs Session2,XGBoost,42,61,61,"{'n_estimators': 1000, 'max_depth': 4, 'learning_rate': 0.05, 'subsample': 0.8, 'colsample_bytree': 0.8, 'reg_lambda': 1, 'device': 'cpu'}",scenario_results_scenarios_2025-11-29_143051_early_stop/xgboost_Scenario1_I_Video3_Session1 vs Session2_2025-11-29_143051_seed42_early_stop.pkl,0.01639344262295082,0.0005288207297726071,0.0005288207297726071,0.0002687449610319807,0.0002687449610319807,0.01639344262295082,0.01639344262295082,0.01639344262295082,0.03278688524590164,0.04918032786885246,0.06557377049180328,0.08196721311475409,0.01639344262295082,0.01639344262295082,0.0005288207297726071,0.0005288207297726071,0.0002687449610319807,0.0002687449610319807,0.01639344262295082,0.01639344262295082,0.01639344262295082,0.03278688524590164,0.04918032786885246,0.06557377049180328,0.08196721311475409,0.01639344262295082
1,Scenario1_I_Video3_Session2 vs Session1,XGBoost,42,61,61,"{'n_estimators': 1000, 'max_depth': 4, 'learning_rate': 0.05, 'subsample': 0.8, 'colsample_bytree': 0.8, 'reg_lambda': 1, 'device': 'cpu'}",scenario_results_scenarios_2025-11-29_143051_early_stop/xgboost_Scenario1_I_Video3_Session2 vs Session1_2025-11-29_143051_seed42_early_stop.pkl,0.01639344262295082,0.0005288207297726071,0.0005288207297726071,0.0002687449610319807,0.0002687449610319807,0.01639344262295082,0.01639344262295082,0.01639344262295082,0.03278688524590164,0.04918032786885246,0.06557377049180328,0.08196721311475409,0.01639344262295082,0.01639344262295082,0.0005288207297726071,0.0005288207297726071,0.0002687449610319807,0.0002687449610319807,0.01639344262295082,0.01639344262295082,0.01639344262295082,0.03278688524590164,0.04918032786885246,0.06557377049180328,0.08196721311475409,0.01639344262295082
1,Scenario1_T_Video1_Session1 vs Session2,XGBoost,42,61,61,"{'n_estimators': 1000, 'max_depth': 4, 'learning_rate': 0.05, 'subsample': 0.8, 'colsample_bytree': 0.8, 'reg_lambda': 1, 'device': 'cpu'}",scenario_results_scenarios_2025-11-29_143051_early_stop/xgboost_Scenario1_T_Video1_Session1 vs Session2_2025-11-29_143051_seed42_early_stop.pkl,0.01639344262295082,0.0005288207297726071,0.0005288207297726071,0.0002687449610319807,0.0002687449610319807,0.01639344262295082,0.01639344262295082,0.01639344262295082,0.03278688524590164,0.04918032786885246,0.06557377049180328,0.08196721311475409,0.01639344262295082,0.01639344262295082,0.0005288207297726071,0.0005288207297726071,0.0002687449610319807,0.0002687449610319807,0.01639344262295082,0.01639344262295082,0.01639344262295082,0.03278688524590164,0.04918032786885246,0.06557377049180328,0.08196721311475409,0.01639344262295082
1,Scenario1_T_Video1_Session2 vs Session1,XGBoost,42,61,61,"{'n_estimators': 1000, 'max_depth': 4, 'learning_rate': 0.05, 'subsample': 0.8, 'colsample_bytree': 0.8, 'reg_lambda': 1, 'device': 'cpu'}",scenario_results_scenarios_2025-11-29_143051_early_stop/xgboost_Scenario1_T_Video1_Session2 vs Session1_2025-11-29_143051_seed42_early_stop.pkl,0.01639344262295082,0.0005288207297726071,0.0005288207297726071,0.0002687449610319807,0.0002687449610319807,0.01639344262295082,0.01639344262295082,0.01639344262295082,0.03278688524590164,0.04918032786885246,0.06557377049180328,0.08196721311475409,0.01639344262295082,0.01639344262295082,0.0005288207297726071,0.0005288207297726071,0.0002687449610319807,0.0002687449610319807,0.01639344262295082,0.01639344262295082,0.01639344262295082,0.03278688524590164,0.04918032786885246,0.06557377049180328,0.08196721311475409,0.01639344262295082
1,Scenario1_T_Video2_Session2 vs Session1,XGBoost,42,61,60,"{'n_estimators': 1000, 'max_depth': 4, 'learning_rate': 0.05, 'subsample': 0.8, 'colsample_bytree': 0.8, 'reg_lambda': 1, 'device': 'cpu'}",scenario_results_scenarios_2025-11-29_143051_early_stop/xgboost_Scenario1_T_Video2_Session2 vs Session1_2025-11-29_143051_seed42_early_stop.pkl,0.01639344262295082,0.0005288207297726071,0.0005288207297726071,0.0002687449610319807,0.0002687449610319807,0.01639344262295082,0.01639344262295082,0.01639344262295082,0.03278688524590164,0.04918032786885246,0.06557377049180328,0.08196721311475409,0.01639344262295082,0.016666666666666666,0.000546448087431694,0.000546448087431694,0.0002777777777777778,0.0002777777777777778,0.016666666666666666,0.016666666666666666,0.0,0.0,0.0,0.0,0.0,0.016666666666666666
1,Scenario1_T_Video3_Session2 vs Session1,XGBoost,42,61,59,"{'n_estimators': 1000, 'max_depth': 4, 'learning_rate': 0.05, 'subsample': 0.8, 'colsample_bytree': 0.8, 'reg_lambda': 1, 'device': 'cpu'}",scenario_results_scenarios_2025-11-29_143051_early_stop/xgboost_Scenario1_T_Video3_Session2 vs Session1_2025-11-29_143051_seed42_early_stop.pkl,0.01639344262295082,0.0005288207297726071,0.0005288207297726071,0.0002687449610319807,0.0002687449610319807,0.01639344262295082,0.01639344262295082,0.01639344262295082,0.03278688524590164,0.04918032786885246,0.06557377049180328,0.08196721311475409,0.01639344262295082,0.01694915254237288,0.0005649717514124294,0.0005649717514124294,0.0002872737719046251,0.0002872737719046251,0.01694915254237288,0.01694915254237288,0.0,0.0,0.0,0.0,0.0,0.01694915254237288
1,Scenario1_F_Video1_Session1 vs Session2,CatBoost,42,60,60,"{'iterations': 1000, 'depth': 4, 'learning_rate': 0.05, 'l2_leaf_reg': 1, 'border_count': 32}",scenario_results_scenarios_2025-11-29_143051_early_stop/catboost_Scenario1_F_Video1_Session1 vs Session2_2025-11-29_143051_seed42_early_stop.pkl,0.9,0.8875,0.8875,0.8857142857142857,0.8857142857142857,0.9,0.9,0.9,0.9166666666666666,0.9333333333333333,0.95,0.9666666666666667,0.8833333333333333,0.2833333333333333,0.20527777777777775,0.20527777777777775,0.17599206349206348,0.17599206349206348,0.2833333333333333,0.2833333333333333,0.2833333333333333,0.38333333333333336,0.5,0.6,0.6333333333333333,0.26666666666666666
1,Scenario1_F_Video1_Session2 vs Session1,CatBoost,42,60,60,"{'iterations': 1000, 'depth': 4, 'learning_rate': 0.05, 'l2_leaf_reg': 1, 'border_count': 32}",scenario_results_scenarios_2025-11-29_143051_early_stop/catboost_Scenario1_F_Video1_Session2 vs Session1_2025-11-29_143051_seed42_early_stop.pkl,0.9,0.8875,0.8875,0.8857142857142857,0.8857142857142857,0.9,0.9,0.9,0.9166666666666666,0.9333333333333333,0.95,0.9666666666666667,0.8833333333333333,0.26666666666666666,0.19694444444444445,0.19694444444444445,0.1732142857142857,0.1732142857142857,0.26666666666666666,0.26666666666666666,0.26666666666666666,0.36666666666666664,0.5,0.5833333333333334,0.6333333333333333,0.25
1,Scenario1_F_Video2_Session1 vs Session2,CatBoost,42,61,61,"{'iterations': 1000, 'depth': 4, 'learning_rate': 0.05, 'l2_leaf_reg': 1, 'border_count': 32}",scenario_results_scenarios_2025-11-29_143051_early_stop/catboost_Scenario1_F_Video2_Session1 vs Session2_2025-11-29_143051_seed42_early_stop.pkl,0.8852459016393442,0.872495446265938,0.872495446265938,0.8709016393442623,0.8709016393442623,0.8852459016393442,0.8852459016393442,0.8852459016393442,0.9016393442622951,0.9180327868852459,0.9344262295081968,0.9508196721311475,0.8688524590163934,0.21311475409836064,0.1495446265938069,0.1495446265938069,0.12636612021857924,0.12636612021857924,0.21311475409836064,0.21311475409836064,0.21311475409836064,0.45901639344262296,0.5573770491803278,0.5901639344262295,0.639344262295082,0.19672131147540983
1,Scenario1_F_Video2_Session2 vs Session1,CatBoost,42,61,61,"{'iterations': 1000, 'depth': 4, 'learning_rate': 0.05, 'l2_leaf_reg': 1, 'border_count': 32}",scenario_results_scenarios_2025-11-29_143051_early_stop/catboost_Scenario1_F_Video2_Session2 vs Session1_2025-11-29_143051_seed42_early_stop.pkl,0.8852459016393442,0.872495446265938,0.872495446265938,0.8709016393442623,0.8709016393442623,0.8852459016393442,0.8852459016393442,0.8852459016393442,0.9016393442622951,0.9180327868852459,0.9344262295081968,0.9508196721311475,0.8688524590163934,0.29508196721311475,0.22604735883424407,0.22604735883424407,0.2028688524590164,0.2028688524590164,0.29508196721311475,0.29508196721311475,0.29508196721311475,0.39344262295081966,0.4918032786885246,0.5245901639344263,0.6065573770491803,0.2786885245901639
1,Scenario1_F_Video3_Session1 vs Session2,CatBoost,42,61,61,"{'iterations': 1000, 'depth': 4, 'learning_rate': 0.05, 'l2_leaf_reg': 1, 'border_count': 32}",scenario_results_scenarios_2025-11-29_143051_early_stop/catboost_Scenario1_F_Video3_Session1 vs Session2_2025-11-29_143051_seed42_early_stop.pkl,0.8852459016393442,0.872495446265938,0.872495446265938,0.8709016393442623,0.8709016393442623,0.8852459016393442,0.8852459016393442,0.8852459016393442,0.9016393442622951,0.9180327868852459,0.9344262295081968,0.9508196721311475,0.8688524590163934,0.26229508196721313,0.1894353369763206,0.1894353369763206,0.16325136612021857,0.16325136612021857,0.26229508196721313,0.26229508196721313,0.26229508196721313,0.29508196721311475,0.4098360655737705,0.47540983606557374,0.5245901639344263,0.2459016393442623
1,Scenario1_F_Video3_Session2 vs Session1,CatBoost,42,61,61,"{'iterations': 1000, 'depth': 4, 'learning_rate': 0.05, 'l2_leaf_reg': 1, 'border_count': 32}",scenario_results_scenarios_2025-11-29_143051_early_stop/catboost_Scenario1_F_Video3_Session2 vs Session1_2025-11-29_143051_seed42_early_stop.pkl,0.8852459016393442,0.872495446265938,0.872495446265938,0.8709016393442623,0.8709016393442623,0.8852459016393442,0.8852459016393442,0.8852459016393442,0.9016393442622951,0.9180327868852459,0.9344262295081968,0.9508196721311475,0.8688524590163934,0.21311475409836064,0.15774134790528233,0.15774134790528233,0.13729508196721313,0.13729508196721313,0.21311475409836064,0.21311475409836064,0.21311475409836064,0.36065573770491804,0.4426229508196721,0.5081967213114754,0.5737704918032787,0.19672131147540983
1,Scenario1_I_Video1_Session2 vs Session1,CatBoost,42,61,60,"{'iterations': 1000, 'depth': 4, 'learning_rate': 0.05, 'l2_leaf_reg': 1, 'border_count': 32}",scenario_results_scenarios_2025-11-29_143051_early_stop/catboost_Scenario1_I_Video1_Session2 vs Session1_2025-11-29_143051_seed42_early_stop.pkl,0.8852459016393442,0.872495446265938,0.872495446265938,0.8709016393442623,0.8709016393442623,0.8852459016393442,0.8852459016393442,0.8852459016393442,0.9016393442622951,0.9180327868852459,0.9344262295081968,0.9508196721311475,0.8688524590163934,0.13333333333333333,0.10138888888888889,0.10138888888888889,0.09126984126984126,0.09126984126984126,0.13333333333333333,0.13333333333333333,0.0,0.0,0.0,0.0,0.0,0.11666666666666667
1,Scenario1_I_Video2_Session1 vs Session2,CatBoost,42,61,61,"{'iterations': 1000, 'depth': 4, 'learning_rate': 0.05, 'l2_leaf_reg': 1, 'border_count': 32}",scenario_results_scenarios_2025-11-29_143051_early_stop/catboost_Scenario1_I_Video2_Session1 vs Session2_2025-11-29_143051_seed42_early_stop.pkl,0.8852459016393442,0.872495446265938,0.872495446265938,0.8709016393442623,0.8709016393442623,0.8852459016393442,0.8852459016393442,0.8852459016393442,0.9016393442622951,0.9180327868852459,0.9344262295081968,0.9508196721311475,0.8852459016393442,0.21311475409836064,0.1424408014571949,0.1424408014571949,0.1168032786885246,0.1168032786885246,0.21311475409836064,0.21311475409836064,0.21311475409836064,0.4262295081967213,0.5737704918032787,0.6065573770491803,0.6721311475409836,0.21311475409836064
1,Scenario1_I_Video2_Session2 vs Session1,CatBoost,42,61,61,"{'iterations': 1000, 'depth': 4, 'learning_rate': 0.05, 'l2_leaf_reg': 1, 'border_count': 32}",scenario_results_scenarios_2025-11-29_143051_early_stop/catboost_Scenario1_I_Video2_Session2 vs Session1_2025-11-29_143051_seed42_early_stop.pkl,0.8852459016393442,0.872495446265938,0.872495446265938,0.8709016393442623,0.8709016393442623,0.8852459016393442,0.8852459016393442,0.8852459016393442,0.9016393442622951,0.9180327868852459,0.9344262295081968,0.9508196721311475,0.8688524590163934,0.26229508196721313,0.1861566484517304,0.1861566484517304,0.1605191256830601,0.1605191256830601,0.26229508196721313,0.26229508196721313,0.26229508196721313,0.3770491803278688,0.45901639344262296,0.4918032786885246,0.5409836065573771,0.2459016393442623
1,Scenario1_I_Video3_Session1 vs Session2,CatBoost,42,61,61,"{'iterations': 1000, 'depth': 4, 'learning_rate': 0.05, 'l2_leaf_reg': 1, 'border_count': 32}",scenario_results_scenarios_2025-11-29_143051_early_stop/catboost_Scenario1_I_Video3_Session1 vs Session2_2025-11-29_143051_seed42_early_stop.pkl,0.8852459016393442,0.872495446265938,0.872495446265938,0.8709016393442623,0.8709016393442623,0.8852459016393442,0.8852459016393442,0.8852459016393442,0.9016393442622951,0.9180327868852459,0.9344262295081968,0.9508196721311475,0.8688524590163934,0.29508196721311475,0.23588342440801455,0.23588342440801455,0.2157103825136612,0.2157103825136612,0.29508196721311475,0.29508196721311475,0.29508196721311475,0.39344262295081966,0.5737704918032787,0.639344262295082,0.6721311475409836,0.2786885245901639
1,Scenario1_I_Video3_Session2 vs Session1,CatBoost,42,61,61,"{'iterations': 1000, 'depth': 4, 'learning_rate': 0.05, 'l2_leaf_reg': 1, 'border_count': 32}",scenario_results_scenarios_2025-11-29_143051_early_stop/catboost_Scenario1_I_Video3_Session2 vs Session1_2025-11-29_143051_seed42_early_stop.pkl,0.8852459016393442,0.872495446265938,0.872495446265938,0.8709016393442623,0.8709016393442623,0.8852459016393442,0.8852459016393442,0.8852459016393442,0.9016393442622951,0.9180327868852459,0.9344262295081968,0.9508196721311475,0.8688524590163934,0.26229508196721313,0.1875337776977121,0.1875337776977121,0.16584699453551913,0.16584699453551913,0.26229508196721313,0.26229508196721313,0.26229508196721313,0.3442622950819672,0.39344262295081966,0.4262295081967213,0.47540983606557374,0.2459016393442623
1,Scenario1_T_Video1_Session1 vs Session2,CatBoost,42,61,61,"{'iterations': 1000, 'depth': 4, 'learning_rate': 0.05, 'l2_leaf_reg': 1, 'border_count': 32}",scenario_results_scenarios_2025-11-29_143051_early_stop/catboost_Scenario1_T_Video1_Session1 vs Session2_2025-11-29_143051_seed42_early_stop.pkl,0.8852459016393442,0.872495446265938,0.872495446265938,0.8709016393442623,0.8709016393442623,0.8852459016393442,0.8852459016393442,0.8852459016393442,0.9016393442622951,0.9180327868852459,0.9344262295081968,0.9508196721311475,0.8688524590163934,0.19672131147540983,0.13970856102003643,0.13970856102003643,0.12226775956284153,0.12226775956284153,0.19672131147540983,0.19672131147540983,0.19672131147540983,0.36065573770491804,0.5081967213114754,0.5573770491803278,0.6557377049180327,0.18032786885245902
1,Scenario1_T_Video1_Session2 vs Session1,CatBoost,42,61,61,"{'iterations': 1000, 'depth': 4, 'learning_rate': 0.05, 'l2_leaf_reg': 1, 'border_count': 32}",scenario_results_scenarios_2025-11-29_143051_early_stop/catboost_Scenario1_T_Video1_Session2 vs Session1_2025-11-29_143051_seed42_early_stop.pkl,0.8852459016393442,0.872495446265938,0.872495446265938,0.8709016393442623,0.8709016393442623,0.8852459016393442,0.8852459016393442,0.8852459016393442,0.9016393442622951,0.9180327868852459,0.9344262295081968,0.9508196721311475,0.8688524590163934,0.21311475409836064,0.15227686703096538,0.15227686703096538,0.13183060109289615,0.13183060109289615,0.21311475409836064,0.21311475409836064,0.21311475409836064,0.2786885245901639,0.36065573770491804,0.4426229508196721,0.5245901639344263,0.19672131147540983
1,Scenario1_T_Video2_Session2 vs Session1,CatBoost,42,61,60,"{'iterations': 1000, 'depth': 4, 'learning_rate': 0.05, 'l2_leaf_reg': 1, 'border_count': 32}",scenario_results_scenarios_2025-11-29_143051_early_stop/catboost_Scenario1_T_Video2_Session2 vs Session1_2025-11-29_143051_seed42_early_stop.pkl,0.8852459016393442,0.872495446265938,0.872495446265938,0.8709016393442623,0.8709016393442623,0.8852459016393442,0.8852459016393442,0.8852459016393442,0.9016393442622951,0.9180327868852459,0.9344262295081968,0.9508196721311475,0.8688524590163934,0.21666666666666667,0.1608333333333333,0.1608333333333333,0.14265873015873018,0.14265873015873018,0.21666666666666667,0.21666666666666667,0.0,0.0,0.0,0.0,0.0,0.2
1,Scenario1_T_Video3_Session2 vs Session1,CatBoost,42,61,59,"{'iterations': 1000, 'depth': 4, 'learning_rate': 0.05, 'l2_leaf_reg': 1, 'border_count': 32}",scenario_results_scenarios_2025-11-29_143051_early_stop/catboost_Scenario1_T_Video3_Session2 vs Session1_2025-11-29_143051_seed42_early_stop.pkl,0.8852459016393442,0.872495446265938,0.872495446265938,0.8709016393442623,0.8709016393442623,0.8852459016393442,0.8852459016393442,0.8852459016393442,0.9016393442622951,0.9180327868852459,0.9344262295081968,0.9508196721311475,0.8688524590163934,0.1694915254237288,0.12461662631154156,0.12461662631154156,0.1115819209039548,0.1115819209039548,0.1694915254237288,0.1694915254237288,0.0,0.0,0.0,0.0,0.0,0.15254237288135594
1,Scenario1_F_Video1_Session1 vs Session2,SVM,42,60,60,"{'decision_function_shape': 'ovo', 'C': 0.1, 'kernel': 'rbf', 'gamma': 'scale'}",scenario_results_scenarios_2025-11-29_143051_early_stop/svm_Scenario1_F_Video1_Session1 vs Session2_2025-11-29_143051_seed42_early_stop.pkl,0.9,0.8875,0.8875,0.8857142857142858,0.8857142857142858,0.9,0.9,0.0,0.0,0.0,0.0,0.0,0.0,0.16666666666666666,0.10430555555555557,0.10430555555555557,0.08444444444444445,0.08444444444444445,0.16666666666666666,0.16666666666666666,0.0,0.0,0.016666666666666666,0.016666666666666666,0.016666666666666666,0.0
1,Scenario1_F_Video1_Session2 vs Session1,SVM,42,60,60,"{'decision_function_shape': 'ovo', 'C': 0.1, 'kernel': 'rbf', 'gamma': 'scale'}",scenario_results_scenarios_2025-11-29_143051_early_stop/svm_Scenario1_F_Video1_Session2 vs Session1_2025-11-29_143051_seed42_early_stop.pkl,0.9,0.8875,0.8875,0.8857142857142858,0.8857142857142858,0.9,0.9,0.0,0.0,0.0,0.0,0.0,0.0,0.2,0.13747474747474747,0.13747474747474747,0.12027777777777778,0.12027777777777778,0.2,0.2,0.0,0.0,0.0,0.0,0.016666666666666666,0.0
1,Scenario1_F_Video2_Session1 vs Session2,SVM,42,61,61,"{'decision_function_shape': 'ovo', 'C': 0.1, 'kernel': 'rbf', 'gamma': 'scale'}",scenario_results_scenarios_2025-11-29_143051_early_stop/svm_Scenario1_F_Video2_Session1 vs Session2_2025-11-29_143051_seed42_early_stop.pkl,0.8852459016393442,0.872495446265938,0.872495446265938,0.8709016393442623,0.8709016393442623,0.8852459016393442,0.8852459016393442,0.0,0.0,0.0,0.0,0.0,0.0,0.13114754098360656,0.07595628415300545,0.07595628415300545,0.062146050670640836,0.062146050670640836,0.13114754098360656,0.13114754098360656,0.01639344262295082,0.01639344262295082,0.01639344262295082,0.01639344262295082,0.01639344262295082,0.01639344262295082
1,Scenario1_F_Video2_Session2 vs Session1,SVM,42,61,61,"{'decision_function_shape': 'ovo', 'C': 0.1, 'kernel': 'rbf', 'gamma': 'scale'}",scenario_results_scenarios_2025-11-29_143051_early_stop/svm_Scenario1_F_Video2_Session2 vs Session1_2025-11-29_143051_seed42_early_stop.pkl,0.8852459016393442,0.872495446265938,0.872495446265938,0.8709016393442623,0.8709016393442623,0.8852459016393442,0.8852459016393442,0.0,0.0,0.0,0.0,0.0,0.0,0.16393442622950818,0.12214721954355512,0.12214721954355512,0.10758196721311475,0.10758196721311475,0.16393442622950818,0.16393442622950818,0.0,0.0,0.0,0.03278688524590164,0.03278688524590164,0.0
1,Scenario1_F_Video3_Session1 vs Session2,SVM,42,61,61,"{'decision_function_shape': 'ovo', 'C': 0.1, 'kernel': 'rbf', 'gamma': 'scale'}",scenario_results_scenarios_2025-11-29_143051_early_stop/svm_Scenario1_F_Video3_Session1 vs Session2_2025-11-29_143051_seed42_early_stop.pkl,0.8852459016393442,0.872495446265938,0.872495446265938,0.8709016393442623,0.8709016393442623,0.8852459016393442,0.8852459016393442,0.0,0.0,0.0,0.0,0.0,0.0,0.18032786885245902,0.10195160031225606,0.10195160031225606,0.0802367941712204,0.0802367941712204,0.18032786885245902,0.18032786885245902,0.01639344262295082,0.01639344262295082,0.01639344262295082,0.01639344262295082,0.01639344262295082,0.01639344262295082
1,Scenario1_F_Video3_Session2 vs Session1,SVM,42,61,61,"{'decision_function_shape': 'ovo', 'C': 0.1, 'kernel': 'rbf', 'gamma': 'scale'}",scenario_results_scenarios_2025-11-29_143051_early_stop/svm_Scenario1_F_Video3_Session2 vs Session1_2025-11-29_143051_seed42_early_stop.pkl,0.8852459016393442,0.872495446265938,0.872495446265938,0.8709016393442623,0.8709016393442623,0.8852459016393442,0.8852459016393442,0.0,0.0,0.0,0.0,0.0,0.0,0.13114754098360656,0.09755705560912888,0.09755705560912888,0.08845628415300548,0.08845628415300548,0.13114754098360656,0.13114754098360656,0.0,0.0,0.0,0.0,0.0,0.0
1,Scenario1_I_Video1_Session2 vs Session1,SVM,42,61,60,"{'decision_function_shape': 'ovo', 'C': 0.1, 'kernel': 'rbf', 'gamma': 'scale'}",scenario_results_scenarios_2025-11-29_143051_early_stop/svm_Scenario1_I_Video1_Session2 vs Session1_2025-11-29_143051_seed42_early_stop.pkl,0.8852459016393442,0.872495446265938,0.872495446265938,0.8709016393442623,0.8709016393442623,0.8852459016393442,0.8852459016393442,0.0,0.0,0.0,0.0,0.0,0.0,0.18333333333333332,0.1272222222222222,0.1272222222222222,0.10984848484848485,0.10984848484848485,0.18333333333333332,0.18333333333333332,0.0,0.0,0.0,0.0,0.0,0.0
1,Scenario1_I_Video2_Session1 vs Session2,SVM,42,61,61,"{'decision_function_shape': 'ovo', 'C': 0.1, 'kernel': 'rbf', 'gamma': 'scale'}",scenario_results_scenarios_2025-11-29_143051_early_stop/svm_Scenario1_I_Video2_Session1 vs Session2_2025-11-29_143051_seed42_early_stop.pkl,0.8852459016393442,0.872495446265938,0.872495446265938,0.8709016393442623,0.8709016393442623,0.8852459016393442,0.8852459016393442,0.0,0.0,0.0,0.0,0.0,0.0,0.21311475409836064,0.13442622950819672,0.13442622950819672,0.10619307832422585,0.10619307832422585,0.21311475409836064,0.21311475409836064,0.0,0.01639344262295082,0.03278688524590164,0.03278688524590164,0.04918032786885246,0.0
1,Scenario1_I_Video2_Session2 vs Session1,SVM,42,61,61,"{'decision_function_shape': 'ovo', 'C': 0.1, 'kernel': 'rbf', 'gamma': 'scale'}",scenario_results_scenarios_2025-11-29_143051_early_stop/svm_Scenario1_I_Video2_Session2 vs Session1_2025-11-29_143051_seed42_early_stop.pkl,0.8852459016393442,0.872495446265938,0.872495446265938,0.8709016393442623,0.8709016393442623,0.8852459016393442,0.8852459016393442,0.0,0.0,0.0,0.0,0.0,0.0,0.19672131147540983,0.12724434035909446,0.12724434035909446,0.10508617065994114,0.10508617065994114,0.19672131147540983,0.19672131147540983,0.0,0.01639344262295082,0.03278688524590164,0.03278688524590164,0.04918032786885246,0.0
1,Scenario1_I_Video3_Session1 vs Session2,SVM,42,61,61,"{'decision_function_shape': 'ovo', 'C': 0.1, 'kernel': 'rbf', 'gamma': 'scale'}",scenario_results_scenarios_2025-11-29_143051_early_stop/svm_Scenario1_I_Video3_Session1 vs Session2_2025-11-29_143051_seed42_early_stop.pkl,0.8852459016393442,0.872495446265938,0.872495446265938,0.8709016393442623,0.8709016393442623,0.8852459016393442,0.8852459016393442,0.0,0.0,0.0,0.0,0.0,0.0,0.22950819672131148,0.16666666666666666,0.16666666666666666,0.1468455042225534,0.1468455042225534,0.22950819672131148,0.22950819672131148,0.01639344262295082,0.01639344262295082,0.01639344262295082,0.01639344262295082,0.03278688524590164,0.01639344262295082
1,Scenario1_I_Video3_Session2 vs Session1,SVM,42,61,61,"{'decision_function_shape': 'ovo', 'C': 0.1, 'kernel': 'rbf', 'gamma': 'scale'}",scenario_results_scenarios_2025-11-29_143051_early_stop/svm_Scenario1_I_Video3_Session2 vs Session1_2025-11-29_143051_seed42_early_stop.pkl,0.8852459016393442,0.872495446265938,0.872495446265938,0.8709016393442623,0.8709016393442623,0.8852459016393442,0.8852459016393442,0.0,0.0,0.0,0.0,0.0,0.0,0.26229508196721313,0.20197562000840688,0.20197562000840688,0.1849726775956284,0.1849726775956284,0.26229508196721313,0.26229508196721313,0.0,0.01639344262295082,0.01639344262295082,0.03278688524590164,0.03278688524590164,0.0
1,Scenario1_T_Video1_Session1 vs Session2,SVM,42,61,61,"{'decision_function_shape': 'ovo', 'C': 0.1, 'kernel': 'rbf', 'gamma': 'scale'}",scenario_results_scenarios_2025-11-29_143051_early_stop/svm_Scenario1_T_Video1_Session1 vs Session2_2025-11-29_143051_seed42_early_stop.pkl,0.8852459016393442,0.872495446265938,0.872495446265938,0.8709016393442623,0.8709016393442623,0.8852459016393442,0.8852459016393442,0.0,0.0,0.0,0.0,0.0,0.0,0.19672131147540983,0.143871975019516,0.143871975019516,0.12967633459436737,0.12967633459436737,0.19672131147540983,0.19672131147540983,0.0,0.01639344262295082,0.01639344262295082,0.01639344262295082,0.01639344262295082,0.0
1,Scenario1_T_Video1_Session2 vs Session1,SVM,42,61,61,"{'decision_function_shape': 'ovo', 'C': 0.1, 'kernel': 'rbf', 'gamma': 'scale'}",scenario_results_scenarios_2025-11-29_143051_early_stop/svm_Scenario1_T_Video1_Session2 vs Session1_2025-11-29_143051_seed42_early_stop.pkl,0.8852459016393442,0.872495446265938,0.872495446265938,0.8709016393442623,0.8709016393442623,0.8852459016393442,0.8852459016393442,0.0,0.0,0.0,0.0,0.0,0.0,0.21311475409836064,0.13387978142076504,0.13387978142076504,0.10859413810233481,0.10859413810233481,0.21311475409836064,0.21311475409836064,0.0,0.01639344262295082,0.03278688524590164,0.04918032786885246,0.04918032786885246,0.0
1,Scenario1_T_Video2_Session2 vs Session1,SVM,42,61,60,"{'decision_function_shape': 'ovo', 'C': 0.1, 'kernel': 'rbf', 'gamma': 'scale'}",scenario_results_scenarios_2025-11-29_143051_early_stop/svm_Scenario1_T_Video2_Session2 vs Session1_2025-11-29_143051_seed42_early_stop.pkl,0.8852459016393442,0.872495446265938,0.872495446265938,0.8709016393442623,0.8709016393442623,0.8852459016393442,0.8852459016393442,0.0,0.0,0.0,0.0,0.0,0.0,0.18333333333333332,0.14166666666666664,0.13934426229508193,0.12555555555555556,0.12349726775956284,0.18333333333333332,0.18032786885245902,0.0,0.0,0.0,0.0,0.0,0.0
1,Scenario1_T_Video3_Session2 vs Session1,SVM,42,61,59,"{'decision_function_shape': 'ovo', 'C': 0.1, 'kernel': 'rbf', 'gamma': 'scale'}",scenario_results_scenarios_2025-11-29_143051_early_stop/svm_Scenario1_T_Video3_Session2 vs Session1_2025-11-29_143051_seed42_early_stop.pkl,0.8852459016393442,0.872495446265938,0.872495446265938,0.8709016393442623,0.8709016393442623,0.8852459016393442,0.8852459016393442,0.0,0.0,0.0,0.0,0.0,0.0,0.13559322033898305,0.09717514124293786,0.09555555555555556,0.08333333333333333,0.08194444444444443,0.13559322033898305,0.13333333333333333,0.0,0.0,0.0,0.0,0.0,0.0
1,Scenario1_F_Video1_Session1 vs Session2,MLP,42,60,60,"{'hidden_layer_sizes': [50], 'activation': 'relu', 'solver': 'adam', 'alpha': 0.0001, 'learning_rate': 'constant', 'batch_size': 36, 'learning_rate_init': 0.001, 'max_iter': 2000, 'early_stopping': True}",scenario_results_scenarios_2025-11-29_143051_early_stop/mlp_Scenario1_F_Video1_Session1 vs Session2_2025-11-29_143051_seed42_early_stop.pkl,0.016666666666666666,0.000546448087431694,0.000546448087431694,0.0002777777777777778,0.0002777777777777778,0.016666666666666666,0.016666666666666666,0.016666666666666666,0.03333333333333333,0.05,0.06666666666666667,0.08333333333333333,0.016666666666666666,0.016666666666666666,0.000546448087431694,0.000546448087431694,0.0002777777777777778,0.0002777777777777778,0.016666666666666666,0.016666666666666666,0.016666666666666666,0.03333333333333333,0.05,0.06666666666666667,0.08333333333333333,0.016666666666666666
1,Scenario1_F_Video1_Session2 vs Session1,MLP,42,60,60,"{'hidden_layer_sizes': [50], 'activation': 'relu', 'solver': 'adam', 'alpha': 0.0001, 'learning_rate': 'constant', 'batch_size': 36, 'learning_rate_init': 0.001, 'max_iter': 2000, 'early_stopping': True}",scenario_results_scenarios_2025-11-29_143051_early_stop/mlp_Scenario1_F_Video1_Session2 vs Session1_2025-11-29_143051_seed42_early_stop.pkl,0.016666666666666666,0.000546448087431694,0.000546448087431694,0.0002777777777777778,0.0002777777777777778,0.016666666666666666,0.016666666666666666,0.016666666666666666,0.03333333333333333,0.05,0.06666666666666667,0.08333333333333333,0.016666666666666666,0.016666666666666666,0.000546448087431694,0.000546448087431694,0.0002777777777777778,0.0002777777777777778,0.016666666666666666,0.016666666666666666,0.016666666666666666,0.03333333333333333,0.05,0.06666666666666667,0.08333333333333333,0.016666666666666666
1,Scenario1_F_Video2_Session1 vs Session2,MLP,42,61,61,"{'hidden_layer_sizes': [50], 'activation': 'relu', 'solver': 'adam', 'alpha': 0.0001, 'learning_rate': 'constant', 'batch_size': 36, 'learning_rate_init': 0.001, 'max_iter': 2000, 'early_stopping': True}",scenario_results_scenarios_2025-11-29_143051_early_stop/mlp_Scenario1_F_Video2_Session1 vs Session2_2025-11-29_143051_seed42_early_stop.pkl,0.01639344262295082,0.0005288207297726071,0.0005288207297726071,0.0002687449610319807,0.0002687449610319807,0.01639344262295082,0.01639344262295082,0.01639344262295082,0.03278688524590164,0.06557377049180328,0.06557377049180328,0.08196721311475409,0.01639344262295082,0.01639344262295082,0.0005288207297726071,0.0005288207297726071,0.0002687449610319807,0.0002687449610319807,0.01639344262295082,0.01639344262295082,0.01639344262295082,0.03278688524590164,0.06557377049180328,0.06557377049180328,0.08196721311475409,0.01639344262295082
1,Scenario1_F_Video2_Session2 vs Session1,MLP,42,61,61,"{'hidden_layer_sizes': [50], 'activation': 'relu', 'solver': 'adam', 'alpha': 0.0001, 'learning_rate': 'constant', 'batch_size': 36, 'learning_rate_init': 0.001, 'max_iter': 2000, 'early_stopping': True}",scenario_results_scenarios_2025-11-29_143051_early_stop/mlp_Scenario1_F_Video2_Session2 vs Session1_2025-11-29_143051_seed42_early_stop.pkl,0.01639344262295082,0.0005288207297726071,0.0005288207297726071,0.0002687449610319807,0.0002687449610319807,0.01639344262295082,0.01639344262295082,0.01639344262295082,0.03278688524590164,0.04918032786885246,0.06557377049180328,0.08196721311475409,0.01639344262295082,0.01639344262295082,0.0005288207297726071,0.0005288207297726071,0.0002687449610319807,0.0002687449610319807,0.01639344262295082,0.01639344262295082,0.01639344262295082,0.03278688524590164,0.04918032786885246,0.06557377049180328,0.08196721311475409,0.01639344262295082
1,Scenario1_F_Video3_Session1 vs Session2,MLP,42,61,61,"{'hidden_layer_sizes': [50], 'activation': 'relu', 'solver': 'adam', 'alpha': 0.0001, 'learning_rate': 'constant', 'batch_size': 36, 'learning_rate_init': 0.001, 'max_iter': 2000, 'early_stopping': True}",scenario_results_scenarios_2025-11-29_143051_early_stop/mlp_Scenario1_F_Video3_Session1 vs Session2_2025-11-29_143051_seed42_early_stop.pkl,0.01639344262295082,0.0005288207297726071,0.0005288207297726071,0.0002687449610319807,0.0002687449610319807,0.01639344262295082,0.01639344262295082,0.01639344262295082,0.03278688524590164,0.04918032786885246,0.06557377049180328,0.08196721311475409,0.01639344262295082,0.01639344262295082,0.0005288207297726071,0.0005288207297726071,0.0002687449610319807,0.0002687449610319807,0.01639344262295082,0.01639344262295082,0.01639344262295082,0.03278688524590164,0.04918032786885246,0.06557377049180328,0.08196721311475409,0.01639344262295082
1,Scenario1_F_Video3_Session2 vs Session1,MLP,42,61,61,"{'hidden_layer_sizes': [50], 'activation': 'relu', 'solver': 'adam', 'alpha': 0.0001, 'learning_rate': 'constant', 'batch_size': 36, 'learning_rate_init': 0.001, 'max_iter': 2000, 'early_stopping': True}",scenario_results_scenarios_2025-11-29_143051_early_stop/mlp_Scenario1_F_Video3_Session2 vs Session1_2025-11-29_143051_seed42_early_stop.pkl,0.01639344262295082,0.0005288207297726071,0.0005288207297726071,0.0002687449610319807,0.0002687449610319807,0.01639344262295082,0.01639344262295082,0.01639344262295082,0.03278688524590164,0.04918032786885246,0.06557377049180328,0.08196721311475409,0.01639344262295082,0.01639344262295082,0.0005288207297726071,0.0005288207297726071,0.0002687449610319807,0.0002687449610319807,0.01639344262295082,0.01639344262295082,0.01639344262295082,0.03278688524590164,0.04918032786885246,0.06557377049180328,0.08196721311475409,0.01639344262295082
1,Scenario1_I_Video1_Session2 vs Session1,MLP,42,61,60,"{'hidden_layer_sizes': [50], 'activation': 'relu', 'solver': 'adam', 'alpha': 0.0001, 'learning_rate': 'constant', 'batch_size': 36, 'learning_rate_init': 0.001, 'max_iter': 2000, 'early_stopping': True}",scenario_results_scenarios_2025-11-29_143051_early_stop/mlp_Scenario1_I_Video1_Session2 vs Session1_2025-11-29_143051_seed42_early_stop.pkl,0.01639344262295082,0.0005288207297726071,0.0005288207297726071,0.0002687449610319807,0.0002687449610319807,0.01639344262295082,0.01639344262295082,0.01639344262295082,0.03278688524590164,0.04918032786885246,0.06557377049180328,0.08196721311475409,0.01639344262295082,0.016666666666666666,0.000546448087431694,0.000546448087431694,0.0002777777777777778,0.0002777777777777778,0.016666666666666666,0.016666666666666666,0.0,0.0,0.0,0.0,0.0,0.016666666666666666
1,Scenario1_I_Video2_Session1 vs Session2,MLP,42,61,61,"{'hidden_layer_sizes': [50], 'activation': 'relu', 'solver': 'adam', 'alpha': 0.0001, 'learning_rate': 'constant', 'batch_size': 36, 'learning_rate_init': 0.001, 'max_iter': 2000, 'early_stopping': True}",scenario_results_scenarios_2025-11-29_143051_early_stop/mlp_Scenario1_I_Video2_Session1 vs Session2_2025-11-29_143051_seed42_early_stop.pkl,0.01639344262295082,0.0005288207297726071,0.0005288207297726071,0.0002687449610319807,0.0002687449610319807,0.01639344262295082,0.01639344262295082,0.01639344262295082,0.03278688524590164,0.04918032786885246,0.06557377049180328,0.08196721311475409,0.01639344262295082,0.01639344262295082,0.0005288207297726071,0.0005288207297726071,0.0002687449610319807,0.0002687449610319807,0.01639344262295082,0.01639344262295082,0.01639344262295082,0.03278688524590164,0.04918032786885246,0.06557377049180328,0.08196721311475409,0.01639344262295082
1,Scenario1_I_Video2_Session2 vs Session1,MLP,42,61,61,"{'hidden_layer_sizes': [50], 'activation': 'relu', 'solver': 'adam', 'alpha': 0.0001, 'learning_rate': 'constant', 'batch_size': 36, 'learning_rate_init': 0.001, 'max_iter': 2000, 'early_stopping': True}",scenario_results_scenarios_2025-11-29_143051_early_stop/mlp_Scenario1_I_Video2_Session2 vs Session1_2025-11-29_143051_seed42_early_stop.pkl,0.01639344262295082,0.0005288207297726071,0.0005288207297726071,0.0002687449610319807,0.0002687449610319807,0.01639344262295082,0.01639344262295082,0.01639344262295082,0.03278688524590164,0.04918032786885246,0.06557377049180328,0.08196721311475409,0.01639344262295082,0.01639344262295082,0.0005288207297726071,0.0005288207297726071,0.0002687449610319807,0.0002687449610319807,0.01639344262295082,0.01639344262295082,0.01639344262295082,0.03278688524590164,0.04918032786885246,0.06557377049180328,0.08196721311475409,0.01639344262295082
1,Scenario1_I_Video3_Session1 vs Session2,MLP,42,61,61,"{'hidden_layer_sizes': [50], 'activation': 'relu', 'solver': 'adam', 'alpha': 0.0001, 'learning_rate': 'constant', 'batch_size': 36, 'learning_rate_init': 0.001, 'max_iter': 2000, 'early_stopping': True}",scenario_results_scenarios_2025-11-29_143051_early_stop/mlp_Scenario1_I_Video3_Session1 vs Session2_2025-11-29_143051_seed42_early_stop.pkl,0.01639344262295082,0.0005288207297726071,0.0005288207297726071,0.0002687449610319807,0.0002687449610319807,0.01639344262295082,0.01639344262295082,0.01639344262295082,0.03278688524590164,0.04918032786885246,0.06557377049180328,0.08196721311475409,0.01639344262295082,0.01639344262295082,0.0005288207297726071,0.0005288207297726071,0.0002687449610319807,0.0002687449610319807,0.01639344262295082,0.01639344262295082,0.01639344262295082,0.03278688524590164,0.04918032786885246,0.06557377049180328,0.08196721311475409,0.01639344262295082
1,Scenario1_I_Video3_Session2 vs Session1,MLP,42,61,61,"{'hidden_layer_sizes': [50], 'activation': 'relu', 'solver': 'adam', 'alpha': 0.0001, 'learning_rate': 'constant', 'batch_size': 36, 'learning_rate_init': 0.001, 'max_iter': 2000, 'early_stopping': True}",scenario_results_scenarios_2025-11-29_143051_early_stop/mlp_Scenario1_I_Video3_Session2 vs Session1_2025-11-29_143051_seed42_early_stop.pkl,0.01639344262295082,0.0005288207297726071,0.0005288207297726071,0.0002687449610319807,0.0002687449610319807,0.01639344262295082,0.01639344262295082,0.01639344262295082,0.03278688524590164,0.04918032786885246,0.06557377049180328,0.08196721311475409,0.01639344262295082,0.01639344262295082,0.0005288207297726071,0.0005288207297726071,0.0002687449610319807,0.0002687449610319807,0.01639344262295082,0.01639344262295082,0.01639344262295082,0.03278688524590164,0.04918032786885246,0.06557377049180328,0.08196721311475409,0.01639344262295082
1,Scenario1_T_Video1_Session1 vs Session2,MLP,42,61,61,"{'hidden_layer_sizes': [50], 'activation': 'relu', 'solver': 'adam', 'alpha': 0.0001, 'learning_rate': 'constant', 'batch_size': 36, 'learning_rate_init': 0.001, 'max_iter': 2000, 'early_stopping': True}",scenario_results_scenarios_2025-11-29_143051_early_stop/mlp_Scenario1_T_Video1_Session1 vs Session2_2025-11-29_143051_seed42_early_stop.pkl,0.01639344262295082,0.0005288207297726071,0.0005288207297726071,0.0002687449610319807,0.0002687449610319807,0.01639344262295082,0.01639344262295082,0.01639344262295082,0.03278688524590164,0.04918032786885246,0.06557377049180328,0.08196721311475409,0.01639344262295082,0.01639344262295082,0.0005288207297726071,0.0005288207297726071,0.0002687449610319807,0.0002687449610319807,0.01639344262295082,0.01639344262295082,0.01639344262295082,0.03278688524590164,0.04918032786885246,0.06557377049180328,0.08196721311475409,0.01639344262295082
1,Scenario1_T_Video1_Session2 vs Session1,MLP,42,61,61,"{'hidden_layer_sizes': [50], 'activation': 'relu', 'solver': 'adam', 'alpha': 0.0001, 'learning_rate': 'constant', 'batch_size': 36, 'learning_rate_init': 0.001, 'max_iter': 2000, 'early_stopping': True}",scenario_results_scenarios_2025-11-29_143051_early_stop/mlp_Scenario1_T_Video1_Session2 vs Session1_2025-11-29_143051_seed42_early_stop.pkl,0.01639344262295082,0.0005288207297726071,0.0005288207297726071,0.0002687449610319807,0.0002687449610319807,0.01639344262295082,0.01639344262295082,0.01639344262295082,0.03278688524590164,0.04918032786885246,0.06557377049180328,0.08196721311475409,0.01639344262295082,0.01639344262295082,0.0005288207297726071,0.0005288207297726071,0.0002687449610319807,0.0002687449610319807,0.01639344262295082,0.01639344262295082,0.01639344262295082,0.03278688524590164,0.04918032786885246,0.06557377049180328,0.08196721311475409,0.01639344262295082
1,Scenario1_T_Video2_Session2 vs Session1,MLP,42,61,60,"{'hidden_layer_sizes': [50], 'activation': 'relu', 'solver': 'adam', 'alpha': 0.0001, 'learning_rate': 'constant', 'batch_size': 36, 'learning_rate_init': 0.001, 'max_iter': 2000, 'early_stopping': True}",scenario_results_scenarios_2025-11-29_143051_early_stop/mlp_Scenario1_T_Video2_Session2 vs Session1_2025-11-29_143051_seed42_early_stop.pkl,0.01639344262295082,0.0005288207297726071,0.0005288207297726071,0.0002687449610319807,0.0002687449610319807,0.01639344262295082,0.01639344262295082,0.01639344262295082,0.03278688524590164,0.04918032786885246,0.06557377049180328,0.08196721311475409,0.01639344262295082,0.016666666666666666,0.000546448087431694,0.000546448087431694,0.0002777777777777778,0.0002777777777777778,0.016666666666666666,0.016666666666666666,0.0,0.0,0.0,0.0,0.0,0.016666666666666666
1,Scenario1_T_Video3_Session2 vs Session1,MLP,42,61,59,"{'hidden_layer_sizes': [50], 'activation': 'relu', 'solver': 'adam', 'alpha': 0.0001, 'learning_rate': 'constant', 'batch_size': 36, 'learning_rate_init': 0.001, 'max_iter': 2000, 'early_stopping': True}",scenario_results_scenarios_2025-11-29_143051_early_stop/mlp_Scenario1_T_Video3_Session2 vs Session1_2025-11-29_143051_seed42_early_stop.pkl,0.01639344262295082,0.0005288207297726071,0.0005288207297726071,0.0002687449610319807,0.0002687449610319807,0.01639344262295082,0.01639344262295082,0.01639344262295082,0.03278688524590164,0.06557377049180328,0.06557377049180328,0.08196721311475409,0.01639344262295082,0.01694915254237288,0.0005649717514124294,0.0005649717514124294,0.0002872737719046251,0.0002872737719046251,0.01694915254237288,0.01694915254237288,0.0,0.0,0.0,0.0,0.0,0.01694915254237288
1,Scenario1_F_Video1_Session1 vs Session2,NaiveBayes,42,60,60,"{'priors': None, 'var_smoothing': 1e-09}",scenario_results_scenarios_2025-11-29_143051_early_stop/naivebayes_Scenario1_F_Video1_Session1 vs Session2_2025-11-29_143051_seed42_early_stop.pkl,0.9,0.8875,0.8875,0.8857142857142857,0.8857142857142857,0.9,0.9,0.9,0.9166666666666666,0.9333333333333333,0.95,0.9666666666666667,0.8833333333333333,0.16666666666666666,0.10430555555555557,0.10430555555555557,0.08444444444444445,0.08444444444444445,0.16666666666666666,0.16666666666666666,0.16666666666666666,0.2,0.21666666666666667,0.25,0.26666666666666666,0.15
1,Scenario1_F_Video1_Session2 vs Session1,NaiveBayes,42,60,60,"{'priors': None, 'var_smoothing': 1e-09}",scenario_results_scenarios_2025-11-29_143051_early_stop/naivebayes_Scenario1_F_Video1_Session2 vs Session1_2025-11-29_143051_seed42_early_stop.pkl,0.9,0.8875,0.8875,0.8857142857142857,0.8857142857142857,0.9,0.9,0.9,0.9166666666666666,0.9333333333333333,0.95,0.9666666666666667,0.8833333333333333,0.2,0.13747474747474747,0.13747474747474747,0.12027777777777778,0.12027777777777778,0.2,0.2,0.2,0.21666666666666667,0.23333333333333334,0.26666666666666666,0.2833333333333333,0.18333333333333332
1,Scenario1_F_Video2_Session1 vs Session2,NaiveBayes,42,61,61,"{'priors': None, 'var_smoothing': 1e-09}",scenario_results_scenarios_2025-11-29_143051_early_stop/naivebayes_Scenario1_F_Video2_Session1 vs Session2_2025-11-29_143051_seed42_early_stop.pkl,0.8852459016393442,0.872495446265938,0.872495446265938,0.8709016393442623,0.8709016393442623,0.8852459016393442,0.8852459016393442,0.8852459016393442,0.9016393442622951,0.9180327868852459,0.9344262295081968,0.9508196721311475,0.8688524590163934,0.13114754098360656,0.07595628415300545,0.07595628415300545,0.062146050670640836,0.062146050670640836,0.13114754098360656,0.13114754098360656,0.13114754098360656,0.14754098360655737,0.18032786885245902,0.19672131147540983,0.22950819672131148,0.11475409836065574
1,Scenario1_F_Video2_Session2 vs Session1,NaiveBayes,42,61,61,"{'priors': None, 'var_smoothing': 1e-09}",scenario_results_scenarios_2025-11-29_143051_early_stop/naivebayes_Scenario1_F_Video2_Session2 vs Session1_2025-11-29_143051_seed42_early_stop.pkl,0.8852459016393442,0.872495446265938,0.872495446265938,0.8709016393442623,0.8709016393442623,0.8852459016393442,0.8852459016393442,0.8852459016393442,0.9016393442622951,0.9180327868852459,0.9344262295081968,0.9508196721311475,0.8688524590163934,0.16393442622950818,0.12214721954355512,0.12214721954355512,0.10758196721311475,0.10758196721311475,0.16393442622950818,0.16393442622950818,0.16393442622950818,0.19672131147540983,0.21311475409836064,0.22950819672131148,0.26229508196721313,0.14754098360655737
1,Scenario1_F_Video3_Session1 vs Session2,NaiveBayes,42,61,61,"{'priors': None, 'var_smoothing': 1e-09}",scenario_results_scenarios_2025-11-29_143051_early_stop/naivebayes_Scenario1_F_Video3_Session1 vs Session2_2025-11-29_143051_seed42_early_stop.pkl,0.8852459016393442,0.872495446265938,0.872495446265938,0.8709016393442623,0.8709016393442623,0.8852459016393442,0.8852459016393442,0.8852459016393442,0.9016393442622951,0.9180327868852459,0.9344262295081968,0.9508196721311475,0.8688524590163934,0.18032786885245902,0.10195160031225606,0.10195160031225606,0.0802367941712204,0.0802367941712204,0.18032786885245902,0.18032786885245902,0.18032786885245902,0.21311475409836064,0.2459016393442623,0.26229508196721313,0.2786885245901639,0.16393442622950818
1,Scenario1_F_Video3_Session2 vs Session1,NaiveBayes,42,61,61,"{'priors': None, 'var_smoothing': 1e-09}",scenario_results_scenarios_2025-11-29_143051_early_stop/naivebayes_Scenario1_F_Video3_Session2 vs Session1_2025-11-29_143051_seed42_early_stop.pkl,0.8852459016393442,0.872495446265938,0.872495446265938,0.8709016393442623,0.8709016393442623,0.8852459016393442,0.8852459016393442,0.8852459016393442,0.9016393442622951,0.9180327868852459,0.9344262295081968,0.9508196721311475,0.8688524590163934,0.13114754098360656,0.0975570556091289,0.0975570556091289,0.08845628415300548,0.08845628415300548,0.13114754098360656,0.13114754098360656,0.13114754098360656,0.16393442622950818,0.19672131147540983,0.21311475409836064,0.2459016393442623,0.11475409836065574
1,Scenario1_I_Video1_Session2 vs Session1,NaiveBayes,42,61,60,"{'priors': None, 'var_smoothing': 1e-09}",scenario_results_scenarios_2025-11-29_143051_early_stop/naivebayes_Scenario1_I_Video1_Session2 vs Session1_2025-11-29_143051_seed42_early_stop.pkl,0.8852459016393442,0.872495446265938,0.872495446265938,0.8709016393442623,0.8709016393442623,0.8852459016393442,0.8852459016393442,0.8852459016393442,0.9016393442622951,0.9180327868852459,0.9344262295081968,0.9508196721311475,0.8688524590163934,0.18333333333333332,0.1272222222222222,0.1272222222222222,0.10984848484848485,0.10984848484848485,0.18333333333333332,0.18333333333333332,0.0,0.0,0.0,0.0,0.0,0.16666666666666666
1,Scenario1_I_Video2_Session1 vs Session2,NaiveBayes,42,61,61,"{'priors': None, 'var_smoothing': 1e-09}",scenario_results_scenarios_2025-11-29_143051_early_stop/naivebayes_Scenario1_I_Video2_Session1 vs Session2_2025-11-29_143051_seed42_early_stop.pkl,0.8852459016393442,0.872495446265938,0.872495446265938,0.8709016393442623,0.8709016393442623,0.8852459016393442,0.8852459016393442,0.8852459016393442,0.9016393442622951,0.9180327868852459,0.9344262295081968,0.9508196721311475,0.8688524590163934,0.21311475409836064,0.13442622950819672,0.13442622950819672,0.10619307832422586,0.10619307832422586,0.21311475409836064,0.21311475409836064,0.21311475409836064,0.22950819672131148,0.26229508196721313,0.2786885245901639,0.3114754098360656,0.19672131147540983
1,Scenario1_I_Video2_Session2 vs Session1,NaiveBayes,42,61,61,"{'priors': None, 'var_smoothing': 1e-09}",scenario_results_scenarios_2025-11-29_143051_early_stop/naivebayes_Scenario1_I_Video2_Session2 vs Session1_2025-11-29_143051_seed42_early_stop.pkl,0.8852459016393442,0.872495446265938,0.872495446265938,0.8709016393442623,0.8709016393442623,0.8852459016393442,0.8852459016393442,0.8852459016393442,0.9016393442622951,0.9180327868852459,0.9344262295081968,0.9508196721311475,0.8688524590163934,0.19672131147540983,0.12724434035909443,0.12724434035909443,0.10508617065994114,0.10508617065994114,0.19672131147540983,0.19672131147540983,0.19672131147540983,0.22950819672131148,0.26229508196721313,0.2786885245901639,0.29508196721311475,0.18032786885245902
1,Scenario1_I_Video3_Session1 vs Session2,NaiveBayes,42,61,61,"{'priors': None, 'var_smoothing': 1e-09}",scenario_results_scenarios_2025-11-29_143051_early_stop/naivebayes_Scenario1_I_Video3_Session1 vs Session2_2025-11-29_143051_seed42_early_stop.pkl,0.8852459016393442,0.872495446265938,0.872495446265938,0.8709016393442623,0.8709016393442623,0.8852459016393442,0.8852459016393442,0.8852459016393442,0.9016393442622951,0.9180327868852459,0.9344262295081968,0.9508196721311475,0.8688524590163934,0.22950819672131148,0.16666666666666666,0.16666666666666666,0.1468455042225534,0.1468455042225534,0.22950819672131148,0.22950819672131148,0.22950819672131148,0.26229508196721313,0.2786885245901639,0.29508196721311475,0.32786885245901637,0.21311475409836064
1,Scenario1_I_Video3_Session2 vs Session1,NaiveBayes,42,61,61,"{'priors': None, 'var_smoothing': 1e-09}",scenario_results_scenarios_2025-11-29_143051_early_stop/naivebayes_Scenario1_I_Video3_Session2 vs Session1_2025-11-29_143051_seed42_early_stop.pkl,0.8852459016393442,0.872495446265938,0.872495446265938,0.8709016393442623,0.8709016393442623,0.8852459016393442,0.8852459016393442,0.8852459016393442,0.9016393442622951,0.9180327868852459,0.9344262295081968,0.9508196721311475,0.8688524590163934,0.26229508196721313,0.20197562000840688,0.20197562000840688,0.1849726775956284,0.1849726775956284,0.26229508196721313,0.26229508196721313,0.26229508196721313,0.29508196721311475,0.3114754098360656,0.32786885245901637,0.3442622950819672,0.2459016393442623
1,Scenario1_T_Video1_Session1 vs Session2,NaiveBayes,42,61,61,"{'priors': None, 'var_smoothing': 1e-09}",scenario_results_scenarios_2025-11-29_143051_early_stop/naivebayes_Scenario1_T_Video1_Session1 vs Session2_2025-11-29_143051_seed42_early_stop.pkl,0.8852459016393442,0.872495446265938,0.872495446265938,0.8709016393442623,0.8709016393442623,0.8852459016393442,0.8852459016393442,0.8852459016393442,0.9016393442622951,0.9180327868852459,0.9344262295081968,0.9508196721311475,0.8688524590163934,0.19672131147540983,0.14387197501951599,0.14387197501951599,0.1296763345943674,0.1296763345943674,0.19672131147540983,0.19672131147540983,0.19672131147540983,0.21311475409836064,0.22950819672131148,0.2459016393442623,0.2786885245901639,0.18032786885245902
1,Scenario1_T_Video1_Session2 vs Session1,NaiveBayes,42,61,61,"{'priors': None, 'var_smoothing': 1e-09}",scenario_results_scenarios_2025-11-29_143051_early_stop/naivebayes_Scenario1_T_Video1_Session2 vs Session1_2025-11-29_143051_seed42_early_stop.pkl,0.8852459016393442,0.872495446265938,0.872495446265938,0.8709016393442623,0.8709016393442623,0.8852459016393442,0.8852459016393442,0.8852459016393442,0.9016393442622951,0.9180327868852459,0.9344262295081968,0.9508196721311475,0.8688524590163934,0.21311475409836064,0.133879781420765,0.133879781420765,0.10859413810233481,0.10859413810233481,0.21311475409836064,0.21311475409836064,0.21311475409836064,0.2459016393442623,0.26229508196721313,0.2786885245901639,0.3114754098360656,0.19672131147540983
1,Scenario1_T_Video2_Session2 vs Session1,NaiveBayes,42,61,60,"{'priors': None, 'var_smoothing': 1e-09}",scenario_results_scenarios_2025-11-29_143051_early_stop/naivebayes_Scenario1_T_Video2_Session2 vs Session1_2025-11-29_143051_seed42_early_stop.pkl,0.8852459016393442,0.872495446265938,0.872495446265938,0.8709016393442623,0.8709016393442623,0.8852459016393442,0.8852459016393442,0.8852459016393442,0.9016393442622951,0.9180327868852459,0.9344262295081968,0.9508196721311475,0.8688524590163934,0.2,0.14423076923076922,0.14423076923076922,0.12694444444444444,0.12694444444444444,0.2,0.2,0.0,0.0,0.0,0.0,0.0,0.18333333333333332
1,Scenario1_T_Video3_Session2 vs Session1,NaiveBayes,42,61,59,"{'priors': None, 'var_smoothing': 1e-09}",scenario_results_scenarios_2025-11-29_143051_early_stop/naivebayes_Scenario1_T_Video3_Session2 vs Session1_2025-11-29_143051_seed42_early_stop.pkl,0.8852459016393442,0.872495446265938,0.872495446265938,0.8709016393442623,0.8709016393442623,0.8852459016393442,0.8852459016393442,0.8852459016393442,0.9016393442622951,0.9180327868852459,0.9344262295081968,0.9508196721311475,0.8688524590163934,0.15254237288135594,0.09978270317253368,0.09978270317253368,0.0847457627118644,0.0847457627118644,0.15254237288135594,0.15254237288135594,0.0,0.0,0.0,0.0,0.0,0.13559322033898305
1,Scenario1_F_Video1_Session1 vs Session2,LightGBM,42,60,60,"{'n_estimators': 100, 'max_depth': 6, 'learning_rate': 0.05, 'num_leaves': 31, 'min_child_samples': 20}",scenario_results_scenarios_2025-11-29_143051_early_stop/lightgbm_Scenario1_F_Video1_Session1 vs Session2_2025-11-29_143051_seed42_early_stop.pkl,0.9,0.8875,0.8875,0.8857142857142857,0.8857142857142857,0.9,0.9,0.9,0.9166666666666666,0.9333333333333333,0.95,0.9666666666666667,0.8833333333333333,0.06666666666666667,0.03611111111111111,0.03611111111111111,0.030043859649122807,0.030043859649122807,0.06666666666666667,0.06666666666666667,0.06666666666666667,0.16666666666666666,0.25,0.2833333333333333,0.31666666666666665,0.05
1,Scenario1_F_Video1_Session2 vs Session1,LightGBM,42,60,60,"{'n_estimators': 100, 'max_depth': 6, 'learning_rate': 0.05, 'num_leaves': 31, 'min_child_samples': 20}",scenario_results_scenarios_2025-11-29_143051_early_stop/lightgbm_Scenario1_F_Video1_Session2 vs Session1_2025-11-29_143051_seed42_early_stop.pkl,0.9,0.8875,0.8875,0.8857142857142857,0.8857142857142857,0.9,0.9,0.9,0.9166666666666666,0.9333333333333333,0.95,0.9666666666666667,0.8833333333333333,0.1,0.06286549707602339,0.06286549707602339,0.053703703703703705,0.053703703703703705,0.1,0.1,0.1,0.18333333333333332,0.2,0.21666666666666667,0.23333333333333334,0.08333333333333333
1,Scenario1_F_Video2_Session1 vs Session2,LightGBM,42,61,61,"{'n_estimators': 100, 'max_depth': 6, 'learning_rate': 0.05, 'num_leaves': 31, 'min_child_samples': 20}",scenario_results_scenarios_2025-11-29_143051_early_stop/lightgbm_Scenario1_F_Video2_Session1 vs Session2_2025-11-29_143051_seed42_early_stop.pkl,0.8852459016393442,0.872495446265938,0.872495446265938,0.8709016393442623,0.8709016393442623,0.8852459016393442,0.8852459016393442,0.8852459016393442,0.9016393442622951,0.9180327868852459,0.9344262295081968,0.9508196721311475,0.8688524590163934,0.11475409836065574,0.08591378263509411,0.08591378263509411,0.07986548970155528,0.07986548970155528,0.11475409836065574,0.11475409836065574,0.11475409836065574,0.21311475409836064,0.2459016393442623,0.26229508196721313,0.2786885245901639,0.09836065573770492
1,Scenario1_F_Video2_Session2 vs Session1,LightGBM,42,61,61,"{'n_estimators': 100, 'max_depth': 6, 'learning_rate': 0.05, 'num_leaves': 31, 'min_child_samples': 20}",scenario_results_scenarios_2025-11-29_143051_early_stop/lightgbm_Scenario1_F_Video2_Session2 vs Session1_2025-11-29_143051_seed42_early_stop.pkl,0.8852459016393442,0.872495446265938,0.872495446265938,0.8709016393442623,0.8709016393442623,0.8852459016393442,0.8852459016393442,0.8852459016393442,0.9016393442622951,0.9180327868852459,0.9344262295081968,0.9508196721311475,0.8688524590163934,0.13114754098360656,0.08360655737704917,0.08360655737704917,0.06916882369859075,0.06916882369859075,0.13114754098360656,0.13114754098360656,0.13114754098360656,0.21311475409836064,0.26229508196721313,0.2786885245901639,0.3114754098360656,0.11475409836065574
1,Scenario1_F_Video3_Session1 vs Session2,LightGBM,42,61,61,"{'n_estimators': 100, 'max_depth': 6, 'learning_rate': 0.05, 'num_leaves': 31, 'min_child_samples': 20}",scenario_results_scenarios_2025-11-29_143051_early_stop/lightgbm_Scenario1_F_Video3_Session1 vs Session2_2025-11-29_143051_seed42_early_stop.pkl,0.8852459016393442,0.872495446265938,0.872495446265938,0.8709016393442623,0.8709016393442623,0.8852459016393442,0.8852459016393442,0.8852459016393442,0.9016393442622951,0.9180327868852459,0.9344262295081968,0.9508196721311475,0.8688524590163934,0.18032786885245902,0.13854066216650596,0.13854066216650596,0.12725409836065574,0.12725409836065574,0.18032786885245902,0.18032786885245902,0.18032786885245902,0.2786885245901639,0.32786885245901637,0.3442622950819672,0.36065573770491804,0.16393442622950818
1,Scenario1_F_Video3_Session2 vs Session1,LightGBM,42,61,61,"{'n_estimators': 100, 'max_depth': 6, 'learning_rate': 0.05, 'num_leaves': 31, 'min_child_samples': 20}",scenario_results_scenarios_2025-11-29_143051_early_stop/lightgbm_Scenario1_F_Video3_Session2 vs Session1_2025-11-29_143051_seed42_early_stop.pkl,0.8852459016393442,0.872495446265938,0.872495446265938,0.8709016393442623,0.8709016393442623,0.8852459016393442,0.8852459016393442,0.8852459016393442,0.9016393442622951,0.9180327868852459,0.9344262295081968,0.9508196721311475,0.8688524590163934,0.04918032786885246,0.020437158469945354,0.020437158469945354,0.014344262295081968,0.014344262295081968,0.04918032786885246,0.04918032786885246,0.04918032786885246,0.11475409836065574,0.18032786885245902,0.21311475409836064,0.22950819672131148,0.03278688524590164
1,Scenario1_I_Video1_Session2 vs Session1,LightGBM,42,61,60,"{'n_estimators': 100, 'max_depth': 6, 'learning_rate': 0.05, 'num_leaves': 31, 'min_child_samples': 20}",scenario_results_scenarios_2025-11-29_143051_early_stop/lightgbm_Scenario1_I_Video1_Session2 vs Session1_2025-11-29_143051_seed42_early_stop.pkl,0.8852459016393442,0.872495446265938,0.872495446265938,0.8709016393442623,0.8709016393442623,0.8852459016393442,0.8852459016393442,0.8852459016393442,0.9016393442622951,0.9180327868852459,0.9344262295081968,0.9508196721311475,0.8688524590163934,0.1,0.07111111111111111,0.07111111111111111,0.06476608187134503,0.06476608187134503,0.1,0.1,0.0,0.0,0.0,0.0,0.0,0.08333333333333333
1,Scenario1_I_Video2_Session1 vs Session2,LightGBM,42,61,61,"{'n_estimators': 100, 'max_depth': 6, 'learning_rate': 0.05, 'num_leaves': 31, 'min_child_samples': 20}",scenario_results_scenarios_2025-11-29_143051_early_stop/lightgbm_Scenario1_I_Video2_Session1 vs Session2_2025-11-29_143051_seed42_early_stop.pkl,0.8852459016393442,0.872495446265938,0.872495446265938,0.8709016393442623,0.8709016393442623,0.8852459016393442,0.8852459016393442,0.8852459016393442,0.9016393442622951,0.9180327868852459,0.9344262295081968,0.9508196721311475,0.8688524590163934,0.16393442622950818,0.11967213114754097,0.11967213114754097,0.1049960967993755,0.1049960967993755,0.16393442622950818,0.16393442622950818,0.16393442622950818,0.2786885245901639,0.32786885245901637,0.36065573770491804,0.4098360655737705,0.14754098360655737
1,Scenario1_I_Video2_Session2 vs Session1,LightGBM,42,61,61,"{'n_estimators': 100, 'max_depth': 6, 'learning_rate': 0.05, 'num_leaves': 31, 'min_child_samples': 20}",scenario_results_scenarios_2025-11-29_143051_early_stop/lightgbm_Scenario1_I_Video2_Session2 vs Session1_2025-11-29_143051_seed42_early_stop.pkl,0.8852459016393442,0.872495446265938,0.872495446265938,0.8709016393442623,0.8709016393442623,0.8852459016393442,0.8852459016393442,0.8852459016393442,0.9016393442622951,0.9180327868852459,0.9344262295081968,0.9508196721311475,0.8688524590163934,0.09836065573770492,0.06262770254217152,0.06262770254217152,0.05402384500745156,0.05402384500745156,0.09836065573770492,0.09836065573770492,0.09836065573770492,0.16393442622950818,0.21311475409836064,0.26229508196721313,0.2786885245901639,0.08196721311475409
1,Scenario1_I_Video3_Session1 vs Session2,LightGBM,42,61,61,"{'n_estimators': 100, 'max_depth': 6, 'learning_rate': 0.05, 'num_leaves': 31, 'min_child_samples': 20}",scenario_results_scenarios_2025-11-29_143051_early_stop/lightgbm_Scenario1_I_Video3_Session1 vs Session2_2025-11-29_143051_seed42_early_stop.pkl,0.8852459016393442,0.872495446265938,0.872495446265938,0.8709016393442623,0.8709016393442623,0.8852459016393442,0.8852459016393442,0.8852459016393442,0.9016393442622951,0.9180327868852459,0.9344262295081968,0.9508196721311475,0.8688524590163934,0.26229508196721313,0.18346994535519123,0.18346994535519123,0.15601092896174862,0.15601092896174862,0.26229508196721313,0.26229508196721313,0.26229508196721313,0.3114754098360656,0.3770491803278688,0.4262295081967213,0.47540983606557374,0.2459016393442623
1,Scenario1_I_Video3_Session2 vs Session1,LightGBM,42,61,61,"{'n_estimators': 100, 'max_depth': 6, 'learning_rate': 0.05, 'num_leaves': 31, 'min_child_samples': 20}",scenario_results_scenarios_2025-11-29_143051_early_stop/lightgbm_Scenario1_I_Video3_Session2 vs Session1_2025-11-29_143051_seed42_early_stop.pkl,0.8852459016393442,0.872495446265938,0.872495446265938,0.8709016393442623,0.8709016393442623,0.8852459016393442,0.8852459016393442,0.8852459016393442,0.9016393442622951,0.9180327868852459,0.9344262295081968,0.9508196721311475,0.8688524590163934,0.18032786885245902,0.15704918032786885,0.15704918032786885,0.15368852459016394,0.15368852459016394,0.18032786885245902,0.18032786885245902,0.18032786885245902,0.2786885245901639,0.3114754098360656,0.3442622950819672,0.3770491803278688,0.16393442622950818
1,Scenario1_T_Video1_Session1 vs Session2,LightGBM,42,61,61,"{'n_estimators': 100, 'max_depth': 6, 'learning_rate': 0.05, 'num_leaves': 31, 'min_child_samples': 20}",scenario_results_scenarios_2025-11-29_143051_early_stop/lightgbm_Scenario1_T_Video1_Session1 vs Session2_2025-11-29_143051_seed42_early_stop.pkl,0.8852459016393442,0.872495446265938,0.872495446265938,0.8709016393442623,0.8709016393442623,0.8852459016393442,0.8852459016393442,0.8852459016393442,0.9016393442622951,0.9180327868852459,0.9344262295081968,0.9508196721311475,0.8688524590163934,0.08196721311475409,0.0454414725337935,0.0454414725337935,0.03697632058287796,0.03697632058287796,0.08196721311475409,0.08196721311475409,0.08196721311475409,0.18032786885245902,0.19672131147540983,0.22950819672131148,0.26229508196721313,0.06557377049180328
1,Scenario1_T_Video1_Session2 vs Session1,LightGBM,42,61,61,"{'n_estimators': 100, 'max_depth': 6, 'learning_rate': 0.05, 'num_leaves': 31, 'min_child_samples': 20}",scenario_results_scenarios_2025-11-29_143051_early_stop/lightgbm_Scenario1_T_Video1_Session2 vs Session1_2025-11-29_143051_seed42_early_stop.pkl,0.8852459016393442,0.872495446265938,0.872495446265938,0.8709016393442623,0.8709016393442623,0.8852459016393442,0.8852459016393442,0.8852459016393442,0.9016393442622951,0.9180327868852459,0.9344262295081968,0.9508196721311475,0.8688524590163934,0.11475409836065574,0.07799304520615996,0.07799304520615996,0.06908665105386418,0.06908665105386418,0.11475409836065574,0.11475409836065574,0.11475409836065574,0.22950819672131148,0.3114754098360656,0.32786885245901637,0.3442622950819672,0.09836065573770492
1,Scenario1_T_Video2_Session2 vs Session1,LightGBM,42,61,60,"{'n_estimators': 100, 'max_depth': 6, 'learning_rate': 0.05, 'num_leaves': 31, 'min_child_samples': 20}",scenario_results_scenarios_2025-11-29_143051_early_stop/lightgbm_Scenario1_T_Video2_Session2 vs Session1_2025-11-29_143051_seed42_early_stop.pkl,0.8852459016393442,0.872495446265938,0.872495446265938,0.8709016393442623,0.8709016393442623,0.8852459016393442,0.8852459016393442,0.8852459016393442,0.9016393442622951,0.9180327868852459,0.9344262295081968,0.9508196721311475,0.8688524590163934,0.1,0.07140522875816993,0.07140522875816993,0.06493055555555555,0.06493055555555555,0.1,0.1,0.0,0.0,0.0,0.0,0.0,0.08333333333333333
1,Scenario1_T_Video3_Session2 vs Session1,LightGBM,42,61,59,"{'n_estimators': 100, 'max_depth': 6, 'learning_rate': 0.05, 'num_leaves': 31, 'min_child_samples': 20}",scenario_results_scenarios_2025-11-29_143051_early_stop/lightgbm_Scenario1_T_Video3_Session2 vs Session1_2025-11-29_143051_seed42_early_stop.pkl,0.8852459016393442,0.872495446265938,0.872495446265938,0.8709016393442623,0.8709016393442623,0.8852459016393442,0.8852459016393442,0.8852459016393442,0.9016393442622951,0.9180327868852459,0.9344262295081968,0.9508196721311475,0.8688524590163934,0.0847457627118644,0.058038007190549565,0.058038007190549565,0.0516545601291364,0.0516545601291364,0.0847457627118644,0.0847457627118644,0.0,0.0,0.0,0.0,0.0,0.06779661016949153
1,Scenario1_F_Video1_Session1 vs Session2,ExtraTrees,42,60,60,"{'n_estimators': 100, 'max_depth': 10, 'min_samples_split': 2, 'min_samples_leaf': 1, 'max_features': 'sqrt', 'bootstrap': False, 'criterion': 'gini'}",scenario_results_scenarios_2025-11-29_143051_early_stop/extratrees_Scenario1_F_Video1_Session1 vs Session2_2025-11-29_143051_seed42_early_stop.pkl,0.9,0.8875,0.8875,0.8857142857142857,0.8857142857142857,0.9,0.9,0.9,0.9166666666666666,0.9333333333333333,0.95,0.9666666666666667,0.8833333333333333,0.26666666666666666,0.18416666666666665,0.18416666666666665,0.15515873015873013,0.15515873015873013,0.26666666666666666,0.26666666666666666,0.2833333333333333,0.43333333333333335,0.5833333333333334,0.6166666666666667,0.6333333333333333,0.23333333333333334
1,Scenario1_F_Video1_Session2 vs Session1,ExtraTrees,42,60,60,"{'n_estimators': 100, 'max_depth': 10, 'min_samples_split': 2, 'min_samples_leaf': 1, 'max_features': 'sqrt', 'bootstrap': False, 'criterion': 'gini'}",scenario_results_scenarios_2025-11-29_143051_early_stop/extratrees_Scenario1_F_Video1_Session2 vs Session1_2025-11-29_143051_seed42_early_stop.pkl,0.9,0.8875,0.8875,0.8857142857142857,0.8857142857142857,0.9,0.9,0.9,0.9166666666666666,0.9333333333333333,0.95,0.9666666666666667,0.8833333333333333,0.3,0.21916666666666665,0.21916666666666665,0.18988095238095237,0.18988095238095237,0.3,0.3,0.2833333333333333,0.4666666666666667,0.55,0.6833333333333333,0.7666666666666667,0.26666666666666666
1,Scenario1_F_Video2_Session1 vs Session2,ExtraTrees,42,61,61,"{'n_estimators': 100, 'max_depth': 10, 'min_samples_split': 2, 'min_samples_leaf': 1, 'max_features': 'sqrt', 'bootstrap': False, 'criterion': 'gini'}",scenario_results_scenarios_2025-11-29_143051_early_stop/extratrees_Scenario1_F_Video2_Session1 vs Session2_2025-11-29_143051_seed42_early_stop.pkl,0.8852459016393442,0.872495446265938,0.872495446265938,0.8709016393442623,0.8709016393442623,0.8852459016393442,0.8852459016393442,0.8852459016393442,0.9016393442622951,0.9180327868852459,0.9344262295081968,0.9508196721311475,0.8688524590163934,0.2786885245901639,0.19162112932604736,0.19162112932604736,0.16325136612021857,0.16325136612021857,0.2786885245901639,0.2786885245901639,0.26229508196721313,0.4098360655737705,0.47540983606557374,0.5409836065573771,0.6065573770491803,0.22950819672131148
1,Scenario1_F_Video2_Session2 vs Session1,ExtraTrees,42,61,61,"{'n_estimators': 100, 'max_depth': 10, 'min_samples_split': 2, 'min_samples_leaf': 1, 'max_features': 'sqrt', 'bootstrap': False, 'criterion': 'gini'}",scenario_results_scenarios_2025-11-29_143051_early_stop/extratrees_Scenario1_F_Video2_Session2 vs Session1_2025-11-29_143051_seed42_early_stop.pkl,0.8852459016393442,0.872495446265938,0.872495446265938,0.8709016393442623,0.8709016393442623,0.8852459016393442,0.8852459016393442,0.8852459016393442,0.9016393442622951,0.9180327868852459,0.9344262295081968,0.9508196721311475,0.8688524590163934,0.3114754098360656,0.2522768670309654,0.2522768670309654,0.23155737704918036,0.23155737704918036,0.3114754098360656,0.3114754098360656,0.32786885245901637,0.4918032786885246,0.5901639344262295,0.6885245901639344,0.7049180327868853,0.2786885245901639
1,Scenario1_F_Video3_Session1 vs Session2,ExtraTrees,42,61,61,"{'n_estimators': 100, 'max_depth': 10, 'min_samples_split': 2, 'min_samples_leaf': 1, 'max_features': 'sqrt', 'bootstrap': False, 'criterion': 'gini'}",scenario_results_scenarios_2025-11-29_143051_early_stop/extratrees_Scenario1_F_Video3_Session1 vs Session2_2025-11-29_143051_seed42_early_stop.pkl,0.8852459016393442,0.872495446265938,0.872495446265938,0.8709016393442623,0.8709016393442623,0.8852459016393442,0.8852459016393442,0.8852459016393442,0.9016393442622951,0.9180327868852459,0.9344262295081968,0.9508196721311475,0.8688524590163934,0.3114754098360656,0.231511839708561,0.231511839708561,0.2001366120218579,0.2001366120218579,0.3114754098360656,0.3114754098360656,0.32786885245901637,0.39344262295081966,0.5245901639344263,0.5737704918032787,0.6065573770491803,0.29508196721311475
1,Scenario1_F_Video3_Session2 vs Session1,ExtraTrees,42,61,61,"{'n_estimators': 100, 'max_depth': 10, 'min_samples_split': 2, 'min_samples_leaf': 1, 'max_features': 'sqrt', 'bootstrap': False, 'criterion': 'gini'}",scenario_results_scenarios_2025-11-29_143051_early_stop/extratrees_Scenario1_F_Video3_Session2 vs Session1_2025-11-29_143051_seed42_early_stop.pkl,0.8852459016393442,0.872495446265938,0.872495446265938,0.8709016393442623,0.8709016393442623,0.8852459016393442,0.8852459016393442,0.8852459016393442,0.9016393442622951,0.9180327868852459,0.9344262295081968,0.9508196721311475,0.8688524590163934,0.26229508196721313,0.19872495446265936,0.19872495446265936,0.17827868852459017,0.17827868852459017,0.26229508196721313,0.26229508196721313,0.2786885245901639,0.3770491803278688,0.5245901639344263,0.5901639344262295,0.639344262295082,0.22950819672131148
1,Scenario1_I_Video1_Session2 vs Session1,ExtraTrees,42,61,60,"{'n_estimators': 100, 'max_depth': 10, 'min_samples_split': 2, 'min_samples_leaf': 1, 'max_features': 'sqrt', 'bootstrap': False, 'criterion': 'gini'}",scenario_results_scenarios_2025-11-29_143051_early_stop/extratrees_Scenario1_I_Video1_Session2 vs Session1_2025-11-29_143051_seed42_early_stop.pkl,0.8852459016393442,0.872495446265938,0.872495446265938,0.8709016393442623,0.8709016393442623,0.8852459016393442,0.8852459016393442,0.8852459016393442,0.9016393442622951,0.9180327868852459,0.9344262295081968,0.9508196721311475,0.8688524590163934,0.23333333333333334,0.16194444444444445,0.16194444444444445,0.1384920634920635,0.1384920634920635,0.23333333333333334,0.23333333333333334,0.0,0.0,0.0,0.0,0.0,0.2
1,Scenario1_I_Video2_Session1 vs Session2,ExtraTrees,42,61,61,"{'n_estimators': 100, 'max_depth': 10, 'min_samples_split': 2, 'min_samples_leaf': 1, 'max_features': 'sqrt', 'bootstrap': False, 'criterion': 'gini'}",scenario_results_scenarios_2025-11-29_143051_early_stop/extratrees_Scenario1_I_Video2_Session1 vs Session2_2025-11-29_143051_seed42_early_stop.pkl,0.8852459016393442,0.872495446265938,0.872495446265938,0.8709016393442623,0.8709016393442623,0.8852459016393442,0.8852459016393442,0.8852459016393442,0.9016393442622951,0.9180327868852459,0.9344262295081968,0.9508196721311475,0.8688524590163934,0.29508196721311475,0.2030965391621129,0.2030965391621129,0.16598360655737704,0.16598360655737704,0.29508196721311475,0.29508196721311475,0.29508196721311475,0.47540983606557374,0.5901639344262295,0.6229508196721312,0.6885245901639344,0.26229508196721313
1,Scenario1_I_Video2_Session2 vs Session1,ExtraTrees,42,61,61,"{'n_estimators': 100, 'max_depth': 10, 'min_samples_split': 2, 'min_samples_leaf': 1, 'max_features': 'sqrt', 'bootstrap': False, 'criterion': 'gini'}",scenario_results_scenarios_2025-11-29_143051_early_stop/extratrees_Scenario1_I_Video2_Session2 vs Session1_2025-11-29_143051_seed42_early_stop.pkl,0.8852459016393442,0.872495446265938,0.872495446265938,0.8709016393442623,0.8709016393442623,0.8852459016393442,0.8852459016393442,0.8852459016393442,0.9016393442622951,0.9180327868852459,0.9344262295081968,0.9508196721311475,0.8688524590163934,0.2459016393442623,0.16593806921675774,0.16593806921675774,0.13729508196721313,0.13729508196721313,0.2459016393442623,0.2459016393442623,0.2786885245901639,0.4262295081967213,0.5573770491803278,0.6229508196721312,0.6885245901639344,0.22950819672131148
1,Scenario1_I_Video3_Session1 vs Session2,ExtraTrees,42,61,61,"{'n_estimators': 100, 'max_depth': 10, 'min_samples_split': 2, 'min_samples_leaf': 1, 'max_features': 'sqrt', 'bootstrap': False, 'criterion': 'gini'}",scenario_results_scenarios_2025-11-29_143051_early_stop/extratrees_Scenario1_I_Video3_Session1 vs Session2_2025-11-29_143051_seed42_early_stop.pkl,0.8852459016393442,0.872495446265938,0.872495446265938,0.8709016393442623,0.8709016393442623,0.8852459016393442,0.8852459016393442,0.8852459016393442,0.9016393442622951,0.9180327868852459,0.9344262295081968,0.9508196721311475,0.8688524590163934,0.3442622950819672,0.2588342440801457,0.2588342440801457,0.22745901639344263,0.22745901639344263,0.3442622950819672,0.3442622950819672,0.3442622950819672,0.45901639344262296,0.5573770491803278,0.6065573770491803,0.6557377049180327,0.3114754098360656
1,Scenario1_I_Video3_Session2 vs Session1,ExtraTrees,42,61,61,"{'n_estimators': 100, 'max_depth': 10, 'min_samples_split': 2, 'min_samples_leaf': 1, 'max_features': 'sqrt', 'bootstrap': False, 'criterion': 'gini'}",scenario_results_scenarios_2025-11-29_143051_early_stop/extratrees_Scenario1_I_Video3_Session2 vs Session1_2025-11-29_143051_seed42_early_stop.pkl,0.8852459016393442,0.872495446265938,0.872495446265938,0.8709016393442623,0.8709016393442623,0.8852459016393442,0.8852459016393442,0.8852459016393442,0.9016393442622951,0.9180327868852459,0.9344262295081968,0.9508196721311475,0.8688524590163934,0.3442622950819672,0.25500910746812383,0.25500910746812383,0.2244535519125683,0.2244535519125683,0.3442622950819672,0.3442622950819672,0.3442622950819672,0.45901639344262296,0.5409836065573771,0.6885245901639344,0.7213114754098361,0.3114754098360656
1,Scenario1_T_Video1_Session1 vs Session2,ExtraTrees,42,61,61,"{'n_estimators': 100, 'max_depth': 10, 'min_samples_split': 2, 'min_samples_leaf': 1, 'max_features': 'sqrt', 'bootstrap': False, 'criterion': 'gini'}",scenario_results_scenarios_2025-11-29_143051_early_stop/extratrees_Scenario1_T_Video1_Session1 vs Session2_2025-11-29_143051_seed42_early_stop.pkl,0.8852459016393442,0.872495446265938,0.872495446265938,0.8709016393442623,0.8709016393442623,0.8852459016393442,0.8852459016393442,0.8852459016393442,0.9016393442622951,0.9180327868852459,0.9344262295081968,0.9508196721311475,0.8688524590163934,0.2786885245901639,0.19872495446265936,0.19872495446265936,0.17008196721311475,0.17008196721311475,0.2786885245901639,0.2786885245901639,0.29508196721311475,0.4262295081967213,0.4918032786885246,0.5737704918032787,0.639344262295082,0.26229508196721313
1,Scenario1_T_Video1_Session2 vs Session1,ExtraTrees,42,61,61,"{'n_estimators': 100, 'max_depth': 10, 'min_samples_split': 2, 'min_samples_leaf': 1, 'max_features': 'sqrt', 'bootstrap': False, 'criterion': 'gini'}",scenario_results_scenarios_2025-11-29_143051_early_stop/extratrees_Scenario1_T_Video1_Session2 vs Session1_2025-11-29_143051_seed42_early_stop.pkl,0.8852459016393442,0.872495446265938,0.872495446265938,0.8709016393442623,0.8709016393442623,0.8852459016393442,0.8852459016393442,0.8852459016393442,0.9016393442622951,0.9180327868852459,0.9344262295081968,0.9508196721311475,0.8688524590163934,0.21311475409836064,0.1593806921675774,0.1593806921675774,0.1413934426229508,0.1413934426229508,0.21311475409836064,0.21311475409836064,0.29508196721311475,0.5081967213114754,0.5573770491803278,0.6229508196721312,0.6557377049180327,0.18032786885245902
1,Scenario1_T_Video2_Session2 vs Session1,ExtraTrees,42,61,60,"{'n_estimators': 100, 'max_depth': 10, 'min_samples_split': 2, 'min_samples_leaf': 1, 'max_features': 'sqrt', 'bootstrap': False, 'criterion': 'gini'}",scenario_results_scenarios_2025-11-29_143051_early_stop/extratrees_Scenario1_T_Video2_Session2 vs Session1_2025-11-29_143051_seed42_early_stop.pkl,0.8852459016393442,0.872495446265938,0.872495446265938,0.8709016393442623,0.8709016393442623,0.8852459016393442,0.8852459016393442,0.8852459016393442,0.9016393442622951,0.9180327868852459,0.9344262295081968,0.9508196721311475,0.8688524590163934,0.26666666666666666,0.20527777777777778,0.20527777777777778,0.18765873015873016,0.18765873015873016,0.26666666666666666,0.26666666666666666,0.0,0.0,0.0,0.0,0.0,0.25
1,Scenario1_T_Video3_Session2 vs Session1,ExtraTrees,42,61,59,"{'n_estimators': 100, 'max_depth': 10, 'min_samples_split': 2, 'min_samples_leaf': 1, 'max_features': 'sqrt', 'bootstrap': False, 'criterion': 'gini'}",scenario_results_scenarios_2025-11-29_143051_early_stop/extratrees_Scenario1_T_Video3_Session2 vs Session1_2025-11-29_143051_seed42_early_stop.pkl,0.8852459016393442,0.872495446265938,0.872495446265938,0.8709016393442623,0.8709016393442623,0.8852459016393442,0.8852459016393442,0.8852459016393442,0.9016393442622951,0.9180327868852459,0.9344262295081968,0.9508196721311475,0.8688524590163934,0.3389830508474576,0.2562550443906376,0.2562550443906376,0.22598870056497172,0.22598870056497172,0.3389830508474576,0.3389830508474576,0.0,0.0,0.0,0.0,0.0,0.3050847457627119
1,Scenario1_F_Video1_Session1 vs Session2,GradientBoosting,42,60,60,"{'n_estimators': 100, 'max_depth': 3, 'learning_rate': 0.05, 'min_samples_split': 2, 'min_samples_leaf': 1, 'subsample': 0.8, 'max_features': 'sqrt'}",scenario_results_scenarios_2025-11-29_143051_early_stop/gradientboosting_Scenario1_F_Video1_Session1 vs Session2_2025-11-29_143051_seed42_early_stop.pkl,0.9,0.8875,0.8875,0.8857142857142857,0.8857142857142857,0.9,0.9,0.9,0.9166666666666666,0.9333333333333333,0.95,0.9666666666666667,0.8833333333333333,0.1,0.06916666666666667,0.06916666666666667,0.0621031746031746,0.0621031746031746,0.1,0.1,0.1,0.13333333333333333,0.2,0.25,0.3,0.08333333333333333
1,Scenario1_F_Video1_Session2 vs Session1,GradientBoosting,42,60,60,"{'n_estimators': 100, 'max_depth': 3, 'learning_rate': 0.05, 'min_samples_split': 2, 'min_samples_leaf': 1, 'subsample': 0.8, 'max_features': 'sqrt'}",scenario_results_scenarios_2025-11-29_143051_early_stop/gradientboosting_Scenario1_F_Video1_Session2 vs Session1_2025-11-29_143051_seed42_early_stop.pkl,0.9,0.8875,0.8875,0.8857142857142857,0.8857142857142857,0.9,0.9,0.9,0.9166666666666666,0.9333333333333333,0.95,0.9666666666666667,0.8833333333333333,0.03333333333333333,0.00972222222222222,0.00972222222222222,0.005714285714285714,0.005714285714285714,0.03333333333333333,0.03333333333333333,0.03333333333333333,0.11666666666666667,0.15,0.18333333333333332,0.23333333333333334,0.016666666666666666
1,Scenario1_F_Video2_Session1 vs Session2,GradientBoosting,42,61,61,"{'n_estimators': 100, 'max_depth': 3, 'learning_rate': 0.05, 'min_samples_split': 2, 'min_samples_leaf': 1, 'subsample': 0.8, 'max_features': 'sqrt'}",scenario_results_scenarios_2025-11-29_143051_early_stop/gradientboosting_Scenario1_F_Video2_Session1 vs Session2_2025-11-29_143051_seed42_early_stop.pkl,0.8852459016393442,0.872495446265938,0.872495446265938,0.8709016393442623,0.8709016393442623,0.8852459016393442,0.8852459016393442,0.8852459016393442,0.9016393442622951,0.9180327868852459,0.9344262295081968,0.9508196721311475,0.8688524590163934,0.13114754098360656,0.08943533697632058,0.08943533697632058,0.07718579234972679,0.07718579234972679,0.13114754098360656,0.13114754098360656,0.13114754098360656,0.22950819672131148,0.2786885245901639,0.3442622950819672,0.39344262295081966,0.11475409836065574
1,Scenario1_F_Video2_Session2 vs Session1,GradientBoosting,42,61,61,"{'n_estimators': 100, 'max_depth': 3, 'learning_rate': 0.05, 'min_samples_split': 2, 'min_samples_leaf': 1, 'subsample': 0.8, 'max_features': 'sqrt'}",scenario_results_scenarios_2025-11-29_143051_early_stop/gradientboosting_Scenario1_F_Video2_Session2 vs Session1_2025-11-29_143051_seed42_early_stop.pkl,0.8852459016393442,0.872495446265938,0.872495446265938,0.8709016393442623,0.8709016393442623,0.8852459016393442,0.8852459016393442,0.8852459016393442,0.9016393442622951,0.9180327868852459,0.9344262295081968,0.9508196721311475,0.8688524590163934,0.14754098360655737,0.1111111111111111,0.1111111111111111,0.10245901639344263,0.10245901639344263,0.14754098360655737,0.14754098360655737,0.14754098360655737,0.22950819672131148,0.32786885245901637,0.39344262295081966,0.4262295081967213,0.13114754098360656
1,Scenario1_F_Video3_Session1 vs Session2,GradientBoosting,42,61,61,"{'n_estimators': 100, 'max_depth': 3, 'learning_rate': 0.05, 'min_samples_split': 2, 'min_samples_leaf': 1, 'subsample': 0.8, 'max_features': 'sqrt'}",scenario_results_scenarios_2025-11-29_143051_early_stop/gradientboosting_Scenario1_F_Video3_Session1 vs Session2_2025-11-29_143051_seed42_early_stop.pkl,0.8852459016393442,0.872495446265938,0.872495446265938,0.8709016393442623,0.8709016393442623,0.8852459016393442,0.8852459016393442,0.8852459016393442,0.9016393442622951,0.9180327868852459,0.9344262295081968,0.9508196721311475,0.8688524590163934,0.13114754098360656,0.10218579234972676,0.10218579234972676,0.09575260804769001,0.09575260804769001,0.13114754098360656,0.13114754098360656,0.13114754098360656,0.2459016393442623,0.3114754098360656,0.3442622950819672,0.39344262295081966,0.11475409836065574
1,Scenario1_F_Video3_Session2 vs Session1,GradientBoosting,42,61,61,"{'n_estimators': 100, 'max_depth': 3, 'learning_rate': 0.05, 'min_samples_split': 2, 'min_samples_leaf': 1, 'subsample': 0.8, 'max_features': 'sqrt'}",scenario_results_scenarios_2025-11-29_143051_early_stop/gradientboosting_Scenario1_F_Video3_Session2 vs Session1_2025-11-29_143051_seed42_early_stop.pkl,0.8852459016393442,0.872495446265938,0.872495446265938,0.8709016393442623,0.8709016393442623,0.8852459016393442,0.8852459016393442,0.8852459016393442,0.9016393442622951,0.9180327868852459,0.9344262295081968,0.9508196721311475,0.8688524590163934,0.06557377049180328,0.0418943533697632,0.0418943533697632,0.03483606557377049,0.03483606557377049,0.06557377049180328,0.06557377049180328,0.06557377049180328,0.18032786885245902,0.26229508196721313,0.32786885245901637,0.3770491803278688,0.04918032786885246
1,Scenario1_I_Video1_Session2 vs Session1,GradientBoosting,42,61,60,"{'n_estimators': 100, 'max_depth': 3, 'learning_rate': 0.05, 'min_samples_split': 2, 'min_samples_leaf': 1, 'subsample': 0.8, 'max_features': 'sqrt'}",scenario_results_scenarios_2025-11-29_143051_early_stop/gradientboosting_Scenario1_I_Video1_Session2 vs Session1_2025-11-29_143051_seed42_early_stop.pkl,0.8852459016393442,0.872495446265938,0.872495446265938,0.8709016393442623,0.8709016393442623,0.8852459016393442,0.8852459016393442,0.8852459016393442,0.9016393442622951,0.9180327868852459,0.9344262295081968,0.9508196721311475,0.8688524590163934,0.05,0.029166666666666667,0.029166666666666667,0.024603174603174603,0.024603174603174603,0.05,0.05,0.0,0.0,0.0,0.0,0.0,0.03333333333333333
1,Scenario1_I_Video2_Session1 vs Session2,GradientBoosting,42,61,61,"{'n_estimators': 100, 'max_depth': 3, 'learning_rate': 0.05, 'min_samples_split': 2, 'min_samples_leaf': 1, 'subsample': 0.8, 'max_features': 'sqrt'}",scenario_results_scenarios_2025-11-29_143051_early_stop/gradientboosting_Scenario1_I_Video2_Session1 vs Session2_2025-11-29_143051_seed42_early_stop.pkl,0.8852459016393442,0.872495446265938,0.872495446265938,0.8709016393442623,0.8709016393442623,0.8852459016393442,0.8852459016393442,0.8852459016393442,0.9016393442622951,0.9180327868852459,0.9344262295081968,0.9508196721311475,0.8688524590163934,0.08196721311475409,0.05555555555555555,0.05555555555555555,0.04849726775956284,0.04849726775956284,0.08196721311475409,0.08196721311475409,0.08196721311475409,0.14754098360655737,0.2459016393442623,0.3114754098360656,0.36065573770491804,0.06557377049180328
1,Scenario1_I_Video2_Session2 vs Session1,GradientBoosting,42,61,61,"{'n_estimators': 100, 'max_depth': 3, 'learning_rate': 0.05, 'min_samples_split': 2, 'min_samples_leaf': 1, 'subsample': 0.8, 'max_features': 'sqrt'}",scenario_results_scenarios_2025-11-29_143051_early_stop/gradientboosting_Scenario1_I_Video2_Session2 vs Session1_2025-11-29_143051_seed42_early_stop.pkl,0.8852459016393442,0.872495446265938,0.872495446265938,0.8709016393442623,0.8709016393442623,0.8852459016393442,0.8852459016393442,0.8852459016393442,0.9016393442622951,0.9180327868852459,0.9344262295081968,0.9508196721311475,0.8688524590163934,0.04918032786885246,0.013909587680079482,0.013909587680079482,0.008594138102334822,0.008594138102334822,0.04918032786885246,0.04918032786885246,0.04918032786885246,0.13114754098360656,0.18032786885245902,0.19672131147540983,0.29508196721311475,0.03278688524590164
1,Scenario1_I_Video3_Session1 vs Session2,GradientBoosting,42,61,61,"{'n_estimators': 100, 'max_depth': 3, 'learning_rate': 0.05, 'min_samples_split': 2, 'min_samples_leaf': 1, 'subsample': 0.8, 'max_features': 'sqrt'}",scenario_results_scenarios_2025-11-29_143051_early_stop/gradientboosting_Scenario1_I_Video3_Session1 vs Session2_2025-11-29_143051_seed42_early_stop.pkl,0.8852459016393442,0.872495446265938,0.872495446265938,0.8709016393442623,0.8709016393442623,0.8852459016393442,0.8852459016393442,0.8852459016393442,0.9016393442622951,0.9180327868852459,0.9344262295081968,0.9508196721311475,0.8688524590163934,0.21311475409836064,0.17540983606557375,0.17540983606557375,0.16630236794171221,0.16630236794171221,0.21311475409836064,0.21311475409836064,0.21311475409836064,0.22950819672131148,0.2786885245901639,0.29508196721311475,0.3114754098360656,0.19672131147540983
1,Scenario1_I_Video3_Session2 vs Session1,GradientBoosting,42,61,61,"{'n_estimators': 100, 'max_depth': 3, 'learning_rate': 0.05, 'min_samples_split': 2, 'min_samples_leaf': 1, 'subsample': 0.8, 'max_features': 'sqrt'}",scenario_results_scenarios_2025-11-29_143051_early_stop/gradientboosting_Scenario1_I_Video3_Session2 vs Session1_2025-11-29_143051_seed42_early_stop.pkl,0.8852459016393442,0.872495446265938,0.872495446265938,0.8709016393442623,0.8709016393442623,0.8852459016393442,0.8852459016393442,0.8852459016393442,0.9016393442622951,0.9180327868852459,0.9344262295081968,0.9508196721311475,0.8688524590163934,0.16393442622950818,0.09316939890710381,0.09316939890710381,0.07438199323445226,0.07438199323445226,0.16393442622950818,0.16393442622950818,0.16393442622950818,0.21311475409836064,0.26229508196721313,0.3114754098360656,0.3442622950819672,0.14754098360655737
1,Scenario1_T_Video1_Session1 vs Session2,GradientBoosting,42,61,61,"{'n_estimators': 100, 'max_depth': 3, 'learning_rate': 0.05, 'min_samples_split': 2, 'min_samples_leaf': 1, 'subsample': 0.8, 'max_features': 'sqrt'}",scenario_results_scenarios_2025-11-29_143051_early_stop/gradientboosting_Scenario1_T_Video1_Session1 vs Session2_2025-11-29_143051_seed42_early_stop.pkl,0.8852459016393442,0.872495446265938,0.872495446265938,0.8709016393442623,0.8709016393442623,0.8852459016393442,0.8852459016393442,0.8852459016393442,0.9016393442622951,0.9180327868852459,0.9344262295081968,0.9508196721311475,0.8688524590163934,0.09836065573770492,0.06484517304189436,0.06484517304189436,0.055327868852459015,0.055327868852459015,0.09836065573770492,0.09836065573770492,0.09836065573770492,0.16393442622950818,0.21311475409836064,0.29508196721311475,0.32786885245901637,0.08196721311475409
1,Scenario1_T_Video1_Session2 vs Session1,GradientBoosting,42,61,61,"{'n_estimators': 100, 'max_depth': 3, 'learning_rate': 0.05, 'min_samples_split': 2, 'min_samples_leaf': 1, 'subsample': 0.8, 'max_features': 'sqrt'}",scenario_results_scenarios_2025-11-29_143051_early_stop/gradientboosting_Scenario1_T_Video1_Session2 vs Session1_2025-11-29_143051_seed42_early_stop.pkl,0.8852459016393442,0.872495446265938,0.872495446265938,0.8709016393442623,0.8709016393442623,0.8852459016393442,0.8852459016393442,0.8852459016393442,0.9016393442622951,0.9180327868852459,0.9344262295081968,0.9508196721311475,0.8688524590163934,0.09836065573770492,0.04863387978142076,0.04863387978142076,0.037795992714025506,0.037795992714025506,0.09836065573770492,0.09836065573770492,0.09836065573770492,0.14754098360655737,0.18032786885245902,0.21311475409836064,0.2459016393442623,0.08196721311475409
1,Scenario1_T_Video2_Session2 vs Session1,GradientBoosting,42,61,60,"{'n_estimators': 100, 'max_depth': 3, 'learning_rate': 0.05, 'min_samples_split': 2, 'min_samples_leaf': 1, 'subsample': 0.8, 'max_features': 'sqrt'}",scenario_results_scenarios_2025-11-29_143051_early_stop/gradientboosting_Scenario1_T_Video2_Session2 vs Session1_2025-11-29_143051_seed42_early_stop.pkl,0.8852459016393442,0.872495446265938,0.872495446265938,0.8709016393442623,0.8709016393442623,0.8852459016393442,0.8852459016393442,0.8852459016393442,0.9016393442622951,0.9180327868852459,0.9344262295081968,0.9508196721311475,0.8688524590163934,0.05,0.02592592592592592,0.02592592592592592,0.022083333333333333,0.022083333333333333,0.05,0.05,0.0,0.0,0.0,0.0,0.0,0.03333333333333333
1,Scenario1_T_Video3_Session2 vs Session1,GradientBoosting,42,61,59,"{'n_estimators': 100, 'max_depth': 3, 'learning_rate': 0.05, 'min_samples_split': 2, 'min_samples_leaf': 1, 'subsample': 0.8, 'max_features': 'sqrt'}",scenario_results_scenarios_2025-11-29_143051_early_stop/gradientboosting_Scenario1_T_Video3_Session2 vs Session1_2025-11-29_143051_seed42_early_stop.pkl,0.8852459016393442,0.872495446265938,0.872495446265938,0.8709016393442623,0.8709016393442623,0.8852459016393442,0.8852459016393442,0.8852459016393442,0.9016393442622951,0.9180327868852459,0.9344262295081968,0.9508196721311475,0.8688524590163934,0.13559322033898305,0.09293785310734462,0.09293785310734462,0.08010492332526231,0.08010492332526231,0.13559322033898305,0.13559322033898305,0.0,0.0,0.0,0.0,0.0,0.11864406779661017
1,Scenario1_F_Video1_Session1 vs Session2,KNN,42,60,60,"{'n_neighbors': 3, 'weights': 'uniform', 'metric': 'euclidean', 'algorithm': 'auto'}",scenario_results_scenarios_2025-11-29_143051_early_stop/knn_Scenario1_F_Video1_Session1 vs Session2_2025-11-29_143051_seed42_early_stop.pkl,0.16666666666666666,0.08521999443052074,0.08521999443052074,0.06745370370370371,0.06745370370370371,0.16666666666666666,0.16666666666666666,0.26666666666666666,0.48333333333333334,0.6333333333333333,0.8,0.9666666666666667,0.0,0.06666666666666667,0.031234567901234567,0.031234567901234567,0.02564102564102564,0.02564102564102564,0.06666666666666667,0.06666666666666667,0.13333333333333333,0.16666666666666666,0.2,0.31666666666666665,0.38333333333333336,0.0
1,Scenario1_F_Video1_Session2 vs Session1,KNN,42,60,60,"{'n_neighbors': 3, 'weights': 'uniform', 'metric': 'euclidean', 'algorithm': 'auto'}",scenario_results_scenarios_2025-11-29_143051_early_stop/knn_Scenario1_F_Video1_Session2 vs Session1_2025-11-29_143051_seed42_early_stop.pkl,0.2,0.12266594516594516,0.12266594516594516,0.10456349206349207,0.10456349206349207,0.2,0.2,0.25,0.4166666666666667,0.6166666666666667,0.7666666666666667,0.9666666666666667,0.0,0.08333333333333333,0.04972222222222222,0.04972222222222222,0.043780193236714976,0.043780193236714976,0.08333333333333333,0.08333333333333333,0.1,0.16666666666666666,0.25,0.35,0.43333333333333335,0.0
1,Scenario1_F_Video2_Session1 vs Session2,KNN,42,61,61,"{'n_neighbors': 3, 'weights': 'uniform', 'metric': 'euclidean', 'algorithm': 'auto'}",scenario_results_scenarios_2025-11-29_143051_early_stop/knn_Scenario1_F_Video2_Session1 vs Session2_2025-11-29_143051_seed42_early_stop.pkl,0.14754098360655737,0.09043715846994534,0.09043715846994534,0.07767086402154114,0.07767086402154114,0.14754098360655737,0.14754098360655737,0.22950819672131148,0.4426229508196721,0.6229508196721312,0.8032786885245902,0.9508196721311475,0.0,0.03278688524590164,0.004098360655737705,0.004098360655737705,0.002203071340633707,0.002203071340633707,0.03278688524590164,0.03278688524590164,0.11475409836065574,0.16393442622950818,0.26229508196721313,0.3770491803278688,0.4098360655737705,0.0
1,Scenario1_F_Video2_Session2 vs Session1,KNN,42,61,61,"{'n_neighbors': 3, 'weights': 'uniform', 'metric': 'euclidean', 'algorithm': 'auto'}",scenario_results_scenarios_2025-11-29_143051_early_stop/knn_Scenario1_F_Video2_Session2 vs Session1_2025-11-29_143051_seed42_early_stop.pkl,0.14754098360655737,0.0692509963433173,0.0692509963433173,0.051912568306010924,0.051912568306010924,0.14754098360655737,0.14754098360655737,0.21311475409836064,0.4098360655737705,0.5737704918032787,0.8032786885245902,0.9508196721311475,0.0,0.06557377049180328,0.021038251366120222,0.021038251366120222,0.01300784034212402,0.01300784034212402,0.06557377049180328,0.06557377049180328,0.11475409836065574,0.21311475409836064,0.29508196721311475,0.3770491803278688,0.4426229508196721,0.0
1,Scenario1_F_Video3_Session1 vs Session2,KNN,42,61,61,"{'n_neighbors': 3, 'weights': 'uniform', 'metric': 'euclidean', 'algorithm': 'auto'}",scenario_results_scenarios_2025-11-29_143051_early_stop/knn_Scenario1_F_Video3_Session1 vs Session2_2025-11-29_143051_seed42_early_stop.pkl,0.19672131147540983,0.13946845504222555,0.13946845504222555,0.12607338017174083,0.12607338017174083,0.19672131147540983,0.19672131147540983,0.22950819672131148,0.4098360655737705,0.5901639344262295,0.7540983606557377,0.9508196721311475,0.0,0.06557377049180328,0.026991223712535185,0.026991223712535185,0.022501951600312257,0.022501951600312257,0.06557377049180328,0.06557377049180328,0.06557377049180328,0.13114754098360656,0.21311475409836064,0.3114754098360656,0.3770491803278688,0.0
1,Scenario1_F_Video3_Session2 vs Session1,KNN,42,61,61,"{'n_neighbors': 3, 'weights': 'uniform', 'metric': 'euclidean', 'algorithm': 'auto'}",scenario_results_scenarios_2025-11-29_143051_early_stop/knn_Scenario1_F_Video3_Session2 vs Session1_2025-11-29_143051_seed42_early_stop.pkl,0.18032786885245902,0.08323575331772054,0.08323575331772054,0.06083788706739526,0.06083788706739526,0.18032786885245902,0.18032786885245902,0.26229508196721313,0.45901639344262296,0.6065573770491803,0.7704918032786885,0.9508196721311475,0.0,0.06557377049180328,0.018149882903981264,0.018149882903981264,0.011145806227773438,0.011145806227773438,0.06557377049180328,0.06557377049180328,0.09836065573770492,0.18032786885245902,0.2459016393442623,0.3114754098360656,0.3770491803278688,0.0
1,Scenario1_I_Video1_Session2 vs Session1,KNN,42,61,60,"{'n_neighbors': 3, 'weights': 'uniform', 'metric': 'euclidean', 'algorithm': 'auto'}",scenario_results_scenarios_2025-11-29_143051_early_stop/knn_Scenario1_I_Video1_Session2 vs Session1_2025-11-29_143051_seed42_early_stop.pkl,0.19672131147540983,0.10347384855581576,0.10347384855581576,0.08021077283372365,0.08021077283372365,0.19672131147540983,0.19672131147540983,0.21311475409836064,0.36065573770491804,0.5409836065573771,0.7540983606557377,0.9508196721311475,0.0,0.1,0.06533816425120773,0.06533816425120773,0.056313131313131315,0.056313131313131315,0.1,0.1,0.0,0.0,0.0,0.0,0.0,0.0
1,Scenario1_I_Video2_Session1 vs Session2,KNN,42,61,61,"{'n_neighbors': 3, 'weights': 'uniform', 'metric': 'euclidean', 'algorithm': 'auto'}",scenario_results_scenarios_2025-11-29_143051_early_stop/knn_Scenario1_I_Video2_Session1 vs Session2_2025-11-29_143051_seed42_early_stop.pkl,0.13114754098360656,0.06697892271662763,0.06697892271662763,0.05531246148157279,0.05531246148157279,0.13114754098360656,0.13114754098360656,0.32786885245901637,0.4918032786885246,0.6557377049180327,0.819672131147541,0.9508196721311475,0.0,0.06557377049180328,0.016186454711044875,0.016186454711044875,0.00986576383939178,0.00986576383939178,0.06557377049180328,0.06557377049180328,0.14754098360655737,0.26229508196721313,0.32786885245901637,0.4426229508196721,0.5081967213114754,0.0
1,Scenario1_I_Video2_Session2 vs Session1,KNN,42,61,61,"{'n_neighbors': 3, 'weights': 'uniform', 'metric': 'euclidean', 'algorithm': 'auto'}",scenario_results_scenarios_2025-11-29_143051_early_stop/knn_Scenario1_I_Video2_Session2 vs Session1_2025-11-29_143051_seed42_early_stop.pkl,0.13114754098360656,0.0434296122820713,0.0434296122820713,0.02704479705444025,0.02704479705444025,0.13114754098360656,0.13114754098360656,0.26229508196721313,0.4918032786885246,0.6229508196721312,0.819672131147541,0.9508196721311475,0.0,0.13114754098360656,0.06491732311404443,0.06491732311404443,0.04957064793130367,0.04957064793130367,0.13114754098360656,0.13114754098360656,0.13114754098360656,0.21311475409836064,0.29508196721311475,0.32786885245901637,0.45901639344262296,0.0
1,Scenario1_I_Video3_Session1 vs Session2,KNN,42,61,61,"{'n_neighbors': 3, 'weights': 'uniform', 'metric': 'euclidean', 'algorithm': 'auto'}",scenario_results_scenarios_2025-11-29_143051_early_stop/knn_Scenario1_I_Video3_Session1 vs Session2_2025-11-29_143051_seed42_early_stop.pkl,0.21311475409836064,0.11998438719750194,0.11998438719750194,0.09694660147636851,0.09694660147636851,0.21311475409836064,0.21311475409836064,0.26229508196721313,0.4262295081967213,0.6065573770491803,0.7377049180327869,0.9508196721311475,0.0,0.09836065573770492,0.05431954202446005,0.05431954202446005,0.047022087523534005,0.047022087523534005,0.09836065573770492,0.09836065573770492,0.11475409836065574,0.21311475409836064,0.3114754098360656,0.36065573770491804,0.45901639344262296,0.0
1,Scenario1_I_Video3_Session2 vs Session1,KNN,42,61,61,"{'n_neighbors': 3, 'weights': 'uniform', 'metric': 'euclidean', 'algorithm': 'auto'}",scenario_results_scenarios_2025-11-29_143051_early_stop/knn_Scenario1_I_Video3_Session2 vs Session1_2025-11-29_143051_seed42_early_stop.pkl,0.19672131147540983,0.10025370804059329,0.10025370804059329,0.07759562841530053,0.07759562841530053,0.19672131147540983,0.19672131147540983,0.22950819672131148,0.4918032786885246,0.6065573770491803,0.7540983606557377,0.9508196721311475,0.0,0.09836065573770492,0.032130437868142785,0.032130437868142785,0.020608899297423888,0.020608899297423888,0.09836065573770492,0.09836065573770492,0.13114754098360656,0.21311475409836064,0.2459016393442623,0.3442622950819672,0.4426229508196721,0.0
1,Scenario1_T_Video1_Session1 vs Session2,KNN,42,61,61,"{'n_neighbors': 3, 'weights': 'uniform', 'metric': 'euclidean', 'algorithm': 'auto'}",scenario_results_scenarios_2025-11-29_143051_early_stop/knn_Scenario1_T_Video1_Session1 vs Session2_2025-11-29_143051_seed42_early_stop.pkl,0.13114754098360656,0.04885245901639344,0.04885245901639344,0.031869633099141294,0.031869633099141294,0.13114754098360656,0.13114754098360656,0.26229508196721313,0.4426229508196721,0.6065573770491803,0.819672131147541,0.9508196721311475,0.0,0.08196721311475409,0.029060177171367475,0.029060177171367475,0.01905116741182315,0.01905116741182315,0.08196721311475409,0.08196721311475409,0.09836065573770492,0.18032786885245902,0.2786885245901639,0.36065573770491804,0.4426229508196721,0.0
1,Scenario1_T_Video1_Session2 vs Session1,KNN,42,61,61,"{'n_neighbors': 3, 'weights': 'uniform', 'metric': 'euclidean', 'algorithm': 'auto'}",scenario_results_scenarios_2025-11-29_143051_early_stop/knn_Scenario1_T_Video1_Session2 vs Session1_2025-11-29_143051_seed42_early_stop.pkl,0.16393442622950818,0.08227946916471507,0.08227946916471507,0.06455893832943013,0.06455893832943013,0.16393442622950818,0.16393442622950818,0.2786885245901639,0.47540983606557374,0.7049180327868853,0.7868852459016393,0.9508196721311475,0.0,0.11475409836065574,0.0536143637782982,0.0536143637782982,0.041666666666666664,0.041666666666666664,0.11475409836065574,0.11475409836065574,0.09836065573770492,0.16393442622950818,0.29508196721311475,0.3442622950819672,0.45901639344262296,0.0
1,Scenario1_T_Video2_Session2 vs Session1,KNN,42,61,60,"{'n_neighbors': 3, 'weights': 'uniform', 'metric': 'euclidean', 'algorithm': 'auto'}",scenario_results_scenarios_2025-11-29_143051_early_stop/knn_Scenario1_T_Video2_Session2 vs Session1_2025-11-29_143051_seed42_early_stop.pkl,0.13114754098360656,0.07385677308024158,0.07385677308024158,0.06433775696070779,0.06433775696070779,0.13114754098360656,0.13114754098360656,0.3114754098360656,0.47540983606557374,0.6065573770491803,0.819672131147541,0.9508196721311475,0.0,0.11666666666666667,0.06933760683760684,0.06933760683760684,0.05860317460317461,0.05860317460317461,0.11666666666666667,0.11666666666666667,0.0,0.0,0.0,0.0,0.0,0.0
1,Scenario1_T_Video3_Session2 vs Session1,KNN,42,61,59,"{'n_neighbors': 3, 'weights': 'uniform', 'metric': 'euclidean', 'algorithm': 'auto'}",scenario_results_scenarios_2025-11-29_143051_early_stop/knn_Scenario1_T_Video3_Session2 vs Session1_2025-11-29_143051_seed42_early_stop.pkl,0.19672131147540983,0.1291959406713505,0.1291959406713505,0.1133879781420765,0.1133879781420765,0.19672131147540983,0.19672131147540983,0.21311475409836064,0.39344262295081966,0.6229508196721312,0.7540983606557377,0.9508196721311475,0.0,0.1016949152542373,0.06192581675264063,0.06089371980676329,0.05303030303030303,0.05214646464646465,0.1016949152542373,0.1,0.0,0.0,0.0,0.0,0.0,0.0
1,Scenario1_F_Video1_Session1 vs Session2,LogisticRegression,42,60,60,"{'C': 0.001, 'penalty': 'l2', 'solver': 'liblinear', 'max_iter': 3000}",scenario_results_scenarios_2025-11-29_143051_early_stop/logisticregression_Scenario1_F_Video1_Session1 vs Session2_2025-11-29_143051_seed42_early_stop.pkl,0.016666666666666666,0.000546448087431694,0.000546448087431694,0.0002777777777777778,0.0002777777777777778,0.016666666666666666,0.016666666666666666,0.016666666666666666,0.03333333333333333,0.05,0.06666666666666667,0.08333333333333333,0.0,0.016666666666666666,0.000546448087431694,0.000546448087431694,0.0002777777777777778,0.0002777777777777778,0.016666666666666666,0.016666666666666666,0.016666666666666666,0.03333333333333333,0.05,0.06666666666666667,0.08333333333333333,0.0
1,Scenario1_F_Video1_Session2 vs Session1,LogisticRegression,42,60,60,"{'C': 0.001, 'penalty': 'l2', 'solver': 'liblinear', 'max_iter': 3000}",scenario_results_scenarios_2025-11-29_143051_early_stop/logisticregression_Scenario1_F_Video1_Session2 vs Session1_2025-11-29_143051_seed42_early_stop.pkl,0.016666666666666666,0.000546448087431694,0.000546448087431694,0.0002777777777777778,0.0002777777777777778,0.016666666666666666,0.016666666666666666,0.016666666666666666,0.03333333333333333,0.05,0.06666666666666667,0.08333333333333333,0.0,0.016666666666666666,0.000546448087431694,0.000546448087431694,0.0002777777777777778,0.0002777777777777778,0.016666666666666666,0.016666666666666666,0.016666666666666666,0.03333333333333333,0.05,0.06666666666666667,0.08333333333333333,0.0
1,Scenario1_F_Video2_Session1 vs Session2,LogisticRegression,42,61,61,"{'C': 0.001, 'penalty': 'l2', 'solver': 'liblinear', 'max_iter': 3000}",scenario_results_scenarios_2025-11-29_143051_early_stop/logisticregression_Scenario1_F_Video2_Session1 vs Session2_2025-11-29_143051_seed42_early_stop.pkl,0.01639344262295082,0.0005288207297726071,0.0005288207297726071,0.0002687449610319807,0.0002687449610319807,0.01639344262295082,0.01639344262295082,0.01639344262295082,0.03278688524590164,0.04918032786885246,0.06557377049180328,0.08196721311475409,0.0,0.01639344262295082,0.0005288207297726071,0.0005288207297726071,0.0002687449610319807,0.0002687449610319807,0.01639344262295082,0.01639344262295082,0.01639344262295082,0.03278688524590164,0.04918032786885246,0.06557377049180328,0.08196721311475409,0.0
1,Scenario1_F_Video2_Session2 vs Session1,LogisticRegression,42,61,61,"{'C': 0.001, 'penalty': 'l2', 'solver': 'liblinear', 'max_iter': 3000}",scenario_results_scenarios_2025-11-29_143051_early_stop/logisticregression_Scenario1_F_Video2_Session2 vs Session1_2025-11-29_143051_seed42_early_stop.pkl,0.01639344262295082,0.0005288207297726071,0.0005288207297726071,0.0002687449610319807,0.0002687449610319807,0.01639344262295082,0.01639344262295082,0.01639344262295082,0.03278688524590164,0.04918032786885246,0.06557377049180328,0.08196721311475409,0.0,0.01639344262295082,0.0005288207297726071,0.0005288207297726071,0.0002687449610319807,0.0002687449610319807,0.01639344262295082,0.01639344262295082,0.01639344262295082,0.03278688524590164,0.04918032786885246,0.06557377049180328,0.08196721311475409,0.0
1,Scenario1_F_Video3_Session1 vs Session2,LogisticRegression,42,61,61,"{'C': 0.001, 'penalty': 'l2', 'solver': 'liblinear', 'max_iter': 3000}",scenario_results_scenarios_2025-11-29_143051_early_stop/logisticregression_Scenario1_F_Video3_Session1 vs Session2_2025-11-29_143051_seed42_early_stop.pkl,0.01639344262295082,0.0005288207297726071,0.0005288207297726071,0.0002687449610319807,0.0002687449610319807,0.01639344262295082,0.01639344262295082,0.01639344262295082,0.03278688524590164,0.04918032786885246,0.06557377049180328,0.08196721311475409,0.0,0.01639344262295082,0.0005288207297726071,0.0005288207297726071,0.0002687449610319807,0.0002687449610319807,0.01639344262295082,0.01639344262295082,0.01639344262295082,0.03278688524590164,0.04918032786885246,0.06557377049180328,0.08196721311475409,0.0
1,Scenario1_F_Video3_Session2 vs Session1,LogisticRegression,42,61,61,"{'C': 0.001, 'penalty': 'l2', 'solver': 'liblinear', 'max_iter': 3000}",scenario_results_scenarios_2025-11-29_143051_early_stop/logisticregression_Scenario1_F_Video3_Session2 vs Session1_2025-11-29_143051_seed42_early_stop.pkl,0.01639344262295082,0.0005288207297726071,0.0005288207297726071,0.0002687449610319807,0.0002687449610319807,0.01639344262295082,0.01639344262295082,0.01639344262295082,0.03278688524590164,0.04918032786885246,0.06557377049180328,0.08196721311475409,0.0,0.01639344262295082,0.0005288207297726071,0.0005288207297726071,0.0002687449610319807,0.0002687449610319807,0.01639344262295082,0.01639344262295082,0.01639344262295082,0.03278688524590164,0.04918032786885246,0.06557377049180328,0.08196721311475409,0.0
1,Scenario1_I_Video1_Session2 vs Session1,LogisticRegression,42,61,60,"{'C': 0.001, 'penalty': 'l2', 'solver': 'liblinear', 'max_iter': 3000}",scenario_results_scenarios_2025-11-29_143051_early_stop/logisticregression_Scenario1_I_Video1_Session2 vs Session1_2025-11-29_143051_seed42_early_stop.pkl,0.01639344262295082,0.0005288207297726071,0.0005288207297726071,0.0002687449610319807,0.0002687449610319807,0.01639344262295082,0.01639344262295082,0.01639344262295082,0.03278688524590164,0.04918032786885246,0.06557377049180328,0.08196721311475409,0.0,0.016666666666666666,0.000546448087431694,0.000546448087431694,0.0002777777777777778,0.0002777777777777778,0.016666666666666666,0.016666666666666666,0.0,0.0,0.0,0.0,0.0,0.0
1,Scenario1_I_Video2_Session1 vs Session2,LogisticRegression,42,61,61,"{'C': 0.001, 'penalty': 'l2', 'solver': 'liblinear', 'max_iter': 3000}",scenario_results_scenarios_2025-11-29_143051_early_stop/logisticregression_Scenario1_I_Video2_Session1 vs Session2_2025-11-29_143051_seed42_early_stop.pkl,0.01639344262295082,0.0005288207297726071,0.0005288207297726071,0.0002687449610319807,0.0002687449610319807,0.01639344262295082,0.01639344262295082,0.01639344262295082,0.03278688524590164,0.04918032786885246,0.06557377049180328,0.08196721311475409,0.0,0.01639344262295082,0.0005288207297726071,0.0005288207297726071,0.0002687449610319807,0.0002687449610319807,0.01639344262295082,0.01639344262295082,0.01639344262295082,0.03278688524590164,0.04918032786885246,0.06557377049180328,0.08196721311475409,0.0
1,Scenario1_I_Video2_Session2 vs Session1,LogisticRegression,42,61,61,"{'C': 0.001, 'penalty': 'l2', 'solver': 'liblinear', 'max_iter': 3000}",scenario_results_scenarios_2025-11-29_143051_early_stop/logisticregression_Scenario1_I_Video2_Session2 vs Session1_2025-11-29_143051_seed42_early_stop.pkl,0.01639344262295082,0.0005288207297726071,0.0005288207297726071,0.0002687449610319807,0.0002687449610319807,0.01639344262295082,0.01639344262295082,0.01639344262295082,0.03278688524590164,0.04918032786885246,0.06557377049180328,0.08196721311475409,0.0,0.01639344262295082,0.0005288207297726071,0.0005288207297726071,0.0002687449610319807,0.0002687449610319807,0.01639344262295082,0.01639344262295082,0.01639344262295082,0.03278688524590164,0.04918032786885246,0.06557377049180328,0.08196721311475409,0.0
1,Scenario1_I_Video3_Session1 vs Session2,LogisticRegression,42,61,61,"{'C': 0.001, 'penalty': 'l2', 'solver': 'liblinear', 'max_iter': 3000}",scenario_results_scenarios_2025-11-29_143051_early_stop/logisticregression_Scenario1_I_Video3_Session1 vs Session2_2025-11-29_143051_seed42_early_stop.pkl,0.01639344262295082,0.0005288207297726071,0.0005288207297726071,0.0002687449610319807,0.0002687449610319807,0.01639344262295082,0.01639344262295082,0.01639344262295082,0.03278688524590164,0.04918032786885246,0.06557377049180328,0.08196721311475409,0.0,0.01639344262295082,0.0005288207297726071,0.0005288207297726071,0.0002687449610319807,0.0002687449610319807,0.01639344262295082,0.01639344262295082,0.01639344262295082,0.03278688524590164,0.04918032786885246,0.06557377049180328,0.08196721311475409,0.0
1,Scenario1_I_Video3_Session2 vs Session1,LogisticRegression,42,61,61,"{'C': 0.001, 'penalty': 'l2', 'solver': 'liblinear', 'max_iter': 3000}",scenario_results_scenarios_2025-11-29_143051_early_stop/logisticregression_Scenario1_I_Video3_Session2 vs Session1_2025-11-29_143051_seed42_early_stop.pkl,0.01639344262295082,0.0005288207297726071,0.0005288207297726071,0.0002687449610319807,0.0002687449610319807,0.01639344262295082,0.01639344262295082,0.01639344262295082,0.03278688524590164,0.04918032786885246,0.06557377049180328,0.08196721311475409,0.0,0.01639344262295082,0.0005288207297726071,0.0005288207297726071,0.0002687449610319807,0.0002687449610319807,0.01639344262295082,0.01639344262295082,0.01639344262295082,0.03278688524590164,0.04918032786885246,0.06557377049180328,0.08196721311475409,0.0
1,Scenario1_T_Video1_Session1 vs Session2,LogisticRegression,42,61,61,"{'C': 0.001, 'penalty': 'l2', 'solver': 'liblinear', 'max_iter': 3000}",scenario_results_scenarios_2025-11-29_143051_early_stop/logisticregression_Scenario1_T_Video1_Session1 vs Session2_2025-11-29_143051_seed42_early_stop.pkl,0.01639344262295082,0.0005288207297726071,0.0005288207297726071,0.0002687449610319807,0.0002687449610319807,0.01639344262295082,0.01639344262295082,0.01639344262295082,0.03278688524590164,0.04918032786885246,0.06557377049180328,0.08196721311475409,0.0,0.01639344262295082,0.0005288207297726071,0.0005288207297726071,0.0002687449610319807,0.0002687449610319807,0.01639344262295082,0.01639344262295082,0.01639344262295082,0.03278688524590164,0.04918032786885246,0.06557377049180328,0.08196721311475409,0.0
1,Scenario1_T_Video1_Session2 vs Session1,LogisticRegression,42,61,61,"{'C': 0.001, 'penalty': 'l2', 'solver': 'liblinear', 'max_iter': 3000}",scenario_results_scenarios_2025-11-29_143051_early_stop/logisticregression_Scenario1_T_Video1_Session2 vs Session1_2025-11-29_143051_seed42_early_stop.pkl,0.01639344262295082,0.0005288207297726071,0.0005288207297726071,0.0002687449610319807,0.0002687449610319807,0.01639344262295082,0.01639344262295082,0.01639344262295082,0.03278688524590164,0.04918032786885246,0.06557377049180328,0.08196721311475409,0.0,0.01639344262295082,0.0005288207297726071,0.0005288207297726071,0.0002687449610319807,0.0002687449610319807,0.01639344262295082,0.01639344262295082,0.01639344262295082,0.03278688524590164,0.04918032786885246,0.06557377049180328,0.08196721311475409,0.0
1,Scenario1_T_Video2_Session2 vs Session1,LogisticRegression,42,61,60,"{'C': 0.001, 'penalty': 'l2', 'solver': 'liblinear', 'max_iter': 3000}",scenario_results_scenarios_2025-11-29_143051_early_stop/logisticregression_Scenario1_T_Video2_Session2 vs Session1_2025-11-29_143051_seed42_early_stop.pkl,0.01639344262295082,0.0005288207297726071,0.0005288207297726071,0.0002687449610319807,0.0002687449610319807,0.01639344262295082,0.01639344262295082,0.01639344262295082,0.03278688524590164,0.04918032786885246,0.06557377049180328,0.08196721311475409,0.0,0.016666666666666666,0.000546448087431694,0.000546448087431694,0.0002777777777777778,0.0002777777777777778,0.016666666666666666,0.016666666666666666,0.0,0.0,0.0,0.0,0.0,0.0
1,Scenario1_T_Video3_Session2 vs Session1,LogisticRegression,42,61,59,"{'C': 0.001, 'penalty': 'l2', 'solver': 'liblinear', 'max_iter': 3000}",scenario_results_scenarios_2025-11-29_143051_early_stop/logisticregression_Scenario1_T_Video3_Session2 vs Session1_2025-11-29_143051_seed42_early_stop.pkl,0.01639344262295082,0.0005288207297726071,0.0005288207297726071,0.0002687449610319807,0.0002687449610319807,0.01639344262295082,0.01639344262295082,0.01639344262295082,0.03278688524590164,0.04918032786885246,0.06557377049180328,0.08196721311475409,0.0,0.01694915254237288,0.0005649717514124294,0.0005649717514124294,0.0002872737719046251,0.0002872737719046251,0.01694915254237288,0.01694915254237288,0.0,0.0,0.0,0.0,0.0,0.0
1,Scenario1_F_Video1_Session1 vs Session2,RandomForest,123,60,60,"{'n_estimators': 100, 'max_depth': 10, 'min_samples_split': 2, 'min_samples_leaf': 1, 'max_features': 'sqrt', 'bootstrap': True}",scenario_results_scenarios_2025-11-29_143051_early_stop/randomforest_Scenario1_F_Video1_Session1 vs Session2_2025-11-29_143051_seed123_early_stop.pkl,0.9,0.8875,0.8875,0.8857142857142857,0.8857142857142857,0.9,0.9,0.9,0.9166666666666666,0.9333333333333333,0.95,0.9666666666666667,0.9,0.2,0.14305555555555555,0.14305555555555555,0.12515873015873016,0.12515873015873016,0.2,0.2,0.21666666666666667,0.3333333333333333,0.43333333333333335,0.5,0.5666666666666667,0.18333333333333332
1,Scenario1_F_Video1_Session2 vs Session1,RandomForest,123,60,60,"{'n_estimators': 100, 'max_depth': 10, 'min_samples_split': 2, 'min_samples_leaf': 1, 'max_features': 'sqrt', 'bootstrap': True}",scenario_results_scenarios_2025-11-29_143051_early_stop/randomforest_Scenario1_F_Video1_Session2 vs Session1_2025-11-29_143051_seed123_early_stop.pkl,0.9,0.8875,0.8875,0.8857142857142857,0.8857142857142857,0.9,0.9,0.9,0.9166666666666666,0.9333333333333333,0.95,0.9666666666666667,0.9,0.2,0.11916666666666666,0.11916666666666666,0.09321428571428572,0.09321428571428572,0.2,0.2,0.23333333333333334,0.35,0.45,0.5166666666666667,0.5666666666666667,0.18333333333333332
1,Scenario1_F_Video2_Session1 vs Session2,RandomForest,123,61,61,"{'n_estimators': 100, 'max_depth': 10, 'min_samples_split': 2, 'min_samples_leaf': 1, 'max_features': 'sqrt', 'bootstrap': True}",scenario_results_scenarios_2025-11-29_143051_early_stop/randomforest_Scenario1_F_Video2_Session1 vs Session2_2025-11-29_143051_seed123_early_stop.pkl,0.8852459016393442,0.872495446265938,0.872495446265938,0.8709016393442623,0.8709016393442623,0.8852459016393442,0.8852459016393442,0.8852459016393442,0.9016393442622951,0.9180327868852459,0.9344262295081968,0.9508196721311475,0.8852459016393442,0.29508196721311475,0.22331511839708557,0.22331511839708557,0.19740437158469945,0.19740437158469945,0.29508196721311475,0.29508196721311475,0.2786885245901639,0.39344262295081966,0.4918032786885246,0.5737704918032787,0.6557377049180327,0.26229508196721313
1,Scenario1_F_Video2_Session2 vs Session1,RandomForest,123,61,61,"{'n_estimators': 100, 'max_depth': 10, 'min_samples_split': 2, 'min_samples_leaf': 1, 'max_features': 'sqrt', 'bootstrap': True}",scenario_results_scenarios_2025-11-29_143051_early_stop/randomforest_Scenario1_F_Video2_Session2 vs Session1_2025-11-29_143051_seed123_early_stop.pkl,0.8852459016393442,0.872495446265938,0.872495446265938,0.8709016393442623,0.8709016393442623,0.8852459016393442,0.8852459016393442,0.8852459016393442,0.9016393442622951,0.9180327868852459,0.9344262295081968,0.9508196721311475,0.8852459016393442,0.2459016393442623,0.17304189435336975,0.17304189435336975,0.14685792349726776,0.14685792349726776,0.2459016393442623,0.2459016393442623,0.2459016393442623,0.3442622950819672,0.4918032786885246,0.5573770491803278,0.639344262295082,0.21311475409836064
1,Scenario1_F_Video3_Session1 vs Session2,RandomForest,123,61,61,"{'n_estimators': 100, 'max_depth': 10, 'min_samples_split': 2, 'min_samples_leaf': 1, 'max_features': 'sqrt', 'bootstrap': True}",scenario_results_scenarios_2025-11-29_143051_early_stop/randomforest_Scenario1_F_Video3_Session1 vs Session2_2025-11-29_143051_seed123_early_stop.pkl,0.8852459016393442,0.872495446265938,0.872495446265938,0.8709016393442623,0.8709016393442623,0.8852459016393442,0.8852459016393442,0.8852459016393442,0.9016393442622951,0.9180327868852459,0.9344262295081968,0.9508196721311475,0.8852459016393442,0.29508196721311475,0.23041894353369763,0.23041894353369763,0.2069672131147541,0.2069672131147541,0.29508196721311475,0.29508196721311475,0.2786885245901639,0.4098360655737705,0.5245901639344263,0.5737704918032787,0.639344262295082,0.26229508196721313
1,Scenario1_F_Video3_Session2 vs Session1,RandomForest,123,61,61,"{'n_estimators': 100, 'max_depth': 10, 'min_samples_split': 2, 'min_samples_leaf': 1, 'max_features': 'sqrt', 'bootstrap': True}",scenario_results_scenarios_2025-11-29_143051_early_stop/randomforest_Scenario1_F_Video3_Session2 vs Session1_2025-11-29_143051_seed123_early_stop.pkl,0.8852459016393442,0.872495446265938,0.872495446265938,0.8709016393442623,0.8709016393442623,0.8852459016393442,0.8852459016393442,0.8852459016393442,0.9016393442622951,0.9180327868852459,0.9344262295081968,0.9508196721311475,0.8852459016393442,0.21311475409836064,0.1593806921675774,0.1593806921675774,0.1413934426229508,0.1413934426229508,0.21311475409836064,0.21311475409836064,0.22950819672131148,0.4098360655737705,0.5081967213114754,0.5573770491803278,0.639344262295082,0.19672131147540983
1,Scenario1_I_Video1_Session2 vs Session1,RandomForest,123,61,60,"{'n_estimators': 100, 'max_depth': 10, 'min_samples_split': 2, 'min_samples_leaf': 1, 'max_features': 'sqrt', 'bootstrap': True}",scenario_results_scenarios_2025-11-29_143051_early_stop/randomforest_Scenario1_I_Video1_Session2 vs Session1_2025-11-29_143051_seed123_early_stop.pkl,0.8852459016393442,0.872495446265938,0.872495446265938,0.8709016393442623,0.8709016393442623,0.8852459016393442,0.8852459016393442,0.8852459016393442,0.9016393442622951,0.9180327868852459,0.9344262295081968,0.9508196721311475,0.8852459016393442,0.18333333333333332,0.14555555555555555,0.1431693989071038,0.12916666666666668,0.12704918032786885,0.18333333333333332,0.18032786885245902,0.0,0.0,0.0,0.0,0.0,0.13333333333333333
1,Scenario1_I_Video2_Session1 vs Session2,RandomForest,123,61,61,"{'n_estimators': 100, 'max_depth': 10, 'min_samples_split': 2, 'min_samples_leaf': 1, 'max_features': 'sqrt', 'bootstrap': True}",scenario_results_scenarios_2025-11-29_143051_early_stop/randomforest_Scenario1_I_Video2_Session1 vs Session2_2025-11-29_143051_seed123_early_stop.pkl,0.8852459016393442,0.872495446265938,0.872495446265938,0.8709016393442623,0.8709016393442623,0.8852459016393442,0.8852459016393442,0.8852459016393442,0.9016393442622951,0.9180327868852459,0.9344262295081968,0.9508196721311475,0.8852459016393442,0.21311475409836064,0.14876398646890449,0.14876398646890449,0.1290983606557377,0.1290983606557377,0.21311475409836064,0.21311475409836064,0.21311475409836064,0.4098360655737705,0.5081967213114754,0.5737704918032787,0.639344262295082,0.18032786885245902
1,Scenario1_I_Video2_Session2 vs Session1,RandomForest,123,61,61,"{'n_estimators': 100, 'max_depth': 10, 'min_samples_split': 2, 'min_samples_leaf': 1, 'max_features': 'sqrt', 'bootstrap': True}",scenario_results_scenarios_2025-11-29_143051_early_stop/randomforest_Scenario1_I_Video2_Session2 vs Session1_2025-11-29_143051_seed123_early_stop.pkl,0.8852459016393442,0.872495446265938,0.872495446265938,0.8709016393442623,0.8709016393442623,0.8852459016393442,0.8852459016393442,0.8852459016393442,0.9016393442622951,0.9180327868852459,0.9344262295081968,0.9508196721311475,0.8852459016393442,0.26229508196721313,0.16429872495446263,0.16429872495446263,0.13046448087431695,0.13046448087431695,0.26229508196721313,0.26229508196721313,0.2459016393442623,0.3442622950819672,0.4262295081967213,0.5409836065573771,0.6885245901639344,0.2459016393442623
1,Scenario1_I_Video3_Session1 vs Session2,RandomForest,123,61,61,"{'n_estimators': 100, 'max_depth': 10, 'min_samples_split': 2, 'min_samples_leaf': 1, 'max_features': 'sqrt', 'bootstrap': True}",scenario_results_scenarios_2025-11-29_143051_early_stop/randomforest_Scenario1_I_Video3_Session1 vs Session2_2025-11-29_143051_seed123_early_stop.pkl,0.8852459016393442,0.872495446265938,0.872495446265938,0.8709016393442623,0.8709016393442623,0.8852459016393442,0.8852459016393442,0.8852459016393442,0.9016393442622951,0.9180327868852459,0.9344262295081968,0.9508196721311475,0.8852459016393442,0.2786885245901639,0.19981785063752275,0.19981785063752275,0.17418032786885246,0.17418032786885246,0.2786885245901639,0.2786885245901639,0.2459016393442623,0.4262295081967213,0.47540983606557374,0.5245901639344263,0.5573770491803278,0.2459016393442623
1,Scenario1_I_Video3_Session2 vs Session1,RandomForest,123,61,61,"{'n_estimators': 100, 'max_depth': 10, 'min_samples_split': 2, 'min_samples_leaf': 1, 'max_features': 'sqrt', 'bootstrap': True}",scenario_results_scenarios_2025-11-29_143051_early_stop/randomforest_Scenario1_I_Video3_Session2 vs Session1_2025-11-29_143051_seed123_early_stop.pkl,0.8852459016393442,0.872495446265938,0.872495446265938,0.8709016393442623,0.8709016393442623,0.8852459016393442,0.8852459016393442,0.8852459016393442,0.9016393442622951,0.9180327868852459,0.9344262295081968,0.9508196721311475,0.8852459016393442,0.3442622950819672,0.25883424408014566,0.25883424408014566,0.23019125683060104,0.23019125683060104,0.3442622950819672,0.3442622950819672,0.32786885245901637,0.4426229508196721,0.4918032786885246,0.5573770491803278,0.639344262295082,0.29508196721311475
1,Scenario1_T_Video1_Session1 vs Session2,RandomForest,123,61,61,"{'n_estimators': 100, 'max_depth': 10, 'min_samples_split': 2, 'min_samples_leaf': 1, 'max_features': 'sqrt', 'bootstrap': True}",scenario_results_scenarios_2025-11-29_143051_early_stop/randomforest_Scenario1_T_Video1_Session1 vs Session2_2025-11-29_143051_seed123_early_stop.pkl,0.8852459016393442,0.872495446265938,0.872495446265938,0.8709016393442623,0.8709016393442623,0.8852459016393442,0.8852459016393442,0.8852459016393442,0.9016393442622951,0.9180327868852459,0.9344262295081968,0.9508196721311475,0.8852459016393442,0.21311475409836064,0.14845173041894352,0.14845173041894352,0.125,0.125,0.21311475409836064,0.21311475409836064,0.2459016393442623,0.32786885245901637,0.47540983606557374,0.5901639344262295,0.6885245901639344,0.21311475409836064
1,Scenario1_T_Video1_Session2 vs Session1,RandomForest,123,61,61,"{'n_estimators': 100, 'max_depth': 10, 'min_samples_split': 2, 'min_samples_leaf': 1, 'max_features': 'sqrt', 'bootstrap': True}",scenario_results_scenarios_2025-11-29_143051_early_stop/randomforest_Scenario1_T_Video1_Session2 vs Session1_2025-11-29_143051_seed123_early_stop.pkl,0.8852459016393442,0.872495446265938,0.872495446265938,0.8709016393442623,0.8709016393442623,0.8852459016393442,0.8852459016393442,0.8852459016393442,0.9016393442622951,0.9180327868852459,0.9344262295081968,0.9508196721311475,0.8852459016393442,0.19672131147540983,0.1320582877959927,0.1320582877959927,0.11188524590163933,0.11188524590163933,0.19672131147540983,0.19672131147540983,0.19672131147540983,0.26229508196721313,0.3442622950819672,0.47540983606557374,0.6229508196721312,0.19672131147540983
1,Scenario1_T_Video2_Session2 vs Session1,RandomForest,123,61,60,"{'n_estimators': 100, 'max_depth': 10, 'min_samples_split': 2, 'min_samples_leaf': 1, 'max_features': 'sqrt', 'bootstrap': True}",scenario_results_scenarios_2025-11-29_143051_early_stop/randomforest_Scenario1_T_Video2_Session2 vs Session1_2025-11-29_143051_seed123_early_stop.pkl,0.8852459016393442,0.872495446265938,0.872495446265938,0.8709016393442623,0.8709016393442623,0.8852459016393442,0.8852459016393442,0.8852459016393442,0.9016393442622951,0.9180327868852459,0.9344262295081968,0.9508196721311475,0.8852459016393442,0.23333333333333334,0.1739285714285714,0.1739285714285714,0.15654761904761905,0.15654761904761905,0.23333333333333334,0.23333333333333334,0.0,0.0,0.0,0.0,0.0,0.23333333333333334
1,Scenario1_T_Video3_Session2 vs Session1,RandomForest,123,61,59,"{'n_estimators': 100, 'max_depth': 10, 'min_samples_split': 2, 'min_samples_leaf': 1, 'max_features': 'sqrt', 'bootstrap': True}",scenario_results_scenarios_2025-11-29_143051_early_stop/randomforest_Scenario1_T_Video3_Session2 vs Session1_2025-11-29_143051_seed123_early_stop.pkl,0.8852459016393442,0.872495446265938,0.872495446265938,0.8709016393442623,0.8709016393442623,0.8852459016393442,0.8852459016393442,0.8852459016393442,0.9016393442622951,0.9180327868852459,0.9344262295081968,0.9508196721311475,0.8852459016393442,0.288135593220339,0.23446327683615817,0.23055555555555554,0.20903954802259886,0.20555555555555555,0.288135593220339,0.2833333333333333,0.0,0.0,0.0,0.0,0.0,0.2542372881355932
1,Scenario1_F_Video1_Session1 vs Session2,XGBoost,123,60,60,"{'n_estimators': 1000, 'max_depth': 4, 'learning_rate': 0.05, 'subsample': 0.8, 'colsample_bytree': 0.8, 'reg_lambda': 1, 'device': 'cpu'}",scenario_results_scenarios_2025-11-29_143051_early_stop/xgboost_Scenario1_F_Video1_Session1 vs Session2_2025-11-29_143051_seed123_early_stop.pkl,0.016666666666666666,0.000546448087431694,0.000546448087431694,0.0002777777777777778,0.0002777777777777778,0.016666666666666666,0.016666666666666666,0.016666666666666666,0.03333333333333333,0.05,0.06666666666666667,0.08333333333333333,0.016666666666666666,0.016666666666666666,0.000546448087431694,0.000546448087431694,0.0002777777777777778,0.0002777777777777778,0.016666666666666666,0.016666666666666666,0.016666666666666666,0.03333333333333333,0.05,0.06666666666666667,0.08333333333333333,0.016666666666666666
1,Scenario1_F_Video1_Session2 vs Session1,XGBoost,123,60,60,"{'n_estimators': 1000, 'max_depth': 4, 'learning_rate': 0.05, 'subsample': 0.8, 'colsample_bytree': 0.8, 'reg_lambda': 1, 'device': 'cpu'}",scenario_results_scenarios_2025-11-29_143051_early_stop/xgboost_Scenario1_F_Video1_Session2 vs Session1_2025-11-29_143051_seed123_early_stop.pkl,0.016666666666666666,0.000546448087431694,0.000546448087431694,0.0002777777777777778,0.0002777777777777778,0.016666666666666666,0.016666666666666666,0.016666666666666666,0.03333333333333333,0.05,0.06666666666666667,0.08333333333333333,0.016666666666666666,0.016666666666666666,0.000546448087431694,0.000546448087431694,0.0002777777777777778,0.0002777777777777778,0.016666666666666666,0.016666666666666666,0.016666666666666666,0.03333333333333333,0.05,0.06666666666666667,0.08333333333333333,0.016666666666666666
1,Scenario1_F_Video2_Session1 vs Session2,XGBoost,123,61,61,"{'n_estimators': 1000, 'max_depth': 4, 'learning_rate': 0.05, 'subsample': 0.8, 'colsample_bytree': 0.8, 'reg_lambda': 1, 'device': 'cpu'}",scenario_results_scenarios_2025-11-29_143051_early_stop/xgboost_Scenario1_F_Video2_Session1 vs Session2_2025-11-29_143051_seed123_early_stop.pkl,0.01639344262295082,0.0005288207297726071,0.0005288207297726071,0.0002687449610319807,0.0002687449610319807,0.01639344262295082,0.01639344262295082,0.01639344262295082,0.03278688524590164,0.04918032786885246,0.06557377049180328,0.08196721311475409,0.0,0.01639344262295082,0.0005288207297726071,0.0005288207297726071,0.0002687449610319807,0.0002687449610319807,0.01639344262295082,0.01639344262295082,0.01639344262295082,0.03278688524590164,0.04918032786885246,0.06557377049180328,0.08196721311475409,0.0
1,Scenario1_F_Video2_Session2 vs Session1,XGBoost,123,61,61,"{'n_estimators': 1000, 'max_depth': 4, 'learning_rate': 0.05, 'subsample': 0.8, 'colsample_bytree': 0.8, 'reg_lambda': 1, 'device': 'cpu'}",scenario_results_scenarios_2025-11-29_143051_early_stop/xgboost_Scenario1_F_Video2_Session2 vs Session1_2025-11-29_143051_seed123_early_stop.pkl,0.01639344262295082,0.0005288207297726071,0.0005288207297726071,0.0002687449610319807,0.0002687449610319807,0.01639344262295082,0.01639344262295082,0.01639344262295082,0.03278688524590164,0.04918032786885246,0.06557377049180328,0.08196721311475409,0.0,0.01639344262295082,0.0005288207297726071,0.0005288207297726071,0.0002687449610319807,0.0002687449610319807,0.01639344262295082,0.01639344262295082,0.01639344262295082,0.03278688524590164,0.04918032786885246,0.06557377049180328,0.08196721311475409,0.0
1,Scenario1_F_Video3_Session1 vs Session2,XGBoost,123,61,61,"{'n_estimators': 1000, 'max_depth': 4, 'learning_rate': 0.05, 'subsample': 0.8, 'colsample_bytree': 0.8, 'reg_lambda': 1, 'device': 'cpu'}",scenario_results_scenarios_2025-11-29_143051_early_stop/xgboost_Scenario1_F_Video3_Session1 vs Session2_2025-11-29_143051_seed123_early_stop.pkl,0.01639344262295082,0.0005288207297726071,0.0005288207297726071,0.0002687449610319807,0.0002687449610319807,0.01639344262295082,0.01639344262295082,0.01639344262295082,0.03278688524590164,0.04918032786885246,0.06557377049180328,0.08196721311475409,0.0,0.01639344262295082,0.0005288207297726071,0.0005288207297726071,0.0002687449610319807,0.0002687449610319807,0.01639344262295082,0.01639344262295082,0.01639344262295082,0.03278688524590164,0.04918032786885246,0.06557377049180328,0.08196721311475409,0.0
1,Scenario1_F_Video3_Session2 vs Session1,XGBoost,123,61,61,"{'n_estimators': 1000, 'max_depth': 4, 'learning_rate': 0.05, 'subsample': 0.8, 'colsample_bytree': 0.8, 'reg_lambda': 1, 'device': 'cpu'}",scenario_results_scenarios_2025-11-29_143051_early_stop/xgboost_Scenario1_F_Video3_Session2 vs Session1_2025-11-29_143051_seed123_early_stop.pkl,0.01639344262295082,0.0005288207297726071,0.0005288207297726071,0.0002687449610319807,0.0002687449610319807,0.01639344262295082,0.01639344262295082,0.01639344262295082,0.03278688524590164,0.04918032786885246,0.06557377049180328,0.08196721311475409,0.0,0.01639344262295082,0.0005288207297726071,0.0005288207297726071,0.0002687449610319807,0.0002687449610319807,0.01639344262295082,0.01639344262295082,0.01639344262295082,0.03278688524590164,0.04918032786885246,0.06557377049180328,0.08196721311475409,0.0
1,Scenario1_I_Video1_Session2 vs Session1,XGBoost,123,61,60,"{'n_estimators': 1000, 'max_depth': 4, 'learning_rate': 0.05, 'subsample': 0.8, 'colsample_bytree': 0.8, 'reg_lambda': 1, 'device': 'cpu'}",scenario_results_scenarios_2025-11-29_143051_early_stop/xgboost_Scenario1_I_Video1_Session2 vs Session1_2025-11-29_143051_seed123_early_stop.pkl,0.01639344262295082,0.0005288207297726071,0.0005288207297726071,0.0002687449610319807,0.0002687449610319807,0.01639344262295082,0.01639344262295082,0.01639344262295082,0.03278688524590164,0.04918032786885246,0.06557377049180328,0.08196721311475409,0.01639344262295082,0.016666666666666666,0.000546448087431694,0.000546448087431694,0.0002777777777777778,0.0002777777777777778,0.016666666666666666,0.016666666666666666,0.0,0.0,0.0,0.0,0.0,0.016666666666666666
1,Scenario1_I_Video2_Session1 vs Session2,XGBoost,123,61,61,"{'n_estimators': 1000, 'max_depth': 4, 'learning_rate': 0.05, 'subsample': 0.8, 'colsample_bytree': 0.8, 'reg_lambda': 1, 'device': 'cpu'}",scenario_results_scenarios_2025-11-29_143051_early_stop/xgboost_Scenario1_I_Video2_Session1 vs Session2_2025-11-29_143051_seed123_early_stop.pkl,0.01639344262295082,0.0005288207297726071,0.0005288207297726071,0.0002687449610319807,0.0002687449610319807,0.01639344262295082,0.01639344262295082,0.01639344262295082,0.03278688524590164,0.04918032786885246,0.06557377049180328,0.08196721311475409,0.0,0.01639344262295082,0.0005288207297726071,0.0005288207297726071,0.0002687449610319807,0.0002687449610319807,0.01639344262295082,0.01639344262295082,0.01639344262295082,0.03278688524590164,0.04918032786885246,0.06557377049180328,0.08196721311475409,0.0
1,Scenario1_I_Video2_Session2 vs Session1,XGBoost,123,61,61,"{'n_estimators': 1000, 'max_depth': 4, 'learning_rate': 0.05, 'subsample': 0.8, 'colsample_bytree': 0.8, 'reg_lambda': 1, 'device': 'cpu'}",scenario_results_scenarios_2025-11-29_143051_early_stop/xgboost_Scenario1_I_Video2_Session2 vs Session1_2025-11-29_143051_seed123_early_stop.pkl,0.01639344262295082,0.0005288207297726071,0.0005288207297726071,0.0002687449610319807,0.0002687449610319807,0.01639344262295082,0.01639344262295082,0.01639344262295082,0.03278688524590164,0.04918032786885246,0.06557377049180328,0.08196721311475409,0.0,0.01639344262295082,0.0005288207297726071,0.0005288207297726071,0.0002687449610319807,0.0002687449610319807,0.01639344262295082,0.01639344262295082,0.01639344262295082,0.03278688524590164,0.04918032786885246,0.06557377049180328,0.08196721311475409,0.0
1,Scenario1_I_Video3_Session1 vs Session2,XGBoost,123,61,61,"{'n_estimators': 1000, 'max_depth': 4, 'learning_rate': 0.05, 'subsample': 0.8, 'colsample_bytree': 0.8, 'reg_lambda': 1, 'device': 'cpu'}",scenario_results_scenarios_2025-11-29_143051_early_stop/xgboost_Scenario1_I_Video3_Session1 vs Session2_2025-11-29_143051_seed123_early_stop.pkl,0.01639344262295082,0.0005288207297726071,0.0005288207297726071,0.0002687449610319807,0.0002687449610319807,0.01639344262295082,0.01639344262295082,0.01639344262295082,0.03278688524590164,0.04918032786885246,0.06557377049180328,0.08196721311475409,0.0,0.01639344262295082,0.0005288207297726071,0.0005288207297726071,0.0002687449610319807,0.0002687449610319807,0.01639344262295082,0.01639344262295082,0.01639344262295082,0.03278688524590164,0.04918032786885246,0.06557377049180328,0.08196721311475409,0.0
1,Scenario1_I_Video3_Session2 vs Session1,XGBoost,123,61,61,"{'n_estimators': 1000, 'max_depth': 4, 'learning_rate': 0.05, 'subsample': 0.8, 'colsample_bytree': 0.8, 'reg_lambda': 1, 'device': 'cpu'}",scenario_results_scenarios_2025-11-29_143051_early_stop/xgboost_Scenario1_I_Video3_Session2 vs Session1_2025-11-29_143051_seed123_early_stop.pkl,0.01639344262295082,0.0005288207297726071,0.0005288207297726071,0.0002687449610319807,0.0002687449610319807,0.01639344262295082,0.01639344262295082,0.01639344262295082,0.03278688524590164,0.04918032786885246,0.06557377049180328,0.08196721311475409,0.0,0.01639344262295082,0.0005288207297726071,0.0005288207297726071,0.0002687449610319807,0.0002687449610319807,0.01639344262295082,0.01639344262295082,0.01639344262295082,0.03278688524590164,0.04918032786885246,0.06557377049180328,0.08196721311475409,0.0
1,Scenario1_T_Video1_Session1 vs Session2,XGBoost,123,61,61,"{'n_estimators': 1000, 'max_depth': 4, 'learning_rate': 0.05, 'subsample': 0.8, 'colsample_bytree': 0.8, 'reg_lambda': 1, 'device': 'cpu'}",scenario_results_scenarios_2025-11-29_143051_early_stop/xgboost_Scenario1_T_Video1_Session1 vs Session2_2025-11-29_143051_seed123_early_stop.pkl,0.01639344262295082,0.0005288207297726071,0.0005288207297726071,0.0002687449610319807,0.0002687449610319807,0.01639344262295082,0.01639344262295082,0.01639344262295082,0.03278688524590164,0.04918032786885246,0.06557377049180328,0.08196721311475409,0.0,0.01639344262295082,0.0005288207297726071,0.0005288207297726071,0.0002687449610319807,0.0002687449610319807,0.01639344262295082,0.01639344262295082,0.01639344262295082,0.03278688524590164,0.04918032786885246,0.06557377049180328,0.08196721311475409,0.0
1,Scenario1_T_Video1_Session2 vs Session1,XGBoost,123,61,61,"{'n_estimators': 1000, 'max_depth': 4, 'learning_rate': 0.05, 'subsample': 0.8, 'colsample_bytree': 0.8, 'reg_lambda': 1, 'device': 'cpu'}",scenario_results_scenarios_2025-11-29_143051_early_stop/xgboost_Scenario1_T_Video1_Session2 vs Session1_2025-11-29_143051_seed123_early_stop.pkl,0.01639344262295082,0.0005288207297726071,0.0005288207297726071,0.0002687449610319807,0.0002687449610319807,0.01639344262295082,0.01639344262295082,0.01639344262295082,0.03278688524590164,0.04918032786885246,0.06557377049180328,0.08196721311475409,0.0,0.01639344262295082,0.0005288207297726071,0.0005288207297726071,0.0002687449610319807,0.0002687449610319807,0.01639344262295082,0.01639344262295082,0.01639344262295082,0.03278688524590164,0.04918032786885246,0.06557377049180328,0.08196721311475409,0.0
1,Scenario1_T_Video2_Session2 vs Session1,XGBoost,123,61,60,"{'n_estimators': 1000, 'max_depth': 4, 'learning_rate': 0.05, 'subsample': 0.8, 'colsample_bytree': 0.8, 'reg_lambda': 1, 'device': 'cpu'}",scenario_results_scenarios_2025-11-29_143051_early_stop/xgboost_Scenario1_T_Video2_Session2 vs Session1_2025-11-29_143051_seed123_early_stop.pkl,0.01639344262295082,0.0005288207297726071,0.0005288207297726071,0.0002687449610319807,0.0002687449610319807,0.01639344262295082,0.01639344262295082,0.01639344262295082,0.03278688524590164,0.04918032786885246,0.06557377049180328,0.08196721311475409,0.01639344262295082,0.016666666666666666,0.000546448087431694,0.000546448087431694,0.0002777777777777778,0.0002777777777777778,0.016666666666666666,0.016666666666666666,0.0,0.0,0.0,0.0,0.0,0.016666666666666666
1,Scenario1_T_Video3_Session2 vs Session1,XGBoost,123,61,59,"{'n_estimators': 1000, 'max_depth': 4, 'learning_rate': 0.05, 'subsample': 0.8, 'colsample_bytree': 0.8, 'reg_lambda': 1, 'device': 'cpu'}",scenario_results_scenarios_2025-11-29_143051_early_stop/xgboost_Scenario1_T_Video3_Session2 vs Session1_2025-11-29_143051_seed123_early_stop.pkl,0.01639344262295082,0.0005288207297726071,0.0005288207297726071,0.0002687449610319807,0.0002687449610319807,0.01639344262295082,0.01639344262295082,0.01639344262295082,0.03278688524590164,0.04918032786885246,0.06557377049180328,0.08196721311475409,0.01639344262295082,0.01694915254237288,0.0005649717514124294,0.0005649717514124294,0.0002872737719046251,0.0002872737719046251,0.01694915254237288,0.01694915254237288,0.0,0.0,0.0,0.0,0.0,0.01694915254237288
1,Scenario1_F_Video1_Session1 vs Session2,CatBoost,123,60,60,"{'iterations': 1000, 'depth': 4, 'learning_rate': 0.05, 'l2_leaf_reg': 1, 'border_count': 32}",scenario_results_scenarios_2025-11-29_143051_early_stop/catboost_Scenario1_F_Video1_Session1 vs Session2_2025-11-29_143051_seed123_early_stop.pkl,0.9,0.8875,0.8875,0.8857142857142857,0.8857142857142857,0.9,0.9,0.9,0.9166666666666666,0.9333333333333333,0.95,0.9666666666666667,0.8833333333333333,0.31666666666666665,0.23305555555555552,0.23305555555555552,0.20099206349206347,0.20099206349206347,0.31666666666666665,0.31666666666666665,0.31666666666666665,0.43333333333333335,0.5166666666666667,0.6,0.65,0.3
1,Scenario1_F_Video1_Session2 vs Session1,CatBoost,123,60,60,"{'iterations': 1000, 'depth': 4, 'learning_rate': 0.05, 'l2_leaf_reg': 1, 'border_count': 32}",scenario_results_scenarios_2025-11-29_143051_early_stop/catboost_Scenario1_F_Video1_Session2 vs Session1_2025-11-29_143051_seed123_early_stop.pkl,0.9,0.8875,0.8875,0.8857142857142857,0.8857142857142857,0.9,0.9,0.9,0.9166666666666666,0.9333333333333333,0.95,0.9666666666666667,0.8833333333333333,0.25,0.20416666666666666,0.20416666666666666,0.18849206349206352,0.18849206349206352,0.25,0.25,0.25,0.38333333333333336,0.48333333333333334,0.55,0.6333333333333333,0.23333333333333334
1,Scenario1_F_Video2_Session1 vs Session2,CatBoost,123,61,61,"{'iterations': 1000, 'depth': 4, 'learning_rate': 0.05, 'l2_leaf_reg': 1, 'border_count': 32}",scenario_results_scenarios_2025-11-29_143051_early_stop/catboost_Scenario1_F_Video2_Session1 vs Session2_2025-11-29_143051_seed123_early_stop.pkl,0.8852459016393442,0.872495446265938,0.872495446265938,0.8709016393442623,0.8709016393442623,0.8852459016393442,0.8852459016393442,0.8852459016393442,0.9016393442622951,0.9180327868852459,0.9344262295081968,0.9508196721311475,0.8688524590163934,0.2459016393442623,0.17850637522768667,0.17850637522768667,0.15232240437158473,0.15232240437158473,0.2459016393442623,0.2459016393442623,0.2459016393442623,0.4426229508196721,0.5245901639344263,0.5901639344262295,0.639344262295082,0.22950819672131148
1,Scenario1_F_Video2_Session2 vs Session1,CatBoost,123,61,61,"{'iterations': 1000, 'depth': 4, 'learning_rate': 0.05, 'l2_leaf_reg': 1, 'border_count': 32}",scenario_results_scenarios_2025-11-29_143051_early_stop/catboost_Scenario1_F_Video2_Session2 vs Session1_2025-11-29_143051_seed123_early_stop.pkl,0.8852459016393442,0.872495446265938,0.872495446265938,0.8709016393442623,0.8709016393442623,0.8852459016393442,0.8852459016393442,0.8852459016393442,0.9016393442622951,0.9180327868852459,0.9344262295081968,0.9508196721311475,0.8688524590163934,0.2786885245901639,0.21129326047358832,0.21129326047358832,0.18510928961748635,0.18510928961748635,0.2786885245901639,0.2786885245901639,0.2786885245901639,0.36065573770491804,0.4426229508196721,0.5573770491803278,0.6229508196721312,0.26229508196721313
1,Scenario1_F_Video3_Session1 vs Session2,CatBoost,123,61,61,"{'iterations': 1000, 'depth': 4, 'learning_rate': 0.05, 'l2_leaf_reg': 1, 'border_count': 32}",scenario_results_scenarios_2025-11-29_143051_early_stop/catboost_Scenario1_F_Video3_Session1 vs Session2_2025-11-29_143051_seed123_early_stop.pkl,0.8852459016393442,0.872495446265938,0.872495446265938,0.8709016393442623,0.8709016393442623,0.8852459016393442,0.8852459016393442,0.8852459016393442,0.9016393442622951,0.9180327868852459,0.9344262295081968,0.9508196721311475,0.8688524590163934,0.26229508196721313,0.19216757741347903,0.19216757741347903,0.16598360655737704,0.16598360655737704,0.26229508196721313,0.26229508196721313,0.26229508196721313,0.3442622950819672,0.4098360655737705,0.47540983606557374,0.5573770491803278,0.2459016393442623
1,Scenario1_F_Video3_Session2 vs Session1,CatBoost,123,61,61,"{'iterations': 1000, 'depth': 4, 'learning_rate': 0.05, 'l2_leaf_reg': 1, 'border_count': 32}",scenario_results_scenarios_2025-11-29_143051_early_stop/catboost_Scenario1_F_Video3_Session2 vs Session1_2025-11-29_143051_seed123_early_stop.pkl,0.8852459016393442,0.872495446265938,0.872495446265938,0.8709016393442623,0.8709016393442623,0.8852459016393442,0.8852459016393442,0.8852459016393442,0.9016393442622951,0.9180327868852459,0.9344262295081968,0.9508196721311475,0.8688524590163934,0.16393442622950818,0.12768670309653915,0.12768670309653915,0.11816939890710382,0.11816939890710382,0.16393442622950818,0.16393442622950818,0.16393442622950818,0.3442622950819672,0.4426229508196721,0.5409836065573771,0.5737704918032787,0.14754098360655737
1,Scenario1_I_Video1_Session2 vs Session1,CatBoost,123,61,60,"{'iterations': 1000, 'depth': 4, 'learning_rate': 0.05, 'l2_leaf_reg': 1, 'border_count': 32}",scenario_results_scenarios_2025-11-29_143051_early_stop/catboost_Scenario1_I_Video1_Session2 vs Session1_2025-11-29_143051_seed123_early_stop.pkl,0.8852459016393442,0.872495446265938,0.872495446265938,0.8709016393442623,0.8709016393442623,0.8852459016393442,0.8852459016393442,0.8852459016393442,0.9016393442622951,0.9180327868852459,0.9344262295081968,0.9508196721311475,0.8688524590163934,0.18333333333333332,0.13027777777777777,0.13027777777777777,0.11210317460317461,0.11210317460317461,0.18333333333333332,0.18333333333333332,0.0,0.0,0.0,0.0,0.0,0.16666666666666666
1,Scenario1_I_Video2_Session1 vs Session2,CatBoost,123,61,61,"{'iterations': 1000, 'depth': 4, 'learning_rate': 0.05, 'l2_leaf_reg': 1, 'border_count': 32}",scenario_results_scenarios_2025-11-29_143051_early_stop/catboost_Scenario1_I_Video2_Session1 vs Session2_2025-11-29_143051_seed123_early_stop.pkl,0.8852459016393442,0.872495446265938,0.872495446265938,0.8709016393442623,0.8709016393442623,0.8852459016393442,0.8852459016393442,0.8852459016393442,0.9016393442622951,0.9180327868852459,0.9344262295081968,0.9508196721311475,0.8688524590163934,0.2786885245901639,0.19162112932604736,0.19162112932604736,0.15778688524590165,0.15778688524590165,0.2786885245901639,0.2786885245901639,0.2786885245901639,0.4098360655737705,0.5409836065573771,0.6065573770491803,0.6721311475409836,0.26229508196721313
1,Scenario1_I_Video2_Session2 vs Session1,CatBoost,123,61,61,"{'iterations': 1000, 'depth': 4, 'learning_rate': 0.05, 'l2_leaf_reg': 1, 'border_count': 32}",scenario_results_scenarios_2025-11-29_143051_early_stop/catboost_Scenario1_I_Video2_Session2 vs Session1_2025-11-29_143051_seed123_early_stop.pkl,0.8852459016393442,0.872495446265938,0.872495446265938,0.8709016393442623,0.8709016393442623,0.8852459016393442,0.8852459016393442,0.8852459016393442,0.9016393442622951,0.9180327868852459,0.9344262295081968,0.9508196721311475,0.8688524590163934,0.2786885245901639,0.1972677595628415,0.1972677595628415,0.16848816029143895,0.16848816029143895,0.2786885245901639,0.2786885245901639,0.2786885245901639,0.36065573770491804,0.4426229508196721,0.5081967213114754,0.5737704918032787,0.26229508196721313
1,Scenario1_I_Video3_Session1 vs Session2,CatBoost,123,61,61,"{'iterations': 1000, 'depth': 4, 'learning_rate': 0.05, 'l2_leaf_reg': 1, 'border_count': 32}",scenario_results_scenarios_2025-11-29_143051_early_stop/catboost_Scenario1_I_Video3_Session1 vs Session2_2025-11-29_143051_seed123_early_stop.pkl,0.8852459016393442,0.872495446265938,0.872495446265938,0.8709016393442623,0.8709016393442623,0.8852459016393442,0.8852459016393442,0.8852459016393442,0.9016393442622951,0.9180327868852459,0.9344262295081968,0.9508196721311475,0.8688524590163934,0.2786885245901639,0.20856102003642987,0.20856102003642987,0.18292349726775955,0.18292349726775955,0.2786885245901639,0.2786885245901639,0.2786885245901639,0.39344262295081966,0.5409836065573771,0.6721311475409836,0.7049180327868853,0.26229508196721313
1,Scenario1_I_Video3_Session2 vs Session1,CatBoost,123,61,61,"{'iterations': 1000, 'depth': 4, 'learning_rate': 0.05, 'l2_leaf_reg': 1, 'border_count': 32}",scenario_results_scenarios_2025-11-29_143051_early_stop/catboost_Scenario1_I_Video3_Session2 vs Session1_2025-11-29_143051_seed123_early_stop.pkl,0.8852459016393442,0.872495446265938,0.872495446265938,0.8709016393442623,0.8709016393442623,0.8852459016393442,0.8852459016393442,0.8852459016393442,0.9016393442622951,0.9180327868852459,0.9344262295081968,0.9508196721311475,0.8688524590163934,0.2786885245901639,0.1948998178506375,0.1948998178506375,0.16379781420765027,0.16379781420765027,0.2786885245901639,0.2786885245901639,0.2786885245901639,0.32786885245901637,0.4262295081967213,0.5081967213114754,0.5573770491803278,0.26229508196721313
1,Scenario1_T_Video1_Session1 vs Session2,CatBoost,123,61,61,"{'iterations': 1000, 'depth': 4, 'learning_rate': 0.05, 'l2_leaf_reg': 1, 'border_count': 32}",scenario_results_scenarios_2025-11-29_143051_early_stop/catboost_Scenario1_T_Video1_Session1 vs Session2_2025-11-29_143051_seed123_early_stop.pkl,0.8852459016393442,0.872495446265938,0.872495446265938,0.8709016393442623,0.8709016393442623,0.8852459016393442,0.8852459016393442,0.8852459016393442,0.9016393442622951,0.9180327868852459,0.9344262295081968,0.9508196721311475,0.8688524590163934,0.19672131147540983,0.1249544626593807,0.1249544626593807,0.10177595628415301,0.10177595628415301,0.19672131147540983,0.19672131147540983,0.19672131147540983,0.36065573770491804,0.5081967213114754,0.5573770491803278,0.639344262295082,0.18032786885245902
1,Scenario1_T_Video1_Session2 vs Session1,CatBoost,123,61,61,"{'iterations': 1000, 'depth': 4, 'learning_rate': 0.05, 'l2_leaf_reg': 1, 'border_count': 32}",scenario_results_scenarios_2025-11-29_143051_early_stop/catboost_Scenario1_T_Video1_Session2 vs Session1_2025-11-29_143051_seed123_early_stop.pkl,0.8852459016393442,0.872495446265938,0.872495446265938,0.8709016393442623,0.8709016393442623,0.8852459016393442,0.8852459016393442,0.8852459016393442,0.9016393442622951,0.9180327868852459,0.9344262295081968,0.9508196721311475,0.8688524590163934,0.21311475409836064,0.1675774134790528,0.1675774134790528,0.1523224043715847,0.1523224043715847,0.21311475409836064,0.21311475409836064,0.21311475409836064,0.29508196721311475,0.3770491803278688,0.4098360655737705,0.5737704918032787,0.19672131147540983
1,Scenario1_T_Video2_Session2 vs Session1,CatBoost,123,61,60,"{'iterations': 1000, 'depth': 4, 'learning_rate': 0.05, 'l2_leaf_reg': 1, 'border_count': 32}",scenario_results_scenarios_2025-11-29_143051_early_stop/catboost_Scenario1_T_Video2_Session2 vs Session1_2025-11-29_143051_seed123_early_stop.pkl,0.8852459016393442,0.872495446265938,0.872495446265938,0.8709016393442623,0.8709016393442623,0.8852459016393442,0.8852459016393442,0.8852459016393442,0.9016393442622951,0.9180327868852459,0.9344262295081968,0.9508196721311475,0.8688524590163934,0.21666666666666667,0.15638888888888888,0.15638888888888888,0.1384920634920635,0.1384920634920635,0.21666666666666667,0.21666666666666667,0.0,0.0,0.0,0.0,0.0,0.2
1,Scenario1_T_Video3_Session2 vs Session1,CatBoost,123,61,59,"{'iterations': 1000, 'depth': 4, 'learning_rate': 0.05, 'l2_leaf_reg': 1, 'border_count': 32}",scenario_results_scenarios_2025-11-29_143051_early_stop/catboost_Scenario1_T_Video3_Session2 vs Session1_2025-11-29_143051_seed123_early_stop.pkl,0.8852459016393442,0.872495446265938,0.872495446265938,0.8709016393442623,0.8709016393442623,0.8852459016393442,0.8852459016393442,0.8852459016393442,0.9016393442622951,0.9180327868852459,0.9344262295081968,0.9508196721311475,0.8688524590163934,0.23728813559322035,0.16868442292171104,0.16868442292171104,0.1440677966101695,0.1440677966101695,0.23728813559322035,0.23728813559322035,0.0,0.0,0.0,0.0,0.0,0.22033898305084745
1,Scenario1_F_Video1_Session1 vs Session2,SVM,123,60,60,"{'decision_function_shape': 'ovo', 'C': 0.1, 'kernel': 'rbf', 'gamma': 'scale'}",scenario_results_scenarios_2025-11-29_143051_early_stop/svm_Scenario1_F_Video1_Session1 vs Session2_2025-11-29_143051_seed123_early_stop.pkl,0.9,0.8875,0.8875,0.8857142857142858,0.8857142857142858,0.9,0.9,0.0,0.0,0.0,0.0,0.0,0.0,0.16666666666666666,0.10430555555555557,0.10430555555555557,0.08444444444444445,0.08444444444444445,0.16666666666666666,0.16666666666666666,0.0,0.0,0.016666666666666666,0.016666666666666666,0.016666666666666666,0.0
1,Scenario1_F_Video1_Session2 vs Session1,SVM,123,60,60,"{'decision_function_shape': 'ovo', 'C': 0.1, 'kernel': 'rbf', 'gamma': 'scale'}",scenario_results_scenarios_2025-11-29_143051_early_stop/svm_Scenario1_F_Video1_Session2 vs Session1_2025-11-29_143051_seed123_early_stop.pkl,0.9,0.8875,0.8875,0.8857142857142858,0.8857142857142858,0.9,0.9,0.0,0.0,0.0,0.0,0.0,0.0,0.2,0.13747474747474747,0.13747474747474747,0.12027777777777778,0.12027777777777778,0.2,0.2,0.0,0.0,0.0,0.0,0.016666666666666666,0.0
1,Scenario1_F_Video2_Session1 vs Session2,SVM,123,61,61,"{'decision_function_shape': 'ovo', 'C': 0.1, 'kernel': 'rbf', 'gamma': 'scale'}",scenario_results_scenarios_2025-11-29_143051_early_stop/svm_Scenario1_F_Video2_Session1 vs Session2_2025-11-29_143051_seed123_early_stop.pkl,0.8852459016393442,0.872495446265938,0.872495446265938,0.8709016393442623,0.8709016393442623,0.8852459016393442,0.8852459016393442,0.0,0.0,0.0,0.0,0.0,0.0,0.13114754098360656,0.07595628415300545,0.07595628415300545,0.062146050670640836,0.062146050670640836,0.13114754098360656,0.13114754098360656,0.01639344262295082,0.01639344262295082,0.01639344262295082,0.01639344262295082,0.01639344262295082,0.01639344262295082
1,Scenario1_F_Video2_Session2 vs Session1,SVM,123,61,61,"{'decision_function_shape': 'ovo', 'C': 0.1, 'kernel': 'rbf', 'gamma': 'scale'}",scenario_results_scenarios_2025-11-29_143051_early_stop/svm_Scenario1_F_Video2_Session2 vs Session1_2025-11-29_143051_seed123_early_stop.pkl,0.8852459016393442,0.872495446265938,0.872495446265938,0.8709016393442623,0.8709016393442623,0.8852459016393442,0.8852459016393442,0.0,0.0,0.0,0.0,0.0,0.0,0.16393442622950818,0.12214721954355512,0.12214721954355512,0.10758196721311475,0.10758196721311475,0.16393442622950818,0.16393442622950818,0.0,0.0,0.0,0.03278688524590164,0.03278688524590164,0.0
1,Scenario1_F_Video3_Session1 vs Session2,SVM,123,61,61,"{'decision_function_shape': 'ovo', 'C': 0.1, 'kernel': 'rbf', 'gamma': 'scale'}",scenario_results_scenarios_2025-11-29_143051_early_stop/svm_Scenario1_F_Video3_Session1 vs Session2_2025-11-29_143051_seed123_early_stop.pkl,0.8852459016393442,0.872495446265938,0.872495446265938,0.8709016393442623,0.8709016393442623,0.8852459016393442,0.8852459016393442,0.0,0.0,0.0,0.0,0.0,0.0,0.18032786885245902,0.10195160031225606,0.10195160031225606,0.0802367941712204,0.0802367941712204,0.18032786885245902,0.18032786885245902,0.01639344262295082,0.01639344262295082,0.01639344262295082,0.01639344262295082,0.01639344262295082,0.01639344262295082
1,Scenario1_F_Video3_Session2 vs Session1,SVM,123,61,61,"{'decision_function_shape': 'ovo', 'C': 0.1, 'kernel': 'rbf', 'gamma': 'scale'}",scenario_results_scenarios_2025-11-29_143051_early_stop/svm_Scenario1_F_Video3_Session2 vs Session1_2025-11-29_143051_seed123_early_stop.pkl,0.8852459016393442,0.872495446265938,0.872495446265938,0.8709016393442623,0.8709016393442623,0.8852459016393442,0.8852459016393442,0.0,0.0,0.0,0.0,0.0,0.0,0.13114754098360656,0.09755705560912888,0.09755705560912888,0.08845628415300548,0.08845628415300548,0.13114754098360656,0.13114754098360656,0.0,0.0,0.0,0.0,0.0,0.0
1,Scenario1_I_Video1_Session2 vs Session1,SVM,123,61,60,"{'decision_function_shape': 'ovo', 'C': 0.1, 'kernel': 'rbf', 'gamma': 'scale'}",scenario_results_scenarios_2025-11-29_143051_early_stop/svm_Scenario1_I_Video1_Session2 vs Session1_2025-11-29_143051_seed123_early_stop.pkl,0.8852459016393442,0.872495446265938,0.872495446265938,0.8709016393442623,0.8709016393442623,0.8852459016393442,0.8852459016393442,0.0,0.0,0.0,0.0,0.0,0.0,0.18333333333333332,0.1272222222222222,0.1272222222222222,0.10984848484848485,0.10984848484848485,0.18333333333333332,0.18333333333333332,0.0,0.0,0.0,0.0,0.0,0.0
1,Scenario1_I_Video2_Session1 vs Session2,SVM,123,61,61,"{'decision_function_shape': 'ovo', 'C': 0.1, 'kernel': 'rbf', 'gamma': 'scale'}",scenario_results_scenarios_2025-11-29_143051_early_stop/svm_Scenario1_I_Video2_Session1 vs Session2_2025-11-29_143051_seed123_early_stop.pkl,0.8852459016393442,0.872495446265938,0.872495446265938,0.8709016393442623,0.8709016393442623,0.8852459016393442,0.8852459016393442,0.0,0.0,0.0,0.0,0.0,0.0,0.21311475409836064,0.13442622950819672,0.13442622950819672,0.10619307832422585,0.10619307832422585,0.21311475409836064,0.21311475409836064,0.0,0.01639344262295082,0.03278688524590164,0.03278688524590164,0.04918032786885246,0.0
1,Scenario1_I_Video2_Session2 vs Session1,SVM,123,61,61,"{'decision_function_shape': 'ovo', 'C': 0.1, 'kernel': 'rbf', 'gamma': 'scale'}",scenario_results_scenarios_2025-11-29_143051_early_stop/svm_Scenario1_I_Video2_Session2 vs Session1_2025-11-29_143051_seed123_early_stop.pkl,0.8852459016393442,0.872495446265938,0.872495446265938,0.8709016393442623,0.8709016393442623,0.8852459016393442,0.8852459016393442,0.0,0.0,0.0,0.0,0.0,0.0,0.19672131147540983,0.12724434035909446,0.12724434035909446,0.10508617065994114,0.10508617065994114,0.19672131147540983,0.19672131147540983,0.0,0.01639344262295082,0.03278688524590164,0.03278688524590164,0.04918032786885246,0.0
1,Scenario1_I_Video3_Session1 vs Session2,SVM,123,61,61,"{'decision_function_shape': 'ovo', 'C': 0.1, 'kernel': 'rbf', 'gamma': 'scale'}",scenario_results_scenarios_2025-11-29_143051_early_stop/svm_Scenario1_I_Video3_Session1 vs Session2_2025-11-29_143051_seed123_early_stop.pkl,0.8852459016393442,0.872495446265938,0.872495446265938,0.8709016393442623,0.8709016393442623,0.8852459016393442,0.8852459016393442,0.0,0.0,0.0,0.0,0.0,0.0,0.22950819672131148,0.16666666666666666,0.16666666666666666,0.1468455042225534,0.1468455042225534,0.22950819672131148,0.22950819672131148,0.01639344262295082,0.01639344262295082,0.01639344262295082,0.01639344262295082,0.03278688524590164,0.01639344262295082
1,Scenario1_I_Video3_Session2 vs Session1,SVM,123,61,61,"{'decision_function_shape': 'ovo', 'C': 0.1, 'kernel': 'rbf', 'gamma': 'scale'}",scenario_results_scenarios_2025-11-29_143051_early_stop/svm_Scenario1_I_Video3_Session2 vs Session1_2025-11-29_143051_seed123_early_stop.pkl,0.8852459016393442,0.872495446265938,0.872495446265938,0.8709016393442623,0.8709016393442623,0.8852459016393442,0.8852459016393442,0.0,0.0,0.0,0.0,0.0,0.0,0.26229508196721313,0.20197562000840688,0.20197562000840688,0.1849726775956284,0.1849726775956284,0.26229508196721313,0.26229508196721313,0.0,0.01639344262295082,0.01639344262295082,0.03278688524590164,0.03278688524590164,0.0
1,Scenario1_T_Video1_Session1 vs Session2,SVM,123,61,61,"{'decision_function_shape': 'ovo', 'C': 0.1, 'kernel': 'rbf', 'gamma': 'scale'}",scenario_results_scenarios_2025-11-29_143051_early_stop/svm_Scenario1_T_Video1_Session1 vs Session2_2025-11-29_143051_seed123_early_stop.pkl,0.8852459016393442,0.872495446265938,0.872495446265938,0.8709016393442623,0.8709016393442623,0.8852459016393442,0.8852459016393442,0.0,0.0,0.0,0.0,0.0,0.0,0.19672131147540983,0.143871975019516,0.143871975019516,0.12967633459436737,0.12967633459436737,0.19672131147540983,0.19672131147540983,0.0,0.01639344262295082,0.01639344262295082,0.01639344262295082,0.01639344262295082,0.0
1,Scenario1_T_Video1_Session2 vs Session1,SVM,123,61,61,"{'decision_function_shape': 'ovo', 'C': 0.1, 'kernel': 'rbf', 'gamma': 'scale'}",scenario_results_scenarios_2025-11-29_143051_early_stop/svm_Scenario1_T_Video1_Session2 vs Session1_2025-11-29_143051_seed123_early_stop.pkl,0.8852459016393442,0.872495446265938,0.872495446265938,0.8709016393442623,0.8709016393442623,0.8852459016393442,0.8852459016393442,0.0,0.0,0.0,0.0,0.0,0.0,0.21311475409836064,0.13387978142076504,0.13387978142076504,0.10859413810233481,0.10859413810233481,0.21311475409836064,0.21311475409836064,0.0,0.01639344262295082,0.03278688524590164,0.04918032786885246,0.04918032786885246,0.0
1,Scenario1_T_Video2_Session2 vs Session1,SVM,123,61,60,"{'decision_function_shape': 'ovo', 'C': 0.1, 'kernel': 'rbf', 'gamma': 'scale'}",scenario_results_scenarios_2025-11-29_143051_early_stop/svm_Scenario1_T_Video2_Session2 vs Session1_2025-11-29_143051_seed123_early_stop.pkl,0.8852459016393442,0.872495446265938,0.872495446265938,0.8709016393442623,0.8709016393442623,0.8852459016393442,0.8852459016393442,0.0,0.0,0.0,0.0,0.0,0.0,0.18333333333333332,0.14166666666666664,0.13934426229508193,0.12555555555555556,0.12349726775956284,0.18333333333333332,0.18032786885245902,0.0,0.0,0.0,0.0,0.0,0.0
1,Scenario1_T_Video3_Session2 vs Session1,SVM,123,61,59,"{'decision_function_shape': 'ovo', 'C': 0.1, 'kernel': 'rbf', 'gamma': 'scale'}",scenario_results_scenarios_2025-11-29_143051_early_stop/svm_Scenario1_T_Video3_Session2 vs Session1_2025-11-29_143051_seed123_early_stop.pkl,0.8852459016393442,0.872495446265938,0.872495446265938,0.8709016393442623,0.8709016393442623,0.8852459016393442,0.8852459016393442,0.0,0.0,0.0,0.0,0.0,0.0,0.13559322033898305,0.09717514124293786,0.09555555555555556,0.08333333333333333,0.08194444444444443,0.13559322033898305,0.13333333333333333,0.0,0.0,0.0,0.0,0.0,0.0
1,Scenario1_F_Video1_Session1 vs Session2,MLP,123,60,60,"{'hidden_layer_sizes': [50], 'activation': 'relu', 'solver': 'adam', 'alpha': 0.0001, 'learning_rate': 'constant', 'batch_size': 36, 'learning_rate_init': 0.001, 'max_iter': 2000, 'early_stopping': True}",scenario_results_scenarios_2025-11-29_143051_early_stop/mlp_Scenario1_F_Video1_Session1 vs Session2_2025-11-29_143051_seed123_early_stop.pkl,0.016666666666666666,0.000546448087431694,0.000546448087431694,0.0002777777777777778,0.0002777777777777778,0.016666666666666666,0.016666666666666666,0.016666666666666666,0.03333333333333333,0.05,0.06666666666666667,0.08333333333333333,0.016666666666666666,0.016666666666666666,0.000546448087431694,0.000546448087431694,0.0002777777777777778,0.0002777777777777778,0.016666666666666666,0.016666666666666666,0.016666666666666666,0.03333333333333333,0.05,0.06666666666666667,0.08333333333333333,0.016666666666666666
1,Scenario1_F_Video1_Session2 vs Session1,MLP,123,60,60,"{'hidden_layer_sizes': [50], 'activation': 'relu', 'solver': 'adam', 'alpha': 0.0001, 'learning_rate': 'constant', 'batch_size': 36, 'learning_rate_init': 0.001, 'max_iter': 2000, 'early_stopping': True}",scenario_results_scenarios_2025-11-29_143051_early_stop/mlp_Scenario1_F_Video1_Session2 vs Session1_2025-11-29_143051_seed123_early_stop.pkl,0.016666666666666666,0.000546448087431694,0.000546448087431694,0.0002777777777777778,0.0002777777777777778,0.016666666666666666,0.016666666666666666,0.016666666666666666,0.03333333333333333,0.05,0.06666666666666667,0.08333333333333333,0.016666666666666666,0.016666666666666666,0.000546448087431694,0.000546448087431694,0.0002777777777777778,0.0002777777777777778,0.016666666666666666,0.016666666666666666,0.016666666666666666,0.03333333333333333,0.05,0.06666666666666667,0.08333333333333333,0.016666666666666666
1,Scenario1_F_Video2_Session1 vs Session2,MLP,123,61,61,"{'hidden_layer_sizes': [50], 'activation': 'relu', 'solver': 'adam', 'alpha': 0.0001, 'learning_rate': 'constant', 'batch_size': 36, 'learning_rate_init': 0.001, 'max_iter': 2000, 'early_stopping': True}",scenario_results_scenarios_2025-11-29_143051_early_stop/mlp_Scenario1_F_Video2_Session1 vs Session2_2025-11-29_143051_seed123_early_stop.pkl,0.01639344262295082,0.0005288207297726071,0.0005288207297726071,0.0002687449610319807,0.0002687449610319807,0.01639344262295082,0.01639344262295082,0.01639344262295082,0.03278688524590164,0.04918032786885246,0.06557377049180328,0.08196721311475409,0.01639344262295082,0.01639344262295082,0.0005288207297726071,0.0005288207297726071,0.0002687449610319807,0.0002687449610319807,0.01639344262295082,0.01639344262295082,0.01639344262295082,0.03278688524590164,0.04918032786885246,0.06557377049180328,0.08196721311475409,0.01639344262295082
1,Scenario1_F_Video2_Session2 vs Session1,MLP,123,61,61,"{'hidden_layer_sizes': [50], 'activation': 'relu', 'solver': 'adam', 'alpha': 0.0001, 'learning_rate': 'constant', 'batch_size': 36, 'learning_rate_init': 0.001, 'max_iter': 2000, 'early_stopping': True}",scenario_results_scenarios_2025-11-29_143051_early_stop/mlp_Scenario1_F_Video2_Session2 vs Session1_2025-11-29_143051_seed123_early_stop.pkl,0.01639344262295082,0.0005288207297726071,0.0005288207297726071,0.0002687449610319807,0.0002687449610319807,0.01639344262295082,0.01639344262295082,0.01639344262295082,0.03278688524590164,0.04918032786885246,0.06557377049180328,0.08196721311475409,0.01639344262295082,0.01639344262295082,0.0005288207297726071,0.0005288207297726071,0.0002687449610319807,0.0002687449610319807,0.01639344262295082,0.01639344262295082,0.01639344262295082,0.03278688524590164,0.04918032786885246,0.06557377049180328,0.08196721311475409,0.01639344262295082
1,Scenario1_F_Video3_Session1 vs Session2,MLP,123,61,61,"{'hidden_layer_sizes': [50], 'activation': 'relu', 'solver': 'adam', 'alpha': 0.0001, 'learning_rate': 'constant', 'batch_size': 36, 'learning_rate_init': 0.001, 'max_iter': 2000, 'early_stopping': True}",scenario_results_scenarios_2025-11-29_143051_early_stop/mlp_Scenario1_F_Video3_Session1 vs Session2_2025-11-29_143051_seed123_early_stop.pkl,0.01639344262295082,0.0005288207297726071,0.0005288207297726071,0.0002687449610319807,0.0002687449610319807,0.01639344262295082,0.01639344262295082,0.01639344262295082,0.03278688524590164,0.04918032786885246,0.06557377049180328,0.08196721311475409,0.01639344262295082,0.01639344262295082,0.0005288207297726071,0.0005288207297726071,0.0002687449610319807,0.0002687449610319807,0.01639344262295082,0.01639344262295082,0.01639344262295082,0.03278688524590164,0.04918032786885246,0.06557377049180328,0.08196721311475409,0.01639344262295082
1,Scenario1_F_Video3_Session2 vs Session1,MLP,123,61,61,"{'hidden_layer_sizes': [50], 'activation': 'relu', 'solver': 'adam', 'alpha': 0.0001, 'learning_rate': 'constant', 'batch_size': 36, 'learning_rate_init': 0.001, 'max_iter': 2000, 'early_stopping': True}",scenario_results_scenarios_2025-11-29_143051_early_stop/mlp_Scenario1_F_Video3_Session2 vs Session1_2025-11-29_143051_seed123_early_stop.pkl,0.01639344262295082,0.0005288207297726071,0.0005288207297726071,0.0002687449610319807,0.0002687449610319807,0.01639344262295082,0.01639344262295082,0.01639344262295082,0.03278688524590164,0.04918032786885246,0.06557377049180328,0.08196721311475409,0.01639344262295082,0.01639344262295082,0.0005288207297726071,0.0005288207297726071,0.0002687449610319807,0.0002687449610319807,0.01639344262295082,0.01639344262295082,0.01639344262295082,0.03278688524590164,0.04918032786885246,0.06557377049180328,0.08196721311475409,0.01639344262295082
1,Scenario1_I_Video1_Session2 vs Session1,MLP,123,61,60,"{'hidden_layer_sizes': [50], 'activation': 'relu', 'solver': 'adam', 'alpha': 0.0001, 'learning_rate': 'constant', 'batch_size': 36, 'learning_rate_init': 0.001, 'max_iter': 2000, 'early_stopping': True}",scenario_results_scenarios_2025-11-29_143051_early_stop/mlp_Scenario1_I_Video1_Session2 vs Session1_2025-11-29_143051_seed123_early_stop.pkl,0.01639344262295082,0.0005288207297726071,0.0005288207297726071,0.0002687449610319807,0.0002687449610319807,0.01639344262295082,0.01639344262295082,0.01639344262295082,0.03278688524590164,0.04918032786885246,0.06557377049180328,0.08196721311475409,0.01639344262295082,0.016666666666666666,0.000546448087431694,0.000546448087431694,0.0002777777777777778,0.0002777777777777778,0.016666666666666666,0.016666666666666666,0.0,0.0,0.0,0.0,0.0,0.016666666666666666
1,Scenario1_I_Video2_Session1 vs Session2,MLP,123,61,61,"{'hidden_layer_sizes': [50], 'activation': 'relu', 'solver': 'adam', 'alpha': 0.0001, 'learning_rate': 'constant', 'batch_size': 36, 'learning_rate_init': 0.001, 'max_iter': 2000, 'early_stopping': True}",scenario_results_scenarios_2025-11-29_143051_early_stop/mlp_Scenario1_I_Video2_Session1 vs Session2_2025-11-29_143051_seed123_early_stop.pkl,0.01639344262295082,0.0005288207297726071,0.0005288207297726071,0.0002687449610319807,0.0002687449610319807,0.01639344262295082,0.01639344262295082,0.01639344262295082,0.03278688524590164,0.04918032786885246,0.06557377049180328,0.08196721311475409,0.01639344262295082,0.01639344262295082,0.0005288207297726071,0.0005288207297726071,0.0002687449610319807,0.0002687449610319807,0.01639344262295082,0.01639344262295082,0.01639344262295082,0.03278688524590164,0.04918032786885246,0.06557377049180328,0.08196721311475409,0.01639344262295082
1,Scenario1_I_Video2_Session2 vs Session1,MLP,123,61,61,"{'hidden_layer_sizes': [50], 'activation': 'relu', 'solver': 'adam', 'alpha': 0.0001, 'learning_rate': 'constant', 'batch_size': 36, 'learning_rate_init': 0.001, 'max_iter': 2000, 'early_stopping': True}",scenario_results_scenarios_2025-11-29_143051_early_stop/mlp_Scenario1_I_Video2_Session2 vs Session1_2025-11-29_143051_seed123_early_stop.pkl,0.01639344262295082,0.0005288207297726071,0.0005288207297726071,0.0002687449610319807,0.0002687449610319807,0.01639344262295082,0.01639344262295082,0.01639344262295082,0.03278688524590164,0.04918032786885246,0.06557377049180328,0.08196721311475409,0.01639344262295082,0.01639344262295082,0.0005288207297726071,0.0005288207297726071,0.0002687449610319807,0.0002687449610319807,0.01639344262295082,0.01639344262295082,0.01639344262295082,0.03278688524590164,0.04918032786885246,0.06557377049180328,0.08196721311475409,0.01639344262295082
1,Scenario1_I_Video3_Session1 vs Session2,MLP,123,61,61,"{'hidden_layer_sizes': [50], 'activation': 'relu', 'solver': 'adam', 'alpha': 0.0001, 'learning_rate': 'constant', 'batch_size': 36, 'learning_rate_init': 0.001, 'max_iter': 2000, 'early_stopping': True}",scenario_results_scenarios_2025-11-29_143051_early_stop/mlp_Scenario1_I_Video3_Session1 vs Session2_2025-11-29_143051_seed123_early_stop.pkl,0.01639344262295082,0.0005288207297726071,0.0005288207297726071,0.0002687449610319807,0.0002687449610319807,0.01639344262295082,0.01639344262295082,0.01639344262295082,0.03278688524590164,0.04918032786885246,0.06557377049180328,0.08196721311475409,0.01639344262295082,0.01639344262295082,0.0005288207297726071,0.0005288207297726071,0.0002687449610319807,0.0002687449610319807,0.01639344262295082,0.01639344262295082,0.01639344262295082,0.03278688524590164,0.04918032786885246,0.06557377049180328,0.08196721311475409,0.01639344262295082
1,Scenario1_I_Video3_Session2 vs Session1,MLP,123,61,61,"{'hidden_layer_sizes': [50], 'activation': 'relu', 'solver': 'adam', 'alpha': 0.0001, 'learning_rate': 'constant', 'batch_size': 36, 'learning_rate_init': 0.001, 'max_iter': 2000, 'early_stopping': True}",scenario_results_scenarios_2025-11-29_143051_early_stop/mlp_Scenario1_I_Video3_Session2 vs Session1_2025-11-29_143051_seed123_early_stop.pkl,0.01639344262295082,0.0005288207297726071,0.0005288207297726071,0.0002687449610319807,0.0002687449610319807,0.01639344262295082,0.01639344262295082,0.01639344262295082,0.03278688524590164,0.04918032786885246,0.06557377049180328,0.08196721311475409,0.01639344262295082,0.01639344262295082,0.0005288207297726071,0.0005288207297726071,0.0002687449610319807,0.0002687449610319807,0.01639344262295082,0.01639344262295082,0.01639344262295082,0.03278688524590164,0.04918032786885246,0.06557377049180328,0.08196721311475409,0.01639344262295082
1,Scenario1_T_Video1_Session1 vs Session2,MLP,123,61,61,"{'hidden_layer_sizes': [50], 'activation': 'relu', 'solver': 'adam', 'alpha': 0.0001, 'learning_rate': 'constant', 'batch_size': 36, 'learning_rate_init': 0.001, 'max_iter': 2000, 'early_stopping': True}",scenario_results_scenarios_2025-11-29_143051_early_stop/mlp_Scenario1_T_Video1_Session1 vs Session2_2025-11-29_143051_seed123_early_stop.pkl,0.01639344262295082,0.0005288207297726071,0.0005288207297726071,0.0002687449610319807,0.0002687449610319807,0.01639344262295082,0.01639344262295082,0.01639344262295082,0.03278688524590164,0.04918032786885246,0.06557377049180328,0.08196721311475409,0.01639344262295082,0.01639344262295082,0.0005288207297726071,0.0005288207297726071,0.0002687449610319807,0.0002687449610319807,0.01639344262295082,0.01639344262295082,0.01639344262295082,0.03278688524590164,0.04918032786885246,0.06557377049180328,0.08196721311475409,0.01639344262295082
1,Scenario1_T_Video1_Session2 vs Session1,MLP,123,61,61,"{'hidden_layer_sizes': [50], 'activation': 'relu', 'solver': 'adam', 'alpha': 0.0001, 'learning_rate': 'constant', 'batch_size': 36, 'learning_rate_init': 0.001, 'max_iter': 2000, 'early_stopping': True}",scenario_results_scenarios_2025-11-29_143051_early_stop/mlp_Scenario1_T_Video1_Session2 vs Session1_2025-11-29_143051_seed123_early_stop.pkl,0.01639344262295082,0.0005288207297726071,0.0005288207297726071,0.0002687449610319807,0.0002687449610319807,0.01639344262295082,0.01639344262295082,0.01639344262295082,0.03278688524590164,0.04918032786885246,0.06557377049180328,0.08196721311475409,0.01639344262295082,0.01639344262295082,0.0005288207297726071,0.0005288207297726071,0.0002687449610319807,0.0002687449610319807,0.01639344262295082,0.01639344262295082,0.01639344262295082,0.03278688524590164,0.04918032786885246,0.06557377049180328,0.08196721311475409,0.01639344262295082
1,Scenario1_T_Video2_Session2 vs Session1,MLP,123,61,60,"{'hidden_layer_sizes': [50], 'activation': 'relu', 'solver': 'adam', 'alpha': 0.0001, 'learning_rate': 'constant', 'batch_size': 36, 'learning_rate_init': 0.001, 'max_iter': 2000, 'early_stopping': True}",scenario_results_scenarios_2025-11-29_143051_early_stop/mlp_Scenario1_T_Video2_Session2 vs Session1_2025-11-29_143051_seed123_early_stop.pkl,0.01639344262295082,0.0005288207297726071,0.0005288207297726071,0.0002687449610319807,0.0002687449610319807,0.01639344262295082,0.01639344262295082,0.01639344262295082,0.03278688524590164,0.04918032786885246,0.06557377049180328,0.08196721311475409,0.01639344262295082,0.016666666666666666,0.000546448087431694,0.000546448087431694,0.0002777777777777778,0.0002777777777777778,0.016666666666666666,0.016666666666666666,0.0,0.0,0.0,0.0,0.0,0.016666666666666666
1,Scenario1_T_Video3_Session2 vs Session1,MLP,123,61,59,"{'hidden_layer_sizes': [50], 'activation': 'relu', 'solver': 'adam', 'alpha': 0.0001, 'learning_rate': 'constant', 'batch_size': 36, 'learning_rate_init': 0.001, 'max_iter': 2000, 'early_stopping': True}",scenario_results_scenarios_2025-11-29_143051_early_stop/mlp_Scenario1_T_Video3_Session2 vs Session1_2025-11-29_143051_seed123_early_stop.pkl,0.01639344262295082,0.0005288207297726071,0.0005288207297726071,0.0002687449610319807,0.0002687449610319807,0.01639344262295082,0.01639344262295082,0.01639344262295082,0.03278688524590164,0.04918032786885246,0.06557377049180328,0.08196721311475409,0.01639344262295082,0.01694915254237288,0.0005649717514124294,0.0005649717514124294,0.0002872737719046251,0.0002872737719046251,0.01694915254237288,0.01694915254237288,0.0,0.0,0.0,0.0,0.0,0.01694915254237288
1,Scenario1_F_Video1_Session1 vs Session2,NaiveBayes,123,60,60,"{'priors': None, 'var_smoothing': 1e-09}",scenario_results_scenarios_2025-11-29_143051_early_stop/naivebayes_Scenario1_F_Video1_Session1 vs Session2_2025-11-29_143051_seed123_early_stop.pkl,0.9,0.8875,0.8875,0.8857142857142857,0.8857142857142857,0.9,0.9,0.9,0.9166666666666666,0.9333333333333333,0.95,0.9666666666666667,0.8833333333333333,0.16666666666666666,0.10430555555555557,0.10430555555555557,0.08444444444444445,0.08444444444444445,0.16666666666666666,0.16666666666666666,0.16666666666666666,0.2,0.21666666666666667,0.25,0.26666666666666666,0.15
1,Scenario1_F_Video1_Session2 vs Session1,NaiveBayes,123,60,60,"{'priors': None, 'var_smoothing': 1e-09}",scenario_results_scenarios_2025-11-29_143051_early_stop/naivebayes_Scenario1_F_Video1_Session2 vs Session1_2025-11-29_143051_seed123_early_stop.pkl,0.9,0.8875,0.8875,0.8857142857142857,0.8857142857142857,0.9,0.9,0.9,0.9166666666666666,0.9333333333333333,0.95,0.9666666666666667,0.8833333333333333,0.2,0.13747474747474747,0.13747474747474747,0.12027777777777778,0.12027777777777778,0.2,0.2,0.2,0.21666666666666667,0.23333333333333334,0.26666666666666666,0.2833333333333333,0.18333333333333332
1,Scenario1_F_Video2_Session1 vs Session2,NaiveBayes,123,61,61,"{'priors': None, 'var_smoothing': 1e-09}",scenario_results_scenarios_2025-11-29_143051_early_stop/naivebayes_Scenario1_F_Video2_Session1 vs Session2_2025-11-29_143051_seed123_early_stop.pkl,0.8852459016393442,0.872495446265938,0.872495446265938,0.8709016393442623,0.8709016393442623,0.8852459016393442,0.8852459016393442,0.8852459016393442,0.9016393442622951,0.9180327868852459,0.9344262295081968,0.9508196721311475,0.8688524590163934,0.13114754098360656,0.07595628415300545,0.07595628415300545,0.062146050670640836,0.062146050670640836,0.13114754098360656,0.13114754098360656,0.13114754098360656,0.14754098360655737,0.18032786885245902,0.19672131147540983,0.22950819672131148,0.11475409836065574
1,Scenario1_F_Video2_Session2 vs Session1,NaiveBayes,123,61,61,"{'priors': None, 'var_smoothing': 1e-09}",scenario_results_scenarios_2025-11-29_143051_early_stop/naivebayes_Scenario1_F_Video2_Session2 vs Session1_2025-11-29_143051_seed123_early_stop.pkl,0.8852459016393442,0.872495446265938,0.872495446265938,0.8709016393442623,0.8709016393442623,0.8852459016393442,0.8852459016393442,0.8852459016393442,0.9016393442622951,0.9180327868852459,0.9344262295081968,0.9508196721311475,0.8688524590163934,0.16393442622950818,0.12214721954355512,0.12214721954355512,0.10758196721311475,0.10758196721311475,0.16393442622950818,0.16393442622950818,0.16393442622950818,0.19672131147540983,0.21311475409836064,0.22950819672131148,0.26229508196721313,0.14754098360655737
1,Scenario1_F_Video3_Session1 vs Session2,NaiveBayes,123,61,61,"{'priors': None, 'var_smoothing': 1e-09}",scenario_results_scenarios_2025-11-29_143051_early_stop/naivebayes_Scenario1_F_Video3_Session1 vs Session2_2025-11-29_143051_seed123_early_stop.pkl,0.8852459016393442,0.872495446265938,0.872495446265938,0.8709016393442623,0.8709016393442623,0.8852459016393442,0.8852459016393442,0.8852459016393442,0.9016393442622951,0.9180327868852459,0.9344262295081968,0.9508196721311475,0.8688524590163934,0.18032786885245902,0.10195160031225606,0.10195160031225606,0.0802367941712204,0.0802367941712204,0.18032786885245902,0.18032786885245902,0.18032786885245902,0.21311475409836064,0.2459016393442623,0.26229508196721313,0.2786885245901639,0.16393442622950818
1,Scenario1_F_Video3_Session2 vs Session1,NaiveBayes,123,61,61,"{'priors': None, 'var_smoothing': 1e-09}",scenario_results_scenarios_2025-11-29_143051_early_stop/naivebayes_Scenario1_F_Video3_Session2 vs Session1_2025-11-29_143051_seed123_early_stop.pkl,0.8852459016393442,0.872495446265938,0.872495446265938,0.8709016393442623,0.8709016393442623,0.8852459016393442,0.8852459016393442,0.8852459016393442,0.9016393442622951,0.9180327868852459,0.9344262295081968,0.9508196721311475,0.8688524590163934,0.13114754098360656,0.0975570556091289,0.0975570556091289,0.08845628415300548,0.08845628415300548,0.13114754098360656,0.13114754098360656,0.13114754098360656,0.16393442622950818,0.19672131147540983,0.21311475409836064,0.2459016393442623,0.11475409836065574
1,Scenario1_I_Video1_Session2 vs Session1,NaiveBayes,123,61,60,"{'priors': None, 'var_smoothing': 1e-09}",scenario_results_scenarios_2025-11-29_143051_early_stop/naivebayes_Scenario1_I_Video1_Session2 vs Session1_2025-11-29_143051_seed123_early_stop.pkl,0.8852459016393442,0.872495446265938,0.872495446265938,0.8709016393442623,0.8709016393442623,0.8852459016393442,0.8852459016393442,0.8852459016393442,0.9016393442622951,0.9180327868852459,0.9344262295081968,0.9508196721311475,0.8688524590163934,0.18333333333333332,0.1272222222222222,0.1272222222222222,0.10984848484848485,0.10984848484848485,0.18333333333333332,0.18333333333333332,0.0,0.0,0.0,0.0,0.0,0.16666666666666666
1,Scenario1_I_Video2_Session1 vs Session2,NaiveBayes,123,61,61,"{'priors': None, 'var_smoothing': 1e-09}",scenario_results_scenarios_2025-11-29_143051_early_stop/naivebayes_Scenario1_I_Video2_Session1 vs Session2_2025-11-29_143051_seed123_early_stop.pkl,0.8852459016393442,0.872495446265938,0.872495446265938,0.8709016393442623,0.8709016393442623,0.8852459016393442,0.8852459016393442,0.8852459016393442,0.9016393442622951,0.9180327868852459,0.9344262295081968,0.9508196721311475,0.8688524590163934,0.21311475409836064,0.13442622950819672,0.13442622950819672,0.10619307832422586,0.10619307832422586,0.21311475409836064,0.21311475409836064,0.21311475409836064,0.22950819672131148,0.26229508196721313,0.2786885245901639,0.3114754098360656,0.19672131147540983
1,Scenario1_I_Video2_Session2 vs Session1,NaiveBayes,123,61,61,"{'priors': None, 'var_smoothing': 1e-09}",scenario_results_scenarios_2025-11-29_143051_early_stop/naivebayes_Scenario1_I_Video2_Session2 vs Session1_2025-11-29_143051_seed123_early_stop.pkl,0.8852459016393442,0.872495446265938,0.872495446265938,0.8709016393442623,0.8709016393442623,0.8852459016393442,0.8852459016393442,0.8852459016393442,0.9016393442622951,0.9180327868852459,0.9344262295081968,0.9508196721311475,0.8688524590163934,0.19672131147540983,0.12724434035909443,0.12724434035909443,0.10508617065994114,0.10508617065994114,0.19672131147540983,0.19672131147540983,0.19672131147540983,0.22950819672131148,0.26229508196721313,0.2786885245901639,0.29508196721311475,0.18032786885245902
1,Scenario1_I_Video3_Session1 vs Session2,NaiveBayes,123,61,61,"{'priors': None, 'var_smoothing': 1e-09}",scenario_results_scenarios_2025-11-29_143051_early_stop/naivebayes_Scenario1_I_Video3_Session1 vs Session2_2025-11-29_143051_seed123_early_stop.pkl,0.8852459016393442,0.872495446265938,0.872495446265938,0.8709016393442623,0.8709016393442623,0.8852459016393442,0.8852459016393442,0.8852459016393442,0.9016393442622951,0.9180327868852459,0.9344262295081968,0.9508196721311475,0.8688524590163934,0.22950819672131148,0.16666666666666666,0.16666666666666666,0.1468455042225534,0.1468455042225534,0.22950819672131148,0.22950819672131148,0.22950819672131148,0.26229508196721313,0.2786885245901639,0.29508196721311475,0.32786885245901637,0.21311475409836064
1,Scenario1_I_Video3_Session2 vs Session1,NaiveBayes,123,61,61,"{'priors': None, 'var_smoothing': 1e-09}",scenario_results_scenarios_2025-11-29_143051_early_stop/naivebayes_Scenario1_I_Video3_Session2 vs Session1_2025-11-29_143051_seed123_early_stop.pkl,0.8852459016393442,0.872495446265938,0.872495446265938,0.8709016393442623,0.8709016393442623,0.8852459016393442,0.8852459016393442,0.8852459016393442,0.9016393442622951,0.9180327868852459,0.9344262295081968,0.9508196721311475,0.8688524590163934,0.26229508196721313,0.20197562000840688,0.20197562000840688,0.1849726775956284,0.1849726775956284,0.26229508196721313,0.26229508196721313,0.26229508196721313,0.29508196721311475,0.3114754098360656,0.32786885245901637,0.3442622950819672,0.2459016393442623
1,Scenario1_T_Video1_Session1 vs Session2,NaiveBayes,123,61,61,"{'priors': None, 'var_smoothing': 1e-09}",scenario_results_scenarios_2025-11-29_143051_early_stop/naivebayes_Scenario1_T_Video1_Session1 vs Session2_2025-11-29_143051_seed123_early_stop.pkl,0.8852459016393442,0.872495446265938,0.872495446265938,0.8709016393442623,0.8709016393442623,0.8852459016393442,0.8852459016393442,0.8852459016393442,0.9016393442622951,0.9180327868852459,0.9344262295081968,0.9508196721311475,0.8688524590163934,0.19672131147540983,0.14387197501951599,0.14387197501951599,0.1296763345943674,0.1296763345943674,0.19672131147540983,0.19672131147540983,0.19672131147540983,0.21311475409836064,0.22950819672131148,0.2459016393442623,0.2786885245901639,0.18032786885245902
1,Scenario1_T_Video1_Session2 vs Session1,NaiveBayes,123,61,61,"{'priors': None, 'var_smoothing': 1e-09}",scenario_results_scenarios_2025-11-29_143051_early_stop/naivebayes_Scenario1_T_Video1_Session2 vs Session1_2025-11-29_143051_seed123_early_stop.pkl,0.8852459016393442,0.872495446265938,0.872495446265938,0.8709016393442623,0.8709016393442623,0.8852459016393442,0.8852459016393442,0.8852459016393442,0.9016393442622951,0.9180327868852459,0.9344262295081968,0.9508196721311475,0.8688524590163934,0.21311475409836064,0.133879781420765,0.133879781420765,0.10859413810233481,0.10859413810233481,0.21311475409836064,0.21311475409836064,0.21311475409836064,0.2459016393442623,0.26229508196721313,0.2786885245901639,0.3114754098360656,0.19672131147540983
1,Scenario1_T_Video2_Session2 vs Session1,NaiveBayes,123,61,60,"{'priors': None, 'var_smoothing': 1e-09}",scenario_results_scenarios_2025-11-29_143051_early_stop/naivebayes_Scenario1_T_Video2_Session2 vs Session1_2025-11-29_143051_seed123_early_stop.pkl,0.8852459016393442,0.872495446265938,0.872495446265938,0.8709016393442623,0.8709016393442623,0.8852459016393442,0.8852459016393442,0.8852459016393442,0.9016393442622951,0.9180327868852459,0.9344262295081968,0.9508196721311475,0.8688524590163934,0.2,0.14423076923076922,0.14423076923076922,0.12694444444444444,0.12694444444444444,0.2,0.2,0.0,0.0,0.0,0.0,0.0,0.18333333333333332
1,Scenario1_T_Video3_Session2 vs Session1,NaiveBayes,123,61,59,"{'priors': None, 'var_smoothing': 1e-09}",scenario_results_scenarios_2025-11-29_143051_early_stop/naivebayes_Scenario1_T_Video3_Session2 vs Session1_2025-11-29_143051_seed123_early_stop.pkl,0.8852459016393442,0.872495446265938,0.872495446265938,0.8709016393442623,0.8709016393442623,0.8852459016393442,0.8852459016393442,0.8852459016393442,0.9016393442622951,0.9180327868852459,0.9344262295081968,0.9508196721311475,0.8688524590163934,0.15254237288135594,0.09978270317253368,0.09978270317253368,0.0847457627118644,0.0847457627118644,0.15254237288135594,0.15254237288135594,0.0,0.0,0.0,0.0,0.0,0.13559322033898305
1,Scenario1_F_Video1_Session1 vs Session2,LightGBM,123,60,60,"{'n_estimators': 100, 'max_depth': 6, 'learning_rate': 0.05, 'num_leaves': 31, 'min_child_samples': 20}",scenario_results_scenarios_2025-11-29_143051_early_stop/lightgbm_Scenario1_F_Video1_Session1 vs Session2_2025-11-29_143051_seed123_early_stop.pkl,0.9,0.8875,0.8875,0.8857142857142857,0.8857142857142857,0.9,0.9,0.9,0.9166666666666666,0.9333333333333333,0.95,0.9666666666666667,0.8833333333333333,0.06666666666666667,0.03611111111111111,0.03611111111111111,0.030043859649122807,0.030043859649122807,0.06666666666666667,0.06666666666666667,0.06666666666666667,0.16666666666666666,0.25,0.2833333333333333,0.31666666666666665,0.05
1,Scenario1_F_Video1_Session2 vs Session1,LightGBM,123,60,60,"{'n_estimators': 100, 'max_depth': 6, 'learning_rate': 0.05, 'num_leaves': 31, 'min_child_samples': 20}",scenario_results_scenarios_2025-11-29_143051_early_stop/lightgbm_Scenario1_F_Video1_Session2 vs Session1_2025-11-29_143051_seed123_early_stop.pkl,0.9,0.8875,0.8875,0.8857142857142857,0.8857142857142857,0.9,0.9,0.9,0.9166666666666666,0.9333333333333333,0.95,0.9666666666666667,0.8833333333333333,0.1,0.06286549707602339,0.06286549707602339,0.053703703703703705,0.053703703703703705,0.1,0.1,0.1,0.18333333333333332,0.2,0.21666666666666667,0.23333333333333334,0.08333333333333333
1,Scenario1_F_Video2_Session1 vs Session2,LightGBM,123,61,61,"{'n_estimators': 100, 'max_depth': 6, 'learning_rate': 0.05, 'num_leaves': 31, 'min_child_samples': 20}",scenario_results_scenarios_2025-11-29_143051_early_stop/lightgbm_Scenario1_F_Video2_Session1 vs Session2_2025-11-29_143051_seed123_early_stop.pkl,0.8852459016393442,0.872495446265938,0.872495446265938,0.8709016393442623,0.8709016393442623,0.8852459016393442,0.8852459016393442,0.8852459016393442,0.9016393442622951,0.9180327868852459,0.9344262295081968,0.9508196721311475,0.8688524590163934,0.11475409836065574,0.08591378263509411,0.08591378263509411,0.07986548970155528,0.07986548970155528,0.11475409836065574,0.11475409836065574,0.11475409836065574,0.21311475409836064,0.2459016393442623,0.26229508196721313,0.2786885245901639,0.09836065573770492
1,Scenario1_F_Video2_Session2 vs Session1,LightGBM,123,61,61,"{'n_estimators': 100, 'max_depth': 6, 'learning_rate': 0.05, 'num_leaves': 31, 'min_child_samples': 20}",scenario_results_scenarios_2025-11-29_143051_early_stop/lightgbm_Scenario1_F_Video2_Session2 vs Session1_2025-11-29_143051_seed123_early_stop.pkl,0.8852459016393442,0.872495446265938,0.872495446265938,0.8709016393442623,0.8709016393442623,0.8852459016393442,0.8852459016393442,0.8852459016393442,0.9016393442622951,0.9180327868852459,0.9344262295081968,0.9508196721311475,0.8688524590163934,0.13114754098360656,0.08360655737704917,0.08360655737704917,0.06916882369859075,0.06916882369859075,0.13114754098360656,0.13114754098360656,0.13114754098360656,0.21311475409836064,0.26229508196721313,0.2786885245901639,0.3114754098360656,0.11475409836065574
1,Scenario1_F_Video3_Session1 vs Session2,LightGBM,123,61,61,"{'n_estimators': 100, 'max_depth': 6, 'learning_rate': 0.05, 'num_leaves': 31, 'min_child_samples': 20}",scenario_results_scenarios_2025-11-29_143051_early_stop/lightgbm_Scenario1_F_Video3_Session1 vs Session2_2025-11-29_143051_seed123_early_stop.pkl,0.8852459016393442,0.872495446265938,0.872495446265938,0.8709016393442623,0.8709016393442623,0.8852459016393442,0.8852459016393442,0.8852459016393442,0.9016393442622951,0.9180327868852459,0.9344262295081968,0.9508196721311475,0.8688524590163934,0.18032786885245902,0.13854066216650596,0.13854066216650596,0.12725409836065574,0.12725409836065574,0.18032786885245902,0.18032786885245902,0.18032786885245902,0.2786885245901639,0.32786885245901637,0.3442622950819672,0.36065573770491804,0.16393442622950818
1,Scenario1_F_Video3_Session2 vs Session1,LightGBM,123,61,61,"{'n_estimators': 100, 'max_depth': 6, 'learning_rate': 0.05, 'num_leaves': 31, 'min_child_samples': 20}",scenario_results_scenarios_2025-11-29_143051_early_stop/lightgbm_Scenario1_F_Video3_Session2 vs Session1_2025-11-29_143051_seed123_early_stop.pkl,0.8852459016393442,0.872495446265938,0.872495446265938,0.8709016393442623,0.8709016393442623,0.8852459016393442,0.8852459016393442,0.8852459016393442,0.9016393442622951,0.9180327868852459,0.9344262295081968,0.9508196721311475,0.8688524590163934,0.04918032786885246,0.020437158469945354,0.020437158469945354,0.014344262295081968,0.014344262295081968,0.04918032786885246,0.04918032786885246,0.04918032786885246,0.11475409836065574,0.18032786885245902,0.21311475409836064,0.22950819672131148,0.03278688524590164
1,Scenario1_I_Video1_Session2 vs Session1,LightGBM,123,61,60,"{'n_estimators': 100, 'max_depth': 6, 'learning_rate': 0.05, 'num_leaves': 31, 'min_child_samples': 20}",scenario_results_scenarios_2025-11-29_143051_early_stop/lightgbm_Scenario1_I_Video1_Session2 vs Session1_2025-11-29_143051_seed123_early_stop.pkl,0.8852459016393442,0.872495446265938,0.872495446265938,0.8709016393442623,0.8709016393442623,0.8852459016393442,0.8852459016393442,0.8852459016393442,0.9016393442622951,0.9180327868852459,0.9344262295081968,0.9508196721311475,0.8688524590163934,0.1,0.07111111111111111,0.07111111111111111,0.06476608187134503,0.06476608187134503,0.1,0.1,0.0,0.0,0.0,0.0,0.0,0.08333333333333333
1,Scenario1_I_Video2_Session1 vs Session2,LightGBM,123,61,61,"{'n_estimators': 100, 'max_depth': 6, 'learning_rate': 0.05, 'num_leaves': 31, 'min_child_samples': 20}",scenario_results_scenarios_2025-11-29_143051_early_stop/lightgbm_Scenario1_I_Video2_Session1 vs Session2_2025-11-29_143051_seed123_early_stop.pkl,0.8852459016393442,0.872495446265938,0.872495446265938,0.8709016393442623,0.8709016393442623,0.8852459016393442,0.8852459016393442,0.8852459016393442,0.9016393442622951,0.9180327868852459,0.9344262295081968,0.9508196721311475,0.8688524590163934,0.16393442622950818,0.11967213114754097,0.11967213114754097,0.1049960967993755,0.1049960967993755,0.16393442622950818,0.16393442622950818,0.16393442622950818,0.2786885245901639,0.32786885245901637,0.36065573770491804,0.4098360655737705,0.14754098360655737
1,Scenario1_I_Video2_Session2 vs Session1,LightGBM,123,61,61,"{'n_estimators': 100, 'max_depth': 6, 'learning_rate': 0.05, 'num_leaves': 31, 'min_child_samples': 20}",scenario_results_scenarios_2025-11-29_143051_early_stop/lightgbm_Scenario1_I_Video2_Session2 vs Session1_2025-11-29_143051_seed123_early_stop.pkl,0.8852459016393442,0.872495446265938,0.872495446265938,0.8709016393442623,0.8709016393442623,0.8852459016393442,0.8852459016393442,0.8852459016393442,0.9016393442622951,0.9180327868852459,0.9344262295081968,0.9508196721311475,0.8688524590163934,0.09836065573770492,0.06262770254217152,0.06262770254217152,0.05402384500745156,0.05402384500745156,0.09836065573770492,0.09836065573770492,0.09836065573770492,0.16393442622950818,0.21311475409836064,0.26229508196721313,0.2786885245901639,0.08196721311475409
1,Scenario1_I_Video3_Session1 vs Session2,LightGBM,123,61,61,"{'n_estimators': 100, 'max_depth': 6, 'learning_rate': 0.05, 'num_leaves': 31, 'min_child_samples': 20}",scenario_results_scenarios_2025-11-29_143051_early_stop/lightgbm_Scenario1_I_Video3_Session1 vs Session2_2025-11-29_143051_seed123_early_stop.pkl,0.8852459016393442,0.872495446265938,0.872495446265938,0.8709016393442623,0.8709016393442623,0.8852459016393442,0.8852459016393442,0.8852459016393442,0.9016393442622951,0.9180327868852459,0.9344262295081968,0.9508196721311475,0.8688524590163934,0.26229508196721313,0.18346994535519123,0.18346994535519123,0.15601092896174862,0.15601092896174862,0.26229508196721313,0.26229508196721313,0.26229508196721313,0.3114754098360656,0.3770491803278688,0.4262295081967213,0.47540983606557374,0.2459016393442623
1,Scenario1_I_Video3_Session2 vs Session1,LightGBM,123,61,61,"{'n_estimators': 100, 'max_depth': 6, 'learning_rate': 0.05, 'num_leaves': 31, 'min_child_samples': 20}",scenario_results_scenarios_2025-11-29_143051_early_stop/lightgbm_Scenario1_I_Video3_Session2 vs Session1_2025-11-29_143051_seed123_early_stop.pkl,0.8852459016393442,0.872495446265938,0.872495446265938,0.8709016393442623,0.8709016393442623,0.8852459016393442,0.8852459016393442,0.8852459016393442,0.9016393442622951,0.9180327868852459,0.9344262295081968,0.9508196721311475,0.8688524590163934,0.18032786885245902,0.15704918032786885,0.15704918032786885,0.15368852459016394,0.15368852459016394,0.18032786885245902,0.18032786885245902,0.18032786885245902,0.2786885245901639,0.3114754098360656,0.3442622950819672,0.3770491803278688,0.16393442622950818
1,Scenario1_T_Video1_Session1 vs Session2,LightGBM,123,61,61,"{'n_estimators': 100, 'max_depth': 6, 'learning_rate': 0.05, 'num_leaves': 31, 'min_child_samples': 20}",scenario_results_scenarios_2025-11-29_143051_early_stop/lightgbm_Scenario1_T_Video1_Session1 vs Session2_2025-11-29_143051_seed123_early_stop.pkl,0.8852459016393442,0.872495446265938,0.872495446265938,0.8709016393442623,0.8709016393442623,0.8852459016393442,0.8852459016393442,0.8852459016393442,0.9016393442622951,0.9180327868852459,0.9344262295081968,0.9508196721311475,0.8688524590163934,0.08196721311475409,0.0454414725337935,0.0454414725337935,0.03697632058287796,0.03697632058287796,0.08196721311475409,0.08196721311475409,0.08196721311475409,0.18032786885245902,0.19672131147540983,0.22950819672131148,0.26229508196721313,0.06557377049180328
1,Scenario1_T_Video1_Session2 vs Session1,LightGBM,123,61,61,"{'n_estimators': 100, 'max_depth': 6, 'learning_rate': 0.05, 'num_leaves': 31, 'min_child_samples': 20}",scenario_results_scenarios_2025-11-29_143051_early_stop/lightgbm_Scenario1_T_Video1_Session2 vs Session1_2025-11-29_143051_seed123_early_stop.pkl,0.8852459016393442,0.872495446265938,0.872495446265938,0.8709016393442623,0.8709016393442623,0.8852459016393442,0.8852459016393442,0.8852459016393442,0.9016393442622951,0.9180327868852459,0.9344262295081968,0.9508196721311475,0.8688524590163934,0.11475409836065574,0.07799304520615996,0.07799304520615996,0.06908665105386418,0.06908665105386418,0.11475409836065574,0.11475409836065574,0.11475409836065574,0.22950819672131148,0.3114754098360656,0.32786885245901637,0.3442622950819672,0.09836065573770492
1,Scenario1_T_Video2_Session2 vs Session1,LightGBM,123,61,60,"{'n_estimators': 100, 'max_depth': 6, 'learning_rate': 0.05, 'num_leaves': 31, 'min_child_samples': 20}",scenario_results_scenarios_2025-11-29_143051_early_stop/lightgbm_Scenario1_T_Video2_Session2 vs Session1_2025-11-29_143051_seed123_early_stop.pkl,0.8852459016393442,0.872495446265938,0.872495446265938,0.8709016393442623,0.8709016393442623,0.8852459016393442,0.8852459016393442,0.8852459016393442,0.9016393442622951,0.9180327868852459,0.9344262295081968,0.9508196721311475,0.8688524590163934,0.1,0.07140522875816993,0.07140522875816993,0.06493055555555555,0.06493055555555555,0.1,0.1,0.0,0.0,0.0,0.0,0.0,0.08333333333333333
1,Scenario1_T_Video3_Session2 vs Session1,LightGBM,123,61,59,"{'n_estimators': 100, 'max_depth': 6, 'learning_rate': 0.05, 'num_leaves': 31, 'min_child_samples': 20}",scenario_results_scenarios_2025-11-29_143051_early_stop/lightgbm_Scenario1_T_Video3_Session2 vs Session1_2025-11-29_143051_seed123_early_stop.pkl,0.8852459016393442,0.872495446265938,0.872495446265938,0.8709016393442623,0.8709016393442623,0.8852459016393442,0.8852459016393442,0.8852459016393442,0.9016393442622951,0.9180327868852459,0.9344262295081968,0.9508196721311475,0.8688524590163934,0.0847457627118644,0.058038007190549565,0.058038007190549565,0.0516545601291364,0.0516545601291364,0.0847457627118644,0.0847457627118644,0.0,0.0,0.0,0.0,0.0,0.06779661016949153
1,Scenario1_F_Video1_Session1 vs Session2,ExtraTrees,123,60,60,"{'n_estimators': 100, 'max_depth': 10, 'min_samples_split': 2, 'min_samples_leaf': 1, 'max_features': 'sqrt', 'bootstrap': False, 'criterion': 'gini'}",scenario_results_scenarios_2025-11-29_143051_early_stop/extratrees_Scenario1_F_Video1_Session1 vs Session2_2025-11-29_143051_seed123_early_stop.pkl,0.9,0.8875,0.8875,0.8857142857142857,0.8857142857142857,0.9,0.9,0.9,0.9166666666666666,0.9333333333333333,0.95,0.9666666666666667,0.8833333333333333,0.2833333333333333,0.22194444444444444,0.22194444444444444,0.2009920634920635,0.2009920634920635,0.2833333333333333,0.2833333333333333,0.2833333333333333,0.43333333333333335,0.55,0.6166666666666667,0.6666666666666666,0.25
1,Scenario1_F_Video1_Session2 vs Session1,ExtraTrees,123,60,60,"{'n_estimators': 100, 'max_depth': 10, 'min_samples_split': 2, 'min_samples_leaf': 1, 'max_features': 'sqrt', 'bootstrap': False, 'criterion': 'gini'}",scenario_results_scenarios_2025-11-29_143051_early_stop/extratrees_Scenario1_F_Video1_Session2 vs Session1_2025-11-29_143051_seed123_early_stop.pkl,0.9,0.8875,0.8875,0.8857142857142857,0.8857142857142857,0.9,0.9,0.9,0.9166666666666666,0.9333333333333333,0.95,0.9666666666666667,0.8833333333333333,0.35,0.2786111111111111,0.2786111111111111,0.25515873015873014,0.25515873015873014,0.35,0.35,0.35,0.45,0.5333333333333333,0.5666666666666667,0.6333333333333333,0.31666666666666665
1,Scenario1_F_Video2_Session1 vs Session2,ExtraTrees,123,61,61,"{'n_estimators': 100, 'max_depth': 10, 'min_samples_split': 2, 'min_samples_leaf': 1, 'max_features': 'sqrt', 'bootstrap': False, 'criterion': 'gini'}",scenario_results_scenarios_2025-11-29_143051_early_stop/extratrees_Scenario1_F_Video2_Session1 vs Session2_2025-11-29_143051_seed123_early_stop.pkl,0.8852459016393442,0.872495446265938,0.872495446265938,0.8709016393442623,0.8709016393442623,0.8852459016393442,0.8852459016393442,0.8852459016393442,0.9016393442622951,0.9180327868852459,0.9344262295081968,0.9508196721311475,0.8688524590163934,0.2786885245901639,0.1768670309653916,0.1768670309653916,0.14002732240437157,0.14002732240437157,0.2786885245901639,0.2786885245901639,0.2459016393442623,0.4426229508196721,0.5081967213114754,0.5737704918032787,0.6557377049180327,0.22950819672131148
1,Scenario1_F_Video2_Session2 vs Session1,ExtraTrees,123,61,61,"{'n_estimators': 100, 'max_depth': 10, 'min_samples_split': 2, 'min_samples_leaf': 1, 'max_features': 'sqrt', 'bootstrap': False, 'criterion': 'gini'}",scenario_results_scenarios_2025-11-29_143051_early_stop/extratrees_Scenario1_F_Video2_Session2 vs Session1_2025-11-29_143051_seed123_early_stop.pkl,0.8852459016393442,0.872495446265938,0.872495446265938,0.8709016393442623,0.8709016393442623,0.8852459016393442,0.8852459016393442,0.8852459016393442,0.9016393442622951,0.9180327868852459,0.9344262295081968,0.9508196721311475,0.8688524590163934,0.26229508196721313,0.20965391621129326,0.20965391621129326,0.1919398907103825,0.1919398907103825,0.26229508196721313,0.26229508196721313,0.29508196721311475,0.4262295081967213,0.5737704918032787,0.6065573770491803,0.6557377049180327,0.2459016393442623
1,Scenario1_F_Video3_Session1 vs Session2,ExtraTrees,123,61,61,"{'n_estimators': 100, 'max_depth': 10, 'min_samples_split': 2, 'min_samples_leaf': 1, 'max_features': 'sqrt', 'bootstrap': False, 'criterion': 'gini'}",scenario_results_scenarios_2025-11-29_143051_early_stop/extratrees_Scenario1_F_Video3_Session1 vs Session2_2025-11-29_143051_seed123_early_stop.pkl,0.8852459016393442,0.872495446265938,0.872495446265938,0.8709016393442623,0.8709016393442623,0.8852459016393442,0.8852459016393442,0.8852459016393442,0.9016393442622951,0.9180327868852459,0.9344262295081968,0.9508196721311475,0.8688524590163934,0.2786885245901639,0.2058287795992714,0.2058287795992714,0.18019125683060108,0.18019125683060108,0.2786885245901639,0.2786885245901639,0.2459016393442623,0.4426229508196721,0.6065573770491803,0.6721311475409836,0.7377049180327869,0.22950819672131148
1,Scenario1_F_Video3_Session2 vs Session1,ExtraTrees,123,61,61,"{'n_estimators': 100, 'max_depth': 10, 'min_samples_split': 2, 'min_samples_leaf': 1, 'max_features': 'sqrt', 'bootstrap': False, 'criterion': 'gini'}",scenario_results_scenarios_2025-11-29_143051_early_stop/extratrees_Scenario1_F_Video3_Session2 vs Session1_2025-11-29_143051_seed123_early_stop.pkl,0.8852459016393442,0.872495446265938,0.872495446265938,0.8709016393442623,0.8709016393442623,0.8852459016393442,0.8852459016393442,0.8852459016393442,0.9016393442622951,0.9180327868852459,0.9344262295081968,0.9508196721311475,0.8688524590163934,0.21311475409836064,0.17304189435336975,0.17304189435336975,0.1605191256830601,0.1605191256830601,0.21311475409836064,0.21311475409836064,0.2459016393442623,0.4098360655737705,0.5245901639344263,0.5901639344262295,0.7049180327868853,0.16393442622950818
1,Scenario1_I_Video1_Session2 vs Session1,ExtraTrees,123,61,60,"{'n_estimators': 100, 'max_depth': 10, 'min_samples_split': 2, 'min_samples_leaf': 1, 'max_features': 'sqrt', 'bootstrap': False, 'criterion': 'gini'}",scenario_results_scenarios_2025-11-29_143051_early_stop/extratrees_Scenario1_I_Video1_Session2 vs Session1_2025-11-29_143051_seed123_early_stop.pkl,0.8852459016393442,0.872495446265938,0.872495446265938,0.8709016393442623,0.8709016393442623,0.8852459016393442,0.8852459016393442,0.8852459016393442,0.9016393442622951,0.9180327868852459,0.9344262295081968,0.9508196721311475,0.8688524590163934,0.25,0.1736111111111111,0.1736111111111111,0.14404761904761904,0.14404761904761904,0.25,0.25,0.0,0.0,0.0,0.0,0.0,0.23333333333333334
1,Scenario1_I_Video2_Session1 vs Session2,ExtraTrees,123,61,61,"{'n_estimators': 100, 'max_depth': 10, 'min_samples_split': 2, 'min_samples_leaf': 1, 'max_features': 'sqrt', 'bootstrap': False, 'criterion': 'gini'}",scenario_results_scenarios_2025-11-29_143051_early_stop/extratrees_Scenario1_I_Video2_Session1 vs Session2_2025-11-29_143051_seed123_early_stop.pkl,0.8852459016393442,0.872495446265938,0.872495446265938,0.8709016393442623,0.8709016393442623,0.8852459016393442,0.8852459016393442,0.8852459016393442,0.9016393442622951,0.9180327868852459,0.9344262295081968,0.9508196721311475,0.8688524590163934,0.26229508196721313,0.17959927140255008,0.17959927140255008,0.15095628415300547,0.15095628415300547,0.26229508196721313,0.26229508196721313,0.26229508196721313,0.4426229508196721,0.5409836065573771,0.6065573770491803,0.7377049180327869,0.21311475409836064
1,Scenario1_I_Video2_Session2 vs Session1,ExtraTrees,123,61,61,"{'n_estimators': 100, 'max_depth': 10, 'min_samples_split': 2, 'min_samples_leaf': 1, 'max_features': 'sqrt', 'bootstrap': False, 'criterion': 'gini'}",scenario_results_scenarios_2025-11-29_143051_early_stop/extratrees_Scenario1_I_Video2_Session2 vs Session1_2025-11-29_143051_seed123_early_stop.pkl,0.8852459016393442,0.872495446265938,0.872495446265938,0.8709016393442623,0.8709016393442623,0.8852459016393442,0.8852459016393442,0.8852459016393442,0.9016393442622951,0.9180327868852459,0.9344262295081968,0.9508196721311475,0.8688524590163934,0.2786885245901639,0.18779599271402547,0.18779599271402547,0.15368852459016394,0.15368852459016394,0.2786885245901639,0.2786885245901639,0.26229508196721313,0.4918032786885246,0.5737704918032787,0.6229508196721312,0.6885245901639344,0.22950819672131148
1,Scenario1_I_Video3_Session1 vs Session2,ExtraTrees,123,61,61,"{'n_estimators': 100, 'max_depth': 10, 'min_samples_split': 2, 'min_samples_leaf': 1, 'max_features': 'sqrt', 'bootstrap': False, 'criterion': 'gini'}",scenario_results_scenarios_2025-11-29_143051_early_stop/extratrees_Scenario1_I_Video3_Session1 vs Session2_2025-11-29_143051_seed123_early_stop.pkl,0.8852459016393442,0.872495446265938,0.872495446265938,0.8709016393442623,0.8709016393442623,0.8852459016393442,0.8852459016393442,0.8852459016393442,0.9016393442622951,0.9180327868852459,0.9344262295081968,0.9508196721311475,0.8688524590163934,0.36065573770491804,0.3025500910746812,0.3025500910746812,0.28210382513661203,0.28210382513661203,0.36065573770491804,0.36065573770491804,0.3114754098360656,0.5081967213114754,0.5901639344262295,0.639344262295082,0.7049180327868853,0.29508196721311475
1,Scenario1_I_Video3_Session2 vs Session1,ExtraTrees,123,61,61,"{'n_estimators': 100, 'max_depth': 10, 'min_samples_split': 2, 'min_samples_leaf': 1, 'max_features': 'sqrt', 'bootstrap': False, 'criterion': 'gini'}",scenario_results_scenarios_2025-11-29_143051_early_stop/extratrees_Scenario1_I_Video3_Session2 vs Session1_2025-11-29_143051_seed123_early_stop.pkl,0.8852459016393442,0.872495446265938,0.872495446265938,0.8709016393442623,0.8709016393442623,0.8852459016393442,0.8852459016393442,0.8852459016393442,0.9016393442622951,0.9180327868852459,0.9344262295081968,0.9508196721311475,0.8688524590163934,0.3442622950819672,0.25992714025500907,0.25992714025500907,0.22882513661202183,0.22882513661202183,0.3442622950819672,0.3442622950819672,0.3770491803278688,0.4918032786885246,0.6065573770491803,0.639344262295082,0.7213114754098361,0.32786885245901637
1,Scenario1_T_Video1_Session1 vs Session2,ExtraTrees,123,61,61,"{'n_estimators': 100, 'max_depth': 10, 'min_samples_split': 2, 'min_samples_leaf': 1, 'max_features': 'sqrt', 'bootstrap': False, 'criterion': 'gini'}",scenario_results_scenarios_2025-11-29_143051_early_stop/extratrees_Scenario1_T_Video1_Session1 vs Session2_2025-11-29_143051_seed123_early_stop.pkl,0.8852459016393442,0.872495446265938,0.872495446265938,0.8709016393442623,0.8709016393442623,0.8852459016393442,0.8852459016393442,0.8852459016393442,0.9016393442622951,0.9180327868852459,0.9344262295081968,0.9508196721311475,0.8688524590163934,0.3770491803278688,0.31511839708561024,0.31511839708561024,0.2889344262295082,0.2889344262295082,0.3770491803278688,0.3770491803278688,0.32786885245901637,0.5081967213114754,0.5737704918032787,0.6229508196721312,0.6721311475409836,0.29508196721311475
1,Scenario1_T_Video1_Session2 vs Session1,ExtraTrees,123,61,61,"{'n_estimators': 100, 'max_depth': 10, 'min_samples_split': 2, 'min_samples_leaf': 1, 'max_features': 'sqrt', 'bootstrap': False, 'criterion': 'gini'}",scenario_results_scenarios_2025-11-29_143051_early_stop/extratrees_Scenario1_T_Video1_Session2 vs Session1_2025-11-29_143051_seed123_early_stop.pkl,0.8852459016393442,0.872495446265938,0.872495446265938,0.8709016393442623,0.8709016393442623,0.8852459016393442,0.8852459016393442,0.8852459016393442,0.9016393442622951,0.9180327868852459,0.9344262295081968,0.9508196721311475,0.8688524590163934,0.36065573770491804,0.277959927140255,0.277959927140255,0.2465846994535519,0.2465846994535519,0.36065573770491804,0.36065573770491804,0.3442622950819672,0.5409836065573771,0.6065573770491803,0.6885245901639344,0.7377049180327869,0.29508196721311475
1,Scenario1_T_Video2_Session2 vs Session1,ExtraTrees,123,61,60,"{'n_estimators': 100, 'max_depth': 10, 'min_samples_split': 2, 'min_samples_leaf': 1, 'max_features': 'sqrt', 'bootstrap': False, 'criterion': 'gini'}",scenario_results_scenarios_2025-11-29_143051_early_stop/extratrees_Scenario1_T_Video2_Session2 vs Session1_2025-11-29_143051_seed123_early_stop.pkl,0.8852459016393442,0.872495446265938,0.872495446265938,0.8709016393442623,0.8709016393442623,0.8852459016393442,0.8852459016393442,0.8852459016393442,0.9016393442622951,0.9180327868852459,0.9344262295081968,0.9508196721311475,0.8688524590163934,0.26666666666666666,0.21083333333333332,0.21083333333333332,0.18988095238095237,0.18988095238095237,0.26666666666666666,0.26666666666666666,0.0,0.0,0.0,0.0,0.0,0.21666666666666667
1,Scenario1_T_Video3_Session2 vs Session1,ExtraTrees,123,61,59,"{'n_estimators': 100, 'max_depth': 10, 'min_samples_split': 2, 'min_samples_leaf': 1, 'max_features': 'sqrt', 'bootstrap': False, 'criterion': 'gini'}",scenario_results_scenarios_2025-11-29_143051_early_stop/extratrees_Scenario1_T_Video3_Session2 vs Session1_2025-11-29_143051_seed123_early_stop.pkl,0.8852459016393442,0.872495446265938,0.872495446265938,0.8709016393442623,0.8709016393442623,0.8852459016393442,0.8852459016393442,0.8852459016393442,0.9016393442622951,0.9180327868852459,0.9344262295081968,0.9508196721311475,0.8688524590163934,0.3220338983050847,0.26755447941888616,0.26755447941888616,0.2457627118644068,0.2457627118644068,0.3220338983050847,0.3220338983050847,0.0,0.0,0.0,0.0,0.0,0.2711864406779661
1,Scenario1_F_Video1_Session1 vs Session2,GradientBoosting,123,60,60,"{'n_estimators': 100, 'max_depth': 3, 'learning_rate': 0.05, 'min_samples_split': 2, 'min_samples_leaf': 1, 'subsample': 0.8, 'max_features': 'sqrt'}",scenario_results_scenarios_2025-11-29_143051_early_stop/gradientboosting_Scenario1_F_Video1_Session1 vs Session2_2025-11-29_143051_seed123_early_stop.pkl,0.9,0.8875,0.8875,0.8857142857142857,0.8857142857142857,0.9,0.9,0.9,0.9166666666666666,0.9333333333333333,0.95,0.9666666666666667,0.8833333333333333,0.08333333333333333,0.0525,0.0525,0.045436507936507935,0.045436507936507935,0.08333333333333333,0.08333333333333333,0.08333333333333333,0.15,0.18333333333333332,0.21666666666666667,0.26666666666666666,0.06666666666666667
1,Scenario1_F_Video1_Session2 vs Session1,GradientBoosting,123,60,60,"{'n_estimators': 100, 'max_depth': 3, 'learning_rate': 0.05, 'min_samples_split': 2, 'min_samples_leaf': 1, 'subsample': 0.8, 'max_features': 'sqrt'}",scenario_results_scenarios_2025-11-29_143051_early_stop/gradientboosting_Scenario1_F_Video1_Session2 vs Session1_2025-11-29_143051_seed123_early_stop.pkl,0.9,0.8875,0.8875,0.8857142857142857,0.8857142857142857,0.9,0.9,0.9,0.9166666666666666,0.9333333333333333,0.95,0.9666666666666667,0.8833333333333333,0.03333333333333333,0.015277777777777777,0.015277777777777777,0.010714285714285713,0.010714285714285713,0.03333333333333333,0.03333333333333333,0.03333333333333333,0.06666666666666667,0.16666666666666666,0.21666666666666667,0.25,0.016666666666666666
1,Scenario1_F_Video2_Session1 vs Session2,GradientBoosting,123,61,61,"{'n_estimators': 100, 'max_depth': 3, 'learning_rate': 0.05, 'min_samples_split': 2, 'min_samples_leaf': 1, 'subsample': 0.8, 'max_features': 'sqrt'}",scenario_results_scenarios_2025-11-29_143051_early_stop/gradientboosting_Scenario1_F_Video2_Session1 vs Session2_2025-11-29_143051_seed123_early_stop.pkl,0.8852459016393442,0.872495446265938,0.872495446265938,0.8709016393442623,0.8709016393442623,0.8852459016393442,0.8852459016393442,0.8852459016393442,0.9016393442622951,0.9180327868852459,0.9344262295081968,0.9508196721311475,0.8688524590163934,0.11475409836065574,0.08287795992714025,0.08287795992714025,0.07308743169398907,0.07308743169398907,0.11475409836065574,0.11475409836065574,0.11475409836065574,0.18032786885245902,0.21311475409836064,0.32786885245901637,0.3770491803278688,0.09836065573770492
1,Scenario1_F_Video2_Session2 vs Session1,GradientBoosting,123,61,61,"{'n_estimators': 100, 'max_depth': 3, 'learning_rate': 0.05, 'min_samples_split': 2, 'min_samples_leaf': 1, 'subsample': 0.8, 'max_features': 'sqrt'}",scenario_results_scenarios_2025-11-29_143051_early_stop/gradientboosting_Scenario1_F_Video2_Session2 vs Session1_2025-11-29_143051_seed123_early_stop.pkl,0.8852459016393442,0.872495446265938,0.872495446265938,0.8709016393442623,0.8709016393442623,0.8852459016393442,0.8852459016393442,0.8852459016393442,0.9016393442622951,0.9180327868852459,0.9344262295081968,0.9508196721311475,0.8688524590163934,0.11475409836065574,0.08378870673952642,0.08378870673952642,0.0778688524590164,0.0778688524590164,0.11475409836065574,0.11475409836065574,0.11475409836065574,0.22950819672131148,0.3114754098360656,0.39344262295081966,0.4262295081967213,0.09836065573770492
1,Scenario1_F_Video3_Session1 vs Session2,GradientBoosting,123,61,61,"{'n_estimators': 100, 'max_depth': 3, 'learning_rate': 0.05, 'min_samples_split': 2, 'min_samples_leaf': 1, 'subsample': 0.8, 'max_features': 'sqrt'}",scenario_results_scenarios_2025-11-29_143051_early_stop/gradientboosting_Scenario1_F_Video3_Session1 vs Session2_2025-11-29_143051_seed123_early_stop.pkl,0.8852459016393442,0.872495446265938,0.872495446265938,0.8709016393442623,0.8709016393442623,0.8852459016393442,0.8852459016393442,0.8852459016393442,0.9016393442622951,0.9180327868852459,0.9344262295081968,0.9508196721311475,0.8688524590163934,0.18032786885245902,0.14316939890710384,0.14316939890710384,0.13400397416790863,0.13400397416790863,0.18032786885245902,0.18032786885245902,0.18032786885245902,0.2459016393442623,0.29508196721311475,0.32786885245901637,0.39344262295081966,0.16393442622950818
1,Scenario1_F_Video3_Session2 vs Session1,GradientBoosting,123,61,61,"{'n_estimators': 100, 'max_depth': 3, 'learning_rate': 0.05, 'min_samples_split': 2, 'min_samples_leaf': 1, 'subsample': 0.8, 'max_features': 'sqrt'}",scenario_results_scenarios_2025-11-29_143051_early_stop/gradientboosting_Scenario1_F_Video3_Session2 vs Session1_2025-11-29_143051_seed123_early_stop.pkl,0.8852459016393442,0.872495446265938,0.872495446265938,0.8709016393442623,0.8709016393442623,0.8852459016393442,0.8852459016393442,0.8852459016393442,0.9016393442622951,0.9180327868852459,0.9344262295081968,0.9508196721311475,0.8688524590163934,0.06557377049180328,0.039162112932604735,0.039162112932604735,0.03210382513661202,0.03210382513661202,0.06557377049180328,0.06557377049180328,0.06557377049180328,0.13114754098360656,0.19672131147540983,0.2786885245901639,0.32786885245901637,0.04918032786885246
1,Scenario1_I_Video1_Session2 vs Session1,GradientBoosting,123,61,60,"{'n_estimators': 100, 'max_depth': 3, 'learning_rate': 0.05, 'min_samples_split': 2, 'min_samples_leaf': 1, 'subsample': 0.8, 'max_features': 'sqrt'}",scenario_results_scenarios_2025-11-29_143051_early_stop/gradientboosting_Scenario1_I_Video1_Session2 vs Session1_2025-11-29_143051_seed123_early_stop.pkl,0.8852459016393442,0.872495446265938,0.872495446265938,0.8709016393442623,0.8709016393442623,0.8852459016393442,0.8852459016393442,0.8852459016393442,0.9016393442622951,0.9180327868852459,0.9344262295081968,0.9508196721311475,0.8688524590163934,0.03333333333333333,0.010833333333333334,0.010833333333333334,0.006547619047619048,0.006547619047619048,0.03333333333333333,0.03333333333333333,0.0,0.0,0.0,0.0,0.0,0.016666666666666666
1,Scenario1_I_Video2_Session1 vs Session2,GradientBoosting,123,61,61,"{'n_estimators': 100, 'max_depth': 3, 'learning_rate': 0.05, 'min_samples_split': 2, 'min_samples_leaf': 1, 'subsample': 0.8, 'max_features': 'sqrt'}",scenario_results_scenarios_2025-11-29_143051_early_stop/gradientboosting_Scenario1_I_Video2_Session1 vs Session2_2025-11-29_143051_seed123_early_stop.pkl,0.8852459016393442,0.872495446265938,0.872495446265938,0.8709016393442623,0.8709016393442623,0.8852459016393442,0.8852459016393442,0.8852459016393442,0.9016393442622951,0.9180327868852459,0.9344262295081968,0.9508196721311475,0.8688524590163934,0.09836065573770492,0.06648451730418943,0.06648451730418943,0.056693989071038245,0.056693989071038245,0.09836065573770492,0.09836065573770492,0.09836065573770492,0.14754098360655737,0.2459016393442623,0.32786885245901637,0.36065573770491804,0.08196721311475409
1,Scenario1_I_Video2_Session2 vs Session1,GradientBoosting,123,61,61,"{'n_estimators': 100, 'max_depth': 3, 'learning_rate': 0.05, 'min_samples_split': 2, 'min_samples_leaf': 1, 'subsample': 0.8, 'max_features': 'sqrt'}",scenario_results_scenarios_2025-11-29_143051_early_stop/gradientboosting_Scenario1_I_Video2_Session2 vs Session1_2025-11-29_143051_seed123_early_stop.pkl,0.8852459016393442,0.872495446265938,0.872495446265938,0.8709016393442623,0.8709016393442623,0.8852459016393442,0.8852459016393442,0.8852459016393442,0.9016393442622951,0.9180327868852459,0.9344262295081968,0.9508196721311475,0.8688524590163934,0.06557377049180328,0.033283656234475906,0.033283656234475906,0.027868852459016397,0.027868852459016397,0.06557377049180328,0.06557377049180328,0.06557377049180328,0.14754098360655737,0.18032786885245902,0.22950819672131148,0.29508196721311475,0.04918032786885246
1,Scenario1_I_Video3_Session1 vs Session2,GradientBoosting,123,61,61,"{'n_estimators': 100, 'max_depth': 3, 'learning_rate': 0.05, 'min_samples_split': 2, 'min_samples_leaf': 1, 'subsample': 0.8, 'max_features': 'sqrt'}",scenario_results_scenarios_2025-11-29_143051_early_stop/gradientboosting_Scenario1_I_Video3_Session1 vs Session2_2025-11-29_143051_seed123_early_stop.pkl,0.8852459016393442,0.872495446265938,0.872495446265938,0.8709016393442623,0.8709016393442623,0.8852459016393442,0.8852459016393442,0.8852459016393442,0.9016393442622951,0.9180327868852459,0.9344262295081968,0.9508196721311475,0.8688524590163934,0.19672131147540983,0.14918032786885246,0.14918032786885246,0.1343351548269581,0.1343351548269581,0.19672131147540983,0.19672131147540983,0.19672131147540983,0.26229508196721313,0.2786885245901639,0.29508196721311475,0.32786885245901637,0.18032786885245902
1,Scenario1_I_Video3_Session2 vs Session1,GradientBoosting,123,61,61,"{'n_estimators': 100, 'max_depth': 3, 'learning_rate': 0.05, 'min_samples_split': 2, 'min_samples_leaf': 1, 'subsample': 0.8, 'max_features': 'sqrt'}",scenario_results_scenarios_2025-11-29_143051_early_stop/gradientboosting_Scenario1_I_Video3_Session2 vs Session1_2025-11-29_143051_seed123_early_stop.pkl,0.8852459016393442,0.872495446265938,0.872495446265938,0.8709016393442623,0.8709016393442623,0.8852459016393442,0.8852459016393442,0.8852459016393442,0.9016393442622951,0.9180327868852459,0.9344262295081968,0.9508196721311475,0.8688524590163934,0.18032786885245902,0.11648451730418945,0.11648451730418945,0.10001951600312256,0.10001951600312256,0.18032786885245902,0.18032786885245902,0.18032786885245902,0.22950819672131148,0.2786885245901639,0.32786885245901637,0.36065573770491804,0.16393442622950818
1,Scenario1_T_Video1_Session1 vs Session2,GradientBoosting,123,61,61,"{'n_estimators': 100, 'max_depth': 3, 'learning_rate': 0.05, 'min_samples_split': 2, 'min_samples_leaf': 1, 'subsample': 0.8, 'max_features': 'sqrt'}",scenario_results_scenarios_2025-11-29_143051_early_stop/gradientboosting_Scenario1_T_Video1_Session1 vs Session2_2025-11-29_143051_seed123_early_stop.pkl,0.8852459016393442,0.872495446265938,0.872495446265938,0.8709016393442623,0.8709016393442623,0.8852459016393442,0.8852459016393442,0.8852459016393442,0.9016393442622951,0.9180327868852459,0.9344262295081968,0.9508196721311475,0.8688524590163934,0.11475409836065574,0.07116835805360396,0.07116835805360396,0.05942622950819671,0.05942622950819671,0.11475409836065574,0.11475409836065574,0.11475409836065574,0.18032786885245902,0.22950819672131148,0.29508196721311475,0.3770491803278688,0.09836065573770492
1,Scenario1_T_Video1_Session2 vs Session1,GradientBoosting,123,61,61,"{'n_estimators': 100, 'max_depth': 3, 'learning_rate': 0.05, 'min_samples_split': 2, 'min_samples_leaf': 1, 'subsample': 0.8, 'max_features': 'sqrt'}",scenario_results_scenarios_2025-11-29_143051_early_stop/gradientboosting_Scenario1_T_Video1_Session2 vs Session1_2025-11-29_143051_seed123_early_stop.pkl,0.8852459016393442,0.872495446265938,0.872495446265938,0.8709016393442623,0.8709016393442623,0.8852459016393442,0.8852459016393442,0.8852459016393442,0.9016393442622951,0.9180327868852459,0.9344262295081968,0.9508196721311475,0.8688524590163934,0.09836065573770492,0.05683060109289618,0.05683060109289618,0.048724954462659384,0.048724954462659384,0.09836065573770492,0.09836065573770492,0.09836065573770492,0.13114754098360656,0.16393442622950818,0.19672131147540983,0.2459016393442623,0.08196721311475409
1,Scenario1_T_Video2_Session2 vs Session1,GradientBoosting,123,61,60,"{'n_estimators': 100, 'max_depth': 3, 'learning_rate': 0.05, 'min_samples_split': 2, 'min_samples_leaf': 1, 'subsample': 0.8, 'max_features': 'sqrt'}",scenario_results_scenarios_2025-11-29_143051_early_stop/gradientboosting_Scenario1_T_Video2_Session2 vs Session1_2025-11-29_143051_seed123_early_stop.pkl,0.8852459016393442,0.872495446265938,0.872495446265938,0.8709016393442623,0.8709016393442623,0.8852459016393442,0.8852459016393442,0.8852459016393442,0.9016393442622951,0.9180327868852459,0.9344262295081968,0.9508196721311475,0.8688524590163934,0.03333333333333333,0.00925925925925926,0.00925925925925926,0.005416666666666667,0.005416666666666667,0.03333333333333333,0.03333333333333333,0.0,0.0,0.0,0.0,0.0,0.016666666666666666
1,Scenario1_T_Video3_Session2 vs Session1,GradientBoosting,123,61,59,"{'n_estimators': 100, 'max_depth': 3, 'learning_rate': 0.05, 'min_samples_split': 2, 'min_samples_leaf': 1, 'subsample': 0.8, 'max_features': 'sqrt'}",scenario_results_scenarios_2025-11-29_143051_early_stop/gradientboosting_Scenario1_T_Video3_Session2 vs Session1_2025-11-29_143051_seed123_early_stop.pkl,0.8852459016393442,0.872495446265938,0.872495446265938,0.8709016393442623,0.8709016393442623,0.8852459016393442,0.8852459016393442,0.8852459016393442,0.9016393442622951,0.9180327868852459,0.9344262295081968,0.9508196721311475,0.8688524590163934,0.1016949152542373,0.0754640839386602,0.0754640839386602,0.06779661016949153,0.06779661016949153,0.1016949152542373,0.1016949152542373,0.0,0.0,0.0,0.0,0.0,0.0847457627118644
1,Scenario1_F_Video1_Session1 vs Session2,KNN,123,60,60,"{'n_neighbors': 3, 'weights': 'uniform', 'metric': 'euclidean', 'algorithm': 'auto'}",scenario_results_scenarios_2025-11-29_143051_early_stop/knn_Scenario1_F_Video1_Session1 vs Session2_2025-11-29_143051_seed123_early_stop.pkl,0.16666666666666666,0.08521999443052074,0.08521999443052074,0.06745370370370371,0.06745370370370371,0.16666666666666666,0.16666666666666666,0.26666666666666666,0.48333333333333334,0.6333333333333333,0.8,0.9666666666666667,0.0,0.06666666666666667,0.031234567901234567,0.031234567901234567,0.02564102564102564,0.02564102564102564,0.06666666666666667,0.06666666666666667,0.13333333333333333,0.16666666666666666,0.2,0.31666666666666665,0.38333333333333336,0.0
1,Scenario1_F_Video1_Session2 vs Session1,KNN,123,60,60,"{'n_neighbors': 3, 'weights': 'uniform', 'metric': 'euclidean', 'algorithm': 'auto'}",scenario_results_scenarios_2025-11-29_143051_early_stop/knn_Scenario1_F_Video1_Session2 vs Session1_2025-11-29_143051_seed123_early_stop.pkl,0.2,0.12266594516594516,0.12266594516594516,0.10456349206349207,0.10456349206349207,0.2,0.2,0.25,0.4166666666666667,0.6166666666666667,0.7666666666666667,0.9666666666666667,0.0,0.08333333333333333,0.04972222222222222,0.04972222222222222,0.043780193236714976,0.043780193236714976,0.08333333333333333,0.08333333333333333,0.1,0.16666666666666666,0.25,0.35,0.43333333333333335,0.0
1,Scenario1_F_Video2_Session1 vs Session2,KNN,123,61,61,"{'n_neighbors': 3, 'weights': 'uniform', 'metric': 'euclidean', 'algorithm': 'auto'}",scenario_results_scenarios_2025-11-29_143051_early_stop/knn_Scenario1_F_Video2_Session1 vs Session2_2025-11-29_143051_seed123_early_stop.pkl,0.14754098360655737,0.09043715846994534,0.09043715846994534,0.07767086402154114,0.07767086402154114,0.14754098360655737,0.14754098360655737,0.22950819672131148,0.4426229508196721,0.6229508196721312,0.8032786885245902,0.9508196721311475,0.0,0.03278688524590164,0.004098360655737705,0.004098360655737705,0.002203071340633707,0.002203071340633707,0.03278688524590164,0.03278688524590164,0.11475409836065574,0.16393442622950818,0.26229508196721313,0.3770491803278688,0.4098360655737705,0.0
1,Scenario1_F_Video2_Session2 vs Session1,KNN,123,61,61,"{'n_neighbors': 3, 'weights': 'uniform', 'metric': 'euclidean', 'algorithm': 'auto'}",scenario_results_scenarios_2025-11-29_143051_early_stop/knn_Scenario1_F_Video2_Session2 vs Session1_2025-11-29_143051_seed123_early_stop.pkl,0.14754098360655737,0.0692509963433173,0.0692509963433173,0.051912568306010924,0.051912568306010924,0.14754098360655737,0.14754098360655737,0.21311475409836064,0.4098360655737705,0.5737704918032787,0.8032786885245902,0.9508196721311475,0.0,0.06557377049180328,0.021038251366120222,0.021038251366120222,0.01300784034212402,0.01300784034212402,0.06557377049180328,0.06557377049180328,0.11475409836065574,0.21311475409836064,0.29508196721311475,0.3770491803278688,0.4426229508196721,0.0
1,Scenario1_F_Video3_Session1 vs Session2,KNN,123,61,61,"{'n_neighbors': 3, 'weights': 'uniform', 'metric': 'euclidean', 'algorithm': 'auto'}",scenario_results_scenarios_2025-11-29_143051_early_stop/knn_Scenario1_F_Video3_Session1 vs Session2_2025-11-29_143051_seed123_early_stop.pkl,0.19672131147540983,0.13946845504222555,0.13946845504222555,0.12607338017174083,0.12607338017174083,0.19672131147540983,0.19672131147540983,0.22950819672131148,0.4098360655737705,0.5901639344262295,0.7540983606557377,0.9508196721311475,0.0,0.06557377049180328,0.026991223712535185,0.026991223712535185,0.022501951600312257,0.022501951600312257,0.06557377049180328,0.06557377049180328,0.06557377049180328,0.13114754098360656,0.21311475409836064,0.3114754098360656,0.3770491803278688,0.0
1,Scenario1_F_Video3_Session2 vs Session1,KNN,123,61,61,"{'n_neighbors': 3, 'weights': 'uniform', 'metric': 'euclidean', 'algorithm': 'auto'}",scenario_results_scenarios_2025-11-29_143051_early_stop/knn_Scenario1_F_Video3_Session2 vs Session1_2025-11-29_143051_seed123_early_stop.pkl,0.18032786885245902,0.08323575331772054,0.08323575331772054,0.06083788706739526,0.06083788706739526,0.18032786885245902,0.18032786885245902,0.26229508196721313,0.45901639344262296,0.6065573770491803,0.7704918032786885,0.9508196721311475,0.0,0.06557377049180328,0.018149882903981264,0.018149882903981264,0.011145806227773438,0.011145806227773438,0.06557377049180328,0.06557377049180328,0.09836065573770492,0.18032786885245902,0.2459016393442623,0.3114754098360656,0.3770491803278688,0.0
1,Scenario1_I_Video1_Session2 vs Session1,KNN,123,61,60,"{'n_neighbors': 3, 'weights': 'uniform', 'metric': 'euclidean', 'algorithm': 'auto'}",scenario_results_scenarios_2025-11-29_143051_early_stop/knn_Scenario1_I_Video1_Session2 vs Session1_2025-11-29_143051_seed123_early_stop.pkl,0.19672131147540983,0.10347384855581576,0.10347384855581576,0.08021077283372365,0.08021077283372365,0.19672131147540983,0.19672131147540983,0.21311475409836064,0.36065573770491804,0.5409836065573771,0.7540983606557377,0.9508196721311475,0.0,0.1,0.06533816425120773,0.06533816425120773,0.056313131313131315,0.056313131313131315,0.1,0.1,0.0,0.0,0.0,0.0,0.0,0.0
1,Scenario1_I_Video2_Session1 vs Session2,KNN,123,61,61,"{'n_neighbors': 3, 'weights': 'uniform', 'metric': 'euclidean', 'algorithm': 'auto'}",scenario_results_scenarios_2025-11-29_143051_early_stop/knn_Scenario1_I_Video2_Session1 vs Session2_2025-11-29_143051_seed123_early_stop.pkl,0.13114754098360656,0.06697892271662763,0.06697892271662763,0.05531246148157279,0.05531246148157279,0.13114754098360656,0.13114754098360656,0.32786885245901637,0.4918032786885246,0.6557377049180327,0.819672131147541,0.9508196721311475,0.0,0.06557377049180328,0.016186454711044875,0.016186454711044875,0.00986576383939178,0.00986576383939178,0.06557377049180328,0.06557377049180328,0.14754098360655737,0.26229508196721313,0.32786885245901637,0.4426229508196721,0.5081967213114754,0.0
1,Scenario1_I_Video2_Session2 vs Session1,KNN,123,61,61,"{'n_neighbors': 3, 'weights': 'uniform', 'metric': 'euclidean', 'algorithm': 'auto'}",scenario_results_scenarios_2025-11-29_143051_early_stop/knn_Scenario1_I_Video2_Session2 vs Session1_2025-11-29_143051_seed123_early_stop.pkl,0.13114754098360656,0.0434296122820713,0.0434296122820713,0.02704479705444025,0.02704479705444025,0.13114754098360656,0.13114754098360656,0.26229508196721313,0.4918032786885246,0.6229508196721312,0.819672131147541,0.9508196721311475,0.0,0.13114754098360656,0.06491732311404443,0.06491732311404443,0.04957064793130367,0.04957064793130367,0.13114754098360656,0.13114754098360656,0.13114754098360656,0.21311475409836064,0.29508196721311475,0.32786885245901637,0.45901639344262296,0.0
1,Scenario1_I_Video3_Session1 vs Session2,KNN,123,61,61,"{'n_neighbors': 3, 'weights': 'uniform', 'metric': 'euclidean', 'algorithm': 'auto'}",scenario_results_scenarios_2025-11-29_143051_early_stop/knn_Scenario1_I_Video3_Session1 vs Session2_2025-11-29_143051_seed123_early_stop.pkl,0.21311475409836064,0.11998438719750194,0.11998438719750194,0.09694660147636851,0.09694660147636851,0.21311475409836064,0.21311475409836064,0.26229508196721313,0.4262295081967213,0.6065573770491803,0.7377049180327869,0.9508196721311475,0.0,0.09836065573770492,0.05431954202446005,0.05431954202446005,0.047022087523534005,0.047022087523534005,0.09836065573770492,0.09836065573770492,0.11475409836065574,0.21311475409836064,0.3114754098360656,0.36065573770491804,0.45901639344262296,0.0
1,Scenario1_I_Video3_Session2 vs Session1,KNN,123,61,61,"{'n_neighbors': 3, 'weights': 'uniform', 'metric': 'euclidean', 'algorithm': 'auto'}",scenario_results_scenarios_2025-11-29_143051_early_stop/knn_Scenario1_I_Video3_Session2 vs Session1_2025-11-29_143051_seed123_early_stop.pkl,0.19672131147540983,0.10025370804059329,0.10025370804059329,0.07759562841530053,0.07759562841530053,0.19672131147540983,0.19672131147540983,0.22950819672131148,0.4918032786885246,0.6065573770491803,0.7540983606557377,0.9508196721311475,0.0,0.09836065573770492,0.032130437868142785,0.032130437868142785,0.020608899297423888,0.020608899297423888,0.09836065573770492,0.09836065573770492,0.13114754098360656,0.21311475409836064,0.2459016393442623,0.3442622950819672,0.4426229508196721,0.0
1,Scenario1_T_Video1_Session1 vs Session2,KNN,123,61,61,"{'n_neighbors': 3, 'weights': 'uniform', 'metric': 'euclidean', 'algorithm': 'auto'}",scenario_results_scenarios_2025-11-29_143051_early_stop/knn_Scenario1_T_Video1_Session1 vs Session2_2025-11-29_143051_seed123_early_stop.pkl,0.13114754098360656,0.04885245901639344,0.04885245901639344,0.031869633099141294,0.031869633099141294,0.13114754098360656,0.13114754098360656,0.26229508196721313,0.4426229508196721,0.6065573770491803,0.819672131147541,0.9508196721311475,0.0,0.08196721311475409,0.029060177171367475,0.029060177171367475,0.01905116741182315,0.01905116741182315,0.08196721311475409,0.08196721311475409,0.09836065573770492,0.18032786885245902,0.2786885245901639,0.36065573770491804,0.4426229508196721,0.0
1,Scenario1_T_Video1_Session2 vs Session1,KNN,123,61,61,"{'n_neighbors': 3, 'weights': 'uniform', 'metric': 'euclidean', 'algorithm': 'auto'}",scenario_results_scenarios_2025-11-29_143051_early_stop/knn_Scenario1_T_Video1_Session2 vs Session1_2025-11-29_143051_seed123_early_stop.pkl,0.16393442622950818,0.08227946916471507,0.08227946916471507,0.06455893832943013,0.06455893832943013,0.16393442622950818,0.16393442622950818,0.2786885245901639,0.47540983606557374,0.7049180327868853,0.7868852459016393,0.9508196721311475,0.0,0.11475409836065574,0.0536143637782982,0.0536143637782982,0.041666666666666664,0.041666666666666664,0.11475409836065574,0.11475409836065574,0.09836065573770492,0.16393442622950818,0.29508196721311475,0.3442622950819672,0.45901639344262296,0.0
1,Scenario1_T_Video2_Session2 vs Session1,KNN,123,61,60,"{'n_neighbors': 3, 'weights': 'uniform', 'metric': 'euclidean', 'algorithm': 'auto'}",scenario_results_scenarios_2025-11-29_143051_early_stop/knn_Scenario1_T_Video2_Session2 vs Session1_2025-11-29_143051_seed123_early_stop.pkl,0.13114754098360656,0.07385677308024158,0.07385677308024158,0.06433775696070779,0.06433775696070779,0.13114754098360656,0.13114754098360656,0.3114754098360656,0.47540983606557374,0.6065573770491803,0.819672131147541,0.9508196721311475,0.0,0.11666666666666667,0.06933760683760684,0.06933760683760684,0.05860317460317461,0.05860317460317461,0.11666666666666667,0.11666666666666667,0.0,0.0,0.0,0.0,0.0,0.0
1,Scenario1_T_Video3_Session2 vs Session1,KNN,123,61,59,"{'n_neighbors': 3, 'weights': 'uniform', 'metric': 'euclidean', 'algorithm': 'auto'}",scenario_results_scenarios_2025-11-29_143051_early_stop/knn_Scenario1_T_Video3_Session2 vs Session1_2025-11-29_143051_seed123_early_stop.pkl,0.19672131147540983,0.1291959406713505,0.1291959406713505,0.1133879781420765,0.1133879781420765,0.19672131147540983,0.19672131147540983,0.21311475409836064,0.39344262295081966,0.6229508196721312,0.7540983606557377,0.9508196721311475,0.0,0.1016949152542373,0.06192581675264063,0.06089371980676329,0.05303030303030303,0.05214646464646465,0.1016949152542373,0.1,0.0,0.0,0.0,0.0,0.0,0.0
1,Scenario1_F_Video1_Session1 vs Session2,LogisticRegression,123,60,60,"{'C': 0.001, 'penalty': 'l2', 'solver': 'liblinear', 'max_iter': 3000}",scenario_results_scenarios_2025-11-29_143051_early_stop/logisticregression_Scenario1_F_Video1_Session1 vs Session2_2025-11-29_143051_seed123_early_stop.pkl,0.016666666666666666,0.000546448087431694,0.000546448087431694,0.0002777777777777778,0.0002777777777777778,0.016666666666666666,0.016666666666666666,0.016666666666666666,0.03333333333333333,0.05,0.06666666666666667,0.08333333333333333,0.0,0.016666666666666666,0.000546448087431694,0.000546448087431694,0.0002777777777777778,0.0002777777777777778,0.016666666666666666,0.016666666666666666,0.016666666666666666,0.03333333333333333,0.05,0.06666666666666667,0.08333333333333333,0.0
1,Scenario1_F_Video1_Session2 vs Session1,LogisticRegression,123,60,60,"{'C': 0.001, 'penalty': 'l2', 'solver': 'liblinear', 'max_iter': 3000}",scenario_results_scenarios_2025-11-29_143051_early_stop/logisticregression_Scenario1_F_Video1_Session2 vs Session1_2025-11-29_143051_seed123_early_stop.pkl,0.016666666666666666,0.000546448087431694,0.000546448087431694,0.0002777777777777778,0.0002777777777777778,0.016666666666666666,0.016666666666666666,0.016666666666666666,0.03333333333333333,0.05,0.06666666666666667,0.08333333333333333,0.0,0.016666666666666666,0.000546448087431694,0.000546448087431694,0.0002777777777777778,0.0002777777777777778,0.016666666666666666,0.016666666666666666,0.016666666666666666,0.03333333333333333,0.05,0.06666666666666667,0.08333333333333333,0.0
1,Scenario1_F_Video2_Session1 vs Session2,LogisticRegression,123,61,61,"{'C': 0.001, 'penalty': 'l2', 'solver': 'liblinear', 'max_iter': 3000}",scenario_results_scenarios_2025-11-29_143051_early_stop/logisticregression_Scenario1_F_Video2_Session1 vs Session2_2025-11-29_143051_seed123_early_stop.pkl,0.01639344262295082,0.0005288207297726071,0.0005288207297726071,0.0002687449610319807,0.0002687449610319807,0.01639344262295082,0.01639344262295082,0.01639344262295082,0.03278688524590164,0.04918032786885246,0.06557377049180328,0.08196721311475409,0.0,0.01639344262295082,0.0005288207297726071,0.0005288207297726071,0.0002687449610319807,0.0002687449610319807,0.01639344262295082,0.01639344262295082,0.01639344262295082,0.03278688524590164,0.04918032786885246,0.06557377049180328,0.08196721311475409,0.0
1,Scenario1_F_Video2_Session2 vs Session1,LogisticRegression,123,61,61,"{'C': 0.001, 'penalty': 'l2', 'solver': 'liblinear', 'max_iter': 3000}",scenario_results_scenarios_2025-11-29_143051_early_stop/logisticregression_Scenario1_F_Video2_Session2 vs Session1_2025-11-29_143051_seed123_early_stop.pkl,0.01639344262295082,0.0005288207297726071,0.0005288207297726071,0.0002687449610319807,0.0002687449610319807,0.01639344262295082,0.01639344262295082,0.01639344262295082,0.03278688524590164,0.04918032786885246,0.06557377049180328,0.08196721311475409,0.0,0.01639344262295082,0.0005288207297726071,0.0005288207297726071,0.0002687449610319807,0.0002687449610319807,0.01639344262295082,0.01639344262295082,0.01639344262295082,0.03278688524590164,0.04918032786885246,0.06557377049180328,0.08196721311475409,0.0
1,Scenario1_F_Video3_Session1 vs Session2,LogisticRegression,123,61,61,"{'C': 0.001, 'penalty': 'l2', 'solver': 'liblinear', 'max_iter': 3000}",scenario_results_scenarios_2025-11-29_143051_early_stop/logisticregression_Scenario1_F_Video3_Session1 vs Session2_2025-11-29_143051_seed123_early_stop.pkl,0.01639344262295082,0.0005288207297726071,0.0005288207297726071,0.0002687449610319807,0.0002687449610319807,0.01639344262295082,0.01639344262295082,0.01639344262295082,0.03278688524590164,0.04918032786885246,0.06557377049180328,0.08196721311475409,0.0,0.01639344262295082,0.0005288207297726071,0.0005288207297726071,0.0002687449610319807,0.0002687449610319807,0.01639344262295082,0.01639344262295082,0.01639344262295082,0.03278688524590164,0.04918032786885246,0.06557377049180328,0.08196721311475409,0.0
1,Scenario1_F_Video3_Session2 vs Session1,LogisticRegression,123,61,61,"{'C': 0.001, 'penalty': 'l2', 'solver': 'liblinear', 'max_iter': 3000}",scenario_results_scenarios_2025-11-29_143051_early_stop/logisticregression_Scenario1_F_Video3_Session2 vs Session1_2025-11-29_143051_seed123_early_stop.pkl,0.01639344262295082,0.0005288207297726071,0.0005288207297726071,0.0002687449610319807,0.0002687449610319807,0.01639344262295082,0.01639344262295082,0.01639344262295082,0.03278688524590164,0.04918032786885246,0.06557377049180328,0.08196721311475409,0.0,0.01639344262295082,0.0005288207297726071,0.0005288207297726071,0.0002687449610319807,0.0002687449610319807,0.01639344262295082,0.01639344262295082,0.01639344262295082,0.03278688524590164,0.04918032786885246,0.06557377049180328,0.08196721311475409,0.0
1,Scenario1_I_Video1_Session2 vs Session1,LogisticRegression,123,61,60,"{'C': 0.001, 'penalty': 'l2', 'solver': 'liblinear', 'max_iter': 3000}",scenario_results_scenarios_2025-11-29_143051_early_stop/logisticregression_Scenario1_I_Video1_Session2 vs Session1_2025-11-29_143051_seed123_early_stop.pkl,0.01639344262295082,0.0005288207297726071,0.0005288207297726071,0.0002687449610319807,0.0002687449610319807,0.01639344262295082,0.01639344262295082,0.01639344262295082,0.03278688524590164,0.04918032786885246,0.06557377049180328,0.08196721311475409,0.0,0.016666666666666666,0.000546448087431694,0.000546448087431694,0.0002777777777777778,0.0002777777777777778,0.016666666666666666,0.016666666666666666,0.0,0.0,0.0,0.0,0.0,0.0
1,Scenario1_I_Video2_Session1 vs Session2,LogisticRegression,123,61,61,"{'C': 0.001, 'penalty': 'l2', 'solver': 'liblinear', 'max_iter': 3000}",scenario_results_scenarios_2025-11-29_143051_early_stop/logisticregression_Scenario1_I_Video2_Session1 vs Session2_2025-11-29_143051_seed123_early_stop.pkl,0.01639344262295082,0.0005288207297726071,0.0005288207297726071,0.0002687449610319807,0.0002687449610319807,0.01639344262295082,0.01639344262295082,0.01639344262295082,0.03278688524590164,0.04918032786885246,0.06557377049180328,0.08196721311475409,0.0,0.01639344262295082,0.0005288207297726071,0.0005288207297726071,0.0002687449610319807,0.0002687449610319807,0.01639344262295082,0.01639344262295082,0.01639344262295082,0.03278688524590164,0.04918032786885246,0.06557377049180328,0.08196721311475409,0.0
1,Scenario1_I_Video2_Session2 vs Session1,LogisticRegression,123,61,61,"{'C': 0.001, 'penalty': 'l2', 'solver': 'liblinear', 'max_iter': 3000}",scenario_results_scenarios_2025-11-29_143051_early_stop/logisticregression_Scenario1_I_Video2_Session2 vs Session1_2025-11-29_143051_seed123_early_stop.pkl,0.01639344262295082,0.0005288207297726071,0.0005288207297726071,0.0002687449610319807,0.0002687449610319807,0.01639344262295082,0.01639344262295082,0.01639344262295082,0.03278688524590164,0.04918032786885246,0.06557377049180328,0.08196721311475409,0.0,0.01639344262295082,0.0005288207297726071,0.0005288207297726071,0.0002687449610319807,0.0002687449610319807,0.01639344262295082,0.01639344262295082,0.01639344262295082,0.03278688524590164,0.04918032786885246,0.06557377049180328,0.08196721311475409,0.0
1,Scenario1_I_Video3_Session1 vs Session2,LogisticRegression,123,61,61,"{'C': 0.001, 'penalty': 'l2', 'solver': 'liblinear', 'max_iter': 3000}",scenario_results_scenarios_2025-11-29_143051_early_stop/logisticregression_Scenario1_I_Video3_Session1 vs Session2_2025-11-29_143051_seed123_early_stop.pkl,0.01639344262295082,0.0005288207297726071,0.0005288207297726071,0.0002687449610319807,0.0002687449610319807,0.01639344262295082,0.01639344262295082,0.01639344262295082,0.03278688524590164,0.04918032786885246,0.06557377049180328,0.08196721311475409,0.0,0.01639344262295082,0.0005288207297726071,0.0005288207297726071,0.0002687449610319807,0.0002687449610319807,0.01639344262295082,0.01639344262295082,0.01639344262295082,0.03278688524590164,0.04918032786885246,0.06557377049180328,0.08196721311475409,0.0
1,Scenario1_I_Video3_Session2 vs Session1,LogisticRegression,123,61,61,"{'C': 0.001, 'penalty': 'l2', 'solver': 'liblinear', 'max_iter': 3000}",scenario_results_scenarios_2025-11-29_143051_early_stop/logisticregression_Scenario1_I_Video3_Session2 vs Session1_2025-11-29_143051_seed123_early_stop.pkl,0.01639344262295082,0.0005288207297726071,0.0005288207297726071,0.0002687449610319807,0.0002687449610319807,0.01639344262295082,0.01639344262295082,0.01639344262295082,0.03278688524590164,0.04918032786885246,0.06557377049180328,0.08196721311475409,0.0,0.01639344262295082,0.0005288207297726071,0.0005288207297726071,0.0002687449610319807,0.0002687449610319807,0.01639344262295082,0.01639344262295082,0.01639344262295082,0.03278688524590164,0.04918032786885246,0.06557377049180328,0.08196721311475409,0.0
1,Scenario1_T_Video1_Session1 vs Session2,LogisticRegression,123,61,61,"{'C': 0.001, 'penalty': 'l2', 'solver': 'liblinear', 'max_iter': 3000}",scenario_results_scenarios_2025-11-29_143051_early_stop/logisticregression_Scenario1_T_Video1_Session1 vs Session2_2025-11-29_143051_seed123_early_stop.pkl,0.01639344262295082,0.0005288207297726071,0.0005288207297726071,0.0002687449610319807,0.0002687449610319807,0.01639344262295082,0.01639344262295082,0.01639344262295082,0.03278688524590164,0.04918032786885246,0.06557377049180328,0.08196721311475409,0.0,0.01639344262295082,0.0005288207297726071,0.0005288207297726071,0.0002687449610319807,0.0002687449610319807,0.01639344262295082,0.01639344262295082,0.01639344262295082,0.03278688524590164,0.04918032786885246,0.06557377049180328,0.08196721311475409,0.0
1,Scenario1_T_Video1_Session2 vs Session1,LogisticRegression,123,61,61,"{'C': 0.001, 'penalty': 'l2', 'solver': 'liblinear', 'max_iter': 3000}",scenario_results_scenarios_2025-11-29_143051_early_stop/logisticregression_Scenario1_T_Video1_Session2 vs Session1_2025-11-29_143051_seed123_early_stop.pkl,0.01639344262295082,0.0005288207297726071,0.0005288207297726071,0.0002687449610319807,0.0002687449610319807,0.01639344262295082,0.01639344262295082,0.01639344262295082,0.03278688524590164,0.04918032786885246,0.06557377049180328,0.08196721311475409,0.0,0.01639344262295082,0.0005288207297726071,0.0005288207297726071,0.0002687449610319807,0.0002687449610319807,0.01639344262295082,0.01639344262295082,0.01639344262295082,0.03278688524590164,0.04918032786885246,0.06557377049180328,0.08196721311475409,0.0
1,Scenario1_T_Video2_Session2 vs Session1,LogisticRegression,123,61,60,"{'C': 0.001, 'penalty': 'l2', 'solver': 'liblinear', 'max_iter': 3000}",scenario_results_scenarios_2025-11-29_143051_early_stop/logisticregression_Scenario1_T_Video2_Session2 vs Session1_2025-11-29_143051_seed123_early_stop.pkl,0.01639344262295082,0.0005288207297726071,0.0005288207297726071,0.0002687449610319807,0.0002687449610319807,0.01639344262295082,0.01639344262295082,0.01639344262295082,0.03278688524590164,0.04918032786885246,0.06557377049180328,0.08196721311475409,0.0,0.016666666666666666,0.000546448087431694,0.000546448087431694,0.0002777777777777778,0.0002777777777777778,0.016666666666666666,0.016666666666666666,0.0,0.0,0.0,0.0,0.0,0.0
1,Scenario1_T_Video3_Session2 vs Session1,LogisticRegression,123,61,59,"{'C': 0.001, 'penalty': 'l2', 'solver': 'liblinear', 'max_iter': 3000}",scenario_results_scenarios_2025-11-29_143051_early_stop/logisticregression_Scenario1_T_Video3_Session2 vs Session1_2025-11-29_143051_seed123_early_stop.pkl,0.01639344262295082,0.0005288207297726071,0.0005288207297726071,0.0002687449610319807,0.0002687449610319807,0.01639344262295082,0.01639344262295082,0.01639344262295082,0.03278688524590164,0.04918032786885246,0.06557377049180328,0.08196721311475409,0.0,0.01694915254237288,0.0005649717514124294,0.0005649717514124294,0.0002872737719046251,0.0002872737719046251,0.01694915254237288,0.01694915254237288,0.0,0.0,0.0,0.0,0.0,0.0
1,Scenario1_F_Video1_Session1 vs Session2,RandomForest,456,60,60,"{'n_estimators': 100, 'max_depth': 10, 'min_samples_split': 2, 'min_samples_leaf': 1, 'max_features': 'sqrt', 'bootstrap': True}",scenario_results_scenarios_2025-11-29_143051_early_stop/randomforest_Scenario1_F_Video1_Session1 vs Session2_2025-11-29_143051_seed456_early_stop.pkl,0.9,0.8875,0.8875,0.8857142857142857,0.8857142857142857,0.9,0.9,0.9,0.9166666666666666,0.9333333333333333,0.95,0.9666666666666667,0.9,0.2833333333333333,0.19694444444444445,0.19694444444444445,0.16488095238095238,0.16488095238095238,0.2833333333333333,0.2833333333333333,0.26666666666666666,0.36666666666666664,0.48333333333333334,0.55,0.6,0.26666666666666666
1,Scenario1_F_Video1_Session2 vs Session1,RandomForest,456,60,60,"{'n_estimators': 100, 'max_depth': 10, 'min_samples_split': 2, 'min_samples_leaf': 1, 'max_features': 'sqrt', 'bootstrap': True}",scenario_results_scenarios_2025-11-29_143051_early_stop/randomforest_Scenario1_F_Video1_Session2 vs Session1_2025-11-29_143051_seed456_early_stop.pkl,0.9,0.8875,0.8875,0.8857142857142857,0.8857142857142857,0.9,0.9,0.9,0.9166666666666666,0.9333333333333333,0.95,0.9666666666666667,0.9,0.16666666666666666,0.0936111111111111,0.0936111111111111,0.07043650793650794,0.07043650793650794,0.16666666666666666,0.16666666666666666,0.15,0.26666666666666666,0.35,0.4,0.5,0.13333333333333333
1,Scenario1_F_Video2_Session1 vs Session2,RandomForest,456,61,61,"{'n_estimators': 100, 'max_depth': 10, 'min_samples_split': 2, 'min_samples_leaf': 1, 'max_features': 'sqrt', 'bootstrap': True}",scenario_results_scenarios_2025-11-29_143051_early_stop/randomforest_Scenario1_F_Video2_Session1 vs Session2_2025-11-29_143051_seed456_early_stop.pkl,0.8852459016393442,0.872495446265938,0.872495446265938,0.8709016393442623,0.8709016393442623,0.8852459016393442,0.8852459016393442,0.8852459016393442,0.9016393442622951,0.9180327868852459,0.9344262295081968,0.9508196721311475,0.8852459016393442,0.29508196721311475,0.21238615664845167,0.21238615664845167,0.18374316939890709,0.18374316939890709,0.29508196721311475,0.29508196721311475,0.2786885245901639,0.4262295081967213,0.5081967213114754,0.5409836065573771,0.5901639344262295,0.2786885245901639
1,Scenario1_F_Video2_Session2 vs Session1,RandomForest,456,61,61,"{'n_estimators': 100, 'max_depth': 10, 'min_samples_split': 2, 'min_samples_leaf': 1, 'max_features': 'sqrt', 'bootstrap': True}",scenario_results_scenarios_2025-11-29_143051_early_stop/randomforest_Scenario1_F_Video2_Session2 vs Session1_2025-11-29_143051_seed456_early_stop.pkl,0.8852459016393442,0.872495446265938,0.872495446265938,0.8709016393442623,0.8709016393442623,0.8852459016393442,0.8852459016393442,0.8852459016393442,0.9016393442622951,0.9180327868852459,0.9344262295081968,0.9508196721311475,0.8852459016393442,0.29508196721311475,0.20965391621129326,0.20965391621129326,0.17554644808743167,0.17554644808743167,0.29508196721311475,0.29508196721311475,0.2786885245901639,0.4426229508196721,0.5081967213114754,0.5573770491803278,0.6229508196721312,0.26229508196721313
1,Scenario1_F_Video3_Session1 vs Session2,RandomForest,456,61,61,"{'n_estimators': 100, 'max_depth': 10, 'min_samples_split': 2, 'min_samples_leaf': 1, 'max_features': 'sqrt', 'bootstrap': True}",scenario_results_scenarios_2025-11-29_143051_early_stop/randomforest_Scenario1_F_Video3_Session1 vs Session2_2025-11-29_143051_seed456_early_stop.pkl,0.8852459016393442,0.872495446265938,0.872495446265938,0.8709016393442623,0.8709016393442623,0.8852459016393442,0.8852459016393442,0.8852459016393442,0.9016393442622951,0.9180327868852459,0.9344262295081968,0.9508196721311475,0.8852459016393442,0.3114754098360656,0.2287795992714025,0.2287795992714025,0.20013661202185792,0.20013661202185792,0.3114754098360656,0.3114754098360656,0.3442622950819672,0.45901639344262296,0.5409836065573771,0.5737704918032787,0.6065573770491803,0.3114754098360656
1,Scenario1_F_Video3_Session2 vs Session1,RandomForest,456,61,61,"{'n_estimators': 100, 'max_depth': 10, 'min_samples_split': 2, 'min_samples_leaf': 1, 'max_features': 'sqrt', 'bootstrap': True}",scenario_results_scenarios_2025-11-29_143051_early_stop/randomforest_Scenario1_F_Video3_Session2 vs Session1_2025-11-29_143051_seed456_early_stop.pkl,0.8852459016393442,0.872495446265938,0.872495446265938,0.8709016393442623,0.8709016393442623,0.8852459016393442,0.8852459016393442,0.8852459016393442,0.9016393442622951,0.9180327868852459,0.9344262295081968,0.9508196721311475,0.8852459016393442,0.21311475409836064,0.1484517304189435,0.1484517304189435,0.125,0.125,0.21311475409836064,0.21311475409836064,0.16393442622950818,0.36065573770491804,0.4426229508196721,0.5409836065573771,0.5737704918032787,0.16393442622950818
1,Scenario1_I_Video1_Session2 vs Session1,RandomForest,456,61,60,"{'n_estimators': 100, 'max_depth': 10, 'min_samples_split': 2, 'min_samples_leaf': 1, 'max_features': 'sqrt', 'bootstrap': True}",scenario_results_scenarios_2025-11-29_143051_early_stop/randomforest_Scenario1_I_Video1_Session2 vs Session1_2025-11-29_143051_seed456_early_stop.pkl,0.8852459016393442,0.872495446265938,0.872495446265938,0.8709016393442623,0.8709016393442623,0.8852459016393442,0.8852459016393442,0.8852459016393442,0.9016393442622951,0.9180327868852459,0.9344262295081968,0.9508196721311475,0.8852459016393442,0.18333333333333332,0.1247222222222222,0.1247222222222222,0.10376984126984128,0.10376984126984128,0.18333333333333332,0.18333333333333332,0.0,0.0,0.0,0.0,0.0,0.11666666666666667
1,Scenario1_I_Video2_Session1 vs Session2,RandomForest,456,61,61,"{'n_estimators': 100, 'max_depth': 10, 'min_samples_split': 2, 'min_samples_leaf': 1, 'max_features': 'sqrt', 'bootstrap': True}",scenario_results_scenarios_2025-11-29_143051_early_stop/randomforest_Scenario1_I_Video2_Session1 vs Session2_2025-11-29_143051_seed456_early_stop.pkl,0.8852459016393442,0.872495446265938,0.872495446265938,0.8709016393442623,0.8709016393442623,0.8852459016393442,0.8852459016393442,0.8852459016393442,0.9016393442622951,0.9180327868852459,0.9344262295081968,0.9508196721311475,0.8852459016393442,0.26229508196721313,0.19489981785063748,0.19489981785063748,0.1687158469945355,0.1687158469945355,0.26229508196721313,0.26229508196721313,0.26229508196721313,0.4426229508196721,0.5737704918032787,0.6229508196721312,0.639344262295082,0.21311475409836064
1,Scenario1_I_Video2_Session2 vs Session1,RandomForest,456,61,61,"{'n_estimators': 100, 'max_depth': 10, 'min_samples_split': 2, 'min_samples_leaf': 1, 'max_features': 'sqrt', 'bootstrap': True}",scenario_results_scenarios_2025-11-29_143051_early_stop/randomforest_Scenario1_I_Video2_Session2 vs Session1_2025-11-29_143051_seed456_early_stop.pkl,0.8852459016393442,0.872495446265938,0.872495446265938,0.8709016393442623,0.8709016393442623,0.8852459016393442,0.8852459016393442,0.8852459016393442,0.9016393442622951,0.9180327868852459,0.9344262295081968,0.9508196721311475,0.8852459016393442,0.22950819672131148,0.1506375227686703,0.1506375227686703,0.125,0.125,0.22950819672131148,0.22950819672131148,0.22950819672131148,0.3442622950819672,0.5245901639344263,0.5901639344262295,0.639344262295082,0.22950819672131148
1,Scenario1_I_Video3_Session1 vs Session2,RandomForest,456,61,61,"{'n_estimators': 100, 'max_depth': 10, 'min_samples_split': 2, 'min_samples_leaf': 1, 'max_features': 'sqrt', 'bootstrap': True}",scenario_results_scenarios_2025-11-29_143051_early_stop/randomforest_Scenario1_I_Video3_Session1 vs Session2_2025-11-29_143051_seed456_early_stop.pkl,0.8852459016393442,0.872495446265938,0.872495446265938,0.8709016393442623,0.8709016393442623,0.8852459016393442,0.8852459016393442,0.8852459016393442,0.9016393442622951,0.9180327868852459,0.9344262295081968,0.9508196721311475,0.8852459016393442,0.2786885245901639,0.21129326047358832,0.21129326047358832,0.18510928961748632,0.18510928961748632,0.2786885245901639,0.2786885245901639,0.2459016393442623,0.4098360655737705,0.5081967213114754,0.5737704918032787,0.6885245901639344,0.22950819672131148
1,Scenario1_I_Video3_Session2 vs Session1,RandomForest,456,61,61,"{'n_estimators': 100, 'max_depth': 10, 'min_samples_split': 2, 'min_samples_leaf': 1, 'max_features': 'sqrt', 'bootstrap': True}",scenario_results_scenarios_2025-11-29_143051_early_stop/randomforest_Scenario1_I_Video3_Session2 vs Session1_2025-11-29_143051_seed456_early_stop.pkl,0.8852459016393442,0.872495446265938,0.872495446265938,0.8709016393442623,0.8709016393442623,0.8852459016393442,0.8852459016393442,0.8852459016393442,0.9016393442622951,0.9180327868852459,0.9344262295081968,0.9508196721311475,0.8852459016393442,0.2786885245901639,0.20965391621129326,0.20965391621129326,0.1864754098360656,0.1864754098360656,0.2786885245901639,0.2786885245901639,0.2459016393442623,0.4098360655737705,0.5245901639344263,0.5737704918032787,0.639344262295082,0.2459016393442623
1,Scenario1_T_Video1_Session1 vs Session2,RandomForest,456,61,61,"{'n_estimators': 100, 'max_depth': 10, 'min_samples_split': 2, 'min_samples_leaf': 1, 'max_features': 'sqrt', 'bootstrap': True}",scenario_results_scenarios_2025-11-29_143051_early_stop/randomforest_Scenario1_T_Video1_Session1 vs Session2_2025-11-29_143051_seed456_early_stop.pkl,0.8852459016393442,0.872495446265938,0.872495446265938,0.8709016393442623,0.8709016393442623,0.8852459016393442,0.8852459016393442,0.8852459016393442,0.9016393442622951,0.9180327868852459,0.9344262295081968,0.9508196721311475,0.8852459016393442,0.18032786885245902,0.12932604735883424,0.12932604735883424,0.11407103825136612,0.11407103825136612,0.18032786885245902,0.18032786885245902,0.19672131147540983,0.2786885245901639,0.39344262295081966,0.5081967213114754,0.6065573770491803,0.16393442622950818
1,Scenario1_T_Video1_Session2 vs Session1,RandomForest,456,61,61,"{'n_estimators': 100, 'max_depth': 10, 'min_samples_split': 2, 'min_samples_leaf': 1, 'max_features': 'sqrt', 'bootstrap': True}",scenario_results_scenarios_2025-11-29_143051_early_stop/randomforest_Scenario1_T_Video1_Session2 vs Session1_2025-11-29_143051_seed456_early_stop.pkl,0.8852459016393442,0.872495446265938,0.872495446265938,0.8709016393442623,0.8709016393442623,0.8852459016393442,0.8852459016393442,0.8852459016393442,0.9016393442622951,0.9180327868852459,0.9344262295081968,0.9508196721311475,0.8852459016393442,0.16393442622950818,0.11020036429872496,0.11020036429872496,0.09221311475409837,0.09221311475409837,0.16393442622950818,0.16393442622950818,0.14754098360655737,0.2786885245901639,0.4098360655737705,0.47540983606557374,0.5573770491803278,0.14754098360655737
1,Scenario1_T_Video2_Session2 vs Session1,RandomForest,456,61,60,"{'n_estimators': 100, 'max_depth': 10, 'min_samples_split': 2, 'min_samples_leaf': 1, 'max_features': 'sqrt', 'bootstrap': True}",scenario_results_scenarios_2025-11-29_143051_early_stop/randomforest_Scenario1_T_Video2_Session2 vs Session1_2025-11-29_143051_seed456_early_stop.pkl,0.8852459016393442,0.872495446265938,0.872495446265938,0.8709016393442623,0.8709016393442623,0.8852459016393442,0.8852459016393442,0.8852459016393442,0.9016393442622951,0.9180327868852459,0.9344262295081968,0.9508196721311475,0.8852459016393442,0.21666666666666667,0.15527777777777776,0.15527777777777776,0.13765873015873015,0.13765873015873015,0.21666666666666667,0.21666666666666667,0.0,0.0,0.0,0.0,0.0,0.21666666666666667
1,Scenario1_T_Video3_Session2 vs Session1,RandomForest,456,61,59,"{'n_estimators': 100, 'max_depth': 10, 'min_samples_split': 2, 'min_samples_leaf': 1, 'max_features': 'sqrt', 'bootstrap': True}",scenario_results_scenarios_2025-11-29_143051_early_stop/randomforest_Scenario1_T_Video3_Session2 vs Session1_2025-11-29_143051_seed456_early_stop.pkl,0.8852459016393442,0.872495446265938,0.872495446265938,0.8709016393442623,0.8709016393442623,0.8852459016393442,0.8852459016393442,0.8852459016393442,0.9016393442622951,0.9180327868852459,0.9344262295081968,0.9508196721311475,0.8852459016393442,0.288135593220339,0.22518159806295399,0.22518159806295399,0.2033898305084746,0.2033898305084746,0.288135593220339,0.288135593220339,0.0,0.0,0.0,0.0,0.0,0.22033898305084745
1,Scenario1_F_Video1_Session1 vs Session2,XGBoost,456,60,60,"{'n_estimators': 1000, 'max_depth': 4, 'learning_rate': 0.05, 'subsample': 0.8, 'colsample_bytree': 0.8, 'reg_lambda': 1, 'device': 'cpu'}",scenario_results_scenarios_2025-11-29_143051_early_stop/xgboost_Scenario1_F_Video1_Session1 vs Session2_2025-11-29_143051_seed456_early_stop.pkl,0.016666666666666666,0.000546448087431694,0.000546448087431694,0.0002777777777777778,0.0002777777777777778,0.016666666666666666,0.016666666666666666,0.016666666666666666,0.03333333333333333,0.05,0.06666666666666667,0.08333333333333333,0.016666666666666666,0.016666666666666666,0.000546448087431694,0.000546448087431694,0.0002777777777777778,0.0002777777777777778,0.016666666666666666,0.016666666666666666,0.016666666666666666,0.03333333333333333,0.05,0.06666666666666667,0.08333333333333333,0.016666666666666666
1,Scenario1_F_Video1_Session2 vs Session1,XGBoost,456,60,60,"{'n_estimators': 1000, 'max_depth': 4, 'learning_rate': 0.05, 'subsample': 0.8, 'colsample_bytree': 0.8, 'reg_lambda': 1, 'device': 'cpu'}",scenario_results_scenarios_2025-11-29_143051_early_stop/xgboost_Scenario1_F_Video1_Session2 vs Session1_2025-11-29_143051_seed456_early_stop.pkl,0.016666666666666666,0.000546448087431694,0.000546448087431694,0.0002777777777777778,0.0002777777777777778,0.016666666666666666,0.016666666666666666,0.016666666666666666,0.03333333333333333,0.05,0.06666666666666667,0.08333333333333333,0.016666666666666666,0.016666666666666666,0.000546448087431694,0.000546448087431694,0.0002777777777777778,0.0002777777777777778,0.016666666666666666,0.016666666666666666,0.016666666666666666,0.03333333333333333,0.05,0.06666666666666667,0.08333333333333333,0.016666666666666666
1,Scenario1_F_Video2_Session1 vs Session2,XGBoost,456,61,61,"{'n_estimators': 1000, 'max_depth': 4, 'learning_rate': 0.05, 'subsample': 0.8, 'colsample_bytree': 0.8, 'reg_lambda': 1, 'device': 'cpu'}",scenario_results_scenarios_2025-11-29_143051_early_stop/xgboost_Scenario1_F_Video2_Session1 vs Session2_2025-11-29_143051_seed456_early_stop.pkl,0.01639344262295082,0.0005288207297726071,0.0005288207297726071,0.0002687449610319807,0.0002687449610319807,0.01639344262295082,0.01639344262295082,0.01639344262295082,0.03278688524590164,0.04918032786885246,0.06557377049180328,0.08196721311475409,0.01639344262295082,0.01639344262295082,0.0005288207297726071,0.0005288207297726071,0.0002687449610319807,0.0002687449610319807,0.01639344262295082,0.01639344262295082,0.01639344262295082,0.03278688524590164,0.04918032786885246,0.06557377049180328,0.08196721311475409,0.01639344262295082
1,Scenario1_F_Video2_Session2 vs Session1,XGBoost,456,61,61,"{'n_estimators': 1000, 'max_depth': 4, 'learning_rate': 0.05, 'subsample': 0.8, 'colsample_bytree': 0.8, 'reg_lambda': 1, 'device': 'cpu'}",scenario_results_scenarios_2025-11-29_143051_early_stop/xgboost_Scenario1_F_Video2_Session2 vs Session1_2025-11-29_143051_seed456_early_stop.pkl,0.01639344262295082,0.0005288207297726071,0.0005288207297726071,0.0002687449610319807,0.0002687449610319807,0.01639344262295082,0.01639344262295082,0.01639344262295082,0.03278688524590164,0.04918032786885246,0.06557377049180328,0.08196721311475409,0.01639344262295082,0.01639344262295082,0.0005288207297726071,0.0005288207297726071,0.0002687449610319807,0.0002687449610319807,0.01639344262295082,0.01639344262295082,0.01639344262295082,0.03278688524590164,0.04918032786885246,0.06557377049180328,0.08196721311475409,0.01639344262295082
1,Scenario1_F_Video3_Session1 vs Session2,XGBoost,456,61,61,"{'n_estimators': 1000, 'max_depth': 4, 'learning_rate': 0.05, 'subsample': 0.8, 'colsample_bytree': 0.8, 'reg_lambda': 1, 'device': 'cpu'}",scenario_results_scenarios_2025-11-29_143051_early_stop/xgboost_Scenario1_F_Video3_Session1 vs Session2_2025-11-29_143051_seed456_early_stop.pkl,0.01639344262295082,0.0005288207297726071,0.0005288207297726071,0.0002687449610319807,0.0002687449610319807,0.01639344262295082,0.01639344262295082,0.01639344262295082,0.03278688524590164,0.04918032786885246,0.06557377049180328,0.08196721311475409,0.01639344262295082,0.01639344262295082,0.0005288207297726071,0.0005288207297726071,0.0002687449610319807,0.0002687449610319807,0.01639344262295082,0.01639344262295082,0.01639344262295082,0.03278688524590164,0.04918032786885246,0.06557377049180328,0.08196721311475409,0.01639344262295082
1,Scenario1_F_Video3_Session2 vs Session1,XGBoost,456,61,61,"{'n_estimators': 1000, 'max_depth': 4, 'learning_rate': 0.05, 'subsample': 0.8, 'colsample_bytree': 0.8, 'reg_lambda': 1, 'device': 'cpu'}",scenario_results_scenarios_2025-11-29_143051_early_stop/xgboost_Scenario1_F_Video3_Session2 vs Session1_2025-11-29_143051_seed456_early_stop.pkl,0.01639344262295082,0.0005288207297726071,0.0005288207297726071,0.0002687449610319807,0.0002687449610319807,0.01639344262295082,0.01639344262295082,0.01639344262295082,0.03278688524590164,0.04918032786885246,0.06557377049180328,0.08196721311475409,0.01639344262295082,0.01639344262295082,0.0005288207297726071,0.0005288207297726071,0.0002687449610319807,0.0002687449610319807,0.01639344262295082,0.01639344262295082,0.01639344262295082,0.03278688524590164,0.04918032786885246,0.06557377049180328,0.08196721311475409,0.01639344262295082
1,Scenario1_I_Video1_Session2 vs Session1,XGBoost,456,61,60,"{'n_estimators': 1000, 'max_depth': 4, 'learning_rate': 0.05, 'subsample': 0.8, 'colsample_bytree': 0.8, 'reg_lambda': 1, 'device': 'cpu'}",scenario_results_scenarios_2025-11-29_143051_early_stop/xgboost_Scenario1_I_Video1_Session2 vs Session1_2025-11-29_143051_seed456_early_stop.pkl,0.03278688524590164,0.0024018299656881435,0.0024018299656881435,0.0012531328320802004,0.0012531328320802004,0.03278688524590164,0.03278688524590164,0.03278688524590164,0.03278688524590164,0.04918032786885246,0.06557377049180328,0.08196721311475409,0.03278688524590164,0.03333333333333333,0.002348484848484849,0.002348484848484849,0.0012210012210012208,0.0012210012210012208,0.03333333333333333,0.03333333333333333,0.0,0.0,0.0,0.0,0.0,0.03333333333333333
1,Scenario1_I_Video2_Session1 vs Session2,XGBoost,456,61,61,"{'n_estimators': 1000, 'max_depth': 4, 'learning_rate': 0.05, 'subsample': 0.8, 'colsample_bytree': 0.8, 'reg_lambda': 1, 'device': 'cpu'}",scenario_results_scenarios_2025-11-29_143051_early_stop/xgboost_Scenario1_I_Video2_Session1 vs Session2_2025-11-29_143051_seed456_early_stop.pkl,0.01639344262295082,0.0005288207297726071,0.0005288207297726071,0.0002687449610319807,0.0002687449610319807,0.01639344262295082,0.01639344262295082,0.01639344262295082,0.03278688524590164,0.04918032786885246,0.06557377049180328,0.08196721311475409,0.01639344262295082,0.01639344262295082,0.0005288207297726071,0.0005288207297726071,0.0002687449610319807,0.0002687449610319807,0.01639344262295082,0.01639344262295082,0.01639344262295082,0.03278688524590164,0.04918032786885246,0.06557377049180328,0.08196721311475409,0.01639344262295082
1,Scenario1_I_Video2_Session2 vs Session1,XGBoost,456,61,61,"{'n_estimators': 1000, 'max_depth': 4, 'learning_rate': 0.05, 'subsample': 0.8, 'colsample_bytree': 0.8, 'reg_lambda': 1, 'device': 'cpu'}",scenario_results_scenarios_2025-11-29_143051_early_stop/xgboost_Scenario1_I_Video2_Session2 vs Session1_2025-11-29_143051_seed456_early_stop.pkl,0.01639344262295082,0.0005288207297726071,0.0005288207297726071,0.0002687449610319807,0.0002687449610319807,0.01639344262295082,0.01639344262295082,0.01639344262295082,0.03278688524590164,0.04918032786885246,0.06557377049180328,0.08196721311475409,0.01639344262295082,0.01639344262295082,0.0005288207297726071,0.0005288207297726071,0.0002687449610319807,0.0002687449610319807,0.01639344262295082,0.01639344262295082,0.01639344262295082,0.03278688524590164,0.04918032786885246,0.06557377049180328,0.08196721311475409,0.01639344262295082
1,Scenario1_I_Video3_Session1 vs Session2,XGBoost,456,61,61,"{'n_estimators': 1000, 'max_depth': 4, 'learning_rate': 0.05, 'subsample': 0.8, 'colsample_bytree': 0.8, 'reg_lambda': 1, 'device': 'cpu'}",scenario_results_scenarios_2025-11-29_143051_early_stop/xgboost_Scenario1_I_Video3_Session1 vs Session2_2025-11-29_143051_seed456_early_stop.pkl,0.01639344262295082,0.0005288207297726071,0.0005288207297726071,0.0002687449610319807,0.0002687449610319807,0.01639344262295082,0.01639344262295082,0.01639344262295082,0.03278688524590164,0.04918032786885246,0.06557377049180328,0.08196721311475409,0.01639344262295082,0.01639344262295082,0.0005288207297726071,0.0005288207297726071,0.0002687449610319807,0.0002687449610319807,0.01639344262295082,0.01639344262295082,0.01639344262295082,0.03278688524590164,0.04918032786885246,0.06557377049180328,0.08196721311475409,0.01639344262295082
1,Scenario1_I_Video3_Session2 vs Session1,XGBoost,456,61,61,"{'n_estimators': 1000, 'max_depth': 4, 'learning_rate': 0.05, 'subsample': 0.8, 'colsample_bytree': 0.8, 'reg_lambda': 1, 'device': 'cpu'}",scenario_results_scenarios_2025-11-29_143051_early_stop/xgboost_Scenario1_I_Video3_Session2 vs Session1_2025-11-29_143051_seed456_early_stop.pkl,0.01639344262295082,0.0005288207297726071,0.0005288207297726071,0.0002687449610319807,0.0002687449610319807,0.01639344262295082,0.01639344262295082,0.01639344262295082,0.03278688524590164,0.04918032786885246,0.06557377049180328,0.08196721311475409,0.01639344262295082,0.01639344262295082,0.0005288207297726071,0.0005288207297726071,0.0002687449610319807,0.0002687449610319807,0.01639344262295082,0.01639344262295082,0.01639344262295082,0.03278688524590164,0.04918032786885246,0.06557377049180328,0.08196721311475409,0.01639344262295082
1,Scenario1_T_Video1_Session1 vs Session2,XGBoost,456,61,61,"{'n_estimators': 1000, 'max_depth': 4, 'learning_rate': 0.05, 'subsample': 0.8, 'colsample_bytree': 0.8, 'reg_lambda': 1, 'device': 'cpu'}",scenario_results_scenarios_2025-11-29_143051_early_stop/xgboost_Scenario1_T_Video1_Session1 vs Session2_2025-11-29_143051_seed456_early_stop.pkl,0.01639344262295082,0.0005288207297726071,0.0005288207297726071,0.0002687449610319807,0.0002687449610319807,0.01639344262295082,0.01639344262295082,0.01639344262295082,0.03278688524590164,0.04918032786885246,0.06557377049180328,0.08196721311475409,0.01639344262295082,0.01639344262295082,0.0005288207297726071,0.0005288207297726071,0.0002687449610319807,0.0002687449610319807,0.01639344262295082,0.01639344262295082,0.01639344262295082,0.03278688524590164,0.04918032786885246,0.06557377049180328,0.08196721311475409,0.01639344262295082
1,Scenario1_T_Video1_Session2 vs Session1,XGBoost,456,61,61,"{'n_estimators': 1000, 'max_depth': 4, 'learning_rate': 0.05, 'subsample': 0.8, 'colsample_bytree': 0.8, 'reg_lambda': 1, 'device': 'cpu'}",scenario_results_scenarios_2025-11-29_143051_early_stop/xgboost_Scenario1_T_Video1_Session2 vs Session1_2025-11-29_143051_seed456_early_stop.pkl,0.01639344262295082,0.0005288207297726071,0.0005288207297726071,0.0002687449610319807,0.0002687449610319807,0.01639344262295082,0.01639344262295082,0.01639344262295082,0.03278688524590164,0.04918032786885246,0.06557377049180328,0.08196721311475409,0.01639344262295082,0.01639344262295082,0.0005288207297726071,0.0005288207297726071,0.0002687449610319807,0.0002687449610319807,0.01639344262295082,0.01639344262295082,0.01639344262295082,0.03278688524590164,0.04918032786885246,0.06557377049180328,0.08196721311475409,0.01639344262295082
1,Scenario1_T_Video2_Session2 vs Session1,XGBoost,456,61,60,"{'n_estimators': 1000, 'max_depth': 4, 'learning_rate': 0.05, 'subsample': 0.8, 'colsample_bytree': 0.8, 'reg_lambda': 1, 'device': 'cpu'}",scenario_results_scenarios_2025-11-29_143051_early_stop/xgboost_Scenario1_T_Video2_Session2 vs Session1_2025-11-29_143051_seed456_early_stop.pkl,0.01639344262295082,0.0005288207297726071,0.0005288207297726071,0.0002687449610319807,0.0002687449610319807,0.01639344262295082,0.01639344262295082,0.01639344262295082,0.03278688524590164,0.04918032786885246,0.06557377049180328,0.08196721311475409,0.01639344262295082,0.016666666666666666,0.000546448087431694,0.000546448087431694,0.0002777777777777778,0.0002777777777777778,0.016666666666666666,0.016666666666666666,0.0,0.0,0.0,0.0,0.0,0.016666666666666666
1,Scenario1_T_Video3_Session2 vs Session1,XGBoost,456,61,59,"{'n_estimators': 1000, 'max_depth': 4, 'learning_rate': 0.05, 'subsample': 0.8, 'colsample_bytree': 0.8, 'reg_lambda': 1, 'device': 'cpu'}",scenario_results_scenarios_2025-11-29_143051_early_stop/xgboost_Scenario1_T_Video3_Session2 vs Session1_2025-11-29_143051_seed456_early_stop.pkl,0.01639344262295082,0.0005288207297726071,0.0005288207297726071,0.0002687449610319807,0.0002687449610319807,0.01639344262295082,0.01639344262295082,0.01639344262295082,0.03278688524590164,0.04918032786885246,0.06557377049180328,0.08196721311475409,0.01639344262295082,0.01694915254237288,0.0005649717514124294,0.0005649717514124294,0.0002872737719046251,0.0002872737719046251,0.01694915254237288,0.01694915254237288,0.0,0.0,0.0,0.0,0.0,0.01694915254237288
