scenario_id,sub_experiment_name,model_name,random_seed,train_samples,test_samples,hyperparameters,model_path,train_accuracy,train_f1_weighted,train_f1_macro,train_precision_weighted,train_precision_macro,train_recall_weighted,train_recall_macro,train_top_1_accuracy,train_top_2_accuracy,train_top_3_accuracy,train_top_4_accuracy,train_top_5_accuracy,train_recognition_rate,test_accuracy,test_f1_weighted,test_f1_macro,test_precision_weighted,test_precision_macro,test_recall_weighted,test_recall_macro,test_top_1_accuracy,test_top_2_accuracy,test_top_3_accuracy,test_top_4_accuracy,test_top_5_accuracy,test_recognition_rate
1.1,S1.1_F_1_S1toS2,RandomForest,42,61,61,"{'n_estimators': 300, 'max_depth': 20, 'min_samples_split': 2, 'min_samples_leaf': 1, 'max_features': 'sqrt', 'bootstrap': True}",scenario_results_rf_only_2026-01-25_200552_early_stop/randomforest_S1.1_F_1_S1toS2_2026-01-25_200552_seed42_early_stop.pkl,1.0,1.0,1.0,1.0,1.0,1.0,1.0,1.0,1.0,1.0,1.0,1.0,1.0,0.8688524590163934,0.8278688524590163,0.8278688524590163,0.808743169398907,0.808743169398907,0.8688524590163934,0.8688524590163934,0.8524590163934426,0.9180327868852459,0.9672131147540983,1.0,1.0,0.8524590163934426
1.1,S1.1_F_2_S1toS2,RandomForest,42,61,61,"{'n_estimators': 300, 'max_depth': 20, 'min_samples_split': 2, 'min_samples_leaf': 1, 'max_features': 'sqrt', 'bootstrap': True}",scenario_results_rf_only_2026-01-25_200552_early_stop/randomforest_S1.1_F_2_S1toS2_2026-01-25_200552_seed42_early_stop.pkl,1.0,1.0,1.0,1.0,1.0,1.0,1.0,1.0,1.0,1.0,1.0,1.0,1.0,0.9508196721311475,0.9344262295081968,0.9344262295081968,0.9262295081967213,0.9262295081967213,0.9508196721311475,0.9508196721311475,0.9344262295081968,1.0,1.0,1.0,1.0,0.9344262295081968
1.1,S1.1_F_3_S1toS2,RandomForest,42,61,61,"{'n_estimators': 300, 'max_depth': 20, 'min_samples_split': 2, 'min_samples_leaf': 1, 'max_features': 'sqrt', 'bootstrap': True}",scenario_results_rf_only_2026-01-25_200552_early_stop/randomforest_S1.1_F_3_S1toS2_2026-01-25_200552_seed42_early_stop.pkl,1.0,1.0,1.0,1.0,1.0,1.0,1.0,1.0,1.0,1.0,1.0,1.0,1.0,0.8852459016393442,0.8688524590163934,0.8688524590163934,0.860655737704918,0.860655737704918,0.8852459016393442,0.8852459016393442,0.8688524590163934,0.9508196721311475,0.9836065573770492,1.0,1.0,0.8688524590163934
1.1,S1.1_I_1_S1toS2,RandomForest,42,61,61,"{'n_estimators': 300, 'max_depth': 20, 'min_samples_split': 2, 'min_samples_leaf': 1, 'max_features': 'sqrt', 'bootstrap': True}",scenario_results_rf_only_2026-01-25_200552_early_stop/randomforest_S1.1_I_1_S1toS2_2026-01-25_200552_seed42_early_stop.pkl,1.0,1.0,1.0,1.0,1.0,1.0,1.0,1.0,1.0,1.0,1.0,1.0,1.0,0.9016393442622951,0.8743169398907105,0.8743169398907105,0.860655737704918,0.860655737704918,0.9016393442622951,0.9016393442622951,0.8852459016393442,0.9836065573770492,0.9836065573770492,0.9836065573770492,0.9836065573770492,0.8852459016393442
1.1,S1.1_I_2_S1toS2,RandomForest,42,61,61,"{'n_estimators': 300, 'max_depth': 20, 'min_samples_split': 2, 'min_samples_leaf': 1, 'max_features': 'sqrt', 'bootstrap': True}",scenario_results_rf_only_2026-01-25_200552_early_stop/randomforest_S1.1_I_2_S1toS2_2026-01-25_200552_seed42_early_stop.pkl,1.0,1.0,1.0,1.0,1.0,1.0,1.0,1.0,1.0,1.0,1.0,1.0,1.0,0.8360655737704918,0.7950819672131146,0.7950819672131146,0.7759562841530054,0.7759562841530054,0.8360655737704918,0.8360655737704918,0.8360655737704918,0.9016393442622951,0.9508196721311475,0.9508196721311475,0.9672131147540983,0.8360655737704918
1.1,S1.1_I_3_S1toS2,RandomForest,42,61,61,"{'n_estimators': 300, 'max_depth': 20, 'min_samples_split': 2, 'min_samples_leaf': 1, 'max_features': 'sqrt', 'bootstrap': True}",scenario_results_rf_only_2026-01-25_200552_early_stop/randomforest_S1.1_I_3_S1toS2_2026-01-25_200552_seed42_early_stop.pkl,1.0,1.0,1.0,1.0,1.0,1.0,1.0,1.0,1.0,1.0,1.0,1.0,1.0,0.819672131147541,0.7770491803278688,0.7770491803278688,0.760928961748634,0.760928961748634,0.819672131147541,0.819672131147541,0.8360655737704918,0.9672131147540983,0.9836065573770492,0.9836065573770492,0.9836065573770492,0.819672131147541
1.1,S1.1_T_1_S1toS2,RandomForest,42,61,61,"{'n_estimators': 300, 'max_depth': 20, 'min_samples_split': 2, 'min_samples_leaf': 1, 'max_features': 'sqrt', 'bootstrap': True}",scenario_results_rf_only_2026-01-25_200552_early_stop/randomforest_S1.1_T_1_S1toS2_2026-01-25_200552_seed42_early_stop.pkl,1.0,1.0,1.0,1.0,1.0,1.0,1.0,1.0,1.0,1.0,1.0,1.0,1.0,0.819672131147541,0.76775956284153,0.76775956284153,0.7431693989071038,0.7431693989071038,0.819672131147541,0.819672131147541,0.8360655737704918,0.9672131147540983,0.9836065573770492,0.9836065573770492,0.9836065573770492,0.819672131147541
1.1,S1.1_T_2_S1toS2,RandomForest,42,61,61,"{'n_estimators': 300, 'max_depth': 20, 'min_samples_split': 2, 'min_samples_leaf': 1, 'max_features': 'sqrt', 'bootstrap': True}",scenario_results_rf_only_2026-01-25_200552_early_stop/randomforest_S1.1_T_2_S1toS2_2026-01-25_200552_seed42_early_stop.pkl,1.0,1.0,1.0,1.0,1.0,1.0,1.0,1.0,1.0,1.0,1.0,1.0,1.0,0.8524590163934426,0.8169398907103824,0.8169398907103824,0.8005464480874316,0.8005464480874316,0.8524590163934426,0.8524590163934426,0.8524590163934426,0.9508196721311475,0.9836065573770492,0.9836065573770492,1.0,0.8360655737704918
1.1,S1.1_T_3_S1toS2,RandomForest,42,61,61,"{'n_estimators': 300, 'max_depth': 20, 'min_samples_split': 2, 'min_samples_leaf': 1, 'max_features': 'sqrt', 'bootstrap': True}",scenario_results_rf_only_2026-01-25_200552_early_stop/randomforest_S1.1_T_3_S1toS2_2026-01-25_200552_seed42_early_stop.pkl,1.0,1.0,1.0,1.0,1.0,1.0,1.0,1.0,1.0,1.0,1.0,1.0,1.0,0.7704918032786885,0.7295081967213115,0.7295081967213115,0.7103825136612021,0.7103825136612021,0.7704918032786885,0.7704918032786885,0.7704918032786885,0.9016393442622951,0.9508196721311475,0.9672131147540983,0.9836065573770492,0.7704918032786885
1.1,S1.1_F_1_S1toS2,RandomForest,123,61,61,"{'n_estimators': 300, 'max_depth': 20, 'min_samples_split': 2, 'min_samples_leaf': 1, 'max_features': 'sqrt', 'bootstrap': True}",scenario_results_rf_only_2026-01-25_200552_early_stop/randomforest_S1.1_F_1_S1toS2_2026-01-25_200552_seed123_early_stop.pkl,1.0,1.0,1.0,1.0,1.0,1.0,1.0,1.0,1.0,1.0,1.0,1.0,1.0,0.819672131147541,0.7650273224043715,0.7650273224043715,0.7404371584699453,0.7404371584699453,0.819672131147541,0.819672131147541,0.8360655737704918,0.9180327868852459,0.9508196721311475,0.9836065573770492,0.9836065573770492,0.819672131147541
1.1,S1.1_F_2_S1toS2,RandomForest,123,61,61,"{'n_estimators': 300, 'max_depth': 20, 'min_samples_split': 2, 'min_samples_leaf': 1, 'max_features': 'sqrt', 'bootstrap': True}",scenario_results_rf_only_2026-01-25_200552_early_stop/randomforest_S1.1_F_2_S1toS2_2026-01-25_200552_seed123_early_stop.pkl,1.0,1.0,1.0,1.0,1.0,1.0,1.0,1.0,1.0,1.0,1.0,1.0,1.0,0.8032786885245902,0.7431693989071038,0.7431693989071038,0.7158469945355193,0.7158469945355193,0.8032786885245902,0.8032786885245902,0.8032786885245902,0.9508196721311475,0.9836065573770492,1.0,1.0,0.7868852459016393
1.1,S1.1_F_3_S1toS2,RandomForest,123,61,61,"{'n_estimators': 300, 'max_depth': 20, 'min_samples_split': 2, 'min_samples_leaf': 1, 'max_features': 'sqrt', 'bootstrap': True}",scenario_results_rf_only_2026-01-25_200552_early_stop/randomforest_S1.1_F_3_S1toS2_2026-01-25_200552_seed123_early_stop.pkl,1.0,1.0,1.0,1.0,1.0,1.0,1.0,1.0,1.0,1.0,1.0,1.0,1.0,0.8688524590163934,0.8508196721311475,0.8508196721311475,0.8456284153005463,0.8456284153005463,0.8688524590163934,0.8688524590163934,0.8688524590163934,0.9508196721311475,0.9672131147540983,0.9672131147540983,0.9836065573770492,0.8524590163934426
1.1,S1.1_I_1_S1toS2,RandomForest,123,61,61,"{'n_estimators': 300, 'max_depth': 20, 'min_samples_split': 2, 'min_samples_leaf': 1, 'max_features': 'sqrt', 'bootstrap': True}",scenario_results_rf_only_2026-01-25_200552_early_stop/randomforest_S1.1_I_1_S1toS2_2026-01-25_200552_seed123_early_stop.pkl,1.0,1.0,1.0,1.0,1.0,1.0,1.0,1.0,1.0,1.0,1.0,1.0,1.0,0.8688524590163934,0.8360655737704918,0.8360655737704918,0.8224043715846994,0.8224043715846994,0.8688524590163934,0.8688524590163934,0.8688524590163934,0.9016393442622951,0.9016393442622951,0.9672131147540983,0.9672131147540983,0.8688524590163934
1.1,S1.1_I_2_S1toS2,RandomForest,123,61,61,"{'n_estimators': 300, 'max_depth': 20, 'min_samples_split': 2, 'min_samples_leaf': 1, 'max_features': 'sqrt', 'bootstrap': True}",scenario_results_rf_only_2026-01-25_200552_early_stop/randomforest_S1.1_I_2_S1toS2_2026-01-25_200552_seed123_early_stop.pkl,1.0,1.0,1.0,1.0,1.0,1.0,1.0,1.0,1.0,1.0,1.0,1.0,1.0,0.8524590163934426,0.8306010928961748,0.8306010928961748,0.819672131147541,0.819672131147541,0.8524590163934426,0.8524590163934426,0.8524590163934426,0.9508196721311475,0.9836065573770492,0.9836065573770492,0.9836065573770492,0.8524590163934426
1.1,S1.1_I_3_S1toS2,RandomForest,123,61,61,"{'n_estimators': 300, 'max_depth': 20, 'min_samples_split': 2, 'min_samples_leaf': 1, 'max_features': 'sqrt', 'bootstrap': True}",scenario_results_rf_only_2026-01-25_200552_early_stop/randomforest_S1.1_I_3_S1toS2_2026-01-25_200552_seed123_early_stop.pkl,1.0,1.0,1.0,1.0,1.0,1.0,1.0,1.0,1.0,1.0,1.0,1.0,1.0,0.8032786885245902,0.76775956284153,0.76775956284153,0.7513661202185792,0.7513661202185792,0.8032786885245902,0.8032786885245902,0.7868852459016393,0.9180327868852459,0.9672131147540983,0.9672131147540983,0.9672131147540983,0.7868852459016393
1.1,S1.1_T_1_S1toS2,RandomForest,123,61,61,"{'n_estimators': 300, 'max_depth': 20, 'min_samples_split': 2, 'min_samples_leaf': 1, 'max_features': 'sqrt', 'bootstrap': True}",scenario_results_rf_only_2026-01-25_200552_early_stop/randomforest_S1.1_T_1_S1toS2_2026-01-25_200552_seed123_early_stop.pkl,1.0,1.0,1.0,1.0,1.0,1.0,1.0,1.0,1.0,1.0,1.0,1.0,1.0,0.8360655737704918,0.8032786885245902,0.8032786885245902,0.7868852459016393,0.7868852459016393,0.8360655737704918,0.8360655737704918,0.8360655737704918,0.9508196721311475,0.9672131147540983,0.9836065573770492,1.0,0.819672131147541
1.1,S1.1_T_2_S1toS2,RandomForest,123,61,61,"{'n_estimators': 300, 'max_depth': 20, 'min_samples_split': 2, 'min_samples_leaf': 1, 'max_features': 'sqrt', 'bootstrap': True}",scenario_results_rf_only_2026-01-25_200552_early_stop/randomforest_S1.1_T_2_S1toS2_2026-01-25_200552_seed123_early_stop.pkl,1.0,1.0,1.0,1.0,1.0,1.0,1.0,1.0,1.0,1.0,1.0,1.0,1.0,0.8524590163934426,0.8169398907103824,0.8169398907103824,0.8005464480874316,0.8005464480874316,0.8524590163934426,0.8524590163934426,0.8524590163934426,0.9672131147540983,1.0,1.0,1.0,0.819672131147541
1.1,S1.1_T_3_S1toS2,RandomForest,123,61,61,"{'n_estimators': 300, 'max_depth': 20, 'min_samples_split': 2, 'min_samples_leaf': 1, 'max_features': 'sqrt', 'bootstrap': True}",scenario_results_rf_only_2026-01-25_200552_early_stop/randomforest_S1.1_T_3_S1toS2_2026-01-25_200552_seed123_early_stop.pkl,1.0,1.0,1.0,1.0,1.0,1.0,1.0,1.0,1.0,1.0,1.0,1.0,1.0,0.7377049180327869,0.6923497267759562,0.6923497267759562,0.6734972677595628,0.6734972677595628,0.7377049180327869,0.7377049180327869,0.7704918032786885,0.9016393442622951,0.9508196721311475,0.9836065573770492,1.0,0.7377049180327869
1.1,S1.1_F_1_S1toS2,RandomForest,456,61,61,"{'n_estimators': 300, 'max_depth': 20, 'min_samples_split': 2, 'min_samples_leaf': 1, 'max_features': 'sqrt', 'bootstrap': True}",scenario_results_rf_only_2026-01-25_200552_early_stop/randomforest_S1.1_F_1_S1toS2_2026-01-25_200552_seed456_early_stop.pkl,1.0,1.0,1.0,1.0,1.0,1.0,1.0,1.0,1.0,1.0,1.0,1.0,1.0,0.7540983606557377,0.7076502732240437,0.7076502732240437,0.6885245901639344,0.6885245901639344,0.7540983606557377,0.7540983606557377,0.7868852459016393,0.9016393442622951,0.9344262295081968,0.9508196721311475,0.9672131147540983,0.7377049180327869
1.1,S1.1_F_2_S1toS2,RandomForest,456,61,61,"{'n_estimators': 300, 'max_depth': 20, 'min_samples_split': 2, 'min_samples_leaf': 1, 'max_features': 'sqrt', 'bootstrap': True}",scenario_results_rf_only_2026-01-25_200552_early_stop/randomforest_S1.1_F_2_S1toS2_2026-01-25_200552_seed456_early_stop.pkl,1.0,1.0,1.0,1.0,1.0,1.0,1.0,1.0,1.0,1.0,1.0,1.0,1.0,0.8524590163934426,0.8114754098360656,0.8114754098360656,0.7923497267759563,0.7923497267759563,0.8524590163934426,0.8524590163934426,0.8688524590163934,0.9672131147540983,0.9836065573770492,1.0,1.0,0.8360655737704918
1.1,S1.1_F_3_S1toS2,RandomForest,456,61,61,"{'n_estimators': 300, 'max_depth': 20, 'min_samples_split': 2, 'min_samples_leaf': 1, 'max_features': 'sqrt', 'bootstrap': True}",scenario_results_rf_only_2026-01-25_200552_early_stop/randomforest_S1.1_F_3_S1toS2_2026-01-25_200552_seed456_early_stop.pkl,1.0,1.0,1.0,1.0,1.0,1.0,1.0,1.0,1.0,1.0,1.0,1.0,1.0,0.9180327868852459,0.8934426229508197,0.8934426229508197,0.8825136612021857,0.8825136612021857,0.9180327868852459,0.9180327868852459,0.8524590163934426,0.9508196721311475,0.9508196721311475,0.9836065573770492,0.9836065573770492,0.8524590163934426
1.1,S1.1_I_1_S1toS2,RandomForest,456,61,61,"{'n_estimators': 300, 'max_depth': 20, 'min_samples_split': 2, 'min_samples_leaf': 1, 'max_features': 'sqrt', 'bootstrap': True}",scenario_results_rf_only_2026-01-25_200552_early_stop/randomforest_S1.1_I_1_S1toS2_2026-01-25_200552_seed456_early_stop.pkl,1.0,1.0,1.0,1.0,1.0,1.0,1.0,1.0,1.0,1.0,1.0,1.0,1.0,0.7868852459016393,0.7278688524590163,0.7278688524590163,0.703551912568306,0.703551912568306,0.7868852459016393,0.7868852459016393,0.8032786885245902,0.9016393442622951,0.9508196721311475,0.9672131147540983,0.9836065573770492,0.7868852459016393
1.1,S1.1_I_2_S1toS2,RandomForest,456,61,61,"{'n_estimators': 300, 'max_depth': 20, 'min_samples_split': 2, 'min_samples_leaf': 1, 'max_features': 'sqrt', 'bootstrap': True}",scenario_results_rf_only_2026-01-25_200552_early_stop/randomforest_S1.1_I_2_S1toS2_2026-01-25_200552_seed456_early_stop.pkl,1.0,1.0,1.0,1.0,1.0,1.0,1.0,1.0,1.0,1.0,1.0,1.0,1.0,0.8688524590163934,0.8524590163934426,0.8524590163934426,0.8442622950819673,0.8442622950819673,0.8688524590163934,0.8688524590163934,0.8524590163934426,0.9344262295081968,0.9836065573770492,0.9836065573770492,0.9836065573770492,0.8524590163934426
1.1,S1.1_I_3_S1toS2,RandomForest,456,61,61,"{'n_estimators': 300, 'max_depth': 20, 'min_samples_split': 2, 'min_samples_leaf': 1, 'max_features': 'sqrt', 'bootstrap': True}",scenario_results_rf_only_2026-01-25_200552_early_stop/randomforest_S1.1_I_3_S1toS2_2026-01-25_200552_seed456_early_stop.pkl,1.0,1.0,1.0,1.0,1.0,1.0,1.0,1.0,1.0,1.0,1.0,1.0,1.0,0.8524590163934426,0.812568306010929,0.812568306010929,0.7964480874316939,0.7964480874316939,0.8524590163934426,0.8524590163934426,0.8524590163934426,0.9508196721311475,0.9836065573770492,0.9836065573770492,0.9836065573770492,0.8524590163934426
1.1,S1.1_T_1_S1toS2,RandomForest,456,61,61,"{'n_estimators': 300, 'max_depth': 20, 'min_samples_split': 2, 'min_samples_leaf': 1, 'max_features': 'sqrt', 'bootstrap': True}",scenario_results_rf_only_2026-01-25_200552_early_stop/randomforest_S1.1_T_1_S1toS2_2026-01-25_200552_seed456_early_stop.pkl,1.0,1.0,1.0,1.0,1.0,1.0,1.0,1.0,1.0,1.0,1.0,1.0,1.0,0.8524590163934426,0.8060109289617488,0.8060109289617488,0.7841530054644807,0.7841530054644807,0.8524590163934426,0.8524590163934426,0.8688524590163934,0.9672131147540983,0.9836065573770492,0.9836065573770492,1.0,0.8360655737704918
1.1,S1.1_T_2_S1toS2,RandomForest,456,61,61,"{'n_estimators': 300, 'max_depth': 20, 'min_samples_split': 2, 'min_samples_leaf': 1, 'max_features': 'sqrt', 'bootstrap': True}",scenario_results_rf_only_2026-01-25_200552_early_stop/randomforest_S1.1_T_2_S1toS2_2026-01-25_200552_seed456_early_stop.pkl,1.0,1.0,1.0,1.0,1.0,1.0,1.0,1.0,1.0,1.0,1.0,1.0,1.0,0.7868852459016393,0.7486338797814208,0.7486338797814208,0.7322404371584699,0.7322404371584699,0.7868852459016393,0.7868852459016393,0.8032786885245902,0.8852459016393442,0.9508196721311475,0.9508196721311475,0.9672131147540983,0.7704918032786885
1.1,S1.1_T_3_S1toS2,RandomForest,456,61,61,"{'n_estimators': 300, 'max_depth': 20, 'min_samples_split': 2, 'min_samples_leaf': 1, 'max_features': 'sqrt', 'bootstrap': True}",scenario_results_rf_only_2026-01-25_200552_early_stop/randomforest_S1.1_T_3_S1toS2_2026-01-25_200552_seed456_early_stop.pkl,1.0,1.0,1.0,1.0,1.0,1.0,1.0,1.0,1.0,1.0,1.0,1.0,1.0,0.8360655737704918,0.7978142076502732,0.7978142076502732,0.7814207650273225,0.7814207650273225,0.8360655737704918,0.8360655737704918,0.8360655737704918,0.9344262295081968,0.9672131147540983,0.9672131147540983,0.9672131147540983,0.819672131147541
1.2,S1.2_F_1_S2toS1,RandomForest,42,61,61,"{'n_estimators': 300, 'max_depth': 20, 'min_samples_split': 2, 'min_samples_leaf': 1, 'max_features': 'sqrt', 'bootstrap': True}",scenario_results_rf_only_2026-01-25_200552_early_stop/randomforest_S1.2_F_1_S2toS1_2026-01-25_200552_seed42_early_stop.pkl,1.0,1.0,1.0,1.0,1.0,1.0,1.0,1.0,1.0,1.0,1.0,1.0,1.0,0.819672131147541,0.7732240437158471,0.7732240437158471,0.7513661202185793,0.7513661202185793,0.819672131147541,0.819672131147541,0.7704918032786885,0.9180327868852459,0.9672131147540983,0.9672131147540983,0.9836065573770492,0.7540983606557377
1.2,S1.2_F_2_S2toS1,RandomForest,42,61,61,"{'n_estimators': 300, 'max_depth': 20, 'min_samples_split': 2, 'min_samples_leaf': 1, 'max_features': 'sqrt', 'bootstrap': True}",scenario_results_rf_only_2026-01-25_200552_early_stop/randomforest_S1.2_F_2_S2toS1_2026-01-25_200552_seed42_early_stop.pkl,1.0,1.0,1.0,1.0,1.0,1.0,1.0,1.0,1.0,1.0,1.0,1.0,1.0,0.8524590163934426,0.8114754098360656,0.8114754098360656,0.7923497267759562,0.7923497267759562,0.8524590163934426,0.8524590163934426,0.8524590163934426,0.9344262295081968,0.9508196721311475,0.9836065573770492,0.9836065573770492,0.8524590163934426
1.2,S1.2_F_3_S2toS1,RandomForest,42,61,61,"{'n_estimators': 300, 'max_depth': 20, 'min_samples_split': 2, 'min_samples_leaf': 1, 'max_features': 'sqrt', 'bootstrap': True}",scenario_results_rf_only_2026-01-25_200552_early_stop/randomforest_S1.2_F_3_S2toS1_2026-01-25_200552_seed42_early_stop.pkl,1.0,1.0,1.0,1.0,1.0,1.0,1.0,1.0,1.0,1.0,1.0,1.0,1.0,0.8360655737704918,0.8169398907103824,0.8169398907103824,0.808743169398907,0.808743169398907,0.8360655737704918,0.8360655737704918,0.8688524590163934,0.9180327868852459,0.9508196721311475,0.9836065573770492,0.9836065573770492,0.8360655737704918
1.2,S1.2_I_1_S2toS1,RandomForest,42,61,61,"{'n_estimators': 300, 'max_depth': 20, 'min_samples_split': 2, 'min_samples_leaf': 1, 'max_features': 'sqrt', 'bootstrap': True}",scenario_results_rf_only_2026-01-25_200552_early_stop/randomforest_S1.2_I_1_S2toS1_2026-01-25_200552_seed42_early_stop.pkl,1.0,1.0,1.0,1.0,1.0,1.0,1.0,1.0,1.0,1.0,1.0,1.0,1.0,0.819672131147541,0.7923497267759562,0.7923497267759562,0.7786885245901639,0.7786885245901639,0.819672131147541,0.819672131147541,0.8032786885245902,0.9016393442622951,0.9508196721311475,0.9672131147540983,0.9836065573770492,0.7540983606557377
1.2,S1.2_I_2_S2toS1,RandomForest,42,61,61,"{'n_estimators': 300, 'max_depth': 20, 'min_samples_split': 2, 'min_samples_leaf': 1, 'max_features': 'sqrt', 'bootstrap': True}",scenario_results_rf_only_2026-01-25_200552_early_stop/randomforest_S1.2_I_2_S2toS1_2026-01-25_200552_seed42_early_stop.pkl,1.0,1.0,1.0,1.0,1.0,1.0,1.0,1.0,1.0,1.0,1.0,1.0,1.0,0.9180327868852459,0.9016393442622951,0.9016393442622951,0.8934426229508197,0.8934426229508197,0.9180327868852459,0.9180327868852459,0.9344262295081968,0.9836065573770492,0.9836065573770492,0.9836065573770492,0.9836065573770492,0.9180327868852459
1.2,S1.2_I_3_S2toS1,RandomForest,42,61,61,"{'n_estimators': 300, 'max_depth': 20, 'min_samples_split': 2, 'min_samples_leaf': 1, 'max_features': 'sqrt', 'bootstrap': True}",scenario_results_rf_only_2026-01-25_200552_early_stop/randomforest_S1.2_I_3_S2toS1_2026-01-25_200552_seed42_early_stop.pkl,1.0,1.0,1.0,1.0,1.0,1.0,1.0,1.0,1.0,1.0,1.0,1.0,1.0,0.8688524590163934,0.8469945355191256,0.8469945355191256,0.8360655737704918,0.8360655737704918,0.8688524590163934,0.8688524590163934,0.8360655737704918,0.9180327868852459,0.9508196721311475,0.9508196721311475,0.9672131147540983,0.8360655737704918
1.2,S1.2_T_1_S2toS1,RandomForest,42,61,61,"{'n_estimators': 300, 'max_depth': 20, 'min_samples_split': 2, 'min_samples_leaf': 1, 'max_features': 'sqrt', 'bootstrap': True}",scenario_results_rf_only_2026-01-25_200552_early_stop/randomforest_S1.2_T_1_S2toS1_2026-01-25_200552_seed42_early_stop.pkl,1.0,1.0,1.0,1.0,1.0,1.0,1.0,1.0,1.0,1.0,1.0,1.0,1.0,0.8524590163934426,0.8142076502732241,0.8142076502732241,0.7950819672131147,0.7950819672131147,0.8524590163934426,0.8524590163934426,0.8360655737704918,0.9016393442622951,0.9344262295081968,0.9508196721311475,0.9672131147540983,0.8360655737704918
1.2,S1.2_T_2_S2toS1,RandomForest,42,61,61,"{'n_estimators': 300, 'max_depth': 20, 'min_samples_split': 2, 'min_samples_leaf': 1, 'max_features': 'sqrt', 'bootstrap': True}",scenario_results_rf_only_2026-01-25_200552_early_stop/randomforest_S1.2_T_2_S2toS1_2026-01-25_200552_seed42_early_stop.pkl,1.0,1.0,1.0,1.0,1.0,1.0,1.0,1.0,1.0,1.0,1.0,1.0,1.0,0.8524590163934426,0.8251366120218578,0.8251366120218578,0.8114754098360656,0.8114754098360656,0.8524590163934426,0.8524590163934426,0.8360655737704918,0.9180327868852459,0.9508196721311475,0.9836065573770492,0.9836065573770492,0.819672131147541
1.2,S1.2_T_3_S2toS1,RandomForest,42,61,61,"{'n_estimators': 300, 'max_depth': 20, 'min_samples_split': 2, 'min_samples_leaf': 1, 'max_features': 'sqrt', 'bootstrap': True}",scenario_results_rf_only_2026-01-25_200552_early_stop/randomforest_S1.2_T_3_S2toS1_2026-01-25_200552_seed42_early_stop.pkl,1.0,1.0,1.0,1.0,1.0,1.0,1.0,1.0,1.0,1.0,1.0,1.0,1.0,0.8524590163934426,0.819672131147541,0.819672131147541,0.8032786885245902,0.8032786885245902,0.8524590163934426,0.8524590163934426,0.8524590163934426,0.9344262295081968,0.9508196721311475,0.9672131147540983,0.9672131147540983,0.8524590163934426
1.2,S1.2_F_1_S2toS1,RandomForest,123,61,61,"{'n_estimators': 300, 'max_depth': 20, 'min_samples_split': 2, 'min_samples_leaf': 1, 'max_features': 'sqrt', 'bootstrap': True}",scenario_results_rf_only_2026-01-25_200552_early_stop/randomforest_S1.2_F_1_S2toS1_2026-01-25_200552_seed123_early_stop.pkl,1.0,1.0,1.0,1.0,1.0,1.0,1.0,1.0,1.0,1.0,1.0,1.0,1.0,0.8688524590163934,0.8415300546448088,0.8415300546448088,0.8278688524590164,0.8278688524590164,0.8688524590163934,0.8688524590163934,0.8360655737704918,0.9344262295081968,0.9508196721311475,0.9508196721311475,0.9672131147540983,0.8360655737704918
1.2,S1.2_F_2_S2toS1,RandomForest,123,61,61,"{'n_estimators': 300, 'max_depth': 20, 'min_samples_split': 2, 'min_samples_leaf': 1, 'max_features': 'sqrt', 'bootstrap': True}",scenario_results_rf_only_2026-01-25_200552_early_stop/randomforest_S1.2_F_2_S2toS1_2026-01-25_200552_seed123_early_stop.pkl,1.0,1.0,1.0,1.0,1.0,1.0,1.0,1.0,1.0,1.0,1.0,1.0,1.0,0.819672131147541,0.7650273224043715,0.7650273224043715,0.7377049180327869,0.7377049180327869,0.819672131147541,0.819672131147541,0.8360655737704918,0.9672131147540983,0.9672131147540983,0.9672131147540983,0.9836065573770492,0.819672131147541
1.2,S1.2_F_3_S2toS1,RandomForest,123,61,61,"{'n_estimators': 300, 'max_depth': 20, 'min_samples_split': 2, 'min_samples_leaf': 1, 'max_features': 'sqrt', 'bootstrap': True}",scenario_results_rf_only_2026-01-25_200552_early_stop/randomforest_S1.2_F_3_S2toS1_2026-01-25_200552_seed123_early_stop.pkl,1.0,1.0,1.0,1.0,1.0,1.0,1.0,1.0,1.0,1.0,1.0,1.0,1.0,0.8360655737704918,0.8060109289617486,0.8060109289617486,0.7923497267759562,0.7923497267759562,0.8360655737704918,0.8360655737704918,0.8360655737704918,0.9508196721311475,0.9836065573770492,0.9836065573770492,0.9836065573770492,0.8360655737704918
1.2,S1.2_I_1_S2toS1,RandomForest,123,61,61,"{'n_estimators': 300, 'max_depth': 20, 'min_samples_split': 2, 'min_samples_leaf': 1, 'max_features': 'sqrt', 'bootstrap': True}",scenario_results_rf_only_2026-01-25_200552_early_stop/randomforest_S1.2_I_1_S2toS1_2026-01-25_200552_seed123_early_stop.pkl,1.0,1.0,1.0,1.0,1.0,1.0,1.0,1.0,1.0,1.0,1.0,1.0,1.0,0.7704918032786885,0.7349726775956285,0.7349726775956285,0.7218579234972677,0.7218579234972677,0.7704918032786885,0.7704918032786885,0.7540983606557377,0.8852459016393442,0.8852459016393442,0.9344262295081968,0.9508196721311475,0.7540983606557377
1.2,S1.2_I_2_S2toS1,RandomForest,123,61,61,"{'n_estimators': 300, 'max_depth': 20, 'min_samples_split': 2, 'min_samples_leaf': 1, 'max_features': 'sqrt', 'bootstrap': True}",scenario_results_rf_only_2026-01-25_200552_early_stop/randomforest_S1.2_I_2_S2toS1_2026-01-25_200552_seed123_early_stop.pkl,1.0,1.0,1.0,1.0,1.0,1.0,1.0,1.0,1.0,1.0,1.0,1.0,1.0,0.9016393442622951,0.8797814207650273,0.8797814207650273,0.8688524590163934,0.8688524590163934,0.9016393442622951,0.9016393442622951,0.9180327868852459,0.9180327868852459,0.9508196721311475,0.9508196721311475,0.9672131147540983,0.9016393442622951
1.2,S1.2_I_3_S2toS1,RandomForest,123,61,61,"{'n_estimators': 300, 'max_depth': 20, 'min_samples_split': 2, 'min_samples_leaf': 1, 'max_features': 'sqrt', 'bootstrap': True}",scenario_results_rf_only_2026-01-25_200552_early_stop/randomforest_S1.2_I_3_S2toS1_2026-01-25_200552_seed123_early_stop.pkl,1.0,1.0,1.0,1.0,1.0,1.0,1.0,1.0,1.0,1.0,1.0,1.0,1.0,0.8524590163934426,0.8306010928961748,0.8306010928961748,0.819672131147541,0.819672131147541,0.8524590163934426,0.8524590163934426,0.8360655737704918,0.9180327868852459,0.9180327868852459,0.9344262295081968,1.0,0.8360655737704918
1.2,S1.2_T_1_S2toS1,RandomForest,123,61,61,"{'n_estimators': 300, 'max_depth': 20, 'min_samples_split': 2, 'min_samples_leaf': 1, 'max_features': 'sqrt', 'bootstrap': True}",scenario_results_rf_only_2026-01-25_200552_early_stop/randomforest_S1.2_T_1_S2toS1_2026-01-25_200552_seed123_early_stop.pkl,1.0,1.0,1.0,1.0,1.0,1.0,1.0,1.0,1.0,1.0,1.0,1.0,1.0,0.8852459016393442,0.8497267759562841,0.8497267759562841,0.8333333333333333,0.8333333333333333,0.8852459016393442,0.8852459016393442,0.8852459016393442,0.9508196721311475,0.9672131147540983,0.9836065573770492,0.9836065573770492,0.8852459016393442
1.2,S1.2_T_2_S2toS1,RandomForest,123,61,61,"{'n_estimators': 300, 'max_depth': 20, 'min_samples_split': 2, 'min_samples_leaf': 1, 'max_features': 'sqrt', 'bootstrap': True}",scenario_results_rf_only_2026-01-25_200552_early_stop/randomforest_S1.2_T_2_S2toS1_2026-01-25_200552_seed123_early_stop.pkl,1.0,1.0,1.0,1.0,1.0,1.0,1.0,1.0,1.0,1.0,1.0,1.0,1.0,0.7704918032786885,0.7049180327868851,0.7049180327868851,0.6721311475409836,0.6721311475409836,0.7704918032786885,0.7704918032786885,0.7704918032786885,0.8852459016393442,0.9508196721311475,0.9672131147540983,0.9836065573770492,0.7540983606557377
1.2,S1.2_T_3_S2toS1,RandomForest,123,61,61,"{'n_estimators': 300, 'max_depth': 20, 'min_samples_split': 2, 'min_samples_leaf': 1, 'max_features': 'sqrt', 'bootstrap': True}",scenario_results_rf_only_2026-01-25_200552_early_stop/randomforest_S1.2_T_3_S2toS1_2026-01-25_200552_seed123_early_stop.pkl,1.0,1.0,1.0,1.0,1.0,1.0,1.0,1.0,1.0,1.0,1.0,1.0,1.0,0.8360655737704918,0.7950819672131147,0.7950819672131147,0.7759562841530054,0.7759562841530054,0.8360655737704918,0.8360655737704918,0.8360655737704918,0.8688524590163934,0.9180327868852459,0.9344262295081968,0.9508196721311475,0.8360655737704918
1.2,S1.2_F_1_S2toS1,RandomForest,456,61,61,"{'n_estimators': 300, 'max_depth': 20, 'min_samples_split': 2, 'min_samples_leaf': 1, 'max_features': 'sqrt', 'bootstrap': True}",scenario_results_rf_only_2026-01-25_200552_early_stop/randomforest_S1.2_F_1_S2toS1_2026-01-25_200552_seed456_early_stop.pkl,1.0,1.0,1.0,1.0,1.0,1.0,1.0,1.0,1.0,1.0,1.0,1.0,1.0,0.8688524590163934,0.8333333333333333,0.8333333333333333,0.8169398907103824,0.8169398907103824,0.8688524590163934,0.8688524590163934,0.8524590163934426,0.9344262295081968,0.9836065573770492,0.9836065573770492,1.0,0.8524590163934426
1.2,S1.2_F_2_S2toS1,RandomForest,456,61,61,"{'n_estimators': 300, 'max_depth': 20, 'min_samples_split': 2, 'min_samples_leaf': 1, 'max_features': 'sqrt', 'bootstrap': True}",scenario_results_rf_only_2026-01-25_200552_early_stop/randomforest_S1.2_F_2_S2toS1_2026-01-25_200552_seed456_early_stop.pkl,1.0,1.0,1.0,1.0,1.0,1.0,1.0,1.0,1.0,1.0,1.0,1.0,1.0,0.819672131147541,0.7715846994535519,0.7715846994535519,0.7527322404371586,0.7527322404371586,0.819672131147541,0.819672131147541,0.8032786885245902,0.9344262295081968,0.9508196721311475,0.9836065573770492,0.9836065573770492,0.8032786885245902
1.2,S1.2_F_3_S2toS1,RandomForest,456,61,61,"{'n_estimators': 300, 'max_depth': 20, 'min_samples_split': 2, 'min_samples_leaf': 1, 'max_features': 'sqrt', 'bootstrap': True}",scenario_results_rf_only_2026-01-25_200552_early_stop/randomforest_S1.2_F_3_S2toS1_2026-01-25_200552_seed456_early_stop.pkl,1.0,1.0,1.0,1.0,1.0,1.0,1.0,1.0,1.0,1.0,1.0,1.0,1.0,0.8688524590163934,0.8333333333333333,0.8333333333333333,0.8169398907103824,0.8169398907103824,0.8688524590163934,0.8688524590163934,0.9016393442622951,0.9344262295081968,0.9672131147540983,0.9836065573770492,1.0,0.8688524590163934
1.2,S1.2_I_1_S2toS1,RandomForest,456,61,61,"{'n_estimators': 300, 'max_depth': 20, 'min_samples_split': 2, 'min_samples_leaf': 1, 'max_features': 'sqrt', 'bootstrap': True}",scenario_results_rf_only_2026-01-25_200552_early_stop/randomforest_S1.2_I_1_S2toS1_2026-01-25_200552_seed456_early_stop.pkl,1.0,1.0,1.0,1.0,1.0,1.0,1.0,1.0,1.0,1.0,1.0,1.0,1.0,0.819672131147541,0.7770491803278688,0.7770491803278688,0.7581967213114754,0.7581967213114754,0.819672131147541,0.819672131147541,0.7868852459016393,0.8524590163934426,0.9180327868852459,0.9508196721311475,0.9672131147540983,0.7868852459016393
1.2,S1.2_I_2_S2toS1,RandomForest,456,61,61,"{'n_estimators': 300, 'max_depth': 20, 'min_samples_split': 2, 'min_samples_leaf': 1, 'max_features': 'sqrt', 'bootstrap': True}",scenario_results_rf_only_2026-01-25_200552_early_stop/randomforest_S1.2_I_2_S2toS1_2026-01-25_200552_seed456_early_stop.pkl,1.0,1.0,1.0,1.0,1.0,1.0,1.0,1.0,1.0,1.0,1.0,1.0,1.0,0.8360655737704918,0.8005464480874316,0.8005464480874316,0.7841530054644807,0.7841530054644807,0.8360655737704918,0.8360655737704918,0.8360655737704918,0.9180327868852459,0.9508196721311475,0.9836065573770492,1.0,0.8360655737704918
1.2,S1.2_I_3_S2toS1,RandomForest,456,61,61,"{'n_estimators': 300, 'max_depth': 20, 'min_samples_split': 2, 'min_samples_leaf': 1, 'max_features': 'sqrt', 'bootstrap': True}",scenario_results_rf_only_2026-01-25_200552_early_stop/randomforest_S1.2_I_3_S2toS1_2026-01-25_200552_seed456_early_stop.pkl,1.0,1.0,1.0,1.0,1.0,1.0,1.0,1.0,1.0,1.0,1.0,1.0,1.0,0.8524590163934426,0.8153005464480875,0.8153005464480875,0.7991803278688525,0.7991803278688525,0.8524590163934426,0.8524590163934426,0.8524590163934426,0.8852459016393442,0.9508196721311475,0.9508196721311475,0.9672131147540983,0.8524590163934426
1.2,S1.2_T_1_S2toS1,RandomForest,456,61,61,"{'n_estimators': 300, 'max_depth': 20, 'min_samples_split': 2, 'min_samples_leaf': 1, 'max_features': 'sqrt', 'bootstrap': True}",scenario_results_rf_only_2026-01-25_200552_early_stop/randomforest_S1.2_T_1_S2toS1_2026-01-25_200552_seed456_early_stop.pkl,1.0,1.0,1.0,1.0,1.0,1.0,1.0,1.0,1.0,1.0,1.0,1.0,1.0,0.819672131147541,0.7950819672131147,0.7950819672131147,0.7841530054644807,0.7841530054644807,0.819672131147541,0.819672131147541,0.8524590163934426,0.9344262295081968,0.9672131147540983,0.9836065573770492,1.0,0.8032786885245902
1.2,S1.2_T_2_S2toS1,RandomForest,456,61,61,"{'n_estimators': 300, 'max_depth': 20, 'min_samples_split': 2, 'min_samples_leaf': 1, 'max_features': 'sqrt', 'bootstrap': True}",scenario_results_rf_only_2026-01-25_200552_early_stop/randomforest_S1.2_T_2_S2toS1_2026-01-25_200552_seed456_early_stop.pkl,1.0,1.0,1.0,1.0,1.0,1.0,1.0,1.0,1.0,1.0,1.0,1.0,1.0,0.819672131147541,0.7814207650273225,0.7814207650273225,0.7622950819672131,0.7622950819672131,0.819672131147541,0.819672131147541,0.8032786885245902,0.9180327868852459,0.9672131147540983,0.9836065573770492,0.9836065573770492,0.8032786885245902
1.2,S1.2_T_3_S2toS1,RandomForest,456,61,61,"{'n_estimators': 300, 'max_depth': 20, 'min_samples_split': 2, 'min_samples_leaf': 1, 'max_features': 'sqrt', 'bootstrap': True}",scenario_results_rf_only_2026-01-25_200552_early_stop/randomforest_S1.2_T_3_S2toS1_2026-01-25_200552_seed456_early_stop.pkl,1.0,1.0,1.0,1.0,1.0,1.0,1.0,1.0,1.0,1.0,1.0,1.0,1.0,0.7704918032786885,0.7377049180327869,0.7377049180327869,0.7213114754098361,0.7213114754098361,0.7704918032786885,0.7704918032786885,0.7704918032786885,0.9016393442622951,0.9508196721311475,0.9672131147540983,0.9672131147540983,0.7704918032786885
2.1,S2.1_FtoI_1_S1toS2,RandomForest,42,61,61,"{'n_estimators': 300, 'max_depth': 20, 'min_samples_split': 2, 'min_samples_leaf': 1, 'max_features': 'sqrt', 'bootstrap': True}",scenario_results_rf_only_2026-01-25_200552_early_stop/randomforest_S2.1_FtoI_1_S1toS2_2026-01-25_200552_seed42_early_stop.pkl,1.0,1.0,1.0,1.0,1.0,1.0,1.0,1.0,1.0,1.0,1.0,1.0,1.0,0.8360655737704918,0.7896174863387978,0.7896174863387978,0.7704918032786885,0.7704918032786885,0.8360655737704918,0.8360655737704918,0.8524590163934426,0.9180327868852459,0.9672131147540983,0.9672131147540983,1.0,0.8360655737704918
2.1,S2.1_FtoI_2_S1toS2,RandomForest,42,61,61,"{'n_estimators': 300, 'max_depth': 20, 'min_samples_split': 2, 'min_samples_leaf': 1, 'max_features': 'sqrt', 'bootstrap': True}",scenario_results_rf_only_2026-01-25_200552_early_stop/randomforest_S2.1_FtoI_2_S1toS2_2026-01-25_200552_seed42_early_stop.pkl,1.0,1.0,1.0,1.0,1.0,1.0,1.0,1.0,1.0,1.0,1.0,1.0,1.0,0.8360655737704918,0.7978142076502732,0.7978142076502732,0.7814207650273224,0.7814207650273224,0.8360655737704918,0.8360655737704918,0.8524590163934426,0.9508196721311475,0.9508196721311475,0.9672131147540983,0.9836065573770492,0.8360655737704918
2.1,S2.1_FtoI_3_S1toS2,RandomForest,42,61,61,"{'n_estimators': 300, 'max_depth': 20, 'min_samples_split': 2, 'min_samples_leaf': 1, 'max_features': 'sqrt', 'bootstrap': True}",scenario_results_rf_only_2026-01-25_200552_early_stop/randomforest_S2.1_FtoI_3_S1toS2_2026-01-25_200552_seed42_early_stop.pkl,1.0,1.0,1.0,1.0,1.0,1.0,1.0,1.0,1.0,1.0,1.0,1.0,1.0,0.8688524590163934,0.8360655737704918,0.8360655737704918,0.8224043715846994,0.8224043715846994,0.8688524590163934,0.8688524590163934,0.8688524590163934,0.9508196721311475,0.9672131147540983,0.9672131147540983,0.9836065573770492,0.8524590163934426
2.1,S2.1_FtoT_1_S1toS2,RandomForest,42,61,61,"{'n_estimators': 300, 'max_depth': 20, 'min_samples_split': 2, 'min_samples_leaf': 1, 'max_features': 'sqrt', 'bootstrap': True}",scenario_results_rf_only_2026-01-25_200552_early_stop/randomforest_S2.1_FtoT_1_S1toS2_2026-01-25_200552_seed42_early_stop.pkl,1.0,1.0,1.0,1.0,1.0,1.0,1.0,1.0,1.0,1.0,1.0,1.0,1.0,0.8852459016393442,0.8469945355191256,0.8469945355191256,0.8278688524590164,0.8278688524590164,0.8852459016393442,0.8852459016393442,0.8688524590163934,0.9180327868852459,0.9508196721311475,1.0,1.0,0.8688524590163934
2.1,S2.1_FtoT_2_S1toS2,RandomForest,42,61,61,"{'n_estimators': 300, 'max_depth': 20, 'min_samples_split': 2, 'min_samples_leaf': 1, 'max_features': 'sqrt', 'bootstrap': True}",scenario_results_rf_only_2026-01-25_200552_early_stop/randomforest_S2.1_FtoT_2_S1toS2_2026-01-25_200552_seed42_early_stop.pkl,1.0,1.0,1.0,1.0,1.0,1.0,1.0,1.0,1.0,1.0,1.0,1.0,1.0,0.7704918032786885,0.7322404371584699,0.7322404371584699,0.7158469945355193,0.7158469945355193,0.7704918032786885,0.7704918032786885,0.7868852459016393,0.8852459016393442,0.9672131147540983,0.9836065573770492,0.9836065573770492,0.7704918032786885
2.1,S2.1_FtoT_3_S1toS2,RandomForest,42,61,61,"{'n_estimators': 300, 'max_depth': 20, 'min_samples_split': 2, 'min_samples_leaf': 1, 'max_features': 'sqrt', 'bootstrap': True}",scenario_results_rf_only_2026-01-25_200552_early_stop/randomforest_S2.1_FtoT_3_S1toS2_2026-01-25_200552_seed42_early_stop.pkl,1.0,1.0,1.0,1.0,1.0,1.0,1.0,1.0,1.0,1.0,1.0,1.0,1.0,0.9016393442622951,0.8852459016393442,0.8852459016393442,0.8770491803278688,0.8770491803278688,0.9016393442622951,0.9016393442622951,0.8852459016393442,0.9508196721311475,0.9508196721311475,0.9672131147540983,1.0,0.8688524590163934
2.1,S2.1_ItoT_1_S1toS2,RandomForest,42,61,61,"{'n_estimators': 300, 'max_depth': 20, 'min_samples_split': 2, 'min_samples_leaf': 1, 'max_features': 'sqrt', 'bootstrap': True}",scenario_results_rf_only_2026-01-25_200552_early_stop/randomforest_S2.1_ItoT_1_S1toS2_2026-01-25_200552_seed42_early_stop.pkl,1.0,1.0,1.0,1.0,1.0,1.0,1.0,1.0,1.0,1.0,1.0,1.0,1.0,0.9016393442622951,0.8688524590163934,0.8688524590163934,0.8524590163934426,0.8524590163934426,0.9016393442622951,0.9016393442622951,0.9016393442622951,0.9508196721311475,0.9508196721311475,0.9836065573770492,1.0,0.8852459016393442
2.1,S2.1_ItoT_2_S1toS2,RandomForest,42,61,61,"{'n_estimators': 300, 'max_depth': 20, 'min_samples_split': 2, 'min_samples_leaf': 1, 'max_features': 'sqrt', 'bootstrap': True}",scenario_results_rf_only_2026-01-25_200552_early_stop/randomforest_S2.1_ItoT_2_S1toS2_2026-01-25_200552_seed42_early_stop.pkl,1.0,1.0,1.0,1.0,1.0,1.0,1.0,1.0,1.0,1.0,1.0,1.0,1.0,0.7704918032786885,0.7240437158469945,0.7240437158469945,0.7049180327868853,0.7049180327868853,0.7704918032786885,0.7704918032786885,0.7868852459016393,0.819672131147541,0.9016393442622951,0.9508196721311475,0.9672131147540983,0.7704918032786885
2.1,S2.1_ItoT_3_S1toS2,RandomForest,42,61,61,"{'n_estimators': 300, 'max_depth': 20, 'min_samples_split': 2, 'min_samples_leaf': 1, 'max_features': 'sqrt', 'bootstrap': True}",scenario_results_rf_only_2026-01-25_200552_early_stop/randomforest_S2.1_ItoT_3_S1toS2_2026-01-25_200552_seed42_early_stop.pkl,1.0,1.0,1.0,1.0,1.0,1.0,1.0,1.0,1.0,1.0,1.0,1.0,1.0,0.8688524590163934,0.8251366120218578,0.8251366120218578,0.8032786885245902,0.8032786885245902,0.8688524590163934,0.8688524590163934,0.8688524590163934,0.9672131147540983,0.9836065573770492,1.0,1.0,0.8524590163934426
2.1,S2.1_ItoF_1_S1toS2,RandomForest,42,61,61,"{'n_estimators': 300, 'max_depth': 20, 'min_samples_split': 2, 'min_samples_leaf': 1, 'max_features': 'sqrt', 'bootstrap': True}",scenario_results_rf_only_2026-01-25_200552_early_stop/randomforest_S2.1_ItoF_1_S1toS2_2026-01-25_200552_seed42_early_stop.pkl,1.0,1.0,1.0,1.0,1.0,1.0,1.0,1.0,1.0,1.0,1.0,1.0,1.0,0.8524590163934426,0.8060109289617486,0.8060109289617486,0.7841530054644807,0.7841530054644807,0.8524590163934426,0.8524590163934426,0.8852459016393442,0.9344262295081968,1.0,1.0,1.0,0.8360655737704918
2.1,S2.1_ItoF_2_S1toS2,RandomForest,42,61,61,"{'n_estimators': 300, 'max_depth': 20, 'min_samples_split': 2, 'min_samples_leaf': 1, 'max_features': 'sqrt', 'bootstrap': True}",scenario_results_rf_only_2026-01-25_200552_early_stop/randomforest_S2.1_ItoF_2_S1toS2_2026-01-25_200552_seed42_early_stop.pkl,1.0,1.0,1.0,1.0,1.0,1.0,1.0,1.0,1.0,1.0,1.0,1.0,1.0,0.7868852459016393,0.7595628415300546,0.7595628415300546,0.7486338797814208,0.7486338797814208,0.7868852459016393,0.7868852459016393,0.819672131147541,0.9016393442622951,0.9344262295081968,0.9344262295081968,0.9836065573770492,0.7540983606557377
2.1,S2.1_ItoF_3_S1toS2,RandomForest,42,61,61,"{'n_estimators': 300, 'max_depth': 20, 'min_samples_split': 2, 'min_samples_leaf': 1, 'max_features': 'sqrt', 'bootstrap': True}",scenario_results_rf_only_2026-01-25_200552_early_stop/randomforest_S2.1_ItoF_3_S1toS2_2026-01-25_200552_seed42_early_stop.pkl,1.0,1.0,1.0,1.0,1.0,1.0,1.0,1.0,1.0,1.0,1.0,1.0,1.0,0.8360655737704918,0.7896174863387978,0.7896174863387978,0.7704918032786885,0.7704918032786885,0.8360655737704918,0.8360655737704918,0.8524590163934426,0.9016393442622951,0.9508196721311475,0.9672131147540983,0.9836065573770492,0.819672131147541
2.1,S2.1_TtoF_1_S1toS2,RandomForest,42,61,61,"{'n_estimators': 300, 'max_depth': 20, 'min_samples_split': 2, 'min_samples_leaf': 1, 'max_features': 'sqrt', 'bootstrap': True}",scenario_results_rf_only_2026-01-25_200552_early_stop/randomforest_S2.1_TtoF_1_S1toS2_2026-01-25_200552_seed42_early_stop.pkl,1.0,1.0,1.0,1.0,1.0,1.0,1.0,1.0,1.0,1.0,1.0,1.0,1.0,0.9016393442622951,0.8770491803278688,0.8770491803278688,0.8661202185792349,0.8661202185792349,0.9016393442622951,0.9016393442622951,0.9180327868852459,0.9672131147540983,0.9836065573770492,1.0,1.0,0.8852459016393442
2.1,S2.1_TtoF_2_S1toS2,RandomForest,42,61,61,"{'n_estimators': 300, 'max_depth': 20, 'min_samples_split': 2, 'min_samples_leaf': 1, 'max_features': 'sqrt', 'bootstrap': True}",scenario_results_rf_only_2026-01-25_200552_early_stop/randomforest_S2.1_TtoF_2_S1toS2_2026-01-25_200552_seed42_early_stop.pkl,1.0,1.0,1.0,1.0,1.0,1.0,1.0,1.0,1.0,1.0,1.0,1.0,1.0,0.9180327868852459,0.8907103825136611,0.8907103825136611,0.8770491803278688,0.8770491803278688,0.9180327868852459,0.9180327868852459,0.9344262295081968,0.9672131147540983,0.9836065573770492,0.9836065573770492,0.9836065573770492,0.9180327868852459
2.1,S2.1_TtoF_3_S1toS2,RandomForest,42,61,61,"{'n_estimators': 300, 'max_depth': 20, 'min_samples_split': 2, 'min_samples_leaf': 1, 'max_features': 'sqrt', 'bootstrap': True}",scenario_results_rf_only_2026-01-25_200552_early_stop/randomforest_S2.1_TtoF_3_S1toS2_2026-01-25_200552_seed42_early_stop.pkl,1.0,1.0,1.0,1.0,1.0,1.0,1.0,1.0,1.0,1.0,1.0,1.0,1.0,0.8524590163934426,0.8032786885245902,0.8032786885245902,0.7786885245901639,0.7786885245901639,0.8524590163934426,0.8524590163934426,0.8688524590163934,0.9344262295081968,0.9672131147540983,0.9836065573770492,0.9836065573770492,0.8524590163934426
2.1,S2.1_TtoI_1_S1toS2,RandomForest,42,61,61,"{'n_estimators': 300, 'max_depth': 20, 'min_samples_split': 2, 'min_samples_leaf': 1, 'max_features': 'sqrt', 'bootstrap': True}",scenario_results_rf_only_2026-01-25_200552_early_stop/randomforest_S2.1_TtoI_1_S1toS2_2026-01-25_200552_seed42_early_stop.pkl,1.0,1.0,1.0,1.0,1.0,1.0,1.0,1.0,1.0,1.0,1.0,1.0,1.0,0.8524590163934426,0.8114754098360655,0.8114754098360655,0.7923497267759563,0.7923497267759563,0.8524590163934426,0.8524590163934426,0.8360655737704918,0.9508196721311475,0.9836065573770492,0.9836065573770492,0.9836065573770492,0.819672131147541
2.1,S2.1_TtoI_2_S1toS2,RandomForest,42,61,61,"{'n_estimators': 300, 'max_depth': 20, 'min_samples_split': 2, 'min_samples_leaf': 1, 'max_features': 'sqrt', 'bootstrap': True}",scenario_results_rf_only_2026-01-25_200552_early_stop/randomforest_S2.1_TtoI_2_S1toS2_2026-01-25_200552_seed42_early_stop.pkl,1.0,1.0,1.0,1.0,1.0,1.0,1.0,1.0,1.0,1.0,1.0,1.0,1.0,0.8688524590163934,0.8524590163934426,0.8524590163934426,0.8442622950819673,0.8442622950819673,0.8688524590163934,0.8688524590163934,0.8688524590163934,0.9344262295081968,0.9508196721311475,0.9672131147540983,1.0,0.8524590163934426
2.1,S2.1_TtoI_3_S1toS2,RandomForest,42,61,61,"{'n_estimators': 300, 'max_depth': 20, 'min_samples_split': 2, 'min_samples_leaf': 1, 'max_features': 'sqrt', 'bootstrap': True}",scenario_results_rf_only_2026-01-25_200552_early_stop/randomforest_S2.1_TtoI_3_S1toS2_2026-01-25_200552_seed42_early_stop.pkl,1.0,1.0,1.0,1.0,1.0,1.0,1.0,1.0,1.0,1.0,1.0,1.0,1.0,0.8524590163934426,0.8142076502732241,0.8142076502732241,0.7950819672131147,0.7950819672131147,0.8524590163934426,0.8524590163934426,0.8688524590163934,0.9508196721311475,0.9836065573770492,1.0,1.0,0.8524590163934426
2.1,S2.1_FtoI_1_S1toS2,RandomForest,123,61,61,"{'n_estimators': 300, 'max_depth': 20, 'min_samples_split': 2, 'min_samples_leaf': 1, 'max_features': 'sqrt', 'bootstrap': True}",scenario_results_rf_only_2026-01-25_200552_early_stop/randomforest_S2.1_FtoI_1_S1toS2_2026-01-25_200552_seed123_early_stop.pkl,1.0,1.0,1.0,1.0,1.0,1.0,1.0,1.0,1.0,1.0,1.0,1.0,1.0,0.8524590163934426,0.8114754098360656,0.8114754098360656,0.7923497267759562,0.7923497267759562,0.8524590163934426,0.8524590163934426,0.8360655737704918,0.9672131147540983,1.0,1.0,1.0,0.8360655737704918
2.1,S2.1_FtoI_2_S1toS2,RandomForest,123,61,61,"{'n_estimators': 300, 'max_depth': 20, 'min_samples_split': 2, 'min_samples_leaf': 1, 'max_features': 'sqrt', 'bootstrap': True}",scenario_results_rf_only_2026-01-25_200552_early_stop/randomforest_S2.1_FtoI_2_S1toS2_2026-01-25_200552_seed123_early_stop.pkl,1.0,1.0,1.0,1.0,1.0,1.0,1.0,1.0,1.0,1.0,1.0,1.0,1.0,0.8524590163934426,0.8360655737704918,0.8360655737704918,0.8278688524590164,0.8278688524590164,0.8524590163934426,0.8524590163934426,0.8360655737704918,0.9016393442622951,0.9508196721311475,0.9836065573770492,0.9836065573770492,0.8360655737704918
2.1,S2.1_FtoI_3_S1toS2,RandomForest,123,61,61,"{'n_estimators': 300, 'max_depth': 20, 'min_samples_split': 2, 'min_samples_leaf': 1, 'max_features': 'sqrt', 'bootstrap': True}",scenario_results_rf_only_2026-01-25_200552_early_stop/randomforest_S2.1_FtoI_3_S1toS2_2026-01-25_200552_seed123_early_stop.pkl,1.0,1.0,1.0,1.0,1.0,1.0,1.0,1.0,1.0,1.0,1.0,1.0,1.0,0.8360655737704918,0.7896174863387978,0.7896174863387978,0.76775956284153,0.76775956284153,0.8360655737704918,0.8360655737704918,0.8524590163934426,0.9672131147540983,0.9672131147540983,0.9836065573770492,0.9836065573770492,0.8360655737704918
2.1,S2.1_FtoT_1_S1toS2,RandomForest,123,61,61,"{'n_estimators': 300, 'max_depth': 20, 'min_samples_split': 2, 'min_samples_leaf': 1, 'max_features': 'sqrt', 'bootstrap': True}",scenario_results_rf_only_2026-01-25_200552_early_stop/randomforest_S2.1_FtoT_1_S1toS2_2026-01-25_200552_seed123_early_stop.pkl,1.0,1.0,1.0,1.0,1.0,1.0,1.0,1.0,1.0,1.0,1.0,1.0,1.0,0.9016393442622951,0.8743169398907104,0.8743169398907104,0.860655737704918,0.860655737704918,0.9016393442622951,0.9016393442622951,0.9016393442622951,0.9344262295081968,0.9836065573770492,0.9836065573770492,0.9836065573770492,0.9016393442622951
2.1,S2.1_FtoT_2_S1toS2,RandomForest,123,61,61,"{'n_estimators': 300, 'max_depth': 20, 'min_samples_split': 2, 'min_samples_leaf': 1, 'max_features': 'sqrt', 'bootstrap': True}",scenario_results_rf_only_2026-01-25_200552_early_stop/randomforest_S2.1_FtoT_2_S1toS2_2026-01-25_200552_seed123_early_stop.pkl,1.0,1.0,1.0,1.0,1.0,1.0,1.0,1.0,1.0,1.0,1.0,1.0,1.0,0.7868852459016393,0.7431693989071038,0.7431693989071038,0.7273224043715847,0.7273224043715847,0.7868852459016393,0.7868852459016393,0.8032786885245902,0.9344262295081968,0.9508196721311475,0.9836065573770492,1.0,0.7868852459016393
2.1,S2.1_FtoT_3_S1toS2,RandomForest,123,61,61,"{'n_estimators': 300, 'max_depth': 20, 'min_samples_split': 2, 'min_samples_leaf': 1, 'max_features': 'sqrt', 'bootstrap': True}",scenario_results_rf_only_2026-01-25_200552_early_stop/randomforest_S2.1_FtoT_3_S1toS2_2026-01-25_200552_seed123_early_stop.pkl,1.0,1.0,1.0,1.0,1.0,1.0,1.0,1.0,1.0,1.0,1.0,1.0,1.0,0.8688524590163934,0.8387978142076502,0.8387978142076502,0.8251366120218578,0.8251366120218578,0.8688524590163934,0.8688524590163934,0.8524590163934426,0.9344262295081968,0.9508196721311475,0.9836065573770492,0.9836065573770492,0.8524590163934426
2.1,S2.1_ItoT_1_S1toS2,RandomForest,123,61,61,"{'n_estimators': 300, 'max_depth': 20, 'min_samples_split': 2, 'min_samples_leaf': 1, 'max_features': 'sqrt', 'bootstrap': True}",scenario_results_rf_only_2026-01-25_200552_early_stop/randomforest_S2.1_ItoT_1_S1toS2_2026-01-25_200552_seed123_early_stop.pkl,1.0,1.0,1.0,1.0,1.0,1.0,1.0,1.0,1.0,1.0,1.0,1.0,1.0,0.9344262295081968,0.9153005464480874,0.9153005464480874,0.9071038251366119,0.9071038251366119,0.9344262295081968,0.9344262295081968,0.9508196721311475,0.9836065573770492,1.0,1.0,1.0,0.9180327868852459
2.1,S2.1_ItoT_2_S1toS2,RandomForest,123,61,61,"{'n_estimators': 300, 'max_depth': 20, 'min_samples_split': 2, 'min_samples_leaf': 1, 'max_features': 'sqrt', 'bootstrap': True}",scenario_results_rf_only_2026-01-25_200552_early_stop/randomforest_S2.1_ItoT_2_S1toS2_2026-01-25_200552_seed123_early_stop.pkl,1.0,1.0,1.0,1.0,1.0,1.0,1.0,1.0,1.0,1.0,1.0,1.0,1.0,0.8360655737704918,0.7896174863387978,0.7896174863387978,0.7677595628415301,0.7677595628415301,0.8360655737704918,0.8360655737704918,0.8360655737704918,0.9180327868852459,0.9672131147540983,0.9672131147540983,0.9672131147540983,0.8360655737704918
2.1,S2.1_ItoT_3_S1toS2,RandomForest,123,61,61,"{'n_estimators': 300, 'max_depth': 20, 'min_samples_split': 2, 'min_samples_leaf': 1, 'max_features': 'sqrt', 'bootstrap': True}",scenario_results_rf_only_2026-01-25_200552_early_stop/randomforest_S2.1_ItoT_3_S1toS2_2026-01-25_200552_seed123_early_stop.pkl,1.0,1.0,1.0,1.0,1.0,1.0,1.0,1.0,1.0,1.0,1.0,1.0,1.0,0.8688524590163934,0.8387978142076502,0.8387978142076502,0.8278688524590164,0.8278688524590164,0.8688524590163934,0.8688524590163934,0.8524590163934426,0.9180327868852459,0.9508196721311475,0.9836065573770492,1.0,0.8524590163934426
2.1,S2.1_ItoF_1_S1toS2,RandomForest,123,61,61,"{'n_estimators': 300, 'max_depth': 20, 'min_samples_split': 2, 'min_samples_leaf': 1, 'max_features': 'sqrt', 'bootstrap': True}",scenario_results_rf_only_2026-01-25_200552_early_stop/randomforest_S2.1_ItoF_1_S1toS2_2026-01-25_200552_seed123_early_stop.pkl,1.0,1.0,1.0,1.0,1.0,1.0,1.0,1.0,1.0,1.0,1.0,1.0,1.0,0.7377049180327869,0.6967213114754098,0.6967213114754098,0.680327868852459,0.680327868852459,0.7377049180327869,0.7377049180327869,0.7540983606557377,0.8852459016393442,0.9344262295081968,0.9836065573770492,1.0,0.7049180327868853
2.1,S2.1_ItoF_2_S1toS2,RandomForest,123,61,61,"{'n_estimators': 300, 'max_depth': 20, 'min_samples_split': 2, 'min_samples_leaf': 1, 'max_features': 'sqrt', 'bootstrap': True}",scenario_results_rf_only_2026-01-25_200552_early_stop/randomforest_S2.1_ItoF_2_S1toS2_2026-01-25_200552_seed123_early_stop.pkl,1.0,1.0,1.0,1.0,1.0,1.0,1.0,1.0,1.0,1.0,1.0,1.0,1.0,0.8360655737704918,0.8005464480874316,0.8005464480874316,0.784153005464481,0.784153005464481,0.8360655737704918,0.8360655737704918,0.819672131147541,0.9016393442622951,0.9508196721311475,0.9836065573770492,0.9836065573770492,0.819672131147541
2.1,S2.1_ItoF_3_S1toS2,RandomForest,123,61,61,"{'n_estimators': 300, 'max_depth': 20, 'min_samples_split': 2, 'min_samples_leaf': 1, 'max_features': 'sqrt', 'bootstrap': True}",scenario_results_rf_only_2026-01-25_200552_early_stop/randomforest_S2.1_ItoF_3_S1toS2_2026-01-25_200552_seed123_early_stop.pkl,1.0,1.0,1.0,1.0,1.0,1.0,1.0,1.0,1.0,1.0,1.0,1.0,1.0,0.8032786885245902,0.7622950819672131,0.7622950819672131,0.7431693989071038,0.7431693989071038,0.8032786885245902,0.8032786885245902,0.819672131147541,0.9180327868852459,0.9344262295081968,1.0,1.0,0.8032786885245902
2.1,S2.1_TtoF_1_S1toS2,RandomForest,123,61,61,"{'n_estimators': 300, 'max_depth': 20, 'min_samples_split': 2, 'min_samples_leaf': 1, 'max_features': 'sqrt', 'bootstrap': True}",scenario_results_rf_only_2026-01-25_200552_early_stop/randomforest_S2.1_TtoF_1_S1toS2_2026-01-25_200552_seed123_early_stop.pkl,1.0,1.0,1.0,1.0,1.0,1.0,1.0,1.0,1.0,1.0,1.0,1.0,1.0,0.819672131147541,0.7677595628415301,0.7677595628415301,0.7431693989071038,0.7431693989071038,0.819672131147541,0.819672131147541,0.8360655737704918,0.9180327868852459,0.9836065573770492,1.0,1.0,0.819672131147541
2.1,S2.1_TtoF_2_S1toS2,RandomForest,123,61,61,"{'n_estimators': 300, 'max_depth': 20, 'min_samples_split': 2, 'min_samples_leaf': 1, 'max_features': 'sqrt', 'bootstrap': True}",scenario_results_rf_only_2026-01-25_200552_early_stop/randomforest_S2.1_TtoF_2_S1toS2_2026-01-25_200552_seed123_early_stop.pkl,1.0,1.0,1.0,1.0,1.0,1.0,1.0,1.0,1.0,1.0,1.0,1.0,1.0,0.8852459016393442,0.8633879781420766,0.8633879781420766,0.855191256830601,0.855191256830601,0.8852459016393442,0.8852459016393442,0.8852459016393442,0.9836065573770492,0.9836065573770492,0.9836065573770492,0.9836065573770492,0.8688524590163934
2.1,S2.1_TtoF_3_S1toS2,RandomForest,123,61,61,"{'n_estimators': 300, 'max_depth': 20, 'min_samples_split': 2, 'min_samples_leaf': 1, 'max_features': 'sqrt', 'bootstrap': True}",scenario_results_rf_only_2026-01-25_200552_early_stop/randomforest_S2.1_TtoF_3_S1toS2_2026-01-25_200552_seed123_early_stop.pkl,1.0,1.0,1.0,1.0,1.0,1.0,1.0,1.0,1.0,1.0,1.0,1.0,1.0,0.8032786885245902,0.7786885245901639,0.7786885245901639,0.7677595628415301,0.7677595628415301,0.8032786885245902,0.8032786885245902,0.819672131147541,0.9180327868852459,0.9508196721311475,1.0,1.0,0.8032786885245902
2.1,S2.1_TtoI_1_S1toS2,RandomForest,123,61,61,"{'n_estimators': 300, 'max_depth': 20, 'min_samples_split': 2, 'min_samples_leaf': 1, 'max_features': 'sqrt', 'bootstrap': True}",scenario_results_rf_only_2026-01-25_200552_early_stop/randomforest_S2.1_TtoI_1_S1toS2_2026-01-25_200552_seed123_early_stop.pkl,1.0,1.0,1.0,1.0,1.0,1.0,1.0,1.0,1.0,1.0,1.0,1.0,1.0,0.8852459016393442,0.8524590163934426,0.8524590163934426,0.8387978142076502,0.8387978142076502,0.8852459016393442,0.8852459016393442,0.8360655737704918,0.9344262295081968,0.9836065573770492,1.0,1.0,0.8360655737704918
2.1,S2.1_TtoI_2_S1toS2,RandomForest,123,61,61,"{'n_estimators': 300, 'max_depth': 20, 'min_samples_split': 2, 'min_samples_leaf': 1, 'max_features': 'sqrt', 'bootstrap': True}",scenario_results_rf_only_2026-01-25_200552_early_stop/randomforest_S2.1_TtoI_2_S1toS2_2026-01-25_200552_seed123_early_stop.pkl,1.0,1.0,1.0,1.0,1.0,1.0,1.0,1.0,1.0,1.0,1.0,1.0,1.0,0.8032786885245902,0.773224043715847,0.773224043715847,0.7595628415300546,0.7595628415300546,0.8032786885245902,0.8032786885245902,0.8360655737704918,0.9180327868852459,0.9836065573770492,1.0,1.0,0.8032786885245902
2.1,S2.1_TtoI_3_S1toS2,RandomForest,123,61,61,"{'n_estimators': 300, 'max_depth': 20, 'min_samples_split': 2, 'min_samples_leaf': 1, 'max_features': 'sqrt', 'bootstrap': True}",scenario_results_rf_only_2026-01-25_200552_early_stop/randomforest_S2.1_TtoI_3_S1toS2_2026-01-25_200552_seed123_early_stop.pkl,1.0,1.0,1.0,1.0,1.0,1.0,1.0,1.0,1.0,1.0,1.0,1.0,1.0,0.8032786885245902,0.7568306010928962,0.7568306010928962,0.7349726775956285,0.7349726775956285,0.8032786885245902,0.8032786885245902,0.8032786885245902,0.9180327868852459,0.9508196721311475,1.0,1.0,0.7704918032786885
2.1,S2.1_FtoI_1_S1toS2,RandomForest,456,61,61,"{'n_estimators': 300, 'max_depth': 20, 'min_samples_split': 2, 'min_samples_leaf': 1, 'max_features': 'sqrt', 'bootstrap': True}",scenario_results_rf_only_2026-01-25_200552_early_stop/randomforest_S2.1_FtoI_1_S1toS2_2026-01-25_200552_seed456_early_stop.pkl,1.0,1.0,1.0,1.0,1.0,1.0,1.0,1.0,1.0,1.0,1.0,1.0,1.0,0.8032786885245902,0.7540983606557375,0.7540983606557375,0.7295081967213115,0.7295081967213115,0.8032786885245902,0.8032786885245902,0.819672131147541,0.9016393442622951,0.9508196721311475,0.9672131147540983,1.0,0.8032786885245902
2.1,S2.1_FtoI_2_S1toS2,RandomForest,456,61,61,"{'n_estimators': 300, 'max_depth': 20, 'min_samples_split': 2, 'min_samples_leaf': 1, 'max_features': 'sqrt', 'bootstrap': True}",scenario_results_rf_only_2026-01-25_200552_early_stop/randomforest_S2.1_FtoI_2_S1toS2_2026-01-25_200552_seed456_early_stop.pkl,1.0,1.0,1.0,1.0,1.0,1.0,1.0,1.0,1.0,1.0,1.0,1.0,1.0,0.8524590163934426,0.8224043715846994,0.8224043715846994,0.808743169398907,0.808743169398907,0.8524590163934426,0.8524590163934426,0.8360655737704918,0.9180327868852459,0.9344262295081968,0.9836065573770492,0.9836065573770492,0.8360655737704918
2.1,S2.1_FtoI_3_S1toS2,RandomForest,456,61,61,"{'n_estimators': 300, 'max_depth': 20, 'min_samples_split': 2, 'min_samples_leaf': 1, 'max_features': 'sqrt', 'bootstrap': True}",scenario_results_rf_only_2026-01-25_200552_early_stop/randomforest_S2.1_FtoI_3_S1toS2_2026-01-25_200552_seed456_early_stop.pkl,1.0,1.0,1.0,1.0,1.0,1.0,1.0,1.0,1.0,1.0,1.0,1.0,1.0,0.9016393442622951,0.8743169398907105,0.8743169398907105,0.860655737704918,0.860655737704918,0.9016393442622951,0.9016393442622951,0.9016393442622951,0.9836065573770492,0.9836065573770492,0.9836065573770492,0.9836065573770492,0.8852459016393442
2.1,S2.1_FtoT_1_S1toS2,RandomForest,456,61,61,"{'n_estimators': 300, 'max_depth': 20, 'min_samples_split': 2, 'min_samples_leaf': 1, 'max_features': 'sqrt', 'bootstrap': True}",scenario_results_rf_only_2026-01-25_200552_early_stop/randomforest_S2.1_FtoT_1_S1toS2_2026-01-25_200552_seed456_early_stop.pkl,1.0,1.0,1.0,1.0,1.0,1.0,1.0,1.0,1.0,1.0,1.0,1.0,1.0,0.8524590163934426,0.8114754098360656,0.8114754098360656,0.7923497267759563,0.7923497267759563,0.8524590163934426,0.8524590163934426,0.8852459016393442,0.9508196721311475,0.9836065573770492,0.9836065573770492,0.9836065573770492,0.8524590163934426
2.1,S2.1_FtoT_2_S1toS2,RandomForest,456,61,61,"{'n_estimators': 300, 'max_depth': 20, 'min_samples_split': 2, 'min_samples_leaf': 1, 'max_features': 'sqrt', 'bootstrap': True}",scenario_results_rf_only_2026-01-25_200552_early_stop/randomforest_S2.1_FtoT_2_S1toS2_2026-01-25_200552_seed456_early_stop.pkl,1.0,1.0,1.0,1.0,1.0,1.0,1.0,1.0,1.0,1.0,1.0,1.0,1.0,0.8032786885245902,0.760655737704918,0.760655737704918,0.7418032786885246,0.7418032786885246,0.8032786885245902,0.8032786885245902,0.8032786885245902,0.9016393442622951,0.9672131147540983,0.9836065573770492,1.0,0.8032786885245902
2.1,S2.1_FtoT_3_S1toS2,RandomForest,456,61,61,"{'n_estimators': 300, 'max_depth': 20, 'min_samples_split': 2, 'min_samples_leaf': 1, 'max_features': 'sqrt', 'bootstrap': True}",scenario_results_rf_only_2026-01-25_200552_early_stop/randomforest_S2.1_FtoT_3_S1toS2_2026-01-25_200552_seed456_early_stop.pkl,1.0,1.0,1.0,1.0,1.0,1.0,1.0,1.0,1.0,1.0,1.0,1.0,1.0,0.8688524590163934,0.8278688524590164,0.8278688524590164,0.808743169398907,0.808743169398907,0.8688524590163934,0.8688524590163934,0.8852459016393442,0.9344262295081968,0.9836065573770492,1.0,1.0,0.8524590163934426
2.1,S2.1_ItoT_1_S1toS2,RandomForest,456,61,61,"{'n_estimators': 300, 'max_depth': 20, 'min_samples_split': 2, 'min_samples_leaf': 1, 'max_features': 'sqrt', 'bootstrap': True}",scenario_results_rf_only_2026-01-25_200552_early_stop/randomforest_S2.1_ItoT_1_S1toS2_2026-01-25_200552_seed456_early_stop.pkl,1.0,1.0,1.0,1.0,1.0,1.0,1.0,1.0,1.0,1.0,1.0,1.0,1.0,0.9016393442622951,0.8688524590163934,0.8688524590163934,0.8524590163934426,0.8524590163934426,0.9016393442622951,0.9016393442622951,0.8852459016393442,0.9672131147540983,0.9836065573770492,0.9836065573770492,0.9836065573770492,0.8852459016393442
2.1,S2.1_ItoT_2_S1toS2,RandomForest,456,61,61,"{'n_estimators': 300, 'max_depth': 20, 'min_samples_split': 2, 'min_samples_leaf': 1, 'max_features': 'sqrt', 'bootstrap': True}",scenario_results_rf_only_2026-01-25_200552_early_stop/randomforest_S2.1_ItoT_2_S1toS2_2026-01-25_200552_seed456_early_stop.pkl,1.0,1.0,1.0,1.0,1.0,1.0,1.0,1.0,1.0,1.0,1.0,1.0,1.0,0.7704918032786885,0.715846994535519,0.715846994535519,0.691256830601093,0.691256830601093,0.7704918032786885,0.7704918032786885,0.7868852459016393,0.9016393442622951,0.9508196721311475,0.9836065573770492,1.0,0.7704918032786885
2.1,S2.1_ItoT_3_S1toS2,RandomForest,456,61,61,"{'n_estimators': 300, 'max_depth': 20, 'min_samples_split': 2, 'min_samples_leaf': 1, 'max_features': 'sqrt', 'bootstrap': True}",scenario_results_rf_only_2026-01-25_200552_early_stop/randomforest_S2.1_ItoT_3_S1toS2_2026-01-25_200552_seed456_early_stop.pkl,1.0,1.0,1.0,1.0,1.0,1.0,1.0,1.0,1.0,1.0,1.0,1.0,1.0,0.7704918032786885,0.7049180327868853,0.7049180327868853,0.6775956284153005,0.6775956284153005,0.7704918032786885,0.7704918032786885,0.7868852459016393,0.8852459016393442,0.9508196721311475,0.9508196721311475,0.9672131147540983,0.7704918032786885
2.1,S2.1_ItoF_1_S1toS2,RandomForest,456,61,61,"{'n_estimators': 300, 'max_depth': 20, 'min_samples_split': 2, 'min_samples_leaf': 1, 'max_features': 'sqrt', 'bootstrap': True}",scenario_results_rf_only_2026-01-25_200552_early_stop/randomforest_S2.1_ItoF_1_S1toS2_2026-01-25_200552_seed456_early_stop.pkl,1.0,1.0,1.0,1.0,1.0,1.0,1.0,1.0,1.0,1.0,1.0,1.0,1.0,0.7704918032786885,0.7196721311475409,0.7196721311475409,0.698087431693989,0.698087431693989,0.7704918032786885,0.7704918032786885,0.7540983606557377,0.8524590163934426,0.9344262295081968,0.9672131147540983,0.9836065573770492,0.7540983606557377
2.1,S2.1_ItoF_2_S1toS2,RandomForest,456,61,61,"{'n_estimators': 300, 'max_depth': 20, 'min_samples_split': 2, 'min_samples_leaf': 1, 'max_features': 'sqrt', 'bootstrap': True}",scenario_results_rf_only_2026-01-25_200552_early_stop/randomforest_S2.1_ItoF_2_S1toS2_2026-01-25_200552_seed456_early_stop.pkl,1.0,1.0,1.0,1.0,1.0,1.0,1.0,1.0,1.0,1.0,1.0,1.0,1.0,0.819672131147541,0.7814207650273225,0.7814207650273225,0.7650273224043717,0.7650273224043717,0.819672131147541,0.819672131147541,0.819672131147541,0.9016393442622951,0.9508196721311475,1.0,1.0,0.8032786885245902
2.1,S2.1_ItoF_3_S1toS2,RandomForest,456,61,61,"{'n_estimators': 300, 'max_depth': 20, 'min_samples_split': 2, 'min_samples_leaf': 1, 'max_features': 'sqrt', 'bootstrap': True}",scenario_results_rf_only_2026-01-25_200552_early_stop/randomforest_S2.1_ItoF_3_S1toS2_2026-01-25_200552_seed456_early_stop.pkl,1.0,1.0,1.0,1.0,1.0,1.0,1.0,1.0,1.0,1.0,1.0,1.0,1.0,0.819672131147541,0.7751756440281031,0.7751756440281031,0.7568306010928962,0.7568306010928962,0.819672131147541,0.819672131147541,0.8360655737704918,0.9508196721311475,0.9672131147540983,0.9836065573770492,0.9836065573770492,0.819672131147541
2.1,S2.1_TtoF_1_S1toS2,RandomForest,456,61,61,"{'n_estimators': 300, 'max_depth': 20, 'min_samples_split': 2, 'min_samples_leaf': 1, 'max_features': 'sqrt', 'bootstrap': True}",scenario_results_rf_only_2026-01-25_200552_early_stop/randomforest_S2.1_TtoF_1_S1toS2_2026-01-25_200552_seed456_early_stop.pkl,1.0,1.0,1.0,1.0,1.0,1.0,1.0,1.0,1.0,1.0,1.0,1.0,1.0,0.819672131147541,0.7814207650273224,0.7814207650273224,0.7650273224043715,0.7650273224043715,0.819672131147541,0.819672131147541,0.8360655737704918,0.9016393442622951,0.9344262295081968,0.9344262295081968,0.9672131147540983,0.8032786885245902
2.1,S2.1_TtoF_2_S1toS2,RandomForest,456,61,61,"{'n_estimators': 300, 'max_depth': 20, 'min_samples_split': 2, 'min_samples_leaf': 1, 'max_features': 'sqrt', 'bootstrap': True}",scenario_results_rf_only_2026-01-25_200552_early_stop/randomforest_S2.1_TtoF_2_S1toS2_2026-01-25_200552_seed456_early_stop.pkl,1.0,1.0,1.0,1.0,1.0,1.0,1.0,1.0,1.0,1.0,1.0,1.0,1.0,0.8032786885245902,0.756830601092896,0.756830601092896,0.7382513661202186,0.7382513661202186,0.8032786885245902,0.8032786885245902,0.819672131147541,0.9180327868852459,0.9344262295081968,0.9508196721311475,0.9672131147540983,0.8032786885245902
2.1,S2.1_TtoF_3_S1toS2,RandomForest,456,61,61,"{'n_estimators': 300, 'max_depth': 20, 'min_samples_split': 2, 'min_samples_leaf': 1, 'max_features': 'sqrt', 'bootstrap': True}",scenario_results_rf_only_2026-01-25_200552_early_stop/randomforest_S2.1_TtoF_3_S1toS2_2026-01-25_200552_seed456_early_stop.pkl,1.0,1.0,1.0,1.0,1.0,1.0,1.0,1.0,1.0,1.0,1.0,1.0,1.0,0.8032786885245902,0.7595628415300546,0.7595628415300546,0.7404371584699453,0.7404371584699453,0.8032786885245902,0.8032786885245902,0.8032786885245902,0.9180327868852459,0.9508196721311475,0.9836065573770492,0.9836065573770492,0.8032786885245902
2.1,S2.1_TtoI_1_S1toS2,RandomForest,456,61,61,"{'n_estimators': 300, 'max_depth': 20, 'min_samples_split': 2, 'min_samples_leaf': 1, 'max_features': 'sqrt', 'bootstrap': True}",scenario_results_rf_only_2026-01-25_200552_early_stop/randomforest_S2.1_TtoI_1_S1toS2_2026-01-25_200552_seed456_early_stop.pkl,1.0,1.0,1.0,1.0,1.0,1.0,1.0,1.0,1.0,1.0,1.0,1.0,1.0,0.8032786885245902,0.7579234972677595,0.7579234972677595,0.739071038251366,0.739071038251366,0.8032786885245902,0.8032786885245902,0.8032786885245902,0.9344262295081968,0.9672131147540983,0.9672131147540983,1.0,0.8032786885245902
2.1,S2.1_TtoI_2_S1toS2,RandomForest,456,61,61,"{'n_estimators': 300, 'max_depth': 20, 'min_samples_split': 2, 'min_samples_leaf': 1, 'max_features': 'sqrt', 'bootstrap': True}",scenario_results_rf_only_2026-01-25_200552_early_stop/randomforest_S2.1_TtoI_2_S1toS2_2026-01-25_200552_seed456_early_stop.pkl,1.0,1.0,1.0,1.0,1.0,1.0,1.0,1.0,1.0,1.0,1.0,1.0,1.0,0.7540983606557377,0.7185792349726775,0.7185792349726775,0.7021857923497268,0.7021857923497268,0.7540983606557377,0.7540983606557377,0.7377049180327869,0.9344262295081968,0.9508196721311475,0.9672131147540983,0.9836065573770492,0.7213114754098361
2.1,S2.1_TtoI_3_S1toS2,RandomForest,456,61,61,"{'n_estimators': 300, 'max_depth': 20, 'min_samples_split': 2, 'min_samples_leaf': 1, 'max_features': 'sqrt', 'bootstrap': True}",scenario_results_rf_only_2026-01-25_200552_early_stop/randomforest_S2.1_TtoI_3_S1toS2_2026-01-25_200552_seed456_early_stop.pkl,1.0,1.0,1.0,1.0,1.0,1.0,1.0,1.0,1.0,1.0,1.0,1.0,1.0,0.819672131147541,0.7950819672131147,0.7950819672131147,0.7841530054644807,0.7841530054644807,0.819672131147541,0.819672131147541,0.8032786885245902,0.9016393442622951,0.9836065573770492,0.9836065573770492,0.9836065573770492,0.8032786885245902
2.2,S2.2_FtoI_1_S2toS1,RandomForest,42,61,61,"{'n_estimators': 300, 'max_depth': 20, 'min_samples_split': 2, 'min_samples_leaf': 1, 'max_features': 'sqrt', 'bootstrap': True}",scenario_results_rf_only_2026-01-25_200552_early_stop/randomforest_S2.2_FtoI_1_S2toS1_2026-01-25_200552_seed42_early_stop.pkl,1.0,1.0,1.0,1.0,1.0,1.0,1.0,1.0,1.0,1.0,1.0,1.0,1.0,0.8524590163934426,0.808743169398907,0.808743169398907,0.7868852459016393,0.7868852459016393,0.8524590163934426,0.8524590163934426,0.8360655737704918,0.9344262295081968,0.9836065573770492,1.0,1.0,0.8032786885245902
2.2,S2.2_FtoI_2_S2toS1,RandomForest,42,61,61,"{'n_estimators': 300, 'max_depth': 20, 'min_samples_split': 2, 'min_samples_leaf': 1, 'max_features': 'sqrt', 'bootstrap': True}",scenario_results_rf_only_2026-01-25_200552_early_stop/randomforest_S2.2_FtoI_2_S2toS1_2026-01-25_200552_seed42_early_stop.pkl,1.0,1.0,1.0,1.0,1.0,1.0,1.0,1.0,1.0,1.0,1.0,1.0,1.0,0.8360655737704918,0.8142076502732242,0.8142076502732242,0.8032786885245902,0.8032786885245902,0.8360655737704918,0.8360655737704918,0.8360655737704918,0.9344262295081968,0.9508196721311475,0.9672131147540983,0.9672131147540983,0.819672131147541
2.2,S2.2_FtoI_3_S2toS1,RandomForest,42,61,61,"{'n_estimators': 300, 'max_depth': 20, 'min_samples_split': 2, 'min_samples_leaf': 1, 'max_features': 'sqrt', 'bootstrap': True}",scenario_results_rf_only_2026-01-25_200552_early_stop/randomforest_S2.2_FtoI_3_S2toS1_2026-01-25_200552_seed42_early_stop.pkl,1.0,1.0,1.0,1.0,1.0,1.0,1.0,1.0,1.0,1.0,1.0,1.0,1.0,0.9016393442622951,0.8743169398907104,0.8743169398907104,0.860655737704918,0.860655737704918,0.9016393442622951,0.9016393442622951,0.9016393442622951,0.9508196721311475,0.9672131147540983,0.9836065573770492,0.9836065573770492,0.8852459016393442
2.2,S2.2_FtoT_1_S2toS1,RandomForest,42,61,61,"{'n_estimators': 300, 'max_depth': 20, 'min_samples_split': 2, 'min_samples_leaf': 1, 'max_features': 'sqrt', 'bootstrap': True}",scenario_results_rf_only_2026-01-25_200552_early_stop/randomforest_S2.2_FtoT_1_S2toS1_2026-01-25_200552_seed42_early_stop.pkl,1.0,1.0,1.0,1.0,1.0,1.0,1.0,1.0,1.0,1.0,1.0,1.0,1.0,0.8360655737704918,0.784153005464481,0.784153005464481,0.7595628415300546,0.7595628415300546,0.8360655737704918,0.8360655737704918,0.8360655737704918,0.9016393442622951,0.9508196721311475,0.9508196721311475,0.9508196721311475,0.8360655737704918
2.2,S2.2_FtoT_2_S2toS1,RandomForest,42,61,61,"{'n_estimators': 300, 'max_depth': 20, 'min_samples_split': 2, 'min_samples_leaf': 1, 'max_features': 'sqrt', 'bootstrap': True}",scenario_results_rf_only_2026-01-25_200552_early_stop/randomforest_S2.2_FtoT_2_S2toS1_2026-01-25_200552_seed42_early_stop.pkl,1.0,1.0,1.0,1.0,1.0,1.0,1.0,1.0,1.0,1.0,1.0,1.0,1.0,0.819672131147541,0.7759562841530054,0.7759562841530054,0.7568306010928962,0.7568306010928962,0.819672131147541,0.819672131147541,0.819672131147541,0.9016393442622951,0.9344262295081968,0.9836065573770492,1.0,0.8032786885245902
2.2,S2.2_FtoT_3_S2toS1,RandomForest,42,61,61,"{'n_estimators': 300, 'max_depth': 20, 'min_samples_split': 2, 'min_samples_leaf': 1, 'max_features': 'sqrt', 'bootstrap': True}",scenario_results_rf_only_2026-01-25_200552_early_stop/randomforest_S2.2_FtoT_3_S2toS1_2026-01-25_200552_seed42_early_stop.pkl,1.0,1.0,1.0,1.0,1.0,1.0,1.0,1.0,1.0,1.0,1.0,1.0,1.0,0.819672131147541,0.8005464480874317,0.8005464480874317,0.7923497267759563,0.7923497267759563,0.819672131147541,0.819672131147541,0.7868852459016393,0.9016393442622951,0.9344262295081968,0.9672131147540983,1.0,0.7868852459016393
2.2,S2.2_ItoT_1_S2toS1,RandomForest,42,61,61,"{'n_estimators': 300, 'max_depth': 20, 'min_samples_split': 2, 'min_samples_leaf': 1, 'max_features': 'sqrt', 'bootstrap': True}",scenario_results_rf_only_2026-01-25_200552_early_stop/randomforest_S2.2_ItoT_1_S2toS1_2026-01-25_200552_seed42_early_stop.pkl,1.0,1.0,1.0,1.0,1.0,1.0,1.0,1.0,1.0,1.0,1.0,1.0,1.0,0.8688524590163934,0.8333333333333333,0.8333333333333333,0.8169398907103825,0.8169398907103825,0.8688524590163934,0.8688524590163934,0.8688524590163934,0.9672131147540983,0.9836065573770492,0.9836065573770492,1.0,0.8360655737704918
2.2,S2.2_ItoT_2_S2toS1,RandomForest,42,61,61,"{'n_estimators': 300, 'max_depth': 20, 'min_samples_split': 2, 'min_samples_leaf': 1, 'max_features': 'sqrt', 'bootstrap': True}",scenario_results_rf_only_2026-01-25_200552_early_stop/randomforest_S2.2_ItoT_2_S2toS1_2026-01-25_200552_seed42_early_stop.pkl,1.0,1.0,1.0,1.0,1.0,1.0,1.0,1.0,1.0,1.0,1.0,1.0,1.0,0.819672131147541,0.7841530054644807,0.7841530054644807,0.7677595628415301,0.7677595628415301,0.819672131147541,0.819672131147541,0.8524590163934426,0.9344262295081968,0.9836065573770492,0.9836065573770492,1.0,0.8032786885245902
2.2,S2.2_ItoT_3_S2toS1,RandomForest,42,61,61,"{'n_estimators': 300, 'max_depth': 20, 'min_samples_split': 2, 'min_samples_leaf': 1, 'max_features': 'sqrt', 'bootstrap': True}",scenario_results_rf_only_2026-01-25_200552_early_stop/randomforest_S2.2_ItoT_3_S2toS1_2026-01-25_200552_seed42_early_stop.pkl,1.0,1.0,1.0,1.0,1.0,1.0,1.0,1.0,1.0,1.0,1.0,1.0,1.0,0.8360655737704918,0.7978142076502732,0.7978142076502732,0.7786885245901639,0.7786885245901639,0.8360655737704918,0.8360655737704918,0.8360655737704918,0.9508196721311475,0.9836065573770492,0.9836065573770492,0.9836065573770492,0.8360655737704918
2.2,S2.2_ItoF_1_S2toS1,RandomForest,42,61,61,"{'n_estimators': 300, 'max_depth': 20, 'min_samples_split': 2, 'min_samples_leaf': 1, 'max_features': 'sqrt', 'bootstrap': True}",scenario_results_rf_only_2026-01-25_200552_early_stop/randomforest_S2.2_ItoF_1_S2toS1_2026-01-25_200552_seed42_early_stop.pkl,1.0,1.0,1.0,1.0,1.0,1.0,1.0,1.0,1.0,1.0,1.0,1.0,1.0,0.7540983606557377,0.7076502732240437,0.7076502732240437,0.6890710382513661,0.6890710382513661,0.7540983606557377,0.7540983606557377,0.7540983606557377,0.819672131147541,0.9180327868852459,0.9672131147540983,0.9672131147540983,0.7213114754098361
2.2,S2.2_ItoF_2_S2toS1,RandomForest,42,61,61,"{'n_estimators': 300, 'max_depth': 20, 'min_samples_split': 2, 'min_samples_leaf': 1, 'max_features': 'sqrt', 'bootstrap': True}",scenario_results_rf_only_2026-01-25_200552_early_stop/randomforest_S2.2_ItoF_2_S2toS1_2026-01-25_200552_seed42_early_stop.pkl,1.0,1.0,1.0,1.0,1.0,1.0,1.0,1.0,1.0,1.0,1.0,1.0,1.0,0.819672131147541,0.7841530054644807,0.7841530054644807,0.76775956284153,0.76775956284153,0.819672131147541,0.819672131147541,0.819672131147541,0.9180327868852459,0.9508196721311475,0.9672131147540983,1.0,0.819672131147541
2.2,S2.2_ItoF_3_S2toS1,RandomForest,42,61,61,"{'n_estimators': 300, 'max_depth': 20, 'min_samples_split': 2, 'min_samples_leaf': 1, 'max_features': 'sqrt', 'bootstrap': True}",scenario_results_rf_only_2026-01-25_200552_early_stop/randomforest_S2.2_ItoF_3_S2toS1_2026-01-25_200552_seed42_early_stop.pkl,1.0,1.0,1.0,1.0,1.0,1.0,1.0,1.0,1.0,1.0,1.0,1.0,1.0,0.7868852459016393,0.7333333333333333,0.7333333333333333,0.7117486338797814,0.7117486338797814,0.7868852459016393,0.7868852459016393,0.7704918032786885,0.9016393442622951,0.9672131147540983,0.9672131147540983,0.9672131147540983,0.7540983606557377
2.2,S2.2_TtoF_1_S2toS1,RandomForest,42,61,61,"{'n_estimators': 300, 'max_depth': 20, 'min_samples_split': 2, 'min_samples_leaf': 1, 'max_features': 'sqrt', 'bootstrap': True}",scenario_results_rf_only_2026-01-25_200552_early_stop/randomforest_S2.2_TtoF_1_S2toS1_2026-01-25_200552_seed42_early_stop.pkl,1.0,1.0,1.0,1.0,1.0,1.0,1.0,1.0,1.0,1.0,1.0,1.0,1.0,0.8524590163934426,0.8169398907103824,0.8169398907103824,0.8005464480874317,0.8005464480874317,0.8524590163934426,0.8524590163934426,0.819672131147541,0.9344262295081968,0.9508196721311475,1.0,1.0,0.819672131147541
2.2,S2.2_TtoF_2_S2toS1,RandomForest,42,61,61,"{'n_estimators': 300, 'max_depth': 20, 'min_samples_split': 2, 'min_samples_leaf': 1, 'max_features': 'sqrt', 'bootstrap': True}",scenario_results_rf_only_2026-01-25_200552_early_stop/randomforest_S2.2_TtoF_2_S2toS1_2026-01-25_200552_seed42_early_stop.pkl,1.0,1.0,1.0,1.0,1.0,1.0,1.0,1.0,1.0,1.0,1.0,1.0,1.0,0.8524590163934426,0.8262295081967213,0.8262295081967213,0.8155737704918032,0.8155737704918032,0.8524590163934426,0.8524590163934426,0.819672131147541,0.9180327868852459,0.9508196721311475,0.9672131147540983,0.9672131147540983,0.819672131147541
2.2,S2.2_TtoF_3_S2toS1,RandomForest,42,61,61,"{'n_estimators': 300, 'max_depth': 20, 'min_samples_split': 2, 'min_samples_leaf': 1, 'max_features': 'sqrt', 'bootstrap': True}",scenario_results_rf_only_2026-01-25_200552_early_stop/randomforest_S2.2_TtoF_3_S2toS1_2026-01-25_200552_seed42_early_stop.pkl,1.0,1.0,1.0,1.0,1.0,1.0,1.0,1.0,1.0,1.0,1.0,1.0,1.0,0.819672131147541,0.7896174863387978,0.7896174863387978,0.7759562841530055,0.7759562841530055,0.819672131147541,0.819672131147541,0.819672131147541,0.9180327868852459,0.9508196721311475,0.9508196721311475,0.9508196721311475,0.819672131147541
2.2,S2.2_TtoI_1_S2toS1,RandomForest,42,61,61,"{'n_estimators': 300, 'max_depth': 20, 'min_samples_split': 2, 'min_samples_leaf': 1, 'max_features': 'sqrt', 'bootstrap': True}",scenario_results_rf_only_2026-01-25_200552_early_stop/randomforest_S2.2_TtoI_1_S2toS1_2026-01-25_200552_seed42_early_stop.pkl,1.0,1.0,1.0,1.0,1.0,1.0,1.0,1.0,1.0,1.0,1.0,1.0,1.0,0.8360655737704918,0.7950819672131146,0.7950819672131146,0.7759562841530054,0.7759562841530054,0.8360655737704918,0.8360655737704918,0.8360655737704918,0.9180327868852459,0.9836065573770492,0.9836065573770492,0.9836065573770492,0.8360655737704918
2.2,S2.2_TtoI_2_S2toS1,RandomForest,42,61,61,"{'n_estimators': 300, 'max_depth': 20, 'min_samples_split': 2, 'min_samples_leaf': 1, 'max_features': 'sqrt', 'bootstrap': True}",scenario_results_rf_only_2026-01-25_200552_early_stop/randomforest_S2.2_TtoI_2_S2toS1_2026-01-25_200552_seed42_early_stop.pkl,1.0,1.0,1.0,1.0,1.0,1.0,1.0,1.0,1.0,1.0,1.0,1.0,1.0,0.7704918032786885,0.7404371584699453,0.7404371584699453,0.7267759562841529,0.7267759562841529,0.7704918032786885,0.7704918032786885,0.7704918032786885,0.8852459016393442,0.9016393442622951,0.9508196721311475,0.9672131147540983,0.7704918032786885
2.2,S2.2_TtoI_3_S2toS1,RandomForest,42,61,61,"{'n_estimators': 300, 'max_depth': 20, 'min_samples_split': 2, 'min_samples_leaf': 1, 'max_features': 'sqrt', 'bootstrap': True}",scenario_results_rf_only_2026-01-25_200552_early_stop/randomforest_S2.2_TtoI_3_S2toS1_2026-01-25_200552_seed42_early_stop.pkl,1.0,1.0,1.0,1.0,1.0,1.0,1.0,1.0,1.0,1.0,1.0,1.0,1.0,0.8524590163934426,0.819672131147541,0.819672131147541,0.8060109289617488,0.8060109289617488,0.8524590163934426,0.8524590163934426,0.8688524590163934,0.9508196721311475,0.9508196721311475,0.9672131147540983,0.9836065573770492,0.8360655737704918
2.2,S2.2_FtoI_1_S2toS1,RandomForest,123,61,61,"{'n_estimators': 300, 'max_depth': 20, 'min_samples_split': 2, 'min_samples_leaf': 1, 'max_features': 'sqrt', 'bootstrap': True}",scenario_results_rf_only_2026-01-25_200552_early_stop/randomforest_S2.2_FtoI_1_S2toS1_2026-01-25_200552_seed123_early_stop.pkl,1.0,1.0,1.0,1.0,1.0,1.0,1.0,1.0,1.0,1.0,1.0,1.0,1.0,0.8524590163934426,0.8114754098360656,0.8114754098360656,0.7923497267759562,0.7923497267759562,0.8524590163934426,0.8524590163934426,0.8852459016393442,0.9508196721311475,0.9836065573770492,0.9836065573770492,0.9836065573770492,0.8524590163934426
2.2,S2.2_FtoI_2_S2toS1,RandomForest,123,61,61,"{'n_estimators': 300, 'max_depth': 20, 'min_samples_split': 2, 'min_samples_leaf': 1, 'max_features': 'sqrt', 'bootstrap': True}",scenario_results_rf_only_2026-01-25_200552_early_stop/randomforest_S2.2_FtoI_2_S2toS1_2026-01-25_200552_seed123_early_stop.pkl,1.0,1.0,1.0,1.0,1.0,1.0,1.0,1.0,1.0,1.0,1.0,1.0,1.0,0.8524590163934426,0.8278688524590164,0.8278688524590164,0.8169398907103825,0.8169398907103825,0.8524590163934426,0.8524590163934426,0.8524590163934426,0.9180327868852459,0.9180327868852459,0.9344262295081968,0.9344262295081968,0.8524590163934426
2.2,S2.2_FtoI_3_S2toS1,RandomForest,123,61,61,"{'n_estimators': 300, 'max_depth': 20, 'min_samples_split': 2, 'min_samples_leaf': 1, 'max_features': 'sqrt', 'bootstrap': True}",scenario_results_rf_only_2026-01-25_200552_early_stop/randomforest_S2.2_FtoI_3_S2toS1_2026-01-25_200552_seed123_early_stop.pkl,1.0,1.0,1.0,1.0,1.0,1.0,1.0,1.0,1.0,1.0,1.0,1.0,1.0,0.8688524590163934,0.8360655737704918,0.8360655737704918,0.819672131147541,0.819672131147541,0.8688524590163934,0.8688524590163934,0.8688524590163934,0.9672131147540983,0.9836065573770492,0.9836065573770492,0.9836065573770492,0.8688524590163934
2.2,S2.2_FtoT_1_S2toS1,RandomForest,123,61,61,"{'n_estimators': 300, 'max_depth': 20, 'min_samples_split': 2, 'min_samples_leaf': 1, 'max_features': 'sqrt', 'bootstrap': True}",scenario_results_rf_only_2026-01-25_200552_early_stop/randomforest_S2.2_FtoT_1_S2toS1_2026-01-25_200552_seed123_early_stop.pkl,1.0,1.0,1.0,1.0,1.0,1.0,1.0,1.0,1.0,1.0,1.0,1.0,1.0,0.8688524590163934,0.8278688524590164,0.8278688524590164,0.8087431693989071,0.8087431693989071,0.8688524590163934,0.8688524590163934,0.8524590163934426,0.9344262295081968,0.9672131147540983,0.9836065573770492,1.0,0.8360655737704918
2.2,S2.2_FtoT_2_S2toS1,RandomForest,123,61,61,"{'n_estimators': 300, 'max_depth': 20, 'min_samples_split': 2, 'min_samples_leaf': 1, 'max_features': 'sqrt', 'bootstrap': True}",scenario_results_rf_only_2026-01-25_200552_early_stop/randomforest_S2.2_FtoT_2_S2toS1_2026-01-25_200552_seed123_early_stop.pkl,1.0,1.0,1.0,1.0,1.0,1.0,1.0,1.0,1.0,1.0,1.0,1.0,1.0,0.7868852459016393,0.7404371584699454,0.7404371584699454,0.7185792349726776,0.7185792349726776,0.7868852459016393,0.7868852459016393,0.7868852459016393,0.9344262295081968,0.9672131147540983,0.9836065573770492,1.0,0.7704918032786885
2.2,S2.2_FtoT_3_S2toS1,RandomForest,123,61,61,"{'n_estimators': 300, 'max_depth': 20, 'min_samples_split': 2, 'min_samples_leaf': 1, 'max_features': 'sqrt', 'bootstrap': True}",scenario_results_rf_only_2026-01-25_200552_early_stop/randomforest_S2.2_FtoT_3_S2toS1_2026-01-25_200552_seed123_early_stop.pkl,1.0,1.0,1.0,1.0,1.0,1.0,1.0,1.0,1.0,1.0,1.0,1.0,1.0,0.7868852459016393,0.7650273224043717,0.7650273224043717,0.7540983606557377,0.7540983606557377,0.7868852459016393,0.7868852459016393,0.7868852459016393,0.8688524590163934,0.9344262295081968,0.9508196721311475,1.0,0.7868852459016393
2.2,S2.2_ItoT_1_S2toS1,RandomForest,123,61,61,"{'n_estimators': 300, 'max_depth': 20, 'min_samples_split': 2, 'min_samples_leaf': 1, 'max_features': 'sqrt', 'bootstrap': True}",scenario_results_rf_only_2026-01-25_200552_early_stop/randomforest_S2.2_ItoT_1_S2toS1_2026-01-25_200552_seed123_early_stop.pkl,1.0,1.0,1.0,1.0,1.0,1.0,1.0,1.0,1.0,1.0,1.0,1.0,1.0,0.7540983606557377,0.6830601092896175,0.6830601092896175,0.6502732240437159,0.6502732240437159,0.7540983606557377,0.7540983606557377,0.7704918032786885,0.8688524590163934,0.9180327868852459,0.9508196721311475,0.9508196721311475,0.7213114754098361
2.2,S2.2_ItoT_2_S2toS1,RandomForest,123,61,61,"{'n_estimators': 300, 'max_depth': 20, 'min_samples_split': 2, 'min_samples_leaf': 1, 'max_features': 'sqrt', 'bootstrap': True}",scenario_results_rf_only_2026-01-25_200552_early_stop/randomforest_S2.2_ItoT_2_S2toS1_2026-01-25_200552_seed123_early_stop.pkl,1.0,1.0,1.0,1.0,1.0,1.0,1.0,1.0,1.0,1.0,1.0,1.0,1.0,0.8524590163934426,0.8142076502732242,0.8142076502732242,0.7950819672131147,0.7950819672131147,0.8524590163934426,0.8524590163934426,0.8524590163934426,0.9508196721311475,0.9672131147540983,0.9672131147540983,0.9836065573770492,0.8524590163934426
2.2,S2.2_ItoT_3_S2toS1,RandomForest,123,61,61,"{'n_estimators': 300, 'max_depth': 20, 'min_samples_split': 2, 'min_samples_leaf': 1, 'max_features': 'sqrt', 'bootstrap': True}",scenario_results_rf_only_2026-01-25_200552_early_stop/randomforest_S2.2_ItoT_3_S2toS1_2026-01-25_200552_seed123_early_stop.pkl,1.0,1.0,1.0,1.0,1.0,1.0,1.0,1.0,1.0,1.0,1.0,1.0,1.0,0.7540983606557377,0.7060109289617486,0.7060109289617486,0.6844262295081968,0.6844262295081968,0.7540983606557377,0.7540983606557377,0.7377049180327869,0.9180327868852459,0.9508196721311475,0.9672131147540983,0.9672131147540983,0.7213114754098361
2.2,S2.2_ItoF_1_S2toS1,RandomForest,123,61,61,"{'n_estimators': 300, 'max_depth': 20, 'min_samples_split': 2, 'min_samples_leaf': 1, 'max_features': 'sqrt', 'bootstrap': True}",scenario_results_rf_only_2026-01-25_200552_early_stop/randomforest_S2.2_ItoF_1_S2toS1_2026-01-25_200552_seed123_early_stop.pkl,1.0,1.0,1.0,1.0,1.0,1.0,1.0,1.0,1.0,1.0,1.0,1.0,1.0,0.6557377049180327,0.6229508196721312,0.6229508196721312,0.6092896174863389,0.6092896174863389,0.6557377049180327,0.6557377049180327,0.6885245901639344,0.7868852459016393,0.9180327868852459,0.9672131147540983,1.0,0.6557377049180327
2.2,S2.2_ItoF_2_S2toS1,RandomForest,123,61,61,"{'n_estimators': 300, 'max_depth': 20, 'min_samples_split': 2, 'min_samples_leaf': 1, 'max_features': 'sqrt', 'bootstrap': True}",scenario_results_rf_only_2026-01-25_200552_early_stop/randomforest_S2.2_ItoF_2_S2toS1_2026-01-25_200552_seed123_early_stop.pkl,1.0,1.0,1.0,1.0,1.0,1.0,1.0,1.0,1.0,1.0,1.0,1.0,1.0,0.8360655737704918,0.8032786885245901,0.8032786885245901,0.7868852459016393,0.7868852459016393,0.8360655737704918,0.8360655737704918,0.819672131147541,0.9016393442622951,0.9672131147540983,0.9836065573770492,1.0,0.819672131147541
2.2,S2.2_ItoF_3_S2toS1,RandomForest,123,61,61,"{'n_estimators': 300, 'max_depth': 20, 'min_samples_split': 2, 'min_samples_leaf': 1, 'max_features': 'sqrt', 'bootstrap': True}",scenario_results_rf_only_2026-01-25_200552_early_stop/randomforest_S2.2_ItoF_3_S2toS1_2026-01-25_200552_seed123_early_stop.pkl,1.0,1.0,1.0,1.0,1.0,1.0,1.0,1.0,1.0,1.0,1.0,1.0,1.0,0.7377049180327869,0.6923497267759562,0.6923497267759562,0.6734972677595629,0.6734972677595629,0.7377049180327869,0.7377049180327869,0.7540983606557377,0.8524590163934426,0.8852459016393442,0.9344262295081968,0.9508196721311475,0.7213114754098361
2.2,S2.2_TtoF_1_S2toS1,RandomForest,123,61,61,"{'n_estimators': 300, 'max_depth': 20, 'min_samples_split': 2, 'min_samples_leaf': 1, 'max_features': 'sqrt', 'bootstrap': True}",scenario_results_rf_only_2026-01-25_200552_early_stop/randomforest_S2.2_TtoF_1_S2toS1_2026-01-25_200552_seed123_early_stop.pkl,1.0,1.0,1.0,1.0,1.0,1.0,1.0,1.0,1.0,1.0,1.0,1.0,1.0,0.7704918032786885,0.7240437158469946,0.7240437158469946,0.7049180327868853,0.7049180327868853,0.7704918032786885,0.7704918032786885,0.8524590163934426,0.9180327868852459,0.9508196721311475,0.9672131147540983,0.9672131147540983,0.7704918032786885
2.2,S2.2_TtoF_2_S2toS1,RandomForest,123,61,61,"{'n_estimators': 300, 'max_depth': 20, 'min_samples_split': 2, 'min_samples_leaf': 1, 'max_features': 'sqrt', 'bootstrap': True}",scenario_results_rf_only_2026-01-25_200552_early_stop/randomforest_S2.2_TtoF_2_S2toS1_2026-01-25_200552_seed123_early_stop.pkl,1.0,1.0,1.0,1.0,1.0,1.0,1.0,1.0,1.0,1.0,1.0,1.0,1.0,0.9016393442622951,0.8715846994535519,0.8715846994535519,0.8579234972677595,0.8579234972677595,0.9016393442622951,0.9016393442622951,0.9016393442622951,0.9836065573770492,0.9836065573770492,0.9836065573770492,0.9836065573770492,0.8852459016393442
2.2,S2.2_TtoF_3_S2toS1,RandomForest,123,61,61,"{'n_estimators': 300, 'max_depth': 20, 'min_samples_split': 2, 'min_samples_leaf': 1, 'max_features': 'sqrt', 'bootstrap': True}",scenario_results_rf_only_2026-01-25_200552_early_stop/randomforest_S2.2_TtoF_3_S2toS1_2026-01-25_200552_seed123_early_stop.pkl,1.0,1.0,1.0,1.0,1.0,1.0,1.0,1.0,1.0,1.0,1.0,1.0,1.0,0.7704918032786885,0.7295081967213115,0.7295081967213115,0.7103825136612021,0.7103825136612021,0.7704918032786885,0.7704918032786885,0.7704918032786885,0.9016393442622951,0.9508196721311475,0.9672131147540983,0.9672131147540983,0.7704918032786885
2.2,S2.2_TtoI_1_S2toS1,RandomForest,123,61,61,"{'n_estimators': 300, 'max_depth': 20, 'min_samples_split': 2, 'min_samples_leaf': 1, 'max_features': 'sqrt', 'bootstrap': True}",scenario_results_rf_only_2026-01-25_200552_early_stop/randomforest_S2.2_TtoI_1_S2toS1_2026-01-25_200552_seed123_early_stop.pkl,1.0,1.0,1.0,1.0,1.0,1.0,1.0,1.0,1.0,1.0,1.0,1.0,1.0,0.8360655737704918,0.8087431693989071,0.8087431693989071,0.7950819672131147,0.7950819672131147,0.8360655737704918,0.8360655737704918,0.819672131147541,0.8688524590163934,0.9180327868852459,0.9344262295081968,0.9672131147540983,0.819672131147541
2.2,S2.2_TtoI_2_S2toS1,RandomForest,123,61,61,"{'n_estimators': 300, 'max_depth': 20, 'min_samples_split': 2, 'min_samples_leaf': 1, 'max_features': 'sqrt', 'bootstrap': True}",scenario_results_rf_only_2026-01-25_200552_early_stop/randomforest_S2.2_TtoI_2_S2toS1_2026-01-25_200552_seed123_early_stop.pkl,1.0,1.0,1.0,1.0,1.0,1.0,1.0,1.0,1.0,1.0,1.0,1.0,1.0,0.8360655737704918,0.8005464480874316,0.8005464480874316,0.7841530054644807,0.7841530054644807,0.8360655737704918,0.8360655737704918,0.8524590163934426,0.9672131147540983,0.9672131147540983,0.9672131147540983,0.9672131147540983,0.8032786885245902
2.2,S2.2_TtoI_3_S2toS1,RandomForest,123,61,61,"{'n_estimators': 300, 'max_depth': 20, 'min_samples_split': 2, 'min_samples_leaf': 1, 'max_features': 'sqrt', 'bootstrap': True}",scenario_results_rf_only_2026-01-25_200552_early_stop/randomforest_S2.2_TtoI_3_S2toS1_2026-01-25_200552_seed123_early_stop.pkl,1.0,1.0,1.0,1.0,1.0,1.0,1.0,1.0,1.0,1.0,1.0,1.0,1.0,0.8524590163934426,0.8032786885245902,0.8032786885245902,0.7786885245901639,0.7786885245901639,0.8524590163934426,0.8524590163934426,0.8688524590163934,0.9180327868852459,0.9508196721311475,1.0,1.0,0.8524590163934426
2.2,S2.2_FtoI_1_S2toS1,RandomForest,456,61,61,"{'n_estimators': 300, 'max_depth': 20, 'min_samples_split': 2, 'min_samples_leaf': 1, 'max_features': 'sqrt', 'bootstrap': True}",scenario_results_rf_only_2026-01-25_200552_early_stop/randomforest_S2.2_FtoI_1_S2toS1_2026-01-25_200552_seed456_early_stop.pkl,1.0,1.0,1.0,1.0,1.0,1.0,1.0,1.0,1.0,1.0,1.0,1.0,1.0,0.8032786885245902,0.7595628415300546,0.7595628415300546,0.7377049180327869,0.7377049180327869,0.8032786885245902,0.8032786885245902,0.8360655737704918,0.9016393442622951,0.9344262295081968,0.9508196721311475,0.9836065573770492,0.7868852459016393
2.2,S2.2_FtoI_2_S2toS1,RandomForest,456,61,61,"{'n_estimators': 300, 'max_depth': 20, 'min_samples_split': 2, 'min_samples_leaf': 1, 'max_features': 'sqrt', 'bootstrap': True}",scenario_results_rf_only_2026-01-25_200552_early_stop/randomforest_S2.2_FtoI_2_S2toS1_2026-01-25_200552_seed456_early_stop.pkl,1.0,1.0,1.0,1.0,1.0,1.0,1.0,1.0,1.0,1.0,1.0,1.0,1.0,0.8688524590163934,0.8415300546448087,0.8415300546448087,0.8278688524590164,0.8278688524590164,0.8688524590163934,0.8688524590163934,0.8852459016393442,0.9344262295081968,0.9672131147540983,0.9836065573770492,0.9836065573770492,0.8688524590163934
2.2,S2.2_FtoI_3_S2toS1,RandomForest,456,61,61,"{'n_estimators': 300, 'max_depth': 20, 'min_samples_split': 2, 'min_samples_leaf': 1, 'max_features': 'sqrt', 'bootstrap': True}",scenario_results_rf_only_2026-01-25_200552_early_stop/randomforest_S2.2_FtoI_3_S2toS1_2026-01-25_200552_seed456_early_stop.pkl,1.0,1.0,1.0,1.0,1.0,1.0,1.0,1.0,1.0,1.0,1.0,1.0,1.0,0.9344262295081968,0.9180327868852459,0.9180327868852459,0.9098360655737705,0.9098360655737705,0.9344262295081968,0.9344262295081968,0.9180327868852459,0.9344262295081968,0.9672131147540983,0.9836065573770492,0.9836065573770492,0.9180327868852459
2.2,S2.2_FtoT_1_S2toS1,RandomForest,456,61,61,"{'n_estimators': 300, 'max_depth': 20, 'min_samples_split': 2, 'min_samples_leaf': 1, 'max_features': 'sqrt', 'bootstrap': True}",scenario_results_rf_only_2026-01-25_200552_early_stop/randomforest_S2.2_FtoT_1_S2toS1_2026-01-25_200552_seed456_early_stop.pkl,1.0,1.0,1.0,1.0,1.0,1.0,1.0,1.0,1.0,1.0,1.0,1.0,1.0,0.8360655737704918,0.7934426229508197,0.7934426229508197,0.7745901639344263,0.7745901639344263,0.8360655737704918,0.8360655737704918,0.8360655737704918,0.9344262295081968,0.9508196721311475,0.9672131147540983,0.9836065573770492,0.8360655737704918
2.2,S2.2_FtoT_2_S2toS1,RandomForest,456,61,61,"{'n_estimators': 300, 'max_depth': 20, 'min_samples_split': 2, 'min_samples_leaf': 1, 'max_features': 'sqrt', 'bootstrap': True}",scenario_results_rf_only_2026-01-25_200552_early_stop/randomforest_S2.2_FtoT_2_S2toS1_2026-01-25_200552_seed456_early_stop.pkl,1.0,1.0,1.0,1.0,1.0,1.0,1.0,1.0,1.0,1.0,1.0,1.0,1.0,0.8360655737704918,0.8005464480874317,0.8005464480874317,0.787431693989071,0.787431693989071,0.8360655737704918,0.8360655737704918,0.8360655737704918,0.9344262295081968,0.9508196721311475,0.9836065573770492,0.9836065573770492,0.819672131147541
2.2,S2.2_FtoT_3_S2toS1,RandomForest,456,61,61,"{'n_estimators': 300, 'max_depth': 20, 'min_samples_split': 2, 'min_samples_leaf': 1, 'max_features': 'sqrt', 'bootstrap': True}",scenario_results_rf_only_2026-01-25_200552_early_stop/randomforest_S2.2_FtoT_3_S2toS1_2026-01-25_200552_seed456_early_stop.pkl,1.0,1.0,1.0,1.0,1.0,1.0,1.0,1.0,1.0,1.0,1.0,1.0,1.0,0.8524590163934426,0.819672131147541,0.819672131147541,0.8032786885245902,0.8032786885245902,0.8524590163934426,0.8524590163934426,0.8360655737704918,0.8524590163934426,0.9180327868852459,0.9672131147540983,1.0,0.8360655737704918
2.2,S2.2_ItoT_1_S2toS1,RandomForest,456,61,61,"{'n_estimators': 300, 'max_depth': 20, 'min_samples_split': 2, 'min_samples_leaf': 1, 'max_features': 'sqrt', 'bootstrap': True}",scenario_results_rf_only_2026-01-25_200552_early_stop/randomforest_S2.2_ItoT_1_S2toS1_2026-01-25_200552_seed456_early_stop.pkl,1.0,1.0,1.0,1.0,1.0,1.0,1.0,1.0,1.0,1.0,1.0,1.0,1.0,0.8852459016393442,0.8524590163934425,0.8524590163934425,0.8360655737704918,0.8360655737704918,0.8852459016393442,0.8852459016393442,0.8524590163934426,0.9180327868852459,0.9836065573770492,0.9836065573770492,0.9836065573770492,0.8524590163934426
2.2,S2.2_ItoT_2_S2toS1,RandomForest,456,61,61,"{'n_estimators': 300, 'max_depth': 20, 'min_samples_split': 2, 'min_samples_leaf': 1, 'max_features': 'sqrt', 'bootstrap': True}",scenario_results_rf_only_2026-01-25_200552_early_stop/randomforest_S2.2_ItoT_2_S2toS1_2026-01-25_200552_seed456_early_stop.pkl,1.0,1.0,1.0,1.0,1.0,1.0,1.0,1.0,1.0,1.0,1.0,1.0,1.0,0.8524590163934426,0.8306010928961748,0.8306010928961748,0.819672131147541,0.819672131147541,0.8524590163934426,0.8524590163934426,0.8360655737704918,0.9508196721311475,0.9836065573770492,0.9836065573770492,0.9836065573770492,0.8360655737704918
2.2,S2.2_ItoT_3_S2toS1,RandomForest,456,61,61,"{'n_estimators': 300, 'max_depth': 20, 'min_samples_split': 2, 'min_samples_leaf': 1, 'max_features': 'sqrt', 'bootstrap': True}",scenario_results_rf_only_2026-01-25_200552_early_stop/randomforest_S2.2_ItoT_3_S2toS1_2026-01-25_200552_seed456_early_stop.pkl,1.0,1.0,1.0,1.0,1.0,1.0,1.0,1.0,1.0,1.0,1.0,1.0,1.0,0.819672131147541,0.7786885245901638,0.7786885245901638,0.7595628415300546,0.7595628415300546,0.819672131147541,0.819672131147541,0.8360655737704918,0.9016393442622951,0.9344262295081968,0.9508196721311475,0.9508196721311475,0.819672131147541
2.2,S2.2_ItoF_1_S2toS1,RandomForest,456,61,61,"{'n_estimators': 300, 'max_depth': 20, 'min_samples_split': 2, 'min_samples_leaf': 1, 'max_features': 'sqrt', 'bootstrap': True}",scenario_results_rf_only_2026-01-25_200552_early_stop/randomforest_S2.2_ItoF_1_S2toS1_2026-01-25_200552_seed456_early_stop.pkl,1.0,1.0,1.0,1.0,1.0,1.0,1.0,1.0,1.0,1.0,1.0,1.0,1.0,0.7049180327868853,0.6502732240437158,0.6502732240437158,0.6256830601092895,0.6256830601092895,0.7049180327868853,0.7049180327868853,0.6885245901639344,0.819672131147541,0.8852459016393442,0.9016393442622951,0.9508196721311475,0.6721311475409836
2.2,S2.2_ItoF_2_S2toS1,RandomForest,456,61,61,"{'n_estimators': 300, 'max_depth': 20, 'min_samples_split': 2, 'min_samples_leaf': 1, 'max_features': 'sqrt', 'bootstrap': True}",scenario_results_rf_only_2026-01-25_200552_early_stop/randomforest_S2.2_ItoF_2_S2toS1_2026-01-25_200552_seed456_early_stop.pkl,1.0,1.0,1.0,1.0,1.0,1.0,1.0,1.0,1.0,1.0,1.0,1.0,1.0,0.8360655737704918,0.8016393442622951,0.8016393442622951,0.7882513661202185,0.7882513661202185,0.8360655737704918,0.8360655737704918,0.819672131147541,0.9344262295081968,0.9672131147540983,0.9836065573770492,1.0,0.819672131147541
2.2,S2.2_ItoF_3_S2toS1,RandomForest,456,61,61,"{'n_estimators': 300, 'max_depth': 20, 'min_samples_split': 2, 'min_samples_leaf': 1, 'max_features': 'sqrt', 'bootstrap': True}",scenario_results_rf_only_2026-01-25_200552_early_stop/randomforest_S2.2_ItoF_3_S2toS1_2026-01-25_200552_seed456_early_stop.pkl,1.0,1.0,1.0,1.0,1.0,1.0,1.0,1.0,1.0,1.0,1.0,1.0,1.0,0.7049180327868853,0.6584699453551911,0.6584699453551911,0.6366120218579235,0.6366120218579235,0.7049180327868853,0.7049180327868853,0.6721311475409836,0.8852459016393442,0.9344262295081968,0.9672131147540983,0.9672131147540983,0.6557377049180327
2.2,S2.2_TtoF_1_S2toS1,RandomForest,456,61,61,"{'n_estimators': 300, 'max_depth': 20, 'min_samples_split': 2, 'min_samples_leaf': 1, 'max_features': 'sqrt', 'bootstrap': True}",scenario_results_rf_only_2026-01-25_200552_early_stop/randomforest_S2.2_TtoF_1_S2toS1_2026-01-25_200552_seed456_early_stop.pkl,1.0,1.0,1.0,1.0,1.0,1.0,1.0,1.0,1.0,1.0,1.0,1.0,1.0,0.7868852459016393,0.7459016393442623,0.7459016393442623,0.7267759562841529,0.7267759562841529,0.7868852459016393,0.7868852459016393,0.7704918032786885,0.9508196721311475,0.9672131147540983,0.9836065573770492,0.9836065573770492,0.7704918032786885
2.2,S2.2_TtoF_2_S2toS1,RandomForest,456,61,61,"{'n_estimators': 300, 'max_depth': 20, 'min_samples_split': 2, 'min_samples_leaf': 1, 'max_features': 'sqrt', 'bootstrap': True}",scenario_results_rf_only_2026-01-25_200552_early_stop/randomforest_S2.2_TtoF_2_S2toS1_2026-01-25_200552_seed456_early_stop.pkl,1.0,1.0,1.0,1.0,1.0,1.0,1.0,1.0,1.0,1.0,1.0,1.0,1.0,0.8032786885245902,0.762295081967213,0.762295081967213,0.7431693989071038,0.7431693989071038,0.8032786885245902,0.8032786885245902,0.8360655737704918,0.9508196721311475,0.9672131147540983,0.9672131147540983,0.9672131147540983,0.8032786885245902
2.2,S2.2_TtoF_3_S2toS1,RandomForest,456,61,61,"{'n_estimators': 300, 'max_depth': 20, 'min_samples_split': 2, 'min_samples_leaf': 1, 'max_features': 'sqrt', 'bootstrap': True}",scenario_results_rf_only_2026-01-25_200552_early_stop/randomforest_S2.2_TtoF_3_S2toS1_2026-01-25_200552_seed456_early_stop.pkl,1.0,1.0,1.0,1.0,1.0,1.0,1.0,1.0,1.0,1.0,1.0,1.0,1.0,0.8360655737704918,0.8142076502732242,0.8142076502732242,0.8032786885245902,0.8032786885245902,0.8360655737704918,0.8360655737704918,0.8524590163934426,0.9180327868852459,0.9508196721311475,0.9672131147540983,0.9672131147540983,0.8360655737704918
2.2,S2.2_TtoI_1_S2toS1,RandomForest,456,61,61,"{'n_estimators': 300, 'max_depth': 20, 'min_samples_split': 2, 'min_samples_leaf': 1, 'max_features': 'sqrt', 'bootstrap': True}",scenario_results_rf_only_2026-01-25_200552_early_stop/randomforest_S2.2_TtoI_1_S2toS1_2026-01-25_200552_seed456_early_stop.pkl,1.0,1.0,1.0,1.0,1.0,1.0,1.0,1.0,1.0,1.0,1.0,1.0,1.0,0.8360655737704918,0.8005464480874317,0.8005464480874317,0.7841530054644807,0.7841530054644807,0.8360655737704918,0.8360655737704918,0.8360655737704918,0.9672131147540983,0.9836065573770492,0.9836065573770492,0.9836065573770492,0.8360655737704918
2.2,S2.2_TtoI_2_S2toS1,RandomForest,456,61,61,"{'n_estimators': 300, 'max_depth': 20, 'min_samples_split': 2, 'min_samples_leaf': 1, 'max_features': 'sqrt', 'bootstrap': True}",scenario_results_rf_only_2026-01-25_200552_early_stop/randomforest_S2.2_TtoI_2_S2toS1_2026-01-25_200552_seed456_early_stop.pkl,1.0,1.0,1.0,1.0,1.0,1.0,1.0,1.0,1.0,1.0,1.0,1.0,1.0,0.8032786885245902,0.7650273224043715,0.7650273224043715,0.7486338797814207,0.7486338797814207,0.8032786885245902,0.8032786885245902,0.819672131147541,0.9180327868852459,0.9508196721311475,0.9672131147540983,0.9672131147540983,0.8032786885245902
2.2,S2.2_TtoI_3_S2toS1,RandomForest,456,61,61,"{'n_estimators': 300, 'max_depth': 20, 'min_samples_split': 2, 'min_samples_leaf': 1, 'max_features': 'sqrt', 'bootstrap': True}",scenario_results_rf_only_2026-01-25_200552_early_stop/randomforest_S2.2_TtoI_3_S2toS1_2026-01-25_200552_seed456_early_stop.pkl,1.0,1.0,1.0,1.0,1.0,1.0,1.0,1.0,1.0,1.0,1.0,1.0,1.0,0.8032786885245902,0.7595628415300546,0.7595628415300546,0.7404371584699453,0.7404371584699453,0.8032786885245902,0.8032786885245902,0.7868852459016393,0.9344262295081968,0.9672131147540983,0.9672131147540983,0.9672131147540983,0.7704918032786885
3.1,S3.1_FtoI_1,RandomForest,42,122,122,"{'bootstrap': True, 'max_depth': 20, 'max_features': 'sqrt', 'min_samples_leaf': 1, 'min_samples_split': 2, 'n_estimators': 300}",scenario_results_rf_only_2026-01-25_200552_early_stop/randomforest_S3.1_FtoI_1_2026-01-25_200552_seed42_early_stop.pkl,1.0,1.0,1.0,1.0,1.0,1.0,1.0,1.0,1.0,1.0,1.0,1.0,1.0,0.9672131147540983,0.9595628415300547,0.9595628415300547,0.9617486338797815,0.9617486338797815,0.9672131147540983,0.9672131147540983,0.9672131147540983,0.9754098360655737,0.9836065573770492,0.9918032786885246,1.0,0.9672131147540983
3.1,S3.1_FtoI_2,RandomForest,42,122,122,"{'bootstrap': True, 'max_depth': 20, 'max_features': 'sqrt', 'min_samples_leaf': 1, 'min_samples_split': 2, 'n_estimators': 300}",scenario_results_rf_only_2026-01-25_200552_early_stop/randomforest_S3.1_FtoI_2_2026-01-25_200552_seed42_early_stop.pkl,1.0,1.0,1.0,1.0,1.0,1.0,1.0,1.0,1.0,1.0,1.0,1.0,1.0,0.9508196721311475,0.9426229508196722,0.9426229508196722,0.948087431693989,0.948087431693989,0.9508196721311475,0.9508196721311475,0.9508196721311475,1.0,1.0,1.0,1.0,0.9508196721311475
3.1,S3.1_FtoI_3,RandomForest,42,122,122,"{'bootstrap': True, 'max_depth': 20, 'max_features': 'sqrt', 'min_samples_leaf': 1, 'min_samples_split': 2, 'n_estimators': 300}",scenario_results_rf_only_2026-01-25_200552_early_stop/randomforest_S3.1_FtoI_3_2026-01-25_200552_seed42_early_stop.pkl,1.0,1.0,1.0,1.0,1.0,1.0,1.0,1.0,1.0,1.0,1.0,1.0,1.0,0.9754098360655737,0.9711163153786105,0.9711163153786105,0.9737704918032787,0.9737704918032787,0.9754098360655737,0.9754098360655737,0.9754098360655737,0.9836065573770492,1.0,1.0,1.0,0.9754098360655737
3.1,S3.1_FtoT_1,RandomForest,42,122,122,"{'bootstrap': True, 'max_depth': 20, 'max_features': 'sqrt', 'min_samples_leaf': 1, 'min_samples_split': 2, 'n_estimators': 300}",scenario_results_rf_only_2026-01-25_200552_early_stop/randomforest_S3.1_FtoT_1_2026-01-25_200552_seed42_early_stop.pkl,1.0,1.0,1.0,1.0,1.0,1.0,1.0,1.0,1.0,1.0,1.0,1.0,1.0,0.9754098360655737,0.9748633879781421,0.9748633879781421,0.9781420765027322,0.9781420765027322,0.9754098360655737,0.9754098360655737,0.9754098360655737,0.9918032786885246,1.0,1.0,1.0,0.9754098360655737
3.1,S3.1_FtoT_2,RandomForest,42,122,122,"{'bootstrap': True, 'max_depth': 20, 'max_features': 'sqrt', 'min_samples_leaf': 1, 'min_samples_split': 2, 'n_estimators': 300}",scenario_results_rf_only_2026-01-25_200552_early_stop/randomforest_S3.1_FtoT_2_2026-01-25_200552_seed42_early_stop.pkl,1.0,1.0,1.0,1.0,1.0,1.0,1.0,1.0,1.0,1.0,1.0,1.0,1.0,0.9508196721311475,0.9405152224824355,0.9405152224824355,0.9437158469945355,0.9437158469945355,0.9508196721311475,0.9508196721311475,0.9508196721311475,0.9918032786885246,1.0,1.0,1.0,0.9508196721311475
3.1,S3.1_FtoT_3,RandomForest,42,122,122,"{'bootstrap': True, 'max_depth': 20, 'max_features': 'sqrt', 'min_samples_leaf': 1, 'min_samples_split': 2, 'n_estimators': 300}",scenario_results_rf_only_2026-01-25_200552_early_stop/randomforest_S3.1_FtoT_3_2026-01-25_200552_seed42_early_stop.pkl,1.0,1.0,1.0,1.0,1.0,1.0,1.0,1.0,1.0,1.0,1.0,1.0,1.0,0.9344262295081968,0.9262295081967213,0.9262295081967213,0.9207650273224043,0.9207650273224043,0.9344262295081968,0.9344262295081968,0.9344262295081968,0.9672131147540983,0.9918032786885246,1.0,1.0,0.9344262295081968
3.1,S3.1_ItoT_1,RandomForest,42,122,122,"{'bootstrap': True, 'max_depth': 20, 'max_features': 'sqrt', 'min_samples_leaf': 1, 'min_samples_split': 2, 'n_estimators': 300}",scenario_results_rf_only_2026-01-25_200552_early_stop/randomforest_S3.1_ItoT_1_2026-01-25_200552_seed42_early_stop.pkl,1.0,1.0,1.0,1.0,1.0,1.0,1.0,1.0,1.0,1.0,1.0,1.0,1.0,1.0,1.0,1.0,1.0,1.0,1.0,1.0,1.0,1.0,1.0,1.0,1.0,1.0
3.1,S3.1_ItoT_2,RandomForest,42,122,122,"{'bootstrap': True, 'max_depth': 20, 'max_features': 'sqrt', 'min_samples_leaf': 1, 'min_samples_split': 2, 'n_estimators': 300}",scenario_results_rf_only_2026-01-25_200552_early_stop/randomforest_S3.1_ItoT_2_2026-01-25_200552_seed42_early_stop.pkl,1.0,1.0,1.0,1.0,1.0,1.0,1.0,1.0,1.0,1.0,1.0,1.0,1.0,0.9672131147540983,0.9650273224043716,0.9650273224043716,0.9672131147540983,0.9672131147540983,0.9672131147540983,0.9672131147540983,0.9672131147540983,0.9918032786885246,1.0,1.0,1.0,0.9672131147540983
3.1,S3.1_ItoT_3,RandomForest,42,122,122,"{'bootstrap': True, 'max_depth': 20, 'max_features': 'sqrt', 'min_samples_leaf': 1, 'min_samples_split': 2, 'n_estimators': 300}",scenario_results_rf_only_2026-01-25_200552_early_stop/randomforest_S3.1_ItoT_3_2026-01-25_200552_seed42_early_stop.pkl,1.0,1.0,1.0,1.0,1.0,1.0,1.0,1.0,1.0,1.0,1.0,1.0,1.0,0.9754098360655737,0.9737704918032787,0.9737704918032787,0.9836065573770492,0.9836065573770492,0.9754098360655737,0.9754098360655737,0.9754098360655737,1.0,1.0,1.0,1.0,0.9754098360655737
3.1,S3.1_ItoF_1,RandomForest,42,122,122,"{'bootstrap': True, 'max_depth': 20, 'max_features': 'sqrt', 'min_samples_leaf': 1, 'min_samples_split': 2, 'n_estimators': 300}",scenario_results_rf_only_2026-01-25_200552_early_stop/randomforest_S3.1_ItoF_1_2026-01-25_200552_seed42_early_stop.pkl,1.0,1.0,1.0,1.0,1.0,1.0,1.0,1.0,1.0,1.0,1.0,1.0,1.0,0.9754098360655737,0.9737704918032787,0.9737704918032787,0.9836065573770492,0.9836065573770492,0.9754098360655737,0.9754098360655737,0.9754098360655737,1.0,1.0,1.0,1.0,0.9754098360655737
3.1,S3.1_ItoF_2,RandomForest,42,122,122,"{'bootstrap': True, 'max_depth': 20, 'max_features': 'sqrt', 'min_samples_leaf': 1, 'min_samples_split': 2, 'n_estimators': 300}",scenario_results_rf_only_2026-01-25_200552_early_stop/randomforest_S3.1_ItoF_2_2026-01-25_200552_seed42_early_stop.pkl,1.0,1.0,1.0,1.0,1.0,1.0,1.0,1.0,1.0,1.0,1.0,1.0,1.0,0.9836065573770492,0.9825136612021858,0.9825136612021858,0.9890710382513661,0.9890710382513661,0.9836065573770492,0.9836065573770492,0.9836065573770492,1.0,1.0,1.0,1.0,0.9836065573770492
3.1,S3.1_ItoF_3,RandomForest,42,122,122,"{'bootstrap': True, 'max_depth': 20, 'max_features': 'sqrt', 'min_samples_leaf': 1, 'min_samples_split': 2, 'n_estimators': 300}",scenario_results_rf_only_2026-01-25_200552_early_stop/randomforest_S3.1_ItoF_3_2026-01-25_200552_seed42_early_stop.pkl,1.0,1.0,1.0,1.0,1.0,1.0,1.0,1.0,1.0,1.0,1.0,1.0,1.0,0.9426229508196722,0.9366120218579235,0.9366120218579235,0.9398907103825137,0.9398907103825137,0.9426229508196722,0.9426229508196722,0.9426229508196722,0.9836065573770492,1.0,1.0,1.0,0.9426229508196722
3.1,S3.1_TtoF_1,RandomForest,42,122,122,"{'bootstrap': True, 'max_depth': 20, 'max_features': 'sqrt', 'min_samples_leaf': 1, 'min_samples_split': 2, 'n_estimators': 300}",scenario_results_rf_only_2026-01-25_200552_early_stop/randomforest_S3.1_TtoF_1_2026-01-25_200552_seed42_early_stop.pkl,1.0,1.0,1.0,1.0,1.0,1.0,1.0,1.0,1.0,1.0,1.0,1.0,1.0,0.9754098360655737,0.9748633879781421,0.9748633879781421,0.9781420765027323,0.9781420765027323,0.9754098360655737,0.9754098360655737,0.9754098360655737,1.0,1.0,1.0,1.0,0.9754098360655737
3.1,S3.1_TtoF_2,RandomForest,42,122,122,"{'bootstrap': True, 'max_depth': 20, 'max_features': 'sqrt', 'min_samples_leaf': 1, 'min_samples_split': 2, 'n_estimators': 300}",scenario_results_rf_only_2026-01-25_200552_early_stop/randomforest_S3.1_TtoF_2_2026-01-25_200552_seed42_early_stop.pkl,1.0,1.0,1.0,1.0,1.0,1.0,1.0,1.0,1.0,1.0,1.0,1.0,1.0,0.9426229508196722,0.940983606557377,0.940983606557377,0.9508196721311475,0.9508196721311475,0.9426229508196722,0.9426229508196722,0.9426229508196722,0.9754098360655737,0.9918032786885246,0.9918032786885246,1.0,0.9426229508196722
3.1,S3.1_TtoF_3,RandomForest,42,122,122,"{'bootstrap': True, 'max_depth': 20, 'max_features': 'sqrt', 'min_samples_leaf': 1, 'min_samples_split': 2, 'n_estimators': 300}",scenario_results_rf_only_2026-01-25_200552_early_stop/randomforest_S3.1_TtoF_3_2026-01-25_200552_seed42_early_stop.pkl,1.0,1.0,1.0,1.0,1.0,1.0,1.0,1.0,1.0,1.0,1.0,1.0,1.0,0.9590163934426229,0.9508196721311474,0.9508196721311474,0.9562841530054644,0.9562841530054644,0.9590163934426229,0.9590163934426229,0.9590163934426229,0.9836065573770492,1.0,1.0,1.0,0.9590163934426229
3.1,S3.1_TtoI_1,RandomForest,42,122,122,"{'bootstrap': True, 'max_depth': 20, 'max_features': 'sqrt', 'min_samples_leaf': 1, 'min_samples_split': 2, 'n_estimators': 300}",scenario_results_rf_only_2026-01-25_200552_early_stop/randomforest_S3.1_TtoI_1_2026-01-25_200552_seed42_early_stop.pkl,1.0,1.0,1.0,1.0,1.0,1.0,1.0,1.0,1.0,1.0,1.0,1.0,1.0,0.9672131147540983,0.9655737704918033,0.9655737704918033,0.9754098360655737,0.9754098360655737,0.9672131147540983,0.9672131147540983,0.9672131147540983,1.0,1.0,1.0,1.0,0.9672131147540983
3.1,S3.1_TtoI_2,RandomForest,42,122,122,"{'bootstrap': True, 'max_depth': 20, 'max_features': 'sqrt', 'min_samples_leaf': 1, 'min_samples_split': 2, 'n_estimators': 300}",scenario_results_rf_only_2026-01-25_200552_early_stop/randomforest_S3.1_TtoI_2_2026-01-25_200552_seed42_early_stop.pkl,1.0,1.0,1.0,1.0,1.0,1.0,1.0,1.0,1.0,1.0,1.0,1.0,1.0,0.9672131147540983,0.9617486338797815,0.9617486338797815,0.9617486338797815,0.9617486338797815,0.9672131147540983,0.9672131147540983,0.9672131147540983,0.9754098360655737,0.9918032786885246,0.9918032786885246,1.0,0.9672131147540983
3.1,S3.1_TtoI_3,RandomForest,42,122,122,"{'bootstrap': True, 'max_depth': 20, 'max_features': 'sqrt', 'min_samples_leaf': 1, 'min_samples_split': 2, 'n_estimators': 300}",scenario_results_rf_only_2026-01-25_200552_early_stop/randomforest_S3.1_TtoI_3_2026-01-25_200552_seed42_early_stop.pkl,1.0,1.0,1.0,1.0,1.0,1.0,1.0,1.0,1.0,1.0,1.0,1.0,1.0,0.9836065573770492,0.9825136612021859,0.9825136612021859,0.9890710382513661,0.9890710382513661,0.9836065573770492,0.9836065573770492,0.9836065573770492,0.9836065573770492,0.9918032786885246,1.0,1.0,0.9836065573770492
3.1,S3.1_FtoI_1,RandomForest,123,122,122,"{'bootstrap': True, 'max_depth': 20, 'max_features': 'sqrt', 'min_samples_leaf': 1, 'min_samples_split': 2, 'n_estimators': 300}",scenario_results_rf_only_2026-01-25_200552_early_stop/randomforest_S3.1_FtoI_1_2026-01-25_200552_seed123_early_stop.pkl,1.0,1.0,1.0,1.0,1.0,1.0,1.0,1.0,1.0,1.0,1.0,1.0,1.0,0.9590163934426229,0.946448087431694,0.946448087431694,0.9426229508196722,0.9426229508196722,0.9590163934426229,0.9590163934426229,0.9590163934426229,0.9754098360655737,1.0,1.0,1.0,0.9590163934426229
3.1,S3.1_FtoI_2,RandomForest,123,122,122,"{'bootstrap': True, 'max_depth': 20, 'max_features': 'sqrt', 'min_samples_leaf': 1, 'min_samples_split': 2, 'n_estimators': 300}",scenario_results_rf_only_2026-01-25_200552_early_stop/randomforest_S3.1_FtoI_2_2026-01-25_200552_seed123_early_stop.pkl,1.0,1.0,1.0,1.0,1.0,1.0,1.0,1.0,1.0,1.0,1.0,1.0,1.0,0.9672131147540983,0.9655737704918033,0.9655737704918033,0.9754098360655737,0.9754098360655737,0.9672131147540983,0.9672131147540983,0.9672131147540983,0.9836065573770492,1.0,1.0,1.0,0.9672131147540983
3.1,S3.1_FtoI_3,RandomForest,123,122,122,"{'bootstrap': True, 'max_depth': 20, 'max_features': 'sqrt', 'min_samples_leaf': 1, 'min_samples_split': 2, 'n_estimators': 300}",scenario_results_rf_only_2026-01-25_200552_early_stop/randomforest_S3.1_FtoI_3_2026-01-25_200552_seed123_early_stop.pkl,1.0,1.0,1.0,1.0,1.0,1.0,1.0,1.0,1.0,1.0,1.0,1.0,1.0,0.9754098360655737,0.9711163153786105,0.9711163153786105,0.9737704918032787,0.9737704918032787,0.9754098360655737,0.9754098360655737,0.9754098360655737,0.9918032786885246,1.0,1.0,1.0,0.9754098360655737
3.1,S3.1_FtoT_1,RandomForest,123,122,122,"{'bootstrap': True, 'max_depth': 20, 'max_features': 'sqrt', 'min_samples_leaf': 1, 'min_samples_split': 2, 'n_estimators': 300}",scenario_results_rf_only_2026-01-25_200552_early_stop/randomforest_S3.1_FtoT_1_2026-01-25_200552_seed123_early_stop.pkl,1.0,1.0,1.0,1.0,1.0,1.0,1.0,1.0,1.0,1.0,1.0,1.0,1.0,0.9754098360655737,0.9683060109289617,0.9683060109289617,0.9672131147540983,0.9672131147540983,0.9754098360655737,0.9754098360655737,0.9754098360655737,0.9918032786885246,1.0,1.0,1.0,0.9754098360655737
3.1,S3.1_FtoT_2,RandomForest,123,122,122,"{'bootstrap': True, 'max_depth': 20, 'max_features': 'sqrt', 'min_samples_leaf': 1, 'min_samples_split': 2, 'n_estimators': 300}",scenario_results_rf_only_2026-01-25_200552_early_stop/randomforest_S3.1_FtoT_2_2026-01-25_200552_seed123_early_stop.pkl,1.0,1.0,1.0,1.0,1.0,1.0,1.0,1.0,1.0,1.0,1.0,1.0,1.0,0.9508196721311475,0.9393442622950819,0.9393442622950819,0.9371584699453551,0.9371584699453551,0.9508196721311475,0.9508196721311475,0.9508196721311475,0.9754098360655737,0.9836065573770492,0.9836065573770492,0.9836065573770492,0.9508196721311475
3.1,S3.1_FtoT_3,RandomForest,123,122,122,"{'bootstrap': True, 'max_depth': 20, 'max_features': 'sqrt', 'min_samples_leaf': 1, 'min_samples_split': 2, 'n_estimators': 300}",scenario_results_rf_only_2026-01-25_200552_early_stop/randomforest_S3.1_FtoT_3_2026-01-25_200552_seed123_early_stop.pkl,1.0,1.0,1.0,1.0,1.0,1.0,1.0,1.0,1.0,1.0,1.0,1.0,1.0,0.9508196721311475,0.940983606557377,0.940983606557377,0.9344262295081968,0.9344262295081968,0.9508196721311475,0.9508196721311475,0.9508196721311475,0.9672131147540983,0.9836065573770492,0.9836065573770492,0.9918032786885246,0.9508196721311475
3.1,S3.1_ItoT_1,RandomForest,123,122,122,"{'bootstrap': True, 'max_depth': 20, 'max_features': 'sqrt', 'min_samples_leaf': 1, 'min_samples_split': 2, 'n_estimators': 300}",scenario_results_rf_only_2026-01-25_200552_early_stop/randomforest_S3.1_ItoT_1_2026-01-25_200552_seed123_early_stop.pkl,1.0,1.0,1.0,1.0,1.0,1.0,1.0,1.0,1.0,1.0,1.0,1.0,1.0,1.0,1.0,1.0,1.0,1.0,1.0,1.0,1.0,1.0,1.0,1.0,1.0,1.0
3.1,S3.1_ItoT_2,RandomForest,123,122,122,"{'bootstrap': True, 'max_depth': 20, 'max_features': 'sqrt', 'min_samples_leaf': 1, 'min_samples_split': 2, 'n_estimators': 300}",scenario_results_rf_only_2026-01-25_200552_early_stop/randomforest_S3.1_ItoT_2_2026-01-25_200552_seed123_early_stop.pkl,1.0,1.0,1.0,1.0,1.0,1.0,1.0,1.0,1.0,1.0,1.0,1.0,1.0,0.9836065573770492,0.9836065573770492,0.9836065573770492,0.9836065573770492,0.9836065573770492,0.9836065573770492,0.9836065573770492,0.9836065573770492,0.9918032786885246,0.9918032786885246,1.0,1.0,0.9836065573770492
3.1,S3.1_ItoT_3,RandomForest,123,122,122,"{'bootstrap': True, 'max_depth': 20, 'max_features': 'sqrt', 'min_samples_leaf': 1, 'min_samples_split': 2, 'n_estimators': 300}",scenario_results_rf_only_2026-01-25_200552_early_stop/randomforest_S3.1_ItoT_3_2026-01-25_200552_seed123_early_stop.pkl,1.0,1.0,1.0,1.0,1.0,1.0,1.0,1.0,1.0,1.0,1.0,1.0,1.0,0.9590163934426229,0.9519125683060109,0.9519125683060109,0.9590163934426229,0.9590163934426229,0.9590163934426229,0.9590163934426229,0.9590163934426229,1.0,1.0,1.0,1.0,0.9590163934426229
3.1,S3.1_ItoF_1,RandomForest,123,122,122,"{'bootstrap': True, 'max_depth': 20, 'max_features': 'sqrt', 'min_samples_leaf': 1, 'min_samples_split': 2, 'n_estimators': 300}",scenario_results_rf_only_2026-01-25_200552_early_stop/randomforest_S3.1_ItoF_1_2026-01-25_200552_seed123_early_stop.pkl,1.0,1.0,1.0,1.0,1.0,1.0,1.0,1.0,1.0,1.0,1.0,1.0,1.0,0.9836065573770492,0.9825136612021858,0.9825136612021858,0.9890710382513661,0.9890710382513661,0.9836065573770492,0.9836065573770492,0.9836065573770492,1.0,1.0,1.0,1.0,0.9836065573770492
3.1,S3.1_ItoF_2,RandomForest,123,122,122,"{'bootstrap': True, 'max_depth': 20, 'max_features': 'sqrt', 'min_samples_leaf': 1, 'min_samples_split': 2, 'n_estimators': 300}",scenario_results_rf_only_2026-01-25_200552_early_stop/randomforest_S3.1_ItoF_2_2026-01-25_200552_seed123_early_stop.pkl,1.0,1.0,1.0,1.0,1.0,1.0,1.0,1.0,1.0,1.0,1.0,1.0,1.0,1.0,1.0,1.0,1.0,1.0,1.0,1.0,1.0,1.0,1.0,1.0,1.0,1.0
3.1,S3.1_ItoF_3,RandomForest,123,122,122,"{'bootstrap': True, 'max_depth': 20, 'max_features': 'sqrt', 'min_samples_leaf': 1, 'min_samples_split': 2, 'n_estimators': 300}",scenario_results_rf_only_2026-01-25_200552_early_stop/randomforest_S3.1_ItoF_3_2026-01-25_200552_seed123_early_stop.pkl,1.0,1.0,1.0,1.0,1.0,1.0,1.0,1.0,1.0,1.0,1.0,1.0,1.0,0.9590163934426229,0.946448087431694,0.946448087431694,0.9426229508196722,0.9426229508196722,0.9590163934426229,0.9590163934426229,0.9590163934426229,0.9836065573770492,0.9918032786885246,0.9918032786885246,1.0,0.9590163934426229
3.1,S3.1_TtoF_1,RandomForest,123,122,122,"{'bootstrap': True, 'max_depth': 20, 'max_features': 'sqrt', 'min_samples_leaf': 1, 'min_samples_split': 2, 'n_estimators': 300}",scenario_results_rf_only_2026-01-25_200552_early_stop/randomforest_S3.1_TtoF_1_2026-01-25_200552_seed123_early_stop.pkl,1.0,1.0,1.0,1.0,1.0,1.0,1.0,1.0,1.0,1.0,1.0,1.0,1.0,0.9836065573770492,0.9836065573770492,0.9836065573770492,0.9836065573770492,0.9836065573770492,0.9836065573770492,0.9836065573770492,0.9836065573770492,1.0,1.0,1.0,1.0,0.9836065573770492
3.1,S3.1_TtoF_2,RandomForest,123,122,122,"{'bootstrap': True, 'max_depth': 20, 'max_features': 'sqrt', 'min_samples_leaf': 1, 'min_samples_split': 2, 'n_estimators': 300}",scenario_results_rf_only_2026-01-25_200552_early_stop/randomforest_S3.1_TtoF_2_2026-01-25_200552_seed123_early_stop.pkl,1.0,1.0,1.0,1.0,1.0,1.0,1.0,1.0,1.0,1.0,1.0,1.0,1.0,0.9508196721311475,0.946448087431694,0.946448087431694,0.9508196721311475,0.9508196721311475,0.9508196721311475,0.9508196721311475,0.9508196721311475,0.9754098360655737,0.9836065573770492,0.9918032786885246,0.9918032786885246,0.9508196721311475
3.1,S3.1_TtoF_3,RandomForest,123,122,122,"{'bootstrap': True, 'max_depth': 20, 'max_features': 'sqrt', 'min_samples_leaf': 1, 'min_samples_split': 2, 'n_estimators': 300}",scenario_results_rf_only_2026-01-25_200552_early_stop/randomforest_S3.1_TtoF_3_2026-01-25_200552_seed123_early_stop.pkl,1.0,1.0,1.0,1.0,1.0,1.0,1.0,1.0,1.0,1.0,1.0,1.0,1.0,0.9754098360655737,0.9683060109289618,0.9683060109289618,0.9672131147540983,0.9672131147540983,0.9754098360655737,0.9754098360655737,0.9754098360655737,0.9918032786885246,0.9918032786885246,1.0,1.0,0.9754098360655737
3.1,S3.1_TtoI_1,RandomForest,123,122,122,"{'bootstrap': True, 'max_depth': 20, 'max_features': 'sqrt', 'min_samples_leaf': 1, 'min_samples_split': 2, 'n_estimators': 300}",scenario_results_rf_only_2026-01-25_200552_early_stop/randomforest_S3.1_TtoI_1_2026-01-25_200552_seed123_early_stop.pkl,1.0,1.0,1.0,1.0,1.0,1.0,1.0,1.0,1.0,1.0,1.0,1.0,1.0,0.9426229508196722,0.9427010148321624,0.9427010148321624,0.9628415300546448,0.9628415300546448,0.9426229508196722,0.9426229508196722,0.9426229508196722,0.9918032786885246,0.9918032786885246,1.0,1.0,0.9426229508196722
3.1,S3.1_TtoI_2,RandomForest,123,122,122,"{'bootstrap': True, 'max_depth': 20, 'max_features': 'sqrt', 'min_samples_leaf': 1, 'min_samples_split': 2, 'n_estimators': 300}",scenario_results_rf_only_2026-01-25_200552_early_stop/randomforest_S3.1_TtoI_2_2026-01-25_200552_seed123_early_stop.pkl,1.0,1.0,1.0,1.0,1.0,1.0,1.0,1.0,1.0,1.0,1.0,1.0,1.0,0.9590163934426229,0.9530054644808743,0.9530054644808743,0.9562841530054644,0.9562841530054644,0.9590163934426229,0.9590163934426229,0.9590163934426229,0.9836065573770492,1.0,1.0,1.0,0.9590163934426229
3.1,S3.1_TtoI_3,RandomForest,123,122,122,"{'bootstrap': True, 'max_depth': 20, 'max_features': 'sqrt', 'min_samples_leaf': 1, 'min_samples_split': 2, 'n_estimators': 300}",scenario_results_rf_only_2026-01-25_200552_early_stop/randomforest_S3.1_TtoI_3_2026-01-25_200552_seed123_early_stop.pkl,1.0,1.0,1.0,1.0,1.0,1.0,1.0,1.0,1.0,1.0,1.0,1.0,1.0,0.9918032786885246,0.9912568306010929,0.9912568306010929,0.9945355191256832,0.9945355191256832,0.9918032786885246,0.9918032786885246,0.9918032786885246,0.9918032786885246,1.0,1.0,1.0,0.9918032786885246
3.1,S3.1_FtoI_1,RandomForest,456,122,122,"{'bootstrap': True, 'max_depth': 20, 'max_features': 'sqrt', 'min_samples_leaf': 1, 'min_samples_split': 2, 'n_estimators': 300}",scenario_results_rf_only_2026-01-25_200552_early_stop/randomforest_S3.1_FtoI_1_2026-01-25_200552_seed456_early_stop.pkl,1.0,1.0,1.0,1.0,1.0,1.0,1.0,1.0,1.0,1.0,1.0,1.0,1.0,0.9836065573770492,0.9825136612021859,0.9825136612021859,0.989071038251366,0.989071038251366,0.9836065573770492,0.9836065573770492,0.9836065573770492,0.9918032786885246,1.0,1.0,1.0,0.9836065573770492
3.1,S3.1_FtoI_2,RandomForest,456,122,122,"{'bootstrap': True, 'max_depth': 20, 'max_features': 'sqrt', 'min_samples_leaf': 1, 'min_samples_split': 2, 'n_estimators': 300}",scenario_results_rf_only_2026-01-25_200552_early_stop/randomforest_S3.1_FtoI_2_2026-01-25_200552_seed456_early_stop.pkl,1.0,1.0,1.0,1.0,1.0,1.0,1.0,1.0,1.0,1.0,1.0,1.0,1.0,0.9508196721311475,0.9426229508196722,0.9426229508196722,0.948087431693989,0.948087431693989,0.9508196721311475,0.9508196721311475,0.9508196721311475,1.0,1.0,1.0,1.0,0.9508196721311475
3.1,S3.1_FtoI_3,RandomForest,456,122,122,"{'bootstrap': True, 'max_depth': 20, 'max_features': 'sqrt', 'min_samples_leaf': 1, 'min_samples_split': 2, 'n_estimators': 300}",scenario_results_rf_only_2026-01-25_200552_early_stop/randomforest_S3.1_FtoI_3_2026-01-25_200552_seed456_early_stop.pkl,1.0,1.0,1.0,1.0,1.0,1.0,1.0,1.0,1.0,1.0,1.0,1.0,1.0,0.9672131147540983,0.9623731459797035,0.9623731459797035,0.9683060109289618,0.9683060109289618,0.9672131147540983,0.9672131147540983,0.9672131147540983,0.9836065573770492,0.9918032786885246,1.0,1.0,0.9672131147540983
3.1,S3.1_FtoT_1,RandomForest,456,122,122,"{'bootstrap': True, 'max_depth': 20, 'max_features': 'sqrt', 'min_samples_leaf': 1, 'min_samples_split': 2, 'n_estimators': 300}",scenario_results_rf_only_2026-01-25_200552_early_stop/randomforest_S3.1_FtoT_1_2026-01-25_200552_seed456_early_stop.pkl,1.0,1.0,1.0,1.0,1.0,1.0,1.0,1.0,1.0,1.0,1.0,1.0,1.0,0.9754098360655737,0.9737704918032787,0.9737704918032787,0.9836065573770492,0.9836065573770492,0.9754098360655737,0.9754098360655737,0.9754098360655737,0.9918032786885246,0.9918032786885246,1.0,1.0,0.9754098360655737
3.1,S3.1_FtoT_2,RandomForest,456,122,122,"{'bootstrap': True, 'max_depth': 20, 'max_features': 'sqrt', 'min_samples_leaf': 1, 'min_samples_split': 2, 'n_estimators': 300}",scenario_results_rf_only_2026-01-25_200552_early_stop/randomforest_S3.1_FtoT_2_2026-01-25_200552_seed456_early_stop.pkl,1.0,1.0,1.0,1.0,1.0,1.0,1.0,1.0,1.0,1.0,1.0,1.0,1.0,0.9590163934426229,0.9535519125683061,0.9535519125683061,0.953551912568306,0.953551912568306,0.9590163934426229,0.9590163934426229,0.9590163934426229,0.9754098360655737,0.9836065573770492,1.0,1.0,0.9590163934426229
3.1,S3.1_FtoT_3,RandomForest,456,122,122,"{'bootstrap': True, 'max_depth': 20, 'max_features': 'sqrt', 'min_samples_leaf': 1, 'min_samples_split': 2, 'n_estimators': 300}",scenario_results_rf_only_2026-01-25_200552_early_stop/randomforest_S3.1_FtoT_3_2026-01-25_200552_seed456_early_stop.pkl,1.0,1.0,1.0,1.0,1.0,1.0,1.0,1.0,1.0,1.0,1.0,1.0,1.0,0.9344262295081968,0.9245901639344262,0.9245901639344262,0.9180327868852459,0.9180327868852459,0.9344262295081968,0.9344262295081968,0.9344262295081968,0.9672131147540983,0.9836065573770492,0.9918032786885246,0.9918032786885246,0.9344262295081968
3.1,S3.1_ItoT_1,RandomForest,456,122,122,"{'bootstrap': True, 'max_depth': 20, 'max_features': 'sqrt', 'min_samples_leaf': 1, 'min_samples_split': 2, 'n_estimators': 300}",scenario_results_rf_only_2026-01-25_200552_early_stop/randomforest_S3.1_ItoT_1_2026-01-25_200552_seed456_early_stop.pkl,1.0,1.0,1.0,1.0,1.0,1.0,1.0,1.0,1.0,1.0,1.0,1.0,1.0,1.0,1.0,1.0,1.0,1.0,1.0,1.0,1.0,1.0,1.0,1.0,1.0,1.0
3.1,S3.1_ItoT_2,RandomForest,456,122,122,"{'bootstrap': True, 'max_depth': 20, 'max_features': 'sqrt', 'min_samples_leaf': 1, 'min_samples_split': 2, 'n_estimators': 300}",scenario_results_rf_only_2026-01-25_200552_early_stop/randomforest_S3.1_ItoT_2_2026-01-25_200552_seed456_early_stop.pkl,1.0,1.0,1.0,1.0,1.0,1.0,1.0,1.0,1.0,1.0,1.0,1.0,1.0,0.9672131147540983,0.9606557377049181,0.9606557377049181,0.9562841530054645,0.9562841530054645,0.9672131147540983,0.9672131147540983,0.9672131147540983,0.9918032786885246,0.9918032786885246,1.0,1.0,0.9672131147540983
3.1,S3.1_ItoT_3,RandomForest,456,122,122,"{'bootstrap': True, 'max_depth': 20, 'max_features': 'sqrt', 'min_samples_leaf': 1, 'min_samples_split': 2, 'n_estimators': 300}",scenario_results_rf_only_2026-01-25_200552_early_stop/randomforest_S3.1_ItoT_3_2026-01-25_200552_seed456_early_stop.pkl,1.0,1.0,1.0,1.0,1.0,1.0,1.0,1.0,1.0,1.0,1.0,1.0,1.0,0.9836065573770492,0.9825136612021859,0.9825136612021859,0.989071038251366,0.989071038251366,0.9836065573770492,0.9836065573770492,0.9836065573770492,1.0,1.0,1.0,1.0,0.9836065573770492
3.1,S3.1_ItoF_1,RandomForest,456,122,122,"{'bootstrap': True, 'max_depth': 20, 'max_features': 'sqrt', 'min_samples_leaf': 1, 'min_samples_split': 2, 'n_estimators': 300}",scenario_results_rf_only_2026-01-25_200552_early_stop/randomforest_S3.1_ItoF_1_2026-01-25_200552_seed456_early_stop.pkl,1.0,1.0,1.0,1.0,1.0,1.0,1.0,1.0,1.0,1.0,1.0,1.0,1.0,0.9754098360655737,0.9693989071038251,0.9693989071038251,0.9699453551912569,0.9699453551912569,0.9754098360655737,0.9754098360655737,0.9754098360655737,0.9836065573770492,0.9918032786885246,1.0,1.0,0.9754098360655737
3.1,S3.1_ItoF_2,RandomForest,456,122,122,"{'bootstrap': True, 'max_depth': 20, 'max_features': 'sqrt', 'min_samples_leaf': 1, 'min_samples_split': 2, 'n_estimators': 300}",scenario_results_rf_only_2026-01-25_200552_early_stop/randomforest_S3.1_ItoF_2_2026-01-25_200552_seed456_early_stop.pkl,1.0,1.0,1.0,1.0,1.0,1.0,1.0,1.0,1.0,1.0,1.0,1.0,1.0,1.0,1.0,1.0,1.0,1.0,1.0,1.0,1.0,1.0,1.0,1.0,1.0,1.0
3.1,S3.1_ItoF_3,RandomForest,456,122,122,"{'bootstrap': True, 'max_depth': 20, 'max_features': 'sqrt', 'min_samples_leaf': 1, 'min_samples_split': 2, 'n_estimators': 300}",scenario_results_rf_only_2026-01-25_200552_early_stop/randomforest_S3.1_ItoF_3_2026-01-25_200552_seed456_early_stop.pkl,1.0,1.0,1.0,1.0,1.0,1.0,1.0,1.0,1.0,1.0,1.0,1.0,1.0,0.9672131147540983,0.960655737704918,0.960655737704918,0.9644808743169399,0.9644808743169399,0.9672131147540983,0.9672131147540983,0.9672131147540983,0.9836065573770492,0.9918032786885246,0.9918032786885246,0.9918032786885246,0.9672131147540983
3.1,S3.1_TtoF_1,RandomForest,456,122,122,"{'bootstrap': True, 'max_depth': 20, 'max_features': 'sqrt', 'min_samples_leaf': 1, 'min_samples_split': 2, 'n_estimators': 300}",scenario_results_rf_only_2026-01-25_200552_early_stop/randomforest_S3.1_TtoF_1_2026-01-25_200552_seed456_early_stop.pkl,1.0,1.0,1.0,1.0,1.0,1.0,1.0,1.0,1.0,1.0,1.0,1.0,1.0,0.9754098360655737,0.9737704918032787,0.9737704918032787,0.9836065573770492,0.9836065573770492,0.9754098360655737,0.9754098360655737,0.9754098360655737,1.0,1.0,1.0,1.0,0.9754098360655737
3.1,S3.1_TtoF_2,RandomForest,456,122,122,"{'bootstrap': True, 'max_depth': 20, 'max_features': 'sqrt', 'min_samples_leaf': 1, 'min_samples_split': 2, 'n_estimators': 300}",scenario_results_rf_only_2026-01-25_200552_early_stop/randomforest_S3.1_TtoF_2_2026-01-25_200552_seed456_early_stop.pkl,1.0,1.0,1.0,1.0,1.0,1.0,1.0,1.0,1.0,1.0,1.0,1.0,1.0,0.9426229508196722,0.9371584699453552,0.9371584699453552,0.9371584699453552,0.9371584699453552,0.9426229508196722,0.9426229508196722,0.9426229508196722,0.9754098360655737,0.9754098360655737,0.9836065573770492,1.0,0.9426229508196722
3.1,S3.1_TtoF_3,RandomForest,456,122,122,"{'bootstrap': True, 'max_depth': 20, 'max_features': 'sqrt', 'min_samples_leaf': 1, 'min_samples_split': 2, 'n_estimators': 300}",scenario_results_rf_only_2026-01-25_200552_early_stop/randomforest_S3.1_TtoF_3_2026-01-25_200552_seed456_early_stop.pkl,1.0,1.0,1.0,1.0,1.0,1.0,1.0,1.0,1.0,1.0,1.0,1.0,1.0,0.9426229508196722,0.9360655737704917,0.9360655737704917,0.9426229508196721,0.9426229508196721,0.9426229508196722,0.9426229508196722,0.9426229508196722,0.9836065573770492,0.9918032786885246,1.0,1.0,0.9426229508196722
3.1,S3.1_TtoI_1,RandomForest,456,122,122,"{'bootstrap': True, 'max_depth': 20, 'max_features': 'sqrt', 'min_samples_leaf': 1, 'min_samples_split': 2, 'n_estimators': 300}",scenario_results_rf_only_2026-01-25_200552_early_stop/randomforest_S3.1_TtoI_1_2026-01-25_200552_seed456_early_stop.pkl,1.0,1.0,1.0,1.0,1.0,1.0,1.0,1.0,1.0,1.0,1.0,1.0,1.0,0.9754098360655737,0.9693989071038251,0.9693989071038251,0.9699453551912569,0.9699453551912569,0.9754098360655737,0.9754098360655737,0.9754098360655737,1.0,1.0,1.0,1.0,0.9754098360655737
3.1,S3.1_TtoI_2,RandomForest,456,122,122,"{'bootstrap': True, 'max_depth': 20, 'max_features': 'sqrt', 'min_samples_leaf': 1, 'min_samples_split': 2, 'n_estimators': 300}",scenario_results_rf_only_2026-01-25_200552_early_stop/randomforest_S3.1_TtoI_2_2026-01-25_200552_seed456_early_stop.pkl,1.0,1.0,1.0,1.0,1.0,1.0,1.0,1.0,1.0,1.0,1.0,1.0,1.0,0.9672131147540983,0.9617486338797815,0.9617486338797815,0.9617486338797815,0.9617486338797815,0.9672131147540983,0.9672131147540983,0.9672131147540983,0.9918032786885246,1.0,1.0,1.0,0.9672131147540983
3.1,S3.1_TtoI_3,RandomForest,456,122,122,"{'bootstrap': True, 'max_depth': 20, 'max_features': 'sqrt', 'min_samples_leaf': 1, 'min_samples_split': 2, 'n_estimators': 300}",scenario_results_rf_only_2026-01-25_200552_early_stop/randomforest_S3.1_TtoI_3_2026-01-25_200552_seed456_early_stop.pkl,1.0,1.0,1.0,1.0,1.0,1.0,1.0,1.0,1.0,1.0,1.0,1.0,1.0,0.9672131147540983,0.960655737704918,0.960655737704918,0.9644808743169399,0.9644808743169399,0.9672131147540983,0.9672131147540983,0.9672131147540983,0.9836065573770492,0.9918032786885246,1.0,1.0,0.9672131147540983
3.2,"S3.2_F, ItoT_1",RandomForest,42,244,122,"{'bootstrap': True, 'max_depth': 20, 'max_features': 'sqrt', 'min_samples_leaf': 1, 'min_samples_split': 2, 'n_estimators': 300}","scenario_results_rf_only_2026-01-25_200552_early_stop/randomforest_S3.2_F, ItoT_1_2026-01-25_200552_seed42_early_stop.pkl",1.0,1.0,1.0,1.0,1.0,1.0,1.0,1.0,1.0,1.0,1.0,1.0,1.0,1.0,1.0,1.0,1.0,1.0,1.0,1.0,1.0,1.0,1.0,1.0,1.0,1.0
3.2,"S3.2_F, ItoT_2",RandomForest,42,244,122,"{'bootstrap': True, 'max_depth': 20, 'max_features': 'sqrt', 'min_samples_leaf': 1, 'min_samples_split': 2, 'n_estimators': 300}","scenario_results_rf_only_2026-01-25_200552_early_stop/randomforest_S3.2_F, ItoT_2_2026-01-25_200552_seed42_early_stop.pkl",1.0,1.0,1.0,1.0,1.0,1.0,1.0,1.0,1.0,1.0,1.0,1.0,1.0,0.9836065573770492,0.9770491803278689,0.9770491803278689,0.9726775956284154,0.9726775956284154,0.9836065573770492,0.9836065573770492,0.9836065573770492,0.9918032786885246,0.9918032786885246,1.0,1.0,0.9836065573770492
3.2,"S3.2_F, ItoT_3",RandomForest,42,244,122,"{'bootstrap': True, 'max_depth': 20, 'max_features': 'sqrt', 'min_samples_leaf': 1, 'min_samples_split': 2, 'n_estimators': 300}","scenario_results_rf_only_2026-01-25_200552_early_stop/randomforest_S3.2_F, ItoT_3_2026-01-25_200552_seed42_early_stop.pkl",1.0,1.0,1.0,1.0,1.0,1.0,1.0,1.0,1.0,1.0,1.0,1.0,1.0,1.0,1.0,1.0,1.0,1.0,1.0,1.0,1.0,1.0,1.0,1.0,1.0,1.0
3.2,"S3.2_I, TtoF_1",RandomForest,42,244,122,"{'bootstrap': True, 'max_depth': 20, 'max_features': 'sqrt', 'min_samples_leaf': 1, 'min_samples_split': 2, 'n_estimators': 300}","scenario_results_rf_only_2026-01-25_200552_early_stop/randomforest_S3.2_I, TtoF_1_2026-01-25_200552_seed42_early_stop.pkl",1.0,1.0,1.0,1.0,1.0,1.0,1.0,1.0,1.0,1.0,1.0,1.0,1.0,1.0,1.0,1.0,1.0,1.0,1.0,1.0,1.0,1.0,1.0,1.0,1.0,1.0
3.2,"S3.2_I, TtoF_2",RandomForest,42,244,122,"{'bootstrap': True, 'max_depth': 20, 'max_features': 'sqrt', 'min_samples_leaf': 1, 'min_samples_split': 2, 'n_estimators': 300}","scenario_results_rf_only_2026-01-25_200552_early_stop/randomforest_S3.2_I, TtoF_2_2026-01-25_200552_seed42_early_stop.pkl",1.0,1.0,1.0,1.0,1.0,1.0,1.0,1.0,1.0,1.0,1.0,1.0,1.0,1.0,1.0,1.0,1.0,1.0,1.0,1.0,1.0,1.0,1.0,1.0,1.0,1.0
3.2,"S3.2_I, TtoF_3",RandomForest,42,244,122,"{'bootstrap': True, 'max_depth': 20, 'max_features': 'sqrt', 'min_samples_leaf': 1, 'min_samples_split': 2, 'n_estimators': 300}","scenario_results_rf_only_2026-01-25_200552_early_stop/randomforest_S3.2_I, TtoF_3_2026-01-25_200552_seed42_early_stop.pkl",1.0,1.0,1.0,1.0,1.0,1.0,1.0,1.0,1.0,1.0,1.0,1.0,1.0,1.0,1.0,1.0,1.0,1.0,1.0,1.0,1.0,1.0,1.0,1.0,1.0,1.0
3.2,"S3.2_T, FtoI_1",RandomForest,42,244,122,"{'bootstrap': True, 'max_depth': 20, 'max_features': 'sqrt', 'min_samples_leaf': 1, 'min_samples_split': 2, 'n_estimators': 300}","scenario_results_rf_only_2026-01-25_200552_early_stop/randomforest_S3.2_T, FtoI_1_2026-01-25_200552_seed42_early_stop.pkl",1.0,1.0,1.0,1.0,1.0,1.0,1.0,1.0,1.0,1.0,1.0,1.0,1.0,1.0,1.0,1.0,1.0,1.0,1.0,1.0,1.0,1.0,1.0,1.0,1.0,1.0
3.2,"S3.2_T, FtoI_2",RandomForest,42,244,122,"{'bootstrap': True, 'max_depth': 20, 'max_features': 'sqrt', 'min_samples_leaf': 1, 'min_samples_split': 2, 'n_estimators': 300}","scenario_results_rf_only_2026-01-25_200552_early_stop/randomforest_S3.2_T, FtoI_2_2026-01-25_200552_seed42_early_stop.pkl",1.0,1.0,1.0,1.0,1.0,1.0,1.0,1.0,1.0,1.0,1.0,1.0,1.0,0.9918032786885246,0.9912568306010929,0.9912568306010929,0.994535519125683,0.994535519125683,0.9918032786885246,0.9918032786885246,0.9918032786885246,1.0,1.0,1.0,1.0,0.9918032786885246
3.2,"S3.2_T, FtoI_3",RandomForest,42,244,122,"{'bootstrap': True, 'max_depth': 20, 'max_features': 'sqrt', 'min_samples_leaf': 1, 'min_samples_split': 2, 'n_estimators': 300}","scenario_results_rf_only_2026-01-25_200552_early_stop/randomforest_S3.2_T, FtoI_3_2026-01-25_200552_seed42_early_stop.pkl",1.0,1.0,1.0,1.0,1.0,1.0,1.0,1.0,1.0,1.0,1.0,1.0,1.0,0.9918032786885246,0.9912568306010929,0.9912568306010929,0.994535519125683,0.994535519125683,0.9918032786885246,0.9918032786885246,0.9918032786885246,1.0,1.0,1.0,1.0,0.9918032786885246
3.2,"S3.2_F, ItoT_1",RandomForest,123,244,122,"{'bootstrap': True, 'max_depth': 20, 'max_features': 'sqrt', 'min_samples_leaf': 1, 'min_samples_split': 2, 'n_estimators': 300}","scenario_results_rf_only_2026-01-25_200552_early_stop/randomforest_S3.2_F, ItoT_1_2026-01-25_200552_seed123_early_stop.pkl",1.0,1.0,1.0,1.0,1.0,1.0,1.0,1.0,1.0,1.0,1.0,1.0,1.0,1.0,1.0,1.0,1.0,1.0,1.0,1.0,1.0,1.0,1.0,1.0,1.0,1.0
3.2,"S3.2_F, ItoT_2",RandomForest,123,244,122,"{'bootstrap': True, 'max_depth': 20, 'max_features': 'sqrt', 'min_samples_leaf': 1, 'min_samples_split': 2, 'n_estimators': 300}","scenario_results_rf_only_2026-01-25_200552_early_stop/randomforest_S3.2_F, ItoT_2_2026-01-25_200552_seed123_early_stop.pkl",1.0,1.0,1.0,1.0,1.0,1.0,1.0,1.0,1.0,1.0,1.0,1.0,1.0,0.9918032786885246,0.9912568306010929,0.9912568306010929,0.9945355191256832,0.9945355191256832,0.9918032786885246,0.9918032786885246,0.9918032786885246,0.9918032786885246,1.0,1.0,1.0,0.9918032786885246
3.2,"S3.2_F, ItoT_3",RandomForest,123,244,122,"{'bootstrap': True, 'max_depth': 20, 'max_features': 'sqrt', 'min_samples_leaf': 1, 'min_samples_split': 2, 'n_estimators': 300}","scenario_results_rf_only_2026-01-25_200552_early_stop/randomforest_S3.2_F, ItoT_3_2026-01-25_200552_seed123_early_stop.pkl",1.0,1.0,1.0,1.0,1.0,1.0,1.0,1.0,1.0,1.0,1.0,1.0,1.0,1.0,1.0,1.0,1.0,1.0,1.0,1.0,1.0,1.0,1.0,1.0,1.0,1.0
3.2,"S3.2_I, TtoF_1",RandomForest,123,244,122,"{'bootstrap': True, 'max_depth': 20, 'max_features': 'sqrt', 'min_samples_leaf': 1, 'min_samples_split': 2, 'n_estimators': 300}","scenario_results_rf_only_2026-01-25_200552_early_stop/randomforest_S3.2_I, TtoF_1_2026-01-25_200552_seed123_early_stop.pkl",1.0,1.0,1.0,1.0,1.0,1.0,1.0,1.0,1.0,1.0,1.0,1.0,1.0,1.0,1.0,1.0,1.0,1.0,1.0,1.0,1.0,1.0,1.0,1.0,1.0,1.0
3.2,"S3.2_I, TtoF_2",RandomForest,123,244,122,"{'bootstrap': True, 'max_depth': 20, 'max_features': 'sqrt', 'min_samples_leaf': 1, 'min_samples_split': 2, 'n_estimators': 300}","scenario_results_rf_only_2026-01-25_200552_early_stop/randomforest_S3.2_I, TtoF_2_2026-01-25_200552_seed123_early_stop.pkl",1.0,1.0,1.0,1.0,1.0,1.0,1.0,1.0,1.0,1.0,1.0,1.0,1.0,1.0,1.0,1.0,1.0,1.0,1.0,1.0,1.0,1.0,1.0,1.0,1.0,1.0
3.2,"S3.2_I, TtoF_3",RandomForest,123,244,122,"{'bootstrap': True, 'max_depth': 20, 'max_features': 'sqrt', 'min_samples_leaf': 1, 'min_samples_split': 2, 'n_estimators': 300}","scenario_results_rf_only_2026-01-25_200552_early_stop/randomforest_S3.2_I, TtoF_3_2026-01-25_200552_seed123_early_stop.pkl",1.0,1.0,1.0,1.0,1.0,1.0,1.0,1.0,1.0,1.0,1.0,1.0,1.0,1.0,1.0,1.0,1.0,1.0,1.0,1.0,1.0,1.0,1.0,1.0,1.0,1.0
3.2,"S3.2_T, FtoI_1",RandomForest,123,244,122,"{'bootstrap': True, 'max_depth': 20, 'max_features': 'sqrt', 'min_samples_leaf': 1, 'min_samples_split': 2, 'n_estimators': 300}","scenario_results_rf_only_2026-01-25_200552_early_stop/randomforest_S3.2_T, FtoI_1_2026-01-25_200552_seed123_early_stop.pkl",1.0,1.0,1.0,1.0,1.0,1.0,1.0,1.0,1.0,1.0,1.0,1.0,1.0,1.0,1.0,1.0,1.0,1.0,1.0,1.0,1.0,1.0,1.0,1.0,1.0,1.0
3.2,"S3.2_T, FtoI_2",RandomForest,123,244,122,"{'bootstrap': True, 'max_depth': 20, 'max_features': 'sqrt', 'min_samples_leaf': 1, 'min_samples_split': 2, 'n_estimators': 300}","scenario_results_rf_only_2026-01-25_200552_early_stop/randomforest_S3.2_T, FtoI_2_2026-01-25_200552_seed123_early_stop.pkl",1.0,1.0,1.0,1.0,1.0,1.0,1.0,1.0,1.0,1.0,1.0,1.0,1.0,0.9918032786885246,0.9912568306010929,0.9912568306010929,0.9945355191256832,0.9945355191256832,0.9918032786885246,0.9918032786885246,0.9918032786885246,1.0,1.0,1.0,1.0,0.9918032786885246
3.2,"S3.2_T, FtoI_3",RandomForest,123,244,122,"{'bootstrap': True, 'max_depth': 20, 'max_features': 'sqrt', 'min_samples_leaf': 1, 'min_samples_split': 2, 'n_estimators': 300}","scenario_results_rf_only_2026-01-25_200552_early_stop/randomforest_S3.2_T, FtoI_3_2026-01-25_200552_seed123_early_stop.pkl",1.0,1.0,1.0,1.0,1.0,1.0,1.0,1.0,1.0,1.0,1.0,1.0,1.0,1.0,1.0,1.0,1.0,1.0,1.0,1.0,1.0,1.0,1.0,1.0,1.0,1.0
3.2,"S3.2_F, ItoT_1",RandomForest,456,244,122,"{'bootstrap': True, 'max_depth': 20, 'max_features': 'sqrt', 'min_samples_leaf': 1, 'min_samples_split': 2, 'n_estimators': 300}","scenario_results_rf_only_2026-01-25_200552_early_stop/randomforest_S3.2_F, ItoT_1_2026-01-25_200552_seed456_early_stop.pkl",1.0,1.0,1.0,1.0,1.0,1.0,1.0,1.0,1.0,1.0,1.0,1.0,1.0,1.0,1.0,1.0,1.0,1.0,1.0,1.0,1.0,1.0,1.0,1.0,1.0,1.0
3.2,"S3.2_F, ItoT_2",RandomForest,456,244,122,"{'bootstrap': True, 'max_depth': 20, 'max_features': 'sqrt', 'min_samples_leaf': 1, 'min_samples_split': 2, 'n_estimators': 300}","scenario_results_rf_only_2026-01-25_200552_early_stop/randomforest_S3.2_F, ItoT_2_2026-01-25_200552_seed456_early_stop.pkl",1.0,1.0,1.0,1.0,1.0,1.0,1.0,1.0,1.0,1.0,1.0,1.0,1.0,0.9918032786885246,0.9912568306010929,0.9912568306010929,0.9945355191256832,0.9945355191256832,0.9918032786885246,0.9918032786885246,0.9918032786885246,1.0,1.0,1.0,1.0,0.9918032786885246
3.2,"S3.2_F, ItoT_3",RandomForest,456,244,122,"{'bootstrap': True, 'max_depth': 20, 'max_features': 'sqrt', 'min_samples_leaf': 1, 'min_samples_split': 2, 'n_estimators': 300}","scenario_results_rf_only_2026-01-25_200552_early_stop/randomforest_S3.2_F, ItoT_3_2026-01-25_200552_seed456_early_stop.pkl",1.0,1.0,1.0,1.0,1.0,1.0,1.0,1.0,1.0,1.0,1.0,1.0,1.0,1.0,1.0,1.0,1.0,1.0,1.0,1.0,1.0,1.0,1.0,1.0,1.0,1.0
3.2,"S3.2_I, TtoF_1",RandomForest,456,244,122,"{'bootstrap': True, 'max_depth': 20, 'max_features': 'sqrt', 'min_samples_leaf': 1, 'min_samples_split': 2, 'n_estimators': 300}","scenario_results_rf_only_2026-01-25_200552_early_stop/randomforest_S3.2_I, TtoF_1_2026-01-25_200552_seed456_early_stop.pkl",1.0,1.0,1.0,1.0,1.0,1.0,1.0,1.0,1.0,1.0,1.0,1.0,1.0,0.9918032786885246,0.9912568306010929,0.9912568306010929,0.994535519125683,0.994535519125683,0.9918032786885246,0.9918032786885246,0.9918032786885246,1.0,1.0,1.0,1.0,0.9918032786885246
3.2,"S3.2_I, TtoF_2",RandomForest,456,244,122,"{'bootstrap': True, 'max_depth': 20, 'max_features': 'sqrt', 'min_samples_leaf': 1, 'min_samples_split': 2, 'n_estimators': 300}","scenario_results_rf_only_2026-01-25_200552_early_stop/randomforest_S3.2_I, TtoF_2_2026-01-25_200552_seed456_early_stop.pkl",1.0,1.0,1.0,1.0,1.0,1.0,1.0,1.0,1.0,1.0,1.0,1.0,1.0,0.9836065573770492,0.9825136612021858,0.9825136612021858,0.989071038251366,0.989071038251366,0.9836065573770492,0.9836065573770492,0.9836065573770492,1.0,1.0,1.0,1.0,0.9836065573770492
3.2,"S3.2_I, TtoF_3",RandomForest,456,244,122,"{'bootstrap': True, 'max_depth': 20, 'max_features': 'sqrt', 'min_samples_leaf': 1, 'min_samples_split': 2, 'n_estimators': 300}","scenario_results_rf_only_2026-01-25_200552_early_stop/randomforest_S3.2_I, TtoF_3_2026-01-25_200552_seed456_early_stop.pkl",1.0,1.0,1.0,1.0,1.0,1.0,1.0,1.0,1.0,1.0,1.0,1.0,1.0,1.0,1.0,1.0,1.0,1.0,1.0,1.0,1.0,1.0,1.0,1.0,1.0,1.0
3.2,"S3.2_T, FtoI_1",RandomForest,456,244,122,"{'bootstrap': True, 'max_depth': 20, 'max_features': 'sqrt', 'min_samples_leaf': 1, 'min_samples_split': 2, 'n_estimators': 300}","scenario_results_rf_only_2026-01-25_200552_early_stop/randomforest_S3.2_T, FtoI_1_2026-01-25_200552_seed456_early_stop.pkl",1.0,1.0,1.0,1.0,1.0,1.0,1.0,1.0,1.0,1.0,1.0,1.0,1.0,0.9918032786885246,0.9912568306010929,0.9912568306010929,0.994535519125683,0.994535519125683,0.9918032786885246,0.9918032786885246,0.9918032786885246,1.0,1.0,1.0,1.0,0.9918032786885246
3.2,"S3.2_T, FtoI_2",RandomForest,456,244,122,"{'bootstrap': True, 'max_depth': 20, 'max_features': 'sqrt', 'min_samples_leaf': 1, 'min_samples_split': 2, 'n_estimators': 300}","scenario_results_rf_only_2026-01-25_200552_early_stop/randomforest_S3.2_T, FtoI_2_2026-01-25_200552_seed456_early_stop.pkl",1.0,1.0,1.0,1.0,1.0,1.0,1.0,1.0,1.0,1.0,1.0,1.0,1.0,0.9918032786885246,0.9912568306010929,0.9912568306010929,0.994535519125683,0.994535519125683,0.9918032786885246,0.9918032786885246,0.9918032786885246,1.0,1.0,1.0,1.0,0.9918032786885246
3.2,"S3.2_T, FtoI_3",RandomForest,456,244,122,"{'bootstrap': True, 'max_depth': 20, 'max_features': 'sqrt', 'min_samples_leaf': 1, 'min_samples_split': 2, 'n_estimators': 300}","scenario_results_rf_only_2026-01-25_200552_early_stop/randomforest_S3.2_T, FtoI_3_2026-01-25_200552_seed456_early_stop.pkl",1.0,1.0,1.0,1.0,1.0,1.0,1.0,1.0,1.0,1.0,1.0,1.0,1.0,1.0,1.0,1.0,1.0,1.0,1.0,1.0,1.0,1.0,1.0,1.0,1.0,1.0
4.1,S4.1_F1toI2,RandomForest,42,122,122,"{'bootstrap': True, 'max_depth': 20, 'max_features': 'sqrt', 'min_samples_leaf': 1, 'min_samples_split': 2, 'n_estimators': 300}",scenario_results_rf_only_2026-01-25_200552_early_stop/randomforest_S4.1_F1toI2_2026-01-25_200552_seed42_early_stop.pkl,1.0,1.0,1.0,1.0,1.0,1.0,1.0,1.0,1.0,1.0,1.0,1.0,1.0,0.9590163934426229,0.9513661202185792,0.9513661202185792,0.953551912568306,0.953551912568306,0.9590163934426229,0.9590163934426229,0.9590163934426229,0.9836065573770492,0.9836065573770492,0.9836065573770492,0.9918032786885246,0.9590163934426229
4.1,S4.1_F1toI3,RandomForest,42,122,122,"{'bootstrap': True, 'max_depth': 20, 'max_features': 'sqrt', 'min_samples_leaf': 1, 'min_samples_split': 2, 'n_estimators': 300}",scenario_results_rf_only_2026-01-25_200552_early_stop/randomforest_S4.1_F1toI3_2026-01-25_200552_seed42_early_stop.pkl,1.0,1.0,1.0,1.0,1.0,1.0,1.0,1.0,1.0,1.0,1.0,1.0,1.0,0.9672131147540983,0.960655737704918,0.960655737704918,0.9644808743169399,0.9644808743169399,0.9672131147540983,0.9672131147540983,0.9672131147540983,0.9754098360655737,0.9754098360655737,0.9754098360655737,0.9836065573770492,0.9672131147540983
4.1,S4.1_F1toT2,RandomForest,42,122,122,"{'bootstrap': True, 'max_depth': 20, 'max_features': 'sqrt', 'min_samples_leaf': 1, 'min_samples_split': 2, 'n_estimators': 300}",scenario_results_rf_only_2026-01-25_200552_early_stop/randomforest_S4.1_F1toT2_2026-01-25_200552_seed42_early_stop.pkl,1.0,1.0,1.0,1.0,1.0,1.0,1.0,1.0,1.0,1.0,1.0,1.0,1.0,0.9836065573770492,0.9781420765027323,0.9781420765027323,0.9754098360655737,0.9754098360655737,0.9836065573770492,0.9836065573770492,0.9836065573770492,0.9836065573770492,0.9836065573770492,0.9836065573770492,0.9836065573770492,0.9836065573770492
4.1,S4.1_F1toT3,RandomForest,42,122,122,"{'bootstrap': True, 'max_depth': 20, 'max_features': 'sqrt', 'min_samples_leaf': 1, 'min_samples_split': 2, 'n_estimators': 300}",scenario_results_rf_only_2026-01-25_200552_early_stop/randomforest_S4.1_F1toT3_2026-01-25_200552_seed42_early_stop.pkl,1.0,1.0,1.0,1.0,1.0,1.0,1.0,1.0,1.0,1.0,1.0,1.0,1.0,0.9672131147540983,0.9606557377049181,0.9606557377049181,0.96448087431694,0.96448087431694,0.9672131147540983,0.9672131147540983,0.9672131147540983,0.9836065573770492,0.9836065573770492,0.9918032786885246,0.9918032786885246,0.9672131147540983
4.1,S4.1_F2toI1,RandomForest,42,122,122,"{'bootstrap': True, 'max_depth': 20, 'max_features': 'sqrt', 'min_samples_leaf': 1, 'min_samples_split': 2, 'n_estimators': 300}",scenario_results_rf_only_2026-01-25_200552_early_stop/randomforest_S4.1_F2toI1_2026-01-25_200552_seed42_early_stop.pkl,1.0,1.0,1.0,1.0,1.0,1.0,1.0,1.0,1.0,1.0,1.0,1.0,1.0,0.9590163934426229,0.9557377049180329,0.9557377049180329,0.9672131147540983,0.9672131147540983,0.9590163934426229,0.9590163934426229,0.9590163934426229,0.9918032786885246,0.9918032786885246,1.0,1.0,0.9590163934426229
4.1,S4.1_F2toI3,RandomForest,42,122,122,"{'bootstrap': True, 'max_depth': 20, 'max_features': 'sqrt', 'min_samples_leaf': 1, 'min_samples_split': 2, 'n_estimators': 300}",scenario_results_rf_only_2026-01-25_200552_early_stop/randomforest_S4.1_F2toI3_2026-01-25_200552_seed42_early_stop.pkl,1.0,1.0,1.0,1.0,1.0,1.0,1.0,1.0,1.0,1.0,1.0,1.0,1.0,0.9344262295081968,0.926775956284153,0.926775956284153,0.9330601092896176,0.9330601092896176,0.9344262295081968,0.9344262295081968,0.9344262295081968,0.9754098360655737,0.9918032786885246,1.0,1.0,0.9344262295081968
4.1,S4.1_F2toT1,RandomForest,42,122,122,"{'bootstrap': True, 'max_depth': 20, 'max_features': 'sqrt', 'min_samples_leaf': 1, 'min_samples_split': 2, 'n_estimators': 300}",scenario_results_rf_only_2026-01-25_200552_early_stop/randomforest_S4.1_F2toT1_2026-01-25_200552_seed42_early_stop.pkl,1.0,1.0,1.0,1.0,1.0,1.0,1.0,1.0,1.0,1.0,1.0,1.0,1.0,0.9672131147540983,0.9606557377049181,0.9606557377049181,0.96448087431694,0.96448087431694,0.9672131147540983,0.9672131147540983,0.9672131147540983,1.0,1.0,1.0,1.0,0.9672131147540983
4.1,S4.1_F2toT3,RandomForest,42,122,122,"{'bootstrap': True, 'max_depth': 20, 'max_features': 'sqrt', 'min_samples_leaf': 1, 'min_samples_split': 2, 'n_estimators': 300}",scenario_results_rf_only_2026-01-25_200552_early_stop/randomforest_S4.1_F2toT3_2026-01-25_200552_seed42_early_stop.pkl,1.0,1.0,1.0,1.0,1.0,1.0,1.0,1.0,1.0,1.0,1.0,1.0,1.0,0.9426229508196722,0.9300546448087432,0.9300546448087432,0.9289617486338797,0.9289617486338797,0.9426229508196722,0.9426229508196722,0.9426229508196722,0.9836065573770492,0.9918032786885246,0.9918032786885246,0.9918032786885246,0.9426229508196722
4.1,S4.1_F3toI1,RandomForest,42,122,122,"{'bootstrap': True, 'max_depth': 20, 'max_features': 'sqrt', 'min_samples_leaf': 1, 'min_samples_split': 2, 'n_estimators': 300}",scenario_results_rf_only_2026-01-25_200552_early_stop/randomforest_S4.1_F3toI1_2026-01-25_200552_seed42_early_stop.pkl,1.0,1.0,1.0,1.0,1.0,1.0,1.0,1.0,1.0,1.0,1.0,1.0,1.0,0.9508196721311475,0.9442622950819672,0.9442622950819672,0.9508196721311475,0.9508196721311475,0.9508196721311475,0.9508196721311475,0.9508196721311475,0.9672131147540983,1.0,1.0,1.0,0.9508196721311475
4.1,S4.1_F3toI2,RandomForest,42,122,122,"{'bootstrap': True, 'max_depth': 20, 'max_features': 'sqrt', 'min_samples_leaf': 1, 'min_samples_split': 2, 'n_estimators': 300}",scenario_results_rf_only_2026-01-25_200552_early_stop/randomforest_S4.1_F3toI2_2026-01-25_200552_seed42_early_stop.pkl,1.0,1.0,1.0,1.0,1.0,1.0,1.0,1.0,1.0,1.0,1.0,1.0,1.0,0.9262295081967213,0.9109289617486339,0.9109289617486339,0.9098360655737705,0.9098360655737705,0.9262295081967213,0.9262295081967213,0.9262295081967213,0.9590163934426229,0.9754098360655737,0.9754098360655737,0.9836065573770492,0.9262295081967213
4.1,S4.1_F3toT1,RandomForest,42,122,122,"{'bootstrap': True, 'max_depth': 20, 'max_features': 'sqrt', 'min_samples_leaf': 1, 'min_samples_split': 2, 'n_estimators': 300}",scenario_results_rf_only_2026-01-25_200552_early_stop/randomforest_S4.1_F3toT1_2026-01-25_200552_seed42_early_stop.pkl,1.0,1.0,1.0,1.0,1.0,1.0,1.0,1.0,1.0,1.0,1.0,1.0,1.0,0.9672131147540983,0.9655737704918033,0.9655737704918033,0.9754098360655737,0.9754098360655737,0.9672131147540983,0.9672131147540983,0.9672131147540983,0.9918032786885246,0.9918032786885246,1.0,1.0,0.9672131147540983
4.1,S4.1_F3toT2,RandomForest,42,122,122,"{'bootstrap': True, 'max_depth': 20, 'max_features': 'sqrt', 'min_samples_leaf': 1, 'min_samples_split': 2, 'n_estimators': 300}",scenario_results_rf_only_2026-01-25_200552_early_stop/randomforest_S4.1_F3toT2_2026-01-25_200552_seed42_early_stop.pkl,1.0,1.0,1.0,1.0,1.0,1.0,1.0,1.0,1.0,1.0,1.0,1.0,1.0,0.9426229508196722,0.9349726775956284,0.9349726775956284,0.9371584699453551,0.9371584699453551,0.9426229508196722,0.9426229508196722,0.9426229508196722,0.9672131147540983,0.9754098360655737,0.9754098360655737,0.9754098360655737,0.9426229508196722
4.1,S4.1_I1toF2,RandomForest,42,122,122,"{'bootstrap': True, 'max_depth': 20, 'max_features': 'sqrt', 'min_samples_leaf': 1, 'min_samples_split': 2, 'n_estimators': 300}",scenario_results_rf_only_2026-01-25_200552_early_stop/randomforest_S4.1_I1toF2_2026-01-25_200552_seed42_early_stop.pkl,1.0,1.0,1.0,1.0,1.0,1.0,1.0,1.0,1.0,1.0,1.0,1.0,1.0,0.9754098360655737,0.9693989071038251,0.9693989071038251,0.9699453551912568,0.9699453551912568,0.9754098360655737,0.9754098360655737,0.9754098360655737,1.0,1.0,1.0,1.0,0.9754098360655737
4.1,S4.1_I1toF3,RandomForest,42,122,122,"{'bootstrap': True, 'max_depth': 20, 'max_features': 'sqrt', 'min_samples_leaf': 1, 'min_samples_split': 2, 'n_estimators': 300}",scenario_results_rf_only_2026-01-25_200552_early_stop/randomforest_S4.1_I1toF3_2026-01-25_200552_seed42_early_stop.pkl,1.0,1.0,1.0,1.0,1.0,1.0,1.0,1.0,1.0,1.0,1.0,1.0,1.0,0.9836065573770492,0.9830601092896175,0.9830601092896175,0.9863387978142077,0.9863387978142077,0.9836065573770492,0.9836065573770492,0.9836065573770492,1.0,1.0,1.0,1.0,0.9836065573770492
4.1,S4.1_I1toT2,RandomForest,42,122,122,"{'bootstrap': True, 'max_depth': 20, 'max_features': 'sqrt', 'min_samples_leaf': 1, 'min_samples_split': 2, 'n_estimators': 300}",scenario_results_rf_only_2026-01-25_200552_early_stop/randomforest_S4.1_I1toT2_2026-01-25_200552_seed42_early_stop.pkl,1.0,1.0,1.0,1.0,1.0,1.0,1.0,1.0,1.0,1.0,1.0,1.0,1.0,0.9672131147540983,0.9606557377049181,0.9606557377049181,0.9644808743169399,0.9644808743169399,0.9672131147540983,0.9672131147540983,0.9672131147540983,0.9754098360655737,0.9918032786885246,0.9918032786885246,0.9918032786885246,0.9672131147540983
4.1,S4.1_I1toT3,RandomForest,42,122,122,"{'bootstrap': True, 'max_depth': 20, 'max_features': 'sqrt', 'min_samples_leaf': 1, 'min_samples_split': 2, 'n_estimators': 300}",scenario_results_rf_only_2026-01-25_200552_early_stop/randomforest_S4.1_I1toT3_2026-01-25_200552_seed42_early_stop.pkl,1.0,1.0,1.0,1.0,1.0,1.0,1.0,1.0,1.0,1.0,1.0,1.0,1.0,0.9754098360655737,0.9743169398907104,0.9743169398907104,0.9808743169398906,0.9808743169398906,0.9754098360655737,0.9754098360655737,0.9754098360655737,0.9918032786885246,0.9918032786885246,0.9918032786885246,1.0,0.9754098360655737
4.1,S4.1_I2toF1,RandomForest,42,122,122,"{'bootstrap': True, 'max_depth': 20, 'max_features': 'sqrt', 'min_samples_leaf': 1, 'min_samples_split': 2, 'n_estimators': 300}",scenario_results_rf_only_2026-01-25_200552_early_stop/randomforest_S4.1_I2toF1_2026-01-25_200552_seed42_early_stop.pkl,1.0,1.0,1.0,1.0,1.0,1.0,1.0,1.0,1.0,1.0,1.0,1.0,1.0,0.9590163934426229,0.9568306010928962,0.9568306010928962,0.9699453551912569,0.9699453551912569,0.9590163934426229,0.9590163934426229,0.9590163934426229,0.9918032786885246,0.9918032786885246,0.9918032786885246,0.9918032786885246,0.9590163934426229
4.1,S4.1_I2toF3,RandomForest,42,122,122,"{'bootstrap': True, 'max_depth': 20, 'max_features': 'sqrt', 'min_samples_leaf': 1, 'min_samples_split': 2, 'n_estimators': 300}",scenario_results_rf_only_2026-01-25_200552_early_stop/randomforest_S4.1_I2toF3_2026-01-25_200552_seed42_early_stop.pkl,1.0,1.0,1.0,1.0,1.0,1.0,1.0,1.0,1.0,1.0,1.0,1.0,1.0,0.9262295081967213,0.9257611241217799,0.9257611241217799,0.9491803278688525,0.9491803278688525,0.9262295081967213,0.9262295081967213,0.9262295081967213,0.9836065573770492,0.9918032786885246,0.9918032786885246,1.0,0.9262295081967213
4.1,S4.1_I2toT1,RandomForest,42,122,122,"{'bootstrap': True, 'max_depth': 20, 'max_features': 'sqrt', 'min_samples_leaf': 1, 'min_samples_split': 2, 'n_estimators': 300}",scenario_results_rf_only_2026-01-25_200552_early_stop/randomforest_S4.1_I2toT1_2026-01-25_200552_seed42_early_stop.pkl,1.0,1.0,1.0,1.0,1.0,1.0,1.0,1.0,1.0,1.0,1.0,1.0,1.0,0.9754098360655737,0.9704918032786886,0.9704918032786886,0.9672131147540983,0.9672131147540983,0.9754098360655737,0.9754098360655737,0.9754098360655737,1.0,1.0,1.0,1.0,0.9754098360655737
4.1,S4.1_I2toT3,RandomForest,42,122,122,"{'bootstrap': True, 'max_depth': 20, 'max_features': 'sqrt', 'min_samples_leaf': 1, 'min_samples_split': 2, 'n_estimators': 300}",scenario_results_rf_only_2026-01-25_200552_early_stop/randomforest_S4.1_I2toT3_2026-01-25_200552_seed42_early_stop.pkl,1.0,1.0,1.0,1.0,1.0,1.0,1.0,1.0,1.0,1.0,1.0,1.0,1.0,0.9672131147540983,0.9655737704918033,0.9655737704918033,0.9754098360655737,0.9754098360655737,0.9672131147540983,0.9672131147540983,0.9672131147540983,0.9836065573770492,0.9918032786885246,0.9918032786885246,0.9918032786885246,0.9672131147540983
4.1,S4.1_I3toF1,RandomForest,42,122,122,"{'bootstrap': True, 'max_depth': 20, 'max_features': 'sqrt', 'min_samples_leaf': 1, 'min_samples_split': 2, 'n_estimators': 300}",scenario_results_rf_only_2026-01-25_200552_early_stop/randomforest_S4.1_I3toF1_2026-01-25_200552_seed42_early_stop.pkl,1.0,1.0,1.0,1.0,1.0,1.0,1.0,1.0,1.0,1.0,1.0,1.0,1.0,0.9590163934426229,0.9508196721311474,0.9508196721311474,0.9562841530054644,0.9562841530054644,0.9590163934426229,0.9590163934426229,0.9590163934426229,0.9918032786885246,1.0,1.0,1.0,0.9590163934426229
4.1,S4.1_I3toF2,RandomForest,42,122,122,"{'bootstrap': True, 'max_depth': 20, 'max_features': 'sqrt', 'min_samples_leaf': 1, 'min_samples_split': 2, 'n_estimators': 300}",scenario_results_rf_only_2026-01-25_200552_early_stop/randomforest_S4.1_I3toF2_2026-01-25_200552_seed42_early_stop.pkl,1.0,1.0,1.0,1.0,1.0,1.0,1.0,1.0,1.0,1.0,1.0,1.0,1.0,0.9426229508196722,0.9338797814207651,0.9338797814207651,0.9426229508196722,0.9426229508196722,0.9426229508196722,0.9426229508196722,0.9426229508196722,0.9672131147540983,0.9754098360655737,0.9836065573770492,0.9918032786885246,0.9426229508196722
4.1,S4.1_I3toT1,RandomForest,42,122,122,"{'bootstrap': True, 'max_depth': 20, 'max_features': 'sqrt', 'min_samples_leaf': 1, 'min_samples_split': 2, 'n_estimators': 300}",scenario_results_rf_only_2026-01-25_200552_early_stop/randomforest_S4.1_I3toT1_2026-01-25_200552_seed42_early_stop.pkl,1.0,1.0,1.0,1.0,1.0,1.0,1.0,1.0,1.0,1.0,1.0,1.0,1.0,0.9426229508196722,0.9245901639344261,0.9245901639344261,0.9180327868852459,0.9180327868852459,0.9426229508196722,0.9426229508196722,0.9426229508196722,0.9590163934426229,0.9836065573770492,1.0,1.0,0.9426229508196722
4.1,S4.1_I3toT2,RandomForest,42,122,122,"{'bootstrap': True, 'max_depth': 20, 'max_features': 'sqrt', 'min_samples_leaf': 1, 'min_samples_split': 2, 'n_estimators': 300}",scenario_results_rf_only_2026-01-25_200552_early_stop/randomforest_S4.1_I3toT2_2026-01-25_200552_seed42_early_stop.pkl,1.0,1.0,1.0,1.0,1.0,1.0,1.0,1.0,1.0,1.0,1.0,1.0,1.0,0.9426229508196722,0.9355191256830602,0.9355191256830602,0.9344262295081968,0.9344262295081968,0.9426229508196722,0.9426229508196722,0.9426229508196722,0.9754098360655737,0.9754098360655737,0.9918032786885246,1.0,0.9426229508196722
4.1,S4.1_T1toF2,RandomForest,42,122,122,"{'bootstrap': True, 'max_depth': 20, 'max_features': 'sqrt', 'min_samples_leaf': 1, 'min_samples_split': 2, 'n_estimators': 300}",scenario_results_rf_only_2026-01-25_200552_early_stop/randomforest_S4.1_T1toF2_2026-01-25_200552_seed42_early_stop.pkl,1.0,1.0,1.0,1.0,1.0,1.0,1.0,1.0,1.0,1.0,1.0,1.0,1.0,0.9344262295081968,0.9218579234972678,0.9218579234972678,0.9262295081967213,0.9262295081967213,0.9344262295081968,0.9344262295081968,0.9344262295081968,1.0,1.0,1.0,1.0,0.9344262295081968
4.1,S4.1_T1toF3,RandomForest,42,122,122,"{'bootstrap': True, 'max_depth': 20, 'max_features': 'sqrt', 'min_samples_leaf': 1, 'min_samples_split': 2, 'n_estimators': 300}",scenario_results_rf_only_2026-01-25_200552_early_stop/randomforest_S4.1_T1toF3_2026-01-25_200552_seed42_early_stop.pkl,1.0,1.0,1.0,1.0,1.0,1.0,1.0,1.0,1.0,1.0,1.0,1.0,1.0,0.8852459016393442,0.8748633879781421,0.8748633879781421,0.8866120218579235,0.8866120218579235,0.8852459016393442,0.8852459016393442,0.8852459016393442,0.9590163934426229,0.9672131147540983,0.9918032786885246,0.9918032786885246,0.8852459016393442
4.1,S4.1_T1toI2,RandomForest,42,122,122,"{'bootstrap': True, 'max_depth': 20, 'max_features': 'sqrt', 'min_samples_leaf': 1, 'min_samples_split': 2, 'n_estimators': 300}",scenario_results_rf_only_2026-01-25_200552_early_stop/randomforest_S4.1_T1toI2_2026-01-25_200552_seed42_early_stop.pkl,1.0,1.0,1.0,1.0,1.0,1.0,1.0,1.0,1.0,1.0,1.0,1.0,1.0,0.9754098360655737,0.9683060109289618,0.9683060109289618,0.9672131147540983,0.9672131147540983,0.9754098360655737,0.9754098360655737,0.9754098360655737,0.9918032786885246,0.9918032786885246,0.9918032786885246,1.0,0.9754098360655737
4.1,S4.1_T1toI3,RandomForest,42,122,122,"{'bootstrap': True, 'max_depth': 20, 'max_features': 'sqrt', 'min_samples_leaf': 1, 'min_samples_split': 2, 'n_estimators': 300}",scenario_results_rf_only_2026-01-25_200552_early_stop/randomforest_S4.1_T1toI3_2026-01-25_200552_seed42_early_stop.pkl,1.0,1.0,1.0,1.0,1.0,1.0,1.0,1.0,1.0,1.0,1.0,1.0,1.0,0.9262295081967213,0.9153786104605777,0.9153786104605777,0.9300546448087432,0.9300546448087432,0.9262295081967213,0.9262295081967213,0.9262295081967213,0.9754098360655737,0.9918032786885246,1.0,1.0,0.9262295081967213
4.1,S4.1_T2toF1,RandomForest,42,122,122,"{'bootstrap': True, 'max_depth': 20, 'max_features': 'sqrt', 'min_samples_leaf': 1, 'min_samples_split': 2, 'n_estimators': 300}",scenario_results_rf_only_2026-01-25_200552_early_stop/randomforest_S4.1_T2toF1_2026-01-25_200552_seed42_early_stop.pkl,1.0,1.0,1.0,1.0,1.0,1.0,1.0,1.0,1.0,1.0,1.0,1.0,1.0,0.9344262295081968,0.9300546448087431,0.9300546448087431,0.9398907103825136,0.9398907103825136,0.9344262295081968,0.9344262295081968,0.9344262295081968,0.9836065573770492,1.0,1.0,1.0,0.9344262295081968
4.1,S4.1_T2toF3,RandomForest,42,122,122,"{'bootstrap': True, 'max_depth': 20, 'max_features': 'sqrt', 'min_samples_leaf': 1, 'min_samples_split': 2, 'n_estimators': 300}",scenario_results_rf_only_2026-01-25_200552_early_stop/randomforest_S4.1_T2toF3_2026-01-25_200552_seed42_early_stop.pkl,1.0,1.0,1.0,1.0,1.0,1.0,1.0,1.0,1.0,1.0,1.0,1.0,1.0,0.9180327868852459,0.9153005464480874,0.9153005464480874,0.9207650273224043,0.9207650273224043,0.9180327868852459,0.9180327868852459,0.9180327868852459,0.9672131147540983,0.9836065573770492,0.9918032786885246,1.0,0.9180327868852459
4.1,S4.1_T2toI1,RandomForest,42,122,122,"{'bootstrap': True, 'max_depth': 20, 'max_features': 'sqrt', 'min_samples_leaf': 1, 'min_samples_split': 2, 'n_estimators': 300}",scenario_results_rf_only_2026-01-25_200552_early_stop/randomforest_S4.1_T2toI1_2026-01-25_200552_seed42_early_stop.pkl,1.0,1.0,1.0,1.0,1.0,1.0,1.0,1.0,1.0,1.0,1.0,1.0,1.0,0.9508196721311475,0.9366120218579235,0.9366120218579235,0.9289617486338798,0.9289617486338798,0.9508196721311475,0.9508196721311475,0.9508196721311475,0.9672131147540983,0.9754098360655737,0.9836065573770492,0.9918032786885246,0.9508196721311475
4.1,S4.1_T2toI3,RandomForest,42,122,122,"{'bootstrap': True, 'max_depth': 20, 'max_features': 'sqrt', 'min_samples_leaf': 1, 'min_samples_split': 2, 'n_estimators': 300}",scenario_results_rf_only_2026-01-25_200552_early_stop/randomforest_S4.1_T2toI3_2026-01-25_200552_seed42_early_stop.pkl,1.0,1.0,1.0,1.0,1.0,1.0,1.0,1.0,1.0,1.0,1.0,1.0,1.0,0.9344262295081968,0.9292740046838407,0.9292740046838407,0.9377049180327868,0.9377049180327868,0.9344262295081968,0.9344262295081968,0.9344262295081968,0.9754098360655737,0.9836065573770492,0.9836065573770492,0.9918032786885246,0.9344262295081968
4.1,S4.1_T3toF1,RandomForest,42,122,122,"{'bootstrap': True, 'max_depth': 20, 'max_features': 'sqrt', 'min_samples_leaf': 1, 'min_samples_split': 2, 'n_estimators': 300}",scenario_results_rf_only_2026-01-25_200552_early_stop/randomforest_S4.1_T3toF1_2026-01-25_200552_seed42_early_stop.pkl,1.0,1.0,1.0,1.0,1.0,1.0,1.0,1.0,1.0,1.0,1.0,1.0,1.0,0.9836065573770492,0.9770491803278689,0.9770491803278689,0.9726775956284153,0.9726775956284153,0.9836065573770492,0.9836065573770492,0.9836065573770492,0.9918032786885246,0.9918032786885246,0.9918032786885246,0.9918032786885246,0.9836065573770492
4.1,S4.1_T3toF2,RandomForest,42,122,122,"{'bootstrap': True, 'max_depth': 20, 'max_features': 'sqrt', 'min_samples_leaf': 1, 'min_samples_split': 2, 'n_estimators': 300}",scenario_results_rf_only_2026-01-25_200552_early_stop/randomforest_S4.1_T3toF2_2026-01-25_200552_seed42_early_stop.pkl,1.0,1.0,1.0,1.0,1.0,1.0,1.0,1.0,1.0,1.0,1.0,1.0,1.0,0.9508196721311475,0.9467603434816548,0.9467603434816548,0.9486338797814207,0.9486338797814207,0.9508196721311475,0.9508196721311475,0.9508196721311475,0.9836065573770492,0.9918032786885246,0.9918032786885246,0.9918032786885246,0.9508196721311475
4.1,S4.1_T3toI1,RandomForest,42,122,122,"{'bootstrap': True, 'max_depth': 20, 'max_features': 'sqrt', 'min_samples_leaf': 1, 'min_samples_split': 2, 'n_estimators': 300}",scenario_results_rf_only_2026-01-25_200552_early_stop/randomforest_S4.1_T3toI1_2026-01-25_200552_seed42_early_stop.pkl,1.0,1.0,1.0,1.0,1.0,1.0,1.0,1.0,1.0,1.0,1.0,1.0,1.0,0.9426229508196722,0.9339578454332553,0.9339578454332553,0.940983606557377,0.940983606557377,0.9426229508196722,0.9426229508196722,0.9426229508196722,0.9754098360655737,1.0,1.0,1.0,0.9426229508196722
4.1,S4.1_T3toI2,RandomForest,42,122,122,"{'bootstrap': True, 'max_depth': 20, 'max_features': 'sqrt', 'min_samples_leaf': 1, 'min_samples_split': 2, 'n_estimators': 300}",scenario_results_rf_only_2026-01-25_200552_early_stop/randomforest_S4.1_T3toI2_2026-01-25_200552_seed42_early_stop.pkl,1.0,1.0,1.0,1.0,1.0,1.0,1.0,1.0,1.0,1.0,1.0,1.0,1.0,0.9672131147540983,0.9617486338797814,0.9617486338797814,0.9590163934426229,0.9590163934426229,0.9672131147540983,0.9672131147540983,0.9672131147540983,0.9754098360655737,0.9918032786885246,0.9918032786885246,0.9918032786885246,0.9672131147540983
4.1,S4.1_F1toI2,RandomForest,123,122,122,"{'bootstrap': True, 'max_depth': 20, 'max_features': 'sqrt', 'min_samples_leaf': 1, 'min_samples_split': 2, 'n_estimators': 300}",scenario_results_rf_only_2026-01-25_200552_early_stop/randomforest_S4.1_F1toI2_2026-01-25_200552_seed123_early_stop.pkl,1.0,1.0,1.0,1.0,1.0,1.0,1.0,1.0,1.0,1.0,1.0,1.0,1.0,0.9508196721311475,0.9437158469945355,0.9437158469945355,0.9426229508196722,0.9426229508196722,0.9508196721311475,0.9508196721311475,0.9508196721311475,0.9836065573770492,0.9836065573770492,0.9836065573770492,0.9836065573770492,0.9508196721311475
4.1,S4.1_F1toI3,RandomForest,123,122,122,"{'bootstrap': True, 'max_depth': 20, 'max_features': 'sqrt', 'min_samples_leaf': 1, 'min_samples_split': 2, 'n_estimators': 300}",scenario_results_rf_only_2026-01-25_200552_early_stop/randomforest_S4.1_F1toI3_2026-01-25_200552_seed123_early_stop.pkl,1.0,1.0,1.0,1.0,1.0,1.0,1.0,1.0,1.0,1.0,1.0,1.0,1.0,0.9672131147540983,0.960655737704918,0.960655737704918,0.9644808743169399,0.9644808743169399,0.9672131147540983,0.9672131147540983,0.9672131147540983,0.9754098360655737,0.9836065573770492,0.9836065573770492,0.9836065573770492,0.9672131147540983
4.1,S4.1_F1toT2,RandomForest,123,122,122,"{'bootstrap': True, 'max_depth': 20, 'max_features': 'sqrt', 'min_samples_leaf': 1, 'min_samples_split': 2, 'n_estimators': 300}",scenario_results_rf_only_2026-01-25_200552_early_stop/randomforest_S4.1_F1toT2_2026-01-25_200552_seed123_early_stop.pkl,1.0,1.0,1.0,1.0,1.0,1.0,1.0,1.0,1.0,1.0,1.0,1.0,1.0,0.9672131147540983,0.9562841530054644,0.9562841530054644,0.9508196721311475,0.9508196721311475,0.9672131147540983,0.9672131147540983,0.9672131147540983,0.9836065573770492,0.9836065573770492,0.9836065573770492,0.9836065573770492,0.9672131147540983
4.1,S4.1_F1toT3,RandomForest,123,122,122,"{'bootstrap': True, 'max_depth': 20, 'max_features': 'sqrt', 'min_samples_leaf': 1, 'min_samples_split': 2, 'n_estimators': 300}",scenario_results_rf_only_2026-01-25_200552_early_stop/randomforest_S4.1_F1toT3_2026-01-25_200552_seed123_early_stop.pkl,1.0,1.0,1.0,1.0,1.0,1.0,1.0,1.0,1.0,1.0,1.0,1.0,1.0,0.9672131147540983,0.9595628415300547,0.9595628415300547,0.9617486338797814,0.9617486338797814,0.9672131147540983,0.9672131147540983,0.9672131147540983,0.9836065573770492,0.9836065573770492,0.9836065573770492,0.9836065573770492,0.9672131147540983
4.1,S4.1_F2toI1,RandomForest,123,122,122,"{'bootstrap': True, 'max_depth': 20, 'max_features': 'sqrt', 'min_samples_leaf': 1, 'min_samples_split': 2, 'n_estimators': 300}",scenario_results_rf_only_2026-01-25_200552_early_stop/randomforest_S4.1_F2toI1_2026-01-25_200552_seed123_early_stop.pkl,1.0,1.0,1.0,1.0,1.0,1.0,1.0,1.0,1.0,1.0,1.0,1.0,1.0,0.9754098360655737,0.9748633879781421,0.9748633879781421,0.9863387978142076,0.9863387978142076,0.9754098360655737,0.9754098360655737,0.9754098360655737,0.9918032786885246,0.9918032786885246,1.0,1.0,0.9754098360655737
4.1,S4.1_F2toI3,RandomForest,123,122,122,"{'bootstrap': True, 'max_depth': 20, 'max_features': 'sqrt', 'min_samples_leaf': 1, 'min_samples_split': 2, 'n_estimators': 300}",scenario_results_rf_only_2026-01-25_200552_early_stop/randomforest_S4.1_F2toI3_2026-01-25_200552_seed123_early_stop.pkl,1.0,1.0,1.0,1.0,1.0,1.0,1.0,1.0,1.0,1.0,1.0,1.0,1.0,0.9344262295081968,0.9292740046838407,0.9292740046838407,0.9377049180327868,0.9377049180327868,0.9344262295081968,0.9344262295081968,0.9344262295081968,0.9836065573770492,0.9836065573770492,0.9918032786885246,0.9918032786885246,0.9344262295081968
4.1,S4.1_F2toT1,RandomForest,123,122,122,"{'bootstrap': True, 'max_depth': 20, 'max_features': 'sqrt', 'min_samples_leaf': 1, 'min_samples_split': 2, 'n_estimators': 300}",scenario_results_rf_only_2026-01-25_200552_early_stop/randomforest_S4.1_F2toT1_2026-01-25_200552_seed123_early_stop.pkl,1.0,1.0,1.0,1.0,1.0,1.0,1.0,1.0,1.0,1.0,1.0,1.0,1.0,0.9836065573770492,0.9781420765027322,0.9781420765027322,0.9754098360655737,0.9754098360655737,0.9836065573770492,0.9836065573770492,0.9836065573770492,1.0,1.0,1.0,1.0,0.9836065573770492
4.1,S4.1_F2toT3,RandomForest,123,122,122,"{'bootstrap': True, 'max_depth': 20, 'max_features': 'sqrt', 'min_samples_leaf': 1, 'min_samples_split': 2, 'n_estimators': 300}",scenario_results_rf_only_2026-01-25_200552_early_stop/randomforest_S4.1_F2toT3_2026-01-25_200552_seed123_early_stop.pkl,1.0,1.0,1.0,1.0,1.0,1.0,1.0,1.0,1.0,1.0,1.0,1.0,1.0,0.9426229508196722,0.9322404371584698,0.9322404371584698,0.9289617486338797,0.9289617486338797,0.9426229508196722,0.9426229508196722,0.9426229508196722,0.9754098360655737,0.9836065573770492,0.9836065573770492,0.9918032786885246,0.9426229508196722
4.1,S4.1_F3toI1,RandomForest,123,122,122,"{'bootstrap': True, 'max_depth': 20, 'max_features': 'sqrt', 'min_samples_leaf': 1, 'min_samples_split': 2, 'n_estimators': 300}",scenario_results_rf_only_2026-01-25_200552_early_stop/randomforest_S4.1_F3toI1_2026-01-25_200552_seed123_early_stop.pkl,1.0,1.0,1.0,1.0,1.0,1.0,1.0,1.0,1.0,1.0,1.0,1.0,1.0,0.9590163934426229,0.9513661202185792,0.9513661202185792,0.953551912568306,0.953551912568306,0.9590163934426229,0.9590163934426229,0.9590163934426229,0.9836065573770492,1.0,1.0,1.0,0.9590163934426229
4.1,S4.1_F3toI2,RandomForest,123,122,122,"{'bootstrap': True, 'max_depth': 20, 'max_features': 'sqrt', 'min_samples_leaf': 1, 'min_samples_split': 2, 'n_estimators': 300}",scenario_results_rf_only_2026-01-25_200552_early_stop/randomforest_S4.1_F3toI2_2026-01-25_200552_seed123_early_stop.pkl,1.0,1.0,1.0,1.0,1.0,1.0,1.0,1.0,1.0,1.0,1.0,1.0,1.0,0.9262295081967213,0.9131147540983607,0.9131147540983607,0.9098360655737705,0.9098360655737705,0.9262295081967213,0.9262295081967213,0.9262295081967213,0.9426229508196722,0.9672131147540983,0.9754098360655737,0.9918032786885246,0.9262295081967213
4.1,S4.1_F3toT1,RandomForest,123,122,122,"{'bootstrap': True, 'max_depth': 20, 'max_features': 'sqrt', 'min_samples_leaf': 1, 'min_samples_split': 2, 'n_estimators': 300}",scenario_results_rf_only_2026-01-25_200552_early_stop/randomforest_S4.1_F3toT1_2026-01-25_200552_seed123_early_stop.pkl,1.0,1.0,1.0,1.0,1.0,1.0,1.0,1.0,1.0,1.0,1.0,1.0,1.0,0.9590163934426229,0.9568306010928962,0.9568306010928962,0.9699453551912568,0.9699453551912568,0.9590163934426229,0.9590163934426229,0.9590163934426229,0.9836065573770492,0.9836065573770492,0.9918032786885246,1.0,0.9590163934426229
4.1,S4.1_F3toT2,RandomForest,123,122,122,"{'bootstrap': True, 'max_depth': 20, 'max_features': 'sqrt', 'min_samples_leaf': 1, 'min_samples_split': 2, 'n_estimators': 300}",scenario_results_rf_only_2026-01-25_200552_early_stop/randomforest_S4.1_F3toT2_2026-01-25_200552_seed123_early_stop.pkl,1.0,1.0,1.0,1.0,1.0,1.0,1.0,1.0,1.0,1.0,1.0,1.0,1.0,0.9180327868852459,0.9136612021857924,0.9136612021857924,0.9316939890710382,0.9316939890710382,0.9180327868852459,0.9180327868852459,0.9180327868852459,0.9672131147540983,0.9754098360655737,0.9836065573770492,0.9836065573770492,0.9180327868852459
4.1,S4.1_I1toF2,RandomForest,123,122,122,"{'bootstrap': True, 'max_depth': 20, 'max_features': 'sqrt', 'min_samples_leaf': 1, 'min_samples_split': 2, 'n_estimators': 300}",scenario_results_rf_only_2026-01-25_200552_early_stop/randomforest_S4.1_I1toF2_2026-01-25_200552_seed123_early_stop.pkl,1.0,1.0,1.0,1.0,1.0,1.0,1.0,1.0,1.0,1.0,1.0,1.0,1.0,0.9754098360655737,0.9748633879781421,0.9748633879781421,0.9781420765027322,0.9781420765027322,0.9754098360655737,0.9754098360655737,0.9754098360655737,1.0,1.0,1.0,1.0,0.9754098360655737
4.1,S4.1_I1toF3,RandomForest,123,122,122,"{'bootstrap': True, 'max_depth': 20, 'max_features': 'sqrt', 'min_samples_leaf': 1, 'min_samples_split': 2, 'n_estimators': 300}",scenario_results_rf_only_2026-01-25_200552_early_stop/randomforest_S4.1_I1toF3_2026-01-25_200552_seed123_early_stop.pkl,1.0,1.0,1.0,1.0,1.0,1.0,1.0,1.0,1.0,1.0,1.0,1.0,1.0,0.9836065573770492,0.9830601092896175,0.9830601092896175,0.9863387978142076,0.9863387978142076,0.9836065573770492,0.9836065573770492,0.9836065573770492,1.0,1.0,1.0,1.0,0.9836065573770492
4.1,S4.1_I1toT2,RandomForest,123,122,122,"{'bootstrap': True, 'max_depth': 20, 'max_features': 'sqrt', 'min_samples_leaf': 1, 'min_samples_split': 2, 'n_estimators': 300}",scenario_results_rf_only_2026-01-25_200552_early_stop/randomforest_S4.1_I1toT2_2026-01-25_200552_seed123_early_stop.pkl,1.0,1.0,1.0,1.0,1.0,1.0,1.0,1.0,1.0,1.0,1.0,1.0,1.0,0.9836065573770492,0.9825136612021859,0.9825136612021859,0.9890710382513661,0.9890710382513661,0.9836065573770492,0.9836065573770492,0.9836065573770492,0.9918032786885246,0.9918032786885246,0.9918032786885246,1.0,0.9836065573770492
4.1,S4.1_I1toT3,RandomForest,123,122,122,"{'bootstrap': True, 'max_depth': 20, 'max_features': 'sqrt', 'min_samples_leaf': 1, 'min_samples_split': 2, 'n_estimators': 300}",scenario_results_rf_only_2026-01-25_200552_early_stop/randomforest_S4.1_I1toT3_2026-01-25_200552_seed123_early_stop.pkl,1.0,1.0,1.0,1.0,1.0,1.0,1.0,1.0,1.0,1.0,1.0,1.0,1.0,0.9754098360655737,0.976502732240437,0.976502732240437,0.9808743169398906,0.9808743169398906,0.9754098360655737,0.9754098360655737,0.9754098360655737,0.9918032786885246,0.9918032786885246,1.0,1.0,0.9754098360655737
4.1,S4.1_I2toF1,RandomForest,123,122,122,"{'bootstrap': True, 'max_depth': 20, 'max_features': 'sqrt', 'min_samples_leaf': 1, 'min_samples_split': 2, 'n_estimators': 300}",scenario_results_rf_only_2026-01-25_200552_early_stop/randomforest_S4.1_I2toF1_2026-01-25_200552_seed123_early_stop.pkl,1.0,1.0,1.0,1.0,1.0,1.0,1.0,1.0,1.0,1.0,1.0,1.0,1.0,0.9836065573770492,0.9825136612021859,0.9825136612021859,0.989071038251366,0.989071038251366,0.9836065573770492,0.9836065573770492,0.9836065573770492,0.9918032786885246,0.9918032786885246,0.9918032786885246,0.9918032786885246,0.9836065573770492
4.1,S4.1_I2toF3,RandomForest,123,122,122,"{'bootstrap': True, 'max_depth': 20, 'max_features': 'sqrt', 'min_samples_leaf': 1, 'min_samples_split': 2, 'n_estimators': 300}",scenario_results_rf_only_2026-01-25_200552_early_stop/randomforest_S4.1_I2toF3_2026-01-25_200552_seed123_early_stop.pkl,1.0,1.0,1.0,1.0,1.0,1.0,1.0,1.0,1.0,1.0,1.0,1.0,1.0,0.9426229508196722,0.9415300546448088,0.9415300546448088,0.948087431693989,0.948087431693989,0.9426229508196722,0.9426229508196722,0.9426229508196722,0.9918032786885246,0.9918032786885246,1.0,1.0,0.9426229508196722
4.1,S4.1_I2toT1,RandomForest,123,122,122,"{'bootstrap': True, 'max_depth': 20, 'max_features': 'sqrt', 'min_samples_leaf': 1, 'min_samples_split': 2, 'n_estimators': 300}",scenario_results_rf_only_2026-01-25_200552_early_stop/randomforest_S4.1_I2toT1_2026-01-25_200552_seed123_early_stop.pkl,1.0,1.0,1.0,1.0,1.0,1.0,1.0,1.0,1.0,1.0,1.0,1.0,1.0,0.9836065573770492,0.9825136612021859,0.9825136612021859,0.989071038251366,0.989071038251366,0.9836065573770492,0.9836065573770492,0.9836065573770492,1.0,1.0,1.0,1.0,0.9836065573770492
4.1,S4.1_I2toT3,RandomForest,123,122,122,"{'bootstrap': True, 'max_depth': 20, 'max_features': 'sqrt', 'min_samples_leaf': 1, 'min_samples_split': 2, 'n_estimators': 300}",scenario_results_rf_only_2026-01-25_200552_early_stop/randomforest_S4.1_I2toT3_2026-01-25_200552_seed123_early_stop.pkl,1.0,1.0,1.0,1.0,1.0,1.0,1.0,1.0,1.0,1.0,1.0,1.0,1.0,0.9754098360655737,0.9693989071038251,0.9693989071038251,0.9699453551912568,0.9699453551912568,0.9754098360655737,0.9754098360655737,0.9754098360655737,0.9836065573770492,0.9918032786885246,0.9918032786885246,0.9918032786885246,0.9754098360655737
4.1,S4.1_I3toF1,RandomForest,123,122,122,"{'bootstrap': True, 'max_depth': 20, 'max_features': 'sqrt', 'min_samples_leaf': 1, 'min_samples_split': 2, 'n_estimators': 300}",scenario_results_rf_only_2026-01-25_200552_early_stop/randomforest_S4.1_I3toF1_2026-01-25_200552_seed123_early_stop.pkl,1.0,1.0,1.0,1.0,1.0,1.0,1.0,1.0,1.0,1.0,1.0,1.0,1.0,0.9754098360655737,0.9683060109289617,0.9683060109289617,0.9672131147540983,0.9672131147540983,0.9754098360655737,0.9754098360655737,0.9754098360655737,0.9754098360655737,0.9918032786885246,1.0,1.0,0.9754098360655737
4.1,S4.1_I3toF2,RandomForest,123,122,122,"{'bootstrap': True, 'max_depth': 20, 'max_features': 'sqrt', 'min_samples_leaf': 1, 'min_samples_split': 2, 'n_estimators': 300}",scenario_results_rf_only_2026-01-25_200552_early_stop/randomforest_S4.1_I3toF2_2026-01-25_200552_seed123_early_stop.pkl,1.0,1.0,1.0,1.0,1.0,1.0,1.0,1.0,1.0,1.0,1.0,1.0,1.0,0.9508196721311475,0.9382513661202186,0.9382513661202186,0.9344262295081968,0.9344262295081968,0.9508196721311475,0.9508196721311475,0.9508196721311475,0.9754098360655737,0.9754098360655737,0.9918032786885246,0.9918032786885246,0.9508196721311475
4.1,S4.1_I3toT1,RandomForest,123,122,122,"{'bootstrap': True, 'max_depth': 20, 'max_features': 'sqrt', 'min_samples_leaf': 1, 'min_samples_split': 2, 'n_estimators': 300}",scenario_results_rf_only_2026-01-25_200552_early_stop/randomforest_S4.1_I3toT1_2026-01-25_200552_seed123_early_stop.pkl,1.0,1.0,1.0,1.0,1.0,1.0,1.0,1.0,1.0,1.0,1.0,1.0,1.0,0.9672131147540983,0.9595628415300547,0.9595628415300547,0.9617486338797814,0.9617486338797814,0.9672131147540983,0.9672131147540983,0.9672131147540983,0.9754098360655737,0.9836065573770492,1.0,1.0,0.9672131147540983
4.1,S4.1_I3toT2,RandomForest,123,122,122,"{'bootstrap': True, 'max_depth': 20, 'max_features': 'sqrt', 'min_samples_leaf': 1, 'min_samples_split': 2, 'n_estimators': 300}",scenario_results_rf_only_2026-01-25_200552_early_stop/randomforest_S4.1_I3toT2_2026-01-25_200552_seed123_early_stop.pkl,1.0,1.0,1.0,1.0,1.0,1.0,1.0,1.0,1.0,1.0,1.0,1.0,1.0,0.9508196721311475,0.9442622950819671,0.9442622950819671,0.9439890710382512,0.9439890710382512,0.9508196721311475,0.9508196721311475,0.9508196721311475,0.9754098360655737,0.9754098360655737,0.9836065573770492,0.9836065573770492,0.9508196721311475
4.1,S4.1_T1toF2,RandomForest,123,122,122,"{'bootstrap': True, 'max_depth': 20, 'max_features': 'sqrt', 'min_samples_leaf': 1, 'min_samples_split': 2, 'n_estimators': 300}",scenario_results_rf_only_2026-01-25_200552_early_stop/randomforest_S4.1_T1toF2_2026-01-25_200552_seed123_early_stop.pkl,1.0,1.0,1.0,1.0,1.0,1.0,1.0,1.0,1.0,1.0,1.0,1.0,1.0,0.9180327868852459,0.9153786104605777,0.9153786104605777,0.9300546448087432,0.9300546448087432,0.9180327868852459,0.9180327868852459,0.9180327868852459,0.9754098360655737,0.9918032786885246,0.9918032786885246,1.0,0.9180327868852459
4.1,S4.1_T1toF3,RandomForest,123,122,122,"{'bootstrap': True, 'max_depth': 20, 'max_features': 'sqrt', 'min_samples_leaf': 1, 'min_samples_split': 2, 'n_estimators': 300}",scenario_results_rf_only_2026-01-25_200552_early_stop/randomforest_S4.1_T1toF3_2026-01-25_200552_seed123_early_stop.pkl,1.0,1.0,1.0,1.0,1.0,1.0,1.0,1.0,1.0,1.0,1.0,1.0,1.0,0.8934426229508197,0.8836846213895393,0.8836846213895393,0.9095628415300546,0.9095628415300546,0.8934426229508197,0.8934426229508197,0.8934426229508197,0.9426229508196722,0.9918032786885246,0.9918032786885246,0.9918032786885246,0.8934426229508197
4.1,S4.1_T1toI2,RandomForest,123,122,122,"{'bootstrap': True, 'max_depth': 20, 'max_features': 'sqrt', 'min_samples_leaf': 1, 'min_samples_split': 2, 'n_estimators': 300}",scenario_results_rf_only_2026-01-25_200552_early_stop/randomforest_S4.1_T1toI2_2026-01-25_200552_seed123_early_stop.pkl,1.0,1.0,1.0,1.0,1.0,1.0,1.0,1.0,1.0,1.0,1.0,1.0,1.0,0.9508196721311475,0.9426229508196722,0.9426229508196722,0.948087431693989,0.948087431693989,0.9508196721311475,0.9508196721311475,0.9508196721311475,0.9754098360655737,1.0,1.0,1.0,0.9508196721311475
4.1,S4.1_T1toI3,RandomForest,123,122,122,"{'bootstrap': True, 'max_depth': 20, 'max_features': 'sqrt', 'min_samples_leaf': 1, 'min_samples_split': 2, 'n_estimators': 300}",scenario_results_rf_only_2026-01-25_200552_early_stop/randomforest_S4.1_T1toI3_2026-01-25_200552_seed123_early_stop.pkl,1.0,1.0,1.0,1.0,1.0,1.0,1.0,1.0,1.0,1.0,1.0,1.0,1.0,0.9344262295081968,0.9279469164715066,0.9279469164715066,0.9437158469945355,0.9437158469945355,0.9344262295081968,0.9344262295081968,0.9344262295081968,0.9754098360655737,0.9918032786885246,0.9918032786885246,1.0,0.9344262295081968
4.1,S4.1_T2toF1,RandomForest,123,122,122,"{'bootstrap': True, 'max_depth': 20, 'max_features': 'sqrt', 'min_samples_leaf': 1, 'min_samples_split': 2, 'n_estimators': 300}",scenario_results_rf_only_2026-01-25_200552_early_stop/randomforest_S4.1_T2toF1_2026-01-25_200552_seed123_early_stop.pkl,1.0,1.0,1.0,1.0,1.0,1.0,1.0,1.0,1.0,1.0,1.0,1.0,1.0,0.9426229508196722,0.9322404371584699,0.9322404371584699,0.9262295081967213,0.9262295081967213,0.9426229508196722,0.9426229508196722,0.9426229508196722,0.9836065573770492,1.0,1.0,1.0,0.9426229508196722
4.1,S4.1_T2toF3,RandomForest,123,122,122,"{'bootstrap': True, 'max_depth': 20, 'max_features': 'sqrt', 'min_samples_leaf': 1, 'min_samples_split': 2, 'n_estimators': 300}",scenario_results_rf_only_2026-01-25_200552_early_stop/randomforest_S4.1_T2toF3_2026-01-25_200552_seed123_early_stop.pkl,1.0,1.0,1.0,1.0,1.0,1.0,1.0,1.0,1.0,1.0,1.0,1.0,1.0,0.9508196721311475,0.9448087431693989,0.9448087431693989,0.9453551912568305,0.9453551912568305,0.9508196721311475,0.9508196721311475,0.9508196721311475,0.9672131147540983,0.9754098360655737,0.9836065573770492,0.9836065573770492,0.9508196721311475
4.1,S4.1_T2toI1,RandomForest,123,122,122,"{'bootstrap': True, 'max_depth': 20, 'max_features': 'sqrt', 'min_samples_leaf': 1, 'min_samples_split': 2, 'n_estimators': 300}",scenario_results_rf_only_2026-01-25_200552_early_stop/randomforest_S4.1_T2toI1_2026-01-25_200552_seed123_early_stop.pkl,1.0,1.0,1.0,1.0,1.0,1.0,1.0,1.0,1.0,1.0,1.0,1.0,1.0,0.9426229508196722,0.9284153005464482,0.9284153005464482,0.9207650273224043,0.9207650273224043,0.9426229508196722,0.9426229508196722,0.9426229508196722,0.9672131147540983,0.9918032786885246,1.0,1.0,0.9426229508196722
4.1,S4.1_T2toI3,RandomForest,123,122,122,"{'bootstrap': True, 'max_depth': 20, 'max_features': 'sqrt', 'min_samples_leaf': 1, 'min_samples_split': 2, 'n_estimators': 300}",scenario_results_rf_only_2026-01-25_200552_early_stop/randomforest_S4.1_T2toI3_2026-01-25_200552_seed123_early_stop.pkl,1.0,1.0,1.0,1.0,1.0,1.0,1.0,1.0,1.0,1.0,1.0,1.0,1.0,0.9262295081967213,0.9191256830601092,0.9191256830601092,0.9180327868852459,0.9180327868852459,0.9262295081967213,0.9262295081967213,0.9262295081967213,0.9672131147540983,0.9918032786885246,0.9918032786885246,0.9918032786885246,0.9262295081967213
4.1,S4.1_T3toF1,RandomForest,123,122,122,"{'bootstrap': True, 'max_depth': 20, 'max_features': 'sqrt', 'min_samples_leaf': 1, 'min_samples_split': 2, 'n_estimators': 300}",scenario_results_rf_only_2026-01-25_200552_early_stop/randomforest_S4.1_T3toF1_2026-01-25_200552_seed123_early_stop.pkl,1.0,1.0,1.0,1.0,1.0,1.0,1.0,1.0,1.0,1.0,1.0,1.0,1.0,0.9836065573770492,0.9825136612021859,0.9825136612021859,0.989071038251366,0.989071038251366,0.9836065573770492,0.9836065573770492,0.9836065573770492,0.9918032786885246,1.0,1.0,1.0,0.9836065573770492
4.1,S4.1_T3toF2,RandomForest,123,122,122,"{'bootstrap': True, 'max_depth': 20, 'max_features': 'sqrt', 'min_samples_leaf': 1, 'min_samples_split': 2, 'n_estimators': 300}",scenario_results_rf_only_2026-01-25_200552_early_stop/randomforest_S4.1_T3toF2_2026-01-25_200552_seed123_early_stop.pkl,1.0,1.0,1.0,1.0,1.0,1.0,1.0,1.0,1.0,1.0,1.0,1.0,1.0,0.9672131147540983,0.9639344262295082,0.9639344262295082,0.9617486338797814,0.9617486338797814,0.9672131147540983,0.9672131147540983,0.9672131147540983,0.9918032786885246,0.9918032786885246,1.0,1.0,0.9672131147540983
4.1,S4.1_T3toI1,RandomForest,123,122,122,"{'bootstrap': True, 'max_depth': 20, 'max_features': 'sqrt', 'min_samples_leaf': 1, 'min_samples_split': 2, 'n_estimators': 300}",scenario_results_rf_only_2026-01-25_200552_early_stop/randomforest_S4.1_T3toI1_2026-01-25_200552_seed123_early_stop.pkl,1.0,1.0,1.0,1.0,1.0,1.0,1.0,1.0,1.0,1.0,1.0,1.0,1.0,0.9672131147540983,0.9623731459797035,0.9623731459797035,0.9683060109289617,0.9683060109289617,0.9672131147540983,0.9672131147540983,0.9672131147540983,0.9918032786885246,1.0,1.0,1.0,0.9672131147540983
4.1,S4.1_T3toI2,RandomForest,123,122,122,"{'bootstrap': True, 'max_depth': 20, 'max_features': 'sqrt', 'min_samples_leaf': 1, 'min_samples_split': 2, 'n_estimators': 300}",scenario_results_rf_only_2026-01-25_200552_early_stop/randomforest_S4.1_T3toI2_2026-01-25_200552_seed123_early_stop.pkl,1.0,1.0,1.0,1.0,1.0,1.0,1.0,1.0,1.0,1.0,1.0,1.0,1.0,0.9590163934426229,0.9530054644808743,0.9530054644808743,0.9494535519125683,0.9494535519125683,0.9590163934426229,0.9590163934426229,0.9590163934426229,0.9918032786885246,0.9918032786885246,0.9918032786885246,0.9918032786885246,0.9590163934426229
4.1,S4.1_F1toI2,RandomForest,456,122,122,"{'bootstrap': True, 'max_depth': 20, 'max_features': 'sqrt', 'min_samples_leaf': 1, 'min_samples_split': 2, 'n_estimators': 300}",scenario_results_rf_only_2026-01-25_200552_early_stop/randomforest_S4.1_F1toI2_2026-01-25_200552_seed456_early_stop.pkl,1.0,1.0,1.0,1.0,1.0,1.0,1.0,1.0,1.0,1.0,1.0,1.0,1.0,0.9590163934426229,0.9530054644808744,0.9530054644808744,0.953551912568306,0.953551912568306,0.9590163934426229,0.9590163934426229,0.9590163934426229,0.9754098360655737,0.9836065573770492,0.9836065573770492,0.9836065573770492,0.9590163934426229
4.1,S4.1_F1toI3,RandomForest,456,122,122,"{'bootstrap': True, 'max_depth': 20, 'max_features': 'sqrt', 'min_samples_leaf': 1, 'min_samples_split': 2, 'n_estimators': 300}",scenario_results_rf_only_2026-01-25_200552_early_stop/randomforest_S4.1_F1toI3_2026-01-25_200552_seed456_early_stop.pkl,1.0,1.0,1.0,1.0,1.0,1.0,1.0,1.0,1.0,1.0,1.0,1.0,1.0,0.9672131147540983,0.960655737704918,0.960655737704918,0.96448087431694,0.96448087431694,0.9672131147540983,0.9672131147540983,0.9672131147540983,0.9754098360655737,0.9836065573770492,0.9836065573770492,0.9918032786885246,0.9672131147540983
4.1,S4.1_F1toT2,RandomForest,456,122,122,"{'bootstrap': True, 'max_depth': 20, 'max_features': 'sqrt', 'min_samples_leaf': 1, 'min_samples_split': 2, 'n_estimators': 300}",scenario_results_rf_only_2026-01-25_200552_early_stop/randomforest_S4.1_F1toT2_2026-01-25_200552_seed456_early_stop.pkl,1.0,1.0,1.0,1.0,1.0,1.0,1.0,1.0,1.0,1.0,1.0,1.0,1.0,0.9836065573770492,0.9781420765027323,0.9781420765027323,0.9754098360655737,0.9754098360655737,0.9836065573770492,0.9836065573770492,0.9836065573770492,0.9836065573770492,0.9836065573770492,0.9836065573770492,0.9836065573770492,0.9836065573770492
4.1,S4.1_F1toT3,RandomForest,456,122,122,"{'bootstrap': True, 'max_depth': 20, 'max_features': 'sqrt', 'min_samples_leaf': 1, 'min_samples_split': 2, 'n_estimators': 300}",scenario_results_rf_only_2026-01-25_200552_early_stop/randomforest_S4.1_F1toT3_2026-01-25_200552_seed456_early_stop.pkl,1.0,1.0,1.0,1.0,1.0,1.0,1.0,1.0,1.0,1.0,1.0,1.0,1.0,0.9754098360655737,0.9693989071038251,0.9693989071038251,0.9699453551912569,0.9699453551912569,0.9754098360655737,0.9754098360655737,0.9754098360655737,0.9836065573770492,0.9836065573770492,0.9836065573770492,0.9836065573770492,0.9754098360655737
4.1,S4.1_F2toI1,RandomForest,456,122,122,"{'bootstrap': True, 'max_depth': 20, 'max_features': 'sqrt', 'min_samples_leaf': 1, 'min_samples_split': 2, 'n_estimators': 300}",scenario_results_rf_only_2026-01-25_200552_early_stop/randomforest_S4.1_F2toI1_2026-01-25_200552_seed456_early_stop.pkl,1.0,1.0,1.0,1.0,1.0,1.0,1.0,1.0,1.0,1.0,1.0,1.0,1.0,0.9590163934426229,0.9557377049180329,0.9557377049180329,0.9672131147540983,0.9672131147540983,0.9590163934426229,0.9590163934426229,0.9590163934426229,0.9918032786885246,0.9918032786885246,1.0,1.0,0.9590163934426229
4.1,S4.1_F2toI3,RandomForest,456,122,122,"{'bootstrap': True, 'max_depth': 20, 'max_features': 'sqrt', 'min_samples_leaf': 1, 'min_samples_split': 2, 'n_estimators': 300}",scenario_results_rf_only_2026-01-25_200552_early_stop/randomforest_S4.1_F2toI3_2026-01-25_200552_seed456_early_stop.pkl,1.0,1.0,1.0,1.0,1.0,1.0,1.0,1.0,1.0,1.0,1.0,1.0,1.0,0.9262295081967213,0.9088212334113972,0.9088212334113972,0.9109289617486338,0.9109289617486338,0.9262295081967213,0.9262295081967213,0.9262295081967213,0.9590163934426229,0.9836065573770492,0.9918032786885246,0.9918032786885246,0.9262295081967213
4.1,S4.1_F2toT1,RandomForest,456,122,122,"{'bootstrap': True, 'max_depth': 20, 'max_features': 'sqrt', 'min_samples_leaf': 1, 'min_samples_split': 2, 'n_estimators': 300}",scenario_results_rf_only_2026-01-25_200552_early_stop/randomforest_S4.1_F2toT1_2026-01-25_200552_seed456_early_stop.pkl,1.0,1.0,1.0,1.0,1.0,1.0,1.0,1.0,1.0,1.0,1.0,1.0,1.0,1.0,1.0,1.0,1.0,1.0,1.0,1.0,1.0,1.0,1.0,1.0,1.0,1.0
4.1,S4.1_F2toT3,RandomForest,456,122,122,"{'bootstrap': True, 'max_depth': 20, 'max_features': 'sqrt', 'min_samples_leaf': 1, 'min_samples_split': 2, 'n_estimators': 300}",scenario_results_rf_only_2026-01-25_200552_early_stop/randomforest_S4.1_F2toT3_2026-01-25_200552_seed456_early_stop.pkl,1.0,1.0,1.0,1.0,1.0,1.0,1.0,1.0,1.0,1.0,1.0,1.0,1.0,0.9426229508196722,0.9300546448087432,0.9300546448087432,0.9262295081967213,0.9262295081967213,0.9426229508196722,0.9426229508196722,0.9426229508196722,0.9836065573770492,0.9918032786885246,0.9918032786885246,0.9918032786885246,0.9426229508196722
4.1,S4.1_F3toI1,RandomForest,456,122,122,"{'bootstrap': True, 'max_depth': 20, 'max_features': 'sqrt', 'min_samples_leaf': 1, 'min_samples_split': 2, 'n_estimators': 300}",scenario_results_rf_only_2026-01-25_200552_early_stop/randomforest_S4.1_F3toI1_2026-01-25_200552_seed456_early_stop.pkl,1.0,1.0,1.0,1.0,1.0,1.0,1.0,1.0,1.0,1.0,1.0,1.0,1.0,0.9508196721311475,0.9371584699453551,0.9371584699453551,0.9316939890710383,0.9316939890710383,0.9508196721311475,0.9508196721311475,0.9508196721311475,0.9672131147540983,0.9918032786885246,0.9918032786885246,0.9918032786885246,0.9508196721311475
4.1,S4.1_F3toI2,RandomForest,456,122,122,"{'bootstrap': True, 'max_depth': 20, 'max_features': 'sqrt', 'min_samples_leaf': 1, 'min_samples_split': 2, 'n_estimators': 300}",scenario_results_rf_only_2026-01-25_200552_early_stop/randomforest_S4.1_F3toI2_2026-01-25_200552_seed456_early_stop.pkl,1.0,1.0,1.0,1.0,1.0,1.0,1.0,1.0,1.0,1.0,1.0,1.0,1.0,0.9344262295081968,0.9207650273224044,0.9207650273224044,0.9180327868852459,0.9180327868852459,0.9344262295081968,0.9344262295081968,0.9344262295081968,0.9590163934426229,0.9754098360655737,0.9754098360655737,0.9836065573770492,0.9344262295081968
4.1,S4.1_F3toT1,RandomForest,456,122,122,"{'bootstrap': True, 'max_depth': 20, 'max_features': 'sqrt', 'min_samples_leaf': 1, 'min_samples_split': 2, 'n_estimators': 300}",scenario_results_rf_only_2026-01-25_200552_early_stop/randomforest_S4.1_F3toT1_2026-01-25_200552_seed456_early_stop.pkl,1.0,1.0,1.0,1.0,1.0,1.0,1.0,1.0,1.0,1.0,1.0,1.0,1.0,0.9426229508196722,0.9316939890710383,0.9316939890710383,0.9316939890710382,0.9316939890710382,0.9426229508196722,0.9426229508196722,0.9426229508196722,0.9836065573770492,0.9918032786885246,0.9918032786885246,1.0,0.9426229508196722
4.1,S4.1_F3toT2,RandomForest,456,122,122,"{'bootstrap': True, 'max_depth': 20, 'max_features': 'sqrt', 'min_samples_leaf': 1, 'min_samples_split': 2, 'n_estimators': 300}",scenario_results_rf_only_2026-01-25_200552_early_stop/randomforest_S4.1_F3toT2_2026-01-25_200552_seed456_early_stop.pkl,1.0,1.0,1.0,1.0,1.0,1.0,1.0,1.0,1.0,1.0,1.0,1.0,1.0,0.9180327868852459,0.913192818110851,0.913192818110851,0.9300546448087432,0.9300546448087432,0.9180327868852459,0.9180327868852459,0.9180327868852459,0.9590163934426229,0.9754098360655737,0.9754098360655737,0.9836065573770492,0.9180327868852459
4.1,S4.1_I1toF2,RandomForest,456,122,122,"{'bootstrap': True, 'max_depth': 20, 'max_features': 'sqrt', 'min_samples_leaf': 1, 'min_samples_split': 2, 'n_estimators': 300}",scenario_results_rf_only_2026-01-25_200552_early_stop/randomforest_S4.1_I1toF2_2026-01-25_200552_seed456_early_stop.pkl,1.0,1.0,1.0,1.0,1.0,1.0,1.0,1.0,1.0,1.0,1.0,1.0,1.0,0.9836065573770492,0.9836065573770492,0.9836065573770492,0.9836065573770492,0.9836065573770492,0.9836065573770492,0.9836065573770492,0.9836065573770492,1.0,1.0,1.0,1.0,0.9836065573770492
4.1,S4.1_I1toF3,RandomForest,456,122,122,"{'bootstrap': True, 'max_depth': 20, 'max_features': 'sqrt', 'min_samples_leaf': 1, 'min_samples_split': 2, 'n_estimators': 300}",scenario_results_rf_only_2026-01-25_200552_early_stop/randomforest_S4.1_I1toF3_2026-01-25_200552_seed456_early_stop.pkl,1.0,1.0,1.0,1.0,1.0,1.0,1.0,1.0,1.0,1.0,1.0,1.0,1.0,0.9836065573770492,0.9830601092896175,0.9830601092896175,0.9863387978142076,0.9863387978142076,0.9836065573770492,0.9836065573770492,0.9836065573770492,0.9918032786885246,1.0,1.0,1.0,0.9836065573770492
4.1,S4.1_I1toT2,RandomForest,456,122,122,"{'bootstrap': True, 'max_depth': 20, 'max_features': 'sqrt', 'min_samples_leaf': 1, 'min_samples_split': 2, 'n_estimators': 300}",scenario_results_rf_only_2026-01-25_200552_early_stop/randomforest_S4.1_I1toT2_2026-01-25_200552_seed456_early_stop.pkl,1.0,1.0,1.0,1.0,1.0,1.0,1.0,1.0,1.0,1.0,1.0,1.0,1.0,0.9672131147540983,0.9595628415300547,0.9595628415300547,0.9617486338797815,0.9617486338797815,0.9672131147540983,0.9672131147540983,0.9672131147540983,0.9836065573770492,0.9836065573770492,0.9918032786885246,0.9918032786885246,0.9672131147540983
4.1,S4.1_I1toT3,RandomForest,456,122,122,"{'bootstrap': True, 'max_depth': 20, 'max_features': 'sqrt', 'min_samples_leaf': 1, 'min_samples_split': 2, 'n_estimators': 300}",scenario_results_rf_only_2026-01-25_200552_early_stop/randomforest_S4.1_I1toT3_2026-01-25_200552_seed456_early_stop.pkl,1.0,1.0,1.0,1.0,1.0,1.0,1.0,1.0,1.0,1.0,1.0,1.0,1.0,0.9754098360655737,0.9743169398907104,0.9743169398907104,0.9808743169398906,0.9808743169398906,0.9754098360655737,0.9754098360655737,0.9754098360655737,0.9918032786885246,0.9918032786885246,0.9918032786885246,1.0,0.9754098360655737
4.1,S4.1_I2toF1,RandomForest,456,122,122,"{'bootstrap': True, 'max_depth': 20, 'max_features': 'sqrt', 'min_samples_leaf': 1, 'min_samples_split': 2, 'n_estimators': 300}",scenario_results_rf_only_2026-01-25_200552_early_stop/randomforest_S4.1_I2toF1_2026-01-25_200552_seed456_early_stop.pkl,1.0,1.0,1.0,1.0,1.0,1.0,1.0,1.0,1.0,1.0,1.0,1.0,1.0,0.9754098360655737,0.9683060109289618,0.9683060109289618,0.9672131147540983,0.9672131147540983,0.9754098360655737,0.9754098360655737,0.9754098360655737,0.9918032786885246,0.9918032786885246,0.9918032786885246,0.9918032786885246,0.9754098360655737
4.1,S4.1_I2toF3,RandomForest,456,122,122,"{'bootstrap': True, 'max_depth': 20, 'max_features': 'sqrt', 'min_samples_leaf': 1, 'min_samples_split': 2, 'n_estimators': 300}",scenario_results_rf_only_2026-01-25_200552_early_stop/randomforest_S4.1_I2toF3_2026-01-25_200552_seed456_early_stop.pkl,1.0,1.0,1.0,1.0,1.0,1.0,1.0,1.0,1.0,1.0,1.0,1.0,1.0,0.9508196721311475,0.9415300546448088,0.9415300546448088,0.9398907103825137,0.9398907103825137,0.9508196721311475,0.9508196721311475,0.9508196721311475,0.9836065573770492,1.0,1.0,1.0,0.9508196721311475
4.1,S4.1_I2toT1,RandomForest,456,122,122,"{'bootstrap': True, 'max_depth': 20, 'max_features': 'sqrt', 'min_samples_leaf': 1, 'min_samples_split': 2, 'n_estimators': 300}",scenario_results_rf_only_2026-01-25_200552_early_stop/randomforest_S4.1_I2toT1_2026-01-25_200552_seed456_early_stop.pkl,1.0,1.0,1.0,1.0,1.0,1.0,1.0,1.0,1.0,1.0,1.0,1.0,1.0,0.9836065573770492,0.9825136612021859,0.9825136612021859,0.989071038251366,0.989071038251366,0.9836065573770492,0.9836065573770492,0.9836065573770492,1.0,1.0,1.0,1.0,0.9836065573770492
4.1,S4.1_I2toT3,RandomForest,456,122,122,"{'bootstrap': True, 'max_depth': 20, 'max_features': 'sqrt', 'min_samples_leaf': 1, 'min_samples_split': 2, 'n_estimators': 300}",scenario_results_rf_only_2026-01-25_200552_early_stop/randomforest_S4.1_I2toT3_2026-01-25_200552_seed456_early_stop.pkl,1.0,1.0,1.0,1.0,1.0,1.0,1.0,1.0,1.0,1.0,1.0,1.0,1.0,0.9754098360655737,0.9683060109289617,0.9683060109289617,0.9672131147540983,0.9672131147540983,0.9754098360655737,0.9754098360655737,0.9754098360655737,0.9836065573770492,0.9836065573770492,0.9836065573770492,0.9836065573770492,0.9754098360655737
4.1,S4.1_I3toF1,RandomForest,456,122,122,"{'bootstrap': True, 'max_depth': 20, 'max_features': 'sqrt', 'min_samples_leaf': 1, 'min_samples_split': 2, 'n_estimators': 300}",scenario_results_rf_only_2026-01-25_200552_early_stop/randomforest_S4.1_I3toF1_2026-01-25_200552_seed456_early_stop.pkl,1.0,1.0,1.0,1.0,1.0,1.0,1.0,1.0,1.0,1.0,1.0,1.0,1.0,0.9754098360655737,0.9743169398907104,0.9743169398907104,0.9808743169398906,0.9808743169398906,0.9754098360655737,0.9754098360655737,0.9754098360655737,0.9754098360655737,1.0,1.0,1.0,0.9754098360655737
4.1,S4.1_I3toF2,RandomForest,456,122,122,"{'bootstrap': True, 'max_depth': 20, 'max_features': 'sqrt', 'min_samples_leaf': 1, 'min_samples_split': 2, 'n_estimators': 300}",scenario_results_rf_only_2026-01-25_200552_early_stop/randomforest_S4.1_I3toF2_2026-01-25_200552_seed456_early_stop.pkl,1.0,1.0,1.0,1.0,1.0,1.0,1.0,1.0,1.0,1.0,1.0,1.0,1.0,0.9590163934426229,0.9508196721311475,0.9508196721311475,0.9562841530054645,0.9562841530054645,0.9590163934426229,0.9590163934426229,0.9590163934426229,0.9754098360655737,0.9754098360655737,0.9918032786885246,0.9918032786885246,0.9590163934426229
4.1,S4.1_I3toT1,RandomForest,456,122,122,"{'bootstrap': True, 'max_depth': 20, 'max_features': 'sqrt', 'min_samples_leaf': 1, 'min_samples_split': 2, 'n_estimators': 300}",scenario_results_rf_only_2026-01-25_200552_early_stop/randomforest_S4.1_I3toT1_2026-01-25_200552_seed456_early_stop.pkl,1.0,1.0,1.0,1.0,1.0,1.0,1.0,1.0,1.0,1.0,1.0,1.0,1.0,0.9672131147540983,0.9595628415300547,0.9595628415300547,0.9617486338797814,0.9617486338797814,0.9672131147540983,0.9672131147540983,0.9672131147540983,0.9836065573770492,1.0,1.0,1.0,0.9672131147540983
4.1,S4.1_I3toT2,RandomForest,456,122,122,"{'bootstrap': True, 'max_depth': 20, 'max_features': 'sqrt', 'min_samples_leaf': 1, 'min_samples_split': 2, 'n_estimators': 300}",scenario_results_rf_only_2026-01-25_200552_early_stop/randomforest_S4.1_I3toT2_2026-01-25_200552_seed456_early_stop.pkl,1.0,1.0,1.0,1.0,1.0,1.0,1.0,1.0,1.0,1.0,1.0,1.0,1.0,0.9590163934426229,0.9557377049180328,0.9557377049180328,0.953551912568306,0.953551912568306,0.9590163934426229,0.9590163934426229,0.9590163934426229,0.9836065573770492,0.9918032786885246,1.0,1.0,0.9590163934426229
4.1,S4.1_T1toF2,RandomForest,456,122,122,"{'bootstrap': True, 'max_depth': 20, 'max_features': 'sqrt', 'min_samples_leaf': 1, 'min_samples_split': 2, 'n_estimators': 300}",scenario_results_rf_only_2026-01-25_200552_early_stop/randomforest_S4.1_T1toF2_2026-01-25_200552_seed456_early_stop.pkl,1.0,1.0,1.0,1.0,1.0,1.0,1.0,1.0,1.0,1.0,1.0,1.0,1.0,0.9508196721311475,0.9508977361436378,0.9508977361436378,0.9710382513661202,0.9710382513661202,0.9508196721311475,0.9508196721311475,0.9508196721311475,0.9918032786885246,1.0,1.0,1.0,0.9508196721311475
4.1,S4.1_T1toF3,RandomForest,456,122,122,"{'bootstrap': True, 'max_depth': 20, 'max_features': 'sqrt', 'min_samples_leaf': 1, 'min_samples_split': 2, 'n_estimators': 300}",scenario_results_rf_only_2026-01-25_200552_early_stop/randomforest_S4.1_T1toF3_2026-01-25_200552_seed456_early_stop.pkl,1.0,1.0,1.0,1.0,1.0,1.0,1.0,1.0,1.0,1.0,1.0,1.0,1.0,0.9098360655737705,0.916575591985428,0.916575591985428,0.9541373926619827,0.9541373926619827,0.9098360655737705,0.9098360655737705,0.9098360655737705,0.9754098360655737,0.9836065573770492,0.9918032786885246,1.0,0.9098360655737705
4.1,S4.1_T1toI2,RandomForest,456,122,122,"{'bootstrap': True, 'max_depth': 20, 'max_features': 'sqrt', 'min_samples_leaf': 1, 'min_samples_split': 2, 'n_estimators': 300}",scenario_results_rf_only_2026-01-25_200552_early_stop/randomforest_S4.1_T1toI2_2026-01-25_200552_seed456_early_stop.pkl,1.0,1.0,1.0,1.0,1.0,1.0,1.0,1.0,1.0,1.0,1.0,1.0,1.0,0.9590163934426229,0.9519125683060109,0.9519125683060109,0.9590163934426229,0.9590163934426229,0.9590163934426229,0.9590163934426229,0.9590163934426229,0.9918032786885246,1.0,1.0,1.0,0.9590163934426229
4.1,S4.1_T1toI3,RandomForest,456,122,122,"{'bootstrap': True, 'max_depth': 20, 'max_features': 'sqrt', 'min_samples_leaf': 1, 'min_samples_split': 2, 'n_estimators': 300}",scenario_results_rf_only_2026-01-25_200552_early_stop/randomforest_S4.1_T1toI3_2026-01-25_200552_seed456_early_stop.pkl,1.0,1.0,1.0,1.0,1.0,1.0,1.0,1.0,1.0,1.0,1.0,1.0,1.0,0.9508196721311475,0.9503512880562061,0.9503512880562061,0.9737704918032787,0.9737704918032787,0.9508196721311475,0.9508196721311475,0.9508196721311475,0.9836065573770492,0.9918032786885246,0.9918032786885246,1.0,0.9508196721311475
4.1,S4.1_T2toF1,RandomForest,456,122,122,"{'bootstrap': True, 'max_depth': 20, 'max_features': 'sqrt', 'min_samples_leaf': 1, 'min_samples_split': 2, 'n_estimators': 300}",scenario_results_rf_only_2026-01-25_200552_early_stop/randomforest_S4.1_T2toF1_2026-01-25_200552_seed456_early_stop.pkl,1.0,1.0,1.0,1.0,1.0,1.0,1.0,1.0,1.0,1.0,1.0,1.0,1.0,0.9508196721311475,0.9383294301327089,0.9383294301327089,0.9327868852459016,0.9327868852459016,0.9508196721311475,0.9508196721311475,0.9508196721311475,1.0,1.0,1.0,1.0,0.9508196721311475
4.1,S4.1_T2toF3,RandomForest,456,122,122,"{'bootstrap': True, 'max_depth': 20, 'max_features': 'sqrt', 'min_samples_leaf': 1, 'min_samples_split': 2, 'n_estimators': 300}",scenario_results_rf_only_2026-01-25_200552_early_stop/randomforest_S4.1_T2toF3_2026-01-25_200552_seed456_early_stop.pkl,1.0,1.0,1.0,1.0,1.0,1.0,1.0,1.0,1.0,1.0,1.0,1.0,1.0,0.9426229508196722,0.9371584699453551,0.9371584699453551,0.9453551912568307,0.9453551912568307,0.9426229508196722,0.9426229508196722,0.9426229508196722,0.9672131147540983,0.9836065573770492,0.9836065573770492,0.9836065573770492,0.9426229508196722
4.1,S4.1_T2toI1,RandomForest,456,122,122,"{'bootstrap': True, 'max_depth': 20, 'max_features': 'sqrt', 'min_samples_leaf': 1, 'min_samples_split': 2, 'n_estimators': 300}",scenario_results_rf_only_2026-01-25_200552_early_stop/randomforest_S4.1_T2toI1_2026-01-25_200552_seed456_early_stop.pkl,1.0,1.0,1.0,1.0,1.0,1.0,1.0,1.0,1.0,1.0,1.0,1.0,1.0,0.9508196721311475,0.9398907103825137,0.9398907103825137,0.9344262295081968,0.9344262295081968,0.9508196721311475,0.9508196721311475,0.9508196721311475,0.9754098360655737,0.9836065573770492,0.9918032786885246,0.9918032786885246,0.9508196721311475
4.1,S4.1_T2toI3,RandomForest,456,122,122,"{'bootstrap': True, 'max_depth': 20, 'max_features': 'sqrt', 'min_samples_leaf': 1, 'min_samples_split': 2, 'n_estimators': 300}",scenario_results_rf_only_2026-01-25_200552_early_stop/randomforest_S4.1_T2toI3_2026-01-25_200552_seed456_early_stop.pkl,1.0,1.0,1.0,1.0,1.0,1.0,1.0,1.0,1.0,1.0,1.0,1.0,1.0,0.9590163934426229,0.9502732240437158,0.9502732240437158,0.9508196721311475,0.9508196721311475,0.9590163934426229,0.9590163934426229,0.9590163934426229,0.9754098360655737,0.9918032786885246,0.9918032786885246,1.0,0.9590163934426229
4.1,S4.1_T3toF1,RandomForest,456,122,122,"{'bootstrap': True, 'max_depth': 20, 'max_features': 'sqrt', 'min_samples_leaf': 1, 'min_samples_split': 2, 'n_estimators': 300}",scenario_results_rf_only_2026-01-25_200552_early_stop/randomforest_S4.1_T3toF1_2026-01-25_200552_seed456_early_stop.pkl,1.0,1.0,1.0,1.0,1.0,1.0,1.0,1.0,1.0,1.0,1.0,1.0,1.0,0.9754098360655737,0.9748633879781421,0.9748633879781421,0.9781420765027322,0.9781420765027322,0.9754098360655737,0.9754098360655737,0.9754098360655737,0.9918032786885246,0.9918032786885246,0.9918032786885246,0.9918032786885246,0.9754098360655737
4.1,S4.1_T3toF2,RandomForest,456,122,122,"{'bootstrap': True, 'max_depth': 20, 'max_features': 'sqrt', 'min_samples_leaf': 1, 'min_samples_split': 2, 'n_estimators': 300}",scenario_results_rf_only_2026-01-25_200552_early_stop/randomforest_S4.1_T3toF2_2026-01-25_200552_seed456_early_stop.pkl,1.0,1.0,1.0,1.0,1.0,1.0,1.0,1.0,1.0,1.0,1.0,1.0,1.0,0.9672131147540983,0.9595628415300547,0.9595628415300547,0.9617486338797815,0.9617486338797815,0.9672131147540983,0.9672131147540983,0.9672131147540983,0.9836065573770492,0.9918032786885246,0.9918032786885246,1.0,0.9672131147540983
4.1,S4.1_T3toI1,RandomForest,456,122,122,"{'bootstrap': True, 'max_depth': 20, 'max_features': 'sqrt', 'min_samples_leaf': 1, 'min_samples_split': 2, 'n_estimators': 300}",scenario_results_rf_only_2026-01-25_200552_early_stop/randomforest_S4.1_T3toI1_2026-01-25_200552_seed456_early_stop.pkl,1.0,1.0,1.0,1.0,1.0,1.0,1.0,1.0,1.0,1.0,1.0,1.0,1.0,0.9754098360655737,0.9693989071038251,0.9693989071038251,0.9699453551912569,0.9699453551912569,0.9754098360655737,0.9754098360655737,0.9754098360655737,0.9836065573770492,0.9918032786885246,1.0,1.0,0.9754098360655737
4.1,S4.1_T3toI2,RandomForest,456,122,122,"{'bootstrap': True, 'max_depth': 20, 'max_features': 'sqrt', 'min_samples_leaf': 1, 'min_samples_split': 2, 'n_estimators': 300}",scenario_results_rf_only_2026-01-25_200552_early_stop/randomforest_S4.1_T3toI2_2026-01-25_200552_seed456_early_stop.pkl,1.0,1.0,1.0,1.0,1.0,1.0,1.0,1.0,1.0,1.0,1.0,1.0,1.0,0.9508196721311475,0.9453551912568307,0.9453551912568307,0.9453551912568305,0.9453551912568305,0.9508196721311475,0.9508196721311475,0.9508196721311475,0.9918032786885246,0.9918032786885246,0.9918032786885246,0.9918032786885246,0.9508196721311475
4.2,"S4.2_F, I1toT2",RandomForest,42,244,122,"{'bootstrap': True, 'max_depth': 20, 'max_features': 'sqrt', 'min_samples_leaf': 1, 'min_samples_split': 2, 'n_estimators': 300}","scenario_results_rf_only_2026-01-25_200552_early_stop/randomforest_S4.2_F, I1toT2_2026-01-25_200552_seed42_early_stop.pkl",1.0,1.0,1.0,1.0,1.0,1.0,1.0,1.0,1.0,1.0,1.0,1.0,1.0,0.9836065573770492,0.9770491803278689,0.9770491803278689,0.9726775956284153,0.9726775956284153,0.9836065573770492,0.9836065573770492,0.9836065573770492,0.9918032786885246,1.0,1.0,1.0,0.9836065573770492
4.2,"S4.2_F, I2toT3",RandomForest,42,244,122,"{'bootstrap': True, 'max_depth': 20, 'max_features': 'sqrt', 'min_samples_leaf': 1, 'min_samples_split': 2, 'n_estimators': 300}","scenario_results_rf_only_2026-01-25_200552_early_stop/randomforest_S4.2_F, I2toT3_2026-01-25_200552_seed42_early_stop.pkl",1.0,1.0,1.0,1.0,1.0,1.0,1.0,1.0,1.0,1.0,1.0,1.0,1.0,0.9918032786885246,0.9912568306010929,0.9912568306010929,0.9945355191256832,0.9945355191256832,0.9918032786885246,0.9918032786885246,0.9918032786885246,0.9918032786885246,0.9918032786885246,0.9918032786885246,1.0,0.9918032786885246
4.2,"S4.2_F, I3toT1",RandomForest,42,244,122,"{'bootstrap': True, 'max_depth': 20, 'max_features': 'sqrt', 'min_samples_leaf': 1, 'min_samples_split': 2, 'n_estimators': 300}","scenario_results_rf_only_2026-01-25_200552_early_stop/randomforest_S4.2_F, I3toT1_2026-01-25_200552_seed42_early_stop.pkl",1.0,1.0,1.0,1.0,1.0,1.0,1.0,1.0,1.0,1.0,1.0,1.0,1.0,1.0,1.0,1.0,1.0,1.0,1.0,1.0,1.0,1.0,1.0,1.0,1.0,1.0
4.2,"S4.2_F, I1toT3",RandomForest,42,244,122,"{'bootstrap': True, 'max_depth': 20, 'max_features': 'sqrt', 'min_samples_leaf': 1, 'min_samples_split': 2, 'n_estimators': 300}","scenario_results_rf_only_2026-01-25_200552_early_stop/randomforest_S4.2_F, I1toT3_2026-01-25_200552_seed42_early_stop.pkl",1.0,1.0,1.0,1.0,1.0,1.0,1.0,1.0,1.0,1.0,1.0,1.0,1.0,1.0,1.0,1.0,1.0,1.0,1.0,1.0,1.0,1.0,1.0,1.0,1.0,1.0
4.2,"S4.2_F, I2toT1",RandomForest,42,244,122,"{'bootstrap': True, 'max_depth': 20, 'max_features': 'sqrt', 'min_samples_leaf': 1, 'min_samples_split': 2, 'n_estimators': 300}","scenario_results_rf_only_2026-01-25_200552_early_stop/randomforest_S4.2_F, I2toT1_2026-01-25_200552_seed42_early_stop.pkl",1.0,1.0,1.0,1.0,1.0,1.0,1.0,1.0,1.0,1.0,1.0,1.0,1.0,1.0,1.0,1.0,1.0,1.0,1.0,1.0,1.0,1.0,1.0,1.0,1.0,1.0
4.2,"S4.2_F, I3toT2",RandomForest,42,244,122,"{'bootstrap': True, 'max_depth': 20, 'max_features': 'sqrt', 'min_samples_leaf': 1, 'min_samples_split': 2, 'n_estimators': 300}","scenario_results_rf_only_2026-01-25_200552_early_stop/randomforest_S4.2_F, I3toT2_2026-01-25_200552_seed42_early_stop.pkl",1.0,1.0,1.0,1.0,1.0,1.0,1.0,1.0,1.0,1.0,1.0,1.0,1.0,0.9754098360655737,0.9693989071038253,0.9693989071038253,0.9699453551912568,0.9699453551912568,0.9754098360655737,0.9754098360655737,0.9754098360655737,0.9918032786885246,0.9918032786885246,0.9918032786885246,1.0,0.9754098360655737
4.2,"S4.2_F, T1toI2",RandomForest,42,244,122,"{'bootstrap': True, 'max_depth': 20, 'max_features': 'sqrt', 'min_samples_leaf': 1, 'min_samples_split': 2, 'n_estimators': 300}","scenario_results_rf_only_2026-01-25_200552_early_stop/randomforest_S4.2_F, T1toI2_2026-01-25_200552_seed42_early_stop.pkl",1.0,1.0,1.0,1.0,1.0,1.0,1.0,1.0,1.0,1.0,1.0,1.0,1.0,0.9918032786885246,0.9912568306010929,0.9912568306010929,0.994535519125683,0.994535519125683,0.9918032786885246,0.9918032786885246,0.9918032786885246,1.0,1.0,1.0,1.0,0.9918032786885246
4.2,"S4.2_F, T2toI3",RandomForest,42,244,122,"{'bootstrap': True, 'max_depth': 20, 'max_features': 'sqrt', 'min_samples_leaf': 1, 'min_samples_split': 2, 'n_estimators': 300}","scenario_results_rf_only_2026-01-25_200552_early_stop/randomforest_S4.2_F, T2toI3_2026-01-25_200552_seed42_early_stop.pkl",1.0,1.0,1.0,1.0,1.0,1.0,1.0,1.0,1.0,1.0,1.0,1.0,1.0,0.9508196721311475,0.9453551912568305,0.9453551912568305,0.9453551912568305,0.9453551912568305,0.9508196721311475,0.9508196721311475,0.9508196721311475,0.9590163934426229,1.0,1.0,1.0,0.9508196721311475
4.2,"S4.2_F, T3toI1",RandomForest,42,244,122,"{'bootstrap': True, 'max_depth': 20, 'max_features': 'sqrt', 'min_samples_leaf': 1, 'min_samples_split': 2, 'n_estimators': 300}","scenario_results_rf_only_2026-01-25_200552_early_stop/randomforest_S4.2_F, T3toI1_2026-01-25_200552_seed42_early_stop.pkl",1.0,1.0,1.0,1.0,1.0,1.0,1.0,1.0,1.0,1.0,1.0,1.0,1.0,1.0,1.0,1.0,1.0,1.0,1.0,1.0,1.0,1.0,1.0,1.0,1.0,1.0
4.2,"S4.2_F, T1toI3",RandomForest,42,244,122,"{'bootstrap': True, 'max_depth': 20, 'max_features': 'sqrt', 'min_samples_leaf': 1, 'min_samples_split': 2, 'n_estimators': 300}","scenario_results_rf_only_2026-01-25_200552_early_stop/randomforest_S4.2_F, T1toI3_2026-01-25_200552_seed42_early_stop.pkl",1.0,1.0,1.0,1.0,1.0,1.0,1.0,1.0,1.0,1.0,1.0,1.0,1.0,0.9836065573770492,0.9770491803278689,0.9770491803278689,0.9726775956284153,0.9726775956284153,0.9836065573770492,0.9836065573770492,0.9836065573770492,0.9918032786885246,1.0,1.0,1.0,0.9836065573770492
4.2,"S4.2_F, T2toI1",RandomForest,42,244,122,"{'bootstrap': True, 'max_depth': 20, 'max_features': 'sqrt', 'min_samples_leaf': 1, 'min_samples_split': 2, 'n_estimators': 300}","scenario_results_rf_only_2026-01-25_200552_early_stop/randomforest_S4.2_F, T2toI1_2026-01-25_200552_seed42_early_stop.pkl",1.0,1.0,1.0,1.0,1.0,1.0,1.0,1.0,1.0,1.0,1.0,1.0,1.0,0.9836065573770492,0.9825136612021859,0.9825136612021859,0.9890710382513661,0.9890710382513661,0.9836065573770492,0.9836065573770492,0.9836065573770492,1.0,1.0,1.0,1.0,0.9836065573770492
4.2,"S4.2_F, T3toI2",RandomForest,42,244,122,"{'bootstrap': True, 'max_depth': 20, 'max_features': 'sqrt', 'min_samples_leaf': 1, 'min_samples_split': 2, 'n_estimators': 300}","scenario_results_rf_only_2026-01-25_200552_early_stop/randomforest_S4.2_F, T3toI2_2026-01-25_200552_seed42_early_stop.pkl",1.0,1.0,1.0,1.0,1.0,1.0,1.0,1.0,1.0,1.0,1.0,1.0,1.0,0.9918032786885246,0.9912568306010929,0.9912568306010929,0.994535519125683,0.994535519125683,0.9918032786885246,0.9918032786885246,0.9918032786885246,1.0,1.0,1.0,1.0,0.9918032786885246
4.2,"S4.2_I, T1toF2",RandomForest,42,244,122,"{'bootstrap': True, 'max_depth': 20, 'max_features': 'sqrt', 'min_samples_leaf': 1, 'min_samples_split': 2, 'n_estimators': 300}","scenario_results_rf_only_2026-01-25_200552_early_stop/randomforest_S4.2_I, T1toF2_2026-01-25_200552_seed42_early_stop.pkl",1.0,1.0,1.0,1.0,1.0,1.0,1.0,1.0,1.0,1.0,1.0,1.0,1.0,0.9836065573770492,0.9781420765027322,0.9781420765027322,0.9754098360655737,0.9754098360655737,0.9836065573770492,0.9836065573770492,0.9836065573770492,1.0,1.0,1.0,1.0,0.9836065573770492
4.2,"S4.2_I, T2toF3",RandomForest,42,244,122,"{'bootstrap': True, 'max_depth': 20, 'max_features': 'sqrt', 'min_samples_leaf': 1, 'min_samples_split': 2, 'n_estimators': 300}","scenario_results_rf_only_2026-01-25_200552_early_stop/randomforest_S4.2_I, T2toF3_2026-01-25_200552_seed42_early_stop.pkl",1.0,1.0,1.0,1.0,1.0,1.0,1.0,1.0,1.0,1.0,1.0,1.0,1.0,0.9918032786885246,0.9912568306010929,0.9912568306010929,0.994535519125683,0.994535519125683,0.9918032786885246,0.9918032786885246,0.9918032786885246,1.0,1.0,1.0,1.0,0.9918032786885246
4.2,"S4.2_I, T3toF1",RandomForest,42,244,122,"{'bootstrap': True, 'max_depth': 20, 'max_features': 'sqrt', 'min_samples_leaf': 1, 'min_samples_split': 2, 'n_estimators': 300}","scenario_results_rf_only_2026-01-25_200552_early_stop/randomforest_S4.2_I, T3toF1_2026-01-25_200552_seed42_early_stop.pkl",1.0,1.0,1.0,1.0,1.0,1.0,1.0,1.0,1.0,1.0,1.0,1.0,1.0,0.9918032786885246,0.9912568306010929,0.9912568306010929,0.994535519125683,0.994535519125683,0.9918032786885246,0.9918032786885246,0.9918032786885246,0.9918032786885246,0.9918032786885246,0.9918032786885246,1.0,0.9918032786885246
4.2,"S4.2_I, T1toF3",RandomForest,42,244,122,"{'bootstrap': True, 'max_depth': 20, 'max_features': 'sqrt', 'min_samples_leaf': 1, 'min_samples_split': 2, 'n_estimators': 300}","scenario_results_rf_only_2026-01-25_200552_early_stop/randomforest_S4.2_I, T1toF3_2026-01-25_200552_seed42_early_stop.pkl",1.0,1.0,1.0,1.0,1.0,1.0,1.0,1.0,1.0,1.0,1.0,1.0,1.0,0.9918032786885246,0.9912568306010929,0.9912568306010929,0.994535519125683,0.994535519125683,0.9918032786885246,0.9918032786885246,0.9918032786885246,1.0,1.0,1.0,1.0,0.9918032786885246
4.2,"S4.2_I, T2toF1",RandomForest,42,244,122,"{'bootstrap': True, 'max_depth': 20, 'max_features': 'sqrt', 'min_samples_leaf': 1, 'min_samples_split': 2, 'n_estimators': 300}","scenario_results_rf_only_2026-01-25_200552_early_stop/randomforest_S4.2_I, T2toF1_2026-01-25_200552_seed42_early_stop.pkl",1.0,1.0,1.0,1.0,1.0,1.0,1.0,1.0,1.0,1.0,1.0,1.0,1.0,0.9918032786885246,0.9912568306010929,0.9912568306010929,0.9945355191256832,0.9945355191256832,0.9918032786885246,0.9918032786885246,0.9918032786885246,1.0,1.0,1.0,1.0,0.9918032786885246
4.2,"S4.2_I, T3toF2",RandomForest,42,244,122,"{'bootstrap': True, 'max_depth': 20, 'max_features': 'sqrt', 'min_samples_leaf': 1, 'min_samples_split': 2, 'n_estimators': 300}","scenario_results_rf_only_2026-01-25_200552_early_stop/randomforest_S4.2_I, T3toF2_2026-01-25_200552_seed42_early_stop.pkl",1.0,1.0,1.0,1.0,1.0,1.0,1.0,1.0,1.0,1.0,1.0,1.0,1.0,0.9672131147540983,0.9683060109289617,0.9683060109289617,0.9726775956284153,0.9726775956284153,0.9672131147540983,0.9672131147540983,0.9672131147540983,0.9918032786885246,1.0,1.0,1.0,0.9672131147540983
4.2,"S4.2_F, I1toT2",RandomForest,123,244,122,"{'bootstrap': True, 'max_depth': 20, 'max_features': 'sqrt', 'min_samples_leaf': 1, 'min_samples_split': 2, 'n_estimators': 300}","scenario_results_rf_only_2026-01-25_200552_early_stop/randomforest_S4.2_F, I1toT2_2026-01-25_200552_seed123_early_stop.pkl",1.0,1.0,1.0,1.0,1.0,1.0,1.0,1.0,1.0,1.0,1.0,1.0,1.0,0.9836065573770492,0.9770491803278689,0.9770491803278689,0.9726775956284153,0.9726775956284153,0.9836065573770492,0.9836065573770492,0.9836065573770492,1.0,1.0,1.0,1.0,0.9836065573770492
4.2,"S4.2_F, I2toT3",RandomForest,123,244,122,"{'bootstrap': True, 'max_depth': 20, 'max_features': 'sqrt', 'min_samples_leaf': 1, 'min_samples_split': 2, 'n_estimators': 300}","scenario_results_rf_only_2026-01-25_200552_early_stop/randomforest_S4.2_F, I2toT3_2026-01-25_200552_seed123_early_stop.pkl",1.0,1.0,1.0,1.0,1.0,1.0,1.0,1.0,1.0,1.0,1.0,1.0,1.0,0.9918032786885246,0.9912568306010929,0.9912568306010929,0.9945355191256832,0.9945355191256832,0.9918032786885246,0.9918032786885246,0.9918032786885246,0.9918032786885246,0.9918032786885246,1.0,1.0,0.9918032786885246
4.2,"S4.2_F, I3toT1",RandomForest,123,244,122,"{'bootstrap': True, 'max_depth': 20, 'max_features': 'sqrt', 'min_samples_leaf': 1, 'min_samples_split': 2, 'n_estimators': 300}","scenario_results_rf_only_2026-01-25_200552_early_stop/randomforest_S4.2_F, I3toT1_2026-01-25_200552_seed123_early_stop.pkl",1.0,1.0,1.0,1.0,1.0,1.0,1.0,1.0,1.0,1.0,1.0,1.0,1.0,0.9918032786885246,0.9912568306010929,0.9912568306010929,0.994535519125683,0.994535519125683,0.9918032786885246,0.9918032786885246,0.9918032786885246,1.0,1.0,1.0,1.0,0.9918032786885246
4.2,"S4.2_F, I1toT3",RandomForest,123,244,122,"{'bootstrap': True, 'max_depth': 20, 'max_features': 'sqrt', 'min_samples_leaf': 1, 'min_samples_split': 2, 'n_estimators': 300}","scenario_results_rf_only_2026-01-25_200552_early_stop/randomforest_S4.2_F, I1toT3_2026-01-25_200552_seed123_early_stop.pkl",1.0,1.0,1.0,1.0,1.0,1.0,1.0,1.0,1.0,1.0,1.0,1.0,1.0,1.0,1.0,1.0,1.0,1.0,1.0,1.0,1.0,1.0,1.0,1.0,1.0,1.0
4.2,"S4.2_F, I2toT1",RandomForest,123,244,122,"{'bootstrap': True, 'max_depth': 20, 'max_features': 'sqrt', 'min_samples_leaf': 1, 'min_samples_split': 2, 'n_estimators': 300}","scenario_results_rf_only_2026-01-25_200552_early_stop/randomforest_S4.2_F, I2toT1_2026-01-25_200552_seed123_early_stop.pkl",1.0,1.0,1.0,1.0,1.0,1.0,1.0,1.0,1.0,1.0,1.0,1.0,1.0,1.0,1.0,1.0,1.0,1.0,1.0,1.0,1.0,1.0,1.0,1.0,1.0,1.0
4.2,"S4.2_F, I3toT2",RandomForest,123,244,122,"{'bootstrap': True, 'max_depth': 20, 'max_features': 'sqrt', 'min_samples_leaf': 1, 'min_samples_split': 2, 'n_estimators': 300}","scenario_results_rf_only_2026-01-25_200552_early_stop/randomforest_S4.2_F, I3toT2_2026-01-25_200552_seed123_early_stop.pkl",1.0,1.0,1.0,1.0,1.0,1.0,1.0,1.0,1.0,1.0,1.0,1.0,1.0,0.9754098360655737,0.9693989071038253,0.9693989071038253,0.9699453551912568,0.9699453551912568,0.9754098360655737,0.9754098360655737,0.9754098360655737,0.9918032786885246,1.0,1.0,1.0,0.9754098360655737
4.2,"S4.2_F, T1toI2",RandomForest,123,244,122,"{'bootstrap': True, 'max_depth': 20, 'max_features': 'sqrt', 'min_samples_leaf': 1, 'min_samples_split': 2, 'n_estimators': 300}","scenario_results_rf_only_2026-01-25_200552_early_stop/randomforest_S4.2_F, T1toI2_2026-01-25_200552_seed123_early_stop.pkl",1.0,1.0,1.0,1.0,1.0,1.0,1.0,1.0,1.0,1.0,1.0,1.0,1.0,0.9672131147540983,0.9617486338797814,0.9617486338797814,0.9617486338797814,0.9617486338797814,0.9672131147540983,0.9672131147540983,0.9672131147540983,1.0,1.0,1.0,1.0,0.9672131147540983
4.2,"S4.2_F, T2toI3",RandomForest,123,244,122,"{'bootstrap': True, 'max_depth': 20, 'max_features': 'sqrt', 'min_samples_leaf': 1, 'min_samples_split': 2, 'n_estimators': 300}","scenario_results_rf_only_2026-01-25_200552_early_stop/randomforest_S4.2_F, T2toI3_2026-01-25_200552_seed123_early_stop.pkl",1.0,1.0,1.0,1.0,1.0,1.0,1.0,1.0,1.0,1.0,1.0,1.0,1.0,0.9754098360655737,0.976502732240437,0.976502732240437,0.9808743169398906,0.9808743169398906,0.9754098360655737,0.9754098360655737,0.9754098360655737,0.9836065573770492,1.0,1.0,1.0,0.9754098360655737
4.2,"S4.2_F, T3toI1",RandomForest,123,244,122,"{'bootstrap': True, 'max_depth': 20, 'max_features': 'sqrt', 'min_samples_leaf': 1, 'min_samples_split': 2, 'n_estimators': 300}","scenario_results_rf_only_2026-01-25_200552_early_stop/randomforest_S4.2_F, T3toI1_2026-01-25_200552_seed123_early_stop.pkl",1.0,1.0,1.0,1.0,1.0,1.0,1.0,1.0,1.0,1.0,1.0,1.0,1.0,1.0,1.0,1.0,1.0,1.0,1.0,1.0,1.0,1.0,1.0,1.0,1.0,1.0
4.2,"S4.2_F, T1toI3",RandomForest,123,244,122,"{'bootstrap': True, 'max_depth': 20, 'max_features': 'sqrt', 'min_samples_leaf': 1, 'min_samples_split': 2, 'n_estimators': 300}","scenario_results_rf_only_2026-01-25_200552_early_stop/randomforest_S4.2_F, T1toI3_2026-01-25_200552_seed123_early_stop.pkl",1.0,1.0,1.0,1.0,1.0,1.0,1.0,1.0,1.0,1.0,1.0,1.0,1.0,0.9918032786885246,0.9912568306010929,0.9912568306010929,0.994535519125683,0.994535519125683,0.9918032786885246,0.9918032786885246,0.9918032786885246,1.0,1.0,1.0,1.0,0.9918032786885246
4.2,"S4.2_F, T2toI1",RandomForest,123,244,122,"{'bootstrap': True, 'max_depth': 20, 'max_features': 'sqrt', 'min_samples_leaf': 1, 'min_samples_split': 2, 'n_estimators': 300}","scenario_results_rf_only_2026-01-25_200552_early_stop/randomforest_S4.2_F, T2toI1_2026-01-25_200552_seed123_early_stop.pkl",1.0,1.0,1.0,1.0,1.0,1.0,1.0,1.0,1.0,1.0,1.0,1.0,1.0,0.9918032786885246,0.9912568306010929,0.9912568306010929,0.9945355191256832,0.9945355191256832,0.9918032786885246,0.9918032786885246,0.9918032786885246,1.0,1.0,1.0,1.0,0.9918032786885246
4.2,"S4.2_F, T3toI2",RandomForest,123,244,122,"{'bootstrap': True, 'max_depth': 20, 'max_features': 'sqrt', 'min_samples_leaf': 1, 'min_samples_split': 2, 'n_estimators': 300}","scenario_results_rf_only_2026-01-25_200552_early_stop/randomforest_S4.2_F, T3toI2_2026-01-25_200552_seed123_early_stop.pkl",1.0,1.0,1.0,1.0,1.0,1.0,1.0,1.0,1.0,1.0,1.0,1.0,1.0,0.9754098360655737,0.976502732240437,0.976502732240437,0.9808743169398906,0.9808743169398906,0.9754098360655737,0.9754098360655737,0.9754098360655737,1.0,1.0,1.0,1.0,0.9754098360655737
4.2,"S4.2_I, T1toF2",RandomForest,123,244,122,"{'bootstrap': True, 'max_depth': 20, 'max_features': 'sqrt', 'min_samples_leaf': 1, 'min_samples_split': 2, 'n_estimators': 300}","scenario_results_rf_only_2026-01-25_200552_early_stop/randomforest_S4.2_I, T1toF2_2026-01-25_200552_seed123_early_stop.pkl",1.0,1.0,1.0,1.0,1.0,1.0,1.0,1.0,1.0,1.0,1.0,1.0,1.0,0.9918032786885246,0.9912568306010929,0.9912568306010929,0.994535519125683,0.994535519125683,0.9918032786885246,0.9918032786885246,0.9918032786885246,1.0,1.0,1.0,1.0,0.9918032786885246
4.2,"S4.2_I, T2toF3",RandomForest,123,244,122,"{'bootstrap': True, 'max_depth': 20, 'max_features': 'sqrt', 'min_samples_leaf': 1, 'min_samples_split': 2, 'n_estimators': 300}","scenario_results_rf_only_2026-01-25_200552_early_stop/randomforest_S4.2_I, T2toF3_2026-01-25_200552_seed123_early_stop.pkl",1.0,1.0,1.0,1.0,1.0,1.0,1.0,1.0,1.0,1.0,1.0,1.0,1.0,0.9672131147540983,0.9639344262295082,0.9639344262295082,0.9617486338797814,0.9617486338797814,0.9672131147540983,0.9672131147540983,0.9672131147540983,0.9836065573770492,1.0,1.0,1.0,0.9672131147540983
4.2,"S4.2_I, T3toF1",RandomForest,123,244,122,"{'bootstrap': True, 'max_depth': 20, 'max_features': 'sqrt', 'min_samples_leaf': 1, 'min_samples_split': 2, 'n_estimators': 300}","scenario_results_rf_only_2026-01-25_200552_early_stop/randomforest_S4.2_I, T3toF1_2026-01-25_200552_seed123_early_stop.pkl",1.0,1.0,1.0,1.0,1.0,1.0,1.0,1.0,1.0,1.0,1.0,1.0,1.0,0.9918032786885246,0.9912568306010929,0.9912568306010929,0.994535519125683,0.994535519125683,0.9918032786885246,0.9918032786885246,0.9918032786885246,0.9918032786885246,0.9918032786885246,1.0,1.0,0.9918032786885246
4.2,"S4.2_I, T1toF3",RandomForest,123,244,122,"{'bootstrap': True, 'max_depth': 20, 'max_features': 'sqrt', 'min_samples_leaf': 1, 'min_samples_split': 2, 'n_estimators': 300}","scenario_results_rf_only_2026-01-25_200552_early_stop/randomforest_S4.2_I, T1toF3_2026-01-25_200552_seed123_early_stop.pkl",1.0,1.0,1.0,1.0,1.0,1.0,1.0,1.0,1.0,1.0,1.0,1.0,1.0,0.9836065573770492,0.9825136612021859,0.9825136612021859,0.989071038251366,0.989071038251366,0.9836065573770492,0.9836065573770492,0.9836065573770492,1.0,1.0,1.0,1.0,0.9836065573770492
4.2,"S4.2_I, T2toF1",RandomForest,123,244,122,"{'bootstrap': True, 'max_depth': 20, 'max_features': 'sqrt', 'min_samples_leaf': 1, 'min_samples_split': 2, 'n_estimators': 300}","scenario_results_rf_only_2026-01-25_200552_early_stop/randomforest_S4.2_I, T2toF1_2026-01-25_200552_seed123_early_stop.pkl",1.0,1.0,1.0,1.0,1.0,1.0,1.0,1.0,1.0,1.0,1.0,1.0,1.0,0.9754098360655737,0.9683060109289617,0.9683060109289617,0.9672131147540983,0.9672131147540983,0.9754098360655737,0.9754098360655737,0.9754098360655737,1.0,1.0,1.0,1.0,0.9754098360655737
4.2,"S4.2_I, T3toF2",RandomForest,123,244,122,"{'bootstrap': True, 'max_depth': 20, 'max_features': 'sqrt', 'min_samples_leaf': 1, 'min_samples_split': 2, 'n_estimators': 300}","scenario_results_rf_only_2026-01-25_200552_early_stop/randomforest_S4.2_I, T3toF2_2026-01-25_200552_seed123_early_stop.pkl",1.0,1.0,1.0,1.0,1.0,1.0,1.0,1.0,1.0,1.0,1.0,1.0,1.0,0.9508196721311475,0.9508196721311475,0.9508196721311475,0.9508196721311475,0.9508196721311475,0.9508196721311475,0.9508196721311475,0.9508196721311475,0.9918032786885246,0.9918032786885246,1.0,1.0,0.9508196721311475
4.2,"S4.2_F, I1toT2",RandomForest,456,244,122,"{'bootstrap': True, 'max_depth': 20, 'max_features': 'sqrt', 'min_samples_leaf': 1, 'min_samples_split': 2, 'n_estimators': 300}","scenario_results_rf_only_2026-01-25_200552_early_stop/randomforest_S4.2_F, I1toT2_2026-01-25_200552_seed456_early_stop.pkl",1.0,1.0,1.0,1.0,1.0,1.0,1.0,1.0,1.0,1.0,1.0,1.0,1.0,0.9918032786885246,0.9912568306010929,0.9912568306010929,0.994535519125683,0.994535519125683,0.9918032786885246,0.9918032786885246,0.9918032786885246,0.9918032786885246,0.9918032786885246,1.0,1.0,0.9918032786885246
4.2,"S4.2_F, I2toT3",RandomForest,456,244,122,"{'bootstrap': True, 'max_depth': 20, 'max_features': 'sqrt', 'min_samples_leaf': 1, 'min_samples_split': 2, 'n_estimators': 300}","scenario_results_rf_only_2026-01-25_200552_early_stop/randomforest_S4.2_F, I2toT3_2026-01-25_200552_seed456_early_stop.pkl",1.0,1.0,1.0,1.0,1.0,1.0,1.0,1.0,1.0,1.0,1.0,1.0,1.0,0.9918032786885246,0.9912568306010929,0.9912568306010929,0.9945355191256832,0.9945355191256832,0.9918032786885246,0.9918032786885246,0.9918032786885246,0.9918032786885246,0.9918032786885246,0.9918032786885246,0.9918032786885246,0.9918032786885246
4.2,"S4.2_F, I3toT1",RandomForest,456,244,122,"{'bootstrap': True, 'max_depth': 20, 'max_features': 'sqrt', 'min_samples_leaf': 1, 'min_samples_split': 2, 'n_estimators': 300}","scenario_results_rf_only_2026-01-25_200552_early_stop/randomforest_S4.2_F, I3toT1_2026-01-25_200552_seed456_early_stop.pkl",1.0,1.0,1.0,1.0,1.0,1.0,1.0,1.0,1.0,1.0,1.0,1.0,1.0,1.0,1.0,1.0,1.0,1.0,1.0,1.0,1.0,1.0,1.0,1.0,1.0,1.0
4.2,"S4.2_F, I1toT3",RandomForest,456,244,122,"{'bootstrap': True, 'max_depth': 20, 'max_features': 'sqrt', 'min_samples_leaf': 1, 'min_samples_split': 2, 'n_estimators': 300}","scenario_results_rf_only_2026-01-25_200552_early_stop/randomforest_S4.2_F, I1toT3_2026-01-25_200552_seed456_early_stop.pkl",1.0,1.0,1.0,1.0,1.0,1.0,1.0,1.0,1.0,1.0,1.0,1.0,1.0,1.0,1.0,1.0,1.0,1.0,1.0,1.0,1.0,1.0,1.0,1.0,1.0,1.0
4.2,"S4.2_F, I2toT1",RandomForest,456,244,122,"{'bootstrap': True, 'max_depth': 20, 'max_features': 'sqrt', 'min_samples_leaf': 1, 'min_samples_split': 2, 'n_estimators': 300}","scenario_results_rf_only_2026-01-25_200552_early_stop/randomforest_S4.2_F, I2toT1_2026-01-25_200552_seed456_early_stop.pkl",1.0,1.0,1.0,1.0,1.0,1.0,1.0,1.0,1.0,1.0,1.0,1.0,1.0,1.0,1.0,1.0,1.0,1.0,1.0,1.0,1.0,1.0,1.0,1.0,1.0,1.0
4.2,"S4.2_F, I3toT2",RandomForest,456,244,122,"{'bootstrap': True, 'max_depth': 20, 'max_features': 'sqrt', 'min_samples_leaf': 1, 'min_samples_split': 2, 'n_estimators': 300}","scenario_results_rf_only_2026-01-25_200552_early_stop/randomforest_S4.2_F, I3toT2_2026-01-25_200552_seed456_early_stop.pkl",1.0,1.0,1.0,1.0,1.0,1.0,1.0,1.0,1.0,1.0,1.0,1.0,1.0,0.9836065573770492,0.9836065573770492,0.9836065573770492,0.9918032786885246,0.9918032786885246,0.9836065573770492,0.9836065573770492,0.9836065573770492,0.9918032786885246,1.0,1.0,1.0,0.9836065573770492
4.2,"S4.2_F, T1toI2",RandomForest,456,244,122,"{'bootstrap': True, 'max_depth': 20, 'max_features': 'sqrt', 'min_samples_leaf': 1, 'min_samples_split': 2, 'n_estimators': 300}","scenario_results_rf_only_2026-01-25_200552_early_stop/randomforest_S4.2_F, T1toI2_2026-01-25_200552_seed456_early_stop.pkl",1.0,1.0,1.0,1.0,1.0,1.0,1.0,1.0,1.0,1.0,1.0,1.0,1.0,0.9754098360655737,0.9704918032786886,0.9704918032786886,0.9672131147540983,0.9672131147540983,0.9754098360655737,0.9754098360655737,0.9754098360655737,1.0,1.0,1.0,1.0,0.9754098360655737
4.2,"S4.2_F, T2toI3",RandomForest,456,244,122,"{'bootstrap': True, 'max_depth': 20, 'max_features': 'sqrt', 'min_samples_leaf': 1, 'min_samples_split': 2, 'n_estimators': 300}","scenario_results_rf_only_2026-01-25_200552_early_stop/randomforest_S4.2_F, T2toI3_2026-01-25_200552_seed456_early_stop.pkl",1.0,1.0,1.0,1.0,1.0,1.0,1.0,1.0,1.0,1.0,1.0,1.0,1.0,0.9672131147540983,0.9672131147540983,0.9672131147540983,0.9672131147540983,0.9672131147540983,0.9672131147540983,0.9672131147540983,0.9672131147540983,0.9836065573770492,1.0,1.0,1.0,0.9672131147540983
4.2,"S4.2_F, T3toI1",RandomForest,456,244,122,"{'bootstrap': True, 'max_depth': 20, 'max_features': 'sqrt', 'min_samples_leaf': 1, 'min_samples_split': 2, 'n_estimators': 300}","scenario_results_rf_only_2026-01-25_200552_early_stop/randomforest_S4.2_F, T3toI1_2026-01-25_200552_seed456_early_stop.pkl",1.0,1.0,1.0,1.0,1.0,1.0,1.0,1.0,1.0,1.0,1.0,1.0,1.0,1.0,1.0,1.0,1.0,1.0,1.0,1.0,1.0,1.0,1.0,1.0,1.0,1.0
4.2,"S4.2_F, T1toI3",RandomForest,456,244,122,"{'bootstrap': True, 'max_depth': 20, 'max_features': 'sqrt', 'min_samples_leaf': 1, 'min_samples_split': 2, 'n_estimators': 300}","scenario_results_rf_only_2026-01-25_200552_early_stop/randomforest_S4.2_F, T1toI3_2026-01-25_200552_seed456_early_stop.pkl",1.0,1.0,1.0,1.0,1.0,1.0,1.0,1.0,1.0,1.0,1.0,1.0,1.0,0.9918032786885246,0.9912568306010929,0.9912568306010929,0.994535519125683,0.994535519125683,0.9918032786885246,0.9918032786885246,0.9918032786885246,1.0,1.0,1.0,1.0,0.9918032786885246
4.2,"S4.2_F, T2toI1",RandomForest,456,244,122,"{'bootstrap': True, 'max_depth': 20, 'max_features': 'sqrt', 'min_samples_leaf': 1, 'min_samples_split': 2, 'n_estimators': 300}","scenario_results_rf_only_2026-01-25_200552_early_stop/randomforest_S4.2_F, T2toI1_2026-01-25_200552_seed456_early_stop.pkl",1.0,1.0,1.0,1.0,1.0,1.0,1.0,1.0,1.0,1.0,1.0,1.0,1.0,0.9918032786885246,0.9912568306010929,0.9912568306010929,0.9945355191256832,0.9945355191256832,0.9918032786885246,0.9918032786885246,0.9918032786885246,1.0,1.0,1.0,1.0,0.9918032786885246
4.2,"S4.2_F, T3toI2",RandomForest,456,244,122,"{'bootstrap': True, 'max_depth': 20, 'max_features': 'sqrt', 'min_samples_leaf': 1, 'min_samples_split': 2, 'n_estimators': 300}","scenario_results_rf_only_2026-01-25_200552_early_stop/randomforest_S4.2_F, T3toI2_2026-01-25_200552_seed456_early_stop.pkl",1.0,1.0,1.0,1.0,1.0,1.0,1.0,1.0,1.0,1.0,1.0,1.0,1.0,0.9672131147540983,0.9622950819672131,0.9622950819672131,0.9590163934426229,0.9590163934426229,0.9672131147540983,0.9672131147540983,0.9672131147540983,0.9918032786885246,1.0,1.0,1.0,0.9672131147540983
4.2,"S4.2_I, T1toF2",RandomForest,456,244,122,"{'bootstrap': True, 'max_depth': 20, 'max_features': 'sqrt', 'min_samples_leaf': 1, 'min_samples_split': 2, 'n_estimators': 300}","scenario_results_rf_only_2026-01-25_200552_early_stop/randomforest_S4.2_I, T1toF2_2026-01-25_200552_seed456_early_stop.pkl",1.0,1.0,1.0,1.0,1.0,1.0,1.0,1.0,1.0,1.0,1.0,1.0,1.0,0.9918032786885246,0.9912568306010929,0.9912568306010929,0.994535519125683,0.994535519125683,0.9918032786885246,0.9918032786885246,0.9918032786885246,1.0,1.0,1.0,1.0,0.9918032786885246
4.2,"S4.2_I, T2toF3",RandomForest,456,244,122,"{'bootstrap': True, 'max_depth': 20, 'max_features': 'sqrt', 'min_samples_leaf': 1, 'min_samples_split': 2, 'n_estimators': 300}","scenario_results_rf_only_2026-01-25_200552_early_stop/randomforest_S4.2_I, T2toF3_2026-01-25_200552_seed456_early_stop.pkl",1.0,1.0,1.0,1.0,1.0,1.0,1.0,1.0,1.0,1.0,1.0,1.0,1.0,0.9754098360655737,0.9748633879781421,0.9748633879781421,0.9781420765027322,0.9781420765027322,0.9754098360655737,0.9754098360655737,0.9754098360655737,0.9836065573770492,1.0,1.0,1.0,0.9754098360655737
4.2,"S4.2_I, T3toF1",RandomForest,456,244,122,"{'bootstrap': True, 'max_depth': 20, 'max_features': 'sqrt', 'min_samples_leaf': 1, 'min_samples_split': 2, 'n_estimators': 300}","scenario_results_rf_only_2026-01-25_200552_early_stop/randomforest_S4.2_I, T3toF1_2026-01-25_200552_seed456_early_stop.pkl",1.0,1.0,1.0,1.0,1.0,1.0,1.0,1.0,1.0,1.0,1.0,1.0,1.0,0.9918032786885246,0.9912568306010929,0.9912568306010929,0.994535519125683,0.994535519125683,0.9918032786885246,0.9918032786885246,0.9918032786885246,0.9918032786885246,0.9918032786885246,1.0,1.0,0.9918032786885246
4.2,"S4.2_I, T1toF3",RandomForest,456,244,122,"{'bootstrap': True, 'max_depth': 20, 'max_features': 'sqrt', 'min_samples_leaf': 1, 'min_samples_split': 2, 'n_estimators': 300}","scenario_results_rf_only_2026-01-25_200552_early_stop/randomforest_S4.2_I, T1toF3_2026-01-25_200552_seed456_early_stop.pkl",1.0,1.0,1.0,1.0,1.0,1.0,1.0,1.0,1.0,1.0,1.0,1.0,1.0,0.9918032786885246,0.9912568306010929,0.9912568306010929,0.994535519125683,0.994535519125683,0.9918032786885246,0.9918032786885246,0.9918032786885246,1.0,1.0,1.0,1.0,0.9918032786885246
4.2,"S4.2_I, T2toF1",RandomForest,456,244,122,"{'bootstrap': True, 'max_depth': 20, 'max_features': 'sqrt', 'min_samples_leaf': 1, 'min_samples_split': 2, 'n_estimators': 300}","scenario_results_rf_only_2026-01-25_200552_early_stop/randomforest_S4.2_I, T2toF1_2026-01-25_200552_seed456_early_stop.pkl",1.0,1.0,1.0,1.0,1.0,1.0,1.0,1.0,1.0,1.0,1.0,1.0,1.0,1.0,1.0,1.0,1.0,1.0,1.0,1.0,1.0,1.0,1.0,1.0,1.0,1.0
4.2,"S4.2_I, T3toF2",RandomForest,456,244,122,"{'bootstrap': True, 'max_depth': 20, 'max_features': 'sqrt', 'min_samples_leaf': 1, 'min_samples_split': 2, 'n_estimators': 300}","scenario_results_rf_only_2026-01-25_200552_early_stop/randomforest_S4.2_I, T3toF2_2026-01-25_200552_seed456_early_stop.pkl",1.0,1.0,1.0,1.0,1.0,1.0,1.0,1.0,1.0,1.0,1.0,1.0,1.0,0.9672131147540983,0.9639344262295082,0.9639344262295082,0.9617486338797814,0.9617486338797814,0.9672131147540983,0.9672131147540983,0.9672131147540983,0.9918032786885246,1.0,1.0,1.0,0.9672131147540983
5.1,S5.1_F_1to2_S1toS2,RandomForest,42,61,61,"{'n_estimators': 300, 'max_depth': 20, 'min_samples_split': 2, 'min_samples_leaf': 1, 'max_features': 'sqrt', 'bootstrap': True}",scenario_results_rf_only_2026-01-25_200552_early_stop/randomforest_S5.1_F_1to2_S1toS2_2026-01-25_200552_seed42_early_stop.pkl,1.0,1.0,1.0,1.0,1.0,1.0,1.0,1.0,1.0,1.0,1.0,1.0,1.0,0.8032786885245902,0.7595628415300546,0.7595628415300546,0.7377049180327869,0.7377049180327869,0.8032786885245902,0.8032786885245902,0.7704918032786885,0.9344262295081968,0.9344262295081968,0.9836065573770492,0.9836065573770492,0.7704918032786885
5.1,S5.1_F_2to3_S1toS2,RandomForest,42,61,61,"{'n_estimators': 300, 'max_depth': 20, 'min_samples_split': 2, 'min_samples_leaf': 1, 'max_features': 'sqrt', 'bootstrap': True}",scenario_results_rf_only_2026-01-25_200552_early_stop/randomforest_S5.1_F_2to3_S1toS2_2026-01-25_200552_seed42_early_stop.pkl,1.0,1.0,1.0,1.0,1.0,1.0,1.0,1.0,1.0,1.0,1.0,1.0,1.0,0.8360655737704918,0.7841530054644807,0.7841530054644807,0.7595628415300546,0.7595628415300546,0.8360655737704918,0.8360655737704918,0.819672131147541,0.9344262295081968,0.9672131147540983,0.9836065573770492,1.0,0.819672131147541
5.1,S5.1_F_3to1_S1toS2,RandomForest,42,61,61,"{'n_estimators': 300, 'max_depth': 20, 'min_samples_split': 2, 'min_samples_leaf': 1, 'max_features': 'sqrt', 'bootstrap': True}",scenario_results_rf_only_2026-01-25_200552_early_stop/randomforest_S5.1_F_3to1_S1toS2_2026-01-25_200552_seed42_early_stop.pkl,1.0,1.0,1.0,1.0,1.0,1.0,1.0,1.0,1.0,1.0,1.0,1.0,1.0,0.8688524590163934,0.8333333333333334,0.8333333333333334,0.8169398907103824,0.8169398907103824,0.8688524590163934,0.8688524590163934,0.8524590163934426,0.9508196721311475,0.9672131147540983,0.9672131147540983,0.9672131147540983,0.8524590163934426
5.1,S5.1_F_2to1_S1toS2,RandomForest,42,61,61,"{'n_estimators': 300, 'max_depth': 20, 'min_samples_split': 2, 'min_samples_leaf': 1, 'max_features': 'sqrt', 'bootstrap': True}",scenario_results_rf_only_2026-01-25_200552_early_stop/randomforest_S5.1_F_2to1_S1toS2_2026-01-25_200552_seed42_early_stop.pkl,1.0,1.0,1.0,1.0,1.0,1.0,1.0,1.0,1.0,1.0,1.0,1.0,1.0,0.8524590163934426,0.8142076502732241,0.8142076502732241,0.7950819672131147,0.7950819672131147,0.8524590163934426,0.8524590163934426,0.8360655737704918,0.9016393442622951,0.9836065573770492,0.9836065573770492,0.9836065573770492,0.8360655737704918
5.1,S5.1_F_3to2_S1toS2,RandomForest,42,61,61,"{'n_estimators': 300, 'max_depth': 20, 'min_samples_split': 2, 'min_samples_leaf': 1, 'max_features': 'sqrt', 'bootstrap': True}",scenario_results_rf_only_2026-01-25_200552_early_stop/randomforest_S5.1_F_3to2_S1toS2_2026-01-25_200552_seed42_early_stop.pkl,1.0,1.0,1.0,1.0,1.0,1.0,1.0,1.0,1.0,1.0,1.0,1.0,1.0,0.8524590163934426,0.8196721311475409,0.8196721311475409,0.8032786885245902,0.8032786885245902,0.8524590163934426,0.8524590163934426,0.819672131147541,0.9180327868852459,0.9344262295081968,0.9672131147540983,0.9672131147540983,0.819672131147541
5.1,S5.1_F_1to3_S1toS2,RandomForest,42,61,61,"{'n_estimators': 300, 'max_depth': 20, 'min_samples_split': 2, 'min_samples_leaf': 1, 'max_features': 'sqrt', 'bootstrap': True}",scenario_results_rf_only_2026-01-25_200552_early_stop/randomforest_S5.1_F_1to3_S1toS2_2026-01-25_200552_seed42_early_stop.pkl,1.0,1.0,1.0,1.0,1.0,1.0,1.0,1.0,1.0,1.0,1.0,1.0,1.0,0.7213114754098361,0.6595628415300545,0.6595628415300545,0.6352459016393442,0.6352459016393442,0.7213114754098361,0.7213114754098361,0.7377049180327869,0.819672131147541,0.8852459016393442,0.9180327868852459,0.9344262295081968,0.7213114754098361
5.1,S5.1_I_1to2_S1toS2,RandomForest,42,61,61,"{'n_estimators': 300, 'max_depth': 20, 'min_samples_split': 2, 'min_samples_leaf': 1, 'max_features': 'sqrt', 'bootstrap': True}",scenario_results_rf_only_2026-01-25_200552_early_stop/randomforest_S5.1_I_1to2_S1toS2_2026-01-25_200552_seed42_early_stop.pkl,1.0,1.0,1.0,1.0,1.0,1.0,1.0,1.0,1.0,1.0,1.0,1.0,1.0,0.8032786885245902,0.7617486338797814,0.7617486338797814,0.7459016393442623,0.7459016393442623,0.8032786885245902,0.8032786885245902,0.8032786885245902,0.9508196721311475,0.9508196721311475,0.9672131147540983,0.9672131147540983,0.7704918032786885
5.1,S5.1_I_2to3_S1toS2,RandomForest,42,61,61,"{'n_estimators': 300, 'max_depth': 20, 'min_samples_split': 2, 'min_samples_leaf': 1, 'max_features': 'sqrt', 'bootstrap': True}",scenario_results_rf_only_2026-01-25_200552_early_stop/randomforest_S5.1_I_2to3_S1toS2_2026-01-25_200552_seed42_early_stop.pkl,1.0,1.0,1.0,1.0,1.0,1.0,1.0,1.0,1.0,1.0,1.0,1.0,1.0,0.8032786885245902,0.7513661202185792,0.7513661202185792,0.726775956284153,0.726775956284153,0.8032786885245902,0.8032786885245902,0.7868852459016393,0.9016393442622951,0.9508196721311475,0.9508196721311475,0.9508196721311475,0.7704918032786885
5.1,S5.1_I_3to1_S1toS2,RandomForest,42,61,61,"{'n_estimators': 300, 'max_depth': 20, 'min_samples_split': 2, 'min_samples_leaf': 1, 'max_features': 'sqrt', 'bootstrap': True}",scenario_results_rf_only_2026-01-25_200552_early_stop/randomforest_S5.1_I_3to1_S1toS2_2026-01-25_200552_seed42_early_stop.pkl,1.0,1.0,1.0,1.0,1.0,1.0,1.0,1.0,1.0,1.0,1.0,1.0,1.0,0.8524590163934426,0.8224043715846995,0.8224043715846995,0.8087431693989071,0.8087431693989071,0.8524590163934426,0.8524590163934426,0.8688524590163934,0.9180327868852459,0.9672131147540983,0.9836065573770492,0.9836065573770492,0.8524590163934426
5.1,S5.1_I_2to1_S1toS2,RandomForest,42,61,61,"{'n_estimators': 300, 'max_depth': 20, 'min_samples_split': 2, 'min_samples_leaf': 1, 'max_features': 'sqrt', 'bootstrap': True}",scenario_results_rf_only_2026-01-25_200552_early_stop/randomforest_S5.1_I_2to1_S1toS2_2026-01-25_200552_seed42_early_stop.pkl,1.0,1.0,1.0,1.0,1.0,1.0,1.0,1.0,1.0,1.0,1.0,1.0,1.0,0.8360655737704918,0.7978142076502732,0.7978142076502732,0.7786885245901639,0.7786885245901639,0.8360655737704918,0.8360655737704918,0.8360655737704918,0.8688524590163934,0.9180327868852459,0.9672131147540983,0.9836065573770492,0.8360655737704918
5.1,S5.1_I_3to2_S1toS2,RandomForest,42,61,61,"{'n_estimators': 300, 'max_depth': 20, 'min_samples_split': 2, 'min_samples_leaf': 1, 'max_features': 'sqrt', 'bootstrap': True}",scenario_results_rf_only_2026-01-25_200552_early_stop/randomforest_S5.1_I_3to2_S1toS2_2026-01-25_200552_seed42_early_stop.pkl,1.0,1.0,1.0,1.0,1.0,1.0,1.0,1.0,1.0,1.0,1.0,1.0,1.0,0.8852459016393442,0.8497267759562841,0.8497267759562841,0.8333333333333333,0.8333333333333333,0.8852459016393442,0.8852459016393442,0.9016393442622951,0.9508196721311475,0.9508196721311475,0.9672131147540983,0.9836065573770492,0.8852459016393442
5.1,S5.1_I_1to3_S1toS2,RandomForest,42,61,61,"{'n_estimators': 300, 'max_depth': 20, 'min_samples_split': 2, 'min_samples_leaf': 1, 'max_features': 'sqrt', 'bootstrap': True}",scenario_results_rf_only_2026-01-25_200552_early_stop/randomforest_S5.1_I_1to3_S1toS2_2026-01-25_200552_seed42_early_stop.pkl,1.0,1.0,1.0,1.0,1.0,1.0,1.0,1.0,1.0,1.0,1.0,1.0,1.0,0.8524590163934426,0.8142076502732241,0.8142076502732241,0.7950819672131147,0.7950819672131147,0.8524590163934426,0.8524590163934426,0.8524590163934426,0.9016393442622951,0.9344262295081968,0.9344262295081968,0.9508196721311475,0.8524590163934426
5.1,S5.1_T_1to2_S1toS2,RandomForest,42,61,61,"{'n_estimators': 300, 'max_depth': 20, 'min_samples_split': 2, 'min_samples_leaf': 1, 'max_features': 'sqrt', 'bootstrap': True}",scenario_results_rf_only_2026-01-25_200552_early_stop/randomforest_S5.1_T_1to2_S1toS2_2026-01-25_200552_seed42_early_stop.pkl,1.0,1.0,1.0,1.0,1.0,1.0,1.0,1.0,1.0,1.0,1.0,1.0,1.0,0.8852459016393442,0.8551912568306012,0.8551912568306012,0.8415300546448088,0.8415300546448088,0.8852459016393442,0.8852459016393442,0.9016393442622951,0.9508196721311475,0.9672131147540983,0.9672131147540983,0.9672131147540983,0.8852459016393442
5.1,S5.1_T_2to3_S1toS2,RandomForest,42,61,61,"{'n_estimators': 300, 'max_depth': 20, 'min_samples_split': 2, 'min_samples_leaf': 1, 'max_features': 'sqrt', 'bootstrap': True}",scenario_results_rf_only_2026-01-25_200552_early_stop/randomforest_S5.1_T_2to3_S1toS2_2026-01-25_200552_seed42_early_stop.pkl,1.0,1.0,1.0,1.0,1.0,1.0,1.0,1.0,1.0,1.0,1.0,1.0,1.0,0.8032786885245902,0.7688524590163934,0.7688524590163934,0.755464480874317,0.755464480874317,0.8032786885245902,0.8032786885245902,0.8032786885245902,0.9180327868852459,0.9508196721311475,0.9508196721311475,0.9672131147540983,0.8032786885245902
5.1,S5.1_T_3to1_S1toS2,RandomForest,42,61,61,"{'n_estimators': 300, 'max_depth': 20, 'min_samples_split': 2, 'min_samples_leaf': 1, 'max_features': 'sqrt', 'bootstrap': True}",scenario_results_rf_only_2026-01-25_200552_early_stop/randomforest_S5.1_T_3to1_S1toS2_2026-01-25_200552_seed42_early_stop.pkl,1.0,1.0,1.0,1.0,1.0,1.0,1.0,1.0,1.0,1.0,1.0,1.0,1.0,0.7704918032786885,0.7322404371584699,0.7322404371584699,0.7163934426229509,0.7163934426229509,0.7704918032786885,0.7704918032786885,0.819672131147541,0.8688524590163934,0.8852459016393442,0.9508196721311475,0.9508196721311475,0.7540983606557377
5.1,S5.1_T_2to1_S1toS2,RandomForest,42,61,61,"{'n_estimators': 300, 'max_depth': 20, 'min_samples_split': 2, 'min_samples_leaf': 1, 'max_features': 'sqrt', 'bootstrap': True}",scenario_results_rf_only_2026-01-25_200552_early_stop/randomforest_S5.1_T_2to1_S1toS2_2026-01-25_200552_seed42_early_stop.pkl,1.0,1.0,1.0,1.0,1.0,1.0,1.0,1.0,1.0,1.0,1.0,1.0,1.0,0.8524590163934426,0.819672131147541,0.819672131147541,0.8032786885245902,0.8032786885245902,0.8524590163934426,0.8524590163934426,0.8852459016393442,0.9344262295081968,0.9836065573770492,1.0,1.0,0.8524590163934426
5.1,S5.1_T_3to2_S1toS2,RandomForest,42,61,61,"{'n_estimators': 300, 'max_depth': 20, 'min_samples_split': 2, 'min_samples_leaf': 1, 'max_features': 'sqrt', 'bootstrap': True}",scenario_results_rf_only_2026-01-25_200552_early_stop/randomforest_S5.1_T_3to2_S1toS2_2026-01-25_200552_seed42_early_stop.pkl,1.0,1.0,1.0,1.0,1.0,1.0,1.0,1.0,1.0,1.0,1.0,1.0,1.0,0.819672131147541,0.7786885245901639,0.7786885245901639,0.7595628415300546,0.7595628415300546,0.819672131147541,0.819672131147541,0.819672131147541,0.9180327868852459,0.9508196721311475,0.9836065573770492,0.9836065573770492,0.819672131147541
5.1,S5.1_T_1to3_S1toS2,RandomForest,42,61,61,"{'n_estimators': 300, 'max_depth': 20, 'min_samples_split': 2, 'min_samples_leaf': 1, 'max_features': 'sqrt', 'bootstrap': True}",scenario_results_rf_only_2026-01-25_200552_early_stop/randomforest_S5.1_T_1to3_S1toS2_2026-01-25_200552_seed42_early_stop.pkl,1.0,1.0,1.0,1.0,1.0,1.0,1.0,1.0,1.0,1.0,1.0,1.0,1.0,0.8524590163934426,0.8142076502732242,0.8142076502732242,0.7978142076502732,0.7978142076502732,0.8524590163934426,0.8524590163934426,0.8524590163934426,0.9016393442622951,0.9180327868852459,0.9344262295081968,0.9508196721311475,0.8524590163934426
5.1,S5.1_F_1to2_S1toS2,RandomForest,123,61,61,"{'n_estimators': 300, 'max_depth': 20, 'min_samples_split': 2, 'min_samples_leaf': 1, 'max_features': 'sqrt', 'bootstrap': True}",scenario_results_rf_only_2026-01-25_200552_early_stop/randomforest_S5.1_F_1to2_S1toS2_2026-01-25_200552_seed123_early_stop.pkl,1.0,1.0,1.0,1.0,1.0,1.0,1.0,1.0,1.0,1.0,1.0,1.0,1.0,0.8360655737704918,0.7978142076502731,0.7978142076502731,0.7814207650273224,0.7814207650273224,0.8360655737704918,0.8360655737704918,0.819672131147541,0.9016393442622951,0.9672131147540983,1.0,1.0,0.819672131147541
5.1,S5.1_F_2to3_S1toS2,RandomForest,123,61,61,"{'n_estimators': 300, 'max_depth': 20, 'min_samples_split': 2, 'min_samples_leaf': 1, 'max_features': 'sqrt', 'bootstrap': True}",scenario_results_rf_only_2026-01-25_200552_early_stop/randomforest_S5.1_F_2to3_S1toS2_2026-01-25_200552_seed123_early_stop.pkl,1.0,1.0,1.0,1.0,1.0,1.0,1.0,1.0,1.0,1.0,1.0,1.0,1.0,0.819672131147541,0.7650273224043715,0.7650273224043715,0.7377049180327869,0.7377049180327869,0.819672131147541,0.819672131147541,0.8360655737704918,0.9016393442622951,0.9180327868852459,0.9344262295081968,0.9508196721311475,0.819672131147541
5.1,S5.1_F_3to1_S1toS2,RandomForest,123,61,61,"{'n_estimators': 300, 'max_depth': 20, 'min_samples_split': 2, 'min_samples_leaf': 1, 'max_features': 'sqrt', 'bootstrap': True}",scenario_results_rf_only_2026-01-25_200552_early_stop/randomforest_S5.1_F_3to1_S1toS2_2026-01-25_200552_seed123_early_stop.pkl,1.0,1.0,1.0,1.0,1.0,1.0,1.0,1.0,1.0,1.0,1.0,1.0,1.0,0.8360655737704918,0.796174863387978,0.796174863387978,0.7800546448087431,0.7800546448087431,0.8360655737704918,0.8360655737704918,0.8360655737704918,0.9508196721311475,0.9836065573770492,0.9836065573770492,0.9836065573770492,0.819672131147541
5.1,S5.1_F_2to1_S1toS2,RandomForest,123,61,61,"{'n_estimators': 300, 'max_depth': 20, 'min_samples_split': 2, 'min_samples_leaf': 1, 'max_features': 'sqrt', 'bootstrap': True}",scenario_results_rf_only_2026-01-25_200552_early_stop/randomforest_S5.1_F_2to1_S1toS2_2026-01-25_200552_seed123_early_stop.pkl,1.0,1.0,1.0,1.0,1.0,1.0,1.0,1.0,1.0,1.0,1.0,1.0,1.0,0.7868852459016393,0.7513661202185793,0.7513661202185793,0.7349726775956283,0.7349726775956283,0.7868852459016393,0.7868852459016393,0.7704918032786885,0.9016393442622951,0.9180327868852459,0.9344262295081968,0.9672131147540983,0.7704918032786885
5.1,S5.1_F_3to2_S1toS2,RandomForest,123,61,61,"{'n_estimators': 300, 'max_depth': 20, 'min_samples_split': 2, 'min_samples_leaf': 1, 'max_features': 'sqrt', 'bootstrap': True}",scenario_results_rf_only_2026-01-25_200552_early_stop/randomforest_S5.1_F_3to2_S1toS2_2026-01-25_200552_seed123_early_stop.pkl,1.0,1.0,1.0,1.0,1.0,1.0,1.0,1.0,1.0,1.0,1.0,1.0,1.0,0.7868852459016393,0.7540983606557377,0.7540983606557377,0.7404371584699453,0.7404371584699453,0.7868852459016393,0.7868852459016393,0.7049180327868853,0.9508196721311475,0.9672131147540983,0.9672131147540983,0.9672131147540983,0.7049180327868853
5.1,S5.1_F_1to3_S1toS2,RandomForest,123,61,61,"{'n_estimators': 300, 'max_depth': 20, 'min_samples_split': 2, 'min_samples_leaf': 1, 'max_features': 'sqrt', 'bootstrap': True}",scenario_results_rf_only_2026-01-25_200552_early_stop/randomforest_S5.1_F_1to3_S1toS2_2026-01-25_200552_seed123_early_stop.pkl,1.0,1.0,1.0,1.0,1.0,1.0,1.0,1.0,1.0,1.0,1.0,1.0,1.0,0.8032786885245902,0.7650273224043715,0.7650273224043715,0.7486338797814207,0.7486338797814207,0.8032786885245902,0.8032786885245902,0.819672131147541,0.9016393442622951,0.9344262295081968,0.9672131147540983,0.9836065573770492,0.8032786885245902
5.1,S5.1_I_1to2_S1toS2,RandomForest,123,61,61,"{'n_estimators': 300, 'max_depth': 20, 'min_samples_split': 2, 'min_samples_leaf': 1, 'max_features': 'sqrt', 'bootstrap': True}",scenario_results_rf_only_2026-01-25_200552_early_stop/randomforest_S5.1_I_1to2_S1toS2_2026-01-25_200552_seed123_early_stop.pkl,1.0,1.0,1.0,1.0,1.0,1.0,1.0,1.0,1.0,1.0,1.0,1.0,1.0,0.7868852459016393,0.7396565183450429,0.7396565183450429,0.7213114754098361,0.7213114754098361,0.7868852459016393,0.7868852459016393,0.7868852459016393,0.8852459016393442,0.9508196721311475,0.9508196721311475,0.9508196721311475,0.7868852459016393
5.1,S5.1_I_2to3_S1toS2,RandomForest,123,61,61,"{'n_estimators': 300, 'max_depth': 20, 'min_samples_split': 2, 'min_samples_leaf': 1, 'max_features': 'sqrt', 'bootstrap': True}",scenario_results_rf_only_2026-01-25_200552_early_stop/randomforest_S5.1_I_2to3_S1toS2_2026-01-25_200552_seed123_early_stop.pkl,1.0,1.0,1.0,1.0,1.0,1.0,1.0,1.0,1.0,1.0,1.0,1.0,1.0,0.8688524590163934,0.8360655737704918,0.8360655737704918,0.819672131147541,0.819672131147541,0.8688524590163934,0.8688524590163934,0.8360655737704918,0.9016393442622951,0.9344262295081968,0.9672131147540983,0.9672131147540983,0.8360655737704918
5.1,S5.1_I_3to1_S1toS2,RandomForest,123,61,61,"{'n_estimators': 300, 'max_depth': 20, 'min_samples_split': 2, 'min_samples_leaf': 1, 'max_features': 'sqrt', 'bootstrap': True}",scenario_results_rf_only_2026-01-25_200552_early_stop/randomforest_S5.1_I_3to1_S1toS2_2026-01-25_200552_seed123_early_stop.pkl,1.0,1.0,1.0,1.0,1.0,1.0,1.0,1.0,1.0,1.0,1.0,1.0,1.0,0.8524590163934426,0.8153005464480875,0.8153005464480875,0.7991803278688525,0.7991803278688525,0.8524590163934426,0.8524590163934426,0.8360655737704918,0.9180327868852459,0.9180327868852459,0.9344262295081968,0.9508196721311475,0.8360655737704918
5.1,S5.1_I_2to1_S1toS2,RandomForest,123,61,61,"{'n_estimators': 300, 'max_depth': 20, 'min_samples_split': 2, 'min_samples_leaf': 1, 'max_features': 'sqrt', 'bootstrap': True}",scenario_results_rf_only_2026-01-25_200552_early_stop/randomforest_S5.1_I_2to1_S1toS2_2026-01-25_200552_seed123_early_stop.pkl,1.0,1.0,1.0,1.0,1.0,1.0,1.0,1.0,1.0,1.0,1.0,1.0,1.0,0.819672131147541,0.7841530054644807,0.7841530054644807,0.76775956284153,0.76775956284153,0.819672131147541,0.819672131147541,0.819672131147541,0.9344262295081968,0.9836065573770492,0.9836065573770492,1.0,0.819672131147541
5.1,S5.1_I_3to2_S1toS2,RandomForest,123,61,61,"{'n_estimators': 300, 'max_depth': 20, 'min_samples_split': 2, 'min_samples_leaf': 1, 'max_features': 'sqrt', 'bootstrap': True}",scenario_results_rf_only_2026-01-25_200552_early_stop/randomforest_S5.1_I_3to2_S1toS2_2026-01-25_200552_seed123_early_stop.pkl,1.0,1.0,1.0,1.0,1.0,1.0,1.0,1.0,1.0,1.0,1.0,1.0,1.0,0.7540983606557377,0.7076502732240438,0.7076502732240438,0.6857923497267759,0.6857923497267759,0.7540983606557377,0.7540983606557377,0.7704918032786885,0.9016393442622951,0.9016393442622951,0.9180327868852459,0.9508196721311475,0.7540983606557377
5.1,S5.1_I_1to3_S1toS2,RandomForest,123,61,61,"{'n_estimators': 300, 'max_depth': 20, 'min_samples_split': 2, 'min_samples_leaf': 1, 'max_features': 'sqrt', 'bootstrap': True}",scenario_results_rf_only_2026-01-25_200552_early_stop/randomforest_S5.1_I_1to3_S1toS2_2026-01-25_200552_seed123_early_stop.pkl,1.0,1.0,1.0,1.0,1.0,1.0,1.0,1.0,1.0,1.0,1.0,1.0,1.0,0.819672131147541,0.7786885245901639,0.7786885245901639,0.7595628415300547,0.7595628415300547,0.819672131147541,0.819672131147541,0.8360655737704918,0.9180327868852459,0.9508196721311475,0.9672131147540983,0.9836065573770492,0.8032786885245902
5.1,S5.1_T_1to2_S1toS2,RandomForest,123,61,61,"{'n_estimators': 300, 'max_depth': 20, 'min_samples_split': 2, 'min_samples_leaf': 1, 'max_features': 'sqrt', 'bootstrap': True}",scenario_results_rf_only_2026-01-25_200552_early_stop/randomforest_S5.1_T_1to2_S1toS2_2026-01-25_200552_seed123_early_stop.pkl,1.0,1.0,1.0,1.0,1.0,1.0,1.0,1.0,1.0,1.0,1.0,1.0,1.0,0.8524590163934426,0.8169398907103824,0.8169398907103824,0.8005464480874316,0.8005464480874316,0.8524590163934426,0.8524590163934426,0.8524590163934426,0.8852459016393442,0.9180327868852459,0.9508196721311475,0.9672131147540983,0.8524590163934426
5.1,S5.1_T_2to3_S1toS2,RandomForest,123,61,61,"{'n_estimators': 300, 'max_depth': 20, 'min_samples_split': 2, 'min_samples_leaf': 1, 'max_features': 'sqrt', 'bootstrap': True}",scenario_results_rf_only_2026-01-25_200552_early_stop/randomforest_S5.1_T_2to3_S1toS2_2026-01-25_200552_seed123_early_stop.pkl,1.0,1.0,1.0,1.0,1.0,1.0,1.0,1.0,1.0,1.0,1.0,1.0,1.0,0.8360655737704918,0.7978142076502732,0.7978142076502732,0.7786885245901639,0.7786885245901639,0.8360655737704918,0.8360655737704918,0.8688524590163934,0.9016393442622951,0.9672131147540983,0.9672131147540983,0.9672131147540983,0.8360655737704918
5.1,S5.1_T_3to1_S1toS2,RandomForest,123,61,61,"{'n_estimators': 300, 'max_depth': 20, 'min_samples_split': 2, 'min_samples_leaf': 1, 'max_features': 'sqrt', 'bootstrap': True}",scenario_results_rf_only_2026-01-25_200552_early_stop/randomforest_S5.1_T_3to1_S1toS2_2026-01-25_200552_seed123_early_stop.pkl,1.0,1.0,1.0,1.0,1.0,1.0,1.0,1.0,1.0,1.0,1.0,1.0,1.0,0.8360655737704918,0.8060109289617486,0.8060109289617486,0.7923497267759562,0.7923497267759562,0.8360655737704918,0.8360655737704918,0.8032786885245902,0.9508196721311475,0.9508196721311475,0.9672131147540983,0.9836065573770492,0.8032786885245902
5.1,S5.1_T_2to1_S1toS2,RandomForest,123,61,61,"{'n_estimators': 300, 'max_depth': 20, 'min_samples_split': 2, 'min_samples_leaf': 1, 'max_features': 'sqrt', 'bootstrap': True}",scenario_results_rf_only_2026-01-25_200552_early_stop/randomforest_S5.1_T_2to1_S1toS2_2026-01-25_200552_seed123_early_stop.pkl,1.0,1.0,1.0,1.0,1.0,1.0,1.0,1.0,1.0,1.0,1.0,1.0,1.0,0.819672131147541,0.7841530054644807,0.7841530054644807,0.7677595628415301,0.7677595628415301,0.819672131147541,0.819672131147541,0.8524590163934426,0.9180327868852459,0.9672131147540983,0.9836065573770492,1.0,0.7868852459016393
5.1,S5.1_T_3to2_S1toS2,RandomForest,123,61,61,"{'n_estimators': 300, 'max_depth': 20, 'min_samples_split': 2, 'min_samples_leaf': 1, 'max_features': 'sqrt', 'bootstrap': True}",scenario_results_rf_only_2026-01-25_200552_early_stop/randomforest_S5.1_T_3to2_S1toS2_2026-01-25_200552_seed123_early_stop.pkl,1.0,1.0,1.0,1.0,1.0,1.0,1.0,1.0,1.0,1.0,1.0,1.0,1.0,0.7704918032786885,0.7224043715846994,0.7224043715846994,0.7040983606557377,0.7040983606557377,0.7704918032786885,0.7704918032786885,0.7868852459016393,0.9016393442622951,0.9180327868852459,0.9508196721311475,0.9836065573770492,0.7704918032786885
5.1,S5.1_T_1to3_S1toS2,RandomForest,123,61,61,"{'n_estimators': 300, 'max_depth': 20, 'min_samples_split': 2, 'min_samples_leaf': 1, 'max_features': 'sqrt', 'bootstrap': True}",scenario_results_rf_only_2026-01-25_200552_early_stop/randomforest_S5.1_T_1to3_S1toS2_2026-01-25_200552_seed123_early_stop.pkl,1.0,1.0,1.0,1.0,1.0,1.0,1.0,1.0,1.0,1.0,1.0,1.0,1.0,0.8032786885245902,0.7814207650273224,0.7814207650273224,0.7704918032786885,0.7704918032786885,0.8032786885245902,0.8032786885245902,0.7868852459016393,0.9016393442622951,0.9672131147540983,0.9672131147540983,0.9672131147540983,0.7868852459016393
5.1,S5.1_F_1to2_S1toS2,RandomForest,456,61,61,"{'n_estimators': 300, 'max_depth': 20, 'min_samples_split': 2, 'min_samples_leaf': 1, 'max_features': 'sqrt', 'bootstrap': True}",scenario_results_rf_only_2026-01-25_200552_early_stop/randomforest_S5.1_F_1to2_S1toS2_2026-01-25_200552_seed456_early_stop.pkl,1.0,1.0,1.0,1.0,1.0,1.0,1.0,1.0,1.0,1.0,1.0,1.0,1.0,0.7704918032786885,0.7295081967213114,0.7295081967213114,0.7103825136612021,0.7103825136612021,0.7704918032786885,0.7704918032786885,0.7704918032786885,0.9344262295081968,0.9508196721311475,0.9672131147540983,0.9836065573770492,0.7540983606557377
5.1,S5.1_F_2to3_S1toS2,RandomForest,456,61,61,"{'n_estimators': 300, 'max_depth': 20, 'min_samples_split': 2, 'min_samples_leaf': 1, 'max_features': 'sqrt', 'bootstrap': True}",scenario_results_rf_only_2026-01-25_200552_early_stop/randomforest_S5.1_F_2to3_S1toS2_2026-01-25_200552_seed456_early_stop.pkl,1.0,1.0,1.0,1.0,1.0,1.0,1.0,1.0,1.0,1.0,1.0,1.0,1.0,0.8360655737704918,0.7896174863387978,0.7896174863387978,0.76775956284153,0.76775956284153,0.8360655737704918,0.8360655737704918,0.8360655737704918,0.9508196721311475,0.9836065573770492,0.9836065573770492,0.9836065573770492,0.819672131147541
5.1,S5.1_F_3to1_S1toS2,RandomForest,456,61,61,"{'n_estimators': 300, 'max_depth': 20, 'min_samples_split': 2, 'min_samples_leaf': 1, 'max_features': 'sqrt', 'bootstrap': True}",scenario_results_rf_only_2026-01-25_200552_early_stop/randomforest_S5.1_F_3to1_S1toS2_2026-01-25_200552_seed456_early_stop.pkl,1.0,1.0,1.0,1.0,1.0,1.0,1.0,1.0,1.0,1.0,1.0,1.0,1.0,0.8360655737704918,0.7841530054644807,0.7841530054644807,0.7595628415300546,0.7595628415300546,0.8360655737704918,0.8360655737704918,0.8360655737704918,0.9016393442622951,0.9836065573770492,0.9836065573770492,0.9836065573770492,0.8360655737704918
5.1,S5.1_F_2to1_S1toS2,RandomForest,456,61,61,"{'n_estimators': 300, 'max_depth': 20, 'min_samples_split': 2, 'min_samples_leaf': 1, 'max_features': 'sqrt', 'bootstrap': True}",scenario_results_rf_only_2026-01-25_200552_early_stop/randomforest_S5.1_F_2to1_S1toS2_2026-01-25_200552_seed456_early_stop.pkl,1.0,1.0,1.0,1.0,1.0,1.0,1.0,1.0,1.0,1.0,1.0,1.0,1.0,0.8688524590163934,0.8387978142076502,0.8387978142076502,0.8251366120218578,0.8251366120218578,0.8688524590163934,0.8688524590163934,0.8360655737704918,0.9344262295081968,0.9508196721311475,1.0,1.0,0.8360655737704918
5.1,S5.1_F_3to2_S1toS2,RandomForest,456,61,61,"{'n_estimators': 300, 'max_depth': 20, 'min_samples_split': 2, 'min_samples_leaf': 1, 'max_features': 'sqrt', 'bootstrap': True}",scenario_results_rf_only_2026-01-25_200552_early_stop/randomforest_S5.1_F_3to2_S1toS2_2026-01-25_200552_seed456_early_stop.pkl,1.0,1.0,1.0,1.0,1.0,1.0,1.0,1.0,1.0,1.0,1.0,1.0,1.0,0.8524590163934426,0.8114754098360656,0.8114754098360656,0.7923497267759562,0.7923497267759562,0.8524590163934426,0.8524590163934426,0.8032786885245902,0.8688524590163934,0.8852459016393442,0.9016393442622951,0.9016393442622951,0.8032786885245902
5.1,S5.1_F_1to3_S1toS2,RandomForest,456,61,61,"{'n_estimators': 300, 'max_depth': 20, 'min_samples_split': 2, 'min_samples_leaf': 1, 'max_features': 'sqrt', 'bootstrap': True}",scenario_results_rf_only_2026-01-25_200552_early_stop/randomforest_S5.1_F_1to3_S1toS2_2026-01-25_200552_seed456_early_stop.pkl,1.0,1.0,1.0,1.0,1.0,1.0,1.0,1.0,1.0,1.0,1.0,1.0,1.0,0.8032786885245902,0.7524590163934425,0.7524590163934425,0.7308743169398906,0.7308743169398906,0.8032786885245902,0.8032786885245902,0.7868852459016393,0.819672131147541,0.9016393442622951,0.9672131147540983,0.9672131147540983,0.7868852459016393
5.1,S5.1_I_1to2_S1toS2,RandomForest,456,61,61,"{'n_estimators': 300, 'max_depth': 20, 'min_samples_split': 2, 'min_samples_leaf': 1, 'max_features': 'sqrt', 'bootstrap': True}",scenario_results_rf_only_2026-01-25_200552_early_stop/randomforest_S5.1_I_1to2_S1toS2_2026-01-25_200552_seed456_early_stop.pkl,1.0,1.0,1.0,1.0,1.0,1.0,1.0,1.0,1.0,1.0,1.0,1.0,1.0,0.8360655737704918,0.796174863387978,0.796174863387978,0.7800546448087432,0.7800546448087432,0.8360655737704918,0.8360655737704918,0.8360655737704918,0.9508196721311475,0.9672131147540983,0.9836065573770492,0.9836065573770492,0.8360655737704918
5.1,S5.1_I_2to3_S1toS2,RandomForest,456,61,61,"{'n_estimators': 300, 'max_depth': 20, 'min_samples_split': 2, 'min_samples_leaf': 1, 'max_features': 'sqrt', 'bootstrap': True}",scenario_results_rf_only_2026-01-25_200552_early_stop/randomforest_S5.1_I_2to3_S1toS2_2026-01-25_200552_seed456_early_stop.pkl,1.0,1.0,1.0,1.0,1.0,1.0,1.0,1.0,1.0,1.0,1.0,1.0,1.0,0.7704918032786885,0.7185792349726776,0.7185792349726776,0.6994535519125684,0.6994535519125684,0.7704918032786885,0.7704918032786885,0.7704918032786885,0.8852459016393442,0.9344262295081968,0.9508196721311475,0.9508196721311475,0.7704918032786885
5.1,S5.1_I_3to1_S1toS2,RandomForest,456,61,61,"{'n_estimators': 300, 'max_depth': 20, 'min_samples_split': 2, 'min_samples_leaf': 1, 'max_features': 'sqrt', 'bootstrap': True}",scenario_results_rf_only_2026-01-25_200552_early_stop/randomforest_S5.1_I_3to1_S1toS2_2026-01-25_200552_seed456_early_stop.pkl,1.0,1.0,1.0,1.0,1.0,1.0,1.0,1.0,1.0,1.0,1.0,1.0,1.0,0.7704918032786885,0.7349726775956283,0.7349726775956283,0.7185792349726776,0.7185792349726776,0.7704918032786885,0.7704918032786885,0.7704918032786885,0.9016393442622951,0.9672131147540983,0.9672131147540983,0.9836065573770492,0.7540983606557377
5.1,S5.1_I_2to1_S1toS2,RandomForest,456,61,61,"{'n_estimators': 300, 'max_depth': 20, 'min_samples_split': 2, 'min_samples_leaf': 1, 'max_features': 'sqrt', 'bootstrap': True}",scenario_results_rf_only_2026-01-25_200552_early_stop/randomforest_S5.1_I_2to1_S1toS2_2026-01-25_200552_seed456_early_stop.pkl,1.0,1.0,1.0,1.0,1.0,1.0,1.0,1.0,1.0,1.0,1.0,1.0,1.0,0.7868852459016393,0.7540983606557377,0.7540983606557377,0.7377049180327869,0.7377049180327869,0.7868852459016393,0.7868852459016393,0.7868852459016393,0.8852459016393442,0.9508196721311475,0.9508196721311475,0.9508196721311475,0.7704918032786885
5.1,S5.1_I_3to2_S1toS2,RandomForest,456,61,61,"{'n_estimators': 300, 'max_depth': 20, 'min_samples_split': 2, 'min_samples_leaf': 1, 'max_features': 'sqrt', 'bootstrap': True}",scenario_results_rf_only_2026-01-25_200552_early_stop/randomforest_S5.1_I_3to2_S1toS2_2026-01-25_200552_seed456_early_stop.pkl,1.0,1.0,1.0,1.0,1.0,1.0,1.0,1.0,1.0,1.0,1.0,1.0,1.0,0.7868852459016393,0.7322404371584699,0.7322404371584699,0.7049180327868853,0.7049180327868853,0.7868852459016393,0.7868852459016393,0.7868852459016393,0.8688524590163934,0.9016393442622951,0.9344262295081968,0.9344262295081968,0.7868852459016393
5.1,S5.1_I_1to3_S1toS2,RandomForest,456,61,61,"{'n_estimators': 300, 'max_depth': 20, 'min_samples_split': 2, 'min_samples_leaf': 1, 'max_features': 'sqrt', 'bootstrap': True}",scenario_results_rf_only_2026-01-25_200552_early_stop/randomforest_S5.1_I_1to3_S1toS2_2026-01-25_200552_seed456_early_stop.pkl,1.0,1.0,1.0,1.0,1.0,1.0,1.0,1.0,1.0,1.0,1.0,1.0,1.0,0.819672131147541,0.7650273224043715,0.7650273224043715,0.7377049180327869,0.7377049180327869,0.819672131147541,0.819672131147541,0.8032786885245902,0.9180327868852459,0.9508196721311475,0.9508196721311475,0.9672131147540983,0.8032786885245902
5.1,S5.1_T_1to2_S1toS2,RandomForest,456,61,61,"{'n_estimators': 300, 'max_depth': 20, 'min_samples_split': 2, 'min_samples_leaf': 1, 'max_features': 'sqrt', 'bootstrap': True}",scenario_results_rf_only_2026-01-25_200552_early_stop/randomforest_S5.1_T_1to2_S1toS2_2026-01-25_200552_seed456_early_stop.pkl,1.0,1.0,1.0,1.0,1.0,1.0,1.0,1.0,1.0,1.0,1.0,1.0,1.0,0.8032786885245902,0.7786885245901639,0.7786885245901639,0.76775956284153,0.76775956284153,0.8032786885245902,0.8032786885245902,0.7868852459016393,0.8852459016393442,0.9180327868852459,0.9344262295081968,0.9344262295081968,0.7868852459016393
5.1,S5.1_T_2to3_S1toS2,RandomForest,456,61,61,"{'n_estimators': 300, 'max_depth': 20, 'min_samples_split': 2, 'min_samples_leaf': 1, 'max_features': 'sqrt', 'bootstrap': True}",scenario_results_rf_only_2026-01-25_200552_early_stop/randomforest_S5.1_T_2to3_S1toS2_2026-01-25_200552_seed456_early_stop.pkl,1.0,1.0,1.0,1.0,1.0,1.0,1.0,1.0,1.0,1.0,1.0,1.0,1.0,0.7704918032786885,0.7486338797814207,0.7486338797814207,0.740983606557377,0.740983606557377,0.7704918032786885,0.7704918032786885,0.8032786885245902,0.8688524590163934,0.9180327868852459,0.9344262295081968,0.9344262295081968,0.7704918032786885
5.1,S5.1_T_3to1_S1toS2,RandomForest,456,61,61,"{'n_estimators': 300, 'max_depth': 20, 'min_samples_split': 2, 'min_samples_leaf': 1, 'max_features': 'sqrt', 'bootstrap': True}",scenario_results_rf_only_2026-01-25_200552_early_stop/randomforest_S5.1_T_3to1_S1toS2_2026-01-25_200552_seed456_early_stop.pkl,1.0,1.0,1.0,1.0,1.0,1.0,1.0,1.0,1.0,1.0,1.0,1.0,1.0,0.8524590163934426,0.8234972677595629,0.8234972677595629,0.8128415300546449,0.8128415300546449,0.8524590163934426,0.8524590163934426,0.8524590163934426,0.8852459016393442,0.9180327868852459,0.9508196721311475,0.9836065573770492,0.819672131147541
5.1,S5.1_T_2to1_S1toS2,RandomForest,456,61,61,"{'n_estimators': 300, 'max_depth': 20, 'min_samples_split': 2, 'min_samples_leaf': 1, 'max_features': 'sqrt', 'bootstrap': True}",scenario_results_rf_only_2026-01-25_200552_early_stop/randomforest_S5.1_T_2to1_S1toS2_2026-01-25_200552_seed456_early_stop.pkl,1.0,1.0,1.0,1.0,1.0,1.0,1.0,1.0,1.0,1.0,1.0,1.0,1.0,0.8852459016393442,0.8579234972677596,0.8579234972677596,0.8469945355191257,0.8469945355191257,0.8852459016393442,0.8852459016393442,0.8852459016393442,0.9836065573770492,1.0,1.0,1.0,0.8688524590163934
5.1,S5.1_T_3to2_S1toS2,RandomForest,456,61,61,"{'n_estimators': 300, 'max_depth': 20, 'min_samples_split': 2, 'min_samples_leaf': 1, 'max_features': 'sqrt', 'bootstrap': True}",scenario_results_rf_only_2026-01-25_200552_early_stop/randomforest_S5.1_T_3to2_S1toS2_2026-01-25_200552_seed456_early_stop.pkl,1.0,1.0,1.0,1.0,1.0,1.0,1.0,1.0,1.0,1.0,1.0,1.0,1.0,0.8524590163934426,0.8114754098360656,0.8114754098360656,0.7923497267759562,0.7923497267759562,0.8524590163934426,0.8524590163934426,0.8524590163934426,0.9180327868852459,0.9180327868852459,0.9344262295081968,0.9508196721311475,0.8360655737704918
5.1,S5.1_T_1to3_S1toS2,RandomForest,456,61,61,"{'n_estimators': 300, 'max_depth': 20, 'min_samples_split': 2, 'min_samples_leaf': 1, 'max_features': 'sqrt', 'bootstrap': True}",scenario_results_rf_only_2026-01-25_200552_early_stop/randomforest_S5.1_T_1to3_S1toS2_2026-01-25_200552_seed456_early_stop.pkl,1.0,1.0,1.0,1.0,1.0,1.0,1.0,1.0,1.0,1.0,1.0,1.0,1.0,0.8524590163934426,0.8114754098360656,0.8114754098360656,0.7923497267759562,0.7923497267759562,0.8524590163934426,0.8524590163934426,0.8688524590163934,0.9508196721311475,0.9508196721311475,0.9508196721311475,0.9508196721311475,0.8524590163934426
5.2,S5.2_F_2to1_S2toS1,RandomForest,42,61,61,"{'n_estimators': 300, 'max_depth': 20, 'min_samples_split': 2, 'min_samples_leaf': 1, 'max_features': 'sqrt', 'bootstrap': True}",scenario_results_rf_only_2026-01-25_200552_early_stop/randomforest_S5.2_F_2to1_S2toS1_2026-01-25_200552_seed42_early_stop.pkl,1.0,1.0,1.0,1.0,1.0,1.0,1.0,1.0,1.0,1.0,1.0,1.0,1.0,0.6557377049180327,0.6092896174863388,0.6092896174863388,0.5874316939890709,0.5874316939890709,0.6557377049180327,0.6557377049180327,0.6721311475409836,0.7704918032786885,0.8360655737704918,0.9180327868852459,0.9508196721311475,0.639344262295082
5.2,S5.2_F_3to2_S2toS1,RandomForest,42,61,61,"{'n_estimators': 300, 'max_depth': 20, 'min_samples_split': 2, 'min_samples_leaf': 1, 'max_features': 'sqrt', 'bootstrap': True}",scenario_results_rf_only_2026-01-25_200552_early_stop/randomforest_S5.2_F_3to2_S2toS1_2026-01-25_200552_seed42_early_stop.pkl,1.0,1.0,1.0,1.0,1.0,1.0,1.0,1.0,1.0,1.0,1.0,1.0,1.0,0.7704918032786885,0.7213114754098361,0.7213114754098361,0.6994535519125683,0.6994535519125683,0.7704918032786885,0.7704918032786885,0.7704918032786885,0.8360655737704918,0.9344262295081968,0.9508196721311475,0.9672131147540983,0.7704918032786885
5.2,S5.2_F_1to3_S2toS1,RandomForest,42,61,61,"{'n_estimators': 300, 'max_depth': 20, 'min_samples_split': 2, 'min_samples_leaf': 1, 'max_features': 'sqrt', 'bootstrap': True}",scenario_results_rf_only_2026-01-25_200552_early_stop/randomforest_S5.2_F_1to3_S2toS1_2026-01-25_200552_seed42_early_stop.pkl,1.0,1.0,1.0,1.0,1.0,1.0,1.0,1.0,1.0,1.0,1.0,1.0,1.0,0.7049180327868853,0.6502732240437158,0.6502732240437158,0.6256830601092895,0.6256830601092895,0.7049180327868853,0.7049180327868853,0.7213114754098361,0.8524590163934426,0.9180327868852459,0.9344262295081968,0.9508196721311475,0.6885245901639344
5.2,S5.2_F_1to2_S2toS1,RandomForest,42,61,61,"{'n_estimators': 300, 'max_depth': 20, 'min_samples_split': 2, 'min_samples_leaf': 1, 'max_features': 'sqrt', 'bootstrap': True}",scenario_results_rf_only_2026-01-25_200552_early_stop/randomforest_S5.2_F_1to2_S2toS1_2026-01-25_200552_seed42_early_stop.pkl,1.0,1.0,1.0,1.0,1.0,1.0,1.0,1.0,1.0,1.0,1.0,1.0,1.0,0.7704918032786885,0.7240437158469945,0.7240437158469945,0.7021857923497268,0.7021857923497268,0.7704918032786885,0.7704918032786885,0.8032786885245902,0.9016393442622951,0.9344262295081968,0.9508196721311475,0.9672131147540983,0.7704918032786885
5.2,S5.2_F_2to3_S2toS1,RandomForest,42,61,61,"{'n_estimators': 300, 'max_depth': 20, 'min_samples_split': 2, 'min_samples_leaf': 1, 'max_features': 'sqrt', 'bootstrap': True}",scenario_results_rf_only_2026-01-25_200552_early_stop/randomforest_S5.2_F_2to3_S2toS1_2026-01-25_200552_seed42_early_stop.pkl,1.0,1.0,1.0,1.0,1.0,1.0,1.0,1.0,1.0,1.0,1.0,1.0,1.0,0.7704918032786885,0.7369242779078844,0.7369242779078844,0.7240437158469946,0.7240437158469946,0.7704918032786885,0.7704918032786885,0.7377049180327869,0.8360655737704918,0.8524590163934426,0.8688524590163934,0.9508196721311475,0.7377049180327869
5.2,S5.2_F_3to1_S2toS1,RandomForest,42,61,61,"{'n_estimators': 300, 'max_depth': 20, 'min_samples_split': 2, 'min_samples_leaf': 1, 'max_features': 'sqrt', 'bootstrap': True}",scenario_results_rf_only_2026-01-25_200552_early_stop/randomforest_S5.2_F_3to1_S2toS1_2026-01-25_200552_seed42_early_stop.pkl,1.0,1.0,1.0,1.0,1.0,1.0,1.0,1.0,1.0,1.0,1.0,1.0,1.0,0.7704918032786885,0.7196721311475409,0.7196721311475409,0.698087431693989,0.698087431693989,0.7704918032786885,0.7704918032786885,0.819672131147541,0.8688524590163934,0.9016393442622951,0.9180327868852459,0.9344262295081968,0.7704918032786885
5.2,S5.2_I_2to1_S2toS1,RandomForest,42,61,61,"{'n_estimators': 300, 'max_depth': 20, 'min_samples_split': 2, 'min_samples_leaf': 1, 'max_features': 'sqrt', 'bootstrap': True}",scenario_results_rf_only_2026-01-25_200552_early_stop/randomforest_S5.2_I_2to1_S2toS1_2026-01-25_200552_seed42_early_stop.pkl,1.0,1.0,1.0,1.0,1.0,1.0,1.0,1.0,1.0,1.0,1.0,1.0,1.0,0.7377049180327869,0.7021857923497267,0.7021857923497267,0.6857923497267758,0.6857923497267758,0.7377049180327869,0.7377049180327869,0.7213114754098361,0.8524590163934426,0.9016393442622951,0.9508196721311475,0.9508196721311475,0.7213114754098361
5.2,S5.2_I_3to2_S2toS1,RandomForest,42,61,61,"{'n_estimators': 300, 'max_depth': 20, 'min_samples_split': 2, 'min_samples_leaf': 1, 'max_features': 'sqrt', 'bootstrap': True}",scenario_results_rf_only_2026-01-25_200552_early_stop/randomforest_S5.2_I_3to2_S2toS1_2026-01-25_200552_seed42_early_stop.pkl,1.0,1.0,1.0,1.0,1.0,1.0,1.0,1.0,1.0,1.0,1.0,1.0,1.0,0.8852459016393442,0.860655737704918,0.860655737704918,0.8497267759562841,0.8497267759562841,0.8852459016393442,0.8852459016393442,0.8852459016393442,0.9016393442622951,0.9180327868852459,0.9508196721311475,0.9508196721311475,0.8852459016393442
5.2,S5.2_I_1to3_S2toS1,RandomForest,42,61,61,"{'n_estimators': 300, 'max_depth': 20, 'min_samples_split': 2, 'min_samples_leaf': 1, 'max_features': 'sqrt', 'bootstrap': True}",scenario_results_rf_only_2026-01-25_200552_early_stop/randomforest_S5.2_I_1to3_S2toS1_2026-01-25_200552_seed42_early_stop.pkl,1.0,1.0,1.0,1.0,1.0,1.0,1.0,1.0,1.0,1.0,1.0,1.0,1.0,0.8688524590163934,0.8387978142076503,0.8387978142076503,0.8251366120218578,0.8251366120218578,0.8688524590163934,0.8688524590163934,0.8688524590163934,0.8852459016393442,0.9016393442622951,0.9344262295081968,0.9672131147540983,0.8688524590163934
5.2,S5.2_I_1to2_S2toS1,RandomForest,42,61,61,"{'n_estimators': 300, 'max_depth': 20, 'min_samples_split': 2, 'min_samples_leaf': 1, 'max_features': 'sqrt', 'bootstrap': True}",scenario_results_rf_only_2026-01-25_200552_early_stop/randomforest_S5.2_I_1to2_S2toS1_2026-01-25_200552_seed42_early_stop.pkl,1.0,1.0,1.0,1.0,1.0,1.0,1.0,1.0,1.0,1.0,1.0,1.0,1.0,0.8360655737704918,0.7950819672131147,0.7950819672131147,0.7759562841530054,0.7759562841530054,0.8360655737704918,0.8360655737704918,0.8360655737704918,0.9016393442622951,0.9672131147540983,0.9836065573770492,1.0,0.8360655737704918
5.2,S5.2_I_2to3_S2toS1,RandomForest,42,61,61,"{'n_estimators': 300, 'max_depth': 20, 'min_samples_split': 2, 'min_samples_leaf': 1, 'max_features': 'sqrt', 'bootstrap': True}",scenario_results_rf_only_2026-01-25_200552_early_stop/randomforest_S5.2_I_2to3_S2toS1_2026-01-25_200552_seed42_early_stop.pkl,1.0,1.0,1.0,1.0,1.0,1.0,1.0,1.0,1.0,1.0,1.0,1.0,1.0,0.8524590163934426,0.8032786885245901,0.8032786885245901,0.7786885245901639,0.7786885245901639,0.8524590163934426,0.8524590163934426,0.819672131147541,0.9016393442622951,0.9344262295081968,0.9672131147540983,0.9836065573770492,0.819672131147541
5.2,S5.2_I_3to1_S2toS1,RandomForest,42,61,61,"{'n_estimators': 300, 'max_depth': 20, 'min_samples_split': 2, 'min_samples_leaf': 1, 'max_features': 'sqrt', 'bootstrap': True}",scenario_results_rf_only_2026-01-25_200552_early_stop/randomforest_S5.2_I_3to1_S2toS1_2026-01-25_200552_seed42_early_stop.pkl,1.0,1.0,1.0,1.0,1.0,1.0,1.0,1.0,1.0,1.0,1.0,1.0,1.0,0.819672131147541,0.7650273224043715,0.7650273224043715,0.7404371584699454,0.7404371584699454,0.819672131147541,0.819672131147541,0.8032786885245902,0.9180327868852459,0.9672131147540983,0.9672131147540983,0.9672131147540983,0.7868852459016393
5.2,S5.2_T_2to1_S2toS1,RandomForest,42,61,61,"{'n_estimators': 300, 'max_depth': 20, 'min_samples_split': 2, 'min_samples_leaf': 1, 'max_features': 'sqrt', 'bootstrap': True}",scenario_results_rf_only_2026-01-25_200552_early_stop/randomforest_S5.2_T_2to1_S2toS1_2026-01-25_200552_seed42_early_stop.pkl,1.0,1.0,1.0,1.0,1.0,1.0,1.0,1.0,1.0,1.0,1.0,1.0,1.0,0.819672131147541,0.7896174863387978,0.7896174863387978,0.7759562841530055,0.7759562841530055,0.819672131147541,0.819672131147541,0.8032786885245902,0.8688524590163934,0.9016393442622951,0.9180327868852459,0.9180327868852459,0.7868852459016393
5.2,S5.2_T_3to2_S2toS1,RandomForest,42,61,61,"{'n_estimators': 300, 'max_depth': 20, 'min_samples_split': 2, 'min_samples_leaf': 1, 'max_features': 'sqrt', 'bootstrap': True}",scenario_results_rf_only_2026-01-25_200552_early_stop/randomforest_S5.2_T_3to2_S2toS1_2026-01-25_200552_seed42_early_stop.pkl,1.0,1.0,1.0,1.0,1.0,1.0,1.0,1.0,1.0,1.0,1.0,1.0,1.0,0.8032786885245902,0.7650273224043715,0.7650273224043715,0.7459016393442623,0.7459016393442623,0.8032786885245902,0.8032786885245902,0.7868852459016393,0.9180327868852459,0.9508196721311475,0.9508196721311475,0.9508196721311475,0.7704918032786885
5.2,S5.2_T_1to3_S2toS1,RandomForest,42,61,61,"{'n_estimators': 300, 'max_depth': 20, 'min_samples_split': 2, 'min_samples_leaf': 1, 'max_features': 'sqrt', 'bootstrap': True}",scenario_results_rf_only_2026-01-25_200552_early_stop/randomforest_S5.2_T_1to3_S2toS1_2026-01-25_200552_seed42_early_stop.pkl,1.0,1.0,1.0,1.0,1.0,1.0,1.0,1.0,1.0,1.0,1.0,1.0,1.0,0.7868852459016393,0.7513661202185792,0.7513661202185792,0.7382513661202186,0.7382513661202186,0.7868852459016393,0.7868852459016393,0.8032786885245902,0.9016393442622951,0.9508196721311475,0.9672131147540983,0.9672131147540983,0.7704918032786885
5.2,S5.2_T_1to2_S2toS1,RandomForest,42,61,61,"{'n_estimators': 300, 'max_depth': 20, 'min_samples_split': 2, 'min_samples_leaf': 1, 'max_features': 'sqrt', 'bootstrap': True}",scenario_results_rf_only_2026-01-25_200552_early_stop/randomforest_S5.2_T_1to2_S2toS1_2026-01-25_200552_seed42_early_stop.pkl,1.0,1.0,1.0,1.0,1.0,1.0,1.0,1.0,1.0,1.0,1.0,1.0,1.0,0.8360655737704918,0.7868852459016393,0.7868852459016393,0.7622950819672131,0.7622950819672131,0.8360655737704918,0.8360655737704918,0.8360655737704918,0.9180327868852459,0.9180327868852459,0.9836065573770492,0.9836065573770492,0.8360655737704918
5.2,S5.2_T_2to3_S2toS1,RandomForest,42,61,61,"{'n_estimators': 300, 'max_depth': 20, 'min_samples_split': 2, 'min_samples_leaf': 1, 'max_features': 'sqrt', 'bootstrap': True}",scenario_results_rf_only_2026-01-25_200552_early_stop/randomforest_S5.2_T_2to3_S2toS1_2026-01-25_200552_seed42_early_stop.pkl,1.0,1.0,1.0,1.0,1.0,1.0,1.0,1.0,1.0,1.0,1.0,1.0,1.0,0.819672131147541,0.7825136612021858,0.7825136612021858,0.7691256830601094,0.7691256830601094,0.819672131147541,0.819672131147541,0.8032786885245902,0.8688524590163934,0.9016393442622951,0.9180327868852459,0.9344262295081968,0.8032786885245902
5.2,S5.2_T_3to1_S2toS1,RandomForest,42,61,61,"{'n_estimators': 300, 'max_depth': 20, 'min_samples_split': 2, 'min_samples_leaf': 1, 'max_features': 'sqrt', 'bootstrap': True}",scenario_results_rf_only_2026-01-25_200552_early_stop/randomforest_S5.2_T_3to1_S2toS1_2026-01-25_200552_seed42_early_stop.pkl,1.0,1.0,1.0,1.0,1.0,1.0,1.0,1.0,1.0,1.0,1.0,1.0,1.0,0.8524590163934426,0.8142076502732241,0.8142076502732241,0.7950819672131147,0.7950819672131147,0.8524590163934426,0.8524590163934426,0.8524590163934426,0.9344262295081968,0.9672131147540983,0.9836065573770492,0.9836065573770492,0.8360655737704918
5.2,S5.2_F_2to1_S2toS1,RandomForest,123,61,61,"{'n_estimators': 300, 'max_depth': 20, 'min_samples_split': 2, 'min_samples_leaf': 1, 'max_features': 'sqrt', 'bootstrap': True}",scenario_results_rf_only_2026-01-25_200552_early_stop/randomforest_S5.2_F_2to1_S2toS1_2026-01-25_200552_seed123_early_stop.pkl,1.0,1.0,1.0,1.0,1.0,1.0,1.0,1.0,1.0,1.0,1.0,1.0,1.0,0.819672131147541,0.7814207650273225,0.7814207650273225,0.7650273224043717,0.7650273224043717,0.819672131147541,0.819672131147541,0.7868852459016393,0.8852459016393442,0.9344262295081968,0.9508196721311475,0.9836065573770492,0.7868852459016393
5.2,S5.2_F_3to2_S2toS1,RandomForest,123,61,61,"{'n_estimators': 300, 'max_depth': 20, 'min_samples_split': 2, 'min_samples_leaf': 1, 'max_features': 'sqrt', 'bootstrap': True}",scenario_results_rf_only_2026-01-25_200552_early_stop/randomforest_S5.2_F_3to2_S2toS1_2026-01-25_200552_seed123_early_stop.pkl,1.0,1.0,1.0,1.0,1.0,1.0,1.0,1.0,1.0,1.0,1.0,1.0,1.0,0.8360655737704918,0.7934426229508197,0.7934426229508197,0.7773224043715846,0.7773224043715846,0.8360655737704918,0.8360655737704918,0.819672131147541,0.8852459016393442,0.9344262295081968,0.9508196721311475,0.9672131147540983,0.819672131147541
5.2,S5.2_F_1to3_S2toS1,RandomForest,123,61,61,"{'n_estimators': 300, 'max_depth': 20, 'min_samples_split': 2, 'min_samples_leaf': 1, 'max_features': 'sqrt', 'bootstrap': True}",scenario_results_rf_only_2026-01-25_200552_early_stop/randomforest_S5.2_F_1to3_S2toS1_2026-01-25_200552_seed123_early_stop.pkl,1.0,1.0,1.0,1.0,1.0,1.0,1.0,1.0,1.0,1.0,1.0,1.0,1.0,0.7704918032786885,0.7240437158469945,0.7240437158469945,0.7021857923497267,0.7021857923497267,0.7704918032786885,0.7704918032786885,0.7704918032786885,0.8688524590163934,0.9344262295081968,0.9672131147540983,0.9672131147540983,0.7704918032786885
5.2,S5.2_F_1to2_S2toS1,RandomForest,123,61,61,"{'n_estimators': 300, 'max_depth': 20, 'min_samples_split': 2, 'min_samples_leaf': 1, 'max_features': 'sqrt', 'bootstrap': True}",scenario_results_rf_only_2026-01-25_200552_early_stop/randomforest_S5.2_F_1to2_S2toS1_2026-01-25_200552_seed123_early_stop.pkl,1.0,1.0,1.0,1.0,1.0,1.0,1.0,1.0,1.0,1.0,1.0,1.0,1.0,0.819672131147541,0.7770491803278688,0.7770491803278688,0.7581967213114754,0.7581967213114754,0.819672131147541,0.819672131147541,0.7868852459016393,0.9180327868852459,0.9672131147540983,0.9672131147540983,0.9672131147540983,0.7868852459016393
5.2,S5.2_F_2to3_S2toS1,RandomForest,123,61,61,"{'n_estimators': 300, 'max_depth': 20, 'min_samples_split': 2, 'min_samples_leaf': 1, 'max_features': 'sqrt', 'bootstrap': True}",scenario_results_rf_only_2026-01-25_200552_early_stop/randomforest_S5.2_F_2to3_S2toS1_2026-01-25_200552_seed123_early_stop.pkl,1.0,1.0,1.0,1.0,1.0,1.0,1.0,1.0,1.0,1.0,1.0,1.0,1.0,0.7540983606557377,0.7049180327868853,0.7049180327868853,0.6830601092896175,0.6830601092896175,0.7540983606557377,0.7540983606557377,0.7377049180327869,0.8688524590163934,0.9344262295081968,0.9344262295081968,0.9508196721311475,0.7377049180327869
5.2,S5.2_F_3to1_S2toS1,RandomForest,123,61,61,"{'n_estimators': 300, 'max_depth': 20, 'min_samples_split': 2, 'min_samples_leaf': 1, 'max_features': 'sqrt', 'bootstrap': True}",scenario_results_rf_only_2026-01-25_200552_early_stop/randomforest_S5.2_F_3to1_S2toS1_2026-01-25_200552_seed123_early_stop.pkl,1.0,1.0,1.0,1.0,1.0,1.0,1.0,1.0,1.0,1.0,1.0,1.0,1.0,0.7377049180327869,0.6857923497267759,0.6857923497267759,0.6639344262295082,0.6639344262295082,0.7377049180327869,0.7377049180327869,0.7213114754098361,0.8360655737704918,0.8688524590163934,0.8688524590163934,0.9016393442622951,0.7213114754098361
5.2,S5.2_I_2to1_S2toS1,RandomForest,123,61,61,"{'n_estimators': 300, 'max_depth': 20, 'min_samples_split': 2, 'min_samples_leaf': 1, 'max_features': 'sqrt', 'bootstrap': True}",scenario_results_rf_only_2026-01-25_200552_early_stop/randomforest_S5.2_I_2to1_S2toS1_2026-01-25_200552_seed123_early_stop.pkl,1.0,1.0,1.0,1.0,1.0,1.0,1.0,1.0,1.0,1.0,1.0,1.0,1.0,0.819672131147541,0.7759562841530054,0.7759562841530054,0.7540983606557377,0.7540983606557377,0.819672131147541,0.819672131147541,0.819672131147541,0.9344262295081968,0.9672131147540983,1.0,1.0,0.819672131147541
5.2,S5.2_I_3to2_S2toS1,RandomForest,123,61,61,"{'n_estimators': 300, 'max_depth': 20, 'min_samples_split': 2, 'min_samples_leaf': 1, 'max_features': 'sqrt', 'bootstrap': True}",scenario_results_rf_only_2026-01-25_200552_early_stop/randomforest_S5.2_I_3to2_S2toS1_2026-01-25_200552_seed123_early_stop.pkl,1.0,1.0,1.0,1.0,1.0,1.0,1.0,1.0,1.0,1.0,1.0,1.0,1.0,0.8852459016393442,0.8524590163934425,0.8524590163934425,0.8360655737704918,0.8360655737704918,0.8852459016393442,0.8852459016393442,0.8524590163934426,0.9180327868852459,0.9508196721311475,0.9836065573770492,0.9836065573770492,0.8524590163934426
5.2,S5.2_I_1to3_S2toS1,RandomForest,123,61,61,"{'n_estimators': 300, 'max_depth': 20, 'min_samples_split': 2, 'min_samples_leaf': 1, 'max_features': 'sqrt', 'bootstrap': True}",scenario_results_rf_only_2026-01-25_200552_early_stop/randomforest_S5.2_I_1to3_S2toS1_2026-01-25_200552_seed123_early_stop.pkl,1.0,1.0,1.0,1.0,1.0,1.0,1.0,1.0,1.0,1.0,1.0,1.0,1.0,0.8688524590163934,0.8333333333333333,0.8333333333333333,0.8169398907103824,0.8169398907103824,0.8688524590163934,0.8688524590163934,0.8524590163934426,0.9180327868852459,0.9672131147540983,0.9672131147540983,0.9672131147540983,0.8524590163934426
5.2,S5.2_I_1to2_S2toS1,RandomForest,123,61,61,"{'n_estimators': 300, 'max_depth': 20, 'min_samples_split': 2, 'min_samples_leaf': 1, 'max_features': 'sqrt', 'bootstrap': True}",scenario_results_rf_only_2026-01-25_200552_early_stop/randomforest_S5.2_I_1to2_S2toS1_2026-01-25_200552_seed123_early_stop.pkl,1.0,1.0,1.0,1.0,1.0,1.0,1.0,1.0,1.0,1.0,1.0,1.0,1.0,0.8360655737704918,0.8016393442622951,0.8016393442622951,0.7882513661202186,0.7882513661202186,0.8360655737704918,0.8360655737704918,0.8688524590163934,0.9180327868852459,0.9344262295081968,0.9508196721311475,0.9508196721311475,0.8360655737704918
5.2,S5.2_I_2to3_S2toS1,RandomForest,123,61,61,"{'n_estimators': 300, 'max_depth': 20, 'min_samples_split': 2, 'min_samples_leaf': 1, 'max_features': 'sqrt', 'bootstrap': True}",scenario_results_rf_only_2026-01-25_200552_early_stop/randomforest_S5.2_I_2to3_S2toS1_2026-01-25_200552_seed123_early_stop.pkl,1.0,1.0,1.0,1.0,1.0,1.0,1.0,1.0,1.0,1.0,1.0,1.0,1.0,0.8688524590163934,0.8306010928961748,0.8306010928961748,0.8114754098360656,0.8114754098360656,0.8688524590163934,0.8688524590163934,0.8524590163934426,0.9344262295081968,0.9508196721311475,0.9508196721311475,0.9508196721311475,0.8524590163934426
5.2,S5.2_I_3to1_S2toS1,RandomForest,123,61,61,"{'n_estimators': 300, 'max_depth': 20, 'min_samples_split': 2, 'min_samples_leaf': 1, 'max_features': 'sqrt', 'bootstrap': True}",scenario_results_rf_only_2026-01-25_200552_early_stop/randomforest_S5.2_I_3to1_S2toS1_2026-01-25_200552_seed123_early_stop.pkl,1.0,1.0,1.0,1.0,1.0,1.0,1.0,1.0,1.0,1.0,1.0,1.0,1.0,0.7868852459016393,0.7513661202185793,0.7513661202185793,0.7349726775956283,0.7349726775956283,0.7868852459016393,0.7868852459016393,0.7868852459016393,0.8688524590163934,0.9508196721311475,0.9508196721311475,0.9672131147540983,0.7704918032786885
5.2,S5.2_T_2to1_S2toS1,RandomForest,123,61,61,"{'n_estimators': 300, 'max_depth': 20, 'min_samples_split': 2, 'min_samples_leaf': 1, 'max_features': 'sqrt', 'bootstrap': True}",scenario_results_rf_only_2026-01-25_200552_early_stop/randomforest_S5.2_T_2to1_S2toS1_2026-01-25_200552_seed123_early_stop.pkl,1.0,1.0,1.0,1.0,1.0,1.0,1.0,1.0,1.0,1.0,1.0,1.0,1.0,0.8852459016393442,0.8497267759562841,0.8497267759562841,0.8333333333333333,0.8333333333333333,0.8852459016393442,0.8852459016393442,0.8524590163934426,0.9344262295081968,0.9508196721311475,0.9836065573770492,0.9836065573770492,0.8360655737704918
5.2,S5.2_T_3to2_S2toS1,RandomForest,123,61,61,"{'n_estimators': 300, 'max_depth': 20, 'min_samples_split': 2, 'min_samples_leaf': 1, 'max_features': 'sqrt', 'bootstrap': True}",scenario_results_rf_only_2026-01-25_200552_early_stop/randomforest_S5.2_T_3to2_S2toS1_2026-01-25_200552_seed123_early_stop.pkl,1.0,1.0,1.0,1.0,1.0,1.0,1.0,1.0,1.0,1.0,1.0,1.0,1.0,0.7868852459016393,0.7459016393442623,0.7459016393442623,0.726775956284153,0.726775956284153,0.7868852459016393,0.7868852459016393,0.8032786885245902,0.9016393442622951,0.9672131147540983,0.9836065573770492,0.9836065573770492,0.7540983606557377
5.2,S5.2_T_1to3_S2toS1,RandomForest,123,61,61,"{'n_estimators': 300, 'max_depth': 20, 'min_samples_split': 2, 'min_samples_leaf': 1, 'max_features': 'sqrt', 'bootstrap': True}",scenario_results_rf_only_2026-01-25_200552_early_stop/randomforest_S5.2_T_1to3_S2toS1_2026-01-25_200552_seed123_early_stop.pkl,1.0,1.0,1.0,1.0,1.0,1.0,1.0,1.0,1.0,1.0,1.0,1.0,1.0,0.819672131147541,0.7759562841530054,0.7759562841530054,0.7568306010928961,0.7568306010928961,0.819672131147541,0.819672131147541,0.8032786885245902,0.8688524590163934,0.9508196721311475,0.9836065573770492,0.9836065573770492,0.8032786885245902
5.2,S5.2_T_1to2_S2toS1,RandomForest,123,61,61,"{'n_estimators': 300, 'max_depth': 20, 'min_samples_split': 2, 'min_samples_leaf': 1, 'max_features': 'sqrt', 'bootstrap': True}",scenario_results_rf_only_2026-01-25_200552_early_stop/randomforest_S5.2_T_1to2_S2toS1_2026-01-25_200552_seed123_early_stop.pkl,1.0,1.0,1.0,1.0,1.0,1.0,1.0,1.0,1.0,1.0,1.0,1.0,1.0,0.7868852459016393,0.7322404371584699,0.7322404371584699,0.710928961748634,0.710928961748634,0.7868852459016393,0.7868852459016393,0.8032786885245902,0.9016393442622951,0.9672131147540983,0.9836065573770492,0.9836065573770492,0.7868852459016393
5.2,S5.2_T_2to3_S2toS1,RandomForest,123,61,61,"{'n_estimators': 300, 'max_depth': 20, 'min_samples_split': 2, 'min_samples_leaf': 1, 'max_features': 'sqrt', 'bootstrap': True}",scenario_results_rf_only_2026-01-25_200552_early_stop/randomforest_S5.2_T_2to3_S2toS1_2026-01-25_200552_seed123_early_stop.pkl,1.0,1.0,1.0,1.0,1.0,1.0,1.0,1.0,1.0,1.0,1.0,1.0,1.0,0.7868852459016393,0.7404371584699453,0.7404371584699453,0.7185792349726775,0.7185792349726775,0.7868852459016393,0.7868852459016393,0.8524590163934426,0.9180327868852459,0.9508196721311475,0.9672131147540983,0.9672131147540983,0.7868852459016393
5.2,S5.2_T_3to1_S2toS1,RandomForest,123,61,61,"{'n_estimators': 300, 'max_depth': 20, 'min_samples_split': 2, 'min_samples_leaf': 1, 'max_features': 'sqrt', 'bootstrap': True}",scenario_results_rf_only_2026-01-25_200552_early_stop/randomforest_S5.2_T_3to1_S2toS1_2026-01-25_200552_seed123_early_stop.pkl,1.0,1.0,1.0,1.0,1.0,1.0,1.0,1.0,1.0,1.0,1.0,1.0,1.0,0.8360655737704918,0.7841530054644807,0.7841530054644807,0.7595628415300546,0.7595628415300546,0.8360655737704918,0.8360655737704918,0.8688524590163934,0.9180327868852459,0.9672131147540983,0.9836065573770492,0.9836065573770492,0.8360655737704918
5.2,S5.2_F_2to1_S2toS1,RandomForest,456,61,61,"{'n_estimators': 300, 'max_depth': 20, 'min_samples_split': 2, 'min_samples_leaf': 1, 'max_features': 'sqrt', 'bootstrap': True}",scenario_results_rf_only_2026-01-25_200552_early_stop/randomforest_S5.2_F_2to1_S2toS1_2026-01-25_200552_seed456_early_stop.pkl,1.0,1.0,1.0,1.0,1.0,1.0,1.0,1.0,1.0,1.0,1.0,1.0,1.0,0.7377049180327869,0.6814207650273223,0.6814207650273223,0.6603825136612022,0.6603825136612022,0.7377049180327869,0.7377049180327869,0.7540983606557377,0.8852459016393442,0.9344262295081968,0.9508196721311475,0.9672131147540983,0.7377049180327869
5.2,S5.2_F_3to2_S2toS1,RandomForest,456,61,61,"{'n_estimators': 300, 'max_depth': 20, 'min_samples_split': 2, 'min_samples_leaf': 1, 'max_features': 'sqrt', 'bootstrap': True}",scenario_results_rf_only_2026-01-25_200552_early_stop/randomforest_S5.2_F_3to2_S2toS1_2026-01-25_200552_seed456_early_stop.pkl,1.0,1.0,1.0,1.0,1.0,1.0,1.0,1.0,1.0,1.0,1.0,1.0,1.0,0.7868852459016393,0.7387978142076502,0.7387978142076502,0.7199453551912569,0.7199453551912569,0.7868852459016393,0.7868852459016393,0.819672131147541,0.9016393442622951,0.9508196721311475,0.9836065573770492,0.9836065573770492,0.7704918032786885
5.2,S5.2_F_1to3_S2toS1,RandomForest,456,61,61,"{'n_estimators': 300, 'max_depth': 20, 'min_samples_split': 2, 'min_samples_leaf': 1, 'max_features': 'sqrt', 'bootstrap': True}",scenario_results_rf_only_2026-01-25_200552_early_stop/randomforest_S5.2_F_1to3_S2toS1_2026-01-25_200552_seed456_early_stop.pkl,1.0,1.0,1.0,1.0,1.0,1.0,1.0,1.0,1.0,1.0,1.0,1.0,1.0,0.8032786885245902,0.7540983606557375,0.7540983606557375,0.7322404371584699,0.7322404371584699,0.8032786885245902,0.8032786885245902,0.819672131147541,0.8360655737704918,0.9180327868852459,0.9180327868852459,0.9508196721311475,0.8032786885245902
5.2,S5.2_F_1to2_S2toS1,RandomForest,456,61,61,"{'n_estimators': 300, 'max_depth': 20, 'min_samples_split': 2, 'min_samples_leaf': 1, 'max_features': 'sqrt', 'bootstrap': True}",scenario_results_rf_only_2026-01-25_200552_early_stop/randomforest_S5.2_F_1to2_S2toS1_2026-01-25_200552_seed456_early_stop.pkl,1.0,1.0,1.0,1.0,1.0,1.0,1.0,1.0,1.0,1.0,1.0,1.0,1.0,0.8524590163934426,0.808743169398907,0.808743169398907,0.7896174863387978,0.7896174863387978,0.8524590163934426,0.8524590163934426,0.8688524590163934,0.9016393442622951,0.9508196721311475,0.9508196721311475,0.9672131147540983,0.8524590163934426
5.2,S5.2_F_2to3_S2toS1,RandomForest,456,61,61,"{'n_estimators': 300, 'max_depth': 20, 'min_samples_split': 2, 'min_samples_leaf': 1, 'max_features': 'sqrt', 'bootstrap': True}",scenario_results_rf_only_2026-01-25_200552_early_stop/randomforest_S5.2_F_2to3_S2toS1_2026-01-25_200552_seed456_early_stop.pkl,1.0,1.0,1.0,1.0,1.0,1.0,1.0,1.0,1.0,1.0,1.0,1.0,1.0,0.7540983606557377,0.7041373926619827,0.7041373926619827,0.6830601092896175,0.6830601092896175,0.7540983606557377,0.7540983606557377,0.7540983606557377,0.9180327868852459,0.9672131147540983,0.9672131147540983,0.9672131147540983,0.7213114754098361
5.2,S5.2_F_3to1_S2toS1,RandomForest,456,61,61,"{'n_estimators': 300, 'max_depth': 20, 'min_samples_split': 2, 'min_samples_leaf': 1, 'max_features': 'sqrt', 'bootstrap': True}",scenario_results_rf_only_2026-01-25_200552_early_stop/randomforest_S5.2_F_3to1_S2toS1_2026-01-25_200552_seed456_early_stop.pkl,1.0,1.0,1.0,1.0,1.0,1.0,1.0,1.0,1.0,1.0,1.0,1.0,1.0,0.7213114754098361,0.6666666666666666,0.6666666666666666,0.6420765027322404,0.6420765027322404,0.7213114754098361,0.7213114754098361,0.7213114754098361,0.8360655737704918,0.9016393442622951,0.9180327868852459,0.9180327868852459,0.7213114754098361
5.2,S5.2_I_2to1_S2toS1,RandomForest,456,61,61,"{'n_estimators': 300, 'max_depth': 20, 'min_samples_split': 2, 'min_samples_leaf': 1, 'max_features': 'sqrt', 'bootstrap': True}",scenario_results_rf_only_2026-01-25_200552_early_stop/randomforest_S5.2_I_2to1_S2toS1_2026-01-25_200552_seed456_early_stop.pkl,1.0,1.0,1.0,1.0,1.0,1.0,1.0,1.0,1.0,1.0,1.0,1.0,1.0,0.7868852459016393,0.7486338797814207,0.7486338797814207,0.7295081967213115,0.7295081967213115,0.7868852459016393,0.7868852459016393,0.7868852459016393,0.8852459016393442,0.9180327868852459,0.9344262295081968,0.9344262295081968,0.7704918032786885
5.2,S5.2_I_3to2_S2toS1,RandomForest,456,61,61,"{'n_estimators': 300, 'max_depth': 20, 'min_samples_split': 2, 'min_samples_leaf': 1, 'max_features': 'sqrt', 'bootstrap': True}",scenario_results_rf_only_2026-01-25_200552_early_stop/randomforest_S5.2_I_3to2_S2toS1_2026-01-25_200552_seed456_early_stop.pkl,1.0,1.0,1.0,1.0,1.0,1.0,1.0,1.0,1.0,1.0,1.0,1.0,1.0,0.8688524590163934,0.8306010928961749,0.8306010928961749,0.8114754098360656,0.8114754098360656,0.8688524590163934,0.8688524590163934,0.8524590163934426,0.9508196721311475,0.9672131147540983,0.9836065573770492,0.9836065573770492,0.8524590163934426
5.2,S5.2_I_1to3_S2toS1,RandomForest,456,61,61,"{'n_estimators': 300, 'max_depth': 20, 'min_samples_split': 2, 'min_samples_leaf': 1, 'max_features': 'sqrt', 'bootstrap': True}",scenario_results_rf_only_2026-01-25_200552_early_stop/randomforest_S5.2_I_1to3_S2toS1_2026-01-25_200552_seed456_early_stop.pkl,1.0,1.0,1.0,1.0,1.0,1.0,1.0,1.0,1.0,1.0,1.0,1.0,1.0,0.8688524590163934,0.8333333333333333,0.8333333333333333,0.8169398907103824,0.8169398907103824,0.8688524590163934,0.8688524590163934,0.8688524590163934,0.9508196721311475,0.9672131147540983,0.9672131147540983,0.9672131147540983,0.8524590163934426
5.2,S5.2_I_1to2_S2toS1,RandomForest,456,61,61,"{'n_estimators': 300, 'max_depth': 20, 'min_samples_split': 2, 'min_samples_leaf': 1, 'max_features': 'sqrt', 'bootstrap': True}",scenario_results_rf_only_2026-01-25_200552_early_stop/randomforest_S5.2_I_1to2_S2toS1_2026-01-25_200552_seed456_early_stop.pkl,1.0,1.0,1.0,1.0,1.0,1.0,1.0,1.0,1.0,1.0,1.0,1.0,1.0,0.7868852459016393,0.7387978142076501,0.7387978142076501,0.7172131147540983,0.7172131147540983,0.7868852459016393,0.7868852459016393,0.7868852459016393,0.9180327868852459,0.9672131147540983,0.9672131147540983,0.9672131147540983,0.7704918032786885
5.2,S5.2_I_2to3_S2toS1,RandomForest,456,61,61,"{'n_estimators': 300, 'max_depth': 20, 'min_samples_split': 2, 'min_samples_leaf': 1, 'max_features': 'sqrt', 'bootstrap': True}",scenario_results_rf_only_2026-01-25_200552_early_stop/randomforest_S5.2_I_2to3_S2toS1_2026-01-25_200552_seed456_early_stop.pkl,1.0,1.0,1.0,1.0,1.0,1.0,1.0,1.0,1.0,1.0,1.0,1.0,1.0,0.8688524590163934,0.8278688524590164,0.8278688524590164,0.808743169398907,0.808743169398907,0.8688524590163934,0.8688524590163934,0.9016393442622951,0.9836065573770492,0.9836065573770492,0.9836065573770492,0.9836065573770492,0.8688524590163934
5.2,S5.2_I_3to1_S2toS1,RandomForest,456,61,61,"{'n_estimators': 300, 'max_depth': 20, 'min_samples_split': 2, 'min_samples_leaf': 1, 'max_features': 'sqrt', 'bootstrap': True}",scenario_results_rf_only_2026-01-25_200552_early_stop/randomforest_S5.2_I_3to1_S2toS1_2026-01-25_200552_seed456_early_stop.pkl,1.0,1.0,1.0,1.0,1.0,1.0,1.0,1.0,1.0,1.0,1.0,1.0,1.0,0.8032786885245902,0.762295081967213,0.762295081967213,0.7431693989071039,0.7431693989071039,0.8032786885245902,0.8032786885245902,0.8032786885245902,0.9180327868852459,0.9508196721311475,0.9672131147540983,0.9672131147540983,0.7704918032786885
5.2,S5.2_T_2to1_S2toS1,RandomForest,456,61,61,"{'n_estimators': 300, 'max_depth': 20, 'min_samples_split': 2, 'min_samples_leaf': 1, 'max_features': 'sqrt', 'bootstrap': True}",scenario_results_rf_only_2026-01-25_200552_early_stop/randomforest_S5.2_T_2to1_S2toS1_2026-01-25_200552_seed456_early_stop.pkl,1.0,1.0,1.0,1.0,1.0,1.0,1.0,1.0,1.0,1.0,1.0,1.0,1.0,0.7704918032786885,0.7240437158469945,0.7240437158469945,0.7049180327868853,0.7049180327868853,0.7704918032786885,0.7704918032786885,0.8032786885245902,0.8688524590163934,0.8852459016393442,0.9016393442622951,0.9344262295081968,0.7704918032786885
5.2,S5.2_T_3to2_S2toS1,RandomForest,456,61,61,"{'n_estimators': 300, 'max_depth': 20, 'min_samples_split': 2, 'min_samples_leaf': 1, 'max_features': 'sqrt', 'bootstrap': True}",scenario_results_rf_only_2026-01-25_200552_early_stop/randomforest_S5.2_T_3to2_S2toS1_2026-01-25_200552_seed456_early_stop.pkl,1.0,1.0,1.0,1.0,1.0,1.0,1.0,1.0,1.0,1.0,1.0,1.0,1.0,0.819672131147541,0.7896174863387978,0.7896174863387978,0.7786885245901639,0.7786885245901639,0.819672131147541,0.819672131147541,0.819672131147541,0.9016393442622951,0.9344262295081968,0.9672131147540983,0.9836065573770492,0.819672131147541
5.2,S5.2_T_1to3_S2toS1,RandomForest,456,61,61,"{'n_estimators': 300, 'max_depth': 20, 'min_samples_split': 2, 'min_samples_leaf': 1, 'max_features': 'sqrt', 'bootstrap': True}",scenario_results_rf_only_2026-01-25_200552_early_stop/randomforest_S5.2_T_1to3_S2toS1_2026-01-25_200552_seed456_early_stop.pkl,1.0,1.0,1.0,1.0,1.0,1.0,1.0,1.0,1.0,1.0,1.0,1.0,1.0,0.8032786885245902,0.7781420765027323,0.7781420765027323,0.7704918032786885,0.7704918032786885,0.8032786885245902,0.8032786885245902,0.7868852459016393,0.9180327868852459,0.9508196721311475,0.9672131147540983,0.9672131147540983,0.7868852459016393
5.2,S5.2_T_1to2_S2toS1,RandomForest,456,61,61,"{'n_estimators': 300, 'max_depth': 20, 'min_samples_split': 2, 'min_samples_leaf': 1, 'max_features': 'sqrt', 'bootstrap': True}",scenario_results_rf_only_2026-01-25_200552_early_stop/randomforest_S5.2_T_1to2_S2toS1_2026-01-25_200552_seed456_early_stop.pkl,1.0,1.0,1.0,1.0,1.0,1.0,1.0,1.0,1.0,1.0,1.0,1.0,1.0,0.8032786885245902,0.7704918032786885,0.7704918032786885,0.7540983606557377,0.7540983606557377,0.8032786885245902,0.8032786885245902,0.819672131147541,0.8852459016393442,0.9180327868852459,0.9180327868852459,0.9180327868852459,0.7868852459016393
5.2,S5.2_T_2to3_S2toS1,RandomForest,456,61,61,"{'n_estimators': 300, 'max_depth': 20, 'min_samples_split': 2, 'min_samples_leaf': 1, 'max_features': 'sqrt', 'bootstrap': True}",scenario_results_rf_only_2026-01-25_200552_early_stop/randomforest_S5.2_T_2to3_S2toS1_2026-01-25_200552_seed456_early_stop.pkl,1.0,1.0,1.0,1.0,1.0,1.0,1.0,1.0,1.0,1.0,1.0,1.0,1.0,0.7540983606557377,0.7131147540983607,0.7131147540983607,0.6939890710382514,0.6939890710382514,0.7540983606557377,0.7540983606557377,0.7704918032786885,0.9016393442622951,0.9016393442622951,0.9508196721311475,0.9672131147540983,0.7540983606557377
5.2,S5.2_T_3to1_S2toS1,RandomForest,456,61,61,"{'n_estimators': 300, 'max_depth': 20, 'min_samples_split': 2, 'min_samples_leaf': 1, 'max_features': 'sqrt', 'bootstrap': True}",scenario_results_rf_only_2026-01-25_200552_early_stop/randomforest_S5.2_T_3to1_S2toS1_2026-01-25_200552_seed456_early_stop.pkl,1.0,1.0,1.0,1.0,1.0,1.0,1.0,1.0,1.0,1.0,1.0,1.0,1.0,0.819672131147541,0.7650273224043715,0.7650273224043715,0.7404371584699453,0.7404371584699453,0.819672131147541,0.819672131147541,0.819672131147541,0.9180327868852459,0.9672131147540983,0.9672131147540983,0.9672131147540983,0.7868852459016393
